[2024-06-19 20:04:43,979][root][INFO] - Initialized DataManager for experiment exp_20240619_200443
[2024-06-19 20:04:43,984][root][INFO] - Added data to info for client None: {'experiment_id': 'exp_20240619_200443', 'algorithm': 'fda', 'num_clients': 3, 'dataset': 'mnist', 'ann': 'lenet', 'threshold': 5, 'thres_discount_factor': 1.0, 'steps_threshold': 500, 'train_batch_size': 32, 'eval_batch_size': 64, 'network_template': 1, 'client_mobility': False, 'non_iid': False}
[2024-06-19 20:04:43,984][root][INFO] - Added info data: {'experiment_id': 'exp_20240619_200443', 'algorithm': 'fda', 'num_clients': 3, 'dataset': 'mnist', 'ann': 'lenet', 'threshold': 5, 'thres_discount_factor': 1.0, 'steps_threshold': 500, 'train_batch_size': 32, 'eval_batch_size': 64, 'network_template': 1, 'client_mobility': False, 'non_iid': False}
[2024-06-19 20:04:43,986][root][INFO] - Info data saved to /home/psklavos/fl/geom_aio/csv_logs/exp_20240619_200443/info.csv
[2024-06-19 20:04:43,987][flwr][INFO] - Starting Flower server, config: ServerConfig(num_rounds=5, round_timeout=None)
[2024-06-19 20:04:43,989][flwr][INFO] - Flower ECE: gRPC server running (5 rounds), SSL is disabled
[2024-06-19 20:04:43,991][flwr][INFO] - Initializing global parameters
[2024-06-19 20:04:43,991][flwr][INFO] - Requesting initial parameters from one random client
[2024-06-19 20:04:51,641][flwr][INFO] - Received initial parameters from one random client
[2024-06-19 20:04:51,641][flwr][INFO] - Evaluating initial parameters
[2024-06-19 20:04:51,824][utils.model][INFO] - LeNet model built
[2024-06-19 20:04:52,145][utils.model][INFO] - Size of serialized model: 279.0341796875 kbytes
[2024-06-19 20:04:52,216][utils.model][INFO] - Step 1/40 - val_loss: 2.3555 - val_accuracy: 0.0234
[2024-06-19 20:04:52,237][utils.model][INFO] - Step 2/40 - val_loss: 2.3465 - val_accuracy: 0.0254
[2024-06-19 20:04:52,259][utils.model][INFO] - Step 3/40 - val_loss: 2.3485 - val_accuracy: 0.0260
[2024-06-19 20:04:52,280][utils.model][INFO] - Step 4/40 - val_loss: 2.3482 - val_accuracy: 0.0303
[2024-06-19 20:04:52,304][utils.model][INFO] - Step 5/40 - val_loss: 2.3528 - val_accuracy: 0.0281
[2024-06-19 20:04:52,327][utils.model][INFO] - Step 6/40 - val_loss: 2.3493 - val_accuracy: 0.0273
[2024-06-19 20:04:52,351][utils.model][INFO] - Step 7/40 - val_loss: 2.3498 - val_accuracy: 0.0268
[2024-06-19 20:04:52,372][utils.model][INFO] - Step 8/40 - val_loss: 2.3475 - val_accuracy: 0.0273
[2024-06-19 20:04:52,397][utils.model][INFO] - Step 9/40 - val_loss: 2.3481 - val_accuracy: 0.0295
[2024-06-19 20:04:52,418][utils.model][INFO] - Step 10/40 - val_loss: 2.3480 - val_accuracy: 0.0289
[2024-06-19 20:04:52,442][utils.model][INFO] - Step 11/40 - val_loss: 2.3450 - val_accuracy: 0.0288
[2024-06-19 20:04:52,465][utils.model][INFO] - Step 12/40 - val_loss: 2.3453 - val_accuracy: 0.0286
[2024-06-19 20:04:52,485][utils.model][INFO] - Step 13/40 - val_loss: 2.3456 - val_accuracy: 0.0300
[2024-06-19 20:04:52,505][utils.model][INFO] - Step 14/40 - val_loss: 2.3470 - val_accuracy: 0.0293
[2024-06-19 20:04:52,531][utils.model][INFO] - Step 15/40 - val_loss: 2.3468 - val_accuracy: 0.0305
[2024-06-19 20:04:52,558][utils.model][INFO] - Step 16/40 - val_loss: 2.3453 - val_accuracy: 0.0312
[2024-06-19 20:04:52,581][utils.model][INFO] - Step 17/40 - val_loss: 2.3436 - val_accuracy: 0.0308
[2024-06-19 20:04:52,605][utils.model][INFO] - Step 18/40 - val_loss: 2.3436 - val_accuracy: 0.0312
[2024-06-19 20:04:52,625][utils.model][INFO] - Step 19/40 - val_loss: 2.3437 - val_accuracy: 0.0317
[2024-06-19 20:04:52,647][utils.model][INFO] - Step 20/40 - val_loss: 2.3436 - val_accuracy: 0.0311
[2024-06-19 20:04:52,669][utils.model][INFO] - Step 21/40 - val_loss: 2.3431 - val_accuracy: 0.0309
[2024-06-19 20:04:52,687][utils.model][INFO] - Step 22/40 - val_loss: 2.3431 - val_accuracy: 0.0298
[2024-06-19 20:04:52,706][utils.model][INFO] - Step 23/40 - val_loss: 2.3424 - val_accuracy: 0.0287
[2024-06-19 20:04:52,724][utils.model][INFO] - Step 24/40 - val_loss: 2.3418 - val_accuracy: 0.0291
[2024-06-19 20:04:52,741][utils.model][INFO] - Step 25/40 - val_loss: 2.3423 - val_accuracy: 0.0286
[2024-06-19 20:04:52,760][utils.model][INFO] - Step 26/40 - val_loss: 2.3418 - val_accuracy: 0.0285
[2024-06-19 20:04:52,779][utils.model][INFO] - Step 27/40 - val_loss: 2.3417 - val_accuracy: 0.0292
[2024-06-19 20:04:52,799][utils.model][INFO] - Step 28/40 - val_loss: 2.3423 - val_accuracy: 0.0285
[2024-06-19 20:04:52,821][utils.model][INFO] - Step 29/40 - val_loss: 2.3429 - val_accuracy: 0.0280
[2024-06-19 20:04:52,840][utils.model][INFO] - Step 30/40 - val_loss: 2.3424 - val_accuracy: 0.0283
[2024-06-19 20:04:52,860][utils.model][INFO] - Step 31/40 - val_loss: 2.3421 - val_accuracy: 0.0294
[2024-06-19 20:04:52,881][utils.model][INFO] - Step 32/40 - val_loss: 2.3425 - val_accuracy: 0.0288
[2024-06-19 20:04:52,900][utils.model][INFO] - Step 33/40 - val_loss: 2.3426 - val_accuracy: 0.0298
[2024-06-19 20:04:52,920][utils.model][INFO] - Step 34/40 - val_loss: 2.3425 - val_accuracy: 0.0295
[2024-06-19 20:04:52,940][utils.model][INFO] - Step 35/40 - val_loss: 2.3426 - val_accuracy: 0.0290
[2024-06-19 20:04:52,960][utils.model][INFO] - Step 36/40 - val_loss: 2.3426 - val_accuracy: 0.0303
[2024-06-19 20:04:52,980][utils.model][INFO] - Step 37/40 - val_loss: 2.3422 - val_accuracy: 0.0307
[2024-06-19 20:04:53,000][utils.model][INFO] - Step 38/40 - val_loss: 2.3419 - val_accuracy: 0.0307
[2024-06-19 20:04:53,018][utils.model][INFO] - Step 39/40 - val_loss: 2.3419 - val_accuracy: 0.0311
[2024-06-19 20:04:53,027][utils.model][INFO] - Step 40/40 - val_loss: 2.3433 - val_accuracy: 0.0311
[2024-06-19 20:04:53,029][utils.model][INFO] - Evaluation Results - Val Loss: 2.3433, Val Accuracy: 0.0311 in 40 steps
[2024-06-19 20:04:53,033][root][INFO] - Added data to server for client None: {'round': 0, 'experiment_id': 'exp_20240619_200443', 'centralized_loss': 0.0, 'centralized_acc': 0.0, 'distributed_loss': 0.0, 'distributed_acc': 0.0, 'dropouts': 0, 'average_norm': 0.0, 'round_time': 0.0, 'average_downlink_time': 0.0, 'average_rtc_check_time': 0.0, 'average_uplink_time': 0.0, 'average_computation_time': 0.0, 'average_communication_time': 0.0, 'average_fit_time': 0.0, 'average_throughput': 0.0}
[2024-06-19 20:04:53,033][root][INFO] - Added server data: {'round': 0, 'experiment_id': 'exp_20240619_200443', 'centralized_loss': 0.0, 'centralized_acc': 0.0, 'distributed_loss': 0.0, 'distributed_acc': 0.0, 'dropouts': 0, 'average_norm': 0.0, 'round_time': 0.0, 'average_downlink_time': 0.0, 'average_rtc_check_time': 0.0, 'average_uplink_time': 0.0, 'average_computation_time': 0.0, 'average_communication_time': 0.0, 'average_fit_time': 0.0, 'average_throughput': 0.0}
[2024-06-19 20:04:53,033][root][INFO] - Appended data to last row of column centralized_loss in server data for client None
[2024-06-19 20:04:53,033][root][INFO] - Appended data to last row of column centralized_acc in server data for client None
[2024-06-19 20:04:53,034][root][INFO] - Appended {'centralized_loss': 2.343256, 'centralized_acc': 0.0311} to the last row of server data
[2024-06-19 20:04:53,034][flwr][INFO] - initial parameters (loss, other metrics): 2.343256, {'accuracy': 0.0311}
[2024-06-19 20:04:53,034][flwr][INFO] - FL starting
[2024-06-19 20:04:57,723][flwr][DEBUG] - fit_round 1: strategy sampled 3 clients (out of 3)
[2024-06-19 20:05:00,166][flwr][DEBUG] - fit_round 1 received 3 results and 0 failures
[2024-06-19 20:05:00,174][root][INFO] - Added data to server for client None: {'round': 1, 'average_norm': 5.106319109598796, 'round_time': 3.759331597199097, 'average_downlink_time': 0.6706665773333333, 'average_rtc_check_time': 0.12476998131508783, 'average_uplink_time': 0.6063125326666666, 'average_computation_time': 2.0427772204081216, 'average_communication_time': 1.4017490913150876, 'average_fit_time': 2.388804038365682, 'average_throughput': 3.695221445904219, 'dropouts': 0, 'experiment_id': 'exp_20240619_200443'}
[2024-06-19 20:05:00,174][root][INFO] - Added server data: {'round': 1, 'average_norm': 5.106319109598796, 'round_time': 3.759331597199097, 'average_downlink_time': 0.6706665773333333, 'average_rtc_check_time': 0.12476998131508783, 'average_uplink_time': 0.6063125326666666, 'average_computation_time': 2.0427772204081216, 'average_communication_time': 1.4017490913150876, 'average_fit_time': 2.388804038365682, 'average_throughput': 3.695221445904219, 'dropouts': 0, 'experiment_id': 'exp_20240619_200443'}
[2024-06-19 20:05:00,234][utils.model][INFO] - LeNet model built
[2024-06-19 20:05:00,352][utils.model][INFO] - Size of serialized model: 279.0341796875 kbytes
[2024-06-19 20:05:00,397][utils.model][INFO] - Step 1/40 - val_loss: 1.2238 - val_accuracy: 0.7188
[2024-06-19 20:05:00,420][utils.model][INFO] - Step 2/40 - val_loss: 1.2350 - val_accuracy: 0.7031
[2024-06-19 20:05:00,446][utils.model][INFO] - Step 3/40 - val_loss: 1.2331 - val_accuracy: 0.6992
[2024-06-19 20:05:00,470][utils.model][INFO] - Step 4/40 - val_loss: 1.2219 - val_accuracy: 0.7090
[2024-06-19 20:05:00,493][utils.model][INFO] - Step 5/40 - val_loss: 1.2387 - val_accuracy: 0.6992
[2024-06-19 20:05:00,513][utils.model][INFO] - Step 6/40 - val_loss: 1.2423 - val_accuracy: 0.6992
[2024-06-19 20:05:00,534][utils.model][INFO] - Step 7/40 - val_loss: 1.2430 - val_accuracy: 0.7048
[2024-06-19 20:05:00,555][utils.model][INFO] - Step 8/40 - val_loss: 1.2472 - val_accuracy: 0.7031
[2024-06-19 20:05:00,577][utils.model][INFO] - Step 9/40 - val_loss: 1.2484 - val_accuracy: 0.7036
[2024-06-19 20:05:00,602][utils.model][INFO] - Step 10/40 - val_loss: 1.2468 - val_accuracy: 0.7074
[2024-06-19 20:05:00,631][utils.model][INFO] - Step 11/40 - val_loss: 1.2494 - val_accuracy: 0.7045
[2024-06-19 20:05:00,657][utils.model][INFO] - Step 12/40 - val_loss: 1.2465 - val_accuracy: 0.7064
[2024-06-19 20:05:00,681][utils.model][INFO] - Step 13/40 - val_loss: 1.2437 - val_accuracy: 0.7097
[2024-06-19 20:05:00,703][utils.model][INFO] - Step 14/40 - val_loss: 1.2439 - val_accuracy: 0.7098
[2024-06-19 20:05:00,725][utils.model][INFO] - Step 15/40 - val_loss: 1.2461 - val_accuracy: 0.7094
[2024-06-19 20:05:00,748][utils.model][INFO] - Step 16/40 - val_loss: 1.2470 - val_accuracy: 0.7083
[2024-06-19 20:05:00,768][utils.model][INFO] - Step 17/40 - val_loss: 1.2493 - val_accuracy: 0.7054
[2024-06-19 20:05:00,788][utils.model][INFO] - Step 18/40 - val_loss: 1.2496 - val_accuracy: 0.7031
[2024-06-19 20:05:00,807][utils.model][INFO] - Step 19/40 - val_loss: 1.2471 - val_accuracy: 0.7029
[2024-06-19 20:05:00,826][utils.model][INFO] - Step 20/40 - val_loss: 1.2447 - val_accuracy: 0.7035
[2024-06-19 20:05:00,845][utils.model][INFO] - Step 21/40 - val_loss: 1.2361 - val_accuracy: 0.7067
[2024-06-19 20:05:00,863][utils.model][INFO] - Step 22/40 - val_loss: 1.2284 - val_accuracy: 0.7109
[2024-06-19 20:05:00,882][utils.model][INFO] - Step 23/40 - val_loss: 1.2207 - val_accuracy: 0.7140
[2024-06-19 20:05:00,899][utils.model][INFO] - Step 24/40 - val_loss: 1.2189 - val_accuracy: 0.7137
[2024-06-19 20:05:00,917][utils.model][INFO] - Step 25/40 - val_loss: 1.2076 - val_accuracy: 0.7197
[2024-06-19 20:05:00,937][utils.model][INFO] - Step 26/40 - val_loss: 1.2071 - val_accuracy: 0.7215
[2024-06-19 20:05:00,957][utils.model][INFO] - Step 27/40 - val_loss: 1.2048 - val_accuracy: 0.7215
[2024-06-19 20:05:00,978][utils.model][INFO] - Step 28/40 - val_loss: 1.2003 - val_accuracy: 0.7236
[2024-06-19 20:05:00,999][utils.model][INFO] - Step 29/40 - val_loss: 1.1982 - val_accuracy: 0.7259
[2024-06-19 20:05:01,018][utils.model][INFO] - Step 30/40 - val_loss: 1.1992 - val_accuracy: 0.7251
[2024-06-19 20:05:01,035][utils.model][INFO] - Step 31/40 - val_loss: 1.1961 - val_accuracy: 0.7251
[2024-06-19 20:05:01,054][utils.model][INFO] - Step 32/40 - val_loss: 1.1905 - val_accuracy: 0.7262
[2024-06-19 20:05:01,071][utils.model][INFO] - Step 33/40 - val_loss: 1.1871 - val_accuracy: 0.7274
[2024-06-19 20:05:01,090][utils.model][INFO] - Step 34/40 - val_loss: 1.1813 - val_accuracy: 0.7286
[2024-06-19 20:05:01,111][utils.model][INFO] - Step 35/40 - val_loss: 1.1732 - val_accuracy: 0.7326
[2024-06-19 20:05:01,131][utils.model][INFO] - Step 36/40 - val_loss: 1.1713 - val_accuracy: 0.7317
[2024-06-19 20:05:01,151][utils.model][INFO] - Step 37/40 - val_loss: 1.1689 - val_accuracy: 0.7333
[2024-06-19 20:05:01,173][utils.model][INFO] - Step 38/40 - val_loss: 1.1690 - val_accuracy: 0.7319
[2024-06-19 20:05:01,192][utils.model][INFO] - Step 39/40 - val_loss: 1.1729 - val_accuracy: 0.7298
[2024-06-19 20:05:01,201][utils.model][INFO] - Step 40/40 - val_loss: 1.1701 - val_accuracy: 0.7299
[2024-06-19 20:05:01,203][utils.model][INFO] - Evaluation Results - Val Loss: 1.1701, Val Accuracy: 0.7299 in 40 steps
[2024-06-19 20:05:01,205][root][INFO] - Appended data to last row of column centralized_loss in server data for client None
[2024-06-19 20:05:01,205][root][INFO] - Appended data to last row of column centralized_acc in server data for client None
[2024-06-19 20:05:01,205][root][INFO] - Appended {'centralized_loss': 1.1700625, 'centralized_acc': 0.7299} to the last row of server data
[2024-06-19 20:05:01,205][flwr][INFO] - fit progress: (1, 1.1700625, {'accuracy': 0.7299}, 8.17149392900319)
[2024-06-19 20:05:01,206][flwr][DEBUG] - evaluate_round 1: strategy sampled 3 clients (out of 3)
[2024-06-19 20:05:01,798][flwr][DEBUG] - evaluate_round 1 received 3 results and 0 failures
[2024-06-19 20:05:01,800][root][INFO] - Added data to epoch for client 1: {'round': 0, 'experiment_id': 'exp_20240619_200443', 'client_id': '1', 'epoch_steps': 0, 'total_steps': 0, 'l2_norm': 0.0, 'total_computation_time': 0.0, 'total_rtc_check_time': 0.0, 'total_duration': 0.0, 'val_loss': 0.0, 'val_accuracy': 0.0}
[2024-06-19 20:05:01,800][root][INFO] - Added epoch data for client 1: {'round': 0, 'experiment_id': 'exp_20240619_200443', 'client_id': '1', 'epoch_steps': 0, 'total_steps': 0, 'l2_norm': 0.0, 'total_computation_time': 0.0, 'total_rtc_check_time': 0.0, 'total_duration': 0.0, 'val_loss': 0.0, 'val_accuracy': 0.0}
[2024-06-19 20:05:01,801][root][INFO] - Added data to batch for client 1: {'round': 0, 'experiment_id': 'exp_20240619_200443', 'client_id': '1', 'step_no': 0, 'loss': 0.0, 'accuracy': 0.0, 'l2_norm': 0.0, 'computation_time': 0.0, 'rtc_check_time': 0.0, 'batch_time': 0.0}
[2024-06-19 20:05:01,801][root][INFO] - Added batch data for client 1: {'round': 0, 'experiment_id': 'exp_20240619_200443', 'client_id': '1', 'step_no': 0, 'loss': 0.0, 'accuracy': 0.0, 'l2_norm': 0.0, 'computation_time': 0.0, 'rtc_check_time': 0.0, 'batch_time': 0.0}
[2024-06-19 20:05:01,802][root][INFO] - Added data to epoch for client 1: {'round': 1, 'epoch_steps': 24, 'total_steps': 24, 'l2_norm': 4.964501857757568, 'total_computation_time': 2.0143113136291504, 'total_rtc_check_time': 0.16006871699210024, 'total_duration': 2.3907060623168945, 'val_loss': 1.2178257703781128, 'val_accuracy': 0.7174999713897705, 'experiment_id': 'exp_20240619_200443', 'client_id': '1'}
[2024-06-19 20:05:01,802][root][INFO] - Added epoch data for client 1: {'round': 1, 'epoch_steps': 24, 'total_steps': 24, 'l2_norm': 4.964501857757568, 'total_computation_time': 2.0143113136291504, 'total_rtc_check_time': 0.16006871699210024, 'total_duration': 2.3907060623168945, 'val_loss': 1.2178257703781128, 'val_accuracy': 0.7174999713897705, 'experiment_id': 'exp_20240619_200443', 'client_id': '1'}
[2024-06-19 20:05:01,804][root][INFO] - Epoch data saved to /home/psklavos/fl/geom_aio/csv_logs/exp_20240619_200443/clients/client_1/epoch.csv
[2024-06-19 20:05:01,806][root][INFO] - Added data to batch for client 1: {'round': 1, 'step_no': 1, 'loss': 2.3616549968719482, 'accuracy': 0.0625, 'l2_norm': 0.2190748155117035, 'computation_time': 0.614879846572876, 'batch_time': 0.6762872314429842, 'rtc_check_time': 0.037394104001577944, 'experiment_id': 'exp_20240619_200443', 'client_id': '1'}
[2024-06-19 20:05:01,807][root][INFO] - Added data to batch for client 1: {'round': 1, 'step_no': 2, 'loss': 2.3684608936309814, 'accuracy': 0.046875, 'l2_norm': 0.3873533010482788, 'computation_time': 0.10068392753601074, 'batch_time': 0.10715100853849435, 'rtc_check_time': 0.0038800010006525554, 'experiment_id': 'exp_20240619_200443', 'client_id': '1'}
[2024-06-19 20:05:01,808][root][INFO] - Added data to batch for client 1: {'round': 1, 'step_no': 3, 'loss': 2.270106792449951, 'accuracy': 0.0833333358168602, 'l2_norm': 0.5110313296318054, 'computation_time': 0.08463597297668457, 'batch_time': 0.09522348708560457, 'rtc_check_time': 0.0070315010016201995, 'experiment_id': 'exp_20240619_200443', 'client_id': '1'}
[2024-06-19 20:05:01,810][root][INFO] - Added data to batch for client 1: {'round': 1, 'step_no': 4, 'loss': 2.227494716644287, 'accuracy': 0.09375, 'l2_norm': 0.6078769564628601, 'computation_time': 0.06973004341125488, 'batch_time': 0.07920268618909176, 'rtc_check_time': 0.00786880099622067, 'experiment_id': 'exp_20240619_200443', 'client_id': '1'}
[2024-06-19 20:05:01,811][root][INFO] - Added data to batch for client 1: {'round': 1, 'step_no': 5, 'loss': 2.1951286792755127, 'accuracy': 0.13750000298023224, 'l2_norm': 0.7518593072891235, 'computation_time': 0.06763720512390137, 'batch_time': 0.07126788832101738, 'rtc_check_time': 0.0022140000000945292, 'experiment_id': 'exp_20240619_200443', 'client_id': '1'}
[2024-06-19 20:05:01,813][root][INFO] - Added data to batch for client 1: {'round': 1, 'step_no': 6, 'loss': 2.212001323699951, 'accuracy': 0.1302083283662796, 'l2_norm': 0.8524665236473083, 'computation_time': 0.05871415138244629, 'batch_time': 0.06503593302477384, 'rtc_check_time': 0.004298799998650793, 'experiment_id': 'exp_20240619_200443', 'client_id': '1'}
[2024-06-19 20:05:01,815][root][INFO] - Added data to batch for client 1: {'round': 1, 'step_no': 7, 'loss': 2.1154963970184326, 'accuracy': 0.1383928507566452, 'l2_norm': 1.001723051071167, 'computation_time': 0.05562114715576172, 'batch_time': 0.06401632585766492, 'rtc_check_time': 0.006905301001097541, 'experiment_id': 'exp_20240619_200443', 'client_id': '1'}
[2024-06-19 20:05:01,816][root][INFO] - Added data to batch for client 1: {'round': 1, 'step_no': 8, 'loss': 2.030123710632324, 'accuracy': 0.1640625, 'l2_norm': 1.2307864427566528, 'computation_time': 0.06287407875061035, 'batch_time': 0.0701458985422505, 'rtc_check_time': 0.005583100995863788, 'experiment_id': 'exp_20240619_200443', 'client_id': '1'}
[2024-06-19 20:05:01,817][root][INFO] - Added data to batch for client 1: {'round': 1, 'step_no': 9, 'loss': 2.0376088619232178, 'accuracy': 0.1944444477558136, 'l2_norm': 1.4438248872756958, 'computation_time': 0.06301188468933105, 'batch_time': 0.07316604572406504, 'rtc_check_time': 0.0087370010005543, 'experiment_id': 'exp_20240619_200443', 'client_id': '1'}
[2024-06-19 20:05:01,818][root][INFO] - Added data to batch for client 1: {'round': 1, 'step_no': 10, 'loss': 2.005007743835449, 'accuracy': 0.20937499403953552, 'l2_norm': 1.6400158405303955, 'computation_time': 0.061738014221191406, 'batch_time': 0.0660563966303016, 'rtc_check_time': 0.0026783010034705512, 'experiment_id': 'exp_20240619_200443', 'client_id': '1'}
[2024-06-19 20:05:01,819][root][INFO] - Added data to batch for client 1: {'round': 1, 'step_no': 11, 'loss': 1.894392490386963, 'accuracy': 0.22159090638160706, 'l2_norm': 1.8458482027053833, 'computation_time': 0.06688904762268066, 'batch_time': 0.07109250628127484, 'rtc_check_time': 0.0020956000007572584, 'experiment_id': 'exp_20240619_200443', 'client_id': '1'}
[2024-06-19 20:05:01,820][root][INFO] - Added data to batch for client 1: {'round': 1, 'step_no': 12, 'loss': 1.8817654848098755, 'accuracy': 0.25, 'l2_norm': 2.123257637023926, 'computation_time': 0.08158683776855469, 'batch_time': 0.08909441347350366, 'rtc_check_time': 0.005622399999992922, 'experiment_id': 'exp_20240619_200443', 'client_id': '1'}
[2024-06-19 20:05:01,822][root][INFO] - Added data to batch for client 1: {'round': 1, 'step_no': 13, 'loss': 1.8384428024291992, 'accuracy': 0.26201921701431274, 'l2_norm': 2.345726728439331, 'computation_time': 0.05883193016052246, 'batch_time': 0.07662252649606671, 'rtc_check_time': 0.016179601996554993, 'experiment_id': 'exp_20240619_200443', 'client_id': '1'}
[2024-06-19 20:05:01,823][root][INFO] - Added data to batch for client 1: {'round': 1, 'step_no': 14, 'loss': 1.7637500762939453, 'accuracy': 0.2790178656578064, 'l2_norm': 2.592388153076172, 'computation_time': 0.05280494689941406, 'batch_time': 0.06482735670579132, 'rtc_check_time': 0.009979401002055965, 'experiment_id': 'exp_20240619_200443', 'client_id': '1'}
[2024-06-19 20:05:01,824][root][INFO] - Added data to batch for client 1: {'round': 1, 'step_no': 15, 'loss': 1.6618850231170654, 'accuracy': 0.3020833432674408, 'l2_norm': 2.8630101680755615, 'computation_time': 0.05078721046447754, 'batch_time': 0.0565975867502857, 'rtc_check_time': 0.004184599994914606, 'experiment_id': 'exp_20240619_200443', 'client_id': '1'}
[2024-06-19 20:05:01,825][root][INFO] - Added data to batch for client 1: {'round': 1, 'step_no': 16, 'loss': 1.7415337562561035, 'accuracy': 0.314453125, 'l2_norm': 3.1030161380767822, 'computation_time': 0.06304311752319336, 'batch_time': 0.06669717308977852, 'rtc_check_time': 0.002212100000178907, 'experiment_id': 'exp_20240619_200443', 'client_id': '1'}
[2024-06-19 20:05:01,827][root][INFO] - Added data to batch for client 1: {'round': 1, 'step_no': 17, 'loss': 1.855567455291748, 'accuracy': 0.31617647409439087, 'l2_norm': 3.3102364540100098, 'computation_time': 0.05500316619873047, 'batch_time': 0.05932851377292536, 'rtc_check_time': 0.002924400003394112, 'experiment_id': 'exp_20240619_200443', 'client_id': '1'}
[2024-06-19 20:05:01,828][root][INFO] - Added data to batch for client 1: {'round': 1, 'step_no': 18, 'loss': 1.4397884607315063, 'accuracy': 0.3350694477558136, 'l2_norm': 3.555471897125244, 'computation_time': 0.04151201248168945, 'batch_time': 0.04403626343264477, 'rtc_check_time': 0.0013982000018586405, 'experiment_id': 'exp_20240619_200443', 'client_id': '1'}
[2024-06-19 20:05:01,829][root][INFO] - Added data to batch for client 1: {'round': 1, 'step_no': 19, 'loss': 1.4958915710449219, 'accuracy': 0.3503289520740509, 'l2_norm': 3.8046398162841797, 'computation_time': 0.04653215408325195, 'batch_time': 0.05462126335623907, 'rtc_check_time': 0.0062993009996716864, 'experiment_id': 'exp_20240619_200443', 'client_id': '1'}
[2024-06-19 20:05:01,830][root][INFO] - Added data to batch for client 1: {'round': 1, 'step_no': 20, 'loss': 1.31858491897583, 'accuracy': 0.3687500059604645, 'l2_norm': 4.003531455993652, 'computation_time': 0.053125858306884766, 'batch_time': 0.06673243051045574, 'rtc_check_time': 0.012251400999957696, 'experiment_id': 'exp_20240619_200443', 'client_id': '1'}
[2024-06-19 20:05:01,831][root][INFO] - Added data to batch for client 1: {'round': 1, 'step_no': 21, 'loss': 1.4989111423492432, 'accuracy': 0.375, 'l2_norm': 4.240807056427002, 'computation_time': 0.04875779151916504, 'batch_time': 0.051522709043638315, 'rtc_check_time': 0.001410699995176401, 'experiment_id': 'exp_20240619_200443', 'client_id': '1'}
[2024-06-19 20:05:01,832][root][INFO] - Added data to batch for client 1: {'round': 1, 'step_no': 22, 'loss': 1.357712745666504, 'accuracy': 0.3863636255264282, 'l2_norm': 4.5296735763549805, 'computation_time': 0.062027931213378906, 'batch_time': 0.0652079902793048, 'rtc_check_time': 0.0014159999991534278, 'experiment_id': 'exp_20240619_200443', 'client_id': '1'}
[2024-06-19 20:05:01,833][root][INFO] - Added data to batch for client 1: {'round': 1, 'step_no': 23, 'loss': 1.5819051265716553, 'accuracy': 0.395380437374115, 'l2_norm': 4.76314115524292, 'computation_time': 0.04488110542297363, 'batch_time': 0.048405245201138314, 'rtc_check_time': 0.002336099998501595, 'experiment_id': 'exp_20240619_200443', 'client_id': '1'}
[2024-06-19 20:05:01,834][root][INFO] - Added data to batch for client 1: {'round': 1, 'step_no': 24, 'loss': 1.1058012247085571, 'accuracy': 0.4088541567325592, 'l2_norm': 4.964501857757568, 'computation_time': 0.04900193214416504, 'batch_time': 0.05555705243750708, 'rtc_check_time': 0.005168001000129152, 'experiment_id': 'exp_20240619_200443', 'client_id': '1'}
[2024-06-19 20:05:01,834][root][INFO] - Added batch data list for client 1. New Data Added: 24
[2024-06-19 20:05:01,835][root][INFO] - Batch data saved to /home/psklavos/fl/geom_aio/csv_logs/exp_20240619_200443/clients/client_1/batch.csv
[2024-06-19 20:05:01,836][root][INFO] - Added data to epoch for client 2: {'round': 0, 'experiment_id': 'exp_20240619_200443', 'client_id': '2', 'epoch_steps': 0, 'total_steps': 0, 'l2_norm': 0.0, 'total_computation_time': 0.0, 'total_rtc_check_time': 0.0, 'total_duration': 0.0, 'val_loss': 0.0, 'val_accuracy': 0.0}
[2024-06-19 20:05:01,836][root][INFO] - Added epoch data for client 2: {'round': 0, 'experiment_id': 'exp_20240619_200443', 'client_id': '2', 'epoch_steps': 0, 'total_steps': 0, 'l2_norm': 0.0, 'total_computation_time': 0.0, 'total_rtc_check_time': 0.0, 'total_duration': 0.0, 'val_loss': 0.0, 'val_accuracy': 0.0}
[2024-06-19 20:05:01,837][root][INFO] - Added data to batch for client 2: {'round': 0, 'experiment_id': 'exp_20240619_200443', 'client_id': '2', 'step_no': 0, 'loss': 0.0, 'accuracy': 0.0, 'l2_norm': 0.0, 'computation_time': 0.0, 'rtc_check_time': 0.0, 'batch_time': 0.0}
[2024-06-19 20:05:01,837][root][INFO] - Added batch data for client 2: {'round': 0, 'experiment_id': 'exp_20240619_200443', 'client_id': '2', 'step_no': 0, 'loss': 0.0, 'accuracy': 0.0, 'l2_norm': 0.0, 'computation_time': 0.0, 'rtc_check_time': 0.0, 'batch_time': 0.0}
[2024-06-19 20:05:01,839][root][INFO] - Added data to epoch for client 2: {'round': 1, 'epoch_steps': 24, 'total_steps': 24, 'l2_norm': 5.380843162536621, 'total_computation_time': 2.0764567852020264, 'total_rtc_check_time': 0.09177271198132075, 'total_duration': 2.3893260955810547, 'val_loss': 1.2117674350738525, 'val_accuracy': 0.7135000228881836, 'experiment_id': 'exp_20240619_200443', 'client_id': '2'}
[2024-06-19 20:05:01,839][root][INFO] - Added epoch data for client 2: {'round': 1, 'epoch_steps': 24, 'total_steps': 24, 'l2_norm': 5.380843162536621, 'total_computation_time': 2.0764567852020264, 'total_rtc_check_time': 0.09177271198132075, 'total_duration': 2.3893260955810547, 'val_loss': 1.2117674350738525, 'val_accuracy': 0.7135000228881836, 'experiment_id': 'exp_20240619_200443', 'client_id': '2'}
[2024-06-19 20:05:01,841][root][INFO] - Epoch data saved to /home/psklavos/fl/geom_aio/csv_logs/exp_20240619_200443/clients/client_2/epoch.csv
[2024-06-19 20:05:01,842][root][INFO] - Added data to batch for client 2: {'round': 1, 'step_no': 1, 'loss': 2.40874981880188, 'accuracy': 0.0, 'l2_norm': 0.2441742867231369, 'computation_time': 0.6446900367736816, 'batch_time': 0.6679767007371993, 'rtc_check_time': 0.0032297009965986945, 'experiment_id': 'exp_20240619_200443', 'client_id': '2'}
[2024-06-19 20:05:01,843][root][INFO] - Added data to batch for client 2: {'round': 1, 'step_no': 2, 'loss': 2.3073644638061523, 'accuracy': 0.0625, 'l2_norm': 0.351472407579422, 'computation_time': 0.0954740047454834, 'batch_time': 0.10862375520082423, 'rtc_check_time': 0.01132680199953029, 'experiment_id': 'exp_20240619_200443', 'client_id': '2'}
[2024-06-19 20:05:01,845][root][INFO] - Added data to batch for client 2: {'round': 1, 'step_no': 3, 'loss': 2.2252883911132812, 'accuracy': 0.1354166716337204, 'l2_norm': 0.49152296781539917, 'computation_time': 0.0827028751373291, 'batch_time': 0.09545567184977699, 'rtc_check_time': 0.008331801000167616, 'experiment_id': 'exp_20240619_200443', 'client_id': '2'}
[2024-06-19 20:05:01,846][root][INFO] - Added data to batch for client 2: {'round': 1, 'step_no': 4, 'loss': 2.3162994384765625, 'accuracy': 0.15625, 'l2_norm': 0.6086954474449158, 'computation_time': 0.07483983039855957, 'batch_time': 0.07917172088491498, 'rtc_check_time': 0.002400699995632749, 'experiment_id': 'exp_20240619_200443', 'client_id': '2'}
[2024-06-19 20:05:01,847][root][INFO] - Added data to batch for client 2: {'round': 1, 'step_no': 5, 'loss': 2.2107057571411133, 'accuracy': 0.17499999701976776, 'l2_norm': 0.747566819190979, 'computation_time': 0.06691098213195801, 'batch_time': 0.07171938534884248, 'rtc_check_time': 0.0027343999972799793, 'experiment_id': 'exp_20240619_200443', 'client_id': '2'}
[2024-06-19 20:05:01,848][root][INFO] - Added data to batch for client 2: {'round': 1, 'step_no': 6, 'loss': 2.1043429374694824, 'accuracy': 0.203125, 'l2_norm': 0.9437996745109558, 'computation_time': 0.0620269775390625, 'batch_time': 0.06510310362500604, 'rtc_check_time': 0.001684000002569519, 'experiment_id': 'exp_20240619_200443', 'client_id': '2'}
[2024-06-19 20:05:01,849][root][INFO] - Added data to batch for client 2: {'round': 1, 'step_no': 7, 'loss': 2.032536506652832, 'accuracy': 0.2276785671710968, 'l2_norm': 1.1648118495941162, 'computation_time': 0.059927940368652344, 'batch_time': 0.06403475435217842, 'rtc_check_time': 0.0019589010044001043, 'experiment_id': 'exp_20240619_200443', 'client_id': '2'}
[2024-06-19 20:05:01,850][root][INFO] - Added data to batch for client 2: {'round': 1, 'step_no': 8, 'loss': 2.0885307788848877, 'accuracy': 0.2265625, 'l2_norm': 1.3594298362731934, 'computation_time': 0.06478404998779297, 'batch_time': 0.07030307369859656, 'rtc_check_time': 0.0028329999986453913, 'experiment_id': 'exp_20240619_200443', 'client_id': '2'}
[2024-06-19 20:05:01,852][root][INFO] - Added data to batch for client 2: {'round': 1, 'step_no': 9, 'loss': 1.952500343322754, 'accuracy': 0.25, 'l2_norm': 1.5831608772277832, 'computation_time': 0.07030582427978516, 'batch_time': 0.0737174364621751, 'rtc_check_time': 0.0018514010007493198, 'experiment_id': 'exp_20240619_200443', 'client_id': '2'}
[2024-06-19 20:05:01,853][root][INFO] - Added data to batch for client 2: {'round': 1, 'step_no': 10, 'loss': 1.915132999420166, 'accuracy': 0.265625, 'l2_norm': 1.8519775867462158, 'computation_time': 0.06030917167663574, 'batch_time': 0.06644523145223502, 'rtc_check_time': 0.003431200995692052, 'experiment_id': 'exp_20240619_200443', 'client_id': '2'}
[2024-06-19 20:05:01,855][root][INFO] - Added data to batch for client 2: {'round': 1, 'step_no': 11, 'loss': 2.059053421020508, 'accuracy': 0.2642045319080353, 'l2_norm': 2.0380265712738037, 'computation_time': 0.06441092491149902, 'batch_time': 0.07092782286781585, 'rtc_check_time': 0.005005801001971122, 'experiment_id': 'exp_20240619_200443', 'client_id': '2'}
[2024-06-19 20:05:01,856][root][INFO] - Added data to batch for client 2: {'round': 1, 'step_no': 12, 'loss': 1.8088457584381104, 'accuracy': 0.2760416567325592, 'l2_norm': 2.3391523361206055, 'computation_time': 0.0841522216796875, 'batch_time': 0.08809354167897254, 'rtc_check_time': 0.002216599998064339, 'experiment_id': 'exp_20240619_200443', 'client_id': '2'}
[2024-06-19 20:05:01,857][root][INFO] - Added data to batch for client 2: {'round': 1, 'step_no': 13, 'loss': 1.652341365814209, 'accuracy': 0.3052884638309479, 'l2_norm': 2.6686089038848877, 'computation_time': 0.062463998794555664, 'batch_time': 0.0769184567980119, 'rtc_check_time': 0.012801501994545106, 'experiment_id': 'exp_20240619_200443', 'client_id': '2'}
[2024-06-19 20:05:01,858][root][INFO] - Added data to batch for client 2: {'round': 1, 'step_no': 14, 'loss': 2.0610618591308594, 'accuracy': 0.2924107015132904, 'l2_norm': 2.86604642868042, 'computation_time': 0.06165599822998047, 'batch_time': 0.06490504459361546, 'rtc_check_time': 0.0018840999982785434, 'experiment_id': 'exp_20240619_200443', 'client_id': '2'}
[2024-06-19 20:05:01,859][root][INFO] - Added data to batch for client 2: {'round': 1, 'step_no': 15, 'loss': 1.7909451723098755, 'accuracy': 0.31458333134651184, 'l2_norm': 3.1181206703186035, 'computation_time': 0.05164504051208496, 'batch_time': 0.057006869166798424, 'rtc_check_time': 0.0027459000048111193, 'experiment_id': 'exp_20240619_200443', 'client_id': '2'}
[2024-06-19 20:05:01,860][root][INFO] - Added data to batch for client 2: {'round': 1, 'step_no': 16, 'loss': 1.5967034101486206, 'accuracy': 0.33203125, 'l2_norm': 3.3996822834014893, 'computation_time': 0.06234407424926758, 'batch_time': 0.06672277705365559, 'rtc_check_time': 0.002771999999822583, 'experiment_id': 'exp_20240619_200443', 'client_id': '2'}
[2024-06-19 20:05:01,861][root][INFO] - Added data to batch for client 2: {'round': 1, 'step_no': 17, 'loss': 1.455209732055664, 'accuracy': 0.3529411852359772, 'l2_norm': 3.71793794631958, 'computation_time': 0.05474400520324707, 'batch_time': 0.05881368998234393, 'rtc_check_time': 0.0027044999951613136, 'experiment_id': 'exp_20240619_200443', 'client_id': '2'}
[2024-06-19 20:05:01,863][root][INFO] - Added data to batch for client 2: {'round': 1, 'step_no': 18, 'loss': 1.3546385765075684, 'accuracy': 0.3715277910232544, 'l2_norm': 3.985461473464966, 'computation_time': 0.04128599166870117, 'batch_time': 0.04506067647889722, 'rtc_check_time': 0.0026657999987946823, 'experiment_id': 'exp_20240619_200443', 'client_id': '2'}
[2024-06-19 20:05:01,864][root][INFO] - Added data to batch for client 2: {'round': 1, 'step_no': 19, 'loss': 1.6362576484680176, 'accuracy': 0.37335526943206787, 'l2_norm': 4.2023024559021, 'computation_time': 0.05081295967102051, 'batch_time': 0.05403211367956828, 'rtc_check_time': 0.0019820000015897676, 'experiment_id': 'exp_20240619_200443', 'client_id': '2'}
[2024-06-19 20:05:01,865][root][INFO] - Added data to batch for client 2: {'round': 1, 'step_no': 20, 'loss': 1.4331039190292358, 'accuracy': 0.3828125, 'l2_norm': 4.454468727111816, 'computation_time': 0.061434030532836914, 'batch_time': 0.06732259927230189, 'rtc_check_time': 0.0034896009965450503, 'experiment_id': 'exp_20240619_200443', 'client_id': '2'}
[2024-06-19 20:05:01,866][root][INFO] - Added data to batch for client 2: {'round': 1, 'step_no': 21, 'loss': 1.464359998703003, 'accuracy': 0.386904776096344, 'l2_norm': 4.690188407897949, 'computation_time': 0.04665398597717285, 'batch_time': 0.051259465733892284, 'rtc_check_time': 0.003212399999029003, 'experiment_id': 'exp_20240619_200443', 'client_id': '2'}
[2024-06-19 20:05:01,867][root][INFO] - Added data to batch for client 2: {'round': 1, 'step_no': 22, 'loss': 1.3660173416137695, 'accuracy': 0.3963068127632141, 'l2_norm': 4.923667907714844, 'computation_time': 0.060127973556518555, 'batch_time': 0.06504795026557986, 'rtc_check_time': 0.002826900003128685, 'experiment_id': 'exp_20240619_200443', 'client_id': '2'}
[2024-06-19 20:05:01,869][root][INFO] - Added data to batch for client 2: {'round': 1, 'step_no': 23, 'loss': 1.3490498065948486, 'accuracy': 0.40896740555763245, 'l2_norm': 5.156551361083984, 'computation_time': 0.04342484474182129, 'batch_time': 0.04837411770859035, 'rtc_check_time': 0.0035611999992397614, 'experiment_id': 'exp_20240619_200443', 'client_id': '2'}
[2024-06-19 20:05:01,870][root][INFO] - Added data to batch for client 2: {'round': 1, 'step_no': 24, 'loss': 1.3732333183288574, 'accuracy': 0.4205729067325592, 'l2_norm': 5.380843162536621, 'computation_time': 0.04932904243469238, 'batch_time': 0.05544162331352709, 'rtc_check_time': 0.004122500999073964, 'experiment_id': 'exp_20240619_200443', 'client_id': '2'}
[2024-06-19 20:05:01,870][root][INFO] - Added batch data list for client 2. New Data Added: 24
[2024-06-19 20:05:01,871][root][INFO] - Batch data saved to /home/psklavos/fl/geom_aio/csv_logs/exp_20240619_200443/clients/client_2/batch.csv
[2024-06-19 20:05:01,872][root][INFO] - Added data to epoch for client 0: {'round': 0, 'experiment_id': 'exp_20240619_200443', 'client_id': '0', 'epoch_steps': 0, 'total_steps': 0, 'l2_norm': 0.0, 'total_computation_time': 0.0, 'total_rtc_check_time': 0.0, 'total_duration': 0.0, 'val_loss': 0.0, 'val_accuracy': 0.0}
[2024-06-19 20:05:01,873][root][INFO] - Added epoch data for client 0: {'round': 0, 'experiment_id': 'exp_20240619_200443', 'client_id': '0', 'epoch_steps': 0, 'total_steps': 0, 'l2_norm': 0.0, 'total_computation_time': 0.0, 'total_rtc_check_time': 0.0, 'total_duration': 0.0, 'val_loss': 0.0, 'val_accuracy': 0.0}
[2024-06-19 20:05:01,873][root][INFO] - Added data to batch for client 0: {'round': 0, 'experiment_id': 'exp_20240619_200443', 'client_id': '0', 'step_no': 0, 'loss': 0.0, 'accuracy': 0.0, 'l2_norm': 0.0, 'computation_time': 0.0, 'rtc_check_time': 0.0, 'batch_time': 0.0}
[2024-06-19 20:05:01,874][root][INFO] - Added batch data for client 0: {'round': 0, 'experiment_id': 'exp_20240619_200443', 'client_id': '0', 'step_no': 0, 'loss': 0.0, 'accuracy': 0.0, 'l2_norm': 0.0, 'computation_time': 0.0, 'rtc_check_time': 0.0, 'batch_time': 0.0}
[2024-06-19 20:05:01,875][root][INFO] - Added data to epoch for client 0: {'round': 1, 'epoch_steps': 24, 'total_steps': 24, 'l2_norm': 4.973612308502197, 'total_computation_time': 2.0375635623931885, 'total_rtc_check_time': 0.12246851497184252, 'total_duration': 2.3863799571990967, 'val_loss': 1.1856279373168945, 'val_accuracy': 0.7275000214576721, 'experiment_id': 'exp_20240619_200443', 'client_id': '0'}
[2024-06-19 20:05:01,875][root][INFO] - Added epoch data for client 0: {'round': 1, 'epoch_steps': 24, 'total_steps': 24, 'l2_norm': 4.973612308502197, 'total_computation_time': 2.0375635623931885, 'total_rtc_check_time': 0.12246851497184252, 'total_duration': 2.3863799571990967, 'val_loss': 1.1856279373168945, 'val_accuracy': 0.7275000214576721, 'experiment_id': 'exp_20240619_200443', 'client_id': '0'}
[2024-06-19 20:05:01,876][root][INFO] - Epoch data saved to /home/psklavos/fl/geom_aio/csv_logs/exp_20240619_200443/clients/client_0/epoch.csv
[2024-06-19 20:05:01,877][root][INFO] - Added data to batch for client 0: {'round': 1, 'step_no': 1, 'loss': 2.310986280441284, 'accuracy': 0.03125, 'l2_norm': 0.22930747270584106, 'computation_time': 0.6058611869812012, 'batch_time': 0.6643953215316287, 'rtc_check_time': 0.03372930399928009, 'experiment_id': 'exp_20240619_200443', 'client_id': '0'}
[2024-06-19 20:05:01,879][root][INFO] - Added data to batch for client 0: {'round': 1, 'step_no': 2, 'loss': 2.2987992763519287, 'accuracy': 0.15625, 'l2_norm': 0.40858399868011475, 'computation_time': 0.10234713554382324, 'batch_time': 0.10828256815875648, 'rtc_check_time': 0.0032506009956705384, 'experiment_id': 'exp_20240619_200443', 'client_id': '0'}
[2024-06-19 20:05:01,880][root][INFO] - Added data to batch for client 0: {'round': 1, 'step_no': 3, 'loss': 2.31107234954834, 'accuracy': 0.1354166716337204, 'l2_norm': 0.49705612659454346, 'computation_time': 0.09143900871276855, 'batch_time': 0.0954647051403299, 'rtc_check_time': 0.002164600999094546, 'experiment_id': 'exp_20240619_200443', 'client_id': '0'}
[2024-06-19 20:05:01,881][root][INFO] - Added data to batch for client 0: {'round': 1, 'step_no': 4, 'loss': 2.179109573364258, 'accuracy': 0.1875, 'l2_norm': 0.601383626461029, 'computation_time': 0.07505989074707031, 'batch_time': 0.07968528114724904, 'rtc_check_time': 0.0029443009989336133, 'experiment_id': 'exp_20240619_200443', 'client_id': '0'}
[2024-06-19 20:05:01,882][root][INFO] - Added data to batch for client 0: {'round': 1, 'step_no': 5, 'loss': 2.044673442840576, 'accuracy': 0.26249998807907104, 'l2_norm': 0.7991176247596741, 'computation_time': 0.060925960540771484, 'batch_time': 0.07063180473051034, 'rtc_check_time': 0.008237900998210534, 'experiment_id': 'exp_20240619_200443', 'client_id': '0'}
[2024-06-19 20:05:01,883][root][INFO] - Added data to batch for client 0: {'round': 1, 'step_no': 6, 'loss': 1.9530950784683228, 'accuracy': 0.296875, 'l2_norm': 0.9544124603271484, 'computation_time': 0.05805706977844238, 'batch_time': 0.06504148243402597, 'rtc_check_time': 0.005261600002995692, 'experiment_id': 'exp_20240619_200443', 'client_id': '0'}
[2024-06-19 20:05:01,885][root][INFO] - Added data to batch for client 0: {'round': 1, 'step_no': 7, 'loss': 2.080979824066162, 'accuracy': 0.2946428656578064, 'l2_norm': 1.075099229812622, 'computation_time': 0.05580306053161621, 'batch_time': 0.06396172620588914, 'rtc_check_time': 0.0066819009953178465, 'experiment_id': 'exp_20240619_200443', 'client_id': '0'}
[2024-06-19 20:05:01,886][root][INFO] - Added data to batch for client 0: {'round': 1, 'step_no': 8, 'loss': 1.9460095167160034, 'accuracy': 0.32421875, 'l2_norm': 1.3216456174850464, 'computation_time': 0.06322717666625977, 'batch_time': 0.07015787771524629, 'rtc_check_time': 0.004545800002233591, 'experiment_id': 'exp_20240619_200443', 'client_id': '0'}
[2024-06-19 20:05:01,887][root][INFO] - Added data to batch for client 0: {'round': 1, 'step_no': 9, 'loss': 2.10910701751709, 'accuracy': 0.3159722089767456, 'l2_norm': 1.437031626701355, 'computation_time': 0.06482315063476562, 'batch_time': 0.07367388642160222, 'rtc_check_time': 0.00708000099984929, 'experiment_id': 'exp_20240619_200443', 'client_id': '0'}
[2024-06-19 20:05:01,888][root][INFO] - Added data to batch for client 0: {'round': 1, 'step_no': 10, 'loss': 2.0570931434631348, 'accuracy': 0.3187499940395355, 'l2_norm': 1.5902750492095947, 'computation_time': 0.06324481964111328, 'batch_time': 0.06610009754513158, 'rtc_check_time': 0.0015372999987448566, 'experiment_id': 'exp_20240619_200443', 'client_id': '0'}
[2024-06-19 20:05:01,889][root][INFO] - Added data to batch for client 0: {'round': 1, 'step_no': 11, 'loss': 1.8810256719589233, 'accuracy': 0.3267045319080353, 'l2_norm': 1.8361139297485352, 'computation_time': 0.06525707244873047, 'batch_time': 0.0712921022932278, 'rtc_check_time': 0.004402100996230729, 'experiment_id': 'exp_20240619_200443', 'client_id': '0'}
[2024-06-19 20:05:01,890][root][INFO] - Added data to batch for client 0: {'round': 1, 'step_no': 12, 'loss': 1.928227186203003, 'accuracy': 0.3307291567325592, 'l2_norm': 2.064147710800171, 'computation_time': 0.08353900909423828, 'batch_time': 0.08860844047012506, 'rtc_check_time': 0.002975400995637756, 'experiment_id': 'exp_20240619_200443', 'client_id': '0'}
[2024-06-19 20:05:01,891][root][INFO] - Added data to batch for client 0: {'round': 1, 'step_no': 13, 'loss': 1.7842373847961426, 'accuracy': 0.34375, 'l2_norm': 2.340816020965576, 'computation_time': 0.07305693626403809, 'batch_time': 0.07673488098953385, 'rtc_check_time': 0.0019568010029615834, 'experiment_id': 'exp_20240619_200443', 'client_id': '0'}
[2024-06-19 20:05:01,893][root][INFO] - Added data to batch for client 0: {'round': 1, 'step_no': 14, 'loss': 1.8257956504821777, 'accuracy': 0.3415178656578064, 'l2_norm': 2.561897039413452, 'computation_time': 0.055665016174316406, 'batch_time': 0.0652682289146469, 'rtc_check_time': 0.007838199999241624, 'experiment_id': 'exp_20240619_200443', 'client_id': '0'}
[2024-06-19 20:05:01,894][root][INFO] - Added data to batch for client 0: {'round': 1, 'step_no': 15, 'loss': 1.6926261186599731, 'accuracy': 0.3541666567325592, 'l2_norm': 2.822355031967163, 'computation_time': 0.05196809768676758, 'batch_time': 0.05712345743086189, 'rtc_check_time': 0.002797399996779859, 'experiment_id': 'exp_20240619_200443', 'client_id': '0'}
[2024-06-19 20:05:01,895][root][INFO] - Added data to batch for client 0: {'round': 1, 'step_no': 16, 'loss': 1.5170931816101074, 'accuracy': 0.369140625, 'l2_norm': 3.120229482650757, 'computation_time': 0.06282901763916016, 'batch_time': 0.0670043664140394, 'rtc_check_time': 0.0027383999986341223, 'experiment_id': 'exp_20240619_200443', 'client_id': '0'}
[2024-06-19 20:05:01,896][root][INFO] - Added data to batch for client 0: {'round': 1, 'step_no': 17, 'loss': 1.350365400314331, 'accuracy': 0.3915441036224365, 'l2_norm': 3.4492990970611572, 'computation_time': 0.054969072341918945, 'batch_time': 0.05870003787276801, 'rtc_check_time': 0.002387000000453554, 'experiment_id': 'exp_20240619_200443', 'client_id': '0'}
[2024-06-19 20:05:01,897][root][INFO] - Added data to batch for client 0: {'round': 1, 'step_no': 18, 'loss': 1.4304481744766235, 'accuracy': 0.4010416567325592, 'l2_norm': 3.7201266288757324, 'computation_time': 0.04207491874694824, 'batch_time': 0.04497610355610959, 'rtc_check_time': 0.001792299997759983, 'experiment_id': 'exp_20240619_200443', 'client_id': '0'}
[2024-06-19 20:05:01,898][root][INFO] - Added data to batch for client 0: {'round': 1, 'step_no': 19, 'loss': 1.585578203201294, 'accuracy': 0.40625, 'l2_norm': 3.9370317459106445, 'computation_time': 0.046478986740112305, 'batch_time': 0.054331526640453376, 'rtc_check_time': 0.006275400999584235, 'experiment_id': 'exp_20240619_200443', 'client_id': '0'}
[2024-06-19 20:05:01,900][root][INFO] - Added data to batch for client 0: {'round': 1, 'step_no': 20, 'loss': 1.8415130376815796, 'accuracy': 0.3984375, 'l2_norm': 4.114868640899658, 'computation_time': 0.06209111213684082, 'batch_time': 0.06622288602375193, 'rtc_check_time': 0.001766900000802707, 'experiment_id': 'exp_20240619_200443', 'client_id': '0'}
[2024-06-19 20:05:01,901][root][INFO] - Added data to batch for client 0: {'round': 1, 'step_no': 21, 'loss': 1.6335684061050415, 'accuracy': 0.4017857015132904, 'l2_norm': 4.265350818634033, 'computation_time': 0.04755592346191406, 'batch_time': 0.0517103513047914, 'rtc_check_time': 0.0027293999955873005, 'experiment_id': 'exp_20240619_200443', 'client_id': '0'}
[2024-06-19 20:05:01,902][root][INFO] - Added data to batch for client 0: {'round': 1, 'step_no': 22, 'loss': 1.3962557315826416, 'accuracy': 0.41335228085517883, 'l2_norm': 4.489302635192871, 'computation_time': 0.05428004264831543, 'batch_time': 0.062355440844839904, 'rtc_check_time': 0.006181401004141662, 'experiment_id': 'exp_20240619_200443', 'client_id': '0'}
[2024-06-19 20:05:01,903][root][INFO] - Added data to batch for client 0: {'round': 1, 'step_no': 23, 'loss': 1.1683876514434814, 'accuracy': 0.42798912525177, 'l2_norm': 4.764693260192871, 'computation_time': 0.045456886291503906, 'batch_time': 0.04817256001842907, 'rtc_check_time': 0.0015025999964564107, 'experiment_id': 'exp_20240619_200443', 'client_id': '0'}
[2024-06-19 20:05:01,904][root][INFO] - Added data to batch for client 0: {'round': 1, 'step_no': 24, 'loss': 1.192384958267212, 'accuracy': 0.4375, 'l2_norm': 4.973612308502197, 'computation_time': 0.05155301094055176, 'batch_time': 0.05495294163847575, 'rtc_check_time': 0.001691899997240398, 'experiment_id': 'exp_20240619_200443', 'client_id': '0'}
[2024-06-19 20:05:01,904][root][INFO] - Added batch data list for client 0. New Data Added: 24
[2024-06-19 20:05:01,907][root][INFO] - Batch data saved to /home/psklavos/fl/geom_aio/csv_logs/exp_20240619_200443/clients/client_0/batch.csv
[2024-06-19 20:05:01,907][root][INFO] - Appended data to last row of column distributed_loss in server data for client None
[2024-06-19 20:05:01,907][root][INFO] - Appended data to last row of column distributed_acc in server data for client None
[2024-06-19 20:05:01,907][root][INFO] - Appended {'distributed_loss': 1.2050737142562866, 'distributed_acc': 0.7195000052452087} to the last row of server data
[2024-06-19 20:05:01,908][root][INFO] - Server data saved to /home/psklavos/fl/geom_aio/csv_logs/exp_20240619_200443/server/server.csv
[2024-06-19 20:05:06,513][flwr][DEBUG] - fit_round 2: strategy sampled 3 clients (out of 3)
[2024-06-19 20:05:10,407][flwr][DEBUG] - fit_round 2 received 3 results and 0 failures
[2024-06-19 20:05:10,412][root][INFO] - Added data to server for client None: {'round': 2, 'average_norm': 5.039714654286702, 'round_time': 5.346787328521485, 'average_downlink_time': 0.7907028973333334, 'average_rtc_check_time': 0.27284672631746315, 'average_uplink_time': 0.5791610963333333, 'average_computation_time': 3.327706734339396, 'average_communication_time': 1.64271071998413, 'average_fit_time': 3.873517910639445, 'average_throughput': 3.8746694150314904, 'dropouts': 0, 'experiment_id': 'exp_20240619_200443'}
[2024-06-19 20:05:10,412][root][INFO] - Added server data: {'round': 2, 'average_norm': 5.039714654286702, 'round_time': 5.346787328521485, 'average_downlink_time': 0.7907028973333334, 'average_rtc_check_time': 0.27284672631746315, 'average_uplink_time': 0.5791610963333333, 'average_computation_time': 3.327706734339396, 'average_communication_time': 1.64271071998413, 'average_fit_time': 3.873517910639445, 'average_throughput': 3.8746694150314904, 'dropouts': 0, 'experiment_id': 'exp_20240619_200443'}
[2024-06-19 20:05:10,469][utils.model][INFO] - LeNet model built
[2024-06-19 20:05:10,585][utils.model][INFO] - Size of serialized model: 279.0341796875 kbytes
[2024-06-19 20:05:10,625][utils.model][INFO] - Step 1/40 - val_loss: 0.3012 - val_accuracy: 0.9453
[2024-06-19 20:05:10,645][utils.model][INFO] - Step 2/40 - val_loss: 0.3677 - val_accuracy: 0.9062
[2024-06-19 20:05:10,664][utils.model][INFO] - Step 3/40 - val_loss: 0.3756 - val_accuracy: 0.8984
[2024-06-19 20:05:10,684][utils.model][INFO] - Step 4/40 - val_loss: 0.3596 - val_accuracy: 0.8984
[2024-06-19 20:05:10,704][utils.model][INFO] - Step 5/40 - val_loss: 0.3782 - val_accuracy: 0.8938
[2024-06-19 20:05:10,724][utils.model][INFO] - Step 6/40 - val_loss: 0.3887 - val_accuracy: 0.8867
[2024-06-19 20:05:10,744][utils.model][INFO] - Step 7/40 - val_loss: 0.3971 - val_accuracy: 0.8873
[2024-06-19 20:05:10,764][utils.model][INFO] - Step 8/40 - val_loss: 0.3946 - val_accuracy: 0.8877
[2024-06-19 20:05:10,784][utils.model][INFO] - Step 9/40 - val_loss: 0.4065 - val_accuracy: 0.8854
[2024-06-19 20:05:10,804][utils.model][INFO] - Step 10/40 - val_loss: 0.4048 - val_accuracy: 0.8859
[2024-06-19 20:05:10,825][utils.model][INFO] - Step 11/40 - val_loss: 0.3986 - val_accuracy: 0.8860
[2024-06-19 20:05:10,845][utils.model][INFO] - Step 12/40 - val_loss: 0.3931 - val_accuracy: 0.8877
[2024-06-19 20:05:10,864][utils.model][INFO] - Step 13/40 - val_loss: 0.3936 - val_accuracy: 0.8879
[2024-06-19 20:05:10,883][utils.model][INFO] - Step 14/40 - val_loss: 0.3924 - val_accuracy: 0.8881
[2024-06-19 20:05:10,907][utils.model][INFO] - Step 15/40 - val_loss: 0.3986 - val_accuracy: 0.8857
[2024-06-19 20:05:10,929][utils.model][INFO] - Step 16/40 - val_loss: 0.4040 - val_accuracy: 0.8845
[2024-06-19 20:05:10,949][utils.model][INFO] - Step 17/40 - val_loss: 0.4078 - val_accuracy: 0.8837
[2024-06-19 20:05:10,971][utils.model][INFO] - Step 18/40 - val_loss: 0.4085 - val_accuracy: 0.8830
[2024-06-19 20:05:10,992][utils.model][INFO] - Step 19/40 - val_loss: 0.4077 - val_accuracy: 0.8838
[2024-06-19 20:05:11,016][utils.model][INFO] - Step 20/40 - val_loss: 0.4055 - val_accuracy: 0.8848
[2024-06-19 20:05:11,039][utils.model][INFO] - Step 21/40 - val_loss: 0.3951 - val_accuracy: 0.8876
[2024-06-19 20:05:11,061][utils.model][INFO] - Step 22/40 - val_loss: 0.3848 - val_accuracy: 0.8910
[2024-06-19 20:05:11,083][utils.model][INFO] - Step 23/40 - val_loss: 0.3784 - val_accuracy: 0.8932
[2024-06-19 20:05:11,108][utils.model][INFO] - Step 24/40 - val_loss: 0.3794 - val_accuracy: 0.8923
[2024-06-19 20:05:11,130][utils.model][INFO] - Step 25/40 - val_loss: 0.3731 - val_accuracy: 0.8947
[2024-06-19 20:05:11,152][utils.model][INFO] - Step 26/40 - val_loss: 0.3723 - val_accuracy: 0.8956
[2024-06-19 20:05:11,175][utils.model][INFO] - Step 27/40 - val_loss: 0.3696 - val_accuracy: 0.8963
[2024-06-19 20:05:11,197][utils.model][INFO] - Step 28/40 - val_loss: 0.3623 - val_accuracy: 0.8983
[2024-06-19 20:05:11,216][utils.model][INFO] - Step 29/40 - val_loss: 0.3575 - val_accuracy: 0.9003
[2024-06-19 20:05:11,233][utils.model][INFO] - Step 30/40 - val_loss: 0.3550 - val_accuracy: 0.9012
[2024-06-19 20:05:11,251][utils.model][INFO] - Step 31/40 - val_loss: 0.3525 - val_accuracy: 0.9016
[2024-06-19 20:05:11,268][utils.model][INFO] - Step 32/40 - val_loss: 0.3466 - val_accuracy: 0.9034
[2024-06-19 20:05:11,287][utils.model][INFO] - Step 33/40 - val_loss: 0.3425 - val_accuracy: 0.9051
[2024-06-19 20:05:11,304][utils.model][INFO] - Step 34/40 - val_loss: 0.3366 - val_accuracy: 0.9069
[2024-06-19 20:05:11,324][utils.model][INFO] - Step 35/40 - val_loss: 0.3292 - val_accuracy: 0.9096
[2024-06-19 20:05:11,344][utils.model][INFO] - Step 36/40 - val_loss: 0.3264 - val_accuracy: 0.9107
[2024-06-19 20:05:11,361][utils.model][INFO] - Step 37/40 - val_loss: 0.3218 - val_accuracy: 0.9124
[2024-06-19 20:05:11,379][utils.model][INFO] - Step 38/40 - val_loss: 0.3206 - val_accuracy: 0.9125
[2024-06-19 20:05:11,396][utils.model][INFO] - Step 39/40 - val_loss: 0.3249 - val_accuracy: 0.9108
[2024-06-19 20:05:11,404][utils.model][INFO] - Step 40/40 - val_loss: 0.3221 - val_accuracy: 0.9108
[2024-06-19 20:05:11,406][utils.model][INFO] - Evaluation Results - Val Loss: 0.3221, Val Accuracy: 0.9108 in 40 steps
[2024-06-19 20:05:11,407][root][INFO] - Appended data to last row of column centralized_loss in server data for client None
[2024-06-19 20:05:11,408][root][INFO] - Appended data to last row of column centralized_acc in server data for client None
[2024-06-19 20:05:11,408][root][INFO] - Appended {'centralized_loss': 0.32209206, 'centralized_acc': 0.9108} to the last row of server data
[2024-06-19 20:05:11,408][flwr][INFO] - fit progress: (2, 0.32209206, {'accuracy': 0.9108}, 18.37378555000032)
[2024-06-19 20:05:11,408][flwr][DEBUG] - evaluate_round 2: strategy sampled 3 clients (out of 3)
[2024-06-19 20:05:12,020][flwr][DEBUG] - evaluate_round 2 received 3 results and 0 failures
[2024-06-19 20:05:12,022][root][INFO] - Added data to epoch for client 2: {'round': 2, 'epoch_steps': 70, 'total_steps': 94, 'l2_norm': 4.859423637390137, 'total_computation_time': 3.2980077266693115, 'total_rtc_check_time': 0.2978383289955673, 'total_duration': 3.8707408905029297, 'val_loss': 0.3516237139701843, 'val_accuracy': 0.9035000205039978, 'experiment_id': 'exp_20240619_200443', 'client_id': '2'}
[2024-06-19 20:05:12,022][root][INFO] - Added epoch data for client 2: {'round': 2, 'epoch_steps': 70, 'total_steps': 94, 'l2_norm': 4.859423637390137, 'total_computation_time': 3.2980077266693115, 'total_rtc_check_time': 0.2978383289955673, 'total_duration': 3.8707408905029297, 'val_loss': 0.3516237139701843, 'val_accuracy': 0.9035000205039978, 'experiment_id': 'exp_20240619_200443', 'client_id': '2'}
[2024-06-19 20:05:12,023][root][INFO] - Epoch data saved to /home/psklavos/fl/geom_aio/csv_logs/exp_20240619_200443/clients/client_2/epoch.csv
[2024-06-19 20:05:12,024][root][INFO] - Added data to batch for client 2: {'round': 2, 'step_no': 25, 'loss': 1.3569982051849365, 'accuracy': 0.71875, 'l2_norm': 0.08940034359693527, 'computation_time': 0.05223512649536133, 'batch_time': 0.055683240556390956, 'rtc_check_time': 0.001861199998529628, 'experiment_id': 'exp_20240619_200443', 'client_id': '2'}
[2024-06-19 20:05:12,025][root][INFO] - Added data to batch for client 2: {'round': 2, 'step_no': 26, 'loss': 1.3808943033218384, 'accuracy': 0.65625, 'l2_norm': 0.10131186246871948, 'computation_time': 0.0640711784362793, 'batch_time': 0.07003324903052999, 'rtc_check_time': 0.004091200004040729, 'experiment_id': 'exp_20240619_200443', 'client_id': '2'}
[2024-06-19 20:05:12,026][root][INFO] - Added data to batch for client 2: {'round': 2, 'step_no': 27, 'loss': 1.1353302001953125, 'accuracy': 0.6458333134651184, 'l2_norm': 0.17364759743213654, 'computation_time': 0.06360006332397461, 'batch_time': 0.0694034559346619, 'rtc_check_time': 0.0036705000020447187, 'experiment_id': 'exp_20240619_200443', 'client_id': '2'}
[2024-06-19 20:05:12,027][root][INFO] - Added data to batch for client 2: {'round': 2, 'step_no': 28, 'loss': 0.8860661387443542, 'accuracy': 0.6953125, 'l2_norm': 0.21406608819961548, 'computation_time': 0.0551910400390625, 'batch_time': 0.06755455322127091, 'rtc_check_time': 0.01059540099959122, 'experiment_id': 'exp_20240619_200443', 'client_id': '2'}
[2024-06-19 20:05:12,028][root][INFO] - Added data to batch for client 2: {'round': 2, 'step_no': 29, 'loss': 0.8577286005020142, 'accuracy': 0.71875, 'l2_norm': 0.2982204258441925, 'computation_time': 0.06810402870178223, 'batch_time': 0.0809448618456372, 'rtc_check_time': 0.009902800993586425, 'experiment_id': 'exp_20240619_200443', 'client_id': '2'}
[2024-06-19 20:05:12,029][root][INFO] - Added data to batch for client 2: {'round': 2, 'step_no': 30, 'loss': 0.7989315986633301, 'accuracy': 0.734375, 'l2_norm': 0.34427788853645325, 'computation_time': 0.0563969612121582, 'batch_time': 0.059868412841751706, 'rtc_check_time': 0.0017514999999548309, 'experiment_id': 'exp_20240619_200443', 'client_id': '2'}
[2024-06-19 20:05:12,030][root][INFO] - Added data to batch for client 2: {'round': 2, 'step_no': 31, 'loss': 1.2524003982543945, 'accuracy': 0.7142857313156128, 'l2_norm': 0.4308815002441406, 'computation_time': 0.05148005485534668, 'batch_time': 0.05977116269059479, 'rtc_check_time': 0.006920201005414128, 'experiment_id': 'exp_20240619_200443', 'client_id': '2'}
[2024-06-19 20:05:12,031][root][INFO] - Added data to batch for client 2: {'round': 2, 'step_no': 32, 'loss': 1.2618119716644287, 'accuracy': 0.70703125, 'l2_norm': 0.46479517221450806, 'computation_time': 0.0508120059967041, 'batch_time': 0.05891053616505815, 'rtc_check_time': 0.006851600999652874, 'experiment_id': 'exp_20240619_200443', 'client_id': '2'}
[2024-06-19 20:05:12,032][root][INFO] - Added data to batch for client 2: {'round': 2, 'step_no': 33, 'loss': 0.9116694927215576, 'accuracy': 0.7152777910232544, 'l2_norm': 0.5192844867706299, 'computation_time': 0.048603057861328125, 'batch_time': 0.0650192940593115, 'rtc_check_time': 0.014989301002060529, 'experiment_id': 'exp_20240619_200443', 'client_id': '2'}
[2024-06-19 20:05:12,033][root][INFO] - Added data to batch for client 2: {'round': 2, 'step_no': 34, 'loss': 0.7322770953178406, 'accuracy': 0.7250000238418579, 'l2_norm': 0.5693891644477844, 'computation_time': 0.0549778938293457, 'batch_time': 0.06351484928745776, 'rtc_check_time': 0.006277701002545655, 'experiment_id': 'exp_20240619_200443', 'client_id': '2'}
[2024-06-19 20:05:12,034][root][INFO] - Added data to batch for client 2: {'round': 2, 'step_no': 35, 'loss': 0.9068308472633362, 'accuracy': 0.7159090638160706, 'l2_norm': 0.6331657767295837, 'computation_time': 0.05095410346984863, 'batch_time': 0.05573910439852625, 'rtc_check_time': 0.0029971000039950013, 'experiment_id': 'exp_20240619_200443', 'client_id': '2'}
[2024-06-19 20:05:12,035][root][INFO] - Added data to batch for client 2: {'round': 2, 'step_no': 36, 'loss': 0.8818991184234619, 'accuracy': 0.7213541865348816, 'l2_norm': 0.7155020833015442, 'computation_time': 0.06404709815979004, 'batch_time': 0.07743945628317306, 'rtc_check_time': 0.01195350199850509, 'experiment_id': 'exp_20240619_200443', 'client_id': '2'}
[2024-06-19 20:05:12,036][root][INFO] - Added data to batch for client 2: {'round': 2, 'step_no': 37, 'loss': 0.7813053131103516, 'accuracy': 0.7259615659713745, 'l2_norm': 0.7952983379364014, 'computation_time': 0.049449920654296875, 'batch_time': 0.05347488189727301, 'rtc_check_time': 0.0025718000033521093, 'experiment_id': 'exp_20240619_200443', 'client_id': '2'}
[2024-06-19 20:05:12,037][root][INFO] - Added data to batch for client 2: {'round': 2, 'step_no': 38, 'loss': 0.8574717044830322, 'accuracy': 0.7254464030265808, 'l2_norm': 0.8515070676803589, 'computation_time': 0.04823899269104004, 'batch_time': 0.05146909075847361, 'rtc_check_time': 0.0017251999961445108, 'experiment_id': 'exp_20240619_200443', 'client_id': '2'}
[2024-06-19 20:05:12,038][root][INFO] - Added data to batch for client 2: {'round': 2, 'step_no': 39, 'loss': 0.5503429770469666, 'accuracy': 0.731249988079071, 'l2_norm': 0.923749566078186, 'computation_time': 0.04865694046020508, 'batch_time': 0.058894554611470085, 'rtc_check_time': 0.008816401001240592, 'experiment_id': 'exp_20240619_200443', 'client_id': '2'}
[2024-06-19 20:05:12,039][root][INFO] - Added data to batch for client 2: {'round': 2, 'step_no': 40, 'loss': 0.8519642949104309, 'accuracy': 0.7265625, 'l2_norm': 0.9512705206871033, 'computation_time': 0.048529863357543945, 'batch_time': 0.05267780325812055, 'rtc_check_time': 0.0025708009998197667, 'experiment_id': 'exp_20240619_200443', 'client_id': '2'}
[2024-06-19 20:05:12,040][root][INFO] - Added data to batch for client 2: {'round': 2, 'step_no': 41, 'loss': 0.8617798089981079, 'accuracy': 0.7242646813392639, 'l2_norm': 1.0639795064926147, 'computation_time': 0.04894304275512695, 'batch_time': 0.05241225572535768, 'rtc_check_time': 0.0021323999972082675, 'experiment_id': 'exp_20240619_200443', 'client_id': '2'}
[2024-06-19 20:05:12,041][root][INFO] - Added data to batch for client 2: {'round': 2, 'step_no': 42, 'loss': 0.8515915274620056, 'accuracy': 0.7239583134651184, 'l2_norm': 1.1256983280181885, 'computation_time': 0.05501103401184082, 'batch_time': 0.06029435518576065, 'rtc_check_time': 0.0032662999947206117, 'experiment_id': 'exp_20240619_200443', 'client_id': '2'}
[2024-06-19 20:05:12,043][root][INFO] - Added data to batch for client 2: {'round': 2, 'step_no': 43, 'loss': 0.7377438545227051, 'accuracy': 0.7236841917037964, 'l2_norm': 1.2003769874572754, 'computation_time': 0.04660487174987793, 'batch_time': 0.05714559827174526, 'rtc_check_time': 0.009145500996964984, 'experiment_id': 'exp_20240619_200443', 'client_id': '2'}
[2024-06-19 20:05:12,044][root][INFO] - Added data to batch for client 2: {'round': 2, 'step_no': 44, 'loss': 0.6061369180679321, 'accuracy': 0.7265625, 'l2_norm': 1.2730878591537476, 'computation_time': 0.04596519470214844, 'batch_time': 0.05383121743216179, 'rtc_check_time': 0.00645529999746941, 'experiment_id': 'exp_20240619_200443', 'client_id': '2'}
[2024-06-19 20:05:12,047][root][INFO] - Added data to batch for client 2: {'round': 2, 'step_no': 45, 'loss': 0.8094481229782104, 'accuracy': 0.7247023582458496, 'l2_norm': 1.3488926887512207, 'computation_time': 0.04526996612548828, 'batch_time': 0.050916981395857874, 'rtc_check_time': 0.00423200100340182, 'experiment_id': 'exp_20240619_200443', 'client_id': '2'}
[2024-06-19 20:05:12,048][root][INFO] - Added data to batch for client 2: {'round': 2, 'step_no': 46, 'loss': 0.8124516010284424, 'accuracy': 0.7244318127632141, 'l2_norm': 1.4128087759017944, 'computation_time': 0.05464816093444824, 'batch_time': 0.058208708418533206, 'rtc_check_time': 0.002201800001785159, 'experiment_id': 'exp_20240619_200443', 'client_id': '2'}
[2024-06-19 20:05:12,049][root][INFO] - Added data to batch for client 2: {'round': 2, 'step_no': 47, 'loss': 0.7070370316505432, 'accuracy': 0.7241848111152649, 'l2_norm': 1.5045534372329712, 'computation_time': 0.04158306121826172, 'batch_time': 0.04520603254059097, 'rtc_check_time': 0.002481900002749171, 'experiment_id': 'exp_20240619_200443', 'client_id': '2'}
[2024-06-19 20:05:12,051][root][INFO] - Added data to batch for client 2: {'round': 2, 'step_no': 48, 'loss': 0.6963894367218018, 'accuracy': 0.7252604365348816, 'l2_norm': 1.5728707313537598, 'computation_time': 0.038702964782714844, 'batch_time': 0.04139546129590599, 'rtc_check_time': 0.001600301002326887, 'experiment_id': 'exp_20240619_200443', 'client_id': '2'}
[2024-06-19 20:05:12,052][root][INFO] - Added data to batch for client 2: {'round': 2, 'step_no': 49, 'loss': 0.5975152850151062, 'accuracy': 0.7300000190734863, 'l2_norm': 1.6509249210357666, 'computation_time': 0.045976877212524414, 'batch_time': 0.04997144856315572, 'rtc_check_time': 0.0025066009984584525, 'experiment_id': 'exp_20240619_200443', 'client_id': '2'}
[2024-06-19 20:05:12,054][root][INFO] - Added data to batch for client 2: {'round': 2, 'step_no': 50, 'loss': 0.763025164604187, 'accuracy': 0.729567289352417, 'l2_norm': 1.6814677715301514, 'computation_time': 0.04003095626831055, 'batch_time': 0.045073548433720134, 'rtc_check_time': 0.003120699999271892, 'experiment_id': 'exp_20240619_200443', 'client_id': '2'}
[2024-06-19 20:05:12,055][root][INFO] - Added data to batch for client 2: {'round': 2, 'step_no': 51, 'loss': 0.5548536777496338, 'accuracy': 0.7349537014961243, 'l2_norm': 1.757485032081604, 'computation_time': 0.042572021484375, 'batch_time': 0.05407378998643253, 'rtc_check_time': 0.009485700997174717, 'experiment_id': 'exp_20240619_200443', 'client_id': '2'}
[2024-06-19 20:05:12,057][root][INFO] - Added data to batch for client 2: {'round': 2, 'step_no': 52, 'loss': 0.5860260128974915, 'accuracy': 0.7377232313156128, 'l2_norm': 1.8234604597091675, 'computation_time': 0.044751882553100586, 'batch_time': 0.04929391980112996, 'rtc_check_time': 0.0032118999952217564, 'experiment_id': 'exp_20240619_200443', 'client_id': '2'}
[2024-06-19 20:05:12,058][root][INFO] - Added data to batch for client 2: {'round': 2, 'step_no': 53, 'loss': 0.4382881820201874, 'accuracy': 0.7446120977401733, 'l2_norm': 1.9324493408203125, 'computation_time': 0.04035019874572754, 'batch_time': 0.04399703341186978, 'rtc_check_time': 0.002473100001225248, 'experiment_id': 'exp_20240619_200443', 'client_id': '2'}
[2024-06-19 20:05:12,059][root][INFO] - Added data to batch for client 2: {'round': 2, 'step_no': 54, 'loss': 0.4987857937812805, 'accuracy': 0.7479166388511658, 'l2_norm': 1.9930658340454102, 'computation_time': 0.04045701026916504, 'batch_time': 0.04417271051352145, 'rtc_check_time': 0.0025217000002157874, 'experiment_id': 'exp_20240619_200443', 'client_id': '2'}
[2024-06-19 20:05:12,060][root][INFO] - Added data to batch for client 2: {'round': 2, 'step_no': 55, 'loss': 0.6200613379478455, 'accuracy': 0.7469757795333862, 'l2_norm': 2.1445152759552, 'computation_time': 0.04377603530883789, 'batch_time': 0.047252123622456565, 'rtc_check_time': 0.0022530010028276592, 'experiment_id': 'exp_20240619_200443', 'client_id': '2'}
[2024-06-19 20:05:12,061][root][INFO] - Added data to batch for client 2: {'round': 2, 'step_no': 56, 'loss': 0.5481816530227661, 'accuracy': 0.75, 'l2_norm': 2.195488691329956, 'computation_time': 0.045350074768066406, 'batch_time': 0.05224238116352353, 'rtc_check_time': 0.004921300002024509, 'experiment_id': 'exp_20240619_200443', 'client_id': '2'}
[2024-06-19 20:05:12,063][root][INFO] - Added data to batch for client 2: {'round': 2, 'step_no': 57, 'loss': 0.5009061098098755, 'accuracy': 0.751893937587738, 'l2_norm': 2.250844955444336, 'computation_time': 0.04368090629577637, 'batch_time': 0.04662099164124811, 'rtc_check_time': 0.001578000003064517, 'experiment_id': 'exp_20240619_200443', 'client_id': '2'}
[2024-06-19 20:05:12,064][root][INFO] - Added data to batch for client 2: {'round': 2, 'step_no': 58, 'loss': 0.4119243025779724, 'accuracy': 0.7555146813392639, 'l2_norm': 2.3310048580169678, 'computation_time': 0.0429229736328125, 'batch_time': 0.045456001949787606, 'rtc_check_time': 0.0013612010006909259, 'experiment_id': 'exp_20240619_200443', 'client_id': '2'}
[2024-06-19 20:05:12,065][root][INFO] - Added data to batch for client 2: {'round': 2, 'step_no': 59, 'loss': 0.31622642278671265, 'accuracy': 0.7607142925262451, 'l2_norm': 2.398819923400879, 'computation_time': 0.039309024810791016, 'batch_time': 0.04272163939458551, 'rtc_check_time': 0.0023835999963921495, 'experiment_id': 'exp_20240619_200443', 'client_id': '2'}
[2024-06-19 20:05:12,066][root][INFO] - Added data to batch for client 2: {'round': 2, 'step_no': 60, 'loss': 0.7422770261764526, 'accuracy': 0.7612847089767456, 'l2_norm': 2.506460189819336, 'computation_time': 0.0468440055847168, 'batch_time': 0.05186220286122989, 'rtc_check_time': 0.0038931000017328188, 'experiment_id': 'exp_20240619_200443', 'client_id': '2'}
[2024-06-19 20:05:12,067][root][INFO] - Added data to batch for client 2: {'round': 2, 'step_no': 61, 'loss': 0.4049685597419739, 'accuracy': 0.7635135054588318, 'l2_norm': 2.5535614490509033, 'computation_time': 0.03969907760620117, 'batch_time': 0.045267251691257115, 'rtc_check_time': 0.00439420100155985, 'experiment_id': 'exp_20240619_200443', 'client_id': '2'}
[2024-06-19 20:05:12,069][root][INFO] - Added data to batch for client 2: {'round': 2, 'step_no': 62, 'loss': 0.396608829498291, 'accuracy': 0.7664473652839661, 'l2_norm': 2.6360576152801514, 'computation_time': 0.04029989242553711, 'batch_time': 0.04529743767488981, 'rtc_check_time': 0.0036264000009396113, 'experiment_id': 'exp_20240619_200443', 'client_id': '2'}
[2024-06-19 20:05:12,070][root][INFO] - Added data to batch for client 2: {'round': 2, 'step_no': 63, 'loss': 0.4855118989944458, 'accuracy': 0.7684294581413269, 'l2_norm': 2.6795196533203125, 'computation_time': 0.04358506202697754, 'batch_time': 0.04605382087902399, 'rtc_check_time': 0.0013438999958452769, 'experiment_id': 'exp_20240619_200443', 'client_id': '2'}
[2024-06-19 20:05:12,071][root][INFO] - Added data to batch for client 2: {'round': 2, 'step_no': 64, 'loss': 0.36992573738098145, 'accuracy': 0.770312488079071, 'l2_norm': 2.793165445327759, 'computation_time': 0.03973698616027832, 'batch_time': 0.04829202749533579, 'rtc_check_time': 0.007370100996922702, 'experiment_id': 'exp_20240619_200443', 'client_id': '2'}
[2024-06-19 20:05:12,073][root][INFO] - Added data to batch for client 2: {'round': 2, 'step_no': 65, 'loss': 0.39073097705841064, 'accuracy': 0.7728658318519592, 'l2_norm': 2.8527231216430664, 'computation_time': 0.04144883155822754, 'batch_time': 0.04617777210660279, 'rtc_check_time': 0.0031127010006457567, 'experiment_id': 'exp_20240619_200443', 'client_id': '2'}
[2024-06-19 20:05:12,074][root][INFO] - Added data to batch for client 2: {'round': 2, 'step_no': 66, 'loss': 0.372536301612854, 'accuracy': 0.7767857313156128, 'l2_norm': 2.9463839530944824, 'computation_time': 0.04805707931518555, 'batch_time': 0.0559789386097691, 'rtc_check_time': 0.006793900996854063, 'experiment_id': 'exp_20240619_200443', 'client_id': '2'}
[2024-06-19 20:05:12,075][root][INFO] - Added data to batch for client 2: {'round': 2, 'step_no': 67, 'loss': 0.39908069372177124, 'accuracy': 0.7790697813034058, 'l2_norm': 3.021925687789917, 'computation_time': 0.052520036697387695, 'batch_time': 0.055573210229340475, 'rtc_check_time': 0.0016682000059518032, 'experiment_id': 'exp_20240619_200443', 'client_id': '2'}
[2024-06-19 20:05:12,076][root][INFO] - Added data to batch for client 2: {'round': 2, 'step_no': 68, 'loss': 0.6317001581192017, 'accuracy': 0.7791193127632141, 'l2_norm': 3.063265085220337, 'computation_time': 0.05019497871398926, 'batch_time': 0.05409012363816146, 'rtc_check_time': 0.0021379999961936846, 'experiment_id': 'exp_20240619_200443', 'client_id': '2'}
[2024-06-19 20:05:12,077][root][INFO] - Added data to batch for client 2: {'round': 2, 'step_no': 69, 'loss': 0.45864376425743103, 'accuracy': 0.78125, 'l2_norm': 3.141043186187744, 'computation_time': 0.04644203186035156, 'batch_time': 0.049358022144588176, 'rtc_check_time': 0.0016240000040852465, 'experiment_id': 'exp_20240619_200443', 'client_id': '2'}
[2024-06-19 20:05:12,078][root][INFO] - Added data to batch for client 2: {'round': 2, 'step_no': 70, 'loss': 0.25330254435539246, 'accuracy': 0.78464674949646, 'l2_norm': 3.2324795722961426, 'computation_time': 0.04403185844421387, 'batch_time': 0.06189368134801043, 'rtc_check_time': 0.01657460099522723, 'experiment_id': 'exp_20240619_200443', 'client_id': '2'}
[2024-06-19 20:05:12,079][root][INFO] - Added data to batch for client 2: {'round': 2, 'step_no': 71, 'loss': 0.5143725872039795, 'accuracy': 0.7852393388748169, 'l2_norm': 3.2321736812591553, 'computation_time': 0.04670000076293945, 'batch_time': 0.049427276811911725, 'rtc_check_time': 0.001484399996115826, 'experiment_id': 'exp_20240619_200443', 'client_id': '2'}
[2024-06-19 20:05:12,080][root][INFO] - Added data to batch for client 2: {'round': 2, 'step_no': 72, 'loss': 0.6741873025894165, 'accuracy': 0.7858073115348816, 'l2_norm': 3.349550485610962, 'computation_time': 0.04904484748840332, 'batch_time': 0.05306802572158631, 'rtc_check_time': 0.002488001002348028, 'experiment_id': 'exp_20240619_200443', 'client_id': '2'}
[2024-06-19 20:05:12,082][root][INFO] - Added data to batch for client 2: {'round': 2, 'step_no': 73, 'loss': 0.5456526279449463, 'accuracy': 0.7876275777816772, 'l2_norm': 3.3948230743408203, 'computation_time': 0.04206395149230957, 'batch_time': 0.045635824666533154, 'rtc_check_time': 0.002355700002226513, 'experiment_id': 'exp_20240619_200443', 'client_id': '2'}
[2024-06-19 20:05:12,083][root][INFO] - Added data to batch for client 2: {'round': 2, 'step_no': 74, 'loss': 0.25997400283813477, 'accuracy': 0.7912499904632568, 'l2_norm': 3.475050687789917, 'computation_time': 0.04810905456542969, 'batch_time': 0.05138156557222828, 'rtc_check_time': 0.002004601003136486, 'experiment_id': 'exp_20240619_200443', 'client_id': '2'}
[2024-06-19 20:05:12,084][root][INFO] - Added data to batch for client 2: {'round': 2, 'step_no': 75, 'loss': 0.4039323329925537, 'accuracy': 0.7916666865348816, 'l2_norm': 3.5758848190307617, 'computation_time': 0.05000114440917969, 'batch_time': 0.054642825925839134, 'rtc_check_time': 0.0032156999950530007, 'experiment_id': 'exp_20240619_200443', 'client_id': '2'}
[2024-06-19 20:05:12,085][root][INFO] - Added data to batch for client 2: {'round': 2, 'step_no': 76, 'loss': 0.7514017224311829, 'accuracy': 0.792067289352417, 'l2_norm': 3.6882903575897217, 'computation_time': 0.06462407112121582, 'batch_time': 0.07587167610472534, 'rtc_check_time': 0.009348601000965573, 'experiment_id': 'exp_20240619_200443', 'client_id': '2'}
[2024-06-19 20:05:12,086][root][INFO] - Added data to batch for client 2: {'round': 2, 'step_no': 77, 'loss': 0.4986855983734131, 'accuracy': 0.7924528121948242, 'l2_norm': 3.720822811126709, 'computation_time': 0.04840588569641113, 'batch_time': 0.053905064036371186, 'rtc_check_time': 0.004178100993158296, 'experiment_id': 'exp_20240619_200443', 'client_id': '2'}
[2024-06-19 20:05:12,088][root][INFO] - Added data to batch for client 2: {'round': 2, 'step_no': 78, 'loss': 0.49182358384132385, 'accuracy': 0.7922453880310059, 'l2_norm': 3.750732421875, 'computation_time': 0.048850059509277344, 'batch_time': 0.058243959116225597, 'rtc_check_time': 0.007427900003676768, 'experiment_id': 'exp_20240619_200443', 'client_id': '2'}
[2024-06-19 20:05:12,089][root][INFO] - Added data to batch for client 2: {'round': 2, 'step_no': 79, 'loss': 0.43804633617401123, 'accuracy': 0.7948863506317139, 'l2_norm': 3.7897818088531494, 'computation_time': 0.04616403579711914, 'batch_time': 0.05375141426338814, 'rtc_check_time': 0.006480401003500447, 'experiment_id': 'exp_20240619_200443', 'client_id': '2'}
[2024-06-19 20:05:12,090][root][INFO] - Added data to batch for client 2: {'round': 2, 'step_no': 80, 'loss': 0.3440530598163605, 'accuracy': 0.796875, 'l2_norm': 3.890364170074463, 'computation_time': 0.037847042083740234, 'batch_time': 0.04314200828230241, 'rtc_check_time': 0.004168199993728194, 'experiment_id': 'exp_20240619_200443', 'client_id': '2'}
[2024-06-19 20:05:12,091][root][INFO] - Added data to batch for client 2: {'round': 2, 'step_no': 81, 'loss': 0.4240800142288208, 'accuracy': 0.7976973652839661, 'l2_norm': 3.965916872024536, 'computation_time': 0.03922295570373535, 'batch_time': 0.044485969527158886, 'rtc_check_time': 0.004058999998960644, 'experiment_id': 'exp_20240619_200443', 'client_id': '2'}
[2024-06-19 20:05:12,093][root][INFO] - Added data to batch for client 2: {'round': 2, 'step_no': 82, 'loss': 0.33135509490966797, 'accuracy': 0.8001077771186829, 'l2_norm': 4.035562992095947, 'computation_time': 0.04483604431152344, 'batch_time': 0.047452809958485886, 'rtc_check_time': 0.0014869000006001443, 'experiment_id': 'exp_20240619_200443', 'client_id': '2'}
[2024-06-19 20:05:12,094][root][INFO] - Added data to batch for client 2: {'round': 2, 'step_no': 83, 'loss': 0.3738635778427124, 'accuracy': 0.8008474707603455, 'l2_norm': 4.143834590911865, 'computation_time': 0.04803299903869629, 'batch_time': 0.05050143017433584, 'rtc_check_time': 0.0013604999985545874, 'experiment_id': 'exp_20240619_200443', 'client_id': '2'}
[2024-06-19 20:05:12,095][root][INFO] - Added data to batch for client 2: {'round': 2, 'step_no': 84, 'loss': 0.2876986265182495, 'accuracy': 0.8031250238418579, 'l2_norm': 4.2067952156066895, 'computation_time': 0.03930497169494629, 'batch_time': 0.044362856504449155, 'rtc_check_time': 0.003948999998101499, 'experiment_id': 'exp_20240619_200443', 'client_id': '2'}
[2024-06-19 20:05:12,096][root][INFO] - Added data to batch for client 2: {'round': 2, 'step_no': 85, 'loss': 0.4641888439655304, 'accuracy': 0.8022540807723999, 'l2_norm': 4.277522563934326, 'computation_time': 0.039893150329589844, 'batch_time': 0.04333572397445096, 'rtc_check_time': 0.00227170000289334, 'experiment_id': 'exp_20240619_200443', 'client_id': '2'}
[2024-06-19 20:05:12,097][root][INFO] - Added data to batch for client 2: {'round': 2, 'step_no': 86, 'loss': 0.3463580012321472, 'accuracy': 0.8029233813285828, 'l2_norm': 4.383769989013672, 'computation_time': 0.05004096031188965, 'batch_time': 0.05349228072009282, 'rtc_check_time': 0.0020703999980469234, 'experiment_id': 'exp_20240619_200443', 'client_id': '2'}
[2024-06-19 20:05:12,098][root][INFO] - Added data to batch for client 2: {'round': 2, 'step_no': 87, 'loss': 0.21103771030902863, 'accuracy': 0.805059552192688, 'l2_norm': 4.436504364013672, 'computation_time': 0.03870797157287598, 'batch_time': 0.042025975548313, 'rtc_check_time': 0.002230099998996593, 'experiment_id': 'exp_20240619_200443', 'client_id': '2'}
[2024-06-19 20:05:12,099][root][INFO] - Added data to batch for client 2: {'round': 2, 'step_no': 88, 'loss': 0.3904056251049042, 'accuracy': 0.80712890625, 'l2_norm': 4.482548713684082, 'computation_time': 0.04184103012084961, 'batch_time': 0.04695411340799183, 'rtc_check_time': 0.0038621010025963187, 'experiment_id': 'exp_20240619_200443', 'client_id': '2'}
[2024-06-19 20:05:12,100][root][INFO] - Added data to batch for client 2: {'round': 2, 'step_no': 89, 'loss': 0.7217665314674377, 'accuracy': 0.8057692050933838, 'l2_norm': 4.5273756980896, 'computation_time': 0.04348897933959961, 'batch_time': 0.046180764242308214, 'rtc_check_time': 0.0015407000028062612, 'experiment_id': 'exp_20240619_200443', 'client_id': '2'}
[2024-06-19 20:05:12,101][root][INFO] - Added data to batch for client 2: {'round': 2, 'step_no': 90, 'loss': 0.4724781811237335, 'accuracy': 0.8058711886405945, 'l2_norm': 4.598970890045166, 'computation_time': 0.04095005989074707, 'batch_time': 0.04400044505746337, 'rtc_check_time': 0.0019806010022875853, 'experiment_id': 'exp_20240619_200443', 'client_id': '2'}
[2024-06-19 20:05:12,102][root][INFO] - Added data to batch for client 2: {'round': 2, 'step_no': 91, 'loss': 0.7150436043739319, 'accuracy': 0.8050373196601868, 'l2_norm': 4.63676118850708, 'computation_time': 0.04067587852478027, 'batch_time': 0.043724704162741546, 'rtc_check_time': 0.0018676999970921315, 'experiment_id': 'exp_20240619_200443', 'client_id': '2'}
[2024-06-19 20:05:12,103][root][INFO] - Added data to batch for client 2: {'round': 2, 'step_no': 92, 'loss': 0.5243926048278809, 'accuracy': 0.8060661554336548, 'l2_norm': 4.72015380859375, 'computation_time': 0.048426151275634766, 'batch_time': 0.051517992818844505, 'rtc_check_time': 0.0018708999996306375, 'experiment_id': 'exp_20240619_200443', 'client_id': '2'}
[2024-06-19 20:05:12,104][root][INFO] - Added data to batch for client 2: {'round': 2, 'step_no': 93, 'loss': 0.5392122864723206, 'accuracy': 0.8057065010070801, 'l2_norm': 4.785076141357422, 'computation_time': 0.044409990310668945, 'batch_time': 0.050373997786664404, 'rtc_check_time': 0.004553999999188818, 'experiment_id': 'exp_20240619_200443', 'client_id': '2'}
[2024-06-19 20:05:12,105][root][INFO] - Added data to batch for client 2: {'round': 2, 'step_no': 94, 'loss': 0.37477409839630127, 'accuracy': 0.8075892925262451, 'l2_norm': 4.859423637390137, 'computation_time': 0.0422520637512207, 'batch_time': 0.04765757878340082, 'rtc_check_time': 0.004165500002272893, 'experiment_id': 'exp_20240619_200443', 'client_id': '2'}
[2024-06-19 20:05:12,105][root][INFO] - Added batch data list for client 2. New Data Added: 70
[2024-06-19 20:05:12,107][root][INFO] - Batch data saved to /home/psklavos/fl/geom_aio/csv_logs/exp_20240619_200443/clients/client_2/batch.csv
[2024-06-19 20:05:12,108][root][INFO] - Added data to epoch for client 0: {'round': 2, 'epoch_steps': 70, 'total_steps': 94, 'l2_norm': 5.213674545288086, 'total_computation_time': 3.3540351390838623, 'total_rtc_check_time': 0.23899982596049085, 'total_duration': 3.8746910095214844, 'val_loss': 0.33614155650138855, 'val_accuracy': 0.9035000205039978, 'experiment_id': 'exp_20240619_200443', 'client_id': '0'}
[2024-06-19 20:05:12,108][root][INFO] - Added epoch data for client 0: {'round': 2, 'epoch_steps': 70, 'total_steps': 94, 'l2_norm': 5.213674545288086, 'total_computation_time': 3.3540351390838623, 'total_rtc_check_time': 0.23899982596049085, 'total_duration': 3.8746910095214844, 'val_loss': 0.33614155650138855, 'val_accuracy': 0.9035000205039978, 'experiment_id': 'exp_20240619_200443', 'client_id': '0'}
[2024-06-19 20:05:12,109][root][INFO] - Epoch data saved to /home/psklavos/fl/geom_aio/csv_logs/exp_20240619_200443/clients/client_0/epoch.csv
[2024-06-19 20:05:12,110][root][INFO] - Added data to batch for client 0: {'round': 2, 'step_no': 25, 'loss': 1.1220293045043945, 'accuracy': 0.78125, 'l2_norm': 0.07342370599508286, 'computation_time': 0.051878929138183594, 'batch_time': 0.06443942106852774, 'rtc_check_time': 0.011229401003220119, 'experiment_id': 'exp_20240619_200443', 'client_id': '0'}
[2024-06-19 20:05:12,112][root][INFO] - Added data to batch for client 0: {'round': 2, 'step_no': 26, 'loss': 1.1491756439208984, 'accuracy': 0.765625, 'l2_norm': 0.12451239675283432, 'computation_time': 0.06459403038024902, 'batch_time': 0.06845791223167907, 'rtc_check_time': 0.0020128000032855198, 'experiment_id': 'exp_20240619_200443', 'client_id': '0'}
[2024-06-19 20:05:12,113][root][INFO] - Added data to batch for client 0: {'round': 2, 'step_no': 27, 'loss': 1.0017138719558716, 'accuracy': 0.7708333134651184, 'l2_norm': 0.21950070559978485, 'computation_time': 0.06515789031982422, 'batch_time': 0.06954137260618154, 'rtc_check_time': 0.0023213999957079068, 'experiment_id': 'exp_20240619_200443', 'client_id': '0'}
[2024-06-19 20:05:12,114][root][INFO] - Added data to batch for client 0: {'round': 2, 'step_no': 28, 'loss': 0.9975329041481018, 'accuracy': 0.7578125, 'l2_norm': 0.3187693655490875, 'computation_time': 0.062185049057006836, 'batch_time': 0.06703117167489836, 'rtc_check_time': 0.00241019999521086, 'experiment_id': 'exp_20240619_200443', 'client_id': '0'}
[2024-06-19 20:05:12,115][root][INFO] - Added data to batch for client 0: {'round': 2, 'step_no': 29, 'loss': 1.1058070659637451, 'accuracy': 0.7250000238418579, 'l2_norm': 0.35005831718444824, 'computation_time': 0.07737898826599121, 'batch_time': 0.08129700626886915, 'rtc_check_time': 0.002005900998483412, 'experiment_id': 'exp_20240619_200443', 'client_id': '0'}
[2024-06-19 20:05:12,116][root][INFO] - Added data to batch for client 0: {'round': 2, 'step_no': 30, 'loss': 1.029146671295166, 'accuracy': 0.7135416865348816, 'l2_norm': 0.4185146689414978, 'computation_time': 0.055860042572021484, 'batch_time': 0.05997720058076084, 'rtc_check_time': 0.002256300998851657, 'experiment_id': 'exp_20240619_200443', 'client_id': '0'}
[2024-06-19 20:05:12,117][root][INFO] - Added data to batch for client 0: {'round': 2, 'step_no': 31, 'loss': 0.8060588836669922, 'accuracy': 0.7321428656578064, 'l2_norm': 0.5351645946502686, 'computation_time': 0.05634117126464844, 'batch_time': 0.05926199605164584, 'rtc_check_time': 0.0016068999975686893, 'experiment_id': 'exp_20240619_200443', 'client_id': '0'}
[2024-06-19 20:05:12,118][root][INFO] - Added data to batch for client 0: {'round': 2, 'step_no': 32, 'loss': 1.2485820055007935, 'accuracy': 0.703125, 'l2_norm': 0.559329628944397, 'computation_time': 0.04966998100280762, 'batch_time': 0.058538904384477064, 'rtc_check_time': 0.007627001003129408, 'experiment_id': 'exp_20240619_200443', 'client_id': '0'}
[2024-06-19 20:05:12,119][root][INFO] - Added data to batch for client 0: {'round': 2, 'step_no': 33, 'loss': 1.3152787685394287, 'accuracy': 0.6875, 'l2_norm': 0.6162602305412292, 'computation_time': 0.05122995376586914, 'batch_time': 0.06542380845348816, 'rtc_check_time': 0.012570701001095586, 'experiment_id': 'exp_20240619_200443', 'client_id': '0'}
[2024-06-19 20:05:12,119][root][INFO] - Added data to batch for client 0: {'round': 2, 'step_no': 34, 'loss': 0.7278182506561279, 'accuracy': 0.703125, 'l2_norm': 0.6915377974510193, 'computation_time': 0.05360603332519531, 'batch_time': 0.06283168904337799, 'rtc_check_time': 0.006839800997113343, 'experiment_id': 'exp_20240619_200443', 'client_id': '0'}
[2024-06-19 20:05:12,120][root][INFO] - Added data to batch for client 0: {'round': 2, 'step_no': 35, 'loss': 0.7087857127189636, 'accuracy': 0.7244318127632141, 'l2_norm': 0.7760903239250183, 'computation_time': 0.05075216293334961, 'batch_time': 0.05570644931140123, 'rtc_check_time': 0.002829500001098495, 'experiment_id': 'exp_20240619_200443', 'client_id': '0'}
[2024-06-19 20:05:12,121][root][INFO] - Added data to batch for client 0: {'round': 2, 'step_no': 36, 'loss': 0.9112064242362976, 'accuracy': 0.71875, 'l2_norm': 0.8638241291046143, 'computation_time': 0.0712120532989502, 'batch_time': 0.07522441854234785, 'rtc_check_time': 0.0019355010008439422, 'experiment_id': 'exp_20240619_200443', 'client_id': '0'}
[2024-06-19 20:05:12,122][root][INFO] - Added data to batch for client 0: {'round': 2, 'step_no': 37, 'loss': 0.999027669429779, 'accuracy': 0.71875, 'l2_norm': 0.8979796767234802, 'computation_time': 0.0503230094909668, 'batch_time': 0.053657189157092944, 'rtc_check_time': 0.001983299996936694, 'experiment_id': 'exp_20240619_200443', 'client_id': '0'}
[2024-06-19 20:05:12,123][root][INFO] - Added data to batch for client 0: {'round': 2, 'step_no': 38, 'loss': 0.8977733254432678, 'accuracy': 0.7232142686843872, 'l2_norm': 0.9875181913375854, 'computation_time': 0.04637503623962402, 'batch_time': 0.05159452334919479, 'rtc_check_time': 0.003824500003247522, 'experiment_id': 'exp_20240619_200443', 'client_id': '0'}
[2024-06-19 20:05:12,124][root][INFO] - Added data to batch for client 0: {'round': 2, 'step_no': 39, 'loss': 0.7081335783004761, 'accuracy': 0.7270833253860474, 'l2_norm': 1.0383598804473877, 'computation_time': 0.053627967834472656, 'batch_time': 0.05845802163821645, 'rtc_check_time': 0.00342100000125356, 'experiment_id': 'exp_20240619_200443', 'client_id': '0'}
[2024-06-19 20:05:12,125][root][INFO] - Added data to batch for client 0: {'round': 2, 'step_no': 40, 'loss': 0.6890286207199097, 'accuracy': 0.732421875, 'l2_norm': 1.143573522567749, 'computation_time': 0.04751300811767578, 'batch_time': 0.05210861768136965, 'rtc_check_time': 0.00293550099740969, 'experiment_id': 'exp_20240619_200443', 'client_id': '0'}
[2024-06-19 20:05:12,126][root][INFO] - Added data to batch for client 0: {'round': 2, 'step_no': 41, 'loss': 0.639998733997345, 'accuracy': 0.7389705777168274, 'l2_norm': 1.208369255065918, 'computation_time': 0.048388004302978516, 'batch_time': 0.05181402601010632, 'rtc_check_time': 0.0019669000030262396, 'experiment_id': 'exp_20240619_200443', 'client_id': '0'}
[2024-06-19 20:05:12,127][root][INFO] - Added data to batch for client 0: {'round': 2, 'step_no': 42, 'loss': 0.7468452453613281, 'accuracy': 0.7413194179534912, 'l2_norm': 1.2728841304779053, 'computation_time': 0.056793928146362305, 'batch_time': 0.06028076398797566, 'rtc_check_time': 0.002020799998717848, 'experiment_id': 'exp_20240619_200443', 'client_id': '0'}
[2024-06-19 20:05:12,128][root][INFO] - Added data to batch for client 0: {'round': 2, 'step_no': 43, 'loss': 0.8242003917694092, 'accuracy': 0.7401315569877625, 'l2_norm': 1.3570528030395508, 'computation_time': 0.046540021896362305, 'batch_time': 0.05704508593771607, 'rtc_check_time': 0.008464201004244387, 'experiment_id': 'exp_20240619_200443', 'client_id': '0'}
[2024-06-19 20:05:12,129][root][INFO] - Added data to batch for client 0: {'round': 2, 'step_no': 44, 'loss': 0.6487540006637573, 'accuracy': 0.7406250238418579, 'l2_norm': 1.444287657737732, 'computation_time': 0.04694795608520508, 'batch_time': 0.05409970354230609, 'rtc_check_time': 0.005536700002267025, 'experiment_id': 'exp_20240619_200443', 'client_id': '0'}
[2024-06-19 20:05:12,130][root][INFO] - Added data to batch for client 0: {'round': 2, 'step_no': 45, 'loss': 0.5276345014572144, 'accuracy': 0.7455357313156128, 'l2_norm': 1.5188153982162476, 'computation_time': 0.04791688919067383, 'batch_time': 0.050736901903292164, 'rtc_check_time': 0.0016098000050988048, 'experiment_id': 'exp_20240619_200443', 'client_id': '0'}
[2024-06-19 20:05:12,131][root][INFO] - Added data to batch for client 0: {'round': 2, 'step_no': 46, 'loss': 0.4739599823951721, 'accuracy': 0.75, 'l2_norm': 1.5788514614105225, 'computation_time': 0.05408883094787598, 'batch_time': 0.05803320741688367, 'rtc_check_time': 0.0022342000011121854, 'experiment_id': 'exp_20240619_200443', 'client_id': '0'}
[2024-06-19 20:05:12,132][root][INFO] - Added data to batch for client 0: {'round': 2, 'step_no': 47, 'loss': 0.6121499538421631, 'accuracy': 0.75, 'l2_norm': 1.6837531328201294, 'computation_time': 0.04259300231933594, 'batch_time': 0.04515146664198255, 'rtc_check_time': 0.0012504999976954423, 'experiment_id': 'exp_20240619_200443', 'client_id': '0'}
[2024-06-19 20:05:12,133][root][INFO] - Added data to batch for client 0: {'round': 2, 'step_no': 48, 'loss': 0.7896010875701904, 'accuracy': 0.75, 'l2_norm': 1.7930063009262085, 'computation_time': 0.03813004493713379, 'batch_time': 0.041415615487494506, 'rtc_check_time': 0.0021774009946966544, 'experiment_id': 'exp_20240619_200443', 'client_id': '0'}
[2024-06-19 20:05:12,134][root][INFO] - Added data to batch for client 0: {'round': 2, 'step_no': 49, 'loss': 0.6422005891799927, 'accuracy': 0.7537500262260437, 'l2_norm': 1.8534934520721436, 'computation_time': 0.04606795310974121, 'batch_time': 0.049596818316786084, 'rtc_check_time': 0.0020068009980604984, 'experiment_id': 'exp_20240619_200443', 'client_id': '0'}
[2024-06-19 20:05:12,135][root][INFO] - Added data to batch for client 0: {'round': 2, 'step_no': 50, 'loss': 0.6045593619346619, 'accuracy': 0.7560096383094788, 'l2_norm': 1.9506723880767822, 'computation_time': 0.04215502738952637, 'batch_time': 0.04493815096793696, 'rtc_check_time': 0.0015051999944262207, 'experiment_id': 'exp_20240619_200443', 'client_id': '0'}
[2024-06-19 20:05:12,136][root][INFO] - Added data to batch for client 0: {'round': 2, 'step_no': 51, 'loss': 0.7110065221786499, 'accuracy': 0.7557870149612427, 'l2_norm': 1.9532047510147095, 'computation_time': 0.051080942153930664, 'batch_time': 0.05384925180260325, 'rtc_check_time': 0.0016691999990143813, 'experiment_id': 'exp_20240619_200443', 'client_id': '0'}
[2024-06-19 20:05:12,137][root][INFO] - Added data to batch for client 0: {'round': 2, 'step_no': 52, 'loss': 0.7840081453323364, 'accuracy': 0.7533482313156128, 'l2_norm': 2.0699477195739746, 'computation_time': 0.044077157974243164, 'batch_time': 0.050320088703301735, 'rtc_check_time': 0.00499910100188572, 'experiment_id': 'exp_20240619_200443', 'client_id': '0'}
[2024-06-19 20:05:12,138][root][INFO] - Added data to batch for client 0: {'round': 2, 'step_no': 53, 'loss': 0.6350388526916504, 'accuracy': 0.7543103694915771, 'l2_norm': 2.1345787048339844, 'computation_time': 0.04090285301208496, 'batch_time': 0.0437094896187773, 'rtc_check_time': 0.0015156000008573756, 'experiment_id': 'exp_20240619_200443', 'client_id': '0'}
[2024-06-19 20:05:12,139][root][INFO] - Added data to batch for client 0: {'round': 2, 'step_no': 54, 'loss': 0.5748127102851868, 'accuracy': 0.7562500238418579, 'l2_norm': 2.1903772354125977, 'computation_time': 0.04061603546142578, 'batch_time': 0.04419377021258697, 'rtc_check_time': 0.002361799997743219, 'experiment_id': 'exp_20240619_200443', 'client_id': '0'}
[2024-06-19 20:05:12,140][root][INFO] - Added data to batch for client 0: {'round': 2, 'step_no': 55, 'loss': 0.46596235036849976, 'accuracy': 0.7610887289047241, 'l2_norm': 2.2566912174224854, 'computation_time': 0.0413670539855957, 'batch_time': 0.04729163027514005, 'rtc_check_time': 0.0045067009996273555, 'experiment_id': 'exp_20240619_200443', 'client_id': '0'}
[2024-06-19 20:05:12,141][root][INFO] - Added data to batch for client 0: {'round': 2, 'step_no': 56, 'loss': 0.48904964327812195, 'accuracy': 0.765625, 'l2_norm': 2.339592933654785, 'computation_time': 0.04680299758911133, 'batch_time': 0.05171753036847804, 'rtc_check_time': 0.0035595999943325296, 'experiment_id': 'exp_20240619_200443', 'client_id': '0'}
[2024-06-19 20:05:12,142][root][INFO] - Added data to batch for client 0: {'round': 2, 'step_no': 57, 'loss': 0.3404145836830139, 'accuracy': 0.7698863744735718, 'l2_norm': 2.4004693031311035, 'computation_time': 0.04002213478088379, 'batch_time': 0.046970786643214524, 'rtc_check_time': 0.005864801001735032, 'experiment_id': 'exp_20240619_200443', 'client_id': '0'}
[2024-06-19 20:05:12,143][root][INFO] - Added data to batch for client 0: {'round': 2, 'step_no': 58, 'loss': 0.7178120613098145, 'accuracy': 0.7693014740943909, 'l2_norm': 2.4692888259887695, 'computation_time': 0.039711952209472656, 'batch_time': 0.04543892573565245, 'rtc_check_time': 0.0045499010011553764, 'experiment_id': 'exp_20240619_200443', 'client_id': '0'}
[2024-06-19 20:05:12,144][root][INFO] - Added data to batch for client 0: {'round': 2, 'step_no': 59, 'loss': 0.637399435043335, 'accuracy': 0.7705357074737549, 'l2_norm': 2.5449771881103516, 'computation_time': 0.0393519401550293, 'batch_time': 0.04248126041784417, 'rtc_check_time': 0.0020891000021947548, 'experiment_id': 'exp_20240619_200443', 'client_id': '0'}
[2024-06-19 20:05:12,145][root][INFO] - Added data to batch for client 0: {'round': 2, 'step_no': 60, 'loss': 0.376857191324234, 'accuracy': 0.7743055820465088, 'l2_norm': 2.590287685394287, 'computation_time': 0.0461270809173584, 'batch_time': 0.05131207493104739, 'rtc_check_time': 0.003999100001237821, 'experiment_id': 'exp_20240619_200443', 'client_id': '0'}
[2024-06-19 20:05:12,146][root][INFO] - Added data to batch for client 0: {'round': 2, 'step_no': 61, 'loss': 0.486262708902359, 'accuracy': 0.7787162065505981, 'l2_norm': 2.6960155963897705, 'computation_time': 0.03887581825256348, 'batch_time': 0.0449999115880928, 'rtc_check_time': 0.004928900998493191, 'experiment_id': 'exp_20240619_200443', 'client_id': '0'}
[2024-06-19 20:05:12,147][root][INFO] - Added data to batch for client 0: {'round': 2, 'step_no': 62, 'loss': 0.4582905173301697, 'accuracy': 0.7804276347160339, 'l2_norm': 2.811279535293579, 'computation_time': 0.04056692123413086, 'batch_time': 0.045162570335378405, 'rtc_check_time': 0.002733599998464342, 'experiment_id': 'exp_20240619_200443', 'client_id': '0'}
[2024-06-19 20:05:12,148][root][INFO] - Added data to batch for client 0: {'round': 2, 'step_no': 63, 'loss': 0.44210919737815857, 'accuracy': 0.7828525900840759, 'l2_norm': 2.8285715579986572, 'computation_time': 0.03889894485473633, 'batch_time': 0.04620328760211123, 'rtc_check_time': 0.006255300999328028, 'experiment_id': 'exp_20240619_200443', 'client_id': '0'}
[2024-06-19 20:05:12,149][root][INFO] - Added data to batch for client 0: {'round': 2, 'step_no': 64, 'loss': 0.3755364716053009, 'accuracy': 0.784375011920929, 'l2_norm': 2.9202730655670166, 'computation_time': 0.03919506072998047, 'batch_time': 0.0478689811352524, 'rtc_check_time': 0.007500900996092241, 'experiment_id': 'exp_20240619_200443', 'client_id': '0'}
[2024-06-19 20:05:12,150][root][INFO] - Added data to batch for client 0: {'round': 2, 'step_no': 65, 'loss': 0.5633613467216492, 'accuracy': 0.7873475551605225, 'l2_norm': 2.9791817665100098, 'computation_time': 0.04141521453857422, 'batch_time': 0.046313353937875945, 'rtc_check_time': 0.003019400995981414, 'experiment_id': 'exp_20240619_200443', 'client_id': '0'}
[2024-06-19 20:05:12,151][root][INFO] - Added data to batch for client 0: {'round': 2, 'step_no': 66, 'loss': 0.5704972743988037, 'accuracy': 0.7901785969734192, 'l2_norm': 3.0634286403656006, 'computation_time': 0.05432701110839844, 'batch_time': 0.057288624288048595, 'rtc_check_time': 0.0017967000021599233, 'experiment_id': 'exp_20240619_200443', 'client_id': '0'}
[2024-06-19 20:05:12,152][root][INFO] - Added data to batch for client 0: {'round': 2, 'step_no': 67, 'loss': 0.5877085328102112, 'accuracy': 0.7899709343910217, 'l2_norm': 3.103611707687378, 'computation_time': 0.0481259822845459, 'batch_time': 0.05506211386091309, 'rtc_check_time': 0.0056171999967773445, 'experiment_id': 'exp_20240619_200443', 'client_id': '0'}
[2024-06-19 20:05:12,153][root][INFO] - Added data to batch for client 0: {'round': 2, 'step_no': 68, 'loss': 0.49407607316970825, 'accuracy': 0.7926136255264282, 'l2_norm': 3.1850078105926514, 'computation_time': 0.04951214790344238, 'batch_time': 0.05427813709684415, 'rtc_check_time': 0.0029129999966244213, 'experiment_id': 'exp_20240619_200443', 'client_id': '0'}
[2024-06-19 20:05:12,153][root][INFO] - Added data to batch for client 0: {'round': 2, 'step_no': 69, 'loss': 0.46020185947418213, 'accuracy': 0.793055534362793, 'l2_norm': 3.2636351585388184, 'computation_time': 0.044567108154296875, 'batch_time': 0.04905505748320138, 'rtc_check_time': 0.003054099994187709, 'experiment_id': 'exp_20240619_200443', 'client_id': '0'}
[2024-06-19 20:05:12,154][root][INFO] - Added data to batch for client 0: {'round': 2, 'step_no': 70, 'loss': 0.8815924525260925, 'accuracy': 0.79076087474823, 'l2_norm': 3.3584742546081543, 'computation_time': 0.057188987731933594, 'batch_time': 0.06180721143755363, 'rtc_check_time': 0.0027432999995653518, 'experiment_id': 'exp_20240619_200443', 'client_id': '0'}
[2024-06-19 20:05:12,155][root][INFO] - Added data to batch for client 0: {'round': 2, 'step_no': 71, 'loss': 0.5118511915206909, 'accuracy': 0.7932180762290955, 'l2_norm': 3.4211771488189697, 'computation_time': 0.045287132263183594, 'batch_time': 0.04932873371581081, 'rtc_check_time': 0.0028116000030422583, 'experiment_id': 'exp_20240619_200443', 'client_id': '0'}
[2024-06-19 20:05:12,156][root][INFO] - Added data to batch for client 0: {'round': 2, 'step_no': 72, 'loss': 0.3910306692123413, 'accuracy': 0.794921875, 'l2_norm': 3.489743947982788, 'computation_time': 0.04877901077270508, 'batch_time': 0.052422210486838594, 'rtc_check_time': 0.002099200995871797, 'experiment_id': 'exp_20240619_200443', 'client_id': '0'}
[2024-06-19 20:05:12,157][root][INFO] - Added data to batch for client 0: {'round': 2, 'step_no': 73, 'loss': 0.3121521472930908, 'accuracy': 0.7971938848495483, 'l2_norm': 3.57200026512146, 'computation_time': 0.04212379455566406, 'batch_time': 0.04597806037781993, 'rtc_check_time': 0.002639999998791609, 'experiment_id': 'exp_20240619_200443', 'client_id': '0'}
[2024-06-19 20:05:12,158][root][INFO] - Added data to batch for client 0: {'round': 2, 'step_no': 74, 'loss': 0.3242156207561493, 'accuracy': 0.800000011920929, 'l2_norm': 3.6594302654266357, 'computation_time': 0.047065019607543945, 'batch_time': 0.05165128316730261, 'rtc_check_time': 0.003311200998723507, 'experiment_id': 'exp_20240619_200443', 'client_id': '0'}
[2024-06-19 20:05:12,159][root][INFO] - Added data to batch for client 0: {'round': 2, 'step_no': 75, 'loss': 0.31123241782188416, 'accuracy': 0.8014705777168274, 'l2_norm': 3.758469581604004, 'computation_time': 0.0509641170501709, 'batch_time': 0.054534692899324, 'rtc_check_time': 0.0021558000007644296, 'experiment_id': 'exp_20240619_200443', 'client_id': '0'}
[2024-06-19 20:05:12,160][root][INFO] - Added data to batch for client 0: {'round': 2, 'step_no': 76, 'loss': 0.449945867061615, 'accuracy': 0.8028846383094788, 'l2_norm': 3.8353519439697266, 'computation_time': 0.06712985038757324, 'batch_time': 0.07455223444412695, 'rtc_check_time': 0.005535301002964843, 'experiment_id': 'exp_20240619_200443', 'client_id': '0'}
[2024-06-19 20:05:12,161][root][INFO] - Added data to batch for client 0: {'round': 2, 'step_no': 77, 'loss': 0.4392865300178528, 'accuracy': 0.8048349022865295, 'l2_norm': 3.8662800788879395, 'computation_time': 0.05048108100891113, 'batch_time': 0.053867264090513345, 'rtc_check_time': 0.001963301001524087, 'experiment_id': 'exp_20240619_200443', 'client_id': '0'}
[2024-06-19 20:05:12,162][root][INFO] - Added data to batch for client 0: {'round': 2, 'step_no': 78, 'loss': 0.3819873631000519, 'accuracy': 0.8072916865348816, 'l2_norm': 3.9684507846832275, 'computation_time': 0.05325913429260254, 'batch_time': 0.05866462678386597, 'rtc_check_time': 0.003869600004691165, 'experiment_id': 'exp_20240619_200443', 'client_id': '0'}
[2024-06-19 20:05:12,163][root][INFO] - Added data to batch for client 0: {'round': 2, 'step_no': 79, 'loss': 0.3394276201725006, 'accuracy': 0.8090909123420715, 'l2_norm': 4.068671226501465, 'computation_time': 0.04959607124328613, 'batch_time': 0.05242560720216716, 'rtc_check_time': 0.0015776000000187196, 'experiment_id': 'exp_20240619_200443', 'client_id': '0'}
[2024-06-19 20:05:12,165][root][INFO] - Added data to batch for client 0: {'round': 2, 'step_no': 80, 'loss': 0.49085018038749695, 'accuracy': 0.8097098469734192, 'l2_norm': 4.23146390914917, 'computation_time': 0.04093194007873535, 'batch_time': 0.043610518747300375, 'rtc_check_time': 0.001535600000352133, 'experiment_id': 'exp_20240619_200443', 'client_id': '0'}
[2024-06-19 20:05:12,166][root][INFO] - Added data to batch for client 0: {'round': 2, 'step_no': 81, 'loss': 0.3758033215999603, 'accuracy': 0.8108552694320679, 'l2_norm': 4.304574489593506, 'computation_time': 0.04110407829284668, 'batch_time': 0.044301284360699356, 'rtc_check_time': 0.0016513000009581447, 'experiment_id': 'exp_20240619_200443', 'client_id': '0'}
[2024-06-19 20:05:12,167][root][INFO] - Added data to batch for client 0: {'round': 2, 'step_no': 82, 'loss': 0.23108616471290588, 'accuracy': 0.8135775923728943, 'l2_norm': 4.40324068069458, 'computation_time': 0.041563987731933594, 'batch_time': 0.04755157101317309, 'rtc_check_time': 0.004736600996693596, 'experiment_id': 'exp_20240619_200443', 'client_id': '0'}
[2024-06-19 20:05:12,168][root][INFO] - Added data to batch for client 0: {'round': 2, 'step_no': 83, 'loss': 0.48211148381233215, 'accuracy': 0.8146186470985413, 'l2_norm': 4.436844825744629, 'computation_time': 0.0430910587310791, 'batch_time': 0.05047712276427774, 'rtc_check_time': 0.006156301002192777, 'experiment_id': 'exp_20240619_200443', 'client_id': '0'}
[2024-06-19 20:05:12,169][root][INFO] - Added data to batch for client 0: {'round': 2, 'step_no': 84, 'loss': 0.2727377414703369, 'accuracy': 0.8161458373069763, 'l2_norm': 4.50021505355835, 'computation_time': 0.04113888740539551, 'batch_time': 0.04416365487850271, 'rtc_check_time': 0.0015635000017937273, 'experiment_id': 'exp_20240619_200443', 'client_id': '0'}
[2024-06-19 20:05:12,170][root][INFO] - Added data to batch for client 0: {'round': 2, 'step_no': 85, 'loss': 0.41429540514945984, 'accuracy': 0.8165983557701111, 'l2_norm': 4.595125198364258, 'computation_time': 0.03983712196350098, 'batch_time': 0.043231488816672936, 'rtc_check_time': 0.002228500001365319, 'experiment_id': 'exp_20240619_200443', 'client_id': '0'}
[2024-06-19 20:05:12,171][root][INFO] - Added data to batch for client 0: {'round': 2, 'step_no': 86, 'loss': 0.5549936890602112, 'accuracy': 0.8170362710952759, 'l2_norm': 4.641124725341797, 'computation_time': 0.05034303665161133, 'batch_time': 0.053698606468969956, 'rtc_check_time': 0.0021207999961916357, 'experiment_id': 'exp_20240619_200443', 'client_id': '0'}
[2024-06-19 20:05:12,172][root][INFO] - Added data to batch for client 0: {'round': 2, 'step_no': 87, 'loss': 0.338156521320343, 'accuracy': 0.8184523582458496, 'l2_norm': 4.701219081878662, 'computation_time': 0.03961515426635742, 'batch_time': 0.04219504578213673, 'rtc_check_time': 0.0015082000027177855, 'experiment_id': 'exp_20240619_200443', 'client_id': '0'}
[2024-06-19 20:05:12,172][root][INFO] - Added data to batch for client 0: {'round': 2, 'step_no': 88, 'loss': 0.48271045088768005, 'accuracy': 0.8193359375, 'l2_norm': 4.79153299331665, 'computation_time': 0.04191398620605469, 'batch_time': 0.046656816579343285, 'rtc_check_time': 0.00345989999914309, 'experiment_id': 'exp_20240619_200443', 'client_id': '0'}
[2024-06-19 20:05:12,173][root][INFO] - Added data to batch for client 0: {'round': 2, 'step_no': 89, 'loss': 0.5165443420410156, 'accuracy': 0.8201923370361328, 'l2_norm': 4.837562561035156, 'computation_time': 0.04086804389953613, 'batch_time': 0.046549747756216675, 'rtc_check_time': 0.004379699996206909, 'experiment_id': 'exp_20240619_200443', 'client_id': '0'}
[2024-06-19 20:05:12,175][root][INFO] - Added data to batch for client 0: {'round': 2, 'step_no': 90, 'loss': 0.36894866824150085, 'accuracy': 0.8214961886405945, 'l2_norm': 4.950214862823486, 'computation_time': 0.040040016174316406, 'batch_time': 0.0436630007752683, 'rtc_check_time': 0.002550100994994864, 'experiment_id': 'exp_20240619_200443', 'client_id': '0'}
[2024-06-19 20:05:12,176][root][INFO] - Added data to batch for client 0: {'round': 2, 'step_no': 91, 'loss': 0.4195736050605774, 'accuracy': 0.8227611780166626, 'l2_norm': 4.997823715209961, 'computation_time': 0.040322065353393555, 'batch_time': 0.043922852659306955, 'rtc_check_time': 0.0023776999951223843, 'experiment_id': 'exp_20240619_200443', 'client_id': '0'}
[2024-06-19 20:05:12,177][root][INFO] - Added data to batch for client 0: {'round': 2, 'step_no': 92, 'loss': 0.3006732761859894, 'accuracy': 0.8239889740943909, 'l2_norm': 5.056169509887695, 'computation_time': 0.04781913757324219, 'batch_time': 0.05204243661137298, 'rtc_check_time': 0.003065299999434501, 'experiment_id': 'exp_20240619_200443', 'client_id': '0'}
[2024-06-19 20:05:12,178][root][INFO] - Added data to batch for client 0: {'round': 2, 'step_no': 93, 'loss': 0.3715316653251648, 'accuracy': 0.82472825050354, 'l2_norm': 5.129258632659912, 'computation_time': 0.04660606384277344, 'batch_time': 0.049321140453685075, 'rtc_check_time': 0.0014752999995835125, 'experiment_id': 'exp_20240619_200443', 'client_id': '0'}
[2024-06-19 20:05:12,179][root][INFO] - Added data to batch for client 0: {'round': 2, 'step_no': 94, 'loss': 0.6473538875579834, 'accuracy': 0.8254464268684387, 'l2_norm': 5.213674545288086, 'computation_time': 0.04409503936767578, 'batch_time': 0.04758404989843257, 'rtc_check_time': 0.0019678999960888177, 'experiment_id': 'exp_20240619_200443', 'client_id': '0'}
[2024-06-19 20:05:12,179][root][INFO] - Added batch data list for client 0. New Data Added: 70
[2024-06-19 20:05:12,180][root][INFO] - Batch data saved to /home/psklavos/fl/geom_aio/csv_logs/exp_20240619_200443/clients/client_0/batch.csv
[2024-06-19 20:05:12,181][root][INFO] - Added data to epoch for client 1: {'round': 2, 'epoch_steps': 70, 'total_steps': 94, 'l2_norm': 5.046045780181885, 'total_computation_time': 3.3310773372650146, 'total_rtc_check_time': 0.28170202399633126, 'total_duration': 3.875121831893921, 'val_loss': 0.363284170627594, 'val_accuracy': 0.8949999809265137, 'experiment_id': 'exp_20240619_200443', 'client_id': '1'}
[2024-06-19 20:05:12,182][root][INFO] - Added epoch data for client 1: {'round': 2, 'epoch_steps': 70, 'total_steps': 94, 'l2_norm': 5.046045780181885, 'total_computation_time': 3.3310773372650146, 'total_rtc_check_time': 0.28170202399633126, 'total_duration': 3.875121831893921, 'val_loss': 0.363284170627594, 'val_accuracy': 0.8949999809265137, 'experiment_id': 'exp_20240619_200443', 'client_id': '1'}
[2024-06-19 20:05:12,182][root][INFO] - Epoch data saved to /home/psklavos/fl/geom_aio/csv_logs/exp_20240619_200443/clients/client_1/epoch.csv
[2024-06-19 20:05:12,183][root][INFO] - Added data to batch for client 1: {'round': 2, 'step_no': 25, 'loss': 1.2807847261428833, 'accuracy': 0.59375, 'l2_norm': 0.10240768641233444, 'computation_time': 0.049630165100097656, 'batch_time': 0.06789415238745278, 'rtc_check_time': 0.016389301999879535, 'experiment_id': 'exp_20240619_200443', 'client_id': '1'}
[2024-06-19 20:05:12,184][root][INFO] - Added data to batch for client 1: {'round': 2, 'step_no': 26, 'loss': 1.3667124509811401, 'accuracy': 0.515625, 'l2_norm': 0.13485275208950043, 'computation_time': 0.05954599380493164, 'batch_time': 0.06970307930168929, 'rtc_check_time': 0.00764319999871077, 'experiment_id': 'exp_20240619_200443', 'client_id': '1'}
[2024-06-19 20:05:12,185][root][INFO] - Added data to batch for client 1: {'round': 2, 'step_no': 27, 'loss': 1.010213017463684, 'accuracy': 0.5520833134651184, 'l2_norm': 0.1630469411611557, 'computation_time': 0.05325889587402344, 'batch_time': 0.06940986480913125, 'rtc_check_time': 0.014735000993823633, 'experiment_id': 'exp_20240619_200443', 'client_id': '1'}
[2024-06-19 20:05:12,186][root][INFO] - Added data to batch for client 1: {'round': 2, 'step_no': 28, 'loss': 0.9959151744842529, 'accuracy': 0.625, 'l2_norm': 0.22841325402259827, 'computation_time': 0.05505800247192383, 'batch_time': 0.06771992400172167, 'rtc_check_time': 0.010684000997571275, 'experiment_id': 'exp_20240619_200443', 'client_id': '1'}
[2024-06-19 20:05:12,187][root][INFO] - Added data to batch for client 1: {'round': 2, 'step_no': 29, 'loss': 1.1502729654312134, 'accuracy': 0.625, 'l2_norm': 0.29674839973449707, 'computation_time': 0.07541394233703613, 'batch_time': 0.08129601292603184, 'rtc_check_time': 0.004219100999762304, 'experiment_id': 'exp_20240619_200443', 'client_id': '1'}
[2024-06-19 20:05:12,188][root][INFO] - Added data to batch for client 1: {'round': 2, 'step_no': 30, 'loss': 0.9477376937866211, 'accuracy': 0.640625, 'l2_norm': 0.3905365765094757, 'computation_time': 0.04859590530395508, 'batch_time': 0.06020110076497076, 'rtc_check_time': 0.010208301006059628, 'experiment_id': 'exp_20240619_200443', 'client_id': '1'}
[2024-06-19 20:05:12,189][root][INFO] - Added data to batch for client 1: {'round': 2, 'step_no': 31, 'loss': 1.243037223815918, 'accuracy': 0.625, 'l2_norm': 0.4503297209739685, 'computation_time': 0.055470943450927734, 'batch_time': 0.059662833613401745, 'rtc_check_time': 0.0028937009992660023, 'experiment_id': 'exp_20240619_200443', 'client_id': '1'}
[2024-06-19 20:05:12,190][root][INFO] - Added data to batch for client 1: {'round': 2, 'step_no': 32, 'loss': 0.9580271244049072, 'accuracy': 0.625, 'l2_norm': 0.46642276644706726, 'computation_time': 0.05535387992858887, 'batch_time': 0.058321404161688406, 'rtc_check_time': 0.0016505000021425076, 'experiment_id': 'exp_20240619_200443', 'client_id': '1'}
[2024-06-19 20:05:12,191][root][INFO] - Added data to batch for client 1: {'round': 2, 'step_no': 33, 'loss': 0.791448175907135, 'accuracy': 0.6458333134651184, 'l2_norm': 0.5458247661590576, 'computation_time': 0.06026792526245117, 'batch_time': 0.06528476190578658, 'rtc_check_time': 0.002359899997827597, 'experiment_id': 'exp_20240619_200443', 'client_id': '1'}
[2024-06-19 20:05:12,192][root][INFO] - Added data to batch for client 1: {'round': 2, 'step_no': 34, 'loss': 0.8388663530349731, 'accuracy': 0.6656249761581421, 'l2_norm': 0.6100535988807678, 'computation_time': 0.06045794486999512, 'batch_time': 0.06351608035765821, 'rtc_check_time': 0.0017608999987714924, 'experiment_id': 'exp_20240619_200443', 'client_id': '1'}
[2024-06-19 20:05:12,193][root][INFO] - Added data to batch for client 1: {'round': 2, 'step_no': 35, 'loss': 0.617475152015686, 'accuracy': 0.6818181872367859, 'l2_norm': 0.6951212286949158, 'computation_time': 0.05243492126464844, 'batch_time': 0.056117518128303345, 'rtc_check_time': 0.0022136999978101812, 'experiment_id': 'exp_20240619_200443', 'client_id': '1'}
[2024-06-19 20:05:12,195][root][INFO] - Added data to batch for client 1: {'round': 2, 'step_no': 36, 'loss': 0.6562201976776123, 'accuracy': 0.6901041865348816, 'l2_norm': 0.7951920032501221, 'computation_time': 0.07239389419555664, 'batch_time': 0.0774639090304845, 'rtc_check_time': 0.0030549010043614544, 'experiment_id': 'exp_20240619_200443', 'client_id': '1'}
[2024-06-19 20:05:12,196][root][INFO] - Added data to batch for client 1: {'round': 2, 'step_no': 37, 'loss': 0.775260865688324, 'accuracy': 0.6947115659713745, 'l2_norm': 0.8444216847419739, 'computation_time': 0.0507509708404541, 'batch_time': 0.05357858652132563, 'rtc_check_time': 0.0015485000039916486, 'experiment_id': 'exp_20240619_200443', 'client_id': '1'}
[2024-06-19 20:05:12,197][root][INFO] - Added data to batch for client 1: {'round': 2, 'step_no': 38, 'loss': 0.8376723527908325, 'accuracy': 0.6986607313156128, 'l2_norm': 0.9476258754730225, 'computation_time': 0.045175790786743164, 'batch_time': 0.051780148409307, 'rtc_check_time': 0.005259199999272823, 'experiment_id': 'exp_20240619_200443', 'client_id': '1'}
[2024-06-19 20:05:12,198][root][INFO] - Added data to batch for client 1: {'round': 2, 'step_no': 39, 'loss': 0.7251694202423096, 'accuracy': 0.706250011920929, 'l2_norm': 1.0138530731201172, 'computation_time': 0.05507493019104004, 'batch_time': 0.05884722923656227, 'rtc_check_time': 0.001803200000722427, 'experiment_id': 'exp_20240619_200443', 'client_id': '1'}
[2024-06-19 20:05:12,199][root][INFO] - Added data to batch for client 1: {'round': 2, 'step_no': 40, 'loss': 0.9159684181213379, 'accuracy': 0.703125, 'l2_norm': 1.0717077255249023, 'computation_time': 0.04833197593688965, 'batch_time': 0.0528621694247704, 'rtc_check_time': 0.002994301001308486, 'experiment_id': 'exp_20240619_200443', 'client_id': '1'}
[2024-06-19 20:05:12,200][root][INFO] - Added data to batch for client 1: {'round': 2, 'step_no': 41, 'loss': 1.1662962436676025, 'accuracy': 0.7003676295280457, 'l2_norm': 1.120368242263794, 'computation_time': 0.04784703254699707, 'batch_time': 0.052326562807138544, 'rtc_check_time': 0.0029825000019627623, 'experiment_id': 'exp_20240619_200443', 'client_id': '1'}
[2024-06-19 20:05:12,201][root][INFO] - Added data to batch for client 1: {'round': 2, 'step_no': 42, 'loss': 0.6450884342193604, 'accuracy': 0.703125, 'l2_norm': 1.2087724208831787, 'computation_time': 0.054646968841552734, 'batch_time': 0.06029686470719753, 'rtc_check_time': 0.0035777999946731143, 'experiment_id': 'exp_20240619_200443', 'client_id': '1'}
[2024-06-19 20:05:12,202][root][INFO] - Added data to batch for client 1: {'round': 2, 'step_no': 43, 'loss': 0.6772093772888184, 'accuracy': 0.7105262875556946, 'l2_norm': 1.298509955406189, 'computation_time': 0.0534510612487793, 'batch_time': 0.056474931159755215, 'rtc_check_time': 0.0017469000013079494, 'experiment_id': 'exp_20240619_200443', 'client_id': '1'}
[2024-06-19 20:05:12,204][root][INFO] - Added data to batch for client 1: {'round': 2, 'step_no': 44, 'loss': 1.0156354904174805, 'accuracy': 0.7093750238418579, 'l2_norm': 1.326576828956604, 'computation_time': 0.05067920684814453, 'batch_time': 0.05460958302865038, 'rtc_check_time': 0.002090500005579088, 'experiment_id': 'exp_20240619_200443', 'client_id': '1'}
[2024-06-19 20:05:12,205][root][INFO] - Added data to batch for client 1: {'round': 2, 'step_no': 45, 'loss': 0.5607427358627319, 'accuracy': 0.7142857313156128, 'l2_norm': 1.4315598011016846, 'computation_time': 0.04618692398071289, 'batch_time': 0.05136897963529918, 'rtc_check_time': 0.0039058010006556287, 'experiment_id': 'exp_20240619_200443', 'client_id': '1'}
[2024-06-19 20:05:12,206][root][INFO] - Added data to batch for client 1: {'round': 2, 'step_no': 46, 'loss': 0.5668689012527466, 'accuracy': 0.7201704382896423, 'l2_norm': 1.4625822305679321, 'computation_time': 0.050241947174072266, 'batch_time': 0.058148124313447624, 'rtc_check_time': 0.006621100998017937, 'experiment_id': 'exp_20240619_200443', 'client_id': '1'}
[2024-06-19 20:05:12,207][root][INFO] - Added data to batch for client 1: {'round': 2, 'step_no': 47, 'loss': 0.5332790613174438, 'accuracy': 0.72826087474823, 'l2_norm': 1.559029459953308, 'computation_time': 0.04158592224121094, 'batch_time': 0.04532722249132348, 'rtc_check_time': 0.0025473000059719197, 'experiment_id': 'exp_20240619_200443', 'client_id': '1'}
[2024-06-19 20:05:12,208][root][INFO] - Added data to batch for client 1: {'round': 2, 'step_no': 48, 'loss': 0.5390158295631409, 'accuracy': 0.734375, 'l2_norm': 1.6244755983352661, 'computation_time': 0.038594961166381836, 'batch_time': 0.041586618703149725, 'rtc_check_time': 0.0018966010029544123, 'experiment_id': 'exp_20240619_200443', 'client_id': '1'}
[2024-06-19 20:05:12,209][root][INFO] - Added data to batch for client 1: {'round': 2, 'step_no': 49, 'loss': 0.8208314180374146, 'accuracy': 0.7337499856948853, 'l2_norm': 1.7188910245895386, 'computation_time': 0.040077924728393555, 'batch_time': 0.04968787723919377, 'rtc_check_time': 0.008487001003231853, 'experiment_id': 'exp_20240619_200443', 'client_id': '1'}
[2024-06-19 20:05:12,210][root][INFO] - Added data to batch for client 1: {'round': 2, 'step_no': 50, 'loss': 0.3971561789512634, 'accuracy': 0.7403846383094788, 'l2_norm': 1.8058849573135376, 'computation_time': 0.03949618339538574, 'batch_time': 0.04513327315362403, 'rtc_check_time': 0.003787200002989266, 'experiment_id': 'exp_20240619_200443', 'client_id': '1'}
[2024-06-19 20:05:12,211][root][INFO] - Added data to batch for client 1: {'round': 2, 'step_no': 51, 'loss': 0.5116720199584961, 'accuracy': 0.7442129850387573, 'l2_norm': 1.8980721235275269, 'computation_time': 0.042405128479003906, 'batch_time': 0.053964135775459, 'rtc_check_time': 0.010441300997626968, 'experiment_id': 'exp_20240619_200443', 'client_id': '1'}
[2024-06-19 20:05:12,212][root][INFO] - Added data to batch for client 1: {'round': 2, 'step_no': 52, 'loss': 0.48356014490127563, 'accuracy': 0.7488839030265808, 'l2_norm': 1.9590672254562378, 'computation_time': 0.04706406593322754, 'batch_time': 0.04981497779226629, 'rtc_check_time': 0.00140790000295965, 'experiment_id': 'exp_20240619_200443', 'client_id': '1'}
[2024-06-19 20:05:12,213][root][INFO] - Added data to batch for client 1: {'round': 2, 'step_no': 53, 'loss': 0.5074739456176758, 'accuracy': 0.7510775923728943, 'l2_norm': 2.027371406555176, 'computation_time': 0.03944206237792969, 'batch_time': 0.04441249657247681, 'rtc_check_time': 0.003751399999600835, 'experiment_id': 'exp_20240619_200443', 'client_id': '1'}
[2024-06-19 20:05:12,214][root][INFO] - Added data to batch for client 1: {'round': 2, 'step_no': 54, 'loss': 0.7309017181396484, 'accuracy': 0.7520833611488342, 'l2_norm': 2.1076602935791016, 'computation_time': 0.040904998779296875, 'batch_time': 0.044155047107778955, 'rtc_check_time': 0.002024099994741846, 'experiment_id': 'exp_20240619_200443', 'client_id': '1'}
[2024-06-19 20:05:12,215][root][INFO] - Added data to batch for client 1: {'round': 2, 'step_no': 55, 'loss': 0.4619305729866028, 'accuracy': 0.7540322542190552, 'l2_norm': 2.2120583057403564, 'computation_time': 0.0442659854888916, 'batch_time': 0.047106919686484616, 'rtc_check_time': 0.0016219000026467256, 'experiment_id': 'exp_20240619_200443', 'client_id': '1'}
[2024-06-19 20:05:12,216][root][INFO] - Added data to batch for client 1: {'round': 2, 'step_no': 56, 'loss': 0.5765827894210815, 'accuracy': 0.75390625, 'l2_norm': 2.2497360706329346, 'computation_time': 0.049301862716674805, 'batch_time': 0.05208860555285355, 'rtc_check_time': 0.001487599998654332, 'experiment_id': 'exp_20240619_200443', 'client_id': '1'}
[2024-06-19 20:05:12,217][root][INFO] - Added data to batch for client 1: {'round': 2, 'step_no': 57, 'loss': 0.6960847973823547, 'accuracy': 0.7537878751754761, 'l2_norm': 2.352593421936035, 'computation_time': 0.04110407829284668, 'batch_time': 0.04700096716260305, 'rtc_check_time': 0.004676901000493672, 'experiment_id': 'exp_20240619_200443', 'client_id': '1'}
[2024-06-19 20:05:12,219][root][INFO] - Added data to batch for client 1: {'round': 2, 'step_no': 58, 'loss': 0.6311501264572144, 'accuracy': 0.7555146813392639, 'l2_norm': 2.417574167251587, 'computation_time': 0.03917717933654785, 'batch_time': 0.04549890997441253, 'rtc_check_time': 0.0051201009991928, 'experiment_id': 'exp_20240619_200443', 'client_id': '1'}
[2024-06-19 20:05:12,219][root][INFO] - Added data to batch for client 1: {'round': 2, 'step_no': 59, 'loss': 0.6697984933853149, 'accuracy': 0.7553571462631226, 'l2_norm': 2.484483242034912, 'computation_time': 0.039894819259643555, 'batch_time': 0.042422159800480586, 'rtc_check_time': 0.0015142999982344918, 'experiment_id': 'exp_20240619_200443', 'client_id': '1'}
[2024-06-19 20:05:12,221][root][INFO] - Added data to batch for client 1: {'round': 2, 'step_no': 60, 'loss': 0.6142868995666504, 'accuracy': 0.7569444179534912, 'l2_norm': 2.558471202850342, 'computation_time': 0.049356937408447266, 'batch_time': 0.05191756296699168, 'rtc_check_time': 0.001421700006176252, 'experiment_id': 'exp_20240619_200443', 'client_id': '1'}
[2024-06-19 20:05:12,222][root][INFO] - Added data to batch for client 1: {'round': 2, 'step_no': 61, 'loss': 0.36543017625808716, 'accuracy': 0.7618243098258972, 'l2_norm': 2.6275196075439453, 'computation_time': 0.042340993881225586, 'batch_time': 0.04508251076185843, 'rtc_check_time': 0.001426399998308625, 'experiment_id': 'exp_20240619_200443', 'client_id': '1'}
[2024-06-19 20:05:12,223][root][INFO] - Added data to batch for client 1: {'round': 2, 'step_no': 62, 'loss': 0.5751854181289673, 'accuracy': 0.7639802694320679, 'l2_norm': 2.687926769256592, 'computation_time': 0.04155588150024414, 'batch_time': 0.045413442101562396, 'rtc_check_time': 0.0016324000025633723, 'experiment_id': 'exp_20240619_200443', 'client_id': '1'}
[2024-06-19 20:05:12,224][root][INFO] - Added data to batch for client 1: {'round': 2, 'step_no': 63, 'loss': 0.5591349601745605, 'accuracy': 0.7636218070983887, 'l2_norm': 2.777217149734497, 'computation_time': 0.042597055435180664, 'batch_time': 0.04681313401670195, 'rtc_check_time': 0.0031153000018093735, 'experiment_id': 'exp_20240619_200443', 'client_id': '1'}
[2024-06-19 20:05:12,225][root][INFO] - Added data to batch for client 1: {'round': 2, 'step_no': 64, 'loss': 0.4894219934940338, 'accuracy': 0.7671874761581421, 'l2_norm': 2.830036163330078, 'computation_time': 0.04486799240112305, 'batch_time': 0.047523356282908935, 'rtc_check_time': 0.0015583999993395992, 'experiment_id': 'exp_20240619_200443', 'client_id': '1'}
[2024-06-19 20:05:12,226][root][INFO] - Added data to batch for client 1: {'round': 2, 'step_no': 65, 'loss': 0.5120802521705627, 'accuracy': 0.7705792784690857, 'l2_norm': 2.893507719039917, 'computation_time': 0.04282689094543457, 'batch_time': 0.046175769180990756, 'rtc_check_time': 0.0018137010047212243, 'experiment_id': 'exp_20240619_200443', 'client_id': '1'}
[2024-06-19 20:05:12,227][root][INFO] - Added data to batch for client 1: {'round': 2, 'step_no': 66, 'loss': 0.4972214996814728, 'accuracy': 0.773809552192688, 'l2_norm': 2.9635558128356934, 'computation_time': 0.04787492752075195, 'batch_time': 0.056542263919254765, 'rtc_check_time': 0.007412300998112187, 'experiment_id': 'exp_20240619_200443', 'client_id': '1'}
[2024-06-19 20:05:12,228][root][INFO] - Added data to batch for client 1: {'round': 2, 'step_no': 67, 'loss': 0.4698362350463867, 'accuracy': 0.7761628031730652, 'l2_norm': 2.999371290206909, 'computation_time': 0.045187950134277344, 'batch_time': 0.05576172662404133, 'rtc_check_time': 0.00932780099537922, 'experiment_id': 'exp_20240619_200443', 'client_id': '1'}
[2024-06-19 20:05:12,229][root][INFO] - Added data to batch for client 1: {'round': 2, 'step_no': 68, 'loss': 0.7165234088897705, 'accuracy': 0.7741477489471436, 'l2_norm': 3.0833628177642822, 'computation_time': 0.047142982482910156, 'batch_time': 0.05380671571037965, 'rtc_check_time': 0.005305701000906993, 'experiment_id': 'exp_20240619_200443', 'client_id': '1'}
[2024-06-19 20:05:12,230][root][INFO] - Added data to batch for client 1: {'round': 2, 'step_no': 69, 'loss': 0.4166101813316345, 'accuracy': 0.7749999761581421, 'l2_norm': 3.1306965351104736, 'computation_time': 0.04467201232910156, 'batch_time': 0.04921614567138022, 'rtc_check_time': 0.0031922999987727962, 'experiment_id': 'exp_20240619_200443', 'client_id': '1'}
[2024-06-19 20:05:12,231][root][INFO] - Added data to batch for client 1: {'round': 2, 'step_no': 70, 'loss': 0.32891252636909485, 'accuracy': 0.7785326242446899, 'l2_norm': 3.2155990600585938, 'computation_time': 0.05741381645202637, 'batch_time': 0.06196321811148664, 'rtc_check_time': 0.0026801999993040226, 'experiment_id': 'exp_20240619_200443', 'client_id': '1'}
[2024-06-19 20:05:12,232][root][INFO] - Added data to batch for client 1: {'round': 2, 'step_no': 71, 'loss': 0.46958214044570923, 'accuracy': 0.779920220375061, 'l2_norm': 3.2990782260894775, 'computation_time': 0.044801950454711914, 'batch_time': 0.04992679767019581, 'rtc_check_time': 0.0038926999986870214, 'experiment_id': 'exp_20240619_200443', 'client_id': '1'}
[2024-06-19 20:05:12,233][root][INFO] - Added data to batch for client 1: {'round': 2, 'step_no': 72, 'loss': 0.4685007333755493, 'accuracy': 0.7805989384651184, 'l2_norm': 3.394421339035034, 'computation_time': 0.04207491874694824, 'batch_time': 0.0527814353335998, 'rtc_check_time': 0.009469600998272654, 'experiment_id': 'exp_20240619_200443', 'client_id': '1'}
[2024-06-19 20:05:12,234][root][INFO] - Added data to batch for client 1: {'round': 2, 'step_no': 73, 'loss': 0.3908175230026245, 'accuracy': 0.7838010191917419, 'l2_norm': 3.4325361251831055, 'computation_time': 0.04242897033691406, 'batch_time': 0.045977516907441895, 'rtc_check_time': 0.002355500000703614, 'experiment_id': 'exp_20240619_200443', 'client_id': '1'}
[2024-06-19 20:05:12,235][root][INFO] - Added data to batch for client 1: {'round': 2, 'step_no': 74, 'loss': 0.36145466566085815, 'accuracy': 0.7856249809265137, 'l2_norm': 3.5212390422821045, 'computation_time': 0.04807400703430176, 'batch_time': 0.05170732406259049, 'rtc_check_time': 0.0021854009974049404, 'experiment_id': 'exp_20240619_200443', 'client_id': '1'}
[2024-06-19 20:05:12,237][root][INFO] - Added data to batch for client 1: {'round': 2, 'step_no': 75, 'loss': 0.3791145086288452, 'accuracy': 0.7867646813392639, 'l2_norm': 3.642469882965088, 'computation_time': 0.05067300796508789, 'batch_time': 0.054800246776721906, 'rtc_check_time': 0.002592299999378156, 'experiment_id': 'exp_20240619_200443', 'client_id': '1'}
[2024-06-19 20:05:12,238][root][INFO] - Added data to batch for client 1: {'round': 2, 'step_no': 76, 'loss': 0.49630558490753174, 'accuracy': 0.7878605723381042, 'l2_norm': 3.7413253784179688, 'computation_time': 0.07125186920166016, 'batch_time': 0.07441488663607743, 'rtc_check_time': 0.0018509999936213717, 'experiment_id': 'exp_20240619_200443', 'client_id': '1'}
[2024-06-19 20:05:12,239][root][INFO] - Added data to batch for client 1: {'round': 2, 'step_no': 77, 'loss': 0.5480097532272339, 'accuracy': 0.7877358198165894, 'l2_norm': 3.8419430255889893, 'computation_time': 0.046977996826171875, 'batch_time': 0.053862218439462595, 'rtc_check_time': 0.005675200998666696, 'experiment_id': 'exp_20240619_200443', 'client_id': '1'}
[2024-06-19 20:05:12,240][root][INFO] - Added data to batch for client 1: {'round': 2, 'step_no': 78, 'loss': 0.47077012062072754, 'accuracy': 0.7887731194496155, 'l2_norm': 3.891068935394287, 'computation_time': 0.05496096611022949, 'batch_time': 0.058365859244077, 'rtc_check_time': 0.0018299000003025867, 'experiment_id': 'exp_20240619_200443', 'client_id': '1'}
[2024-06-19 20:05:12,241][root][INFO] - Added data to batch for client 1: {'round': 2, 'step_no': 79, 'loss': 0.5701844692230225, 'accuracy': 0.7897727489471436, 'l2_norm': 3.947160482406616, 'computation_time': 0.05038595199584961, 'batch_time': 0.05398766899452312, 'rtc_check_time': 0.002500700000382494, 'experiment_id': 'exp_20240619_200443', 'client_id': '1'}
[2024-06-19 20:05:12,243][root][INFO] - Added data to batch for client 1: {'round': 2, 'step_no': 80, 'loss': 0.5505514740943909, 'accuracy': 0.7890625, 'l2_norm': 4.063817501068115, 'computation_time': 0.038038015365600586, 'batch_time': 0.04335230650031008, 'rtc_check_time': 0.0041551000031176955, 'experiment_id': 'exp_20240619_200443', 'client_id': '1'}
[2024-06-19 20:05:12,244][root][INFO] - Added data to batch for client 1: {'round': 2, 'step_no': 81, 'loss': 0.49754053354263306, 'accuracy': 0.7894737124443054, 'l2_norm': 4.08266544342041, 'computation_time': 0.040229082107543945, 'batch_time': 0.04450013799214503, 'rtc_check_time': 0.0032150999977602623, 'experiment_id': 'exp_20240619_200443', 'client_id': '1'}
[2024-06-19 20:05:12,245][root][INFO] - Added data to batch for client 1: {'round': 2, 'step_no': 82, 'loss': 0.4651486575603485, 'accuracy': 0.790409505367279, 'l2_norm': 4.158009052276611, 'computation_time': 0.042745113372802734, 'batch_time': 0.04771766709018266, 'rtc_check_time': 0.0038136010043672286, 'experiment_id': 'exp_20240619_200443', 'client_id': '1'}
[2024-06-19 20:05:12,246][root][INFO] - Added data to batch for client 1: {'round': 2, 'step_no': 83, 'loss': 0.37901759147644043, 'accuracy': 0.7918432354927063, 'l2_norm': 4.234170436859131, 'computation_time': 0.04535984992980957, 'batch_time': 0.050626019277842715, 'rtc_check_time': 0.003986099996836856, 'experiment_id': 'exp_20240619_200443', 'client_id': '1'}
[2024-06-19 20:05:12,247][root][INFO] - Added data to batch for client 1: {'round': 2, 'step_no': 84, 'loss': 0.35157060623168945, 'accuracy': 0.7932291626930237, 'l2_norm': 4.297079086303711, 'computation_time': 0.03912496566772461, 'batch_time': 0.04395482099062065, 'rtc_check_time': 0.0037707999945268966, 'experiment_id': 'exp_20240619_200443', 'client_id': '1'}
[2024-06-19 20:05:12,248][root][INFO] - Added data to batch for client 1: {'round': 2, 'step_no': 85, 'loss': 0.33195242285728455, 'accuracy': 0.7950819730758667, 'l2_norm': 4.38083028793335, 'computation_time': 0.039901018142700195, 'batch_time': 0.0436808856393327, 'rtc_check_time': 0.0025748999978532083, 'experiment_id': 'exp_20240619_200443', 'client_id': '1'}
[2024-06-19 20:05:12,249][root][INFO] - Added data to batch for client 1: {'round': 2, 'step_no': 86, 'loss': 0.23635044693946838, 'accuracy': 0.7973790168762207, 'l2_norm': 4.431297302246094, 'computation_time': 0.04655194282531738, 'batch_time': 0.053549181429843884, 'rtc_check_time': 0.005290399996738415, 'experiment_id': 'exp_20240619_200443', 'client_id': '1'}
[2024-06-19 20:05:12,250][root][INFO] - Added data to batch for client 1: {'round': 2, 'step_no': 87, 'loss': 0.2771104574203491, 'accuracy': 0.7986111044883728, 'l2_norm': 4.492148399353027, 'computation_time': 0.03911399841308594, 'batch_time': 0.04195747523044702, 'rtc_check_time': 0.0017756000015651807, 'experiment_id': 'exp_20240619_200443', 'client_id': '1'}
[2024-06-19 20:05:12,251][root][INFO] - Added data to batch for client 1: {'round': 2, 'step_no': 88, 'loss': 0.23392930626869202, 'accuracy': 0.80126953125, 'l2_norm': 4.600616931915283, 'computation_time': 0.04394102096557617, 'batch_time': 0.04661014772136696, 'rtc_check_time': 0.001494199997978285, 'experiment_id': 'exp_20240619_200443', 'client_id': '1'}
[2024-06-19 20:05:12,252][root][INFO] - Added data to batch for client 1: {'round': 2, 'step_no': 89, 'loss': 0.49400538206100464, 'accuracy': 0.8014423251152039, 'l2_norm': 4.657160758972168, 'computation_time': 0.04244494438171387, 'batch_time': 0.046633602207293734, 'rtc_check_time': 0.0030153999978210777, 'experiment_id': 'exp_20240619_200443', 'client_id': '1'}
[2024-06-19 20:05:12,254][root][INFO] - Added data to batch for client 1: {'round': 2, 'step_no': 90, 'loss': 0.4214301109313965, 'accuracy': 0.8025568127632141, 'l2_norm': 4.76239538192749, 'computation_time': 0.04141497611999512, 'batch_time': 0.043867065956874285, 'rtc_check_time': 0.0013710999992326833, 'experiment_id': 'exp_20240619_200443', 'client_id': '1'}
[2024-06-19 20:05:12,255][root][INFO] - Added data to batch for client 1: {'round': 2, 'step_no': 91, 'loss': 0.5787866711616516, 'accuracy': 0.8013059496879578, 'l2_norm': 4.841981410980225, 'computation_time': 0.039958953857421875, 'batch_time': 0.043787686292489525, 'rtc_check_time': 0.0026426000040373765, 'experiment_id': 'exp_20240619_200443', 'client_id': '1'}
[2024-06-19 20:05:12,256][root][INFO] - Added data to batch for client 1: {'round': 2, 'step_no': 92, 'loss': 0.5928182601928711, 'accuracy': 0.8023896813392639, 'l2_norm': 4.907410144805908, 'computation_time': 0.04250192642211914, 'batch_time': 0.05142832470301073, 'rtc_check_time': 0.007593400005134754, 'experiment_id': 'exp_20240619_200443', 'client_id': '1'}
[2024-06-19 20:05:12,257][root][INFO] - Added data to batch for client 1: {'round': 2, 'step_no': 93, 'loss': 0.528644323348999, 'accuracy': 0.80298912525177, 'l2_norm': 5.008396625518799, 'computation_time': 0.044721126556396484, 'batch_time': 0.05046095189754851, 'rtc_check_time': 0.004428999993251637, 'experiment_id': 'exp_20240619_200443', 'client_id': '1'}
[2024-06-19 20:05:12,258][root][INFO] - Added data to batch for client 1: {'round': 2, 'step_no': 94, 'loss': 0.2491130828857422, 'accuracy': 0.8044642806053162, 'l2_norm': 5.046045780181885, 'computation_time': 0.04397892951965332, 'batch_time': 0.04746927171072457, 'rtc_check_time': 0.0022303000005194917, 'experiment_id': 'exp_20240619_200443', 'client_id': '1'}
[2024-06-19 20:05:12,258][root][INFO] - Added batch data list for client 1. New Data Added: 70
[2024-06-19 20:05:12,260][root][INFO] - Batch data saved to /home/psklavos/fl/geom_aio/csv_logs/exp_20240619_200443/clients/client_1/batch.csv
[2024-06-19 20:05:12,260][root][INFO] - Appended data to last row of column distributed_loss in server data for client None
[2024-06-19 20:05:12,260][root][INFO] - Appended data to last row of column distributed_acc in server data for client None
[2024-06-19 20:05:12,260][root][INFO] - Appended {'distributed_loss': 0.3503498136997223, 'distributed_acc': 0.9006666739781698} to the last row of server data
[2024-06-19 20:05:12,261][root][INFO] - Server data saved to /home/psklavos/fl/geom_aio/csv_logs/exp_20240619_200443/server/server.csv
[2024-06-19 20:05:16,560][flwr][DEBUG] - fit_round 3: strategy sampled 3 clients (out of 3)
[2024-06-19 20:05:23,882][flwr][DEBUG] - fit_round 3 received 3 results and 0 failures
[2024-06-19 20:05:23,887][root][INFO] - Added data to server for client None: {'round': 3, 'average_norm': 5.007043520609538, 'round_time': 8.52824793678296, 'average_downlink_time': 0.670729644, 'average_rtc_check_time': 0.5025397236822755, 'average_uplink_time': 0.41337220033333333, 'average_computation_time': 6.319545904795329, 'average_communication_time': 1.5866415680156087, 'average_fit_time': 7.296613295873006, 'average_throughput': 5.679389578634837, 'dropouts': 0, 'experiment_id': 'exp_20240619_200443'}
[2024-06-19 20:05:23,887][root][INFO] - Added server data: {'round': 3, 'average_norm': 5.007043520609538, 'round_time': 8.52824793678296, 'average_downlink_time': 0.670729644, 'average_rtc_check_time': 0.5025397236822755, 'average_uplink_time': 0.41337220033333333, 'average_computation_time': 6.319545904795329, 'average_communication_time': 1.5866415680156087, 'average_fit_time': 7.296613295873006, 'average_throughput': 5.679389578634837, 'dropouts': 0, 'experiment_id': 'exp_20240619_200443'}
[2024-06-19 20:05:23,944][utils.model][INFO] - LeNet model built
[2024-06-19 20:05:24,058][utils.model][INFO] - Size of serialized model: 279.0341796875 kbytes
[2024-06-19 20:05:24,091][utils.model][INFO] - Step 1/40 - val_loss: 0.1201 - val_accuracy: 0.9727
[2024-06-19 20:05:24,110][utils.model][INFO] - Step 2/40 - val_loss: 0.1793 - val_accuracy: 0.9453
[2024-06-19 20:05:24,131][utils.model][INFO] - Step 3/40 - val_loss: 0.1850 - val_accuracy: 0.9427
[2024-06-19 20:05:24,150][utils.model][INFO] - Step 4/40 - val_loss: 0.1831 - val_accuracy: 0.9434
[2024-06-19 20:05:24,170][utils.model][INFO] - Step 5/40 - val_loss: 0.2031 - val_accuracy: 0.9359
[2024-06-19 20:05:24,189][utils.model][INFO] - Step 6/40 - val_loss: 0.2051 - val_accuracy: 0.9375
[2024-06-19 20:05:24,208][utils.model][INFO] - Step 7/40 - val_loss: 0.2139 - val_accuracy: 0.9347
[2024-06-19 20:05:24,227][utils.model][INFO] - Step 8/40 - val_loss: 0.2126 - val_accuracy: 0.9355
[2024-06-19 20:05:24,245][utils.model][INFO] - Step 9/40 - val_loss: 0.2197 - val_accuracy: 0.9336
[2024-06-19 20:05:24,266][utils.model][INFO] - Step 10/40 - val_loss: 0.2172 - val_accuracy: 0.9324
[2024-06-19 20:05:24,284][utils.model][INFO] - Step 11/40 - val_loss: 0.2131 - val_accuracy: 0.9336
[2024-06-19 20:05:24,303][utils.model][INFO] - Step 12/40 - val_loss: 0.2109 - val_accuracy: 0.9339
[2024-06-19 20:05:24,321][utils.model][INFO] - Step 13/40 - val_loss: 0.2105 - val_accuracy: 0.9354
[2024-06-19 20:05:24,338][utils.model][INFO] - Step 14/40 - val_loss: 0.2097 - val_accuracy: 0.9350
[2024-06-19 20:05:24,356][utils.model][INFO] - Step 15/40 - val_loss: 0.2153 - val_accuracy: 0.9328
[2024-06-19 20:05:24,375][utils.model][INFO] - Step 16/40 - val_loss: 0.2187 - val_accuracy: 0.9324
[2024-06-19 20:05:24,394][utils.model][INFO] - Step 17/40 - val_loss: 0.2195 - val_accuracy: 0.9320
[2024-06-19 20:05:24,416][utils.model][INFO] - Step 18/40 - val_loss: 0.2192 - val_accuracy: 0.9321
[2024-06-19 20:05:24,436][utils.model][INFO] - Step 19/40 - val_loss: 0.2172 - val_accuracy: 0.9322
[2024-06-19 20:05:24,455][utils.model][INFO] - Step 20/40 - val_loss: 0.2160 - val_accuracy: 0.9328
[2024-06-19 20:05:24,474][utils.model][INFO] - Step 21/40 - val_loss: 0.2087 - val_accuracy: 0.9351
[2024-06-19 20:05:24,493][utils.model][INFO] - Step 22/40 - val_loss: 0.2017 - val_accuracy: 0.9373
[2024-06-19 20:05:24,513][utils.model][INFO] - Step 23/40 - val_loss: 0.1995 - val_accuracy: 0.9377
[2024-06-19 20:05:24,531][utils.model][INFO] - Step 24/40 - val_loss: 0.2048 - val_accuracy: 0.9360
[2024-06-19 20:05:24,550][utils.model][INFO] - Step 25/40 - val_loss: 0.2003 - val_accuracy: 0.9380
[2024-06-19 20:05:24,569][utils.model][INFO] - Step 26/40 - val_loss: 0.2006 - val_accuracy: 0.9378
[2024-06-19 20:05:24,589][utils.model][INFO] - Step 27/40 - val_loss: 0.1966 - val_accuracy: 0.9392
[2024-06-19 20:05:24,609][utils.model][INFO] - Step 28/40 - val_loss: 0.1917 - val_accuracy: 0.9410
[2024-06-19 20:05:24,627][utils.model][INFO] - Step 29/40 - val_loss: 0.1876 - val_accuracy: 0.9425
[2024-06-19 20:05:24,645][utils.model][INFO] - Step 30/40 - val_loss: 0.1851 - val_accuracy: 0.9432
[2024-06-19 20:05:24,664][utils.model][INFO] - Step 31/40 - val_loss: 0.1819 - val_accuracy: 0.9442
[2024-06-19 20:05:24,681][utils.model][INFO] - Step 32/40 - val_loss: 0.1786 - val_accuracy: 0.9453
[2024-06-19 20:05:24,699][utils.model][INFO] - Step 33/40 - val_loss: 0.1756 - val_accuracy: 0.9465
[2024-06-19 20:05:24,716][utils.model][INFO] - Step 34/40 - val_loss: 0.1715 - val_accuracy: 0.9478
[2024-06-19 20:05:24,734][utils.model][INFO] - Step 35/40 - val_loss: 0.1672 - val_accuracy: 0.9492
[2024-06-19 20:05:24,752][utils.model][INFO] - Step 36/40 - val_loss: 0.1661 - val_accuracy: 0.9497
[2024-06-19 20:05:24,772][utils.model][INFO] - Step 37/40 - val_loss: 0.1630 - val_accuracy: 0.9506
[2024-06-19 20:05:24,791][utils.model][INFO] - Step 38/40 - val_loss: 0.1624 - val_accuracy: 0.9509
[2024-06-19 20:05:24,808][utils.model][INFO] - Step 39/40 - val_loss: 0.1673 - val_accuracy: 0.9491
[2024-06-19 20:05:24,817][utils.model][INFO] - Step 40/40 - val_loss: 0.1667 - val_accuracy: 0.9491
[2024-06-19 20:05:24,819][utils.model][INFO] - Evaluation Results - Val Loss: 0.1667, Val Accuracy: 0.9491 in 40 steps
[2024-06-19 20:05:24,821][root][INFO] - Appended data to last row of column centralized_loss in server data for client None
[2024-06-19 20:05:24,821][root][INFO] - Appended data to last row of column centralized_acc in server data for client None
[2024-06-19 20:05:24,821][root][INFO] - Appended {'centralized_loss': 0.16674934, 'centralized_acc': 0.9491} to the last row of server data
[2024-06-19 20:05:24,821][flwr][INFO] - fit progress: (3, 0.16674934, {'accuracy': 0.9491}, 31.78705928200361)
[2024-06-19 20:05:24,821][flwr][DEBUG] - evaluate_round 3: strategy sampled 3 clients (out of 3)
[2024-06-19 20:05:25,423][flwr][DEBUG] - evaluate_round 3 received 3 results and 0 failures
[2024-06-19 20:05:25,425][root][INFO] - Added data to epoch for client 0: {'round': 3, 'epoch_steps': 138, 'total_steps': 232, 'l2_norm': 5.125056743621826, 'total_computation_time': 6.324388027191162, 'total_rtc_check_time': 0.4879671530216001, 'total_duration': 7.294126033782959, 'val_loss': 0.17497247457504272, 'val_accuracy': 0.9509999752044678, 'experiment_id': 'exp_20240619_200443', 'client_id': '0'}
[2024-06-19 20:05:25,425][root][INFO] - Added epoch data for client 0: {'round': 3, 'epoch_steps': 138, 'total_steps': 232, 'l2_norm': 5.125056743621826, 'total_computation_time': 6.324388027191162, 'total_rtc_check_time': 0.4879671530216001, 'total_duration': 7.294126033782959, 'val_loss': 0.17497247457504272, 'val_accuracy': 0.9509999752044678, 'experiment_id': 'exp_20240619_200443', 'client_id': '0'}
[2024-06-19 20:05:25,426][root][INFO] - Epoch data saved to /home/psklavos/fl/geom_aio/csv_logs/exp_20240619_200443/clients/client_0/epoch.csv
[2024-06-19 20:05:25,427][root][INFO] - Added data to batch for client 0: {'round': 3, 'step_no': 95, 'loss': 0.5427494049072266, 'accuracy': 0.875, 'l2_norm': 0.07022982835769653, 'computation_time': 0.06831502914428711, 'batch_time': 0.07477008952992037, 'rtc_check_time': 0.004869099997449666, 'experiment_id': 'exp_20240619_200443', 'client_id': '0'}
[2024-06-19 20:05:25,428][root][INFO] - Added data to batch for client 0: {'round': 3, 'step_no': 96, 'loss': 0.5665028691291809, 'accuracy': 0.875, 'l2_norm': 0.06068696081638336, 'computation_time': 0.06199502944946289, 'batch_time': 0.06611344186239876, 'rtc_check_time': 0.0027784999983850867, 'experiment_id': 'exp_20240619_200443', 'client_id': '0'}
[2024-06-19 20:05:25,429][root][INFO] - Added data to batch for client 0: {'round': 3, 'step_no': 97, 'loss': 0.2658212184906006, 'accuracy': 0.90625, 'l2_norm': 0.07711974531412125, 'computation_time': 0.04543280601501465, 'batch_time': 0.047996051820518915, 'rtc_check_time': 0.001403100999596063, 'experiment_id': 'exp_20240619_200443', 'client_id': '0'}
[2024-06-19 20:05:25,430][root][INFO] - Added data to batch for client 0: {'round': 3, 'step_no': 98, 'loss': 0.36059999465942383, 'accuracy': 0.890625, 'l2_norm': 0.10991913825273514, 'computation_time': 0.04395580291748047, 'batch_time': 0.04743496527953539, 'rtc_check_time': 0.0022401010064641014, 'experiment_id': 'exp_20240619_200443', 'client_id': '0'}
[2024-06-19 20:05:25,431][root][INFO] - Added data to batch for client 0: {'round': 3, 'step_no': 99, 'loss': 0.4290130138397217, 'accuracy': 0.8812500238418579, 'l2_norm': 0.1390577107667923, 'computation_time': 0.04244589805603027, 'batch_time': 0.04651313289650716, 'rtc_check_time': 0.00280909999855794, 'experiment_id': 'exp_20240619_200443', 'client_id': '0'}
[2024-06-19 20:05:25,432][root][INFO] - Added data to batch for client 0: {'round': 3, 'step_no': 100, 'loss': 0.10726232826709747, 'accuracy': 0.9010416865348816, 'l2_norm': 0.1450834423303604, 'computation_time': 0.045773983001708984, 'batch_time': 0.05185899038770003, 'rtc_check_time': 0.0049251009986619465, 'experiment_id': 'exp_20240619_200443', 'client_id': '0'}
[2024-06-19 20:05:25,434][root][INFO] - Added data to batch for client 0: {'round': 3, 'step_no': 101, 'loss': 0.3887194097042084, 'accuracy': 0.9017857313156128, 'l2_norm': 0.16652242839336395, 'computation_time': 0.05340290069580078, 'batch_time': 0.06738997936918167, 'rtc_check_time': 0.012240901000041049, 'experiment_id': 'exp_20240619_200443', 'client_id': '0'}
[2024-06-19 20:05:25,435][root][INFO] - Added data to batch for client 0: {'round': 3, 'step_no': 102, 'loss': 0.34085947275161743, 'accuracy': 0.8984375, 'l2_norm': 0.1751268059015274, 'computation_time': 0.04844403266906738, 'batch_time': 0.05550118144310545, 'rtc_check_time': 0.005828100998769514, 'experiment_id': 'exp_20240619_200443', 'client_id': '0'}
[2024-06-19 20:05:25,436][root][INFO] - Added data to batch for client 0: {'round': 3, 'step_no': 103, 'loss': 0.18134906888008118, 'accuracy': 0.9027777910232544, 'l2_norm': 0.18081413209438324, 'computation_time': 0.06077313423156738, 'batch_time': 0.06787889991392149, 'rtc_check_time': 0.0046099999963189475, 'experiment_id': 'exp_20240619_200443', 'client_id': '0'}
[2024-06-19 20:05:25,437][root][INFO] - Added data to batch for client 0: {'round': 3, 'step_no': 104, 'loss': 0.28394684195518494, 'accuracy': 0.903124988079071, 'l2_norm': 0.2151300311088562, 'computation_time': 0.05355405807495117, 'batch_time': 0.05669844003568869, 'rtc_check_time': 0.0015073999966261908, 'experiment_id': 'exp_20240619_200443', 'client_id': '0'}
[2024-06-19 20:05:25,438][root][INFO] - Added data to batch for client 0: {'round': 3, 'step_no': 105, 'loss': 0.4027281105518341, 'accuracy': 0.8977272510528564, 'l2_norm': 0.24099868535995483, 'computation_time': 0.04834794998168945, 'batch_time': 0.05219554869836429, 'rtc_check_time': 0.002511500999389682, 'experiment_id': 'exp_20240619_200443', 'client_id': '0'}
[2024-06-19 20:05:25,439][root][INFO] - Added data to batch for client 0: {'round': 3, 'step_no': 106, 'loss': 0.35498133301734924, 'accuracy': 0.8932291865348816, 'l2_norm': 0.24621067941188812, 'computation_time': 0.07986807823181152, 'batch_time': 0.12215211486181943, 'rtc_check_time': 0.037769103997561615, 'experiment_id': 'exp_20240619_200443', 'client_id': '0'}
[2024-06-19 20:05:25,440][root][INFO] - Added data to batch for client 0: {'round': 3, 'step_no': 107, 'loss': 0.41096368432044983, 'accuracy': 0.8918269276618958, 'l2_norm': 0.2775084674358368, 'computation_time': 0.0711970329284668, 'batch_time': 0.08326657924772007, 'rtc_check_time': 0.00958880100370152, 'experiment_id': 'exp_20240619_200443', 'client_id': '0'}
[2024-06-19 20:05:25,441][root][INFO] - Added data to batch for client 0: {'round': 3, 'step_no': 108, 'loss': 0.6120749711990356, 'accuracy': 0.8772321343421936, 'l2_norm': 0.29022228717803955, 'computation_time': 0.055312156677246094, 'batch_time': 0.05813243252487155, 'rtc_check_time': 0.0014054999992367812, 'experiment_id': 'exp_20240619_200443', 'client_id': '0'}
[2024-06-19 20:05:25,442][root][INFO] - Added data to batch for client 0: {'round': 3, 'step_no': 109, 'loss': 0.5921976566314697, 'accuracy': 0.8729166388511658, 'l2_norm': 0.3608642518520355, 'computation_time': 0.042172908782958984, 'batch_time': 0.04648363948217593, 'rtc_check_time': 0.002602699998533353, 'experiment_id': 'exp_20240619_200443', 'client_id': '0'}
[2024-06-19 20:05:25,443][root][INFO] - Added data to batch for client 0: {'round': 3, 'step_no': 110, 'loss': 0.5465289950370789, 'accuracy': 0.87109375, 'l2_norm': 0.345430463552475, 'computation_time': 0.04245901107788086, 'batch_time': 0.04507513501448557, 'rtc_check_time': 0.0013773009995929897, 'experiment_id': 'exp_20240619_200443', 'client_id': '0'}
[2024-06-19 20:05:25,444][root][INFO] - Added data to batch for client 0: {'round': 3, 'step_no': 111, 'loss': 0.27355775237083435, 'accuracy': 0.873161792755127, 'l2_norm': 0.3815145790576935, 'computation_time': 0.04961085319519043, 'batch_time': 0.055809505880461074, 'rtc_check_time': 0.00478339999972377, 'experiment_id': 'exp_20240619_200443', 'client_id': '0'}
[2024-06-19 20:05:25,445][root][INFO] - Added data to batch for client 0: {'round': 3, 'step_no': 112, 'loss': 0.44056665897369385, 'accuracy': 0.8715277910232544, 'l2_norm': 0.3863592743873596, 'computation_time': 0.0523219108581543, 'batch_time': 0.05840269619511673, 'rtc_check_time': 0.004926600995531771, 'experiment_id': 'exp_20240619_200443', 'client_id': '0'}
[2024-06-19 20:05:25,447][root][INFO] - Added data to batch for client 0: {'round': 3, 'step_no': 113, 'loss': 0.3180904984474182, 'accuracy': 0.8733552694320679, 'l2_norm': 0.39520928263664246, 'computation_time': 0.05232715606689453, 'batch_time': 0.05810448261763668, 'rtc_check_time': 0.0046384009983739816, 'experiment_id': 'exp_20240619_200443', 'client_id': '0'}
[2024-06-19 20:05:25,448][root][INFO] - Added data to batch for client 0: {'round': 3, 'step_no': 114, 'loss': 0.36876070499420166, 'accuracy': 0.871874988079071, 'l2_norm': 0.42486947774887085, 'computation_time': 0.05578303337097168, 'batch_time': 0.059591495410131756, 'rtc_check_time': 0.001975500003027264, 'experiment_id': 'exp_20240619_200443', 'client_id': '0'}
[2024-06-19 20:05:25,449][root][INFO] - Added data to batch for client 0: {'round': 3, 'step_no': 115, 'loss': 0.34938549995422363, 'accuracy': 0.8735119104385376, 'l2_norm': 0.4443727433681488, 'computation_time': 0.052026987075805664, 'batch_time': 0.05537686782918172, 'rtc_check_time': 0.0017488999947090633, 'experiment_id': 'exp_20240619_200443', 'client_id': '0'}
[2024-06-19 20:05:25,450][root][INFO] - Added data to batch for client 0: {'round': 3, 'step_no': 116, 'loss': 0.21943193674087524, 'accuracy': 0.8735795617103577, 'l2_norm': 0.44551730155944824, 'computation_time': 0.053214073181152344, 'batch_time': 0.06097921255422989, 'rtc_check_time': 0.006233300002350006, 'experiment_id': 'exp_20240619_200443', 'client_id': '0'}
[2024-06-19 20:05:25,452][root][INFO] - Added data to batch for client 0: {'round': 3, 'step_no': 117, 'loss': 0.21365080773830414, 'accuracy': 0.8777173757553101, 'l2_norm': 0.4502117335796356, 'computation_time': 0.05046200752258301, 'batch_time': 0.05314008683490101, 'rtc_check_time': 0.0014959999971324578, 'experiment_id': 'exp_20240619_200443', 'client_id': '0'}
[2024-06-19 20:05:25,453][root][INFO] - Added data to batch for client 0: {'round': 3, 'step_no': 118, 'loss': 0.20540273189544678, 'accuracy': 0.8802083134651184, 'l2_norm': 0.47717684507369995, 'computation_time': 0.04046297073364258, 'batch_time': 0.04532621327962261, 'rtc_check_time': 0.0036423010024009272, 'experiment_id': 'exp_20240619_200443', 'client_id': '0'}
[2024-06-19 20:05:25,454][root][INFO] - Added data to batch for client 0: {'round': 3, 'step_no': 119, 'loss': 0.3018690049648285, 'accuracy': 0.8824999928474426, 'l2_norm': 0.5248211026191711, 'computation_time': 0.04033303260803223, 'batch_time': 0.049005252367351204, 'rtc_check_time': 0.007538300997111946, 'experiment_id': 'exp_20240619_200443', 'client_id': '0'}
[2024-06-19 20:05:25,455][root][INFO] - Added data to batch for client 0: {'round': 3, 'step_no': 120, 'loss': 0.1137671172618866, 'accuracy': 0.8870192170143127, 'l2_norm': 0.53485506772995, 'computation_time': 0.04081296920776367, 'batch_time': 0.04696381622488843, 'rtc_check_time': 0.004954701005772222, 'experiment_id': 'exp_20240619_200443', 'client_id': '0'}
[2024-06-19 20:05:25,456][root][INFO] - Added data to batch for client 0: {'round': 3, 'step_no': 121, 'loss': 0.45139020681381226, 'accuracy': 0.8865740895271301, 'l2_norm': 0.5547227263450623, 'computation_time': 0.04474592208862305, 'batch_time': 0.047842246320215054, 'rtc_check_time': 0.0017793000006349757, 'experiment_id': 'exp_20240619_200443', 'client_id': '0'}
[2024-06-19 20:05:25,457][root][INFO] - Added data to batch for client 0: {'round': 3, 'step_no': 122, 'loss': 0.3827528953552246, 'accuracy': 0.8861607313156128, 'l2_norm': 0.5785629153251648, 'computation_time': 0.042124032974243164, 'batch_time': 0.05136302678147331, 'rtc_check_time': 0.008089101000223309, 'experiment_id': 'exp_20240619_200443', 'client_id': '0'}
[2024-06-19 20:05:25,458][root][INFO] - Added data to batch for client 0: {'round': 3, 'step_no': 123, 'loss': 0.19965597987174988, 'accuracy': 0.889008641242981, 'l2_norm': 0.5803430080413818, 'computation_time': 0.03908109664916992, 'batch_time': 0.045071795604599174, 'rtc_check_time': 0.00487490000523394, 'experiment_id': 'exp_20240619_200443', 'client_id': '0'}
[2024-06-19 20:05:25,458][root][INFO] - Added data to batch for client 0: {'round': 3, 'step_no': 124, 'loss': 0.30532729625701904, 'accuracy': 0.8895833492279053, 'l2_norm': 0.6079316139221191, 'computation_time': 0.05885887145996094, 'batch_time': 0.062493746721884236, 'rtc_check_time': 0.002168601000448689, 'experiment_id': 'exp_20240619_200443', 'client_id': '0'}
[2024-06-19 20:05:25,459][root][INFO] - Added data to batch for client 0: {'round': 3, 'step_no': 125, 'loss': 0.3827627897262573, 'accuracy': 0.8901209831237793, 'l2_norm': 0.6403999328613281, 'computation_time': 0.05172610282897949, 'batch_time': 0.054669970682880376, 'rtc_check_time': 0.0015701000011176802, 'experiment_id': 'exp_20240619_200443', 'client_id': '0'}
[2024-06-19 20:05:25,461][root][INFO] - Added data to batch for client 0: {'round': 3, 'step_no': 126, 'loss': 0.16409173607826233, 'accuracy': 0.8916015625, 'l2_norm': 0.657062292098999, 'computation_time': 0.057785987854003906, 'batch_time': 0.06247071461984888, 'rtc_check_time': 0.0026987000019289553, 'experiment_id': 'exp_20240619_200443', 'client_id': '0'}
[2024-06-19 20:05:25,462][root][INFO] - Added data to batch for client 0: {'round': 3, 'step_no': 127, 'loss': 0.16105151176452637, 'accuracy': 0.8939393758773804, 'l2_norm': 0.6682950258255005, 'computation_time': 0.04938006401062012, 'batch_time': 0.052129492825770285, 'rtc_check_time': 0.0016713000004529022, 'experiment_id': 'exp_20240619_200443', 'client_id': '0'}
[2024-06-19 20:05:25,463][root][INFO] - Added data to batch for client 0: {'round': 3, 'step_no': 128, 'loss': 0.4040585160255432, 'accuracy': 0.8943014740943909, 'l2_norm': 0.72152179479599, 'computation_time': 0.06241202354431152, 'batch_time': 0.06863245588465361, 'rtc_check_time': 0.005076499997812789, 'experiment_id': 'exp_20240619_200443', 'client_id': '0'}
[2024-06-19 20:05:25,465][root][INFO] - Added data to batch for client 0: {'round': 3, 'step_no': 129, 'loss': 0.4008386731147766, 'accuracy': 0.8928571343421936, 'l2_norm': 0.7500187754631042, 'computation_time': 0.04037785530090332, 'batch_time': 0.0430285455804551, 'rtc_check_time': 0.0013586999994004145, 'experiment_id': 'exp_20240619_200443', 'client_id': '0'}
[2024-06-19 20:05:25,466][root][INFO] - Added data to batch for client 0: {'round': 3, 'step_no': 130, 'loss': 0.3111779987812042, 'accuracy': 0.8923611044883728, 'l2_norm': 0.7779842615127563, 'computation_time': 0.049162864685058594, 'batch_time': 0.05153319908276899, 'rtc_check_time': 0.0013231999982963316, 'experiment_id': 'exp_20240619_200443', 'client_id': '0'}
[2024-06-19 20:05:25,467][root][INFO] - Added data to batch for client 0: {'round': 3, 'step_no': 131, 'loss': 0.4295395016670227, 'accuracy': 0.8910472989082336, 'l2_norm': 0.8155097961425781, 'computation_time': 0.04424905776977539, 'batch_time': 0.053325865243095905, 'rtc_check_time': 0.007874700997490436, 'experiment_id': 'exp_20240619_200443', 'client_id': '0'}
[2024-06-19 20:05:25,468][root][INFO] - Added data to batch for client 0: {'round': 3, 'step_no': 132, 'loss': 0.20114241540431976, 'accuracy': 0.8922697305679321, 'l2_norm': 0.8512749075889587, 'computation_time': 0.05078911781311035, 'batch_time': 0.05365034448186634, 'rtc_check_time': 0.001728499999444466, 'experiment_id': 'exp_20240619_200443', 'client_id': '0'}
[2024-06-19 20:05:25,469][root][INFO] - Added data to batch for client 0: {'round': 3, 'step_no': 133, 'loss': 0.4602571129798889, 'accuracy': 0.8918269276618958, 'l2_norm': 0.8912830352783203, 'computation_time': 0.040875911712646484, 'batch_time': 0.04537287382845534, 'rtc_check_time': 0.0034328999972785823, 'experiment_id': 'exp_20240619_200443', 'client_id': '0'}
[2024-06-19 20:05:25,470][root][INFO] - Added data to batch for client 0: {'round': 3, 'step_no': 134, 'loss': 0.2176048457622528, 'accuracy': 0.893750011920929, 'l2_norm': 0.9420955777168274, 'computation_time': 0.04053306579589844, 'batch_time': 0.046310878882650286, 'rtc_check_time': 0.004655099997762591, 'experiment_id': 'exp_20240619_200443', 'client_id': '0'}
[2024-06-19 20:05:25,471][root][INFO] - Added data to batch for client 0: {'round': 3, 'step_no': 135, 'loss': 0.41397997736930847, 'accuracy': 0.8932926654815674, 'l2_norm': 0.9619967937469482, 'computation_time': 0.042199134826660156, 'batch_time': 0.04478358818596462, 'rtc_check_time': 0.00138639999931911, 'experiment_id': 'exp_20240619_200443', 'client_id': '0'}
[2024-06-19 20:05:25,472][root][INFO] - Added data to batch for client 0: {'round': 3, 'step_no': 136, 'loss': 0.37224817276000977, 'accuracy': 0.8936011791229248, 'l2_norm': 1.025189995765686, 'computation_time': 0.05037999153137207, 'batch_time': 0.05295238292455906, 'rtc_check_time': 0.0014945009970688261, 'experiment_id': 'exp_20240619_200443', 'client_id': '0'}
[2024-06-19 20:05:25,473][root][INFO] - Added data to batch for client 0: {'round': 3, 'step_no': 137, 'loss': 0.2976114749908447, 'accuracy': 0.8931686282157898, 'l2_norm': 1.050475001335144, 'computation_time': 0.04286980628967285, 'batch_time': 0.05338597905210918, 'rtc_check_time': 0.009164101000351366, 'experiment_id': 'exp_20240619_200443', 'client_id': '0'}
[2024-06-19 20:05:25,474][root][INFO] - Added data to batch for client 0: {'round': 3, 'step_no': 138, 'loss': 0.25100505352020264, 'accuracy': 0.8934659361839294, 'l2_norm': 1.0469186305999756, 'computation_time': 0.04281210899353027, 'batch_time': 0.045926320206490345, 'rtc_check_time': 0.0018103000038536265, 'experiment_id': 'exp_20240619_200443', 'client_id': '0'}
[2024-06-19 20:05:25,475][root][INFO] - Added data to batch for client 0: {'round': 3, 'step_no': 139, 'loss': 0.49784213304519653, 'accuracy': 0.8930555582046509, 'l2_norm': 1.1124255657196045, 'computation_time': 0.03840184211730957, 'batch_time': 0.04330575220956234, 'rtc_check_time': 0.003801701001066249, 'experiment_id': 'exp_20240619_200443', 'client_id': '0'}
[2024-06-19 20:05:25,476][root][INFO] - Added data to batch for client 0: {'round': 3, 'step_no': 140, 'loss': 0.30735111236572266, 'accuracy': 0.89402174949646, 'l2_norm': 1.1123948097229004, 'computation_time': 0.04091191291809082, 'batch_time': 0.045995915577805135, 'rtc_check_time': 0.003818000004685018, 'experiment_id': 'exp_20240619_200443', 'client_id': '0'}
[2024-06-19 20:05:25,477][root][INFO] - Added data to batch for client 0: {'round': 3, 'step_no': 141, 'loss': 0.184292733669281, 'accuracy': 0.894946813583374, 'l2_norm': 1.12908136844635, 'computation_time': 0.04113602638244629, 'batch_time': 0.04575622695119819, 'rtc_check_time': 0.0030010999980731867, 'experiment_id': 'exp_20240619_200443', 'client_id': '0'}
[2024-06-19 20:05:25,478][root][INFO] - Added data to batch for client 0: {'round': 3, 'step_no': 142, 'loss': 0.4212265610694885, 'accuracy': 0.89453125, 'l2_norm': 1.1632691621780396, 'computation_time': 0.04188108444213867, 'batch_time': 0.04604045796440914, 'rtc_check_time': 0.0027743999962694943, 'experiment_id': 'exp_20240619_200443', 'client_id': '0'}
[2024-06-19 20:05:25,480][root][INFO] - Added data to batch for client 0: {'round': 3, 'step_no': 143, 'loss': 0.44219860434532166, 'accuracy': 0.894132673740387, 'l2_norm': 1.1852843761444092, 'computation_time': 0.053076982498168945, 'batch_time': 0.06921510567917721, 'rtc_check_time': 0.013913201000832487, 'experiment_id': 'exp_20240619_200443', 'client_id': '0'}
[2024-06-19 20:05:25,481][root][INFO] - Added data to batch for client 0: {'round': 3, 'step_no': 144, 'loss': 0.15992829203605652, 'accuracy': 0.8956249952316284, 'l2_norm': 1.2100321054458618, 'computation_time': 0.056838035583496094, 'batch_time': 0.06038764546974562, 'rtc_check_time': 0.0022755009995307773, 'experiment_id': 'exp_20240619_200443', 'client_id': '0'}
[2024-06-19 20:05:25,482][root][INFO] - Added data to batch for client 0: {'round': 3, 'step_no': 145, 'loss': 0.30726754665374756, 'accuracy': 0.8952205777168274, 'l2_norm': 1.2702847719192505, 'computation_time': 0.04159116744995117, 'batch_time': 0.04632445149763953, 'rtc_check_time': 0.003657301000203006, 'experiment_id': 'exp_20240619_200443', 'client_id': '0'}
[2024-06-19 20:05:25,483][root][INFO] - Added data to batch for client 0: {'round': 3, 'step_no': 146, 'loss': 0.27773478627204895, 'accuracy': 0.895432710647583, 'l2_norm': 1.3346227407455444, 'computation_time': 0.05198502540588379, 'batch_time': 0.05692042347800452, 'rtc_check_time': 0.0036384010018082336, 'experiment_id': 'exp_20240619_200443', 'client_id': '0'}
[2024-06-19 20:05:25,484][root][INFO] - Added data to batch for client 0: {'round': 3, 'step_no': 147, 'loss': 0.44586169719696045, 'accuracy': 0.8950471878051758, 'l2_norm': 1.3337912559509277, 'computation_time': 0.04059481620788574, 'batch_time': 0.0454859947640216, 'rtc_check_time': 0.0037420010048663244, 'experiment_id': 'exp_20240619_200443', 'client_id': '0'}
[2024-06-19 20:05:25,485][root][INFO] - Added data to batch for client 0: {'round': 3, 'step_no': 148, 'loss': 0.2559075951576233, 'accuracy': 0.8952546119689941, 'l2_norm': 1.3689688444137573, 'computation_time': 0.04197406768798828, 'batch_time': 0.04489388633373892, 'rtc_check_time': 0.0015717999995104037, 'experiment_id': 'exp_20240619_200443', 'client_id': '0'}
[2024-06-19 20:05:25,486][root][INFO] - Added data to batch for client 0: {'round': 3, 'step_no': 149, 'loss': 0.35950416326522827, 'accuracy': 0.8948863744735718, 'l2_norm': 1.410628080368042, 'computation_time': 0.04039812088012695, 'batch_time': 0.044031276207533665, 'rtc_check_time': 0.0025740999990375713, 'experiment_id': 'exp_20240619_200443', 'client_id': '0'}
[2024-06-19 20:05:25,487][root][INFO] - Added data to batch for client 0: {'round': 3, 'step_no': 150, 'loss': 0.17743301391601562, 'accuracy': 0.8956473469734192, 'l2_norm': 1.4621427059173584, 'computation_time': 0.03914499282836914, 'batch_time': 0.04494838190294104, 'rtc_check_time': 0.004755301000841428, 'experiment_id': 'exp_20240619_200443', 'client_id': '0'}
[2024-06-19 20:05:25,488][root][INFO] - Added data to batch for client 0: {'round': 3, 'step_no': 151, 'loss': 0.6143965721130371, 'accuracy': 0.8952850699424744, 'l2_norm': 1.4883832931518555, 'computation_time': 0.041239023208618164, 'batch_time': 0.045366650410869624, 'rtc_check_time': 0.0027417000019340776, 'experiment_id': 'exp_20240619_200443', 'client_id': '0'}
[2024-06-19 20:05:25,489][root][INFO] - Added data to batch for client 0: {'round': 3, 'step_no': 152, 'loss': 0.5008506774902344, 'accuracy': 0.8943965435028076, 'l2_norm': 1.509220004081726, 'computation_time': 0.04027390480041504, 'batch_time': 0.044076353988202754, 'rtc_check_time': 0.0027093000026070513, 'experiment_id': 'exp_20240619_200443', 'client_id': '0'}
[2024-06-19 20:05:25,491][root][INFO] - Added data to batch for client 0: {'round': 3, 'step_no': 153, 'loss': 0.14412999153137207, 'accuracy': 0.8956567645072937, 'l2_norm': 1.519735336303711, 'computation_time': 0.03936195373535156, 'batch_time': 0.04218370850867359, 'rtc_check_time': 0.0017596000034245662, 'experiment_id': 'exp_20240619_200443', 'client_id': '0'}
[2024-06-19 20:05:25,492][root][INFO] - Added data to batch for client 0: {'round': 3, 'step_no': 154, 'loss': 0.2593993544578552, 'accuracy': 0.895312488079071, 'l2_norm': 1.5809338092803955, 'computation_time': 0.048998117446899414, 'batch_time': 0.05354165210883366, 'rtc_check_time': 0.003369799997017253, 'experiment_id': 'exp_20240619_200443', 'client_id': '0'}
[2024-06-19 20:05:25,493][root][INFO] - Added data to batch for client 0: {'round': 3, 'step_no': 155, 'loss': 0.25280725955963135, 'accuracy': 0.8960040807723999, 'l2_norm': 1.672714352607727, 'computation_time': 0.046041011810302734, 'batch_time': 0.0494354581751395, 'rtc_check_time': 0.002029499999480322, 'experiment_id': 'exp_20240619_200443', 'client_id': '0'}
[2024-06-19 20:05:25,494][root][INFO] - Added data to batch for client 0: {'round': 3, 'step_no': 156, 'loss': 0.27848973870277405, 'accuracy': 0.8966733813285828, 'l2_norm': 1.6855663061141968, 'computation_time': 0.04920697212219238, 'batch_time': 0.05298334315739339, 'rtc_check_time': 0.0016945000024861656, 'experiment_id': 'exp_20240619_200443', 'client_id': '0'}
[2024-06-19 20:05:25,495][root][INFO] - Added data to batch for client 0: {'round': 3, 'step_no': 157, 'loss': 0.23088957369327545, 'accuracy': 0.89682537317276, 'l2_norm': 1.7436262369155884, 'computation_time': 0.03994297981262207, 'batch_time': 0.04424925828061532, 'rtc_check_time': 0.0031993010052246973, 'experiment_id': 'exp_20240619_200443', 'client_id': '0'}
[2024-06-19 20:05:25,496][root][INFO] - Added data to batch for client 0: {'round': 3, 'step_no': 158, 'loss': 0.30410248041152954, 'accuracy': 0.8974609375, 'l2_norm': 1.7770588397979736, 'computation_time': 0.044541120529174805, 'batch_time': 0.04709711686882656, 'rtc_check_time': 0.0013403000048128888, 'experiment_id': 'exp_20240619_200443', 'client_id': '0'}
[2024-06-19 20:05:25,498][root][INFO] - Added data to batch for client 0: {'round': 3, 'step_no': 159, 'loss': 0.5556363463401794, 'accuracy': 0.8961538672447205, 'l2_norm': 1.8145314455032349, 'computation_time': 0.04159212112426758, 'batch_time': 0.045002290382399224, 'rtc_check_time': 0.002172299995436333, 'experiment_id': 'exp_20240619_200443', 'client_id': '0'}
[2024-06-19 20:05:25,499][root][INFO] - Added data to batch for client 0: {'round': 3, 'step_no': 160, 'loss': 0.4169120192527771, 'accuracy': 0.8963068127632141, 'l2_norm': 1.8664699792861938, 'computation_time': 0.040705204010009766, 'batch_time': 0.047783027388504706, 'rtc_check_time': 0.005835900999954902, 'experiment_id': 'exp_20240619_200443', 'client_id': '0'}
[2024-06-19 20:05:25,500][root][INFO] - Added data to batch for client 0: {'round': 3, 'step_no': 161, 'loss': 0.1317530870437622, 'accuracy': 0.8973880410194397, 'l2_norm': 1.8918615579605103, 'computation_time': 0.041007041931152344, 'batch_time': 0.04508588468161179, 'rtc_check_time': 0.0028219000014360063, 'experiment_id': 'exp_20240619_200443', 'client_id': '0'}
[2024-06-19 20:05:25,502][root][INFO] - Added data to batch for client 0: {'round': 3, 'step_no': 162, 'loss': 0.38195985555648804, 'accuracy': 0.8975183963775635, 'l2_norm': 1.9288315773010254, 'computation_time': 0.0413060188293457, 'batch_time': 0.04819985578797059, 'rtc_check_time': 0.0056419009997625835, 'experiment_id': 'exp_20240619_200443', 'client_id': '0'}
[2024-06-19 20:05:25,503][root][INFO] - Added data to batch for client 0: {'round': 3, 'step_no': 163, 'loss': 0.1691242903470993, 'accuracy': 0.898097813129425, 'l2_norm': 1.9950969219207764, 'computation_time': 0.041075944900512695, 'batch_time': 0.043625650730973575, 'rtc_check_time': 0.001386700001603458, 'experiment_id': 'exp_20240619_200443', 'client_id': '0'}
[2024-06-19 20:05:25,504][root][INFO] - Added data to batch for client 0: {'round': 3, 'step_no': 164, 'loss': 0.31349247694015503, 'accuracy': 0.8977678418159485, 'l2_norm': 2.055880069732666, 'computation_time': 0.043228864669799805, 'batch_time': 0.04572095329785952, 'rtc_check_time': 0.0014470999958575703, 'experiment_id': 'exp_20240619_200443', 'client_id': '0'}
[2024-06-19 20:05:25,505][root][INFO] - Added data to batch for client 0: {'round': 3, 'step_no': 165, 'loss': 0.26006585359573364, 'accuracy': 0.8978873491287231, 'l2_norm': 2.083307981491089, 'computation_time': 0.04337596893310547, 'batch_time': 0.046115950659441296, 'rtc_check_time': 0.0014859000002616085, 'experiment_id': 'exp_20240619_200443', 'client_id': '0'}
[2024-06-19 20:05:25,506][root][INFO] - Added data to batch for client 0: {'round': 3, 'step_no': 166, 'loss': 0.2775646448135376, 'accuracy': 0.8984375, 'l2_norm': 2.1055240631103516, 'computation_time': 0.049308061599731445, 'batch_time': 0.05455725147476187, 'rtc_check_time': 0.003010200998687651, 'experiment_id': 'exp_20240619_200443', 'client_id': '0'}
[2024-06-19 20:05:25,507][root][INFO] - Added data to batch for client 0: {'round': 3, 'step_no': 167, 'loss': 0.08558885008096695, 'accuracy': 0.8998287916183472, 'l2_norm': 2.1478383541107178, 'computation_time': 0.038900136947631836, 'batch_time': 0.0437771777578746, 'rtc_check_time': 0.003737400002137292, 'experiment_id': 'exp_20240619_200443', 'client_id': '0'}
[2024-06-19 20:05:25,508][root][INFO] - Added data to batch for client 0: {'round': 3, 'step_no': 168, 'loss': 0.16159237921237946, 'accuracy': 0.9007601141929626, 'l2_norm': 2.2014338970184326, 'computation_time': 0.057672977447509766, 'batch_time': 0.06105132064112695, 'rtc_check_time': 0.0019104000020888634, 'experiment_id': 'exp_20240619_200443', 'client_id': '0'}
[2024-06-19 20:05:25,509][root][INFO] - Added data to batch for client 0: {'round': 3, 'step_no': 169, 'loss': 0.18537074327468872, 'accuracy': 0.9016666412353516, 'l2_norm': 2.24404239654541, 'computation_time': 0.055635929107666016, 'batch_time': 0.059875879298488144, 'rtc_check_time': 0.0029389000046649016, 'experiment_id': 'exp_20240619_200443', 'client_id': '0'}
[2024-06-19 20:05:25,510][root][INFO] - Added data to batch for client 0: {'round': 3, 'step_no': 170, 'loss': 0.18653003871440887, 'accuracy': 0.9021381735801697, 'l2_norm': 2.2967920303344727, 'computation_time': 0.05110812187194824, 'batch_time': 0.06417031294404296, 'rtc_check_time': 0.011598300996411126, 'experiment_id': 'exp_20240619_200443', 'client_id': '0'}
[2024-06-19 20:05:25,511][root][INFO] - Added data to batch for client 0: {'round': 3, 'step_no': 171, 'loss': 0.5762842893600464, 'accuracy': 0.9005681872367859, 'l2_norm': 2.3646726608276367, 'computation_time': 0.05517697334289551, 'batch_time': 0.05870702429820085, 'rtc_check_time': 0.0015929000001051463, 'experiment_id': 'exp_20240619_200443', 'client_id': '0'}
[2024-06-19 20:05:25,512][root][INFO] - Added data to batch for client 0: {'round': 3, 'step_no': 172, 'loss': 0.13714927434921265, 'accuracy': 0.901442289352417, 'l2_norm': 2.381314754486084, 'computation_time': 0.04468798637390137, 'batch_time': 0.04792898882442387, 'rtc_check_time': 0.00201100100093754, 'experiment_id': 'exp_20240619_200443', 'client_id': '0'}
[2024-06-19 20:05:25,513][root][INFO] - Added data to batch for client 0: {'round': 3, 'step_no': 173, 'loss': 0.14107012748718262, 'accuracy': 0.9022942781448364, 'l2_norm': 2.422130584716797, 'computation_time': 0.046994924545288086, 'batch_time': 0.050358920940198004, 'rtc_check_time': 0.0020577010000124574, 'experiment_id': 'exp_20240619_200443', 'client_id': '0'}
[2024-06-19 20:05:25,514][root][INFO] - Added data to batch for client 0: {'round': 3, 'step_no': 174, 'loss': 0.13357417285442352, 'accuracy': 0.903124988079071, 'l2_norm': 2.478327512741089, 'computation_time': 0.041391849517822266, 'batch_time': 0.04448488762136549, 'rtc_check_time': 0.001895699999295175, 'experiment_id': 'exp_20240619_200443', 'client_id': '0'}
[2024-06-19 20:05:25,515][root][INFO] - Added data to batch for client 0: {'round': 3, 'step_no': 175, 'loss': 0.0962698757648468, 'accuracy': 0.9039351940155029, 'l2_norm': 2.490727663040161, 'computation_time': 0.04200387001037598, 'batch_time': 0.04552911517384928, 'rtc_check_time': 0.0021963000035611913, 'experiment_id': 'exp_20240619_200443', 'client_id': '0'}
[2024-06-19 20:05:25,516][root][INFO] - Added data to batch for client 0: {'round': 3, 'step_no': 176, 'loss': 0.40436965227127075, 'accuracy': 0.9032012224197388, 'l2_norm': 2.6113553047180176, 'computation_time': 0.04307413101196289, 'batch_time': 0.04665735868184129, 'rtc_check_time': 0.0024505010005668737, 'experiment_id': 'exp_20240619_200443', 'client_id': '0'}
[2024-06-19 20:05:25,517][root][INFO] - Added data to batch for client 0: {'round': 3, 'step_no': 177, 'loss': 0.25716856122016907, 'accuracy': 0.9032379388809204, 'l2_norm': 2.6320698261260986, 'computation_time': 0.04304909706115723, 'batch_time': 0.04606692140805535, 'rtc_check_time': 0.0019148999999742955, 'experiment_id': 'exp_20240619_200443', 'client_id': '0'}
[2024-06-19 20:05:25,518][root][INFO] - Added data to batch for client 0: {'round': 3, 'step_no': 178, 'loss': 0.5243867635726929, 'accuracy': 0.9029017686843872, 'l2_norm': 2.684161424636841, 'computation_time': 0.0405421257019043, 'batch_time': 0.043081276562588755, 'rtc_check_time': 0.001455300000088755, 'experiment_id': 'exp_20240619_200443', 'client_id': '0'}
[2024-06-19 20:05:25,519][root][INFO] - Added data to batch for client 0: {'round': 3, 'step_no': 179, 'loss': 0.6573119163513184, 'accuracy': 0.9022058844566345, 'l2_norm': 2.721792697906494, 'computation_time': 0.05205392837524414, 'batch_time': 0.05484599596093176, 'rtc_check_time': 0.0015448999984073453, 'experiment_id': 'exp_20240619_200443', 'client_id': '0'}
[2024-06-19 20:05:25,520][root][INFO] - Added data to batch for client 0: {'round': 3, 'step_no': 180, 'loss': 0.1833944171667099, 'accuracy': 0.9029796719551086, 'l2_norm': 2.748713254928589, 'computation_time': 0.04111504554748535, 'batch_time': 0.04588762762432452, 'rtc_check_time': 0.003557600997737609, 'experiment_id': 'exp_20240619_200443', 'client_id': '0'}
[2024-06-19 20:05:25,521][root][INFO] - Added data to batch for client 0: {'round': 3, 'step_no': 181, 'loss': 0.49431082606315613, 'accuracy': 0.9022988677024841, 'l2_norm': 2.8098156452178955, 'computation_time': 0.038983821868896484, 'batch_time': 0.04325714533479186, 'rtc_check_time': 0.0029892009988543577, 'experiment_id': 'exp_20240619_200443', 'client_id': '0'}
[2024-06-19 20:05:25,522][root][INFO] - Added data to batch for client 0: {'round': 3, 'step_no': 182, 'loss': 0.14452645182609558, 'accuracy': 0.9026988744735718, 'l2_norm': 2.8287782669067383, 'computation_time': 0.04024004936218262, 'batch_time': 0.04298064281465486, 'rtc_check_time': 0.0015515999984927475, 'experiment_id': 'exp_20240619_200443', 'client_id': '0'}
[2024-06-19 20:05:25,523][root][INFO] - Added data to batch for client 0: {'round': 3, 'step_no': 183, 'loss': 0.4914989769458771, 'accuracy': 0.9027387499809265, 'l2_norm': 2.8586888313293457, 'computation_time': 0.040566205978393555, 'batch_time': 0.04406864687916823, 'rtc_check_time': 0.0023206000041682273, 'experiment_id': 'exp_20240619_200443', 'client_id': '0'}
[2024-06-19 20:05:25,524][root][INFO] - Added data to batch for client 0: {'round': 3, 'step_no': 184, 'loss': 0.09020300209522247, 'accuracy': 0.9034722447395325, 'l2_norm': 2.8801615238189697, 'computation_time': 0.042613983154296875, 'batch_time': 0.047563921732944436, 'rtc_check_time': 0.0037979000044288114, 'experiment_id': 'exp_20240619_200443', 'client_id': '0'}
[2024-06-19 20:05:25,525][root][INFO] - Added data to batch for client 0: {'round': 3, 'step_no': 185, 'loss': 0.11284276098012924, 'accuracy': 0.9041895866394043, 'l2_norm': 2.9162094593048096, 'computation_time': 0.04191708564758301, 'batch_time': 0.04609898315538885, 'rtc_check_time': 0.0028818009959650226, 'experiment_id': 'exp_20240619_200443', 'client_id': '0'}
[2024-06-19 20:05:25,526][root][INFO] - Added data to batch for client 0: {'round': 3, 'step_no': 186, 'loss': 0.12282973527908325, 'accuracy': 0.904891312122345, 'l2_norm': 2.953493356704712, 'computation_time': 0.04406094551086426, 'batch_time': 0.04876515595242381, 'rtc_check_time': 0.0034332009963691235, 'experiment_id': 'exp_20240619_200443', 'client_id': '0'}
[2024-06-19 20:05:25,527][root][INFO] - Added data to batch for client 0: {'round': 3, 'step_no': 187, 'loss': 0.12204515933990479, 'accuracy': 0.9055779576301575, 'l2_norm': 2.9957644939422607, 'computation_time': 0.04645109176635742, 'batch_time': 0.04949682937149191, 'rtc_check_time': 0.0015467999983229674, 'experiment_id': 'exp_20240619_200443', 'client_id': '0'}
[2024-06-19 20:05:25,528][root][INFO] - Added data to batch for client 0: {'round': 3, 'step_no': 188, 'loss': 0.31073451042175293, 'accuracy': 0.9059175252914429, 'l2_norm': 3.048861026763916, 'computation_time': 0.04672884941101074, 'batch_time': 0.050150384253356606, 'rtc_check_time': 0.0021634000004269183, 'experiment_id': 'exp_20240619_200443', 'client_id': '0'}
[2024-06-19 20:05:25,529][root][INFO] - Added data to batch for client 0: {'round': 3, 'step_no': 189, 'loss': 0.4864620864391327, 'accuracy': 0.9059210419654846, 'l2_norm': 3.1321327686309814, 'computation_time': 0.045929908752441406, 'batch_time': 0.04851894732564688, 'rtc_check_time': 0.001436999998986721, 'experiment_id': 'exp_20240619_200443', 'client_id': '0'}
[2024-06-19 20:05:25,530][root][INFO] - Added data to batch for client 0: {'round': 3, 'step_no': 190, 'loss': 0.2820069491863251, 'accuracy': 0.90625, 'l2_norm': 3.1504342555999756, 'computation_time': 0.04252791404724121, 'batch_time': 0.04739275447354885, 'rtc_check_time': 0.003637699999671895, 'experiment_id': 'exp_20240619_200443', 'client_id': '0'}
[2024-06-19 20:05:25,531][root][INFO] - Added data to batch for client 0: {'round': 3, 'step_no': 191, 'loss': 0.41289031505584717, 'accuracy': 0.905927836894989, 'l2_norm': 3.247990846633911, 'computation_time': 0.04143786430358887, 'batch_time': 0.04496909029694507, 'rtc_check_time': 0.0023892009994597174, 'experiment_id': 'exp_20240619_200443', 'client_id': '0'}
[2024-06-19 20:05:25,532][root][INFO] - Added data to batch for client 0: {'round': 3, 'step_no': 192, 'loss': 0.3523798882961273, 'accuracy': 0.9049744606018066, 'l2_norm': 3.286393165588379, 'computation_time': 0.04232907295227051, 'batch_time': 0.04645605832047295, 'rtc_check_time': 0.0030211999983293936, 'experiment_id': 'exp_20240619_200443', 'client_id': '0'}
[2024-06-19 20:05:25,533][root][INFO] - Added data to batch for client 0: {'round': 3, 'step_no': 193, 'loss': 0.230404794216156, 'accuracy': 0.9053030014038086, 'l2_norm': 3.2809882164001465, 'computation_time': 0.0406651496887207, 'batch_time': 0.04431749979266897, 'rtc_check_time': 0.0023935000062920153, 'experiment_id': 'exp_20240619_200443', 'client_id': '0'}
[2024-06-19 20:05:25,534][root][INFO] - Added data to batch for client 0: {'round': 3, 'step_no': 194, 'loss': 0.26445406675338745, 'accuracy': 0.9056249856948853, 'l2_norm': 3.309213399887085, 'computation_time': 0.04176902770996094, 'batch_time': 0.04669248729624087, 'rtc_check_time': 0.0037172999946051277, 'experiment_id': 'exp_20240619_200443', 'client_id': '0'}
[2024-06-19 20:05:25,535][root][INFO] - Added data to batch for client 0: {'round': 3, 'step_no': 195, 'loss': 0.32855772972106934, 'accuracy': 0.9056311845779419, 'l2_norm': 3.362365961074829, 'computation_time': 0.039595842361450195, 'batch_time': 0.04285029198945267, 'rtc_check_time': 0.001950300000316929, 'experiment_id': 'exp_20240619_200443', 'client_id': '0'}
[2024-06-19 20:05:25,536][root][INFO] - Added data to batch for client 0: {'round': 3, 'step_no': 196, 'loss': 0.47393712401390076, 'accuracy': 0.905637264251709, 'l2_norm': 3.466701030731201, 'computation_time': 0.044404029846191406, 'batch_time': 0.05113401213748148, 'rtc_check_time': 0.004875801001617219, 'experiment_id': 'exp_20240619_200443', 'client_id': '0'}
[2024-06-19 20:05:25,537][root][INFO] - Added data to batch for client 0: {'round': 3, 'step_no': 197, 'loss': 0.13534267246723175, 'accuracy': 0.90625, 'l2_norm': 3.486264705657959, 'computation_time': 0.04302978515625, 'batch_time': 0.0460513934813207, 'rtc_check_time': 0.0017443999968236312, 'experiment_id': 'exp_20240619_200443', 'client_id': '0'}
[2024-06-19 20:05:25,538][root][INFO] - Added data to batch for client 0: {'round': 3, 'step_no': 198, 'loss': 0.21573179960250854, 'accuracy': 0.90625, 'l2_norm': 3.5610923767089844, 'computation_time': 0.04247403144836426, 'batch_time': 0.04496380835189484, 'rtc_check_time': 0.0013796999992337078, 'experiment_id': 'exp_20240619_200443', 'client_id': '0'}
[2024-06-19 20:05:25,539][root][INFO] - Added data to batch for client 0: {'round': 3, 'step_no': 199, 'loss': 0.16511166095733643, 'accuracy': 0.906845211982727, 'l2_norm': 3.610790491104126, 'computation_time': 0.03914690017700195, 'batch_time': 0.04515185233321972, 'rtc_check_time': 0.004842900001676753, 'experiment_id': 'exp_20240619_200443', 'client_id': '0'}
[2024-06-19 20:05:25,540][root][INFO] - Added data to batch for client 0: {'round': 3, 'step_no': 200, 'loss': 0.46442610025405884, 'accuracy': 0.9056603908538818, 'l2_norm': 3.6653881072998047, 'computation_time': 0.03969097137451172, 'batch_time': 0.04376829560351325, 'rtc_check_time': 0.002760299998044502, 'experiment_id': 'exp_20240619_200443', 'client_id': '0'}
[2024-06-19 20:05:25,541][root][INFO] - Added data to batch for client 0: {'round': 3, 'step_no': 201, 'loss': 0.2072196900844574, 'accuracy': 0.9059579372406006, 'l2_norm': 3.690554141998291, 'computation_time': 0.04050612449645996, 'batch_time': 0.042981068007065915, 'rtc_check_time': 0.001392999998643063, 'experiment_id': 'exp_20240619_200443', 'client_id': '0'}
[2024-06-19 20:05:25,542][root][INFO] - Added data to batch for client 0: {'round': 3, 'step_no': 202, 'loss': 0.09599839150905609, 'accuracy': 0.9065393805503845, 'l2_norm': 3.7032217979431152, 'computation_time': 0.03941488265991211, 'batch_time': 0.0429029182632803, 'rtc_check_time': 0.0024048999985097907, 'experiment_id': 'exp_20240619_200443', 'client_id': '0'}
[2024-06-19 20:05:25,543][root][INFO] - Added data to batch for client 0: {'round': 3, 'step_no': 203, 'loss': 0.08480089157819748, 'accuracy': 0.9073967933654785, 'l2_norm': 3.7204678058624268, 'computation_time': 0.042572975158691406, 'batch_time': 0.046834891189064365, 'rtc_check_time': 0.003021901000465732, 'experiment_id': 'exp_20240619_200443', 'client_id': '0'}
[2024-06-19 20:05:25,544][root][INFO] - Added data to batch for client 0: {'round': 3, 'step_no': 204, 'loss': 0.5251300930976868, 'accuracy': 0.9068182110786438, 'l2_norm': 3.787438154220581, 'computation_time': 0.0424649715423584, 'batch_time': 0.04574422164296266, 'rtc_check_time': 0.0020204000029480085, 'experiment_id': 'exp_20240619_200443', 'client_id': '0'}
[2024-06-19 20:05:25,545][root][INFO] - Added data to batch for client 0: {'round': 3, 'step_no': 205, 'loss': 0.2532995641231537, 'accuracy': 0.9070945978164673, 'l2_norm': 3.8388583660125732, 'computation_time': 0.03897500038146973, 'batch_time': 0.04465740358864423, 'rtc_check_time': 0.004419499993673526, 'experiment_id': 'exp_20240619_200443', 'client_id': '0'}
[2024-06-19 20:05:25,546][root][INFO] - Added data to batch for client 0: {'round': 3, 'step_no': 206, 'loss': 0.37238430976867676, 'accuracy': 0.9068080186843872, 'l2_norm': 3.907482147216797, 'computation_time': 0.04271984100341797, 'batch_time': 0.04617516182042891, 'rtc_check_time': 0.002418199997919146, 'experiment_id': 'exp_20240619_200443', 'client_id': '0'}
[2024-06-19 20:05:25,547][root][INFO] - Added data to batch for client 0: {'round': 3, 'step_no': 207, 'loss': 0.19715797901153564, 'accuracy': 0.9070796370506287, 'l2_norm': 3.952346086502075, 'computation_time': 0.04177594184875488, 'batch_time': 0.044528291684400756, 'rtc_check_time': 0.0016201000034925528, 'experiment_id': 'exp_20240619_200443', 'client_id': '0'}
[2024-06-19 20:05:25,548][root][INFO] - Added data to batch for client 0: {'round': 3, 'step_no': 208, 'loss': 0.17442891001701355, 'accuracy': 0.9076206088066101, 'l2_norm': 4.00888729095459, 'computation_time': 0.040821075439453125, 'batch_time': 0.045699567686824594, 'rtc_check_time': 0.0037254999988363124, 'experiment_id': 'exp_20240619_200443', 'client_id': '0'}
[2024-06-19 20:05:25,549][root][INFO] - Added data to batch for client 0: {'round': 3, 'step_no': 209, 'loss': 0.1962520033121109, 'accuracy': 0.907880425453186, 'l2_norm': 4.061002254486084, 'computation_time': 0.040354013442993164, 'batch_time': 0.044159161421703175, 'rtc_check_time': 0.0027479999989736825, 'experiment_id': 'exp_20240619_200443', 'client_id': '0'}
[2024-06-19 20:05:25,550][root][INFO] - Added data to batch for client 0: {'round': 3, 'step_no': 210, 'loss': 0.5317332744598389, 'accuracy': 0.907597005367279, 'l2_norm': 4.153497695922852, 'computation_time': 0.041916847229003906, 'batch_time': 0.0449675265190308, 'rtc_check_time': 0.0016123000023071654, 'experiment_id': 'exp_20240619_200443', 'client_id': '0'}
[2024-06-19 20:05:25,551][root][INFO] - Added data to batch for client 0: {'round': 3, 'step_no': 211, 'loss': 0.21111951768398285, 'accuracy': 0.9075854420661926, 'l2_norm': 4.188720226287842, 'computation_time': 0.04997110366821289, 'batch_time': 0.05458751129481243, 'rtc_check_time': 0.0028657000002567656, 'experiment_id': 'exp_20240619_200443', 'client_id': '0'}
[2024-06-19 20:05:25,552][root][INFO] - Added data to batch for client 0: {'round': 3, 'step_no': 212, 'loss': 0.1732802391052246, 'accuracy': 0.9078390002250671, 'l2_norm': 4.217103481292725, 'computation_time': 0.041216135025024414, 'batch_time': 0.06360643894731766, 'rtc_check_time': 0.021205602002737578, 'experiment_id': 'exp_20240619_200443', 'client_id': '0'}
[2024-06-19 20:05:25,553][root][INFO] - Added data to batch for client 0: {'round': 3, 'step_no': 213, 'loss': 0.08225080370903015, 'accuracy': 0.9083508253097534, 'l2_norm': 4.271943092346191, 'computation_time': 0.057869911193847656, 'batch_time': 0.06056947749311803, 'rtc_check_time': 0.001530600005935412, 'experiment_id': 'exp_20240619_200443', 'client_id': '0'}
[2024-06-19 20:05:25,554][root][INFO] - Added data to batch for client 0: {'round': 3, 'step_no': 214, 'loss': 0.17387470602989197, 'accuracy': 0.9088541865348816, 'l2_norm': 4.3067498207092285, 'computation_time': 0.04867100715637207, 'batch_time': 0.05331637107155984, 'rtc_check_time': 0.00320150100014871, 'experiment_id': 'exp_20240619_200443', 'client_id': '0'}
[2024-06-19 20:05:25,555][root][INFO] - Added data to batch for client 0: {'round': 3, 'step_no': 215, 'loss': 0.4148794710636139, 'accuracy': 0.9090909361839294, 'l2_norm': 4.349969387054443, 'computation_time': 0.05735898017883301, 'batch_time': 0.06306959762150655, 'rtc_check_time': 0.003587499995774124, 'experiment_id': 'exp_20240619_200443', 'client_id': '0'}
[2024-06-19 20:05:25,556][root][INFO] - Added data to batch for client 0: {'round': 3, 'step_no': 216, 'loss': 0.13066327571868896, 'accuracy': 0.9095799326896667, 'l2_norm': 4.383946895599365, 'computation_time': 0.06093192100524902, 'batch_time': 0.0648169196138042, 'rtc_check_time': 0.002126900006260257, 'experiment_id': 'exp_20240619_200443', 'client_id': '0'}
[2024-06-19 20:05:25,557][root][INFO] - Added data to batch for client 0: {'round': 3, 'step_no': 217, 'loss': 0.46456247568130493, 'accuracy': 0.908790647983551, 'l2_norm': 4.451756477355957, 'computation_time': 0.04344296455383301, 'batch_time': 0.046026893811358605, 'rtc_check_time': 0.0012948000003234483, 'experiment_id': 'exp_20240619_200443', 'client_id': '0'}
[2024-06-19 20:05:25,558][root][INFO] - Added data to batch for client 0: {'round': 3, 'step_no': 218, 'loss': 0.22733010351657867, 'accuracy': 0.9087701439857483, 'l2_norm': 4.55162239074707, 'computation_time': 0.04248499870300293, 'batch_time': 0.046180943776562344, 'rtc_check_time': 0.0026171010031248443, 'experiment_id': 'exp_20240619_200443', 'client_id': '0'}
[2024-06-19 20:05:25,559][root][INFO] - Added data to batch for client 0: {'round': 3, 'step_no': 219, 'loss': 0.13527007400989532, 'accuracy': 0.909250020980835, 'l2_norm': 4.5774736404418945, 'computation_time': 0.038240909576416016, 'batch_time': 0.0411961502104532, 'rtc_check_time': 0.0019000000029336661, 'experiment_id': 'exp_20240619_200443', 'client_id': '0'}
[2024-06-19 20:05:25,560][root][INFO] - Added data to batch for client 0: {'round': 3, 'step_no': 220, 'loss': 0.28231334686279297, 'accuracy': 0.9092261791229248, 'l2_norm': 4.6059041023254395, 'computation_time': 0.04104900360107422, 'batch_time': 0.045528765869676135, 'rtc_check_time': 0.003282901001512073, 'experiment_id': 'exp_20240619_200443', 'client_id': '0'}
[2024-06-19 20:05:25,561][root][INFO] - Added data to batch for client 0: {'round': 3, 'step_no': 221, 'loss': 0.4727921187877655, 'accuracy': 0.9092027544975281, 'l2_norm': 4.658378601074219, 'computation_time': 0.03916001319885254, 'batch_time': 0.04334914653736632, 'rtc_check_time': 0.0030452009959844872, 'experiment_id': 'exp_20240619_200443', 'client_id': '0'}
[2024-06-19 20:05:25,562][root][INFO] - Added data to batch for client 0: {'round': 3, 'step_no': 222, 'loss': 0.27030813694000244, 'accuracy': 0.9091796875, 'l2_norm': 4.668997764587402, 'computation_time': 0.04070401191711426, 'batch_time': 0.04514049660792807, 'rtc_check_time': 0.003113499995379243, 'experiment_id': 'exp_20240619_200443', 'client_id': '0'}
[2024-06-19 20:05:25,563][root][INFO] - Added data to batch for client 0: {'round': 3, 'step_no': 223, 'loss': 0.1440698802471161, 'accuracy': 0.909641444683075, 'l2_norm': 4.695108413696289, 'computation_time': 0.04826688766479492, 'batch_time': 0.05254526787030045, 'rtc_check_time': 0.002674300005310215, 'experiment_id': 'exp_20240619_200443', 'client_id': '0'}
[2024-06-19 20:05:25,564][root][INFO] - Added data to batch for client 0: {'round': 3, 'step_no': 224, 'loss': 0.10550978779792786, 'accuracy': 0.9100961685180664, 'l2_norm': 4.706292152404785, 'computation_time': 0.04552292823791504, 'batch_time': 0.04841236770153046, 'rtc_check_time': 0.0015233010053634644, 'experiment_id': 'exp_20240619_200443', 'client_id': '0'}
[2024-06-19 20:05:25,565][root][INFO] - Added data to batch for client 0: {'round': 3, 'step_no': 225, 'loss': 0.34062838554382324, 'accuracy': 0.9095897078514099, 'l2_norm': 4.753720760345459, 'computation_time': 0.04194307327270508, 'batch_time': 0.04463096049585147, 'rtc_check_time': 0.001507000000856351, 'experiment_id': 'exp_20240619_200443', 'client_id': '0'}
[2024-06-19 20:05:25,567][root][INFO] - Added data to batch for client 0: {'round': 3, 'step_no': 226, 'loss': 0.16415104269981384, 'accuracy': 0.9100378751754761, 'l2_norm': 4.793491363525391, 'computation_time': 0.04347991943359375, 'batch_time': 0.04848651127394987, 'rtc_check_time': 0.003717701001733076, 'experiment_id': 'exp_20240619_200443', 'client_id': '0'}
[2024-06-19 20:05:25,568][root][INFO] - Added data to batch for client 0: {'round': 3, 'step_no': 227, 'loss': 0.4478999972343445, 'accuracy': 0.9095394611358643, 'l2_norm': 4.8291168212890625, 'computation_time': 0.04074382781982422, 'batch_time': 0.043533883792406414, 'rtc_check_time': 0.001691899997240398, 'experiment_id': 'exp_20240619_200443', 'client_id': '0'}
[2024-06-19 20:05:25,569][root][INFO] - Added data to batch for client 0: {'round': 3, 'step_no': 228, 'loss': 0.2921704053878784, 'accuracy': 0.9097481369972229, 'l2_norm': 4.872286319732666, 'computation_time': 0.04100799560546875, 'batch_time': 0.04527039323875215, 'rtc_check_time': 0.0029685000044992194, 'experiment_id': 'exp_20240619_200443', 'client_id': '0'}
[2024-06-19 20:05:25,570][root][INFO] - Added data to batch for client 0: {'round': 3, 'step_no': 229, 'loss': 0.09512382000684738, 'accuracy': 0.9104166626930237, 'l2_norm': 4.900074481964111, 'computation_time': 0.04187798500061035, 'batch_time': 0.04531802904239157, 'rtc_check_time': 0.0021048999988124706, 'experiment_id': 'exp_20240619_200443', 'client_id': '0'}
[2024-06-19 20:05:25,571][root][INFO] - Added data to batch for client 0: {'round': 3, 'step_no': 230, 'loss': 0.6471636295318604, 'accuracy': 0.9099264740943909, 'l2_norm': 5.052727222442627, 'computation_time': 0.04772686958312988, 'batch_time': 0.05061291957099456, 'rtc_check_time': 0.0014131000061752275, 'experiment_id': 'exp_20240619_200443', 'client_id': '0'}
[2024-06-19 20:05:25,572][root][INFO] - Added data to batch for client 0: {'round': 3, 'step_no': 231, 'loss': 0.3249778151512146, 'accuracy': 0.9096715450286865, 'l2_norm': 5.07395601272583, 'computation_time': 0.0404200553894043, 'batch_time': 0.04389351424470078, 'rtc_check_time': 0.0023485999990953133, 'experiment_id': 'exp_20240619_200443', 'client_id': '0'}
[2024-06-19 20:05:25,573][root][INFO] - Added data to batch for client 0: {'round': 3, 'step_no': 232, 'loss': 0.13243791460990906, 'accuracy': 0.9100996255874634, 'l2_norm': 5.125056743621826, 'computation_time': 0.04250001907348633, 'batch_time': 0.04626271211600397, 'rtc_check_time': 0.002437800998450257, 'experiment_id': 'exp_20240619_200443', 'client_id': '0'}
[2024-06-19 20:05:25,573][root][INFO] - Added batch data list for client 0. New Data Added: 138
[2024-06-19 20:05:25,575][root][INFO] - Batch data saved to /home/psklavos/fl/geom_aio/csv_logs/exp_20240619_200443/clients/client_0/batch.csv
[2024-06-19 20:05:25,577][root][INFO] - Added data to epoch for client 2: {'round': 3, 'epoch_steps': 138, 'total_steps': 232, 'l2_norm': 5.160017490386963, 'total_computation_time': 6.327861785888672, 'total_rtc_check_time': 0.49402996000571875, 'total_duration': 7.2994019985198975, 'val_loss': 0.1847500503063202, 'val_accuracy': 0.9424999952316284, 'experiment_id': 'exp_20240619_200443', 'client_id': '2'}
[2024-06-19 20:05:25,577][root][INFO] - Added epoch data for client 2: {'round': 3, 'epoch_steps': 138, 'total_steps': 232, 'l2_norm': 5.160017490386963, 'total_computation_time': 6.327861785888672, 'total_rtc_check_time': 0.49402996000571875, 'total_duration': 7.2994019985198975, 'val_loss': 0.1847500503063202, 'val_accuracy': 0.9424999952316284, 'experiment_id': 'exp_20240619_200443', 'client_id': '2'}
[2024-06-19 20:05:25,578][root][INFO] - Epoch data saved to /home/psklavos/fl/geom_aio/csv_logs/exp_20240619_200443/clients/client_2/epoch.csv
[2024-06-19 20:05:25,579][root][INFO] - Added data to batch for client 2: {'round': 3, 'step_no': 95, 'loss': 0.15690961480140686, 'accuracy': 0.96875, 'l2_norm': 0.01083790697157383, 'computation_time': 0.07719087600708008, 'batch_time': 0.08063402904372197, 'rtc_check_time': 0.001859099997091107, 'experiment_id': 'exp_20240619_200443', 'client_id': '2'}
[2024-06-19 20:05:25,580][root][INFO] - Added data to batch for client 2: {'round': 3, 'step_no': 96, 'loss': 0.2503533959388733, 'accuracy': 0.921875, 'l2_norm': 0.04480487480759621, 'computation_time': 0.06333804130554199, 'batch_time': 0.06732667967298767, 'rtc_check_time': 0.0026646999976946972, 'experiment_id': 'exp_20240619_200443', 'client_id': '2'}
[2024-06-19 20:05:25,581][root][INFO] - Added data to batch for client 2: {'round': 3, 'step_no': 97, 'loss': 0.2683519721031189, 'accuracy': 0.9270833134651184, 'l2_norm': 0.06637801229953766, 'computation_time': 0.042520999908447266, 'batch_time': 0.04858368284476455, 'rtc_check_time': 0.004980501005775295, 'experiment_id': 'exp_20240619_200443', 'client_id': '2'}
[2024-06-19 20:05:25,582][root][INFO] - Added data to batch for client 2: {'round': 3, 'step_no': 98, 'loss': 0.3497388958930969, 'accuracy': 0.90625, 'l2_norm': 0.09691905230283737, 'computation_time': 0.04446101188659668, 'batch_time': 0.047172502607281785, 'rtc_check_time': 0.0014164009990054183, 'experiment_id': 'exp_20240619_200443', 'client_id': '2'}
[2024-06-19 20:05:25,583][root][INFO] - Added data to batch for client 2: {'round': 3, 'step_no': 99, 'loss': 0.3825681507587433, 'accuracy': 0.887499988079071, 'l2_norm': 0.12224605679512024, 'computation_time': 0.04267597198486328, 'batch_time': 0.046534412882465404, 'rtc_check_time': 0.002676600000995677, 'experiment_id': 'exp_20240619_200443', 'client_id': '2'}
[2024-06-19 20:05:25,584][root][INFO] - Added data to batch for client 2: {'round': 3, 'step_no': 100, 'loss': 0.5585561990737915, 'accuracy': 0.8697916865348816, 'l2_norm': 0.14122480154037476, 'computation_time': 0.04903912544250488, 'batch_time': 0.051713838533032686, 'rtc_check_time': 0.001552000001538545, 'experiment_id': 'exp_20240619_200443', 'client_id': '2'}
[2024-06-19 20:05:25,585][root][INFO] - Added data to batch for client 2: {'round': 3, 'step_no': 101, 'loss': 0.3668089509010315, 'accuracy': 0.8705357313156128, 'l2_norm': 0.16313384473323822, 'computation_time': 0.06329894065856934, 'batch_time': 0.06740086774516385, 'rtc_check_time': 0.0025019000022439286, 'experiment_id': 'exp_20240619_200443', 'client_id': '2'}
[2024-06-19 20:05:25,586][root][INFO] - Added data to batch for client 2: {'round': 3, 'step_no': 102, 'loss': 0.6278572678565979, 'accuracy': 0.85546875, 'l2_norm': 0.16811460256576538, 'computation_time': 0.05188894271850586, 'batch_time': 0.055447149636165705, 'rtc_check_time': 0.0021450999993248843, 'experiment_id': 'exp_20240619_200443', 'client_id': '2'}
[2024-06-19 20:05:25,587][root][INFO] - Added data to batch for client 2: {'round': 3, 'step_no': 103, 'loss': 0.269270122051239, 'accuracy': 0.8680555820465088, 'l2_norm': 0.17505766451358795, 'computation_time': 0.06412196159362793, 'batch_time': 0.067321310256375, 'rtc_check_time': 0.0015483000024687499, 'experiment_id': 'exp_20240619_200443', 'client_id': '2'}
[2024-06-19 20:05:25,588][root][INFO] - Added data to batch for client 2: {'round': 3, 'step_no': 104, 'loss': 0.6860868334770203, 'accuracy': 0.8687499761581421, 'l2_norm': 0.20361760258674622, 'computation_time': 0.05102992057800293, 'batch_time': 0.05697386955580441, 'rtc_check_time': 0.0046788999970885925, 'experiment_id': 'exp_20240619_200443', 'client_id': '2'}
[2024-06-19 20:05:25,589][root][INFO] - Added data to batch for client 2: {'round': 3, 'step_no': 105, 'loss': 0.3033416271209717, 'accuracy': 0.8721590638160706, 'l2_norm': 0.21626774966716766, 'computation_time': 0.048207998275756836, 'batch_time': 0.052127031500276644, 'rtc_check_time': 0.002561000997957308, 'experiment_id': 'exp_20240619_200443', 'client_id': '2'}
[2024-06-19 20:05:25,590][root][INFO] - Added data to batch for client 2: {'round': 3, 'step_no': 106, 'loss': 0.24197164177894592, 'accuracy': 0.875, 'l2_norm': 0.22067324817180634, 'computation_time': 0.09250307083129883, 'batch_time': 0.12375681801495375, 'rtc_check_time': 0.018056801993225235, 'experiment_id': 'exp_20240619_200443', 'client_id': '2'}
[2024-06-19 20:05:25,591][root][INFO] - Added data to batch for client 2: {'round': 3, 'step_no': 107, 'loss': 0.135356143116951, 'accuracy': 0.8822115659713745, 'l2_norm': 0.23389115929603577, 'computation_time': 0.07764506340026855, 'batch_time': 0.08332755175069906, 'rtc_check_time': 0.0030935009999666363, 'experiment_id': 'exp_20240619_200443', 'client_id': '2'}
[2024-06-19 20:05:25,592][root][INFO] - Added data to batch for client 2: {'round': 3, 'step_no': 108, 'loss': 0.5810407400131226, 'accuracy': 0.8772321343421936, 'l2_norm': 0.2815767228603363, 'computation_time': 0.05364990234375, 'batch_time': 0.05743803950463189, 'rtc_check_time': 0.0025001999965752475, 'experiment_id': 'exp_20240619_200443', 'client_id': '2'}
[2024-06-19 20:05:25,593][root][INFO] - Added data to batch for client 2: {'round': 3, 'step_no': 109, 'loss': 0.34594041109085083, 'accuracy': 0.875, 'l2_norm': 0.3324111998081207, 'computation_time': 0.04234123229980469, 'batch_time': 0.046615414263214916, 'rtc_check_time': 0.0026371999992989004, 'experiment_id': 'exp_20240619_200443', 'client_id': '2'}
[2024-06-19 20:05:25,594][root][INFO] - Added data to batch for client 2: {'round': 3, 'step_no': 110, 'loss': 0.206782266497612, 'accuracy': 0.87890625, 'l2_norm': 0.3472307324409485, 'computation_time': 0.041584014892578125, 'batch_time': 0.04566770134988474, 'rtc_check_time': 0.002935700998932589, 'experiment_id': 'exp_20240619_200443', 'client_id': '2'}
[2024-06-19 20:05:25,595][root][INFO] - Added data to batch for client 2: {'round': 3, 'step_no': 111, 'loss': 0.3753345310688019, 'accuracy': 0.8805146813392639, 'l2_norm': 0.3812752962112427, 'computation_time': 0.0527348518371582, 'batch_time': 0.055464666307670996, 'rtc_check_time': 0.0014866999990772456, 'experiment_id': 'exp_20240619_200443', 'client_id': '2'}
[2024-06-19 20:05:25,596][root][INFO] - Added data to batch for client 2: {'round': 3, 'step_no': 112, 'loss': 0.49214595556259155, 'accuracy': 0.8784722089767456, 'l2_norm': 0.4100475609302521, 'computation_time': 0.0485689640045166, 'batch_time': 0.05845275472529465, 'rtc_check_time': 0.008588700999098364, 'experiment_id': 'exp_20240619_200443', 'client_id': '2'}
[2024-06-19 20:05:25,597][root][INFO] - Added data to batch for client 2: {'round': 3, 'step_no': 113, 'loss': 0.34428897500038147, 'accuracy': 0.875, 'l2_norm': 0.43766406178474426, 'computation_time': 0.055348873138427734, 'batch_time': 0.0578081334970193, 'rtc_check_time': 0.0014281000039773062, 'experiment_id': 'exp_20240619_200443', 'client_id': '2'}
[2024-06-19 20:05:25,598][root][INFO] - Added data to batch for client 2: {'round': 3, 'step_no': 114, 'loss': 0.1387488842010498, 'accuracy': 0.879687488079071, 'l2_norm': 0.43695348501205444, 'computation_time': 0.04886484146118164, 'batch_time': 0.06011820214189356, 'rtc_check_time': 0.01000500100053614, 'experiment_id': 'exp_20240619_200443', 'client_id': '2'}
[2024-06-19 20:05:25,599][root][INFO] - Added data to batch for client 2: {'round': 3, 'step_no': 115, 'loss': 0.3640589118003845, 'accuracy': 0.8794642686843872, 'l2_norm': 0.46743106842041016, 'computation_time': 0.050991058349609375, 'batch_time': 0.05560759092622902, 'rtc_check_time': 0.0032976009970298037, 'experiment_id': 'exp_20240619_200443', 'client_id': '2'}
[2024-06-19 20:05:25,600][root][INFO] - Added data to batch for client 2: {'round': 3, 'step_no': 116, 'loss': 0.6493253707885742, 'accuracy': 0.8764204382896423, 'l2_norm': 0.4942013621330261, 'computation_time': 0.05665397644042969, 'batch_time': 0.06077290670509683, 'rtc_check_time': 0.0018108000003849156, 'experiment_id': 'exp_20240619_200443', 'client_id': '2'}
[2024-06-19 20:05:25,601][root][INFO] - Added data to batch for client 2: {'round': 3, 'step_no': 117, 'loss': 0.5078526735305786, 'accuracy': 0.8777173757553101, 'l2_norm': 0.524519145488739, 'computation_time': 0.047081947326660156, 'batch_time': 0.05362586436240235, 'rtc_check_time': 0.005096001004858408, 'experiment_id': 'exp_20240619_200443', 'client_id': '2'}
[2024-06-19 20:05:25,602][root][INFO] - Added data to batch for client 2: {'round': 3, 'step_no': 118, 'loss': 0.30271294713020325, 'accuracy': 0.87890625, 'l2_norm': 0.557407021522522, 'computation_time': 0.041905879974365234, 'batch_time': 0.04522151723358547, 'rtc_check_time': 0.0019855000064126216, 'experiment_id': 'exp_20240619_200443', 'client_id': '2'}
[2024-06-19 20:05:25,603][root][INFO] - Added data to batch for client 2: {'round': 3, 'step_no': 119, 'loss': 0.3178814947605133, 'accuracy': 0.8787500262260437, 'l2_norm': 0.5735793113708496, 'computation_time': 0.04587697982788086, 'batch_time': 0.04896692981128581, 'rtc_check_time': 0.0016170000017154962, 'experiment_id': 'exp_20240619_200443', 'client_id': '2'}
[2024-06-19 20:05:25,604][root][INFO] - Added data to batch for client 2: {'round': 3, 'step_no': 120, 'loss': 0.43920058012008667, 'accuracy': 0.8786057829856873, 'l2_norm': 0.598202109336853, 'computation_time': 0.04142498970031738, 'batch_time': 0.046871313723386265, 'rtc_check_time': 0.004165300997556187, 'experiment_id': 'exp_20240619_200443', 'client_id': '2'}
[2024-06-19 20:05:25,605][root][INFO] - Added data to batch for client 2: {'round': 3, 'step_no': 121, 'loss': 0.3350512981414795, 'accuracy': 0.8784722089767456, 'l2_norm': 0.611238956451416, 'computation_time': 0.04358983039855957, 'batch_time': 0.04789148014242528, 'rtc_check_time': 0.003211600000213366, 'experiment_id': 'exp_20240619_200443', 'client_id': '2'}
[2024-06-19 20:05:25,606][root][INFO] - Added data to batch for client 2: {'round': 3, 'step_no': 122, 'loss': 0.29795822501182556, 'accuracy': 0.8805803656578064, 'l2_norm': 0.6583735346794128, 'computation_time': 0.04734992980957031, 'batch_time': 0.05104636630130699, 'rtc_check_time': 0.0021913000018685125, 'experiment_id': 'exp_20240619_200443', 'client_id': '2'}
[2024-06-19 20:05:25,607][root][INFO] - Added data to batch for client 2: {'round': 3, 'step_no': 123, 'loss': 0.4314494729042053, 'accuracy': 0.8803879022598267, 'l2_norm': 0.6704719662666321, 'computation_time': 0.04248785972595215, 'batch_time': 0.045081108997692354, 'rtc_check_time': 0.001457899998058565, 'experiment_id': 'exp_20240619_200443', 'client_id': '2'}
[2024-06-19 20:05:25,608][root][INFO] - Added data to batch for client 2: {'round': 3, 'step_no': 124, 'loss': 0.22971080243587494, 'accuracy': 0.8812500238418579, 'l2_norm': 0.7138965129852295, 'computation_time': 0.051676034927368164, 'batch_time': 0.06293834396637976, 'rtc_check_time': 0.009044300997629762, 'experiment_id': 'exp_20240619_200443', 'client_id': '2'}
[2024-06-19 20:05:25,609][root][INFO] - Added data to batch for client 2: {'round': 3, 'step_no': 125, 'loss': 0.2949584722518921, 'accuracy': 0.8830645084381104, 'l2_norm': 0.7442863583564758, 'computation_time': 0.048768043518066406, 'batch_time': 0.05466915516444715, 'rtc_check_time': 0.004386199994769413, 'experiment_id': 'exp_20240619_200443', 'client_id': '2'}
[2024-06-19 20:05:25,610][root][INFO] - Added data to batch for client 2: {'round': 3, 'step_no': 126, 'loss': 0.4535714387893677, 'accuracy': 0.8818359375, 'l2_norm': 0.8331657648086548, 'computation_time': 0.048660993576049805, 'batch_time': 0.06409457389236195, 'rtc_check_time': 0.014251501001126599, 'experiment_id': 'exp_20240619_200443', 'client_id': '2'}
[2024-06-19 20:05:25,611][root][INFO] - Added data to batch for client 2: {'round': 3, 'step_no': 127, 'loss': 1.1583253145217896, 'accuracy': 0.876893937587738, 'l2_norm': 0.8883792757987976, 'computation_time': 0.04155397415161133, 'batch_time': 0.052141981541353744, 'rtc_check_time': 0.009428101002413314, 'experiment_id': 'exp_20240619_200443', 'client_id': '2'}
[2024-06-19 20:05:25,611][root][INFO] - Added data to batch for client 2: {'round': 3, 'step_no': 128, 'loss': 0.5207996368408203, 'accuracy': 0.876838207244873, 'l2_norm': 0.8960436582565308, 'computation_time': 0.06612491607666016, 'batch_time': 0.06864154906361364, 'rtc_check_time': 0.001333599997451529, 'experiment_id': 'exp_20240619_200443', 'client_id': '2'}
[2024-06-19 20:05:25,612][root][INFO] - Added data to batch for client 2: {'round': 3, 'step_no': 129, 'loss': 0.23214957118034363, 'accuracy': 0.8794642686843872, 'l2_norm': 0.9085472226142883, 'computation_time': 0.0391690731048584, 'batch_time': 0.043446844778372906, 'rtc_check_time': 0.003175801000907086, 'experiment_id': 'exp_20240619_200443', 'client_id': '2'}
[2024-06-19 20:05:25,613][root][INFO] - Added data to batch for client 2: {'round': 3, 'step_no': 130, 'loss': 0.2581241726875305, 'accuracy': 0.8802083134651184, 'l2_norm': 0.9380942583084106, 'computation_time': 0.04659318923950195, 'batch_time': 0.05175776837859303, 'rtc_check_time': 0.004066900000907481, 'experiment_id': 'exp_20240619_200443', 'client_id': '2'}
[2024-06-19 20:05:25,614][root][INFO] - Added data to batch for client 2: {'round': 3, 'step_no': 131, 'loss': 0.18776154518127441, 'accuracy': 0.8826013803482056, 'l2_norm': 0.9534295201301575, 'computation_time': 0.05030512809753418, 'batch_time': 0.05305688739463221, 'rtc_check_time': 0.001623800999368541, 'experiment_id': 'exp_20240619_200443', 'client_id': '2'}
[2024-06-19 20:05:25,615][root][INFO] - Added data to batch for client 2: {'round': 3, 'step_no': 132, 'loss': 0.2481462061405182, 'accuracy': 0.8848684430122375, 'l2_norm': 0.9542839527130127, 'computation_time': 0.04978799819946289, 'batch_time': 0.053760807852086145, 'rtc_check_time': 0.0028737000029650517, 'experiment_id': 'exp_20240619_200443', 'client_id': '2'}
[2024-06-19 20:05:25,616][root][INFO] - Added data to batch for client 2: {'round': 3, 'step_no': 133, 'loss': 0.32845962047576904, 'accuracy': 0.8846153616905212, 'l2_norm': 0.9838662147521973, 'computation_time': 0.04247307777404785, 'batch_time': 0.04507625029509654, 'rtc_check_time': 0.001426099996024277, 'experiment_id': 'exp_20240619_200443', 'client_id': '2'}
[2024-06-19 20:05:25,617][root][INFO] - Added data to batch for client 2: {'round': 3, 'step_no': 134, 'loss': 0.34603452682495117, 'accuracy': 0.885937511920929, 'l2_norm': 0.9945068955421448, 'computation_time': 0.043946027755737305, 'batch_time': 0.046432116942014545, 'rtc_check_time': 0.0014441999956034124, 'experiment_id': 'exp_20240619_200443', 'client_id': '2'}
[2024-06-19 20:05:25,618][root][INFO] - Added data to batch for client 2: {'round': 3, 'step_no': 135, 'loss': 0.28376778960227966, 'accuracy': 0.886432945728302, 'l2_norm': 1.040504813194275, 'computation_time': 0.04075002670288086, 'batch_time': 0.045027539767033886, 'rtc_check_time': 0.003106401003606152, 'experiment_id': 'exp_20240619_200443', 'client_id': '2'}
[2024-06-19 20:05:25,619][root][INFO] - Added data to batch for client 2: {'round': 3, 'step_no': 136, 'loss': 0.19279074668884277, 'accuracy': 0.8883928656578064, 'l2_norm': 1.076841950416565, 'computation_time': 0.04474997520446777, 'batch_time': 0.05326776114088716, 'rtc_check_time': 0.006811901002947707, 'experiment_id': 'exp_20240619_200443', 'client_id': '2'}
[2024-06-19 20:05:25,620][root][INFO] - Added data to batch for client 2: {'round': 3, 'step_no': 137, 'loss': 0.14617189764976501, 'accuracy': 0.8895348906517029, 'l2_norm': 1.0884838104248047, 'computation_time': 0.04468107223510742, 'batch_time': 0.05320893068710575, 'rtc_check_time': 0.006456000999605749, 'experiment_id': 'exp_20240619_200443', 'client_id': '2'}
[2024-06-19 20:05:25,621][root][INFO] - Added data to batch for client 2: {'round': 3, 'step_no': 138, 'loss': 0.12744373083114624, 'accuracy': 0.8920454382896423, 'l2_norm': 1.099184513092041, 'computation_time': 0.04350090026855469, 'batch_time': 0.04603056917403592, 'rtc_check_time': 0.0014605999967898242, 'experiment_id': 'exp_20240619_200443', 'client_id': '2'}
[2024-06-19 20:05:25,622][root][INFO] - Added data to batch for client 2: {'round': 3, 'step_no': 139, 'loss': 0.2769945561885834, 'accuracy': 0.8930555582046509, 'l2_norm': 1.1056820154190063, 'computation_time': 0.040618896484375, 'batch_time': 0.04316632127302, 'rtc_check_time': 0.0014414010001928546, 'experiment_id': 'exp_20240619_200443', 'client_id': '2'}
[2024-06-19 20:05:25,623][root][INFO] - Added data to batch for client 2: {'round': 3, 'step_no': 140, 'loss': 0.334805965423584, 'accuracy': 0.8947010636329651, 'l2_norm': 1.123759388923645, 'computation_time': 0.04317021369934082, 'batch_time': 0.04588615086686332, 'rtc_check_time': 0.0014280000032158569, 'experiment_id': 'exp_20240619_200443', 'client_id': '2'}
[2024-06-19 20:05:25,624][root][INFO] - Added data to batch for client 2: {'round': 3, 'step_no': 141, 'loss': 0.2989039421081543, 'accuracy': 0.894946813583374, 'l2_norm': 1.1594133377075195, 'computation_time': 0.04326605796813965, 'batch_time': 0.045941126671095844, 'rtc_check_time': 0.001434099998732563, 'experiment_id': 'exp_20240619_200443', 'client_id': '2'}
[2024-06-19 20:05:25,625][root][INFO] - Added data to batch for client 2: {'round': 3, 'step_no': 142, 'loss': 0.25930488109588623, 'accuracy': 0.896484375, 'l2_norm': 1.2086915969848633, 'computation_time': 0.04221081733703613, 'batch_time': 0.046052435420278925, 'rtc_check_time': 0.002490499995474238, 'experiment_id': 'exp_20240619_200443', 'client_id': '2'}
[2024-06-19 20:05:25,626][root][INFO] - Added data to batch for client 2: {'round': 3, 'step_no': 143, 'loss': 0.08500004559755325, 'accuracy': 0.8985969424247742, 'l2_norm': 1.2240127325057983, 'computation_time': 0.06430816650390625, 'batch_time': 0.06918011796369683, 'rtc_check_time': 0.0024253000010503456, 'experiment_id': 'exp_20240619_200443', 'client_id': '2'}
[2024-06-19 20:05:25,627][root][INFO] - Added data to batch for client 2: {'round': 3, 'step_no': 144, 'loss': 0.3139810264110565, 'accuracy': 0.8974999785423279, 'l2_norm': 1.29548180103302, 'computation_time': 0.0538020133972168, 'batch_time': 0.05945301584870322, 'rtc_check_time': 0.004421001001901459, 'experiment_id': 'exp_20240619_200443', 'client_id': '2'}
[2024-06-19 20:05:25,628][root][INFO] - Added data to batch for client 2: {'round': 3, 'step_no': 145, 'loss': 0.679940938949585, 'accuracy': 0.8958333134651184, 'l2_norm': 1.334706425666809, 'computation_time': 0.04245495796203613, 'batch_time': 0.046722842096642125, 'rtc_check_time': 0.0031497009986196645, 'experiment_id': 'exp_20240619_200443', 'client_id': '2'}
[2024-06-19 20:05:25,629][root][INFO] - Added data to batch for client 2: {'round': 3, 'step_no': 146, 'loss': 0.33984246850013733, 'accuracy': 0.8960336446762085, 'l2_norm': 1.380218744277954, 'computation_time': 0.0536041259765625, 'batch_time': 0.05678441529016709, 'rtc_check_time': 0.001541400000860449, 'experiment_id': 'exp_20240619_200443', 'client_id': '2'}
[2024-06-19 20:05:25,630][root][INFO] - Added data to batch for client 2: {'round': 3, 'step_no': 147, 'loss': 0.16317367553710938, 'accuracy': 0.8968160152435303, 'l2_norm': 1.411930799484253, 'computation_time': 0.043038129806518555, 'batch_time': 0.04553940994810546, 'rtc_check_time': 0.0014036010034033097, 'experiment_id': 'exp_20240619_200443', 'client_id': '2'}
[2024-06-19 20:05:25,631][root][INFO] - Added data to batch for client 2: {'round': 3, 'step_no': 148, 'loss': 0.1394197940826416, 'accuracy': 0.8981481194496155, 'l2_norm': 1.4321624040603638, 'computation_time': 0.040704965591430664, 'batch_time': 0.045175753453804646, 'rtc_check_time': 0.0032507999931112863, 'experiment_id': 'exp_20240619_200443', 'client_id': '2'}
[2024-06-19 20:05:25,632][root][INFO] - Added data to batch for client 2: {'round': 3, 'step_no': 149, 'loss': 0.17469945549964905, 'accuracy': 0.8994318246841431, 'l2_norm': 1.4793697595596313, 'computation_time': 0.040354013442993164, 'batch_time': 0.04389940942201065, 'rtc_check_time': 0.002498499998182524, 'experiment_id': 'exp_20240619_200443', 'client_id': '2'}
[2024-06-19 20:05:25,633][root][INFO] - Added data to batch for client 2: {'round': 3, 'step_no': 150, 'loss': 0.3591444790363312, 'accuracy': 0.9001116156578064, 'l2_norm': 1.530137062072754, 'computation_time': 0.04229998588562012, 'batch_time': 0.04490847013948951, 'rtc_check_time': 0.0014965000009397045, 'experiment_id': 'exp_20240619_200443', 'client_id': '2'}
[2024-06-19 20:05:25,634][root][INFO] - Added data to batch for client 2: {'round': 3, 'step_no': 151, 'loss': 0.21061153709888458, 'accuracy': 0.9002193212509155, 'l2_norm': 1.5841103792190552, 'computation_time': 0.040838003158569336, 'batch_time': 0.044999936828389764, 'rtc_check_time': 0.0023849999997764826, 'experiment_id': 'exp_20240619_200443', 'client_id': '2'}
[2024-06-19 20:05:25,635][root][INFO] - Added data to batch for client 2: {'round': 3, 'step_no': 152, 'loss': 0.13151347637176514, 'accuracy': 0.9014008641242981, 'l2_norm': 1.602695107460022, 'computation_time': 0.040497779846191406, 'batch_time': 0.044577467917406466, 'rtc_check_time': 0.003031599997484591, 'experiment_id': 'exp_20240619_200443', 'client_id': '2'}
[2024-06-19 20:05:25,636][root][INFO] - Added data to batch for client 2: {'round': 3, 'step_no': 153, 'loss': 0.12927871942520142, 'accuracy': 0.9025423526763916, 'l2_norm': 1.657873272895813, 'computation_time': 0.03926992416381836, 'batch_time': 0.042126393629587255, 'rtc_check_time': 0.00179049999860581, 'experiment_id': 'exp_20240619_200443', 'client_id': '2'}
[2024-06-19 20:05:25,637][root][INFO] - Added data to batch for client 2: {'round': 3, 'step_no': 154, 'loss': 0.08695264160633087, 'accuracy': 0.9036458134651184, 'l2_norm': 1.6591932773590088, 'computation_time': 0.050035953521728516, 'batch_time': 0.0534234364531585, 'rtc_check_time': 0.0020973999999114312, 'experiment_id': 'exp_20240619_200443', 'client_id': '2'}
[2024-06-19 20:05:25,638][root][INFO] - Added data to batch for client 2: {'round': 3, 'step_no': 155, 'loss': 0.3493846654891968, 'accuracy': 0.9031762480735779, 'l2_norm': 1.717873454093933, 'computation_time': 0.04391813278198242, 'batch_time': 0.049466420445241965, 'rtc_check_time': 0.004364300999441184, 'experiment_id': 'exp_20240619_200443', 'client_id': '2'}
[2024-06-19 20:05:25,639][root][INFO] - Added data to batch for client 2: {'round': 3, 'step_no': 156, 'loss': 0.2820751667022705, 'accuracy': 0.9022177457809448, 'l2_norm': 1.7704203128814697, 'computation_time': 0.0472719669342041, 'batch_time': 0.05421987549925689, 'rtc_check_time': 0.005287799998768605, 'experiment_id': 'exp_20240619_200443', 'client_id': '2'}
[2024-06-19 20:05:25,640][root][INFO] - Added data to batch for client 2: {'round': 3, 'step_no': 157, 'loss': 0.3029712438583374, 'accuracy': 0.9027777910232544, 'l2_norm': 1.818576455116272, 'computation_time': 0.0401768684387207, 'batch_time': 0.043230374591075815, 'rtc_check_time': 0.0016733009979361668, 'experiment_id': 'exp_20240619_200443', 'client_id': '2'}
[2024-06-19 20:05:25,641][root][INFO] - Added data to batch for client 2: {'round': 3, 'step_no': 158, 'loss': 0.45321124792099, 'accuracy': 0.90185546875, 'l2_norm': 1.8888030052185059, 'computation_time': 0.042413949966430664, 'batch_time': 0.047618347889510915, 'rtc_check_time': 0.004040200001327321, 'experiment_id': 'exp_20240619_200443', 'client_id': '2'}
[2024-06-19 20:05:25,642][root][INFO] - Added data to batch for client 2: {'round': 3, 'step_no': 159, 'loss': 0.20446985960006714, 'accuracy': 0.9024038314819336, 'l2_norm': 1.9513633251190186, 'computation_time': 0.041934967041015625, 'batch_time': 0.04495449444220867, 'rtc_check_time': 0.0018054999964078888, 'experiment_id': 'exp_20240619_200443', 'client_id': '2'}
[2024-06-19 20:05:25,643][root][INFO] - Added data to batch for client 2: {'round': 3, 'step_no': 160, 'loss': 0.2838781774044037, 'accuracy': 0.9019886255264282, 'l2_norm': 1.9832487106323242, 'computation_time': 0.04099392890930176, 'batch_time': 0.04786078150937101, 'rtc_check_time': 0.005701701003999915, 'experiment_id': 'exp_20240619_200443', 'client_id': '2'}
[2024-06-19 20:05:25,644][root][INFO] - Added data to batch for client 2: {'round': 3, 'step_no': 161, 'loss': 0.6171088814735413, 'accuracy': 0.9015858173370361, 'l2_norm': 2.0274362564086914, 'computation_time': 0.041764020919799805, 'batch_time': 0.04475575390824815, 'rtc_check_time': 0.0018086999989463948, 'experiment_id': 'exp_20240619_200443', 'client_id': '2'}
[2024-06-19 20:05:25,645][root][INFO] - Added data to batch for client 2: {'round': 3, 'step_no': 162, 'loss': 0.19326116144657135, 'accuracy': 0.9021139740943909, 'l2_norm': 2.0636065006256104, 'computation_time': 0.045365095138549805, 'batch_time': 0.04807241795788286, 'rtc_check_time': 0.0014623009992646985, 'experiment_id': 'exp_20240619_200443', 'client_id': '2'}
[2024-06-19 20:05:25,646][root][INFO] - Added data to batch for client 2: {'round': 3, 'step_no': 163, 'loss': 0.48561975359916687, 'accuracy': 0.9021739363670349, 'l2_norm': 2.1314189434051514, 'computation_time': 0.038973093032836914, 'batch_time': 0.04391910106642172, 'rtc_check_time': 0.0037470009992830455, 'experiment_id': 'exp_20240619_200443', 'client_id': '2'}
[2024-06-19 20:05:25,647][root][INFO] - Added data to batch for client 2: {'round': 3, 'step_no': 164, 'loss': 0.20687653124332428, 'accuracy': 0.9026785492897034, 'l2_norm': 2.160334587097168, 'computation_time': 0.04282188415527344, 'batch_time': 0.04594241352606332, 'rtc_check_time': 0.0020454999976209365, 'experiment_id': 'exp_20240619_200443', 'client_id': '2'}
[2024-06-19 20:05:25,648][root][INFO] - Added data to batch for client 2: {'round': 3, 'step_no': 165, 'loss': 0.08469609916210175, 'accuracy': 0.904049277305603, 'l2_norm': 2.1776211261749268, 'computation_time': 0.04072904586791992, 'batch_time': 0.04628284490900114, 'rtc_check_time': 0.004395800002384931, 'experiment_id': 'exp_20240619_200443', 'client_id': '2'}
[2024-06-19 20:05:25,649][root][INFO] - Added data to batch for client 2: {'round': 3, 'step_no': 166, 'loss': 0.19342893362045288, 'accuracy': 0.9045138955116272, 'l2_norm': 2.2068347930908203, 'computation_time': 0.043951988220214844, 'batch_time': 0.05346847038890701, 'rtc_check_time': 0.008259301001089625, 'experiment_id': 'exp_20240619_200443', 'client_id': '2'}
[2024-06-19 20:05:25,650][root][INFO] - Added data to batch for client 2: {'round': 3, 'step_no': 167, 'loss': 0.3924356698989868, 'accuracy': 0.9036815166473389, 'l2_norm': 2.2428183555603027, 'computation_time': 0.04137992858886719, 'batch_time': 0.0441163690193207, 'rtc_check_time': 0.0015093000038177706, 'experiment_id': 'exp_20240619_200443', 'client_id': '2'}
[2024-06-19 20:05:25,651][root][INFO] - Added data to batch for client 2: {'round': 3, 'step_no': 168, 'loss': 0.30372363328933716, 'accuracy': 0.9037162065505981, 'l2_norm': 2.2647974491119385, 'computation_time': 0.04503512382507324, 'batch_time': 0.06133606145886006, 'rtc_check_time': 0.014663001995359082, 'experiment_id': 'exp_20240619_200443', 'client_id': '2'}
[2024-06-19 20:05:25,652][root][INFO] - Added data to batch for client 2: {'round': 3, 'step_no': 169, 'loss': 0.1289510726928711, 'accuracy': 0.9045833349227905, 'l2_norm': 2.2785720825195312, 'computation_time': 0.0567779541015625, 'batch_time': 0.05969801992614521, 'rtc_check_time': 0.0017058000012184493, 'experiment_id': 'exp_20240619_200443', 'client_id': '2'}
[2024-06-19 20:05:25,653][root][INFO] - Added data to batch for client 2: {'round': 3, 'step_no': 170, 'loss': 0.22255374491214752, 'accuracy': 0.9046052694320679, 'l2_norm': 2.359950065612793, 'computation_time': 0.061242103576660156, 'batch_time': 0.06419139794888906, 'rtc_check_time': 0.0015946000057738274, 'experiment_id': 'exp_20240619_200443', 'client_id': '2'}
[2024-06-19 20:05:25,654][root][INFO] - Added data to batch for client 2: {'round': 3, 'step_no': 171, 'loss': 0.21048782765865326, 'accuracy': 0.9050324559211731, 'l2_norm': 2.3938984870910645, 'computation_time': 0.05279111862182617, 'batch_time': 0.0594114344130503, 'rtc_check_time': 0.00555529999837745, 'experiment_id': 'exp_20240619_200443', 'client_id': '2'}
[2024-06-19 20:05:25,655][root][INFO] - Added data to batch for client 2: {'round': 3, 'step_no': 172, 'loss': 0.2008599042892456, 'accuracy': 0.9054487347602844, 'l2_norm': 2.44480562210083, 'computation_time': 0.044680118560791016, 'batch_time': 0.047535396814055275, 'rtc_check_time': 0.0015764009949634783, 'experiment_id': 'exp_20240619_200443', 'client_id': '2'}
[2024-06-19 20:05:25,656][root][INFO] - Added data to batch for client 2: {'round': 3, 'step_no': 173, 'loss': 0.159217968583107, 'accuracy': 0.90625, 'l2_norm': 2.476430892944336, 'computation_time': 0.04667210578918457, 'batch_time': 0.05052775306830881, 'rtc_check_time': 0.0025329010022687726, 'experiment_id': 'exp_20240619_200443', 'client_id': '2'}
[2024-06-19 20:05:25,657][root][INFO] - Added data to batch for client 2: {'round': 3, 'step_no': 174, 'loss': 0.23716554045677185, 'accuracy': 0.9066406488418579, 'l2_norm': 2.4807329177856445, 'computation_time': 0.04077601432800293, 'batch_time': 0.04453244514297694, 'rtc_check_time': 0.002470400999300182, 'experiment_id': 'exp_20240619_200443', 'client_id': '2'}
[2024-06-19 20:05:25,658][root][INFO] - Added data to batch for client 2: {'round': 3, 'step_no': 175, 'loss': 0.21910230815410614, 'accuracy': 0.9070215821266174, 'l2_norm': 2.578279972076416, 'computation_time': 0.04168510437011719, 'batch_time': 0.045650870459212456, 'rtc_check_time': 0.002624900000228081, 'experiment_id': 'exp_20240619_200443', 'client_id': '2'}
[2024-06-19 20:05:25,659][root][INFO] - Added data to batch for client 2: {'round': 3, 'step_no': 176, 'loss': 0.5812422037124634, 'accuracy': 0.9073932766914368, 'l2_norm': 2.563498020172119, 'computation_time': 0.04184889793395996, 'batch_time': 0.04641096160776215, 'rtc_check_time': 0.0035011009968002327, 'experiment_id': 'exp_20240619_200443', 'client_id': '2'}
[2024-06-19 20:05:25,660][root][INFO] - Added data to batch for client 2: {'round': 3, 'step_no': 177, 'loss': 0.16880515217781067, 'accuracy': 0.9077560305595398, 'l2_norm': 2.579542875289917, 'computation_time': 0.043148040771484375, 'batch_time': 0.04647630027466221, 'rtc_check_time': 0.0021643000000040047, 'experiment_id': 'exp_20240619_200443', 'client_id': '2'}
[2024-06-19 20:05:25,662][root][INFO] - Added data to batch for client 2: {'round': 3, 'step_no': 178, 'loss': 0.25724610686302185, 'accuracy': 0.9073660969734192, 'l2_norm': 2.6003715991973877, 'computation_time': 0.038491010665893555, 'batch_time': 0.04341706599370809, 'rtc_check_time': 0.0038669999994453974, 'experiment_id': 'exp_20240619_200443', 'client_id': '2'}
[2024-06-19 20:05:25,663][root][INFO] - Added data to batch for client 2: {'round': 3, 'step_no': 179, 'loss': 0.25530120730400085, 'accuracy': 0.9077205657958984, 'l2_norm': 2.6254613399505615, 'computation_time': 0.05136299133300781, 'batch_time': 0.05471456562372623, 'rtc_check_time': 0.002141600001777988, 'experiment_id': 'exp_20240619_200443', 'client_id': '2'}
[2024-06-19 20:05:25,664][root][INFO] - Added data to batch for client 2: {'round': 3, 'step_no': 180, 'loss': 0.17144732177257538, 'accuracy': 0.9084302186965942, 'l2_norm': 2.665709972381592, 'computation_time': 0.04009199142456055, 'batch_time': 0.0456864481093362, 'rtc_check_time': 0.004366601002402604, 'experiment_id': 'exp_20240619_200443', 'client_id': '2'}
[2024-06-19 20:05:25,665][root][INFO] - Added data to batch for client 2: {'round': 3, 'step_no': 181, 'loss': 0.18128298223018646, 'accuracy': 0.9084051847457886, 'l2_norm': 2.731649398803711, 'computation_time': 0.040992021560668945, 'batch_time': 0.0434128577253432, 'rtc_check_time': 0.0013408000013441779, 'experiment_id': 'exp_20240619_200443', 'client_id': '2'}
[2024-06-19 20:05:25,667][root][INFO] - Added data to batch for client 2: {'round': 3, 'step_no': 182, 'loss': 0.4232783317565918, 'accuracy': 0.9080255627632141, 'l2_norm': 2.776104211807251, 'computation_time': 0.03892087936401367, 'batch_time': 0.04322861653054133, 'rtc_check_time': 0.0032277010031975806, 'experiment_id': 'exp_20240619_200443', 'client_id': '2'}
[2024-06-19 20:05:25,668][root][INFO] - Added data to batch for client 2: {'round': 3, 'step_no': 183, 'loss': 0.2174597978591919, 'accuracy': 0.908707857131958, 'l2_norm': 2.7783889770507812, 'computation_time': 0.03966712951660156, 'batch_time': 0.043600411801890004, 'rtc_check_time': 0.0026823000007425435, 'experiment_id': 'exp_20240619_200443', 'client_id': '2'}
[2024-06-19 20:05:25,669][root][INFO] - Added data to batch for client 2: {'round': 3, 'step_no': 184, 'loss': 0.18851087987422943, 'accuracy': 0.9083333611488342, 'l2_norm': 2.797154188156128, 'computation_time': 0.0446019172668457, 'batch_time': 0.047503874040558, 'rtc_check_time': 0.0014240000018617138, 'experiment_id': 'exp_20240619_200443', 'client_id': '2'}
[2024-06-19 20:05:25,669][root][INFO] - Added data to batch for client 2: {'round': 3, 'step_no': 185, 'loss': 0.04283783584833145, 'accuracy': 0.9093406796455383, 'l2_norm': 2.8093578815460205, 'computation_time': 0.042633056640625, 'batch_time': 0.04582262634357903, 'rtc_check_time': 0.0019486009987303987, 'experiment_id': 'exp_20240619_200443', 'client_id': '2'}
[2024-06-19 20:05:25,670][root][INFO] - Added data to batch for client 2: {'round': 3, 'step_no': 186, 'loss': 0.21751081943511963, 'accuracy': 0.90964674949646, 'l2_norm': 2.8749773502349854, 'computation_time': 0.04433012008666992, 'batch_time': 0.04803018355596578, 'rtc_check_time': 0.002467200996761676, 'experiment_id': 'exp_20240619_200443', 'client_id': '2'}
[2024-06-19 20:05:25,671][root][INFO] - Added data to batch for client 2: {'round': 3, 'step_no': 187, 'loss': 0.3214815557003021, 'accuracy': 0.9092742204666138, 'l2_norm': 2.9181745052337646, 'computation_time': 0.04488396644592285, 'batch_time': 0.04992040952492971, 'rtc_check_time': 0.0033544000034453347, 'experiment_id': 'exp_20240619_200443', 'client_id': '2'}
[2024-06-19 20:05:25,672][root][INFO] - Added data to batch for client 2: {'round': 3, 'step_no': 188, 'loss': 0.18970456719398499, 'accuracy': 0.9095744490623474, 'l2_norm': 2.9656293392181396, 'computation_time': 0.04611706733703613, 'batch_time': 0.05020586552564055, 'rtc_check_time': 0.002798000001348555, 'experiment_id': 'exp_20240619_200443', 'client_id': '2'}
[2024-06-19 20:05:25,673][root][INFO] - Added data to batch for client 2: {'round': 3, 'step_no': 189, 'loss': 0.12710024416446686, 'accuracy': 0.910197377204895, 'l2_norm': 2.9813051223754883, 'computation_time': 0.04354095458984375, 'batch_time': 0.048840558127267286, 'rtc_check_time': 0.003819500998361036, 'experiment_id': 'exp_20240619_200443', 'client_id': '2'}
[2024-06-19 20:05:25,674][root][INFO] - Added data to batch for client 2: {'round': 3, 'step_no': 190, 'loss': 0.34176817536354065, 'accuracy': 0.9098307490348816, 'l2_norm': 3.037837028503418, 'computation_time': 0.043099164962768555, 'batch_time': 0.0466765027740621, 'rtc_check_time': 0.0022503000000142492, 'experiment_id': 'exp_20240619_200443', 'client_id': '2'}
[2024-06-19 20:05:25,675][root][INFO] - Added data to batch for client 2: {'round': 3, 'step_no': 191, 'loss': 0.19729945063591003, 'accuracy': 0.9097937941551208, 'l2_norm': 3.1200685501098633, 'computation_time': 0.04186701774597168, 'batch_time': 0.04542326401860919, 'rtc_check_time': 0.0024414009967586026, 'experiment_id': 'exp_20240619_200443', 'client_id': '2'}
[2024-06-19 20:05:25,676][root][INFO] - Added data to batch for client 2: {'round': 3, 'step_no': 192, 'loss': 0.16861097514629364, 'accuracy': 0.9103953838348389, 'l2_norm': 3.1708950996398926, 'computation_time': 0.04209113121032715, 'batch_time': 0.0462502295995364, 'rtc_check_time': 0.0030401999974856153, 'experiment_id': 'exp_20240619_200443', 'client_id': '2'}
[2024-06-19 20:05:25,677][root][INFO] - Added data to batch for client 2: {'round': 3, 'step_no': 193, 'loss': 0.1332968920469284, 'accuracy': 0.9109848737716675, 'l2_norm': 3.2002766132354736, 'computation_time': 0.04118800163269043, 'batch_time': 0.04435309750260785, 'rtc_check_time': 0.0019041000050492585, 'experiment_id': 'exp_20240619_200443', 'client_id': '2'}
[2024-06-19 20:05:25,678][root][INFO] - Added data to batch for client 2: {'round': 3, 'step_no': 194, 'loss': 0.2575078010559082, 'accuracy': 0.910937488079071, 'l2_norm': 3.2925820350646973, 'computation_time': 0.04323005676269531, 'batch_time': 0.046347410359885544, 'rtc_check_time': 0.0015363999991677701, 'experiment_id': 'exp_20240619_200443', 'client_id': '2'}
[2024-06-19 20:05:25,679][root][INFO] - Added data to batch for client 2: {'round': 3, 'step_no': 195, 'loss': 0.383512943983078, 'accuracy': 0.9112005233764648, 'l2_norm': 3.3321263790130615, 'computation_time': 0.03895092010498047, 'batch_time': 0.0428445185025339, 'rtc_check_time': 0.0027747000058298, 'experiment_id': 'exp_20240619_200443', 'client_id': '2'}
[2024-06-19 20:05:25,680][root][INFO] - Added data to batch for client 2: {'round': 3, 'step_no': 196, 'loss': 0.1694318950176239, 'accuracy': 0.9114583134651184, 'l2_norm': 3.392306327819824, 'computation_time': 0.04770708084106445, 'batch_time': 0.050499520417361055, 'rtc_check_time': 0.001432500001101289, 'experiment_id': 'exp_20240619_200443', 'client_id': '2'}
[2024-06-19 20:05:25,681][root][INFO] - Added data to batch for client 2: {'round': 3, 'step_no': 197, 'loss': 0.37101489305496216, 'accuracy': 0.9114077687263489, 'l2_norm': 3.4719157218933105, 'computation_time': 0.041661977767944336, 'batch_time': 0.046920399385271594, 'rtc_check_time': 0.0040494010027032346, 'experiment_id': 'exp_20240619_200443', 'client_id': '2'}
[2024-06-19 20:05:25,682][root][INFO] - Added data to batch for client 2: {'round': 3, 'step_no': 198, 'loss': 0.5420950055122375, 'accuracy': 0.9104567170143127, 'l2_norm': 3.538358449935913, 'computation_time': 0.04144883155822754, 'batch_time': 0.04525230408034986, 'rtc_check_time': 0.0026263999970979057, 'experiment_id': 'exp_20240619_200443', 'client_id': '2'}
[2024-06-19 20:05:25,683][root][INFO] - Added data to batch for client 2: {'round': 3, 'step_no': 199, 'loss': 0.6442403793334961, 'accuracy': 0.9092261791229248, 'l2_norm': 3.6250336170196533, 'computation_time': 0.041960954666137695, 'batch_time': 0.044487683480838314, 'rtc_check_time': 0.0014486000000033528, 'experiment_id': 'exp_20240619_200443', 'client_id': '2'}
[2024-06-19 20:05:25,684][root][INFO] - Added data to batch for client 2: {'round': 3, 'step_no': 200, 'loss': 0.321706086397171, 'accuracy': 0.9091981053352356, 'l2_norm': 3.6565134525299072, 'computation_time': 0.041105031967163086, 'batch_time': 0.04432351862487849, 'rtc_check_time': 0.002034499993897043, 'experiment_id': 'exp_20240619_200443', 'client_id': '2'}
[2024-06-19 20:05:25,685][root][INFO] - Added data to batch for client 2: {'round': 3, 'step_no': 201, 'loss': 0.2579042613506317, 'accuracy': 0.9085864424705505, 'l2_norm': 3.7068796157836914, 'computation_time': 0.03934907913208008, 'batch_time': 0.043140758920344524, 'rtc_check_time': 0.002654900003108196, 'experiment_id': 'exp_20240619_200443', 'client_id': '2'}
[2024-06-19 20:05:25,686][root][INFO] - Added data to batch for client 2: {'round': 3, 'step_no': 202, 'loss': 0.28474733233451843, 'accuracy': 0.9085648059844971, 'l2_norm': 3.7566683292388916, 'computation_time': 0.03959298133850098, 'batch_time': 0.04278579769015778, 'rtc_check_time': 0.0021309000003384426, 'experiment_id': 'exp_20240619_200443', 'client_id': '2'}
[2024-06-19 20:05:25,687][root][INFO] - Added data to batch for client 2: {'round': 3, 'step_no': 203, 'loss': 0.14903251826763153, 'accuracy': 0.9088302850723267, 'l2_norm': 3.772129535675049, 'computation_time': 0.04245591163635254, 'batch_time': 0.04679318692069501, 'rtc_check_time': 0.003127300995402038, 'experiment_id': 'exp_20240619_200443', 'client_id': '2'}
[2024-06-19 20:05:25,688][root][INFO] - Added data to batch for client 2: {'round': 3, 'step_no': 204, 'loss': 0.1764986515045166, 'accuracy': 0.9090909361839294, 'l2_norm': 3.806713342666626, 'computation_time': 0.04174304008483887, 'batch_time': 0.04605856628768379, 'rtc_check_time': 0.003137500003504101, 'experiment_id': 'exp_20240619_200443', 'client_id': '2'}
[2024-06-19 20:05:25,689][root][INFO] - Added data to batch for client 2: {'round': 3, 'step_no': 205, 'loss': 0.24874967336654663, 'accuracy': 0.9087837934494019, 'l2_norm': 3.9401566982269287, 'computation_time': 0.040596961975097656, 'batch_time': 0.04391562947421335, 'rtc_check_time': 0.0021137000003363937, 'experiment_id': 'exp_20240619_200443', 'client_id': '2'}
[2024-06-19 20:05:25,690][root][INFO] - Added data to batch for client 2: {'round': 3, 'step_no': 206, 'loss': 0.09061408042907715, 'accuracy': 0.9095982313156128, 'l2_norm': 3.9626622200012207, 'computation_time': 0.043704986572265625, 'batch_time': 0.04650367640715558, 'rtc_check_time': 0.0017176999972434714, 'experiment_id': 'exp_20240619_200443', 'client_id': '2'}
[2024-06-19 20:05:25,691][root][INFO] - Added data to batch for client 2: {'round': 3, 'step_no': 207, 'loss': 0.20828308165073395, 'accuracy': 0.9101216793060303, 'l2_norm': 3.988537549972534, 'computation_time': 0.04144287109375, 'batch_time': 0.044763609672372695, 'rtc_check_time': 0.002168700004403945, 'experiment_id': 'exp_20240619_200443', 'client_id': '2'}
[2024-06-19 20:05:25,692][root][INFO] - Added data to batch for client 2: {'round': 3, 'step_no': 208, 'loss': 0.20270203053951263, 'accuracy': 0.9103618264198303, 'l2_norm': 4.034868240356445, 'computation_time': 0.04010009765625, 'batch_time': 0.04547253240889404, 'rtc_check_time': 0.004156499999226071, 'experiment_id': 'exp_20240619_200443', 'client_id': '2'}
[2024-06-19 20:05:25,693][root][INFO] - Added data to batch for client 2: {'round': 3, 'step_no': 209, 'loss': 0.22721636295318604, 'accuracy': 0.9103260636329651, 'l2_norm': 4.045756816864014, 'computation_time': 0.039373159408569336, 'batch_time': 0.04402270709397271, 'rtc_check_time': 0.0034626999986357987, 'experiment_id': 'exp_20240619_200443', 'client_id': '2'}
[2024-06-19 20:05:25,694][root][INFO] - Added data to batch for client 2: {'round': 3, 'step_no': 210, 'loss': 0.5993501543998718, 'accuracy': 0.9100215435028076, 'l2_norm': 4.075352668762207, 'computation_time': 0.041339874267578125, 'batch_time': 0.04516723004053347, 'rtc_check_time': 0.002765201003057882, 'experiment_id': 'exp_20240619_200443', 'client_id': '2'}
[2024-06-19 20:05:25,695][root][INFO] - Added data to batch for client 2: {'round': 3, 'step_no': 211, 'loss': 0.1661859005689621, 'accuracy': 0.910523533821106, 'l2_norm': 4.12930154800415, 'computation_time': 0.05109405517578125, 'batch_time': 0.0546115481047309, 'rtc_check_time': 0.001770599999872502, 'experiment_id': 'exp_20240619_200443', 'client_id': '2'}
[2024-06-19 20:05:25,696][root][INFO] - Added data to batch for client 2: {'round': 3, 'step_no': 212, 'loss': 0.1644543707370758, 'accuracy': 0.9110169410705566, 'l2_norm': 4.175195217132568, 'computation_time': 0.04394888877868652, 'batch_time': 0.06389255233807489, 'rtc_check_time': 0.018876501999329776, 'experiment_id': 'exp_20240619_200443', 'client_id': '2'}
[2024-06-19 20:05:25,697][root][INFO] - Added data to batch for client 2: {'round': 3, 'step_no': 213, 'loss': 0.15219348669052124, 'accuracy': 0.911239504814148, 'l2_norm': 4.228237152099609, 'computation_time': 0.04154396057128906, 'batch_time': 0.06177467145607807, 'rtc_check_time': 0.018956601998070255, 'experiment_id': 'exp_20240619_200443', 'client_id': '2'}
[2024-06-19 20:05:25,698][root][INFO] - Added data to batch for client 2: {'round': 3, 'step_no': 214, 'loss': 0.1364152431488037, 'accuracy': 0.9114583134651184, 'l2_norm': 4.258219242095947, 'computation_time': 0.049690961837768555, 'batch_time': 0.05282692342734663, 'rtc_check_time': 0.0017219009969267063, 'experiment_id': 'exp_20240619_200443', 'client_id': '2'}
[2024-06-19 20:05:25,699][root][INFO] - Added data to batch for client 2: {'round': 3, 'step_no': 215, 'loss': 0.16470330953598022, 'accuracy': 0.9116735458374023, 'l2_norm': 4.32255220413208, 'computation_time': 0.05128812789916992, 'batch_time': 0.06356657582364278, 'rtc_check_time': 0.010916601000644732, 'experiment_id': 'exp_20240619_200443', 'client_id': '2'}
[2024-06-19 20:05:25,700][root][INFO] - Added data to batch for client 2: {'round': 3, 'step_no': 216, 'loss': 0.2971707880496979, 'accuracy': 0.9116290807723999, 'l2_norm': 4.403878211975098, 'computation_time': 0.05377078056335449, 'batch_time': 0.06635702569474233, 'rtc_check_time': 0.011208900999918114, 'experiment_id': 'exp_20240619_200443', 'client_id': '2'}
[2024-06-19 20:05:25,701][root][INFO] - Added data to batch for client 2: {'round': 3, 'step_no': 217, 'loss': 0.23993180692195892, 'accuracy': 0.9115853905677795, 'l2_norm': 4.445895671844482, 'computation_time': 0.040936946868896484, 'batch_time': 0.046017061336897314, 'rtc_check_time': 0.0038369999965652823, 'experiment_id': 'exp_20240619_200443', 'client_id': '2'}
[2024-06-19 20:05:25,702][root][INFO] - Added data to batch for client 2: {'round': 3, 'step_no': 218, 'loss': 0.22680358588695526, 'accuracy': 0.9117943644523621, 'l2_norm': 4.46734619140625, 'computation_time': 0.04240894317626953, 'batch_time': 0.046047579140577, 'rtc_check_time': 0.002594601006421726, 'experiment_id': 'exp_20240619_200443', 'client_id': '2'}
[2024-06-19 20:05:25,703][root][INFO] - Added data to batch for client 2: {'round': 3, 'step_no': 219, 'loss': 0.13963954150676727, 'accuracy': 0.9122499823570251, 'l2_norm': 4.49008321762085, 'computation_time': 0.03768515586853027, 'batch_time': 0.04113987900927896, 'rtc_check_time': 0.002387799999269191, 'experiment_id': 'exp_20240619_200443', 'client_id': '2'}
[2024-06-19 20:05:25,704][root][INFO] - Added data to batch for client 2: {'round': 3, 'step_no': 220, 'loss': 0.3753458261489868, 'accuracy': 0.9122023582458496, 'l2_norm': 4.524979591369629, 'computation_time': 0.04212784767150879, 'batch_time': 0.04546533039683709, 'rtc_check_time': 0.0020834009992540814, 'experiment_id': 'exp_20240619_200443', 'client_id': '2'}
[2024-06-19 20:05:25,705][root][INFO] - Added data to batch for client 2: {'round': 3, 'step_no': 221, 'loss': 0.22303643822669983, 'accuracy': 0.9119094610214233, 'l2_norm': 4.583432674407959, 'computation_time': 0.040570974349975586, 'batch_time': 0.0438481670425972, 'rtc_check_time': 0.0021211010025581345, 'experiment_id': 'exp_20240619_200443', 'client_id': '2'}
[2024-06-19 20:05:25,705][root][INFO] - Added data to batch for client 2: {'round': 3, 'step_no': 222, 'loss': 0.4067351818084717, 'accuracy': 0.911865234375, 'l2_norm': 4.7129716873168945, 'computation_time': 0.04089093208312988, 'batch_time': 0.044253674925130326, 'rtc_check_time': 0.0020636000044760294, 'experiment_id': 'exp_20240619_200443', 'client_id': '2'}
[2024-06-19 20:05:25,706][root][INFO] - Added data to batch for client 2: {'round': 3, 'step_no': 223, 'loss': 0.29155445098876953, 'accuracy': 0.911579430103302, 'l2_norm': 4.706692218780518, 'computation_time': 0.049592018127441406, 'batch_time': 0.05279211860761279, 'rtc_check_time': 0.0016231999979936518, 'experiment_id': 'exp_20240619_200443', 'client_id': '2'}
[2024-06-19 20:05:25,708][root][INFO] - Added data to batch for client 2: {'round': 3, 'step_no': 224, 'loss': 0.2503785789012909, 'accuracy': 0.9117788672447205, 'l2_norm': 4.736466407775879, 'computation_time': 0.03960704803466797, 'batch_time': 0.048860912917007226, 'rtc_check_time': 0.008156900999892969, 'experiment_id': 'exp_20240619_200443', 'client_id': '2'}
[2024-06-19 20:05:25,709][root][INFO] - Added data to batch for client 2: {'round': 3, 'step_no': 225, 'loss': 0.2194216102361679, 'accuracy': 0.9119752049446106, 'l2_norm': 4.805628776550293, 'computation_time': 0.040657997131347656, 'batch_time': 0.04468152027402539, 'rtc_check_time': 0.0029566000011982396, 'experiment_id': 'exp_20240619_200443', 'client_id': '2'}
[2024-06-19 20:05:25,710][root][INFO] - Added data to batch for client 2: {'round': 3, 'step_no': 226, 'loss': 0.12704455852508545, 'accuracy': 0.9124053120613098, 'l2_norm': 4.8525919914245605, 'computation_time': 0.04492616653442383, 'batch_time': 0.048476845237019006, 'rtc_check_time': 0.002060801001789514, 'experiment_id': 'exp_20240619_200443', 'client_id': '2'}
[2024-06-19 20:05:25,710][root][INFO] - Added data to batch for client 2: {'round': 3, 'step_no': 227, 'loss': 0.12622202932834625, 'accuracy': 0.9128289222717285, 'l2_norm': 4.892786026000977, 'computation_time': 0.0401918888092041, 'batch_time': 0.04380759881314589, 'rtc_check_time': 0.0025557010012562387, 'experiment_id': 'exp_20240619_200443', 'client_id': '2'}
[2024-06-19 20:05:25,711][root][INFO] - Added data to batch for client 2: {'round': 3, 'step_no': 228, 'loss': 0.24904251098632812, 'accuracy': 0.9130130410194397, 'l2_norm': 4.931656360626221, 'computation_time': 0.04178595542907715, 'batch_time': 0.04478211417153943, 'rtc_check_time': 0.0016572000022279099, 'experiment_id': 'exp_20240619_200443', 'client_id': '2'}
[2024-06-19 20:05:25,712][root][INFO] - Added data to batch for client 2: {'round': 3, 'step_no': 229, 'loss': 0.17751193046569824, 'accuracy': 0.9134259223937988, 'l2_norm': 4.990208148956299, 'computation_time': 0.041461944580078125, 'batch_time': 0.0457332570804283, 'rtc_check_time': 0.0028891999972984195, 'experiment_id': 'exp_20240619_200443', 'client_id': '2'}
[2024-06-19 20:05:25,713][root][INFO] - Added data to batch for client 2: {'round': 3, 'step_no': 230, 'loss': 0.1938595473766327, 'accuracy': 0.9133731722831726, 'l2_norm': 5.050323009490967, 'computation_time': 0.04377102851867676, 'batch_time': 0.05080479078606004, 'rtc_check_time': 0.005836901000293437, 'experiment_id': 'exp_20240619_200443', 'client_id': '2'}
[2024-06-19 20:05:25,714][root][INFO] - Added data to batch for client 2: {'round': 3, 'step_no': 231, 'loss': 0.41945603489875793, 'accuracy': 0.9126368761062622, 'l2_norm': 5.1509504318237305, 'computation_time': 0.04047417640686035, 'batch_time': 0.04364158018142916, 'rtc_check_time': 0.0019076000025961548, 'experiment_id': 'exp_20240619_200443', 'client_id': '2'}
[2024-06-19 20:05:25,715][root][INFO] - Added data to batch for client 2: {'round': 3, 'step_no': 232, 'loss': 0.4337068796157837, 'accuracy': 0.91236412525177, 'l2_norm': 5.160017490386963, 'computation_time': 0.04185080528259277, 'batch_time': 0.04668658001901349, 'rtc_check_time': 0.003622701005951967, 'experiment_id': 'exp_20240619_200443', 'client_id': '2'}
[2024-06-19 20:05:25,715][root][INFO] - Added batch data list for client 2. New Data Added: 138
[2024-06-19 20:05:25,718][root][INFO] - Batch data saved to /home/psklavos/fl/geom_aio/csv_logs/exp_20240619_200443/clients/client_2/batch.csv
[2024-06-19 20:05:25,719][root][INFO] - Added data to epoch for client 1: {'round': 3, 'epoch_steps': 138, 'total_steps': 232, 'l2_norm': 4.736056327819824, 'total_computation_time': 6.306387901306152, 'total_rtc_check_time': 0.5256220580195077, 'total_duration': 7.296311855316162, 'val_loss': 0.1896263062953949, 'val_accuracy': 0.9390000104904175, 'experiment_id': 'exp_20240619_200443', 'client_id': '1'}
[2024-06-19 20:05:25,720][root][INFO] - Added epoch data for client 1: {'round': 3, 'epoch_steps': 138, 'total_steps': 232, 'l2_norm': 4.736056327819824, 'total_computation_time': 6.306387901306152, 'total_rtc_check_time': 0.5256220580195077, 'total_duration': 7.296311855316162, 'val_loss': 0.1896263062953949, 'val_accuracy': 0.9390000104904175, 'experiment_id': 'exp_20240619_200443', 'client_id': '1'}
[2024-06-19 20:05:25,720][root][INFO] - Epoch data saved to /home/psklavos/fl/geom_aio/csv_logs/exp_20240619_200443/clients/client_1/epoch.csv
[2024-06-19 20:05:25,721][root][INFO] - Added data to batch for client 1: {'round': 3, 'step_no': 95, 'loss': 0.2217576950788498, 'accuracy': 0.9375, 'l2_norm': 0.02677438221871853, 'computation_time': 0.07751989364624023, 'batch_time': 0.08536080812336877, 'rtc_check_time': 0.005786699999589473, 'experiment_id': 'exp_20240619_200443', 'client_id': '1'}
[2024-06-19 20:05:25,722][root][INFO] - Added data to batch for client 1: {'round': 3, 'step_no': 96, 'loss': 0.27352240681648254, 'accuracy': 0.921875, 'l2_norm': 0.0336124449968338, 'computation_time': 0.06356692314147949, 'batch_time': 0.06712498690467328, 'rtc_check_time': 0.002246999996714294, 'experiment_id': 'exp_20240619_200443', 'client_id': '1'}
[2024-06-19 20:05:25,723][root][INFO] - Added data to batch for client 1: {'round': 3, 'step_no': 97, 'loss': 0.27109870314598083, 'accuracy': 0.90625, 'l2_norm': 0.05402713641524315, 'computation_time': 0.04475688934326172, 'batch_time': 0.048597837769193575, 'rtc_check_time': 0.0027807010046672076, 'experiment_id': 'exp_20240619_200443', 'client_id': '1'}
[2024-06-19 20:05:25,724][root][INFO] - Added data to batch for client 1: {'round': 3, 'step_no': 98, 'loss': 0.46359893679618835, 'accuracy': 0.8984375, 'l2_norm': 0.06776752322912216, 'computation_time': 0.04333305358886719, 'batch_time': 0.047248718910850585, 'rtc_check_time': 0.002607700997032225, 'experiment_id': 'exp_20240619_200443', 'client_id': '1'}
[2024-06-19 20:05:25,725][root][INFO] - Added data to batch for client 1: {'round': 3, 'step_no': 99, 'loss': 0.4140457510948181, 'accuracy': 0.893750011920929, 'l2_norm': 0.08436405658721924, 'computation_time': 0.042851924896240234, 'batch_time': 0.04655032019945793, 'rtc_check_time': 0.00243429999682121, 'experiment_id': 'exp_20240619_200443', 'client_id': '1'}
[2024-06-19 20:05:25,726][root][INFO] - Added data to batch for client 1: {'round': 3, 'step_no': 100, 'loss': 0.4943115711212158, 'accuracy': 0.9010416865348816, 'l2_norm': 0.10160033404827118, 'computation_time': 0.045599937438964844, 'batch_time': 0.05191599058889551, 'rtc_check_time': 0.0051540009953896515, 'experiment_id': 'exp_20240619_200443', 'client_id': '1'}
[2024-06-19 20:05:25,727][root][INFO] - Added data to batch for client 1: {'round': 3, 'step_no': 101, 'loss': 0.37084850668907166, 'accuracy': 0.8973214030265808, 'l2_norm': 0.13365045189857483, 'computation_time': 0.063507080078125, 'batch_time': 0.06752353368210606, 'rtc_check_time': 0.002435500005958602, 'experiment_id': 'exp_20240619_200443', 'client_id': '1'}
[2024-06-19 20:05:25,728][root][INFO] - Added data to batch for client 1: {'round': 3, 'step_no': 102, 'loss': 0.3520515561103821, 'accuracy': 0.89453125, 'l2_norm': 0.13422814011573792, 'computation_time': 0.04764699935913086, 'batch_time': 0.0554374333441956, 'rtc_check_time': 0.006607400995562784, 'experiment_id': 'exp_20240619_200443', 'client_id': '1'}
[2024-06-19 20:05:25,729][root][INFO] - Added data to batch for client 1: {'round': 3, 'step_no': 103, 'loss': 0.23443478345870972, 'accuracy': 0.8993055820465088, 'l2_norm': 0.15712639689445496, 'computation_time': 0.061277151107788086, 'batch_time': 0.06743871635262622, 'rtc_check_time': 0.0038768000013078563, 'experiment_id': 'exp_20240619_200443', 'client_id': '1'}
[2024-06-19 20:05:25,730][root][INFO] - Added data to batch for client 1: {'round': 3, 'step_no': 104, 'loss': 0.3135790526866913, 'accuracy': 0.8968750238418579, 'l2_norm': 0.17468556761741638, 'computation_time': 0.05135488510131836, 'batch_time': 0.056927252597233746, 'rtc_check_time': 0.00436739999713609, 'experiment_id': 'exp_20240619_200443', 'client_id': '1'}
[2024-06-19 20:05:25,731][root][INFO] - Added data to batch for client 1: {'round': 3, 'step_no': 105, 'loss': 0.4208081364631653, 'accuracy': 0.8892045617103577, 'l2_norm': 0.18852970004081726, 'computation_time': 0.04807114601135254, 'batch_time': 0.05187176677281968, 'rtc_check_time': 0.00245880099828355, 'experiment_id': 'exp_20240619_200443', 'client_id': '1'}
[2024-06-19 20:05:25,732][root][INFO] - Added data to batch for client 1: {'round': 3, 'step_no': 106, 'loss': 0.27652549743652344, 'accuracy': 0.890625, 'l2_norm': 0.19793550670146942, 'computation_time': 0.11353516578674316, 'batch_time': 0.12366078310151352, 'rtc_check_time': 0.005306700993969571, 'experiment_id': 'exp_20240619_200443', 'client_id': '1'}
[2024-06-19 20:05:25,733][root][INFO] - Added data to batch for client 1: {'round': 3, 'step_no': 107, 'loss': 0.20583121478557587, 'accuracy': 0.8990384340286255, 'l2_norm': 0.20857885479927063, 'computation_time': 0.07448697090148926, 'batch_time': 0.0825197653612122, 'rtc_check_time': 0.006032700999639928, 'experiment_id': 'exp_20240619_200443', 'client_id': '1'}
[2024-06-19 20:05:25,734][root][INFO] - Added data to batch for client 1: {'round': 3, 'step_no': 108, 'loss': 0.18720681965351105, 'accuracy': 0.8995535969734192, 'l2_norm': 0.21334870159626007, 'computation_time': 0.05411791801452637, 'batch_time': 0.058155923084996175, 'rtc_check_time': 0.002700000004551839, 'experiment_id': 'exp_20240619_200443', 'client_id': '1'}
[2024-06-19 20:05:25,735][root][INFO] - Added data to batch for client 1: {'round': 3, 'step_no': 109, 'loss': 0.46245986223220825, 'accuracy': 0.8979166746139526, 'l2_norm': 0.23973217606544495, 'computation_time': 0.04142618179321289, 'batch_time': 0.04640224276226945, 'rtc_check_time': 0.0038574009959120303, 'experiment_id': 'exp_20240619_200443', 'client_id': '1'}
[2024-06-19 20:05:25,736][root][INFO] - Added data to batch for client 1: {'round': 3, 'step_no': 110, 'loss': 0.4368850588798523, 'accuracy': 0.896484375, 'l2_norm': 0.2644193172454834, 'computation_time': 0.03985595703125, 'batch_time': 0.04524657130241394, 'rtc_check_time': 0.0041835010051727295, 'experiment_id': 'exp_20240619_200443', 'client_id': '1'}
[2024-06-19 20:05:25,737][root][INFO] - Added data to batch for client 1: {'round': 3, 'step_no': 111, 'loss': 0.33930668234825134, 'accuracy': 0.8988970518112183, 'l2_norm': 0.26662957668304443, 'computation_time': 0.04917502403259277, 'batch_time': 0.055628353082283866, 'rtc_check_time': 0.004992299996956717, 'experiment_id': 'exp_20240619_200443', 'client_id': '1'}
[2024-06-19 20:05:25,738][root][INFO] - Added data to batch for client 1: {'round': 3, 'step_no': 112, 'loss': 0.18130086362361908, 'accuracy': 0.9027777910232544, 'l2_norm': 0.26773619651794434, 'computation_time': 0.05270886421203613, 'batch_time': 0.05820482339913724, 'rtc_check_time': 0.003342800999234896, 'experiment_id': 'exp_20240619_200443', 'client_id': '1'}
[2024-06-19 20:05:25,739][root][INFO] - Added data to batch for client 1: {'round': 3, 'step_no': 113, 'loss': 0.27291831374168396, 'accuracy': 0.9046052694320679, 'l2_norm': 0.3207436501979828, 'computation_time': 0.04816007614135742, 'batch_time': 0.057643115185783245, 'rtc_check_time': 0.0077731009951094165, 'experiment_id': 'exp_20240619_200443', 'client_id': '1'}
[2024-06-19 20:05:25,740][root][INFO] - Added data to batch for client 1: {'round': 3, 'step_no': 114, 'loss': 0.300743043422699, 'accuracy': 0.90625, 'l2_norm': 0.35193997621536255, 'computation_time': 0.054058074951171875, 'batch_time': 0.059878373351239134, 'rtc_check_time': 0.00389030000224011, 'experiment_id': 'exp_20240619_200443', 'client_id': '1'}
[2024-06-19 20:05:25,741][root][INFO] - Added data to batch for client 1: {'round': 3, 'step_no': 115, 'loss': 0.3901363015174866, 'accuracy': 0.9077380895614624, 'l2_norm': 0.41062724590301514, 'computation_time': 0.04612088203430176, 'batch_time': 0.055213609761267435, 'rtc_check_time': 0.007661500996618997, 'experiment_id': 'exp_20240619_200443', 'client_id': '1'}
[2024-06-19 20:05:25,742][root][INFO] - Added data to batch for client 1: {'round': 3, 'step_no': 116, 'loss': 0.1750940978527069, 'accuracy': 0.9119318127632141, 'l2_norm': 0.41099753975868225, 'computation_time': 0.04920816421508789, 'batch_time': 0.061007110292848665, 'rtc_check_time': 0.009701101000246126, 'experiment_id': 'exp_20240619_200443', 'client_id': '1'}
[2024-06-19 20:05:25,743][root][INFO] - Added data to batch for client 1: {'round': 3, 'step_no': 117, 'loss': 0.4876990020275116, 'accuracy': 0.904891312122345, 'l2_norm': 0.4362228810787201, 'computation_time': 0.0464780330657959, 'batch_time': 0.053397107592900284, 'rtc_check_time': 0.005534101001103409, 'experiment_id': 'exp_20240619_200443', 'client_id': '1'}
[2024-06-19 20:05:25,744][root][INFO] - Added data to batch for client 1: {'round': 3, 'step_no': 118, 'loss': 0.539693295955658, 'accuracy': 0.8997395634651184, 'l2_norm': 0.45293787121772766, 'computation_time': 0.042291879653930664, 'batch_time': 0.04530365523532964, 'rtc_check_time': 0.0017235999985132366, 'experiment_id': 'exp_20240619_200443', 'client_id': '1'}
[2024-06-19 20:05:25,745][root][INFO] - Added data to batch for client 1: {'round': 3, 'step_no': 119, 'loss': 0.42615652084350586, 'accuracy': 0.8987500071525574, 'l2_norm': 0.49006661772727966, 'computation_time': 0.04106903076171875, 'batch_time': 0.04924600067170104, 'rtc_check_time': 0.007107901001290884, 'experiment_id': 'exp_20240619_200443', 'client_id': '1'}
[2024-06-19 20:05:25,746][root][INFO] - Added data to batch for client 1: {'round': 3, 'step_no': 120, 'loss': 0.42852362990379333, 'accuracy': 0.8990384340286255, 'l2_norm': 0.4865001142024994, 'computation_time': 0.043959856033325195, 'batch_time': 0.04679039328766521, 'rtc_check_time': 0.0015004000015323982, 'experiment_id': 'exp_20240619_200443', 'client_id': '1'}
[2024-06-19 20:05:25,747][root][INFO] - Added data to batch for client 1: {'round': 3, 'step_no': 121, 'loss': 0.2995646297931671, 'accuracy': 0.8993055820465088, 'l2_norm': 0.5093910694122314, 'computation_time': 0.04479789733886719, 'batch_time': 0.04796154205541825, 'rtc_check_time': 0.002045699999143835, 'experiment_id': 'exp_20240619_200443', 'client_id': '1'}
[2024-06-19 20:05:25,748][root][INFO] - Added data to batch for client 1: {'round': 3, 'step_no': 122, 'loss': 0.3545892834663391, 'accuracy': 0.8984375, 'l2_norm': 0.5207080245018005, 'computation_time': 0.04799509048461914, 'batch_time': 0.051330402136954945, 'rtc_check_time': 0.0018204000007244758, 'experiment_id': 'exp_20240619_200443', 'client_id': '1'}
[2024-06-19 20:05:25,749][root][INFO] - Added data to batch for client 1: {'round': 3, 'step_no': 123, 'loss': 0.2803290784358978, 'accuracy': 0.8987069129943848, 'l2_norm': 0.5354597568511963, 'computation_time': 0.040303945541381836, 'batch_time': 0.045371237116341945, 'rtc_check_time': 0.003697100000863429, 'experiment_id': 'exp_20240619_200443', 'client_id': '1'}
[2024-06-19 20:05:25,750][root][INFO] - Added data to batch for client 1: {'round': 3, 'step_no': 124, 'loss': 0.24406415224075317, 'accuracy': 0.9010416865348816, 'l2_norm': 0.5539857745170593, 'computation_time': 0.05244302749633789, 'batch_time': 0.06258183521276806, 'rtc_check_time': 0.008553801002562977, 'experiment_id': 'exp_20240619_200443', 'client_id': '1'}
[2024-06-19 20:05:25,751][root][INFO] - Added data to batch for client 1: {'round': 3, 'step_no': 125, 'loss': 0.4674326777458191, 'accuracy': 0.9002016186714172, 'l2_norm': 0.574924111366272, 'computation_time': 0.04882502555847168, 'batch_time': 0.05508056522376137, 'rtc_check_time': 0.0048534000015934, 'experiment_id': 'exp_20240619_200443', 'client_id': '1'}
[2024-06-19 20:05:25,752][root][INFO] - Added data to batch for client 1: {'round': 3, 'step_no': 126, 'loss': 0.2889174222946167, 'accuracy': 0.900390625, 'l2_norm': 0.5965003967285156, 'computation_time': 0.05865907669067383, 'batch_time': 0.061758320887747686, 'rtc_check_time': 0.0014234000045689754, 'experiment_id': 'exp_20240619_200443', 'client_id': '1'}
[2024-06-19 20:05:25,753][root][INFO] - Added data to batch for client 1: {'round': 3, 'step_no': 127, 'loss': 0.4337576627731323, 'accuracy': 0.8996211886405945, 'l2_norm': 0.619665801525116, 'computation_time': 0.04211282730102539, 'batch_time': 0.05222914538899204, 'rtc_check_time': 0.008973101001174655, 'experiment_id': 'exp_20240619_200443', 'client_id': '1'}
[2024-06-19 20:05:25,754][root][INFO] - Added data to batch for client 1: {'round': 3, 'step_no': 128, 'loss': 0.2911640405654907, 'accuracy': 0.8988970518112183, 'l2_norm': 0.6771998405456543, 'computation_time': 0.06393694877624512, 'batch_time': 0.0692348059892538, 'rtc_check_time': 0.0036088999986532144, 'experiment_id': 'exp_20240619_200443', 'client_id': '1'}
[2024-06-19 20:05:25,755][root][INFO] - Added data to batch for client 1: {'round': 3, 'step_no': 129, 'loss': 0.47310948371887207, 'accuracy': 0.8999999761581421, 'l2_norm': 0.6889638304710388, 'computation_time': 0.03942108154296875, 'batch_time': 0.04325096233515069, 'rtc_check_time': 0.002693101007025689, 'experiment_id': 'exp_20240619_200443', 'client_id': '1'}
[2024-06-19 20:05:25,756][root][INFO] - Added data to batch for client 1: {'round': 3, 'step_no': 130, 'loss': 0.3841468095779419, 'accuracy': 0.9001736044883728, 'l2_norm': 0.7381744384765625, 'computation_time': 0.04429292678833008, 'batch_time': 0.0516979499370791, 'rtc_check_time': 0.005734901002142578, 'experiment_id': 'exp_20240619_200443', 'client_id': '1'}
[2024-06-19 20:05:25,757][root][INFO] - Added data to batch for client 1: {'round': 3, 'step_no': 131, 'loss': 0.340102881193161, 'accuracy': 0.8994932174682617, 'l2_norm': 0.7857969999313354, 'computation_time': 0.04204201698303223, 'batch_time': 0.05319294201035518, 'rtc_check_time': 0.009662001000833698, 'experiment_id': 'exp_20240619_200443', 'client_id': '1'}
[2024-06-19 20:05:25,758][root][INFO] - Added data to batch for client 1: {'round': 3, 'step_no': 132, 'loss': 0.2438451051712036, 'accuracy': 0.9004934430122375, 'l2_norm': 0.7962344288825989, 'computation_time': 0.04676318168640137, 'batch_time': 0.05381886955728987, 'rtc_check_time': 0.00583570000162581, 'experiment_id': 'exp_20240619_200443', 'client_id': '1'}
[2024-06-19 20:05:25,759][root][INFO] - Added data to batch for client 1: {'round': 3, 'step_no': 133, 'loss': 0.15848103165626526, 'accuracy': 0.9022436141967773, 'l2_norm': 0.8268452286720276, 'computation_time': 0.04161405563354492, 'batch_time': 0.04558275829185732, 'rtc_check_time': 0.0027027000032830983, 'experiment_id': 'exp_20240619_200443', 'client_id': '1'}
[2024-06-19 20:05:25,760][root][INFO] - Added data to batch for client 1: {'round': 3, 'step_no': 134, 'loss': 0.1350068747997284, 'accuracy': 0.9039062261581421, 'l2_norm': 0.8229754567146301, 'computation_time': 0.03995084762573242, 'batch_time': 0.04637339102191618, 'rtc_check_time': 0.005334401001164224, 'experiment_id': 'exp_20240619_200443', 'client_id': '1'}
[2024-06-19 20:05:25,761][root][INFO] - Added data to batch for client 1: {'round': 3, 'step_no': 135, 'loss': 0.09829020500183105, 'accuracy': 0.90625, 'l2_norm': 0.8360525369644165, 'computation_time': 0.0405430793762207, 'batch_time': 0.045013805844064336, 'rtc_check_time': 0.0033740010039764456, 'experiment_id': 'exp_20240619_200443', 'client_id': '1'}
[2024-06-19 20:05:25,762][root][INFO] - Added data to batch for client 1: {'round': 3, 'step_no': 136, 'loss': 0.28874093294143677, 'accuracy': 0.90625, 'l2_norm': 0.9431285262107849, 'computation_time': 0.0450739860534668, 'batch_time': 0.05303864567395067, 'rtc_check_time': 0.006411600996216293, 'experiment_id': 'exp_20240619_200443', 'client_id': '1'}
[2024-06-19 20:05:25,763][root][INFO] - Added data to batch for client 1: {'round': 3, 'step_no': 137, 'loss': 0.5163897275924683, 'accuracy': 0.9040697813034058, 'l2_norm': 0.9164352416992188, 'computation_time': 0.05022597312927246, 'batch_time': 0.05318603001796873, 'rtc_check_time': 0.0016962000008788891, 'experiment_id': 'exp_20240619_200443', 'client_id': '1'}
[2024-06-19 20:05:25,764][root][INFO] - Added data to batch for client 1: {'round': 3, 'step_no': 138, 'loss': 0.20056122541427612, 'accuracy': 0.9041193127632141, 'l2_norm': 0.9247219562530518, 'computation_time': 0.04143691062927246, 'batch_time': 0.04627908427210059, 'rtc_check_time': 0.003671300000860356, 'experiment_id': 'exp_20240619_200443', 'client_id': '1'}
[2024-06-19 20:05:25,765][root][INFO] - Added data to batch for client 1: {'round': 3, 'step_no': 139, 'loss': 0.510067343711853, 'accuracy': 0.9034722447395325, 'l2_norm': 0.9668473601341248, 'computation_time': 0.03811907768249512, 'batch_time': 0.04360462219483452, 'rtc_check_time': 0.004403601000376511, 'experiment_id': 'exp_20240619_200443', 'client_id': '1'}
[2024-06-19 20:05:25,766][root][INFO] - Added data to batch for client 1: {'round': 3, 'step_no': 140, 'loss': 0.140443816781044, 'accuracy': 0.904891312122345, 'l2_norm': 0.9873347878456116, 'computation_time': 0.03933286666870117, 'batch_time': 0.04564368496357929, 'rtc_check_time': 0.00513160000264179, 'experiment_id': 'exp_20240619_200443', 'client_id': '1'}
[2024-06-19 20:05:25,767][root][INFO] - Added data to batch for client 1: {'round': 3, 'step_no': 141, 'loss': 0.7204297184944153, 'accuracy': 0.9035904407501221, 'l2_norm': 1.0114874839782715, 'computation_time': 0.039170026779174805, 'batch_time': 0.0459086148548522, 'rtc_check_time': 0.00569050000194693, 'experiment_id': 'exp_20240619_200443', 'client_id': '1'}
[2024-06-19 20:05:25,768][root][INFO] - Added data to batch for client 1: {'round': 3, 'step_no': 142, 'loss': 0.14520226418972015, 'accuracy': 0.9055989384651184, 'l2_norm': 1.0444380044937134, 'computation_time': 0.04220104217529297, 'batch_time': 0.04610335403413046, 'rtc_check_time': 0.002559300002758391, 'experiment_id': 'exp_20240619_200443', 'client_id': '1'}
[2024-06-19 20:05:25,769][root][INFO] - Added data to batch for client 1: {'round': 3, 'step_no': 143, 'loss': 0.14550119638442993, 'accuracy': 0.9068877696990967, 'l2_norm': 1.0738584995269775, 'computation_time': 0.06336402893066406, 'batch_time': 0.06889199832221493, 'rtc_check_time': 0.002882000000681728, 'experiment_id': 'exp_20240619_200443', 'client_id': '1'}
[2024-06-19 20:05:25,770][root][INFO] - Added data to batch for client 1: {'round': 3, 'step_no': 144, 'loss': 0.1462702751159668, 'accuracy': 0.9075000286102295, 'l2_norm': 1.1007221937179565, 'computation_time': 0.052073001861572266, 'batch_time': 0.06047014681098517, 'rtc_check_time': 0.007104200994945131, 'experiment_id': 'exp_20240619_200443', 'client_id': '1'}
[2024-06-19 20:05:25,771][root][INFO] - Added data to batch for client 1: {'round': 3, 'step_no': 145, 'loss': 0.22089217603206635, 'accuracy': 0.907475471496582, 'l2_norm': 1.1148725748062134, 'computation_time': 0.04329705238342285, 'batch_time': 0.04607750962168211, 'rtc_check_time': 0.001555700997414533, 'experiment_id': 'exp_20240619_200443', 'client_id': '1'}
[2024-06-19 20:05:25,772][root][INFO] - Added data to batch for client 1: {'round': 3, 'step_no': 146, 'loss': 0.34470370411872864, 'accuracy': 0.9068509340286255, 'l2_norm': 1.193709373474121, 'computation_time': 0.05382490158081055, 'batch_time': 0.057464810146484524, 'rtc_check_time': 0.0019797999993897974, 'experiment_id': 'exp_20240619_200443', 'client_id': '1'}
[2024-06-19 20:05:25,773][root][INFO] - Added data to batch for client 1: {'round': 3, 'step_no': 147, 'loss': 0.13344141840934753, 'accuracy': 0.9086084961891174, 'l2_norm': 1.2210274934768677, 'computation_time': 0.04141592979431152, 'batch_time': 0.045936566399177536, 'rtc_check_time': 0.0034375010000076145, 'experiment_id': 'exp_20240619_200443', 'client_id': '1'}
[2024-06-19 20:05:25,774][root][INFO] - Added data to batch for client 1: {'round': 3, 'step_no': 148, 'loss': 0.15942543745040894, 'accuracy': 0.9097222089767456, 'l2_norm': 1.2457120418548584, 'computation_time': 0.04052615165710449, 'batch_time': 0.04482276547787478, 'rtc_check_time': 0.003092599996307399, 'experiment_id': 'exp_20240619_200443', 'client_id': '1'}
[2024-06-19 20:05:25,775][root][INFO] - Added data to batch for client 1: {'round': 3, 'step_no': 149, 'loss': 0.25824427604675293, 'accuracy': 0.9102272987365723, 'l2_norm': 1.3117872476577759, 'computation_time': 0.04096794128417969, 'batch_time': 0.04372578749462264, 'rtc_check_time': 0.0017335999946226366, 'experiment_id': 'exp_20240619_200443', 'client_id': '1'}
[2024-06-19 20:05:25,776][root][INFO] - Added data to batch for client 1: {'round': 3, 'step_no': 150, 'loss': 0.4269375205039978, 'accuracy': 0.91015625, 'l2_norm': 1.4196540117263794, 'computation_time': 0.0394139289855957, 'batch_time': 0.04519533842540113, 'rtc_check_time': 0.004718300995591562, 'experiment_id': 'exp_20240619_200443', 'client_id': '1'}
[2024-06-19 20:05:25,777][root][INFO] - Added data to batch for client 1: {'round': 3, 'step_no': 151, 'loss': 0.09267871081829071, 'accuracy': 0.9117324352264404, 'l2_norm': 1.4274104833602905, 'computation_time': 0.04167509078979492, 'batch_time': 0.04521376366756158, 'rtc_check_time': 0.0021927999987383373, 'experiment_id': 'exp_20240619_200443', 'client_id': '1'}
[2024-06-19 20:05:25,778][root][INFO] - Added data to batch for client 1: {'round': 3, 'step_no': 152, 'loss': 0.298054963350296, 'accuracy': 0.9116379022598267, 'l2_norm': 1.4527819156646729, 'computation_time': 0.04197883605957031, 'batch_time': 0.04444425864494406, 'rtc_check_time': 0.0013954000023659319, 'experiment_id': 'exp_20240619_200443', 'client_id': '1'}
[2024-06-19 20:05:25,778][root][INFO] - Added data to batch for client 1: {'round': 3, 'step_no': 153, 'loss': 0.31050801277160645, 'accuracy': 0.9120762944221497, 'l2_norm': 1.4888560771942139, 'computation_time': 0.038394927978515625, 'batch_time': 0.042486336424190085, 'rtc_check_time': 0.003028300001460593, 'experiment_id': 'exp_20240619_200443', 'client_id': '1'}
[2024-06-19 20:05:25,779][root][INFO] - Added data to batch for client 1: {'round': 3, 'step_no': 154, 'loss': 0.2315894067287445, 'accuracy': 0.9125000238418579, 'l2_norm': 1.5490093231201172, 'computation_time': 0.048786163330078125, 'batch_time': 0.053558991850877646, 'rtc_check_time': 0.0035649999990710057, 'experiment_id': 'exp_20240619_200443', 'client_id': '1'}
[2024-06-19 20:05:25,780][root][INFO] - Added data to batch for client 1: {'round': 3, 'step_no': 155, 'loss': 0.5510144829750061, 'accuracy': 0.912397563457489, 'l2_norm': 1.5622674226760864, 'computation_time': 0.046521902084350586, 'batch_time': 0.0492997684632428, 'rtc_check_time': 0.0015666999970562756, 'experiment_id': 'exp_20240619_200443', 'client_id': '1'}
[2024-06-19 20:05:25,781][root][INFO] - Added data to batch for client 1: {'round': 3, 'step_no': 156, 'loss': 0.3050113022327423, 'accuracy': 0.9107862710952759, 'l2_norm': 1.6591761112213135, 'computation_time': 0.04651689529418945, 'batch_time': 0.05360228678182466, 'rtc_check_time': 0.005757400002039503, 'experiment_id': 'exp_20240619_200443', 'client_id': '1'}
[2024-06-19 20:05:25,782][root][INFO] - Added data to batch for client 1: {'round': 3, 'step_no': 157, 'loss': 0.22425909340381622, 'accuracy': 0.9107142686843872, 'l2_norm': 1.676137924194336, 'computation_time': 0.03988981246948242, 'batch_time': 0.043916564420214854, 'rtc_check_time': 0.0029007010016357526, 'experiment_id': 'exp_20240619_200443', 'client_id': '1'}
[2024-06-19 20:05:25,783][root][INFO] - Added data to batch for client 1: {'round': 3, 'step_no': 158, 'loss': 0.3569507598876953, 'accuracy': 0.9111328125, 'l2_norm': 1.7053462266921997, 'computation_time': 0.04285311698913574, 'batch_time': 0.047557950543705374, 'rtc_check_time': 0.003524900006595999, 'experiment_id': 'exp_20240619_200443', 'client_id': '1'}
[2024-06-19 20:05:25,784][root][INFO] - Added data to batch for client 1: {'round': 3, 'step_no': 159, 'loss': 0.401538610458374, 'accuracy': 0.9105769395828247, 'l2_norm': 1.7296795845031738, 'computation_time': 0.04108405113220215, 'batch_time': 0.04504135378374485, 'rtc_check_time': 0.0026912999965134077, 'experiment_id': 'exp_20240619_200443', 'client_id': '1'}
[2024-06-19 20:05:25,785][root][INFO] - Added data to batch for client 1: {'round': 3, 'step_no': 160, 'loss': 0.1541566699743271, 'accuracy': 0.9109848737716675, 'l2_norm': 1.769408941268921, 'computation_time': 0.04492592811584473, 'batch_time': 0.047689380269730464, 'rtc_check_time': 0.0016013999993447214, 'experiment_id': 'exp_20240619_200443', 'client_id': '1'}
[2024-06-19 20:05:25,786][root][INFO] - Added data to batch for client 1: {'round': 3, 'step_no': 161, 'loss': 0.5652470588684082, 'accuracy': 0.909981369972229, 'l2_norm': 1.8023138046264648, 'computation_time': 0.04107785224914551, 'batch_time': 0.04540262169030029, 'rtc_check_time': 0.00300250000145752, 'experiment_id': 'exp_20240619_200443', 'client_id': '1'}
[2024-06-19 20:05:25,787][root][INFO] - Added data to batch for client 1: {'round': 3, 'step_no': 162, 'loss': 0.3574591279029846, 'accuracy': 0.9099264740943909, 'l2_norm': 1.845550537109375, 'computation_time': 0.04357600212097168, 'batch_time': 0.04778822931984905, 'rtc_check_time': 0.0030342009995365515, 'experiment_id': 'exp_20240619_200443', 'client_id': '1'}
[2024-06-19 20:05:25,788][root][INFO] - Added data to batch for client 1: {'round': 3, 'step_no': 163, 'loss': 0.1489073634147644, 'accuracy': 0.9098731875419617, 'l2_norm': 1.853292465209961, 'computation_time': 0.03892111778259277, 'batch_time': 0.04401637205592124, 'rtc_check_time': 0.0039394010018440895, 'experiment_id': 'exp_20240619_200443', 'client_id': '1'}
[2024-06-19 20:05:25,789][root][INFO] - Added data to batch for client 1: {'round': 3, 'step_no': 164, 'loss': 0.19103553891181946, 'accuracy': 0.9102678298950195, 'l2_norm': 1.9099915027618408, 'computation_time': 0.04034996032714844, 'batch_time': 0.04550071710400516, 'rtc_check_time': 0.0036728000050061382, 'experiment_id': 'exp_20240619_200443', 'client_id': '1'}
[2024-06-19 20:05:25,790][root][INFO] - Added data to batch for client 1: {'round': 3, 'step_no': 165, 'loss': 0.3255438804626465, 'accuracy': 0.9097711443901062, 'l2_norm': 2.0000808238983154, 'computation_time': 0.04064488410949707, 'batch_time': 0.046363756075152196, 'rtc_check_time': 0.004538699999102391, 'experiment_id': 'exp_20240619_200443', 'client_id': '1'}
[2024-06-19 20:05:25,791][root][INFO] - Added data to batch for client 1: {'round': 3, 'step_no': 166, 'loss': 0.09458424150943756, 'accuracy': 0.9105902910232544, 'l2_norm': 2.024595022201538, 'computation_time': 0.05046486854553223, 'batch_time': 0.05394290359981824, 'rtc_check_time': 0.0015807000017957762, 'experiment_id': 'exp_20240619_200443', 'client_id': '1'}
[2024-06-19 20:05:25,792][root][INFO] - Added data to batch for client 1: {'round': 3, 'step_no': 167, 'loss': 0.284900039434433, 'accuracy': 0.9101027250289917, 'l2_norm': 2.06650710105896, 'computation_time': 0.03914213180541992, 'batch_time': 0.04452088160905987, 'rtc_check_time': 0.004198100999929011, 'experiment_id': 'exp_20240619_200443', 'client_id': '1'}
[2024-06-19 20:05:25,793][root][INFO] - Added data to batch for client 1: {'round': 3, 'step_no': 168, 'loss': 0.36163848638534546, 'accuracy': 0.9096283912658691, 'l2_norm': 2.0662646293640137, 'computation_time': 0.05385112762451172, 'batch_time': 0.060894925612956285, 'rtc_check_time': 0.004977901000529528, 'experiment_id': 'exp_20240619_200443', 'client_id': '1'}
[2024-06-19 20:05:25,794][root][INFO] - Added data to batch for client 1: {'round': 3, 'step_no': 169, 'loss': 0.30559206008911133, 'accuracy': 0.909583330154419, 'l2_norm': 2.1151397228240967, 'computation_time': 0.05273604393005371, 'batch_time': 0.060455073456978425, 'rtc_check_time': 0.005700100999092683, 'experiment_id': 'exp_20240619_200443', 'client_id': '1'}
[2024-06-19 20:05:25,795][root][INFO] - Added data to batch for client 1: {'round': 3, 'step_no': 170, 'loss': 0.35642051696777344, 'accuracy': 0.9091283082962036, 'l2_norm': 2.1522862911224365, 'computation_time': 0.05556178092956543, 'batch_time': 0.06374129652249394, 'rtc_check_time': 0.006131499998446088, 'experiment_id': 'exp_20240619_200443', 'client_id': '1'}
[2024-06-19 20:05:25,796][root][INFO] - Added data to batch for client 1: {'round': 3, 'step_no': 171, 'loss': 0.1512151062488556, 'accuracy': 0.9094967246055603, 'l2_norm': 2.1713924407958984, 'computation_time': 0.04779815673828125, 'batch_time': 0.05913088440865977, 'rtc_check_time': 0.010200001001066994, 'experiment_id': 'exp_20240619_200443', 'client_id': '1'}
[2024-06-19 20:05:25,797][root][INFO] - Added data to batch for client 1: {'round': 3, 'step_no': 172, 'loss': 0.3083565831184387, 'accuracy': 0.9090544581413269, 'l2_norm': 2.2529616355895996, 'computation_time': 0.04360699653625488, 'batch_time': 0.04772614465764491, 'rtc_check_time': 0.0029292009930941276, 'experiment_id': 'exp_20240619_200443', 'client_id': '1'}
[2024-06-19 20:05:25,798][root][INFO] - Added data to batch for client 1: {'round': 3, 'step_no': 173, 'loss': 0.46224984526634216, 'accuracy': 0.9082278609275818, 'l2_norm': 2.2520904541015625, 'computation_time': 0.046774864196777344, 'batch_time': 0.05061450060020434, 'rtc_check_time': 0.0025846010030363686, 'experiment_id': 'exp_20240619_200443', 'client_id': '1'}
[2024-06-19 20:05:25,799][root][INFO] - Added data to batch for client 1: {'round': 3, 'step_no': 174, 'loss': 0.26334092020988464, 'accuracy': 0.9085937738418579, 'l2_norm': 2.313844680786133, 'computation_time': 0.040383100509643555, 'batch_time': 0.04433954546402674, 'rtc_check_time': 0.0026635009999154136, 'experiment_id': 'exp_20240619_200443', 'client_id': '1'}
[2024-06-19 20:05:25,800][root][INFO] - Added data to batch for client 1: {'round': 3, 'step_no': 175, 'loss': 0.25457286834716797, 'accuracy': 0.9085648059844971, 'l2_norm': 2.352510929107666, 'computation_time': 0.04201006889343262, 'batch_time': 0.04565138065663632, 'rtc_check_time': 0.002340499995625578, 'experiment_id': 'exp_20240619_200443', 'client_id': '1'}
[2024-06-19 20:05:25,801][root][INFO] - Added data to batch for client 1: {'round': 3, 'step_no': 176, 'loss': 0.3127821981906891, 'accuracy': 0.9089176654815674, 'l2_norm': 2.378307580947876, 'computation_time': 0.04363107681274414, 'batch_time': 0.046418463833106216, 'rtc_check_time': 0.0016425010035163723, 'experiment_id': 'exp_20240619_200443', 'client_id': '1'}
[2024-06-19 20:05:25,802][root][INFO] - Added data to batch for client 1: {'round': 3, 'step_no': 177, 'loss': 0.6557281613349915, 'accuracy': 0.9088855385780334, 'l2_norm': 2.40889835357666, 'computation_time': 0.043168067932128906, 'batch_time': 0.0469297014788026, 'rtc_check_time': 0.00258169999870006, 'experiment_id': 'exp_20240619_200443', 'client_id': '1'}
[2024-06-19 20:05:25,803][root][INFO] - Added data to batch for client 1: {'round': 3, 'step_no': 178, 'loss': 0.1535663902759552, 'accuracy': 0.9092261791229248, 'l2_norm': 2.4273476600646973, 'computation_time': 0.037960052490234375, 'batch_time': 0.043405711352534126, 'rtc_check_time': 0.00432080000609858, 'experiment_id': 'exp_20240619_200443', 'client_id': '1'}
[2024-06-19 20:05:25,804][root][INFO] - Added data to batch for client 1: {'round': 3, 'step_no': 179, 'loss': 0.23042981326580048, 'accuracy': 0.9091911911964417, 'l2_norm': 2.4893383979797363, 'computation_time': 0.04093003273010254, 'batch_time': 0.05477226968650939, 'rtc_check_time': 0.012590300997544546, 'experiment_id': 'exp_20240619_200443', 'client_id': '1'}
[2024-06-19 20:05:25,805][root][INFO] - Added data to batch for client 1: {'round': 3, 'step_no': 180, 'loss': 0.16204173862934113, 'accuracy': 0.9098837375640869, 'l2_norm': 2.530627489089966, 'computation_time': 0.04287004470825195, 'batch_time': 0.04561527834448498, 'rtc_check_time': 0.001523099999758415, 'experiment_id': 'exp_20240619_200443', 'client_id': '1'}
[2024-06-19 20:05:25,806][root][INFO] - Added data to batch for client 1: {'round': 3, 'step_no': 181, 'loss': 0.17992496490478516, 'accuracy': 0.9098419547080994, 'l2_norm': 2.5615336894989014, 'computation_time': 0.0405430793762207, 'batch_time': 0.04372678082290804, 'rtc_check_time': 0.001953699997102376, 'experiment_id': 'exp_20240619_200443', 'client_id': '1'}
[2024-06-19 20:05:25,807][root][INFO] - Added data to batch for client 1: {'round': 3, 'step_no': 182, 'loss': 0.39419373869895935, 'accuracy': 0.91015625, 'l2_norm': 2.61436128616333, 'computation_time': 0.03937983512878418, 'batch_time': 0.043197872291784734, 'rtc_check_time': 0.0027380009996704757, 'experiment_id': 'exp_20240619_200443', 'client_id': '1'}
[2024-06-19 20:05:25,808][root][INFO] - Added data to batch for client 1: {'round': 3, 'step_no': 183, 'loss': 0.14421407878398895, 'accuracy': 0.9104635119438171, 'l2_norm': 2.662104845046997, 'computation_time': 0.03952479362487793, 'batch_time': 0.04384024827595567, 'rtc_check_time': 0.0030391999971470796, 'experiment_id': 'exp_20240619_200443', 'client_id': '1'}
[2024-06-19 20:05:25,809][root][INFO] - Added data to batch for client 1: {'round': 3, 'step_no': 184, 'loss': 0.25204503536224365, 'accuracy': 0.9104166626930237, 'l2_norm': 2.6953704357147217, 'computation_time': 0.04307723045349121, 'batch_time': 0.04788500464928802, 'rtc_check_time': 0.003639999995357357, 'experiment_id': 'exp_20240619_200443', 'client_id': '1'}
[2024-06-19 20:05:25,810][root][INFO] - Added data to batch for client 1: {'round': 3, 'step_no': 185, 'loss': 0.23932605981826782, 'accuracy': 0.9107142686843872, 'l2_norm': 2.7562334537506104, 'computation_time': 0.041481971740722656, 'batch_time': 0.045383220312942285, 'rtc_check_time': 0.0025003010014188476, 'experiment_id': 'exp_20240619_200443', 'client_id': '1'}
[2024-06-19 20:05:25,811][root][INFO] - Added data to batch for client 1: {'round': 3, 'step_no': 186, 'loss': 0.25215888023376465, 'accuracy': 0.9113451242446899, 'l2_norm': 2.766578435897827, 'computation_time': 0.04377913475036621, 'batch_time': 0.048235865564493, 'rtc_check_time': 0.0031707009984529577, 'experiment_id': 'exp_20240619_200443', 'client_id': '1'}
[2024-06-19 20:05:25,812][root][INFO] - Added data to batch for client 1: {'round': 3, 'step_no': 187, 'loss': 0.21588240563869476, 'accuracy': 0.9112903475761414, 'l2_norm': 2.8296687602996826, 'computation_time': 0.039320945739746094, 'batch_time': 0.04996201564790681, 'rtc_check_time': 0.00957200099946931, 'experiment_id': 'exp_20240619_200443', 'client_id': '1'}
[2024-06-19 20:05:25,813][root][INFO] - Added data to batch for client 1: {'round': 3, 'step_no': 188, 'loss': 0.23940522968769073, 'accuracy': 0.9109042286872864, 'l2_norm': 2.8710930347442627, 'computation_time': 0.04696297645568848, 'batch_time': 0.05013164898264222, 'rtc_check_time': 0.001991600001929328, 'experiment_id': 'exp_20240619_200443', 'client_id': '1'}
[2024-06-19 20:05:25,814][root][INFO] - Added data to batch for client 1: {'round': 3, 'step_no': 189, 'loss': 0.2838744521141052, 'accuracy': 0.9105263352394104, 'l2_norm': 2.869960069656372, 'computation_time': 0.0455019474029541, 'batch_time': 0.048630254437739495, 'rtc_check_time': 0.0019293000004836358, 'experiment_id': 'exp_20240619_200443', 'client_id': '1'}
[2024-06-19 20:05:25,815][root][INFO] - Added data to batch for client 1: {'round': 3, 'step_no': 190, 'loss': 0.21005216240882874, 'accuracy': 0.9108073115348816, 'l2_norm': 2.9216644763946533, 'computation_time': 0.04404807090759277, 'batch_time': 0.04722883141221246, 'rtc_check_time': 0.0018089000004692934, 'experiment_id': 'exp_20240619_200443', 'client_id': '1'}
[2024-06-19 20:05:25,816][root][INFO] - Added data to batch for client 1: {'round': 3, 'step_no': 191, 'loss': 0.2947819232940674, 'accuracy': 0.9104381203651428, 'l2_norm': 2.947517156600952, 'computation_time': 0.04142498970031738, 'batch_time': 0.04518753365846351, 'rtc_check_time': 0.002677501004654914, 'experiment_id': 'exp_20240619_200443', 'client_id': '1'}
[2024-06-19 20:05:25,817][root][INFO] - Added data to batch for client 1: {'round': 3, 'step_no': 192, 'loss': 0.15859916806221008, 'accuracy': 0.9110331535339355, 'l2_norm': 2.9699814319610596, 'computation_time': 0.043894052505493164, 'batch_time': 0.04637517982337158, 'rtc_check_time': 0.001309300001594238, 'experiment_id': 'exp_20240619_200443', 'client_id': '1'}
[2024-06-19 20:05:25,818][root][INFO] - Added data to batch for client 1: {'round': 3, 'step_no': 193, 'loss': 0.19750341773033142, 'accuracy': 0.9113004803657532, 'l2_norm': 2.993011951446533, 'computation_time': 0.04062604904174805, 'batch_time': 0.04453989299508976, 'rtc_check_time': 0.002620899998873938, 'experiment_id': 'exp_20240619_200443', 'client_id': '1'}
[2024-06-19 20:05:25,819][root][INFO] - Added data to batch for client 1: {'round': 3, 'step_no': 194, 'loss': 0.12305723875761032, 'accuracy': 0.9118750095367432, 'l2_norm': 3.0211403369903564, 'computation_time': 0.041749000549316406, 'batch_time': 0.046687608140928205, 'rtc_check_time': 0.0037426999988383614, 'experiment_id': 'exp_20240619_200443', 'client_id': '1'}
[2024-06-19 20:05:25,820][root][INFO] - Added data to batch for client 1: {'round': 3, 'step_no': 195, 'loss': 0.23457865417003632, 'accuracy': 0.9118192791938782, 'l2_norm': 3.057856321334839, 'computation_time': 0.039923906326293945, 'batch_time': 0.04277786824241048, 'rtc_check_time': 0.001618000002054032, 'experiment_id': 'exp_20240619_200443', 'client_id': '1'}
[2024-06-19 20:05:25,821][root][INFO] - Added data to batch for client 1: {'round': 3, 'step_no': 196, 'loss': 0.14208050072193146, 'accuracy': 0.9123774766921997, 'l2_norm': 3.0888240337371826, 'computation_time': 0.04452705383300781, 'batch_time': 0.05073260590870632, 'rtc_check_time': 0.004274600003554951, 'experiment_id': 'exp_20240619_200443', 'client_id': '1'}
[2024-06-19 20:05:25,822][root][INFO] - Added data to batch for client 1: {'round': 3, 'step_no': 197, 'loss': 0.48484688997268677, 'accuracy': 0.9117111563682556, 'l2_norm': 3.1886167526245117, 'computation_time': 0.04133105278015137, 'batch_time': 0.046802867043879814, 'rtc_check_time': 0.004264700997737236, 'experiment_id': 'exp_20240619_200443', 'client_id': '1'}
[2024-06-19 20:05:25,823][root][INFO] - Added data to batch for client 1: {'round': 3, 'step_no': 198, 'loss': 0.20809701085090637, 'accuracy': 0.9119591116905212, 'l2_norm': 3.201561450958252, 'computation_time': 0.04129600524902344, 'batch_time': 0.0450164715439314, 'rtc_check_time': 0.002551500001573004, 'experiment_id': 'exp_20240619_200443', 'client_id': '1'}
[2024-06-19 20:05:25,824][root][INFO] - Added data to batch for client 1: {'round': 3, 'step_no': 199, 'loss': 0.1936381608247757, 'accuracy': 0.9122023582458496, 'l2_norm': 3.2288997173309326, 'computation_time': 0.03999900817871094, 'batch_time': 0.04468009131960571, 'rtc_check_time': 0.0035629000049084425, 'experiment_id': 'exp_20240619_200443', 'client_id': '1'}
[2024-06-19 20:05:25,825][root][INFO] - Added data to batch for client 1: {'round': 3, 'step_no': 200, 'loss': 0.1766597032546997, 'accuracy': 0.9127358198165894, 'l2_norm': 3.2574501037597656, 'computation_time': 0.040788888931274414, 'batch_time': 0.04430955204588827, 'rtc_check_time': 0.0022486999951070175, 'experiment_id': 'exp_20240619_200443', 'client_id': '1'}
[2024-06-19 20:05:25,826][root][INFO] - Added data to batch for client 1: {'round': 3, 'step_no': 201, 'loss': 0.2695072293281555, 'accuracy': 0.9129672646522522, 'l2_norm': 3.37037992477417, 'computation_time': 0.03945517539978027, 'batch_time': 0.04305546812247485, 'rtc_check_time': 0.0024926000041887164, 'experiment_id': 'exp_20240619_200443', 'client_id': '1'}
[2024-06-19 20:05:25,827][root][INFO] - Added data to batch for client 1: {'round': 3, 'step_no': 202, 'loss': 0.10564729571342468, 'accuracy': 0.9131944179534912, 'l2_norm': 3.3931384086608887, 'computation_time': 0.03961992263793945, 'batch_time': 0.042856551364820916, 'rtc_check_time': 0.002200700000685174, 'experiment_id': 'exp_20240619_200443', 'client_id': '1'}
[2024-06-19 20:05:25,828][root][INFO] - Added data to batch for client 1: {'round': 3, 'step_no': 203, 'loss': 0.08190187811851501, 'accuracy': 0.91399085521698, 'l2_norm': 3.415067672729492, 'computation_time': 0.04329514503479004, 'batch_time': 0.04681426173920045, 'rtc_check_time': 0.002288399999088142, 'experiment_id': 'exp_20240619_200443', 'client_id': '1'}
[2024-06-19 20:05:25,829][root][INFO] - Added data to batch for client 1: {'round': 3, 'step_no': 204, 'loss': 0.32938361167907715, 'accuracy': 0.9136363863945007, 'l2_norm': 3.507760763168335, 'computation_time': 0.04186296463012695, 'batch_time': 0.04570702710043406, 'rtc_check_time': 0.0026111999977729283, 'experiment_id': 'exp_20240619_200443', 'client_id': '1'}
[2024-06-19 20:05:25,830][root][INFO] - Added data to batch for client 1: {'round': 3, 'step_no': 205, 'loss': 0.10306526720523834, 'accuracy': 0.9141328930854797, 'l2_norm': 3.553887367248535, 'computation_time': 0.041689157485961914, 'batch_time': 0.04435599270800594, 'rtc_check_time': 0.0014961999986553565, 'experiment_id': 'exp_20240619_200443', 'client_id': '1'}
[2024-06-19 20:05:25,831][root][INFO] - Added data to batch for client 1: {'round': 3, 'step_no': 206, 'loss': 0.3462548553943634, 'accuracy': 0.9140625, 'l2_norm': 3.5971546173095703, 'computation_time': 0.04267716407775879, 'batch_time': 0.04696135270933155, 'rtc_check_time': 0.003239199999370612, 'experiment_id': 'exp_20240619_200443', 'client_id': '1'}
[2024-06-19 20:05:25,832][root][INFO] - Added data to batch for client 1: {'round': 3, 'step_no': 207, 'loss': 0.22282642126083374, 'accuracy': 0.9142699241638184, 'l2_norm': 3.6681365966796875, 'computation_time': 0.04090118408203125, 'batch_time': 0.04419832256826339, 'rtc_check_time': 0.0021873000005143695, 'experiment_id': 'exp_20240619_200443', 'client_id': '1'}
[2024-06-19 20:05:25,833][root][INFO] - Added data to batch for client 1: {'round': 3, 'step_no': 208, 'loss': 0.08734076470136642, 'accuracy': 0.9147478342056274, 'l2_norm': 3.6913557052612305, 'computation_time': 0.04302716255187988, 'batch_time': 0.04558602643373888, 'rtc_check_time': 0.001461899999412708, 'experiment_id': 'exp_20240619_200443', 'client_id': '1'}
[2024-06-19 20:05:25,834][root][INFO] - Added data to batch for client 1: {'round': 3, 'step_no': 209, 'loss': 0.2872002124786377, 'accuracy': 0.914402186870575, 'l2_norm': 3.771029233932495, 'computation_time': 0.04154610633850098, 'batch_time': 0.04408179802703671, 'rtc_check_time': 0.0013795999984722584, 'experiment_id': 'exp_20240619_200443', 'client_id': '1'}
[2024-06-19 20:05:25,835][root][INFO] - Added data to batch for client 1: {'round': 3, 'step_no': 210, 'loss': 0.2056160718202591, 'accuracy': 0.9143319129943848, 'l2_norm': 3.8629846572875977, 'computation_time': 0.04174995422363281, 'batch_time': 0.04554692557576345, 'rtc_check_time': 0.0023090009999577887, 'experiment_id': 'exp_20240619_200443', 'client_id': '1'}
[2024-06-19 20:05:25,836][root][INFO] - Added data to batch for client 1: {'round': 3, 'step_no': 211, 'loss': 0.13802212476730347, 'accuracy': 0.9145299196243286, 'l2_norm': 3.8961572647094727, 'computation_time': 0.04193115234375, 'batch_time': 0.0548165916261496, 'rtc_check_time': 0.011603701001149602, 'experiment_id': 'exp_20240619_200443', 'client_id': '1'}
[2024-06-19 20:05:25,837][root][INFO] - Added data to batch for client 1: {'round': 3, 'step_no': 212, 'loss': 0.029591672122478485, 'accuracy': 0.9152542352676392, 'l2_norm': 3.8999550342559814, 'computation_time': 0.05906796455383301, 'batch_time': 0.06339902088802774, 'rtc_check_time': 0.0022529999987455085, 'experiment_id': 'exp_20240619_200443', 'client_id': '1'}
[2024-06-19 20:05:25,838][root][INFO] - Added data to batch for client 1: {'round': 3, 'step_no': 213, 'loss': 0.207113116979599, 'accuracy': 0.9154411554336548, 'l2_norm': 3.964000940322876, 'computation_time': 0.045552968978881836, 'batch_time': 0.06218903792614583, 'rtc_check_time': 0.015428002006956376, 'experiment_id': 'exp_20240619_200443', 'client_id': '1'}
[2024-06-19 20:05:25,839][root][INFO] - Added data to batch for client 1: {'round': 3, 'step_no': 214, 'loss': 0.22701498866081238, 'accuracy': 0.9153645634651184, 'l2_norm': 4.028435230255127, 'computation_time': 0.04823708534240723, 'batch_time': 0.05296913873462472, 'rtc_check_time': 0.0031871009996393695, 'experiment_id': 'exp_20240619_200443', 'client_id': '1'}
[2024-06-19 20:05:25,840][root][INFO] - Added data to batch for client 1: {'round': 3, 'step_no': 215, 'loss': 0.699760377407074, 'accuracy': 0.9145144820213318, 'l2_norm': 4.059844493865967, 'computation_time': 0.05938911437988281, 'batch_time': 0.06297815102152526, 'rtc_check_time': 0.0017432000022381544, 'experiment_id': 'exp_20240619_200443', 'client_id': '1'}
[2024-06-19 20:05:25,841][root][INFO] - Added data to batch for client 1: {'round': 3, 'step_no': 216, 'loss': 0.43785709142684937, 'accuracy': 0.9141905903816223, 'l2_norm': 4.088607311248779, 'computation_time': 0.06285285949707031, 'batch_time': 0.06636272470495896, 'rtc_check_time': 0.0017798999979277141, 'experiment_id': 'exp_20240619_200443', 'client_id': '1'}
[2024-06-19 20:05:25,842][root][INFO] - Added data to batch for client 1: {'round': 3, 'step_no': 217, 'loss': 0.11045759171247482, 'accuracy': 0.9148882031440735, 'l2_norm': 4.099438190460205, 'computation_time': 0.04270601272583008, 'batch_time': 0.04673373072728282, 'rtc_check_time': 0.002718800002185162, 'experiment_id': 'exp_20240619_200443', 'client_id': '1'}
[2024-06-19 20:05:25,843][root][INFO] - Added data to batch for client 1: {'round': 3, 'step_no': 218, 'loss': 0.2031623274087906, 'accuracy': 0.914818525314331, 'l2_norm': 4.161247730255127, 'computation_time': 0.043440818786621094, 'batch_time': 0.046009118916117586, 'rtc_check_time': 0.0013681010022992268, 'experiment_id': 'exp_20240619_200443', 'client_id': '1'}
[2024-06-19 20:05:25,844][root][INFO] - Added data to batch for client 1: {'round': 3, 'step_no': 219, 'loss': 0.17091146111488342, 'accuracy': 0.9150000214576721, 'l2_norm': 4.190967082977295, 'computation_time': 0.0387570858001709, 'batch_time': 0.04118097443279112, 'rtc_check_time': 0.0013789000004180707, 'experiment_id': 'exp_20240619_200443', 'client_id': '1'}
[2024-06-19 20:05:25,845][root][INFO] - Added data to batch for client 1: {'round': 3, 'step_no': 220, 'loss': 0.11535266041755676, 'accuracy': 0.9154266119003296, 'l2_norm': 4.226379871368408, 'computation_time': 0.04265785217285156, 'batch_time': 0.04550313675281359, 'rtc_check_time': 0.0015161010014708154, 'experiment_id': 'exp_20240619_200443', 'client_id': '1'}
[2024-06-19 20:05:25,846][root][INFO] - Added data to batch for client 1: {'round': 3, 'step_no': 221, 'loss': 0.04570348560810089, 'accuracy': 0.9160925149917603, 'l2_norm': 4.245977878570557, 'computation_time': 0.04093599319458008, 'batch_time': 0.04345403112529311, 'rtc_check_time': 0.0014051000034669414, 'experiment_id': 'exp_20240619_200443', 'client_id': '1'}
[2024-06-19 20:05:25,847][root][INFO] - Added data to batch for client 1: {'round': 3, 'step_no': 222, 'loss': 0.19125287234783173, 'accuracy': 0.916259765625, 'l2_norm': 4.313093662261963, 'computation_time': 0.04057812690734863, 'batch_time': 0.04484663605398964, 'rtc_check_time': 0.002867799994419329, 'experiment_id': 'exp_20240619_200443', 'client_id': '1'}
[2024-06-19 20:05:25,848][root][INFO] - Added data to batch for client 1: {'round': 3, 'step_no': 223, 'loss': 0.20674534142017365, 'accuracy': 0.9159399271011353, 'l2_norm': 4.365445613861084, 'computation_time': 0.03913307189941406, 'batch_time': 0.05299002319952706, 'rtc_check_time': 0.012770000997988973, 'experiment_id': 'exp_20240619_200443', 'client_id': '1'}
[2024-06-19 20:05:25,849][root][INFO] - Added data to batch for client 1: {'round': 3, 'step_no': 224, 'loss': 0.3098043203353882, 'accuracy': 0.9156249761581421, 'l2_norm': 4.462978363037109, 'computation_time': 0.042604923248291016, 'batch_time': 0.04891763261548476, 'rtc_check_time': 0.004480701005377341, 'experiment_id': 'exp_20240619_200443', 'client_id': '1'}
[2024-06-19 20:05:25,850][root][INFO] - Added data to batch for client 1: {'round': 3, 'step_no': 225, 'loss': 0.5229729413986206, 'accuracy': 0.9148377776145935, 'l2_norm': 4.464389324188232, 'computation_time': 0.04099011421203613, 'batch_time': 0.04485931698582135, 'rtc_check_time': 0.002817300002789125, 'experiment_id': 'exp_20240619_200443', 'client_id': '1'}
[2024-06-19 20:05:25,851][root][INFO] - Added data to batch for client 1: {'round': 3, 'step_no': 226, 'loss': 0.12174265831708908, 'accuracy': 0.9152461886405945, 'l2_norm': 4.498568058013916, 'computation_time': 0.042816877365112305, 'batch_time': 0.048698079262976535, 'rtc_check_time': 0.004648101006750949, 'experiment_id': 'exp_20240619_200443', 'client_id': '1'}
[2024-06-19 20:05:25,852][root][INFO] - Added data to batch for client 1: {'round': 3, 'step_no': 227, 'loss': 0.1516638547182083, 'accuracy': 0.9154135584831238, 'l2_norm': 4.535406589508057, 'computation_time': 0.04039502143859863, 'batch_time': 0.04356231347628636, 'rtc_check_time': 0.0020503009945969097, 'experiment_id': 'exp_20240619_200443', 'client_id': '1'}
[2024-06-19 20:05:25,853][root][INFO] - Added data to batch for client 1: {'round': 3, 'step_no': 228, 'loss': 0.107502281665802, 'accuracy': 0.9158115386962891, 'l2_norm': 4.555188179016113, 'computation_time': 0.04098701477050781, 'batch_time': 0.044966963097976986, 'rtc_check_time': 0.0027539999937289394, 'experiment_id': 'exp_20240619_200443', 'client_id': '1'}
[2024-06-19 20:05:25,854][root][INFO] - Added data to batch for client 1: {'round': 3, 'step_no': 229, 'loss': 0.1295282542705536, 'accuracy': 0.9162036776542664, 'l2_norm': 4.581747531890869, 'computation_time': 0.0420989990234375, 'batch_time': 0.04631463124678703, 'rtc_check_time': 0.0028575999967870302, 'experiment_id': 'exp_20240619_200443', 'client_id': '1'}
[2024-06-19 20:05:25,855][root][INFO] - Added data to batch for client 1: {'round': 3, 'step_no': 230, 'loss': 0.29799574613571167, 'accuracy': 0.9165900945663452, 'l2_norm': 4.607761383056641, 'computation_time': 0.045217037200927734, 'batch_time': 0.049681416756357066, 'rtc_check_time': 0.0028994000022066757, 'experiment_id': 'exp_20240619_200443', 'client_id': '1'}
[2024-06-19 20:05:25,856][root][INFO] - Added data to batch for client 1: {'round': 3, 'step_no': 231, 'loss': 0.24025563895702362, 'accuracy': 0.9165145754814148, 'l2_norm': 4.664463520050049, 'computation_time': 0.04114699363708496, 'batch_time': 0.04376690681965556, 'rtc_check_time': 0.0014550000050803646, 'experiment_id': 'exp_20240619_200443', 'client_id': '1'}
[2024-06-19 20:05:25,857][root][INFO] - Added data to batch for client 1: {'round': 3, 'step_no': 232, 'loss': 0.5334781408309937, 'accuracy': 0.9159873127937317, 'l2_norm': 4.736056327819824, 'computation_time': 0.041520118713378906, 'batch_time': 0.04665928042231826, 'rtc_check_time': 0.003939201000321191, 'experiment_id': 'exp_20240619_200443', 'client_id': '1'}
[2024-06-19 20:05:25,857][root][INFO] - Added batch data list for client 1. New Data Added: 138
[2024-06-19 20:05:25,859][root][INFO] - Batch data saved to /home/psklavos/fl/geom_aio/csv_logs/exp_20240619_200443/clients/client_1/batch.csv
[2024-06-19 20:05:25,859][root][INFO] - Appended data to last row of column distributed_loss in server data for client None
[2024-06-19 20:05:25,859][root][INFO] - Appended data to last row of column distributed_acc in server data for client None
[2024-06-19 20:05:25,860][root][INFO] - Appended {'distributed_loss': 0.18311627705891928, 'distributed_acc': 0.9441666603088379} to the last row of server data
[2024-06-19 20:05:25,860][root][INFO] - Server data saved to /home/psklavos/fl/geom_aio/csv_logs/exp_20240619_200443/server/server.csv
[2024-06-19 20:05:30,413][flwr][DEBUG] - fit_round 4: strategy sampled 3 clients (out of 3)
[2024-06-19 20:05:41,078][flwr][DEBUG] - fit_round 4 received 3 results and 0 failures
[2024-06-19 20:05:41,085][root][INFO] - Added data to server for client None: {'round': 4, 'average_norm': 5.024029890696208, 'round_time': 12.664375781029907, 'average_downlink_time': 0.6630192413333333, 'average_rtc_check_time': 0.7415547699614157, 'average_uplink_time': 0.9784004816666667, 'average_computation_time': 9.250356753667196, 'average_communication_time': 2.3829744929614156, 'average_fit_time': 10.64251438776652, 'average_throughput': 2.463731882328537, 'dropouts': 0, 'experiment_id': 'exp_20240619_200443'}
[2024-06-19 20:05:41,085][root][INFO] - Added server data: {'round': 4, 'average_norm': 5.024029890696208, 'round_time': 12.664375781029907, 'average_downlink_time': 0.6630192413333333, 'average_rtc_check_time': 0.7415547699614157, 'average_uplink_time': 0.9784004816666667, 'average_computation_time': 9.250356753667196, 'average_communication_time': 2.3829744929614156, 'average_fit_time': 10.64251438776652, 'average_throughput': 2.463731882328537, 'dropouts': 0, 'experiment_id': 'exp_20240619_200443'}
[2024-06-19 20:05:41,152][utils.model][INFO] - LeNet model built
[2024-06-19 20:05:41,394][utils.model][INFO] - Size of serialized model: 279.0341796875 kbytes
[2024-06-19 20:05:41,452][utils.model][INFO] - Step 1/40 - val_loss: 0.0605 - val_accuracy: 0.9883
[2024-06-19 20:05:41,472][utils.model][INFO] - Step 2/40 - val_loss: 0.1038 - val_accuracy: 0.9707
[2024-06-19 20:05:41,491][utils.model][INFO] - Step 3/40 - val_loss: 0.1207 - val_accuracy: 0.9635
[2024-06-19 20:05:41,511][utils.model][INFO] - Step 4/40 - val_loss: 0.1199 - val_accuracy: 0.9609
[2024-06-19 20:05:41,533][utils.model][INFO] - Step 5/40 - val_loss: 0.1300 - val_accuracy: 0.9594
[2024-06-19 20:05:41,553][utils.model][INFO] - Step 6/40 - val_loss: 0.1384 - val_accuracy: 0.9544
[2024-06-19 20:05:41,573][utils.model][INFO] - Step 7/40 - val_loss: 0.1469 - val_accuracy: 0.9520
[2024-06-19 20:05:41,598][utils.model][INFO] - Step 8/40 - val_loss: 0.1478 - val_accuracy: 0.9517
[2024-06-19 20:05:41,622][utils.model][INFO] - Step 9/40 - val_loss: 0.1532 - val_accuracy: 0.9501
[2024-06-19 20:05:41,642][utils.model][INFO] - Step 10/40 - val_loss: 0.1521 - val_accuracy: 0.9496
[2024-06-19 20:05:41,662][utils.model][INFO] - Step 11/40 - val_loss: 0.1477 - val_accuracy: 0.9524
[2024-06-19 20:05:41,683][utils.model][INFO] - Step 12/40 - val_loss: 0.1462 - val_accuracy: 0.9531
[2024-06-19 20:05:41,703][utils.model][INFO] - Step 13/40 - val_loss: 0.1452 - val_accuracy: 0.9540
[2024-06-19 20:05:41,726][utils.model][INFO] - Step 14/40 - val_loss: 0.1456 - val_accuracy: 0.9540
[2024-06-19 20:05:41,753][utils.model][INFO] - Step 15/40 - val_loss: 0.1495 - val_accuracy: 0.9523
[2024-06-19 20:05:41,781][utils.model][INFO] - Step 16/40 - val_loss: 0.1505 - val_accuracy: 0.9529
[2024-06-19 20:05:41,803][utils.model][INFO] - Step 17/40 - val_loss: 0.1511 - val_accuracy: 0.9517
[2024-06-19 20:05:41,820][utils.model][INFO] - Step 18/40 - val_loss: 0.1495 - val_accuracy: 0.9516
[2024-06-19 20:05:41,840][utils.model][INFO] - Step 19/40 - val_loss: 0.1477 - val_accuracy: 0.9521
[2024-06-19 20:05:41,861][utils.model][INFO] - Step 20/40 - val_loss: 0.1462 - val_accuracy: 0.9529
[2024-06-19 20:05:41,881][utils.model][INFO] - Step 21/40 - val_loss: 0.1414 - val_accuracy: 0.9546
[2024-06-19 20:05:41,899][utils.model][INFO] - Step 22/40 - val_loss: 0.1366 - val_accuracy: 0.9563
[2024-06-19 20:05:41,918][utils.model][INFO] - Step 23/40 - val_loss: 0.1360 - val_accuracy: 0.9567
[2024-06-19 20:05:41,937][utils.model][INFO] - Step 24/40 - val_loss: 0.1392 - val_accuracy: 0.9556
[2024-06-19 20:05:41,954][utils.model][INFO] - Step 25/40 - val_loss: 0.1362 - val_accuracy: 0.9567
[2024-06-19 20:05:41,972][utils.model][INFO] - Step 26/40 - val_loss: 0.1366 - val_accuracy: 0.9570
[2024-06-19 20:05:41,992][utils.model][INFO] - Step 27/40 - val_loss: 0.1333 - val_accuracy: 0.9580
[2024-06-19 20:05:42,011][utils.model][INFO] - Step 28/40 - val_loss: 0.1297 - val_accuracy: 0.9588
[2024-06-19 20:05:42,032][utils.model][INFO] - Step 29/40 - val_loss: 0.1269 - val_accuracy: 0.9597
[2024-06-19 20:05:42,050][utils.model][INFO] - Step 30/40 - val_loss: 0.1246 - val_accuracy: 0.9605
[2024-06-19 20:05:42,070][utils.model][INFO] - Step 31/40 - val_loss: 0.1229 - val_accuracy: 0.9609
[2024-06-19 20:05:42,089][utils.model][INFO] - Step 32/40 - val_loss: 0.1207 - val_accuracy: 0.9615
[2024-06-19 20:05:42,109][utils.model][INFO] - Step 33/40 - val_loss: 0.1184 - val_accuracy: 0.9621
[2024-06-19 20:05:42,127][utils.model][INFO] - Step 34/40 - val_loss: 0.1158 - val_accuracy: 0.9631
[2024-06-19 20:05:42,147][utils.model][INFO] - Step 35/40 - val_loss: 0.1127 - val_accuracy: 0.9642
[2024-06-19 20:05:42,168][utils.model][INFO] - Step 36/40 - val_loss: 0.1115 - val_accuracy: 0.9643
[2024-06-19 20:05:42,187][utils.model][INFO] - Step 37/40 - val_loss: 0.1092 - val_accuracy: 0.9651
[2024-06-19 20:05:42,204][utils.model][INFO] - Step 38/40 - val_loss: 0.1088 - val_accuracy: 0.9650
[2024-06-19 20:05:42,223][utils.model][INFO] - Step 39/40 - val_loss: 0.1113 - val_accuracy: 0.9639
[2024-06-19 20:05:42,232][utils.model][INFO] - Step 40/40 - val_loss: 0.1089 - val_accuracy: 0.9640
[2024-06-19 20:05:42,234][utils.model][INFO] - Evaluation Results - Val Loss: 0.1089, Val Accuracy: 0.9640 in 40 steps
[2024-06-19 20:05:42,236][root][INFO] - Appended data to last row of column centralized_loss in server data for client None
[2024-06-19 20:05:42,236][root][INFO] - Appended data to last row of column centralized_acc in server data for client None
[2024-06-19 20:05:42,236][root][INFO] - Appended {'centralized_loss': 0.10886798, 'centralized_acc': 0.964} to the last row of server data
[2024-06-19 20:05:42,236][flwr][INFO] - fit progress: (4, 0.10886798, {'accuracy': 0.964}, 49.202232057999936)
[2024-06-19 20:05:42,236][flwr][DEBUG] - evaluate_round 4: strategy sampled 3 clients (out of 3)
[2024-06-19 20:05:42,794][flwr][DEBUG] - evaluate_round 4 received 3 results and 0 failures
[2024-06-19 20:05:42,796][root][INFO] - Added data to epoch for client 0: {'round': 4, 'epoch_steps': 189, 'total_steps': 421, 'l2_norm': 4.998605251312256, 'total_computation_time': 9.316598415374756, 'total_rtc_check_time': 0.6642100959579693, 'total_duration': 10.643315076828003, 'val_loss': 0.11423198133707047, 'val_accuracy': 0.9635000228881836, 'experiment_id': 'exp_20240619_200443', 'client_id': '0'}
[2024-06-19 20:05:42,796][root][INFO] - Added epoch data for client 0: {'round': 4, 'epoch_steps': 189, 'total_steps': 421, 'l2_norm': 4.998605251312256, 'total_computation_time': 9.316598415374756, 'total_rtc_check_time': 0.6642100959579693, 'total_duration': 10.643315076828003, 'val_loss': 0.11423198133707047, 'val_accuracy': 0.9635000228881836, 'experiment_id': 'exp_20240619_200443', 'client_id': '0'}
[2024-06-19 20:05:42,797][root][INFO] - Epoch data saved to /home/psklavos/fl/geom_aio/csv_logs/exp_20240619_200443/clients/client_0/epoch.csv
[2024-06-19 20:05:42,799][root][INFO] - Added data to batch for client 0: {'round': 4, 'step_no': 233, 'loss': 0.25280290842056274, 'accuracy': 0.90625, 'l2_norm': 0.037616703659296036, 'computation_time': 0.055587053298950195, 'batch_time': 0.06893439596751705, 'rtc_check_time': 0.011737302003894001, 'experiment_id': 'exp_20240619_200443', 'client_id': '0'}
[2024-06-19 20:05:42,800][root][INFO] - Added data to batch for client 0: {'round': 4, 'step_no': 234, 'loss': 0.2457868456840515, 'accuracy': 0.90625, 'l2_norm': 0.05613841861486435, 'computation_time': 0.0608670711517334, 'batch_time': 0.06497493965434842, 'rtc_check_time': 0.002091800997732207, 'experiment_id': 'exp_20240619_200443', 'client_id': '0'}
[2024-06-19 20:05:42,801][root][INFO] - Added data to batch for client 0: {'round': 4, 'step_no': 235, 'loss': 0.11096563935279846, 'accuracy': 0.9270833134651184, 'l2_norm': 0.058804433792829514, 'computation_time': 0.048925161361694336, 'batch_time': 0.052770617927308194, 'rtc_check_time': 0.0024035009992076084, 'experiment_id': 'exp_20240619_200443', 'client_id': '0'}
[2024-06-19 20:05:42,803][root][INFO] - Added data to batch for client 0: {'round': 4, 'step_no': 236, 'loss': 0.1724456548690796, 'accuracy': 0.9296875, 'l2_norm': 0.10786204785108566, 'computation_time': 0.04810690879821777, 'batch_time': 0.06365027677384205, 'rtc_check_time': 0.013988402002723888, 'experiment_id': 'exp_20240619_200443', 'client_id': '0'}
[2024-06-19 20:05:42,804][root][INFO] - Added data to batch for client 0: {'round': 4, 'step_no': 237, 'loss': 0.5303603410720825, 'accuracy': 0.9125000238418579, 'l2_norm': 0.13020209968090057, 'computation_time': 0.05208110809326172, 'batch_time': 0.05526946377358399, 'rtc_check_time': 0.0019604999979492277, 'experiment_id': 'exp_20240619_200443', 'client_id': '0'}
[2024-06-19 20:05:42,805][root][INFO] - Added data to batch for client 0: {'round': 4, 'step_no': 238, 'loss': 0.09005780518054962, 'accuracy': 0.9270833134651184, 'l2_norm': 0.13371263444423676, 'computation_time': 0.049707889556884766, 'batch_time': 0.053096574993105605, 'rtc_check_time': 0.0019844000053126365, 'experiment_id': 'exp_20240619_200443', 'client_id': '0'}
[2024-06-19 20:05:42,806][root][INFO] - Added data to batch for client 0: {'round': 4, 'step_no': 239, 'loss': 0.3214876353740692, 'accuracy': 0.9241071343421936, 'l2_norm': 0.19320863485336304, 'computation_time': 0.049337148666381836, 'batch_time': 0.05332245417230297, 'rtc_check_time': 0.0024362999974982813, 'experiment_id': 'exp_20240619_200443', 'client_id': '0'}
[2024-06-19 20:05:42,808][root][INFO] - Added data to batch for client 0: {'round': 4, 'step_no': 240, 'loss': 0.39650216698646545, 'accuracy': 0.9140625, 'l2_norm': 0.21016943454742432, 'computation_time': 0.04810905456542969, 'batch_time': 0.059177873241424095, 'rtc_check_time': 0.0093739009971614, 'experiment_id': 'exp_20240619_200443', 'client_id': '0'}
[2024-06-19 20:05:42,809][root][INFO] - Added data to batch for client 0: {'round': 4, 'step_no': 241, 'loss': 0.1356917768716812, 'accuracy': 0.9166666865348816, 'l2_norm': 0.21630829572677612, 'computation_time': 0.051796913146972656, 'batch_time': 0.05497845850914018, 'rtc_check_time': 0.0020244999977876432, 'experiment_id': 'exp_20240619_200443', 'client_id': '0'}
[2024-06-19 20:05:42,810][root][INFO] - Added data to batch for client 0: {'round': 4, 'step_no': 242, 'loss': 0.20271719992160797, 'accuracy': 0.918749988079071, 'l2_norm': 0.22304098308086395, 'computation_time': 0.060418128967285156, 'batch_time': 0.0646384148785728, 'rtc_check_time': 0.002050200004305225, 'experiment_id': 'exp_20240619_200443', 'client_id': '0'}
[2024-06-19 20:05:42,811][root][INFO] - Added data to batch for client 0: {'round': 4, 'step_no': 243, 'loss': 0.130413219332695, 'accuracy': 0.9232954382896423, 'l2_norm': 0.23333410918712616, 'computation_time': 0.04760313034057617, 'batch_time': 0.05429053608531831, 'rtc_check_time': 0.004963400999258738, 'experiment_id': 'exp_20240619_200443', 'client_id': '0'}
[2024-06-19 20:05:42,812][root][INFO] - Added data to batch for client 0: {'round': 4, 'step_no': 244, 'loss': 0.12639778852462769, 'accuracy': 0.921875, 'l2_norm': 0.2355513870716095, 'computation_time': 0.05858802795410156, 'batch_time': 0.06686951883602887, 'rtc_check_time': 0.0058346010046079755, 'experiment_id': 'exp_20240619_200443', 'client_id': '0'}
[2024-06-19 20:05:42,813][root][INFO] - Added data to batch for client 0: {'round': 4, 'step_no': 245, 'loss': 0.042170554399490356, 'accuracy': 0.9278846383094788, 'l2_norm': 0.24398624897003174, 'computation_time': 0.058210134506225586, 'batch_time': 0.061498413619119674, 'rtc_check_time': 0.0019343000021763146, 'experiment_id': 'exp_20240619_200443', 'client_id': '0'}
[2024-06-19 20:05:42,814][root][INFO] - Added data to batch for client 0: {'round': 4, 'step_no': 246, 'loss': 0.15874940156936646, 'accuracy': 0.9285714030265808, 'l2_norm': 0.2591738700866699, 'computation_time': 0.047297000885009766, 'batch_time': 0.05045213487755973, 'rtc_check_time': 0.0017642000020714477, 'experiment_id': 'exp_20240619_200443', 'client_id': '0'}
[2024-06-19 20:05:42,815][root][INFO] - Added data to batch for client 0: {'round': 4, 'step_no': 247, 'loss': 0.337870717048645, 'accuracy': 0.9229166507720947, 'l2_norm': 0.27287450432777405, 'computation_time': 0.04746103286743164, 'batch_time': 0.05663291900418699, 'rtc_check_time': 0.007637900998815894, 'experiment_id': 'exp_20240619_200443', 'client_id': '0'}
[2024-06-19 20:05:42,816][root][INFO] - Added data to batch for client 0: {'round': 4, 'step_no': 248, 'loss': 0.2782021760940552, 'accuracy': 0.91796875, 'l2_norm': 0.3391028344631195, 'computation_time': 0.06102585792541504, 'batch_time': 0.06744529003481148, 'rtc_check_time': 0.004847299998800736, 'experiment_id': 'exp_20240619_200443', 'client_id': '0'}
[2024-06-19 20:05:42,817][root][INFO] - Added data to batch for client 0: {'round': 4, 'step_no': 249, 'loss': 0.18872441351413727, 'accuracy': 0.9209558963775635, 'l2_norm': 0.34973597526550293, 'computation_time': 0.050813913345336914, 'batch_time': 0.05931467296613846, 'rtc_check_time': 0.0069477009965339676, 'experiment_id': 'exp_20240619_200443', 'client_id': '0'}
[2024-06-19 20:05:42,819][root][INFO] - Added data to batch for client 0: {'round': 4, 'step_no': 250, 'loss': 0.05437793582677841, 'accuracy': 0.9253472089767456, 'l2_norm': 0.3466268479824066, 'computation_time': 0.05220293998718262, 'batch_time': 0.0644910931805498, 'rtc_check_time': 0.01077920200623339, 'experiment_id': 'exp_20240619_200443', 'client_id': '0'}
[2024-06-19 20:05:42,820][root][INFO] - Added data to batch for client 0: {'round': 4, 'step_no': 251, 'loss': 0.16674993932247162, 'accuracy': 0.9243420958518982, 'l2_norm': 0.38209348917007446, 'computation_time': 0.050688982009887695, 'batch_time': 0.06183647035504691, 'rtc_check_time': 0.009577502001775429, 'experiment_id': 'exp_20240619_200443', 'client_id': '0'}
[2024-06-19 20:05:42,821][root][INFO] - Added data to batch for client 0: {'round': 4, 'step_no': 252, 'loss': 0.10912744700908661, 'accuracy': 0.926562488079071, 'l2_norm': 0.3874351680278778, 'computation_time': 0.054138898849487305, 'batch_time': 0.06709046266041696, 'rtc_check_time': 0.010482501005753875, 'experiment_id': 'exp_20240619_200443', 'client_id': '0'}
[2024-06-19 20:05:42,822][root][INFO] - Added data to batch for client 0: {'round': 4, 'step_no': 253, 'loss': 0.08072187006473541, 'accuracy': 0.9285714030265808, 'l2_norm': 0.404246985912323, 'computation_time': 0.05881786346435547, 'batch_time': 0.06445473437634064, 'rtc_check_time': 0.0035488009962136857, 'experiment_id': 'exp_20240619_200443', 'client_id': '0'}
[2024-06-19 20:05:42,824][root][INFO] - Added data to batch for client 0: {'round': 4, 'step_no': 254, 'loss': 0.10598749667406082, 'accuracy': 0.9303977489471436, 'l2_norm': 0.4219704866409302, 'computation_time': 0.0736541748046875, 'batch_time': 0.0838834713504184, 'rtc_check_time': 0.00858230100129731, 'experiment_id': 'exp_20240619_200443', 'client_id': '0'}
[2024-06-19 20:05:42,825][root][INFO] - Added data to batch for client 0: {'round': 4, 'step_no': 255, 'loss': 0.3021387755870819, 'accuracy': 0.9307065010070801, 'l2_norm': 0.4277060031890869, 'computation_time': 0.0676109790802002, 'batch_time': 0.07144782633258728, 'rtc_check_time': 0.002049900002020877, 'experiment_id': 'exp_20240619_200443', 'client_id': '0'}
[2024-06-19 20:05:42,826][root][INFO] - Added data to batch for client 0: {'round': 4, 'step_no': 256, 'loss': 0.1348729431629181, 'accuracy': 0.9309895634651184, 'l2_norm': 0.4470228850841522, 'computation_time': 0.06857895851135254, 'batch_time': 0.07426925231993664, 'rtc_check_time': 0.00372930099547375, 'experiment_id': 'exp_20240619_200443', 'client_id': '0'}
[2024-06-19 20:05:42,827][root][INFO] - Added data to batch for client 0: {'round': 4, 'step_no': 257, 'loss': 0.10051734745502472, 'accuracy': 0.9337499737739563, 'l2_norm': 0.4676533639431, 'computation_time': 0.06570005416870117, 'batch_time': 0.07155667940241983, 'rtc_check_time': 0.004331700001785066, 'experiment_id': 'exp_20240619_200443', 'client_id': '0'}
[2024-06-19 20:05:42,828][root][INFO] - Added data to batch for client 0: {'round': 4, 'step_no': 258, 'loss': 0.03575164079666138, 'accuracy': 0.9362980723381042, 'l2_norm': 0.4683191180229187, 'computation_time': 0.05586600303649902, 'batch_time': 0.06252306986425538, 'rtc_check_time': 0.005234900003415532, 'experiment_id': 'exp_20240619_200443', 'client_id': '0'}
[2024-06-19 20:05:42,829][root][INFO] - Added data to batch for client 0: {'round': 4, 'step_no': 259, 'loss': 0.14401641488075256, 'accuracy': 0.9351851940155029, 'l2_norm': 0.4803280532360077, 'computation_time': 0.0546259880065918, 'batch_time': 0.0589889958355343, 'rtc_check_time': 0.002784199998131953, 'experiment_id': 'exp_20240619_200443', 'client_id': '0'}
[2024-06-19 20:05:42,830][root][INFO] - Added data to batch for client 0: {'round': 4, 'step_no': 260, 'loss': 0.14385205507278442, 'accuracy': 0.9363839030265808, 'l2_norm': 0.5002388954162598, 'computation_time': 0.060427188873291016, 'batch_time': 0.06852667263592593, 'rtc_check_time': 0.006082701002014801, 'experiment_id': 'exp_20240619_200443', 'client_id': '0'}
[2024-06-19 20:05:42,831][root][INFO] - Added data to batch for client 0: {'round': 4, 'step_no': 261, 'loss': 0.3344448208808899, 'accuracy': 0.9353448152542114, 'l2_norm': 0.5583959817886353, 'computation_time': 0.051444053649902344, 'batch_time': 0.05504720407043351, 'rtc_check_time': 0.001919199996336829, 'experiment_id': 'exp_20240619_200443', 'client_id': '0'}
[2024-06-19 20:05:42,832][root][INFO] - Added data to batch for client 0: {'round': 4, 'step_no': 262, 'loss': 0.23996323347091675, 'accuracy': 0.9322916865348816, 'l2_norm': 0.5730060338973999, 'computation_time': 0.0612640380859375, 'batch_time': 0.0693658380114357, 'rtc_check_time': 0.0067297010027687065, 'experiment_id': 'exp_20240619_200443', 'client_id': '0'}
[2024-06-19 20:05:42,834][root][INFO] - Added data to batch for client 0: {'round': 4, 'step_no': 263, 'loss': 0.18758165836334229, 'accuracy': 0.9334677457809448, 'l2_norm': 0.5716207027435303, 'computation_time': 0.06969499588012695, 'batch_time': 0.0817899239846156, 'rtc_check_time': 0.0035418999977991916, 'experiment_id': 'exp_20240619_200443', 'client_id': '0'}
[2024-06-19 20:05:42,835][root][INFO] - Added data to batch for client 0: {'round': 4, 'step_no': 264, 'loss': 0.09569330513477325, 'accuracy': 0.935546875, 'l2_norm': 0.5826594233512878, 'computation_time': 0.05796194076538086, 'batch_time': 0.06300720035505947, 'rtc_check_time': 0.003839099998003803, 'experiment_id': 'exp_20240619_200443', 'client_id': '0'}
[2024-06-19 20:05:42,836][root][INFO] - Added data to batch for client 0: {'round': 4, 'step_no': 265, 'loss': 0.09744581580162048, 'accuracy': 0.9365530014038086, 'l2_norm': 0.5969083905220032, 'computation_time': 0.04339098930358887, 'batch_time': 0.04603206338651944, 'rtc_check_time': 0.0014671009994344786, 'experiment_id': 'exp_20240619_200443', 'client_id': '0'}
[2024-06-19 20:05:42,837][root][INFO] - Added data to batch for client 0: {'round': 4, 'step_no': 266, 'loss': 0.3878803253173828, 'accuracy': 0.935661792755127, 'l2_norm': 0.6482877731323242, 'computation_time': 0.041777849197387695, 'batch_time': 0.047238448678399436, 'rtc_check_time': 0.0042995010007871315, 'experiment_id': 'exp_20240619_200443', 'client_id': '0'}
[2024-06-19 20:05:42,838][root][INFO] - Added data to batch for client 0: {'round': 4, 'step_no': 267, 'loss': 0.295151948928833, 'accuracy': 0.9339285492897034, 'l2_norm': 0.706406831741333, 'computation_time': 0.040595054626464844, 'batch_time': 0.04519133966823574, 'rtc_check_time': 0.0033124009933089837, 'experiment_id': 'exp_20240619_200443', 'client_id': '0'}
[2024-06-19 20:05:42,839][root][INFO] - Added data to batch for client 0: {'round': 4, 'step_no': 268, 'loss': 0.32799744606018066, 'accuracy': 0.9331597089767456, 'l2_norm': 0.7076008915901184, 'computation_time': 0.04115104675292969, 'batch_time': 0.046220270691264886, 'rtc_check_time': 0.00383040100132348, 'experiment_id': 'exp_20240619_200443', 'client_id': '0'}
[2024-06-19 20:05:42,840][root][INFO] - Added data to batch for client 0: {'round': 4, 'step_no': 269, 'loss': 0.8180863857269287, 'accuracy': 0.9290540814399719, 'l2_norm': 0.7682567834854126, 'computation_time': 0.043000221252441406, 'batch_time': 0.04965632185485447, 'rtc_check_time': 0.005293300004268531, 'experiment_id': 'exp_20240619_200443', 'client_id': '0'}
[2024-06-19 20:05:42,841][root][INFO] - Added data to batch for client 0: {'round': 4, 'step_no': 270, 'loss': 0.10697072744369507, 'accuracy': 0.9300987124443054, 'l2_norm': 0.7526233792304993, 'computation_time': 0.04492902755737305, 'batch_time': 0.049119096736831125, 'rtc_check_time': 0.0021832999991602264, 'experiment_id': 'exp_20240619_200443', 'client_id': '0'}
[2024-06-19 20:05:42,842][root][INFO] - Added data to batch for client 0: {'round': 4, 'step_no': 271, 'loss': 0.08336678892374039, 'accuracy': 0.9310897588729858, 'l2_norm': 0.7619805932044983, 'computation_time': 0.05208611488342285, 'batch_time': 0.05506352926749969, 'rtc_check_time': 0.0017765000011422671, 'experiment_id': 'exp_20240619_200443', 'client_id': '0'}
[2024-06-19 20:05:42,843][root][INFO] - Added data to batch for client 0: {'round': 4, 'step_no': 272, 'loss': 0.14663982391357422, 'accuracy': 0.9312499761581421, 'l2_norm': 0.7775907516479492, 'computation_time': 0.05333590507507324, 'batch_time': 0.05636752480495488, 'rtc_check_time': 0.0016414009951404296, 'experiment_id': 'exp_20240619_200443', 'client_id': '0'}
[2024-06-19 20:05:42,844][root][INFO] - Added data to batch for client 0: {'round': 4, 'step_no': 273, 'loss': 0.24431748688220978, 'accuracy': 0.9321646094322205, 'l2_norm': 0.7879813313484192, 'computation_time': 0.050537824630737305, 'batch_time': 0.053566040747682564, 'rtc_check_time': 0.0015380999975604936, 'experiment_id': 'exp_20240619_200443', 'client_id': '0'}
[2024-06-19 20:05:42,845][root][INFO] - Added data to batch for client 0: {'round': 4, 'step_no': 274, 'loss': 0.25585728883743286, 'accuracy': 0.9322916865348816, 'l2_norm': 0.8041171431541443, 'computation_time': 0.049121856689453125, 'batch_time': 0.05787306854472263, 'rtc_check_time': 0.007616101000166964, 'experiment_id': 'exp_20240619_200443', 'client_id': '0'}
[2024-06-19 20:05:42,846][root][INFO] - Added data to batch for client 0: {'round': 4, 'step_no': 275, 'loss': 0.14063352346420288, 'accuracy': 0.9324128031730652, 'l2_norm': 0.8190643787384033, 'computation_time': 0.04144477844238281, 'batch_time': 0.04907227736111963, 'rtc_check_time': 0.0064633009969838895, 'experiment_id': 'exp_20240619_200443', 'client_id': '0'}
[2024-06-19 20:05:42,847][root][INFO] - Added data to batch for client 0: {'round': 4, 'step_no': 276, 'loss': 0.1512535959482193, 'accuracy': 0.9332386255264282, 'l2_norm': 0.8595535159111023, 'computation_time': 0.04039907455444336, 'batch_time': 0.045331108100072015, 'rtc_check_time': 0.003752099997655023, 'experiment_id': 'exp_20240619_200443', 'client_id': '0'}
[2024-06-19 20:05:42,848][root][INFO] - Added data to batch for client 0: {'round': 4, 'step_no': 277, 'loss': 0.09143097698688507, 'accuracy': 0.9347222447395325, 'l2_norm': 0.8580833077430725, 'computation_time': 0.038995981216430664, 'batch_time': 0.04166450359480223, 'rtc_check_time': 0.0016345010008080862, 'experiment_id': 'exp_20240619_200443', 'client_id': '0'}
[2024-06-19 20:05:42,849][root][INFO] - Added data to batch for client 0: {'round': 4, 'step_no': 278, 'loss': 0.37083929777145386, 'accuracy': 0.932744562625885, 'l2_norm': 0.8796766996383667, 'computation_time': 0.046029090881347656, 'batch_time': 0.050035928485158365, 'rtc_check_time': 0.0025078999969991855, 'experiment_id': 'exp_20240619_200443', 'client_id': '0'}
[2024-06-19 20:05:42,850][root][INFO] - Added data to batch for client 0: {'round': 4, 'step_no': 279, 'loss': 0.2215212881565094, 'accuracy': 0.9335106611251831, 'l2_norm': 0.9048647284507751, 'computation_time': 0.05517101287841797, 'batch_time': 0.05816881171631394, 'rtc_check_time': 0.0016679000036674552, 'experiment_id': 'exp_20240619_200443', 'client_id': '0'}
[2024-06-19 20:05:42,851][root][INFO] - Added data to batch for client 0: {'round': 4, 'step_no': 280, 'loss': 0.27297472953796387, 'accuracy': 0.9322916865348816, 'l2_norm': 0.9243420958518982, 'computation_time': 0.04864382743835449, 'batch_time': 0.05119789305172162, 'rtc_check_time': 0.0013758009954472072, 'experiment_id': 'exp_20240619_200443', 'client_id': '0'}
[2024-06-19 20:05:42,852][root][INFO] - Added data to batch for client 0: {'round': 4, 'step_no': 281, 'loss': 0.07127856463193893, 'accuracy': 0.9336734414100647, 'l2_norm': 0.9225549101829529, 'computation_time': 0.046998023986816406, 'batch_time': 0.04964442303025862, 'rtc_check_time': 0.0014884000047459267, 'experiment_id': 'exp_20240619_200443', 'client_id': '0'}
[2024-06-19 20:05:42,853][root][INFO] - Added data to batch for client 0: {'round': 4, 'step_no': 282, 'loss': 0.06371913105249405, 'accuracy': 0.934374988079071, 'l2_norm': 0.9334332346916199, 'computation_time': 0.04039788246154785, 'batch_time': 0.045945787176606245, 'rtc_check_time': 0.004378700003144331, 'experiment_id': 'exp_20240619_200443', 'client_id': '0'}
[2024-06-19 20:05:42,855][root][INFO] - Added data to batch for client 0: {'round': 4, 'step_no': 283, 'loss': 0.04511856660246849, 'accuracy': 0.935661792755127, 'l2_norm': 0.9378559589385986, 'computation_time': 0.03852200508117676, 'batch_time': 0.04194258092320524, 'rtc_check_time': 0.0022137009946163744, 'experiment_id': 'exp_20240619_200443', 'client_id': '0'}
[2024-06-19 20:05:42,856][root][INFO] - Added data to batch for client 0: {'round': 4, 'step_no': 284, 'loss': 0.12882038950920105, 'accuracy': 0.9362980723381042, 'l2_norm': 0.9562069177627563, 'computation_time': 0.0534968376159668, 'batch_time': 0.059974320989567786, 'rtc_check_time': 0.005184301000554115, 'experiment_id': 'exp_20240619_200443', 'client_id': '0'}
[2024-06-19 20:05:42,857][root][INFO] - Added data to batch for client 0: {'round': 4, 'step_no': 285, 'loss': 0.04387636110186577, 'accuracy': 0.9375, 'l2_norm': 0.9719617366790771, 'computation_time': 0.048933982849121094, 'batch_time': 0.05203737618285231, 'rtc_check_time': 0.0019082009966950864, 'experiment_id': 'exp_20240619_200443', 'client_id': '0'}
[2024-06-19 20:05:42,858][root][INFO] - Added data to batch for client 0: {'round': 4, 'step_no': 286, 'loss': 0.1780109703540802, 'accuracy': 0.9375, 'l2_norm': 1.0001376867294312, 'computation_time': 0.0476841926574707, 'batch_time': 0.050614975407370366, 'rtc_check_time': 0.0017250999953830615, 'experiment_id': 'exp_20240619_200443', 'client_id': '0'}
[2024-06-19 20:05:42,859][root][INFO] - Added data to batch for client 0: {'round': 4, 'step_no': 287, 'loss': 0.4407728612422943, 'accuracy': 0.9357954263687134, 'l2_norm': 1.056869387626648, 'computation_time': 0.04278898239135742, 'batch_time': 0.04644769051083131, 'rtc_check_time': 0.0024175009966711514, 'experiment_id': 'exp_20240619_200443', 'client_id': '0'}
[2024-06-19 20:05:42,860][root][INFO] - Added data to batch for client 0: {'round': 4, 'step_no': 288, 'loss': 0.19753587245941162, 'accuracy': 0.9358258843421936, 'l2_norm': 1.0805476903915405, 'computation_time': 0.04139208793640137, 'batch_time': 0.04432828909193631, 'rtc_check_time': 0.001784400999895297, 'experiment_id': 'exp_20240619_200443', 'client_id': '0'}
[2024-06-19 20:05:42,861][root][INFO] - Added data to batch for client 0: {'round': 4, 'step_no': 289, 'loss': 0.5994510650634766, 'accuracy': 0.9347587823867798, 'l2_norm': 1.1692928075790405, 'computation_time': 0.04580497741699219, 'batch_time': 0.048976553887769114, 'rtc_check_time': 0.001461400002881419, 'experiment_id': 'exp_20240619_200443', 'client_id': '0'}
[2024-06-19 20:05:42,862][root][INFO] - Added data to batch for client 0: {'round': 4, 'step_no': 290, 'loss': 0.35283780097961426, 'accuracy': 0.9342672228813171, 'l2_norm': 1.1690484285354614, 'computation_time': 0.046836137771606445, 'batch_time': 0.049739070993382484, 'rtc_check_time': 0.0015449009952135384, 'experiment_id': 'exp_20240619_200443', 'client_id': '0'}
[2024-06-19 20:05:42,864][root][INFO] - Added data to batch for client 0: {'round': 4, 'step_no': 291, 'loss': 0.10201718658208847, 'accuracy': 0.9343220591545105, 'l2_norm': 1.1994078159332275, 'computation_time': 0.04413008689880371, 'batch_time': 0.04832066286326153, 'rtc_check_time': 0.0021787999939988367, 'experiment_id': 'exp_20240619_200443', 'client_id': '0'}
[2024-06-19 20:05:42,865][root][INFO] - Added data to batch for client 0: {'round': 4, 'step_no': 292, 'loss': 0.2785196304321289, 'accuracy': 0.9338541626930237, 'l2_norm': 1.1979976892471313, 'computation_time': 0.056053876876831055, 'batch_time': 0.0628434591635596, 'rtc_check_time': 0.0049354009970556945, 'experiment_id': 'exp_20240619_200443', 'client_id': '0'}
[2024-06-19 20:05:42,867][root][INFO] - Added data to batch for client 0: {'round': 4, 'step_no': 293, 'loss': 0.24789786338806152, 'accuracy': 0.9339139461517334, 'l2_norm': 1.2314964532852173, 'computation_time': 0.046037912368774414, 'batch_time': 0.04978294418833684, 'rtc_check_time': 0.002251101002912037, 'experiment_id': 'exp_20240619_200443', 'client_id': '0'}
[2024-06-19 20:05:42,868][root][INFO] - Added data to batch for client 0: {'round': 4, 'step_no': 294, 'loss': 0.3989914655685425, 'accuracy': 0.9334677457809448, 'l2_norm': 1.263330101966858, 'computation_time': 0.05946493148803711, 'batch_time': 0.06239291321253404, 'rtc_check_time': 0.001673899998422712, 'experiment_id': 'exp_20240619_200443', 'client_id': '0'}
[2024-06-19 20:05:42,869][root][INFO] - Added data to batch for client 0: {'round': 4, 'step_no': 295, 'loss': 0.03668298199772835, 'accuracy': 0.9345238208770752, 'l2_norm': 1.2669228315353394, 'computation_time': 0.06312894821166992, 'batch_time': 0.0672925277685863, 'rtc_check_time': 0.0025986000036937185, 'experiment_id': 'exp_20240619_200443', 'client_id': '0'}
[2024-06-19 20:05:42,870][root][INFO] - Added data to batch for client 0: {'round': 4, 'step_no': 296, 'loss': 0.12101782858371735, 'accuracy': 0.93505859375, 'l2_norm': 1.2851289510726929, 'computation_time': 0.04847908020019531, 'batch_time': 0.05314469775476027, 'rtc_check_time': 0.003567699997802265, 'experiment_id': 'exp_20240619_200443', 'client_id': '0'}
[2024-06-19 20:05:42,871][root][INFO] - Added data to batch for client 0: {'round': 4, 'step_no': 297, 'loss': 0.0559769943356514, 'accuracy': 0.9360576868057251, 'l2_norm': 1.2801477909088135, 'computation_time': 0.04983186721801758, 'batch_time': 0.05319570359279169, 'rtc_check_time': 0.0016446000008727424, 'experiment_id': 'exp_20240619_200443', 'client_id': '0'}
[2024-06-19 20:05:42,873][root][INFO] - Added data to batch for client 0: {'round': 4, 'step_no': 298, 'loss': 0.10732129216194153, 'accuracy': 0.9365530014038086, 'l2_norm': 1.3202526569366455, 'computation_time': 0.05011796951293945, 'batch_time': 0.053759259593789466, 'rtc_check_time': 0.002177400005166419, 'experiment_id': 'exp_20240619_200443', 'client_id': '0'}
[2024-06-19 20:05:42,874][root][INFO] - Added data to batch for client 0: {'round': 4, 'step_no': 299, 'loss': 0.14409220218658447, 'accuracy': 0.9370335936546326, 'l2_norm': 1.355862021446228, 'computation_time': 0.04515790939331055, 'batch_time': 0.04872987766430015, 'rtc_check_time': 0.0019388010041438974, 'experiment_id': 'exp_20240619_200443', 'client_id': '0'}
[2024-06-19 20:05:42,875][root][INFO] - Added data to batch for client 0: {'round': 4, 'step_no': 300, 'loss': 0.18561770021915436, 'accuracy': 0.9370404481887817, 'l2_norm': 1.3760896921157837, 'computation_time': 0.048178911209106445, 'batch_time': 0.052362977177836, 'rtc_check_time': 0.0028370009968057275, 'experiment_id': 'exp_20240619_200443', 'client_id': '0'}
[2024-06-19 20:05:42,876][root][INFO] - Added data to batch for client 0: {'round': 4, 'step_no': 301, 'loss': 0.21030005812644958, 'accuracy': 0.9365941882133484, 'l2_norm': 1.409996509552002, 'computation_time': 0.06127500534057617, 'batch_time': 0.06652390449744416, 'rtc_check_time': 0.0034938999961013906, 'experiment_id': 'exp_20240619_200443', 'client_id': '0'}
[2024-06-19 20:05:42,877][root][INFO] - Added data to batch for client 0: {'round': 4, 'step_no': 302, 'loss': 0.6048967242240906, 'accuracy': 0.934374988079071, 'l2_norm': 1.485884189605713, 'computation_time': 0.04243803024291992, 'batch_time': 0.04664743354805978, 'rtc_check_time': 0.002904300003137905, 'experiment_id': 'exp_20240619_200443', 'client_id': '0'}
[2024-06-19 20:05:42,879][root][INFO] - Added data to batch for client 0: {'round': 4, 'step_no': 303, 'loss': 0.277246356010437, 'accuracy': 0.9339788556098938, 'l2_norm': 1.4790935516357422, 'computation_time': 0.04743790626525879, 'batch_time': 0.05031137188052526, 'rtc_check_time': 0.001487299996369984, 'experiment_id': 'exp_20240619_200443', 'client_id': '0'}
[2024-06-19 20:05:42,880][root][INFO] - Added data to batch for client 0: {'round': 4, 'step_no': 304, 'loss': 0.46904176473617554, 'accuracy': 0.93359375, 'l2_norm': 1.5382920503616333, 'computation_time': 0.05063486099243164, 'batch_time': 0.05651757843588712, 'rtc_check_time': 0.003967500997532625, 'experiment_id': 'exp_20240619_200443', 'client_id': '0'}
[2024-06-19 20:05:42,881][root][INFO] - Added data to batch for client 0: {'round': 4, 'step_no': 305, 'loss': 0.3011268675327301, 'accuracy': 0.9327911138534546, 'l2_norm': 1.5993868112564087, 'computation_time': 0.04558300971984863, 'batch_time': 0.06428530561242951, 'rtc_check_time': 0.017302301996096503, 'experiment_id': 'exp_20240619_200443', 'client_id': '0'}
[2024-06-19 20:05:42,882][root][INFO] - Added data to batch for client 0: {'round': 4, 'step_no': 306, 'loss': 0.13450148701667786, 'accuracy': 0.9324324131011963, 'l2_norm': 1.6215600967407227, 'computation_time': 0.04614901542663574, 'batch_time': 0.04927708754257765, 'rtc_check_time': 0.0018151010008295998, 'experiment_id': 'exp_20240619_200443', 'client_id': '0'}
[2024-06-19 20:05:42,883][root][INFO] - Added data to batch for client 0: {'round': 4, 'step_no': 307, 'loss': 0.22369343042373657, 'accuracy': 0.9320833086967468, 'l2_norm': 1.627617359161377, 'computation_time': 0.04424691200256348, 'batch_time': 0.04869654125650413, 'rtc_check_time': 0.0031604999967385083, 'experiment_id': 'exp_20240619_200443', 'client_id': '0'}
[2024-06-19 20:05:42,884][root][INFO] - Added data to batch for client 0: {'round': 4, 'step_no': 308, 'loss': 0.17079146206378937, 'accuracy': 0.9317434430122375, 'l2_norm': 1.6494669914245605, 'computation_time': 0.04449200630187988, 'batch_time': 0.049291069008177146, 'rtc_check_time': 0.003391200996702537, 'experiment_id': 'exp_20240619_200443', 'client_id': '0'}
[2024-06-19 20:05:42,886][root][INFO] - Added data to batch for client 0: {'round': 4, 'step_no': 309, 'loss': 0.12004892528057098, 'accuracy': 0.9322240352630615, 'l2_norm': 1.6523791551589966, 'computation_time': 0.03942108154296875, 'batch_time': 0.042761911478010006, 'rtc_check_time': 0.0022689000034006312, 'experiment_id': 'exp_20240619_200443', 'client_id': '0'}
[2024-06-19 20:05:42,887][root][INFO] - Added data to batch for client 0: {'round': 4, 'step_no': 310, 'loss': 0.29841306805610657, 'accuracy': 0.9322916865348816, 'l2_norm': 1.6790828704833984, 'computation_time': 0.03988003730773926, 'batch_time': 0.042997341843147296, 'rtc_check_time': 0.0020325000004959293, 'experiment_id': 'exp_20240619_200443', 'client_id': '0'}
[2024-06-19 20:05:42,888][root][INFO] - Added data to batch for client 0: {'round': 4, 'step_no': 311, 'loss': 0.10778650641441345, 'accuracy': 0.9327531456947327, 'l2_norm': 1.6926897764205933, 'computation_time': 0.04291200637817383, 'batch_time': 0.0460570831928635, 'rtc_check_time': 0.002077199998893775, 'experiment_id': 'exp_20240619_200443', 'client_id': '0'}
[2024-06-19 20:05:42,889][root][INFO] - Added data to batch for client 0: {'round': 4, 'step_no': 312, 'loss': 0.04283429682254791, 'accuracy': 0.93359375, 'l2_norm': 1.69780695438385, 'computation_time': 0.04911398887634277, 'batch_time': 0.052439506114751566, 'rtc_check_time': 0.0018416000020806678, 'experiment_id': 'exp_20240619_200443', 'client_id': '0'}
[2024-06-19 20:05:42,890][root][INFO] - Added data to batch for client 0: {'round': 4, 'step_no': 313, 'loss': 0.07188768684864044, 'accuracy': 0.9344135522842407, 'l2_norm': 1.7134919166564941, 'computation_time': 0.04387402534484863, 'batch_time': 0.04734348323108861, 'rtc_check_time': 0.001997699997446034, 'experiment_id': 'exp_20240619_200443', 'client_id': '0'}
[2024-06-19 20:05:42,892][root][INFO] - Added data to batch for client 0: {'round': 4, 'step_no': 314, 'loss': 0.13602735102176666, 'accuracy': 0.9344512224197388, 'l2_norm': 1.7321068048477173, 'computation_time': 0.04864788055419922, 'batch_time': 0.053809291326615494, 'rtc_check_time': 0.003257399999711197, 'experiment_id': 'exp_20240619_200443', 'client_id': '0'}
[2024-06-19 20:05:42,893][root][INFO] - Added data to batch for client 0: {'round': 4, 'step_no': 315, 'loss': 0.07878877222537994, 'accuracy': 0.9352409839630127, 'l2_norm': 1.7318356037139893, 'computation_time': 0.04408407211303711, 'batch_time': 0.0480605683333124, 'rtc_check_time': 0.0027546010023797862, 'experiment_id': 'exp_20240619_200443', 'client_id': '0'}
[2024-06-19 20:05:42,894][root][INFO] - Added data to batch for client 0: {'round': 4, 'step_no': 316, 'loss': 0.24237540364265442, 'accuracy': 0.9348958134651184, 'l2_norm': 1.7626781463623047, 'computation_time': 0.04291510581970215, 'batch_time': 0.05063643871835666, 'rtc_check_time': 0.006580499997653533, 'experiment_id': 'exp_20240619_200443', 'client_id': '0'}
[2024-06-19 20:05:42,895][root][INFO] - Added data to batch for client 0: {'round': 4, 'step_no': 317, 'loss': 0.17206689715385437, 'accuracy': 0.934926450252533, 'l2_norm': 1.7836285829544067, 'computation_time': 0.047747135162353516, 'batch_time': 0.05227598264173139, 'rtc_check_time': 0.0031700999970780686, 'experiment_id': 'exp_20240619_200443', 'client_id': '0'}
[2024-06-19 20:05:42,896][root][INFO] - Added data to batch for client 0: {'round': 4, 'step_no': 318, 'loss': 0.3193652033805847, 'accuracy': 0.9342296719551086, 'l2_norm': 1.8107666969299316, 'computation_time': 0.053128957748413086, 'batch_time': 0.05639899729430908, 'rtc_check_time': 0.0016537999981665052, 'experiment_id': 'exp_20240619_200443', 'client_id': '0'}
[2024-06-19 20:05:42,897][root][INFO] - Added data to batch for client 0: {'round': 4, 'step_no': 319, 'loss': 0.11540353298187256, 'accuracy': 0.9346264600753784, 'l2_norm': 1.862390398979187, 'computation_time': 0.044712066650390625, 'batch_time': 0.05207283820345765, 'rtc_check_time': 0.0060447009964264, 'experiment_id': 'exp_20240619_200443', 'client_id': '0'}
[2024-06-19 20:05:42,898][root][INFO] - Added data to batch for client 0: {'round': 4, 'step_no': 320, 'loss': 0.039451245218515396, 'accuracy': 0.9353693127632141, 'l2_norm': 1.8557708263397217, 'computation_time': 0.04071998596191406, 'batch_time': 0.044196702758199535, 'rtc_check_time': 0.002411701003438793, 'experiment_id': 'exp_20240619_200443', 'client_id': '0'}
[2024-06-19 20:05:42,899][root][INFO] - Added data to batch for client 0: {'round': 4, 'step_no': 321, 'loss': 0.023859091103076935, 'accuracy': 0.9360954761505127, 'l2_norm': 1.8669462203979492, 'computation_time': 0.04799985885620117, 'batch_time': 0.0546894829676603, 'rtc_check_time': 0.005366400997445453, 'experiment_id': 'exp_20240619_200443', 'client_id': '0'}
[2024-06-19 20:05:42,901][root][INFO] - Added data to batch for client 0: {'round': 4, 'step_no': 322, 'loss': 0.26926183700561523, 'accuracy': 0.9361110925674438, 'l2_norm': 1.921027421951294, 'computation_time': 0.05104517936706543, 'batch_time': 0.055297782171692234, 'rtc_check_time': 0.002645900000061374, 'experiment_id': 'exp_20240619_200443', 'client_id': '0'}
[2024-06-19 20:05:42,902][root][INFO] - Added data to batch for client 0: {'round': 4, 'step_no': 323, 'loss': 0.13776318728923798, 'accuracy': 0.9361263513565063, 'l2_norm': 1.9296742677688599, 'computation_time': 0.04622793197631836, 'batch_time': 0.05283919609792065, 'rtc_check_time': 0.0053393010020954534, 'experiment_id': 'exp_20240619_200443', 'client_id': '0'}
[2024-06-19 20:05:42,903][root][INFO] - Added data to batch for client 0: {'round': 4, 'step_no': 324, 'loss': 0.11581195890903473, 'accuracy': 0.936141312122345, 'l2_norm': 1.922875165939331, 'computation_time': 0.05097699165344238, 'batch_time': 0.05472153475420782, 'rtc_check_time': 0.0025267009987146594, 'experiment_id': 'exp_20240619_200443', 'client_id': '0'}
[2024-06-19 20:05:42,904][root][INFO] - Added data to batch for client 0: {'round': 4, 'step_no': 325, 'loss': 0.03584679216146469, 'accuracy': 0.9368279576301575, 'l2_norm': 1.9212143421173096, 'computation_time': 0.04260587692260742, 'batch_time': 0.04644724410172785, 'rtc_check_time': 0.002458301001752261, 'experiment_id': 'exp_20240619_200443', 'client_id': '0'}
[2024-06-19 20:05:42,905][root][INFO] - Added data to batch for client 0: {'round': 4, 'step_no': 326, 'loss': 0.07312336564064026, 'accuracy': 0.9371675252914429, 'l2_norm': 1.9528013467788696, 'computation_time': 0.04899191856384277, 'batch_time': 0.05778911399102071, 'rtc_check_time': 0.007144000999687705, 'experiment_id': 'exp_20240619_200443', 'client_id': '0'}
[2024-06-19 20:05:42,906][root][INFO] - Added data to batch for client 0: {'round': 4, 'step_no': 327, 'loss': 0.20096340775489807, 'accuracy': 0.9371710419654846, 'l2_norm': 1.9954532384872437, 'computation_time': 0.05179619789123535, 'batch_time': 0.05996337987744482, 'rtc_check_time': 0.006994400995608885, 'experiment_id': 'exp_20240619_200443', 'client_id': '0'}
[2024-06-19 20:05:42,908][root][INFO] - Added data to batch for client 0: {'round': 4, 'step_no': 328, 'loss': 0.4560982584953308, 'accuracy': 0.9365234375, 'l2_norm': 2.1099143028259277, 'computation_time': 0.04907703399658203, 'batch_time': 0.05190584640513407, 'rtc_check_time': 0.0014888999940012582, 'experiment_id': 'exp_20240619_200443', 'client_id': '0'}
[2024-06-19 20:05:42,909][root][INFO] - Added data to batch for client 0: {'round': 4, 'step_no': 329, 'loss': 0.48400038480758667, 'accuracy': 0.9352448582649231, 'l2_norm': 2.163686990737915, 'computation_time': 0.045851945877075195, 'batch_time': 0.05115886387648061, 'rtc_check_time': 0.003998000000137836, 'experiment_id': 'exp_20240619_200443', 'client_id': '0'}
[2024-06-19 20:05:42,910][root][INFO] - Added data to batch for client 0: {'round': 4, 'step_no': 330, 'loss': 0.17565616965293884, 'accuracy': 0.9355867505073547, 'l2_norm': 2.1835572719573975, 'computation_time': 0.058741092681884766, 'batch_time': 0.061637912534934, 'rtc_check_time': 0.001512800001364667, 'experiment_id': 'exp_20240619_200443', 'client_id': '0'}
[2024-06-19 20:05:42,911][root][INFO] - Added data to batch for client 0: {'round': 4, 'step_no': 331, 'loss': 0.0671033263206482, 'accuracy': 0.9362373948097229, 'l2_norm': 2.164358377456665, 'computation_time': 0.04598593711853027, 'batch_time': 0.05164108207100071, 'rtc_check_time': 0.004362200998002663, 'experiment_id': 'exp_20240619_200443', 'client_id': '0'}
[2024-06-19 20:05:42,912][root][INFO] - Added data to batch for client 0: {'round': 4, 'step_no': 332, 'loss': 0.26252761483192444, 'accuracy': 0.9362499713897705, 'l2_norm': 2.209778308868408, 'computation_time': 0.045081138610839844, 'batch_time': 0.04902511968975887, 'rtc_check_time': 0.0027289999998174608, 'experiment_id': 'exp_20240619_200443', 'client_id': '0'}
[2024-06-19 20:05:42,913][root][INFO] - Added data to batch for client 0: {'round': 4, 'step_no': 333, 'loss': 0.2934150993824005, 'accuracy': 0.9362623691558838, 'l2_norm': 2.2111191749572754, 'computation_time': 0.04261302947998047, 'batch_time': 0.04806695185834542, 'rtc_check_time': 0.004211999999824911, 'experiment_id': 'exp_20240619_200443', 'client_id': '0'}
[2024-06-19 20:05:42,914][root][INFO] - Added data to batch for client 0: {'round': 4, 'step_no': 334, 'loss': 0.24032512307167053, 'accuracy': 0.936274528503418, 'l2_norm': 2.203481674194336, 'computation_time': 0.057893991470336914, 'batch_time': 0.062054996655206196, 'rtc_check_time': 0.0022259999968810007, 'experiment_id': 'exp_20240619_200443', 'client_id': '0'}
[2024-06-19 20:05:42,915][root][INFO] - Added data to batch for client 0: {'round': 4, 'step_no': 335, 'loss': 0.18326333165168762, 'accuracy': 0.9359830021858215, 'l2_norm': 2.263406753540039, 'computation_time': 0.044714927673339844, 'batch_time': 0.055010930678690784, 'rtc_check_time': 0.0090691009972943, 'experiment_id': 'exp_20240619_200443', 'client_id': '0'}
[2024-06-19 20:05:42,916][root][INFO] - Added data to batch for client 0: {'round': 4, 'step_no': 336, 'loss': 0.0965505838394165, 'accuracy': 0.9359976053237915, 'l2_norm': 2.267338514328003, 'computation_time': 0.0490570068359375, 'batch_time': 0.05283072483871365, 'rtc_check_time': 0.0024648000035085715, 'experiment_id': 'exp_20240619_200443', 'client_id': '0'}
[2024-06-19 20:05:42,917][root][INFO] - Added data to batch for client 0: {'round': 4, 'step_no': 337, 'loss': 0.039711132645606995, 'accuracy': 0.9366071224212646, 'l2_norm': 2.275073289871216, 'computation_time': 0.05107903480529785, 'batch_time': 0.05453781360120047, 'rtc_check_time': 0.0017188000056194142, 'experiment_id': 'exp_20240619_200443', 'client_id': '0'}
[2024-06-19 20:05:42,918][root][INFO] - Added data to batch for client 0: {'round': 4, 'step_no': 338, 'loss': 0.13890089094638824, 'accuracy': 0.9369103908538818, 'l2_norm': 2.265934467315674, 'computation_time': 0.05211496353149414, 'batch_time': 0.0582459940269473, 'rtc_check_time': 0.0044590010002139024, 'experiment_id': 'exp_20240619_200443', 'client_id': '0'}
[2024-06-19 20:05:42,919][root][INFO] - Added data to batch for client 0: {'round': 4, 'step_no': 339, 'loss': 0.021329743787646294, 'accuracy': 0.9375, 'l2_norm': 2.2813332080841064, 'computation_time': 0.055227041244506836, 'batch_time': 0.05908664940216113, 'rtc_check_time': 0.00185570000030566, 'experiment_id': 'exp_20240619_200443', 'client_id': '0'}
[2024-06-19 20:05:42,920][root][INFO] - Added data to batch for client 0: {'round': 4, 'step_no': 340, 'loss': 0.06288076192140579, 'accuracy': 0.9377893805503845, 'l2_norm': 2.2838170528411865, 'computation_time': 0.04457283020019531, 'batch_time': 0.048003259020333644, 'rtc_check_time': 0.002352300005441066, 'experiment_id': 'exp_20240619_200443', 'client_id': '0'}
[2024-06-19 20:05:42,921][root][INFO] - Added data to batch for client 0: {'round': 4, 'step_no': 341, 'loss': 0.2704537808895111, 'accuracy': 0.9372133016586304, 'l2_norm': 2.35860013961792, 'computation_time': 0.041274070739746094, 'batch_time': 0.0450921479932731, 'rtc_check_time': 0.0025391999952262267, 'experiment_id': 'exp_20240619_200443', 'client_id': '0'}
[2024-06-19 20:05:42,922][root][INFO] - Added data to batch for client 0: {'round': 4, 'step_no': 342, 'loss': 0.5546952486038208, 'accuracy': 0.9363636374473572, 'l2_norm': 2.3850936889648438, 'computation_time': 0.04588818550109863, 'batch_time': 0.04862504174525384, 'rtc_check_time': 0.0015121000033104792, 'experiment_id': 'exp_20240619_200443', 'client_id': '0'}
[2024-06-19 20:05:42,923][root][INFO] - Added data to batch for client 0: {'round': 4, 'step_no': 343, 'loss': 0.30330830812454224, 'accuracy': 0.9360923171043396, 'l2_norm': 2.441948413848877, 'computation_time': 0.04336810111999512, 'batch_time': 0.047802488021261524, 'rtc_check_time': 0.003075401000387501, 'experiment_id': 'exp_20240619_200443', 'client_id': '0'}
[2024-06-19 20:05:42,924][root][INFO] - Added data to batch for client 0: {'round': 4, 'step_no': 344, 'loss': 0.17519843578338623, 'accuracy': 0.9361048936843872, 'l2_norm': 2.4461560249328613, 'computation_time': 0.04711413383483887, 'batch_time': 0.054019038936530706, 'rtc_check_time': 0.0044089009970775805, 'experiment_id': 'exp_20240619_200443', 'client_id': '0'}
[2024-06-19 20:05:42,926][root][INFO] - Added data to batch for client 0: {'round': 4, 'step_no': 345, 'loss': 0.1254526823759079, 'accuracy': 0.9361172318458557, 'l2_norm': 2.4851155281066895, 'computation_time': 0.0469510555267334, 'batch_time': 0.04940180145058548, 'rtc_check_time': 0.0012968000010005198, 'experiment_id': 'exp_20240619_200443', 'client_id': '0'}
[2024-06-19 20:05:42,927][root][INFO] - Added data to batch for client 0: {'round': 4, 'step_no': 346, 'loss': 0.12340204417705536, 'accuracy': 0.9364035129547119, 'l2_norm': 2.4954192638397217, 'computation_time': 0.053125858306884766, 'batch_time': 0.05647816578130005, 'rtc_check_time': 0.0021502009985852055, 'experiment_id': 'exp_20240619_200443', 'client_id': '0'}
[2024-06-19 20:05:42,928][root][INFO] - Added data to batch for client 0: {'round': 4, 'step_no': 347, 'loss': 0.10708808898925781, 'accuracy': 0.936684787273407, 'l2_norm': 2.519509792327881, 'computation_time': 0.04178595542907715, 'batch_time': 0.04609681352303596, 'rtc_check_time': 0.0032189010016736574, 'experiment_id': 'exp_20240619_200443', 'client_id': '0'}
[2024-06-19 20:05:42,928][root][INFO] - Added data to batch for client 0: {'round': 4, 'step_no': 348, 'loss': 0.12111754715442657, 'accuracy': 0.9369612336158752, 'l2_norm': 2.5387420654296875, 'computation_time': 0.04861712455749512, 'batch_time': 0.05231769791134866, 'rtc_check_time': 0.0015888999987510033, 'experiment_id': 'exp_20240619_200443', 'client_id': '0'}
[2024-06-19 20:05:42,929][root][INFO] - Added data to batch for client 0: {'round': 4, 'step_no': 349, 'loss': 0.3576723337173462, 'accuracy': 0.936965823173523, 'l2_norm': 2.5811543464660645, 'computation_time': 0.044611215591430664, 'batch_time': 0.04872197141958168, 'rtc_check_time': 0.0027501009972183965, 'experiment_id': 'exp_20240619_200443', 'client_id': '0'}
[2024-06-19 20:05:42,930][root][INFO] - Added data to batch for client 0: {'round': 4, 'step_no': 350, 'loss': 0.1641099452972412, 'accuracy': 0.9367055296897888, 'l2_norm': 2.6602132320404053, 'computation_time': 0.05066490173339844, 'batch_time': 0.05365537053148728, 'rtc_check_time': 0.0017073000053642318, 'experiment_id': 'exp_20240619_200443', 'client_id': '0'}
[2024-06-19 20:05:42,931][root][INFO] - Added data to batch for client 0: {'round': 4, 'step_no': 351, 'loss': 0.11274272203445435, 'accuracy': 0.9369747638702393, 'l2_norm': 2.6819708347320557, 'computation_time': 0.042469024658203125, 'batch_time': 0.045271139686519746, 'rtc_check_time': 0.0015620999984093942, 'experiment_id': 'exp_20240619_200443', 'client_id': '0'}
[2024-06-19 20:05:42,932][root][INFO] - Added data to batch for client 0: {'round': 4, 'step_no': 352, 'loss': 0.10023003816604614, 'accuracy': 0.9372395873069763, 'l2_norm': 2.7101168632507324, 'computation_time': 0.03996586799621582, 'batch_time': 0.04385342573368689, 'rtc_check_time': 0.0027564999982132576, 'experiment_id': 'exp_20240619_200443', 'client_id': '0'}
[2024-06-19 20:05:42,933][root][INFO] - Added data to batch for client 0: {'round': 4, 'step_no': 353, 'loss': 0.06087746098637581, 'accuracy': 0.9375, 'l2_norm': 2.713200569152832, 'computation_time': 0.039247989654541016, 'batch_time': 0.04697171126463218, 'rtc_check_time': 0.0065147009954671375, 'experiment_id': 'exp_20240619_200443', 'client_id': '0'}
[2024-06-19 20:05:42,934][root][INFO] - Added data to batch for client 0: {'round': 4, 'step_no': 354, 'loss': 0.05364733934402466, 'accuracy': 0.9377561211585999, 'l2_norm': 2.723581314086914, 'computation_time': 0.04386305809020996, 'batch_time': 0.04731192121107597, 'rtc_check_time': 0.002176900001359172, 'experiment_id': 'exp_20240619_200443', 'client_id': '0'}
[2024-06-19 20:05:42,935][root][INFO] - Added data to batch for client 0: {'round': 4, 'step_no': 355, 'loss': 0.22945736348628998, 'accuracy': 0.9380081295967102, 'l2_norm': 2.733269691467285, 'computation_time': 0.041509151458740234, 'batch_time': 0.04513710287574213, 'rtc_check_time': 0.002547199997934513, 'experiment_id': 'exp_20240619_200443', 'client_id': '0'}
[2024-06-19 20:05:42,936][root][INFO] - Added data to batch for client 0: {'round': 4, 'step_no': 356, 'loss': 0.10318925231695175, 'accuracy': 0.938256025314331, 'l2_norm': 2.762075185775757, 'computation_time': 0.04679584503173828, 'batch_time': 0.051727069258049596, 'rtc_check_time': 0.003822100996330846, 'experiment_id': 'exp_20240619_200443', 'client_id': '0'}
[2024-06-19 20:05:42,937][root][INFO] - Added data to batch for client 0: {'round': 4, 'step_no': 357, 'loss': 0.10438871383666992, 'accuracy': 0.9384999871253967, 'l2_norm': 2.818143606185913, 'computation_time': 0.051908016204833984, 'batch_time': 0.05788129852589918, 'rtc_check_time': 0.004167500002949964, 'experiment_id': 'exp_20240619_200443', 'client_id': '0'}
[2024-06-19 20:05:42,938][root][INFO] - Added data to batch for client 0: {'round': 4, 'step_no': 358, 'loss': 0.09200596809387207, 'accuracy': 0.938740074634552, 'l2_norm': 2.8570098876953125, 'computation_time': 0.05498313903808594, 'batch_time': 0.05860661794577027, 'rtc_check_time': 0.00209760000143433, 'experiment_id': 'exp_20240619_200443', 'client_id': '0'}
[2024-06-19 20:05:42,939][root][INFO] - Added data to batch for client 0: {'round': 4, 'step_no': 359, 'loss': 0.2595452666282654, 'accuracy': 0.938484251499176, 'l2_norm': 2.9243626594543457, 'computation_time': 0.04308509826660156, 'batch_time': 0.04582930268952623, 'rtc_check_time': 0.001445300003979355, 'experiment_id': 'exp_20240619_200443', 'client_id': '0'}
[2024-06-19 20:05:42,940][root][INFO] - Added data to batch for client 0: {'round': 4, 'step_no': 360, 'loss': 0.03452761471271515, 'accuracy': 0.93896484375, 'l2_norm': 2.928069591522217, 'computation_time': 0.05098605155944824, 'batch_time': 0.059484078439709265, 'rtc_check_time': 0.006934001001354773, 'experiment_id': 'exp_20240619_200443', 'client_id': '0'}
[2024-06-19 20:05:42,941][root][INFO] - Added data to batch for client 0: {'round': 4, 'step_no': 361, 'loss': 0.2243039608001709, 'accuracy': 0.9391957521438599, 'l2_norm': 2.9634032249450684, 'computation_time': 0.04613304138183594, 'batch_time': 0.058625405094062444, 'rtc_check_time': 0.01108450200263178, 'experiment_id': 'exp_20240619_200443', 'client_id': '0'}
[2024-06-19 20:05:42,942][root][INFO] - Added data to batch for client 0: {'round': 4, 'step_no': 362, 'loss': 0.13584181666374207, 'accuracy': 0.939182698726654, 'l2_norm': 2.9748642444610596, 'computation_time': 0.039251089096069336, 'batch_time': 0.04250530600256752, 'rtc_check_time': 0.0021953999967081472, 'experiment_id': 'exp_20240619_200443', 'client_id': '0'}
[2024-06-19 20:05:42,943][root][INFO] - Added data to batch for client 0: {'round': 4, 'step_no': 363, 'loss': 0.2702690064907074, 'accuracy': 0.9394084215164185, 'l2_norm': 3.012993097305298, 'computation_time': 0.0384981632232666, 'batch_time': 0.042542834249616135, 'rtc_check_time': 0.0029818010007147677, 'experiment_id': 'exp_20240619_200443', 'client_id': '0'}
[2024-06-19 20:05:42,944][root][INFO] - Added data to batch for client 0: {'round': 4, 'step_no': 364, 'loss': 0.10107564181089401, 'accuracy': 0.9396306872367859, 'l2_norm': 3.024841070175171, 'computation_time': 0.04750204086303711, 'batch_time': 0.05058601538621588, 'rtc_check_time': 0.0016990009971777909, 'experiment_id': 'exp_20240619_200443', 'client_id': '0'}
[2024-06-19 20:05:42,945][root][INFO] - Added data to batch for client 0: {'round': 4, 'step_no': 365, 'loss': 0.13225531578063965, 'accuracy': 0.9398496150970459, 'l2_norm': 3.0414538383483887, 'computation_time': 0.04168295860290527, 'batch_time': 0.0451922588472371, 'rtc_check_time': 0.0023153000001912005, 'experiment_id': 'exp_20240619_200443', 'client_id': '0'}
[2024-06-19 20:05:42,946][root][INFO] - Added data to batch for client 0: {'round': 4, 'step_no': 366, 'loss': 0.2673574388027191, 'accuracy': 0.940065324306488, 'l2_norm': 3.151646375656128, 'computation_time': 0.04178190231323242, 'batch_time': 0.04566069938300643, 'rtc_check_time': 0.0025817999994615093, 'experiment_id': 'exp_20240619_200443', 'client_id': '0'}
[2024-06-19 20:05:42,947][root][INFO] - Added data to batch for client 0: {'round': 4, 'step_no': 367, 'loss': 0.13050177693367004, 'accuracy': 0.9400463104248047, 'l2_norm': 3.1879866123199463, 'computation_time': 0.04443812370300293, 'batch_time': 0.05065008540987037, 'rtc_check_time': 0.0050120009982492775, 'experiment_id': 'exp_20240619_200443', 'client_id': '0'}
[2024-06-19 20:05:42,948][root][INFO] - Added data to batch for client 0: {'round': 4, 'step_no': 368, 'loss': 0.18124890327453613, 'accuracy': 0.9400275945663452, 'l2_norm': 3.248603105545044, 'computation_time': 0.049249887466430664, 'batch_time': 0.0545441701906384, 'rtc_check_time': 0.004040200998133514, 'experiment_id': 'exp_20240619_200443', 'client_id': '0'}
[2024-06-19 20:05:42,949][root][INFO] - Added data to batch for client 0: {'round': 4, 'step_no': 369, 'loss': 0.23486679792404175, 'accuracy': 0.9397810101509094, 'l2_norm': 3.2554819583892822, 'computation_time': 0.051850080490112305, 'batch_time': 0.05529697614838369, 'rtc_check_time': 0.0020139999978709966, 'experiment_id': 'exp_20240619_200443', 'client_id': '0'}
[2024-06-19 20:05:42,950][root][INFO] - Added data to batch for client 0: {'round': 4, 'step_no': 370, 'loss': 0.11479085683822632, 'accuracy': 0.9397644996643066, 'l2_norm': 3.2801640033721924, 'computation_time': 0.045166969299316406, 'batch_time': 0.05131684226944344, 'rtc_check_time': 0.0049697010035743006, 'experiment_id': 'exp_20240619_200443', 'client_id': '0'}
[2024-06-19 20:05:42,951][root][INFO] - Added data to batch for client 0: {'round': 4, 'step_no': 371, 'loss': 0.07513982802629471, 'accuracy': 0.939972996711731, 'l2_norm': 3.2813351154327393, 'computation_time': 0.042977094650268555, 'batch_time': 0.04700516218144912, 'rtc_check_time': 0.0024762009998084977, 'experiment_id': 'exp_20240619_200443', 'client_id': '0'}
[2024-06-19 20:05:42,952][root][INFO] - Added data to batch for client 0: {'round': 4, 'step_no': 372, 'loss': 0.13580721616744995, 'accuracy': 0.9399553537368774, 'l2_norm': 3.326934814453125, 'computation_time': 0.04228997230529785, 'batch_time': 0.049191967642400414, 'rtc_check_time': 0.005291000998113304, 'experiment_id': 'exp_20240619_200443', 'client_id': '0'}
[2024-06-19 20:05:42,953][root][INFO] - Added data to batch for client 0: {'round': 4, 'step_no': 373, 'loss': 0.0334567129611969, 'accuracy': 0.9403812289237976, 'l2_norm': 3.32761549949646, 'computation_time': 0.04163193702697754, 'batch_time': 0.047373998175316956, 'rtc_check_time': 0.0045390009981929325, 'experiment_id': 'exp_20240619_200443', 'client_id': '0'}
[2024-06-19 20:05:42,954][root][INFO] - Added data to batch for client 0: {'round': 4, 'step_no': 374, 'loss': 0.10215969383716583, 'accuracy': 0.9405809640884399, 'l2_norm': 3.3368911743164062, 'computation_time': 0.045979976654052734, 'batch_time': 0.05264519665070111, 'rtc_check_time': 0.005148400996404234, 'experiment_id': 'exp_20240619_200443', 'client_id': '0'}
[2024-06-19 20:05:42,955][root][INFO] - Added data to batch for client 0: {'round': 4, 'step_no': 375, 'loss': 0.13700765371322632, 'accuracy': 0.9407779574394226, 'l2_norm': 3.418673038482666, 'computation_time': 0.04755902290344238, 'batch_time': 0.0525295167171862, 'rtc_check_time': 0.0030095010006334633, 'experiment_id': 'exp_20240619_200443', 'client_id': '0'}
[2024-06-19 20:05:42,956][root][INFO] - Added data to batch for client 0: {'round': 4, 'step_no': 376, 'loss': 0.19718196988105774, 'accuracy': 0.9405381679534912, 'l2_norm': 3.444693088531494, 'computation_time': 0.05174088478088379, 'batch_time': 0.05438009619683726, 'rtc_check_time': 0.0015072000023792498, 'experiment_id': 'exp_20240619_200443', 'client_id': '0'}
[2024-06-19 20:05:42,957][root][INFO] - Added data to batch for client 0: {'round': 4, 'step_no': 377, 'loss': 0.2313857525587082, 'accuracy': 0.9400861859321594, 'l2_norm': 3.493666172027588, 'computation_time': 0.04243111610412598, 'batch_time': 0.04612892404838931, 'rtc_check_time': 0.0025410009984625503, 'experiment_id': 'exp_20240619_200443', 'client_id': '0'}
[2024-06-19 20:05:42,958][root][INFO] - Added data to batch for client 0: {'round': 4, 'step_no': 378, 'loss': 0.3969092071056366, 'accuracy': 0.9394263625144958, 'l2_norm': 3.624786853790283, 'computation_time': 0.042510032653808594, 'batch_time': 0.04508365744550247, 'rtc_check_time': 0.0014676010032417253, 'experiment_id': 'exp_20240619_200443', 'client_id': '0'}
[2024-06-19 20:05:42,959][root][INFO] - Added data to batch for client 0: {'round': 4, 'step_no': 379, 'loss': 0.3014748692512512, 'accuracy': 0.9389880895614624, 'l2_norm': 3.6425788402557373, 'computation_time': 0.04114222526550293, 'batch_time': 0.04404809564584866, 'rtc_check_time': 0.00167420000070706, 'experiment_id': 'exp_20240619_200443', 'client_id': '0'}
[2024-06-19 20:05:42,960][root][INFO] - Added data to batch for client 0: {'round': 4, 'step_no': 380, 'loss': 0.2255271077156067, 'accuracy': 0.9387668967247009, 'l2_norm': 3.6570987701416016, 'computation_time': 0.04717588424682617, 'batch_time': 0.05032533945632167, 'rtc_check_time': 0.001876299997093156, 'experiment_id': 'exp_20240619_200443', 'client_id': '0'}
[2024-06-19 20:05:42,961][root][INFO] - Added data to batch for client 0: {'round': 4, 'step_no': 381, 'loss': 0.2243034839630127, 'accuracy': 0.9389681220054626, 'l2_norm': 3.7147374153137207, 'computation_time': 0.04851698875427246, 'batch_time': 0.05613108420948265, 'rtc_check_time': 0.006217201000254136, 'experiment_id': 'exp_20240619_200443', 'client_id': '0'}
[2024-06-19 20:05:42,962][root][INFO] - Added data to batch for client 0: {'round': 4, 'step_no': 382, 'loss': 0.3848915696144104, 'accuracy': 0.9387500286102295, 'l2_norm': 3.7281641960144043, 'computation_time': 0.04677915573120117, 'batch_time': 0.04947030406765407, 'rtc_check_time': 0.0014652000027126633, 'experiment_id': 'exp_20240619_200443', 'client_id': '0'}
[2024-06-19 20:05:42,963][root][INFO] - Added data to batch for client 0: {'round': 4, 'step_no': 383, 'loss': 0.10997380316257477, 'accuracy': 0.9387417435646057, 'l2_norm': 3.744462013244629, 'computation_time': 0.05239987373352051, 'batch_time': 0.0641816743373056, 'rtc_check_time': 0.010023702001490165, 'experiment_id': 'exp_20240619_200443', 'client_id': '0'}
[2024-06-19 20:05:42,964][root][INFO] - Added data to batch for client 0: {'round': 4, 'step_no': 384, 'loss': 0.27567604184150696, 'accuracy': 0.9387335777282715, 'l2_norm': 3.81876540184021, 'computation_time': 0.06391096115112305, 'batch_time': 0.06693352065485669, 'rtc_check_time': 0.001858600000559818, 'experiment_id': 'exp_20240619_200443', 'client_id': '0'}
[2024-06-19 20:05:42,965][root][INFO] - Added data to batch for client 0: {'round': 4, 'step_no': 385, 'loss': 0.1418505311012268, 'accuracy': 0.9385212659835815, 'l2_norm': 3.8492445945739746, 'computation_time': 0.0405728816986084, 'batch_time': 0.043274825206026435, 'rtc_check_time': 0.0016199999954551458, 'experiment_id': 'exp_20240619_200443', 'client_id': '0'}
[2024-06-19 20:05:42,966][root][INFO] - Added data to batch for client 0: {'round': 4, 'step_no': 386, 'loss': 0.4457000494003296, 'accuracy': 0.9381087422370911, 'l2_norm': 3.9165632724761963, 'computation_time': 0.04464006423950195, 'batch_time': 0.04827334531728411, 'rtc_check_time': 0.0024182999986805953, 'experiment_id': 'exp_20240619_200443', 'client_id': '0'}
[2024-06-19 20:05:42,967][root][INFO] - Added data to batch for client 0: {'round': 4, 'step_no': 387, 'loss': 0.1948641836643219, 'accuracy': 0.9381048679351807, 'l2_norm': 3.927286148071289, 'computation_time': 0.04029107093811035, 'batch_time': 0.044432059570681304, 'rtc_check_time': 0.0030960000003688037, 'experiment_id': 'exp_20240619_200443', 'client_id': '0'}
[2024-06-19 20:05:42,968][root][INFO] - Added data to batch for client 0: {'round': 4, 'step_no': 388, 'loss': 0.04050040990114212, 'accuracy': 0.9385015964508057, 'l2_norm': 3.9313430786132812, 'computation_time': 0.04295086860656738, 'batch_time': 0.045809445953636896, 'rtc_check_time': 0.0015375000002677552, 'experiment_id': 'exp_20240619_200443', 'client_id': '0'}
[2024-06-19 20:05:42,969][root][INFO] - Added data to batch for client 0: {'round': 4, 'step_no': 389, 'loss': 0.1601233184337616, 'accuracy': 0.9386942386627197, 'l2_norm': 3.9774723052978516, 'computation_time': 0.042301177978515625, 'batch_time': 0.04680291746626608, 'rtc_check_time': 0.0033919010020326823, 'experiment_id': 'exp_20240619_200443', 'client_id': '0'}
[2024-06-19 20:05:42,970][root][INFO] - Added data to batch for client 0: {'round': 4, 'step_no': 390, 'loss': 0.10112790018320084, 'accuracy': 0.9388844966888428, 'l2_norm': 3.980161190032959, 'computation_time': 0.04949617385864258, 'batch_time': 0.052109718169958796, 'rtc_check_time': 0.001359701003821101, 'experiment_id': 'exp_20240619_200443', 'client_id': '0'}
[2024-06-19 20:05:42,971][root][INFO] - Added data to batch for client 0: {'round': 4, 'step_no': 391, 'loss': 0.044129446148872375, 'accuracy': 0.93907231092453, 'l2_norm': 3.9803390502929688, 'computation_time': 0.03934288024902344, 'batch_time': 0.04386135092499899, 'rtc_check_time': 0.003416500003368128, 'experiment_id': 'exp_20240619_200443', 'client_id': '0'}
[2024-06-19 20:05:42,972][root][INFO] - Added data to batch for client 0: {'round': 4, 'step_no': 392, 'loss': 0.16488415002822876, 'accuracy': 0.939257800579071, 'l2_norm': 3.9881842136383057, 'computation_time': 0.040850162506103516, 'batch_time': 0.04538082518411102, 'rtc_check_time': 0.003469700001005549, 'experiment_id': 'exp_20240619_200443', 'client_id': '0'}
[2024-06-19 20:05:42,973][root][INFO] - Added data to batch for client 0: {'round': 4, 'step_no': 393, 'loss': 0.07114140689373016, 'accuracy': 0.9396350979804993, 'l2_norm': 4.018303394317627, 'computation_time': 0.04027199745178223, 'batch_time': 0.04462393766880268, 'rtc_check_time': 0.0031608009958290495, 'experiment_id': 'exp_20240619_200443', 'client_id': '0'}
[2024-06-19 20:05:42,974][root][INFO] - Added data to batch for client 0: {'round': 4, 'step_no': 394, 'loss': 0.015487630851566792, 'accuracy': 0.9400076866149902, 'l2_norm': 4.022650718688965, 'computation_time': 0.04635190963745117, 'batch_time': 0.04982471503171837, 'rtc_check_time': 0.0019176010027877055, 'experiment_id': 'exp_20240619_200443', 'client_id': '0'}
[2024-06-19 20:05:42,975][root][INFO] - Added data to batch for client 0: {'round': 4, 'step_no': 395, 'loss': 0.458743155002594, 'accuracy': 0.9398006200790405, 'l2_norm': 4.096787452697754, 'computation_time': 0.05039095878601074, 'batch_time': 0.053460548508155625, 'rtc_check_time': 0.0017745000004651956, 'experiment_id': 'exp_20240619_200443', 'client_id': '0'}
[2024-06-19 20:05:42,977][root][INFO] - Added data to batch for client 0: {'round': 4, 'step_no': 396, 'loss': 0.13058805465698242, 'accuracy': 0.9397866129875183, 'l2_norm': 4.132133960723877, 'computation_time': 0.05324506759643555, 'batch_time': 0.05634056919370778, 'rtc_check_time': 0.001732700999127701, 'experiment_id': 'exp_20240619_200443', 'client_id': '0'}
[2024-06-19 20:05:42,978][root][INFO] - Added data to batch for client 0: {'round': 4, 'step_no': 397, 'loss': 0.14196324348449707, 'accuracy': 0.9399621486663818, 'l2_norm': 4.116318702697754, 'computation_time': 0.04488086700439453, 'batch_time': 0.047940569107595365, 'rtc_check_time': 0.001790600006643217, 'experiment_id': 'exp_20240619_200443', 'client_id': '0'}
[2024-06-19 20:05:42,979][root][INFO] - Added data to batch for client 0: {'round': 4, 'step_no': 398, 'loss': 0.3096148669719696, 'accuracy': 0.9399473071098328, 'l2_norm': 4.160628318786621, 'computation_time': 0.04132699966430664, 'batch_time': 0.04599567504192237, 'rtc_check_time': 0.0034165010001743212, 'experiment_id': 'exp_20240619_200443', 'client_id': '0'}
[2024-06-19 20:05:42,980][root][INFO] - Added data to batch for client 0: {'round': 4, 'step_no': 399, 'loss': 0.2397906333208084, 'accuracy': 0.939932644367218, 'l2_norm': 4.164268493652344, 'computation_time': 0.049475908279418945, 'batch_time': 0.052142887383524794, 'rtc_check_time': 0.0015209009943646379, 'experiment_id': 'exp_20240619_200443', 'client_id': '0'}
[2024-06-19 20:05:42,981][root][INFO] - Added data to batch for client 0: {'round': 4, 'step_no': 400, 'loss': 0.15352264046669006, 'accuracy': 0.9401041865348816, 'l2_norm': 4.200113773345947, 'computation_time': 0.040927886962890625, 'batch_time': 0.048122927742952015, 'rtc_check_time': 0.006007001000398304, 'experiment_id': 'exp_20240619_200443', 'client_id': '0'}
[2024-06-19 20:05:42,982][root][INFO] - Added data to batch for client 0: {'round': 4, 'step_no': 401, 'loss': 0.11254388093948364, 'accuracy': 0.940273642539978, 'l2_norm': 4.230640411376953, 'computation_time': 0.048278093338012695, 'batch_time': 0.052307506230135914, 'rtc_check_time': 0.0019237000014982186, 'experiment_id': 'exp_20240619_200443', 'client_id': '0'}
[2024-06-19 20:05:42,983][root][INFO] - Added data to batch for client 0: {'round': 4, 'step_no': 402, 'loss': 0.16773685812950134, 'accuracy': 0.9402573704719543, 'l2_norm': 4.303690433502197, 'computation_time': 0.04939603805541992, 'batch_time': 0.05323932460305514, 'rtc_check_time': 0.0024451999997836538, 'experiment_id': 'exp_20240619_200443', 'client_id': '0'}
[2024-06-19 20:05:42,984][root][INFO] - Added data to batch for client 0: {'round': 4, 'step_no': 403, 'loss': 0.21704630553722382, 'accuracy': 0.9404239654541016, 'l2_norm': 4.350520133972168, 'computation_time': 0.07495713233947754, 'batch_time': 0.07916938597190892, 'rtc_check_time': 0.0020765000008395873, 'experiment_id': 'exp_20240619_200443', 'client_id': '0'}
[2024-06-19 20:05:42,985][root][INFO] - Added data to batch for client 0: {'round': 4, 'step_no': 404, 'loss': 0.05479612573981285, 'accuracy': 0.9407703280448914, 'l2_norm': 4.379519939422607, 'computation_time': 0.07192707061767578, 'batch_time': 0.08057226097298553, 'rtc_check_time': 0.005640401002892759, 'experiment_id': 'exp_20240619_200443', 'client_id': '0'}
[2024-06-19 20:05:42,986][root][INFO] - Added data to batch for client 0: {'round': 4, 'step_no': 405, 'loss': 0.1843087077140808, 'accuracy': 0.9407514333724976, 'l2_norm': 4.404506683349609, 'computation_time': 0.06775188446044922, 'batch_time': 0.07188994679017924, 'rtc_check_time': 0.0024348000006284565, 'experiment_id': 'exp_20240619_200443', 'client_id': '0'}
[2024-06-19 20:05:42,987][root][INFO] - Added data to batch for client 0: {'round': 4, 'step_no': 406, 'loss': 0.06301168352365494, 'accuracy': 0.9410919547080994, 'l2_norm': 4.409743309020996, 'computation_time': 0.06580901145935059, 'batch_time': 0.07113551555812592, 'rtc_check_time': 0.0036416000002645887, 'experiment_id': 'exp_20240619_200443', 'client_id': '0'}
[2024-06-19 20:05:42,988][root][INFO] - Added data to batch for client 0: {'round': 4, 'step_no': 407, 'loss': 0.12116364389657974, 'accuracy': 0.9412500262260437, 'l2_norm': 4.450343132019043, 'computation_time': 0.05379796028137207, 'batch_time': 0.05816076466726372, 'rtc_check_time': 0.0028075999944121577, 'experiment_id': 'exp_20240619_200443', 'client_id': '0'}
[2024-06-19 20:05:42,989][root][INFO] - Added data to batch for client 0: {'round': 4, 'step_no': 408, 'loss': 0.06686330586671829, 'accuracy': 0.94140625, 'l2_norm': 4.456047058105469, 'computation_time': 0.04354596138000488, 'batch_time': 0.047765704126504716, 'rtc_check_time': 0.0029627999974763952, 'experiment_id': 'exp_20240619_200443', 'client_id': '0'}
[2024-06-19 20:05:42,990][root][INFO] - Added data to batch for client 0: {'round': 4, 'step_no': 409, 'loss': 0.2674320638179779, 'accuracy': 0.9412076473236084, 'l2_norm': 4.532665729522705, 'computation_time': 0.050395965576171875, 'batch_time': 0.05324732990266057, 'rtc_check_time': 0.0015434000015375204, 'experiment_id': 'exp_20240619_200443', 'client_id': '0'}
[2024-06-19 20:05:42,991][root][INFO] - Added data to batch for client 0: {'round': 4, 'step_no': 410, 'loss': 0.156601220369339, 'accuracy': 0.9410112500190735, 'l2_norm': 4.576457500457764, 'computation_time': 0.05003213882446289, 'batch_time': 0.05362889824027661, 'rtc_check_time': 0.00247500000114087, 'experiment_id': 'exp_20240619_200443', 'client_id': '0'}
[2024-06-19 20:05:42,992][root][INFO] - Added data to batch for client 0: {'round': 4, 'step_no': 411, 'loss': 0.13826675713062286, 'accuracy': 0.9411662220954895, 'l2_norm': 4.609484672546387, 'computation_time': 0.05457782745361328, 'batch_time': 0.05885531353123952, 'rtc_check_time': 0.0028340999997453764, 'experiment_id': 'exp_20240619_200443', 'client_id': '0'}
[2024-06-19 20:05:42,993][root][INFO] - Added data to batch for client 0: {'round': 4, 'step_no': 412, 'loss': 0.28877145051956177, 'accuracy': 0.9409722089767456, 'l2_norm': 4.667854309082031, 'computation_time': 0.05241584777832031, 'batch_time': 0.057634415599750355, 'rtc_check_time': 0.003796400997089222, 'experiment_id': 'exp_20240619_200443', 'client_id': '0'}
[2024-06-19 20:05:42,994][root][INFO] - Added data to batch for client 0: {'round': 4, 'step_no': 413, 'loss': 0.07662008702754974, 'accuracy': 0.9411256909370422, 'l2_norm': 4.696825981140137, 'computation_time': 0.05121612548828125, 'batch_time': 0.059867850846785586, 'rtc_check_time': 0.006737701005476993, 'experiment_id': 'exp_20240619_200443', 'client_id': '0'}
[2024-06-19 20:05:42,996][root][INFO] - Added data to batch for client 0: {'round': 4, 'step_no': 414, 'loss': 0.07123793661594391, 'accuracy': 0.9412774443626404, 'l2_norm': 4.719245433807373, 'computation_time': 0.059567928314208984, 'batch_time': 0.06397017050039722, 'rtc_check_time': 0.0031421999956364743, 'experiment_id': 'exp_20240619_200443', 'client_id': '0'}
[2024-06-19 20:05:42,997][root][INFO] - Added data to batch for client 0: {'round': 4, 'step_no': 415, 'loss': 0.059208858758211136, 'accuracy': 0.9415983557701111, 'l2_norm': 4.731725692749023, 'computation_time': 0.0631399154663086, 'batch_time': 0.06706130410020705, 'rtc_check_time': 0.002273200996569358, 'experiment_id': 'exp_20240619_200443', 'client_id': '0'}
[2024-06-19 20:05:42,998][root][INFO] - Added data to batch for client 0: {'round': 4, 'step_no': 416, 'loss': 0.09347571432590485, 'accuracy': 0.94191575050354, 'l2_norm': 4.775806427001953, 'computation_time': 0.05077004432678223, 'batch_time': 0.05416805980348727, 'rtc_check_time': 0.002154901005269494, 'experiment_id': 'exp_20240619_200443', 'client_id': '0'}
[2024-06-19 20:05:42,999][root][INFO] - Added data to batch for client 0: {'round': 4, 'step_no': 417, 'loss': 0.2280236929655075, 'accuracy': 0.9418919086456299, 'l2_norm': 4.818020820617676, 'computation_time': 0.055066823959350586, 'batch_time': 0.05862568616430508, 'rtc_check_time': 0.002452599997923244, 'experiment_id': 'exp_20240619_200443', 'client_id': '0'}
[2024-06-19 20:05:43,000][root][INFO] - Added data to batch for client 0: {'round': 4, 'step_no': 418, 'loss': 0.18879744410514832, 'accuracy': 0.9418683052062988, 'l2_norm': 4.875176906585693, 'computation_time': 0.0587007999420166, 'batch_time': 0.06265273302415153, 'rtc_check_time': 0.0019155999980284832, 'experiment_id': 'exp_20240619_200443', 'client_id': '0'}
[2024-06-19 20:05:43,001][root][INFO] - Added data to batch for client 0: {'round': 4, 'step_no': 419, 'loss': 0.2551337480545044, 'accuracy': 0.9420120120048523, 'l2_norm': 4.929000377655029, 'computation_time': 0.055361032485961914, 'batch_time': 0.058838374468905386, 'rtc_check_time': 0.002045399996859487, 'experiment_id': 'exp_20240619_200443', 'client_id': '0'}
[2024-06-19 20:05:43,002][root][INFO] - Added data to batch for client 0: {'round': 4, 'step_no': 420, 'loss': 0.032719388604164124, 'accuracy': 0.9423204660415649, 'l2_norm': 4.949018478393555, 'computation_time': 0.0632469654083252, 'batch_time': 0.06674483564711409, 'rtc_check_time': 0.0020037010035593994, 'experiment_id': 'exp_20240619_200443', 'client_id': '0'}
[2024-06-19 20:05:43,003][root][INFO] - Added data to batch for client 0: {'round': 4, 'step_no': 421, 'loss': 0.16339153051376343, 'accuracy': 0.9421296119689941, 'l2_norm': 4.998605251312256, 'computation_time': 0.05478787422180176, 'batch_time': 0.05889047028904315, 'rtc_check_time': 0.0030134999979054555, 'experiment_id': 'exp_20240619_200443', 'client_id': '0'}
[2024-06-19 20:05:43,003][root][INFO] - Added batch data list for client 0. New Data Added: 189
[2024-06-19 20:05:43,007][root][INFO] - Batch data saved to /home/psklavos/fl/geom_aio/csv_logs/exp_20240619_200443/clients/client_0/batch.csv
[2024-06-19 20:05:43,009][root][INFO] - Added data to epoch for client 2: {'round': 4, 'epoch_steps': 189, 'total_steps': 421, 'l2_norm': 4.912360668182373, 'total_computation_time': 9.242769479751587, 'total_rtc_check_time': 0.748915201962518, 'total_duration': 10.639911890029907, 'val_loss': 0.1150410994887352, 'val_accuracy': 0.9645000100135803, 'experiment_id': 'exp_20240619_200443', 'client_id': '2'}
[2024-06-19 20:05:43,009][root][INFO] - Added epoch data for client 2: {'round': 4, 'epoch_steps': 189, 'total_steps': 421, 'l2_norm': 4.912360668182373, 'total_computation_time': 9.242769479751587, 'total_rtc_check_time': 0.748915201962518, 'total_duration': 10.639911890029907, 'val_loss': 0.1150410994887352, 'val_accuracy': 0.9645000100135803, 'experiment_id': 'exp_20240619_200443', 'client_id': '2'}
[2024-06-19 20:05:43,010][root][INFO] - Epoch data saved to /home/psklavos/fl/geom_aio/csv_logs/exp_20240619_200443/clients/client_2/epoch.csv
[2024-06-19 20:05:43,011][root][INFO] - Added data to batch for client 2: {'round': 4, 'step_no': 233, 'loss': 0.34998708963394165, 'accuracy': 0.875, 'l2_norm': 0.034051425755023956, 'computation_time': 0.06017899513244629, 'batch_time': 0.06432530646270607, 'rtc_check_time': 0.0024533010000595823, 'experiment_id': 'exp_20240619_200443', 'client_id': '2'}
[2024-06-19 20:05:43,012][root][INFO] - Added data to batch for client 2: {'round': 4, 'step_no': 234, 'loss': 0.10431691259145737, 'accuracy': 0.921875, 'l2_norm': 0.054363321512937546, 'computation_time': 0.05474400520324707, 'batch_time': 0.06502763625758234, 'rtc_check_time': 0.008822602001600899, 'experiment_id': 'exp_20240619_200443', 'client_id': '2'}
[2024-06-19 20:05:43,013][root][INFO] - Added data to batch for client 2: {'round': 4, 'step_no': 235, 'loss': 0.08482250571250916, 'accuracy': 0.9479166865348816, 'l2_norm': 0.0539136566221714, 'computation_time': 0.048460960388183594, 'batch_time': 0.05286272656667279, 'rtc_check_time': 0.0032266010020975955, 'experiment_id': 'exp_20240619_200443', 'client_id': '2'}
[2024-06-19 20:05:43,014][root][INFO] - Added data to batch for client 2: {'round': 4, 'step_no': 236, 'loss': 0.14243274927139282, 'accuracy': 0.953125, 'l2_norm': 0.08432106673717499, 'computation_time': 0.04828786849975586, 'batch_time': 0.06394241377711296, 'rtc_check_time': 0.014144401997327805, 'experiment_id': 'exp_20240619_200443', 'client_id': '2'}
[2024-06-19 20:05:43,016][root][INFO] - Added data to batch for client 2: {'round': 4, 'step_no': 237, 'loss': 0.3395187556743622, 'accuracy': 0.949999988079071, 'l2_norm': 0.10600884258747101, 'computation_time': 0.0478510856628418, 'batch_time': 0.05531655877712183, 'rtc_check_time': 0.005944600998191163, 'experiment_id': 'exp_20240619_200443', 'client_id': '2'}
[2024-06-19 20:05:43,017][root][INFO] - Added data to batch for client 2: {'round': 4, 'step_no': 238, 'loss': 0.2486775815486908, 'accuracy': 0.9427083134651184, 'l2_norm': 0.16309796273708344, 'computation_time': 0.048330068588256836, 'batch_time': 0.05322136807080824, 'rtc_check_time': 0.0035223000013502315, 'experiment_id': 'exp_20240619_200443', 'client_id': '2'}
[2024-06-19 20:05:43,018][root][INFO] - Added data to batch for client 2: {'round': 4, 'step_no': 239, 'loss': 0.24073593318462372, 'accuracy': 0.9419642686843872, 'l2_norm': 0.20649763941764832, 'computation_time': 0.046571969985961914, 'batch_time': 0.053493996543693356, 'rtc_check_time': 0.005575200004386716, 'experiment_id': 'exp_20240619_200443', 'client_id': '2'}
[2024-06-19 20:05:43,019][root][INFO] - Added data to batch for client 2: {'round': 4, 'step_no': 240, 'loss': 0.15909186005592346, 'accuracy': 0.9453125, 'l2_norm': 0.2080501765012741, 'computation_time': 0.05639004707336426, 'batch_time': 0.05928466154000489, 'rtc_check_time': 0.0016514999952050857, 'experiment_id': 'exp_20240619_200443', 'client_id': '2'}
[2024-06-19 20:05:43,020][root][INFO] - Added data to batch for client 2: {'round': 4, 'step_no': 241, 'loss': 0.15524941682815552, 'accuracy': 0.9409722089767456, 'l2_norm': 0.22485773265361786, 'computation_time': 0.04918313026428223, 'batch_time': 0.05533550817199284, 'rtc_check_time': 0.004834400002437178, 'experiment_id': 'exp_20240619_200443', 'client_id': '2'}
[2024-06-19 20:05:43,021][root][INFO] - Added data to batch for client 2: {'round': 4, 'step_no': 242, 'loss': 0.24630260467529297, 'accuracy': 0.9375, 'l2_norm': 0.2587153911590576, 'computation_time': 0.05110502243041992, 'batch_time': 0.06480987329268828, 'rtc_check_time': 0.012225701997522265, 'experiment_id': 'exp_20240619_200443', 'client_id': '2'}
[2024-06-19 20:05:43,022][root][INFO] - Added data to batch for client 2: {'round': 4, 'step_no': 243, 'loss': 0.23789818584918976, 'accuracy': 0.9375, 'l2_norm': 0.2899719178676605, 'computation_time': 0.04730987548828125, 'batch_time': 0.05444521418394288, 'rtc_check_time': 0.0055942010003491305, 'experiment_id': 'exp_20240619_200443', 'client_id': '2'}
[2024-06-19 20:05:43,023][root][INFO] - Added data to batch for client 2: {'round': 4, 'step_no': 244, 'loss': 0.409034788608551, 'accuracy': 0.9296875, 'l2_norm': 0.3321266770362854, 'computation_time': 0.0633699893951416, 'batch_time': 0.06677333443803946, 'rtc_check_time': 0.0018602999989525415, 'experiment_id': 'exp_20240619_200443', 'client_id': '2'}
[2024-06-19 20:05:43,024][root][INFO] - Added data to batch for client 2: {'round': 4, 'step_no': 245, 'loss': 0.18390733003616333, 'accuracy': 0.932692289352417, 'l2_norm': 0.31515058875083923, 'computation_time': 0.04997420310974121, 'batch_time': 0.06251954304025276, 'rtc_check_time': 0.01122450100228889, 'experiment_id': 'exp_20240619_200443', 'client_id': '2'}
[2024-06-19 20:05:43,025][root][INFO] - Added data to batch for client 2: {'round': 4, 'step_no': 246, 'loss': 0.08717425167560577, 'accuracy': 0.9352678656578064, 'l2_norm': 0.3180343806743622, 'computation_time': 0.04485917091369629, 'batch_time': 0.04954573635041015, 'rtc_check_time': 0.003384799994819332, 'experiment_id': 'exp_20240619_200443', 'client_id': '2'}
[2024-06-19 20:05:43,026][root][INFO] - Added data to batch for client 2: {'round': 4, 'step_no': 247, 'loss': 0.14823055267333984, 'accuracy': 0.9354166388511658, 'l2_norm': 0.33655884861946106, 'computation_time': 0.04601788520812988, 'batch_time': 0.05697186379256891, 'rtc_check_time': 0.009457902000576723, 'experiment_id': 'exp_20240619_200443', 'client_id': '2'}
[2024-06-19 20:05:43,027][root][INFO] - Added data to batch for client 2: {'round': 4, 'step_no': 248, 'loss': 0.445243775844574, 'accuracy': 0.927734375, 'l2_norm': 0.3824683129787445, 'computation_time': 0.062235116958618164, 'batch_time': 0.06630874166148715, 'rtc_check_time': 0.001990799995837733, 'experiment_id': 'exp_20240619_200443', 'client_id': '2'}
[2024-06-19 20:05:43,028][root][INFO] - Added data to batch for client 2: {'round': 4, 'step_no': 249, 'loss': 0.28481197357177734, 'accuracy': 0.9246323704719543, 'l2_norm': 0.38382309675216675, 'computation_time': 0.05581188201904297, 'batch_time': 0.05948177765094442, 'rtc_check_time': 0.001980699998966884, 'experiment_id': 'exp_20240619_200443', 'client_id': '2'}
[2024-06-19 20:05:43,030][root][INFO] - Added data to batch for client 2: {'round': 4, 'step_no': 250, 'loss': 0.345988929271698, 'accuracy': 0.9236111044883728, 'l2_norm': 0.39946746826171875, 'computation_time': 0.05473208427429199, 'batch_time': 0.06474294843064854, 'rtc_check_time': 0.008184101003280375, 'experiment_id': 'exp_20240619_200443', 'client_id': '2'}
[2024-06-19 20:05:43,031][root][INFO] - Added data to batch for client 2: {'round': 4, 'step_no': 251, 'loss': 0.053826384246349335, 'accuracy': 0.9276315569877625, 'l2_norm': 0.4062184691429138, 'computation_time': 0.05677008628845215, 'batch_time': 0.06190005558892153, 'rtc_check_time': 0.002734100999077782, 'experiment_id': 'exp_20240619_200443', 'client_id': '2'}
[2024-06-19 20:05:43,032][root][INFO] - Added data to batch for client 2: {'round': 4, 'step_no': 252, 'loss': 0.3892853260040283, 'accuracy': 0.926562488079071, 'l2_norm': 0.45231834053993225, 'computation_time': 0.06316208839416504, 'batch_time': 0.06681048999598715, 'rtc_check_time': 0.0020777000027010217, 'experiment_id': 'exp_20240619_200443', 'client_id': '2'}
[2024-06-19 20:05:43,033][root][INFO] - Added data to batch for client 2: {'round': 4, 'step_no': 253, 'loss': 0.1332194060087204, 'accuracy': 0.9285714030265808, 'l2_norm': 0.4575515687465668, 'computation_time': 0.05982398986816406, 'batch_time': 0.06440619514614809, 'rtc_check_time': 0.0026050000014947727, 'experiment_id': 'exp_20240619_200443', 'client_id': '2'}
[2024-06-19 20:05:43,034][root][INFO] - Added data to batch for client 2: {'round': 4, 'step_no': 254, 'loss': 0.3779885470867157, 'accuracy': 0.9275568127632141, 'l2_norm': 0.4882558584213257, 'computation_time': 0.07803893089294434, 'batch_time': 0.08313187388557708, 'rtc_check_time': 0.0026419999994686805, 'experiment_id': 'exp_20240619_200443', 'client_id': '2'}
[2024-06-19 20:05:43,035][root][INFO] - Added data to batch for client 2: {'round': 4, 'step_no': 255, 'loss': 0.31267911195755005, 'accuracy': 0.92798912525177, 'l2_norm': 0.49610844254493713, 'computation_time': 0.06300187110900879, 'batch_time': 0.07206599807250313, 'rtc_check_time': 0.007457900996087119, 'experiment_id': 'exp_20240619_200443', 'client_id': '2'}
[2024-06-19 20:05:43,036][root][INFO] - Added data to batch for client 2: {'round': 4, 'step_no': 256, 'loss': 0.35877299308776855, 'accuracy': 0.9270833134651184, 'l2_norm': 0.5125553011894226, 'computation_time': 0.06635713577270508, 'batch_time': 0.07295229016744997, 'rtc_check_time': 0.004842301001190208, 'experiment_id': 'exp_20240619_200443', 'client_id': '2'}
[2024-06-19 20:05:43,037][root][INFO] - Added data to batch for client 2: {'round': 4, 'step_no': 257, 'loss': 0.12897363305091858, 'accuracy': 0.9275000095367432, 'l2_norm': 0.5277448296546936, 'computation_time': 0.0682840347290039, 'batch_time': 0.07253469459101325, 'rtc_check_time': 0.0021067999987280928, 'experiment_id': 'exp_20240619_200443', 'client_id': '2'}
[2024-06-19 20:05:43,038][root][INFO] - Added data to batch for client 2: {'round': 4, 'step_no': 258, 'loss': 0.2013784497976303, 'accuracy': 0.9290865659713745, 'l2_norm': 0.5696044564247131, 'computation_time': 0.05628609657287598, 'batch_time': 0.06279743550112471, 'rtc_check_time': 0.005190500000026077, 'experiment_id': 'exp_20240619_200443', 'client_id': '2'}
[2024-06-19 20:05:43,039][root][INFO] - Added data to batch for client 2: {'round': 4, 'step_no': 259, 'loss': 0.07004609704017639, 'accuracy': 0.9317129850387573, 'l2_norm': 0.5644232034683228, 'computation_time': 0.05362892150878906, 'batch_time': 0.05888690488791326, 'rtc_check_time': 0.0037569000051007606, 'experiment_id': 'exp_20240619_200443', 'client_id': '2'}
[2024-06-19 20:05:43,040][root][INFO] - Added data to batch for client 2: {'round': 4, 'step_no': 260, 'loss': 0.04494341090321541, 'accuracy': 0.9341517686843872, 'l2_norm': 0.5628640651702881, 'computation_time': 0.05628800392150879, 'batch_time': 0.06825102051516296, 'rtc_check_time': 0.009915000999171752, 'experiment_id': 'exp_20240619_200443', 'client_id': '2'}
[2024-06-19 20:05:43,041][root][INFO] - Added data to batch for client 2: {'round': 4, 'step_no': 261, 'loss': 0.17212194204330444, 'accuracy': 0.9331896305084229, 'l2_norm': 0.5855472683906555, 'computation_time': 0.049913883209228516, 'batch_time': 0.05514003327698447, 'rtc_check_time': 0.003710999997565523, 'experiment_id': 'exp_20240619_200443', 'client_id': '2'}
[2024-06-19 20:05:43,042][root][INFO] - Added data to batch for client 2: {'round': 4, 'step_no': 262, 'loss': 0.2893008589744568, 'accuracy': 0.9333333373069763, 'l2_norm': 0.6057946681976318, 'computation_time': 0.06422090530395508, 'batch_time': 0.06965993866469944, 'rtc_check_time': 0.0026729010060080327, 'experiment_id': 'exp_20240619_200443', 'client_id': '2'}
[2024-06-19 20:05:43,043][root][INFO] - Added data to batch for client 2: {'round': 4, 'step_no': 263, 'loss': 0.43682360649108887, 'accuracy': 0.9334677457809448, 'l2_norm': 0.6332064270973206, 'computation_time': 0.05803704261779785, 'batch_time': 0.08199846133356914, 'rtc_check_time': 0.02110850199824199, 'experiment_id': 'exp_20240619_200443', 'client_id': '2'}
[2024-06-19 20:05:43,044][root][INFO] - Added data to batch for client 2: {'round': 4, 'step_no': 264, 'loss': 0.3839194178581238, 'accuracy': 0.9345703125, 'l2_norm': 0.658260703086853, 'computation_time': 0.06163787841796875, 'batch_time': 0.06562443057191558, 'rtc_check_time': 0.002824499999405816, 'experiment_id': 'exp_20240619_200443', 'client_id': '2'}
[2024-06-19 20:05:43,045][root][INFO] - Added data to batch for client 2: {'round': 4, 'step_no': 265, 'loss': 0.3907899856567383, 'accuracy': 0.9337121248245239, 'l2_norm': 0.6773319244384766, 'computation_time': 0.03943014144897461, 'batch_time': 0.04599328213953413, 'rtc_check_time': 0.005417300999397412, 'experiment_id': 'exp_20240619_200443', 'client_id': '2'}
[2024-06-19 20:05:43,046][root][INFO] - Added data to batch for client 2: {'round': 4, 'step_no': 266, 'loss': 0.17153307795524597, 'accuracy': 0.9347426295280457, 'l2_norm': 0.6721226572990417, 'computation_time': 0.04191899299621582, 'batch_time': 0.04667245972814271, 'rtc_check_time': 0.0035814009970636107, 'experiment_id': 'exp_20240619_200443', 'client_id': '2'}
[2024-06-19 20:05:43,047][root][INFO] - Added data to batch for client 2: {'round': 4, 'step_no': 267, 'loss': 0.23683038353919983, 'accuracy': 0.9348214268684387, 'l2_norm': 0.6963563561439514, 'computation_time': 0.042723894119262695, 'batch_time': 0.0455955759389326, 'rtc_check_time': 0.001575400005094707, 'experiment_id': 'exp_20240619_200443', 'client_id': '2'}
[2024-06-19 20:05:43,048][root][INFO] - Added data to batch for client 2: {'round': 4, 'step_no': 268, 'loss': 0.1499762237071991, 'accuracy': 0.9331597089767456, 'l2_norm': 0.7220674753189087, 'computation_time': 0.04129195213317871, 'batch_time': 0.04630277607066091, 'rtc_check_time': 0.003772001000470482, 'experiment_id': 'exp_20240619_200443', 'client_id': '2'}
[2024-06-19 20:05:43,050][root][INFO] - Added data to batch for client 2: {'round': 4, 'step_no': 269, 'loss': 0.12747758626937866, 'accuracy': 0.9349662065505981, 'l2_norm': 0.7441365718841553, 'computation_time': 0.04214000701904297, 'batch_time': 0.04977386660902994, 'rtc_check_time': 0.006427699998312164, 'experiment_id': 'exp_20240619_200443', 'client_id': '2'}
[2024-06-19 20:05:43,051][root][INFO] - Added data to batch for client 2: {'round': 4, 'step_no': 270, 'loss': 0.2226816713809967, 'accuracy': 0.9350329041481018, 'l2_norm': 0.8011433482170105, 'computation_time': 0.04125690460205078, 'batch_time': 0.049693662142090034, 'rtc_check_time': 0.00653060100012226, 'experiment_id': 'exp_20240619_200443', 'client_id': '2'}
[2024-06-19 20:05:43,052][root][INFO] - Added data to batch for client 2: {'round': 4, 'step_no': 271, 'loss': 0.09366565942764282, 'accuracy': 0.9358974099159241, 'l2_norm': 0.8164669275283813, 'computation_time': 0.046517133712768555, 'batch_time': 0.05526483551511774, 'rtc_check_time': 0.007556800999736879, 'experiment_id': 'exp_20240619_200443', 'client_id': '2'}
[2024-06-19 20:05:43,054][root][INFO] - Added data to batch for client 2: {'round': 4, 'step_no': 272, 'loss': 0.19855338335037231, 'accuracy': 0.9359375238418579, 'l2_norm': 0.8435437083244324, 'computation_time': 0.05214881896972656, 'batch_time': 0.05617820387124084, 'rtc_check_time': 0.00227510099648498, 'experiment_id': 'exp_20240619_200443', 'client_id': '2'}
[2024-06-19 20:05:43,055][root][INFO] - Added data to batch for client 2: {'round': 4, 'step_no': 273, 'loss': 0.2015809565782547, 'accuracy': 0.9367377758026123, 'l2_norm': 0.8290464282035828, 'computation_time': 0.04737997055053711, 'batch_time': 0.05374748440954136, 'rtc_check_time': 0.004816601001948584, 'experiment_id': 'exp_20240619_200443', 'client_id': '2'}
[2024-06-19 20:05:43,056][root][INFO] - Added data to batch for client 2: {'round': 4, 'step_no': 274, 'loss': 0.18237720429897308, 'accuracy': 0.9375, 'l2_norm': 0.8296874165534973, 'computation_time': 0.04924798011779785, 'batch_time': 0.05747318453359185, 'rtc_check_time': 0.007134200997825246, 'experiment_id': 'exp_20240619_200443', 'client_id': '2'}
[2024-06-19 20:05:43,058][root][INFO] - Added data to batch for client 2: {'round': 4, 'step_no': 275, 'loss': 0.34548547863960266, 'accuracy': 0.9367732405662537, 'l2_norm': 0.8749464154243469, 'computation_time': 0.046037912368774414, 'batch_time': 0.04885157987155253, 'rtc_check_time': 0.0016087000039988197, 'experiment_id': 'exp_20240619_200443', 'client_id': '2'}
[2024-06-19 20:05:43,059][root][INFO] - Added data to batch for client 2: {'round': 4, 'step_no': 276, 'loss': 0.6318087577819824, 'accuracy': 0.9353693127632141, 'l2_norm': 0.9519938826560974, 'computation_time': 0.0412139892578125, 'batch_time': 0.04547288708999986, 'rtc_check_time': 0.003136899998935405, 'experiment_id': 'exp_20240619_200443', 'client_id': '2'}
[2024-06-19 20:05:43,060][root][INFO] - Added data to batch for client 2: {'round': 4, 'step_no': 277, 'loss': 0.19046221673488617, 'accuracy': 0.9354166388511658, 'l2_norm': 0.9475239515304565, 'computation_time': 0.03857588768005371, 'batch_time': 0.04186358409788227, 'rtc_check_time': 0.002237700995465275, 'experiment_id': 'exp_20240619_200443', 'client_id': '2'}
[2024-06-19 20:05:43,064][root][INFO] - Added data to batch for client 2: {'round': 4, 'step_no': 278, 'loss': 0.1262776404619217, 'accuracy': 0.936141312122345, 'l2_norm': 0.9491270184516907, 'computation_time': 0.04026198387145996, 'batch_time': 0.050197288852359634, 'rtc_check_time': 0.008847401004459243, 'experiment_id': 'exp_20240619_200443', 'client_id': '2'}
[2024-06-19 20:05:43,066][root][INFO] - Added data to batch for client 2: {'round': 4, 'step_no': 279, 'loss': 0.15227800607681274, 'accuracy': 0.9368351101875305, 'l2_norm': 0.985053539276123, 'computation_time': 0.0518949031829834, 'batch_time': 0.058395906278747134, 'rtc_check_time': 0.005231900999206118, 'experiment_id': 'exp_20240619_200443', 'client_id': '2'}
[2024-06-19 20:05:43,068][root][INFO] - Added data to batch for client 2: {'round': 4, 'step_no': 280, 'loss': 0.10745128989219666, 'accuracy': 0.9368489384651184, 'l2_norm': 0.9663408994674683, 'computation_time': 0.04720807075500488, 'batch_time': 0.05102980288938852, 'rtc_check_time': 0.0027138009972986765, 'experiment_id': 'exp_20240619_200443', 'client_id': '2'}
[2024-06-19 20:05:43,069][root][INFO] - Added data to batch for client 2: {'round': 4, 'step_no': 281, 'loss': 0.0751534253358841, 'accuracy': 0.9381377696990967, 'l2_norm': 0.9648793935775757, 'computation_time': 0.04394197463989258, 'batch_time': 0.04973328102641972, 'rtc_check_time': 0.004631399999198038, 'experiment_id': 'exp_20240619_200443', 'client_id': '2'}
[2024-06-19 20:05:43,070][root][INFO] - Added data to batch for client 2: {'round': 4, 'step_no': 282, 'loss': 0.25206148624420166, 'accuracy': 0.9375, 'l2_norm': 0.9925030469894409, 'computation_time': 0.042616844177246094, 'batch_time': 0.04535508395929355, 'rtc_check_time': 0.001550200002384372, 'experiment_id': 'exp_20240619_200443', 'client_id': '2'}
[2024-06-19 20:05:43,071][root][INFO] - Added data to batch for client 2: {'round': 4, 'step_no': 283, 'loss': 0.1519976705312729, 'accuracy': 0.938112735748291, 'l2_norm': 1.0225462913513184, 'computation_time': 0.039263010025024414, 'batch_time': 0.04249791664915392, 'rtc_check_time': 0.0019000009997398593, 'experiment_id': 'exp_20240619_200443', 'client_id': '2'}
[2024-06-19 20:05:43,072][root][INFO] - Added data to batch for client 2: {'round': 4, 'step_no': 284, 'loss': 0.2993917465209961, 'accuracy': 0.9375, 'l2_norm': 1.0568727254867554, 'computation_time': 0.0558621883392334, 'batch_time': 0.06001093067607144, 'rtc_check_time': 0.0027559009977267124, 'experiment_id': 'exp_20240619_200443', 'client_id': '2'}
[2024-06-19 20:05:43,073][root][INFO] - Added data to batch for client 2: {'round': 4, 'step_no': 285, 'loss': 0.2070990800857544, 'accuracy': 0.9369103908538818, 'l2_norm': 1.0788360834121704, 'computation_time': 0.04759097099304199, 'batch_time': 0.05212882917840034, 'rtc_check_time': 0.0034037010045722127, 'experiment_id': 'exp_20240619_200443', 'client_id': '2'}
[2024-06-19 20:05:43,074][root][INFO] - Added data to batch for client 2: {'round': 4, 'step_no': 286, 'loss': 0.05326036736369133, 'accuracy': 0.9380787014961243, 'l2_norm': 1.0828547477722168, 'computation_time': 0.04505205154418945, 'batch_time': 0.051187616314564366, 'rtc_check_time': 0.004824501003895421, 'experiment_id': 'exp_20240619_200443', 'client_id': '2'}
[2024-06-19 20:05:43,076][root][INFO] - Added data to batch for client 2: {'round': 4, 'step_no': 287, 'loss': 0.10978005826473236, 'accuracy': 0.9392045736312866, 'l2_norm': 1.101255178451538, 'computation_time': 0.04304003715515137, 'batch_time': 0.04673746611661045, 'rtc_check_time': 0.0024865009982022457, 'experiment_id': 'exp_20240619_200443', 'client_id': '2'}
[2024-06-19 20:05:43,078][root][INFO] - Added data to batch for client 2: {'round': 4, 'step_no': 288, 'loss': 0.11775761097669601, 'accuracy': 0.9397321343421936, 'l2_norm': 1.1174755096435547, 'computation_time': 0.04123687744140625, 'batch_time': 0.04419421395868994, 'rtc_check_time': 0.001916401000926271, 'experiment_id': 'exp_20240619_200443', 'client_id': '2'}
[2024-06-19 20:05:43,080][root][INFO] - Added data to batch for client 2: {'round': 4, 'step_no': 289, 'loss': 0.11307089775800705, 'accuracy': 0.9396929740905762, 'l2_norm': 1.1199398040771484, 'computation_time': 0.044799089431762695, 'batch_time': 0.0489603891473962, 'rtc_check_time': 0.002409399996395223, 'experiment_id': 'exp_20240619_200443', 'client_id': '2'}
[2024-06-19 20:05:43,081][root][INFO] - Added data to batch for client 2: {'round': 4, 'step_no': 290, 'loss': 0.2882084846496582, 'accuracy': 0.9401939511299133, 'l2_norm': 1.1696934700012207, 'computation_time': 0.045185089111328125, 'batch_time': 0.04988302738638595, 'rtc_check_time': 0.003624100994784385, 'experiment_id': 'exp_20240619_200443', 'client_id': '2'}
[2024-06-19 20:05:43,083][root][INFO] - Added data to batch for client 2: {'round': 4, 'step_no': 291, 'loss': 0.22939421236515045, 'accuracy': 0.9396186470985413, 'l2_norm': 1.1934937238693237, 'computation_time': 0.04532003402709961, 'batch_time': 0.04806710393313551, 'rtc_check_time': 0.001470099996367935, 'experiment_id': 'exp_20240619_200443', 'client_id': '2'}
[2024-06-19 20:05:43,084][root][INFO] - Added data to batch for client 2: {'round': 4, 'step_no': 292, 'loss': 0.03651264309883118, 'accuracy': 0.940625011920929, 'l2_norm': 1.1983578205108643, 'computation_time': 0.04770612716674805, 'batch_time': 0.06292980072612409, 'rtc_check_time': 0.013699702001758851, 'experiment_id': 'exp_20240619_200443', 'client_id': '2'}
[2024-06-19 20:05:43,085][root][INFO] - Added data to batch for client 2: {'round': 4, 'step_no': 293, 'loss': 0.13614198565483093, 'accuracy': 0.9405737519264221, 'l2_norm': 1.2504594326019287, 'computation_time': 0.04501008987426758, 'batch_time': 0.04987681325292215, 'rtc_check_time': 0.0036248010001145303, 'experiment_id': 'exp_20240619_200443', 'client_id': '2'}
[2024-06-19 20:05:43,086][root][INFO] - Added data to batch for client 2: {'round': 4, 'step_no': 294, 'loss': 0.21116001904010773, 'accuracy': 0.9405242204666138, 'l2_norm': 1.324529767036438, 'computation_time': 0.055589914321899414, 'batch_time': 0.061749323656840716, 'rtc_check_time': 0.004674300005717669, 'experiment_id': 'exp_20240619_200443', 'client_id': '2'}
[2024-06-19 20:05:43,087][root][INFO] - Added data to batch for client 2: {'round': 4, 'step_no': 295, 'loss': 0.15519492328166962, 'accuracy': 0.9404761791229248, 'l2_norm': 1.2967798709869385, 'computation_time': 0.059661865234375, 'batch_time': 0.06723993614286883, 'rtc_check_time': 0.006301100998825859, 'experiment_id': 'exp_20240619_200443', 'client_id': '2'}
[2024-06-19 20:05:43,088][root][INFO] - Added data to batch for client 2: {'round': 4, 'step_no': 296, 'loss': 0.061804190278053284, 'accuracy': 0.94091796875, 'l2_norm': 1.2952810525894165, 'computation_time': 0.04989004135131836, 'batch_time': 0.053219809735310264, 'rtc_check_time': 0.001702800000202842, 'experiment_id': 'exp_20240619_200443', 'client_id': '2'}
[2024-06-19 20:05:43,089][root][INFO] - Added data to batch for client 2: {'round': 4, 'step_no': 297, 'loss': 0.26864027976989746, 'accuracy': 0.9408653974533081, 'l2_norm': 1.3358577489852905, 'computation_time': 0.0469670295715332, 'batch_time': 0.05296574022213463, 'rtc_check_time': 0.004691699999966659, 'experiment_id': 'exp_20240619_200443', 'client_id': '2'}
[2024-06-19 20:05:43,090][root][INFO] - Added data to batch for client 2: {'round': 4, 'step_no': 298, 'loss': 0.28129881620407104, 'accuracy': 0.9403409361839294, 'l2_norm': 1.3604940176010132, 'computation_time': 0.04987597465515137, 'batch_time': 0.0537544458929915, 'rtc_check_time': 0.0019685000006575137, 'experiment_id': 'exp_20240619_200443', 'client_id': '2'}
[2024-06-19 20:05:43,091][root][INFO] - Added data to batch for client 2: {'round': 4, 'step_no': 299, 'loss': 0.14269016683101654, 'accuracy': 0.9407649040222168, 'l2_norm': 1.4331609010696411, 'computation_time': 0.04411888122558594, 'batch_time': 0.04907593296957202, 'rtc_check_time': 0.003659100999357179, 'experiment_id': 'exp_20240619_200443', 'client_id': '2'}
[2024-06-19 20:05:43,093][root][INFO] - Added data to batch for client 2: {'round': 4, 'step_no': 300, 'loss': 0.14528046548366547, 'accuracy': 0.9407169222831726, 'l2_norm': 1.3950153589248657, 'computation_time': 0.047226905822753906, 'batch_time': 0.05210193664242979, 'rtc_check_time': 0.003589001004002057, 'experiment_id': 'exp_20240619_200443', 'client_id': '2'}
[2024-06-19 20:05:43,094][root][INFO] - Added data to batch for client 2: {'round': 4, 'step_no': 301, 'loss': 0.14495114982128143, 'accuracy': 0.9397644996643066, 'l2_norm': 1.4406521320343018, 'computation_time': 0.0625760555267334, 'batch_time': 0.06658750224596588, 'rtc_check_time': 0.0016665999937686138, 'experiment_id': 'exp_20240619_200443', 'client_id': '2'}
[2024-06-19 20:05:43,095][root][INFO] - Added data to batch for client 2: {'round': 4, 'step_no': 302, 'loss': 0.06790008395910263, 'accuracy': 0.9401785731315613, 'l2_norm': 1.4666767120361328, 'computation_time': 0.04352307319641113, 'batch_time': 0.04669053499674192, 'rtc_check_time': 0.001717400002235081, 'experiment_id': 'exp_20240619_200443', 'client_id': '2'}
[2024-06-19 20:05:43,096][root][INFO] - Added data to batch for client 2: {'round': 4, 'step_no': 303, 'loss': 0.3595919609069824, 'accuracy': 0.9392605423927307, 'l2_norm': 1.5296202898025513, 'computation_time': 0.045761823654174805, 'batch_time': 0.05046389067865675, 'rtc_check_time': 0.0034517999956733547, 'experiment_id': 'exp_20240619_200443', 'client_id': '2'}
[2024-06-19 20:05:43,100][root][INFO] - Added data to batch for client 2: {'round': 4, 'step_no': 304, 'loss': 0.059706903994083405, 'accuracy': 0.9401041865348816, 'l2_norm': 1.5333729982376099, 'computation_time': 0.05305314064025879, 'batch_time': 0.056457940918335225, 'rtc_check_time': 0.001863901001343038, 'experiment_id': 'exp_20240619_200443', 'client_id': '2'}
[2024-06-19 20:05:43,101][root][INFO] - Added data to batch for client 2: {'round': 4, 'step_no': 305, 'loss': 0.27081000804901123, 'accuracy': 0.940496563911438, 'l2_norm': 1.5797301530838013, 'computation_time': 0.059905052185058594, 'batch_time': 0.06422942165954737, 'rtc_check_time': 0.0024473000012221746, 'experiment_id': 'exp_20240619_200443', 'client_id': '2'}
[2024-06-19 20:05:43,102][root][INFO] - Added data to batch for client 2: {'round': 4, 'step_no': 306, 'loss': 0.26219600439071655, 'accuracy': 0.9400337934494019, 'l2_norm': 1.6505879163742065, 'computation_time': 0.04474496841430664, 'batch_time': 0.04930700360273477, 'rtc_check_time': 0.003343000993481837, 'experiment_id': 'exp_20240619_200443', 'client_id': '2'}
[2024-06-19 20:05:43,103][root][INFO] - Added data to batch for client 2: {'round': 4, 'step_no': 307, 'loss': 0.11517137289047241, 'accuracy': 0.940416693687439, 'l2_norm': 1.6358386278152466, 'computation_time': 0.04398298263549805, 'batch_time': 0.04863516109617194, 'rtc_check_time': 0.0033372999969287775, 'experiment_id': 'exp_20240619_200443', 'client_id': '2'}
[2024-06-19 20:05:43,104][root][INFO] - Added data to batch for client 2: {'round': 4, 'step_no': 308, 'loss': 0.12735186517238617, 'accuracy': 0.9407894611358643, 'l2_norm': 1.6574918031692505, 'computation_time': 0.045758962631225586, 'batch_time': 0.048902053997153416, 'rtc_check_time': 0.0018089009972754866, 'experiment_id': 'exp_20240619_200443', 'client_id': '2'}
[2024-06-19 20:05:43,105][root][INFO] - Added data to batch for client 2: {'round': 4, 'step_no': 309, 'loss': 0.16672402620315552, 'accuracy': 0.9411525726318359, 'l2_norm': 1.6817644834518433, 'computation_time': 0.03979206085205078, 'batch_time': 0.04304578455776209, 'rtc_check_time': 0.002189900005760137, 'experiment_id': 'exp_20240619_200443', 'client_id': '2'}
[2024-06-19 20:05:43,106][root][INFO] - Added data to batch for client 2: {'round': 4, 'step_no': 310, 'loss': 0.11656952649354935, 'accuracy': 0.9415063858032227, 'l2_norm': 1.7080590724945068, 'computation_time': 0.03895282745361328, 'batch_time': 0.043047137100074906, 'rtc_check_time': 0.0029951999968034215, 'experiment_id': 'exp_20240619_200443', 'client_id': '2'}
[2024-06-19 20:05:43,108][root][INFO] - Added data to batch for client 2: {'round': 4, 'step_no': 311, 'loss': 0.3115774691104889, 'accuracy': 0.940664529800415, 'l2_norm': 1.7963385581970215, 'computation_time': 0.04260396957397461, 'batch_time': 0.04586151076364331, 'rtc_check_time': 0.002205400000093505, 'experiment_id': 'exp_20240619_200443', 'client_id': '2'}
[2024-06-19 20:05:43,110][root][INFO] - Added data to batch for client 2: {'round': 4, 'step_no': 312, 'loss': 0.1769818514585495, 'accuracy': 0.940625011920929, 'l2_norm': 1.7909672260284424, 'computation_time': 0.040367841720581055, 'batch_time': 0.052706451519043185, 'rtc_check_time': 0.01131460200122092, 'experiment_id': 'exp_20240619_200443', 'client_id': '2'}
[2024-06-19 20:05:43,111][root][INFO] - Added data to batch for client 2: {'round': 4, 'step_no': 313, 'loss': 0.2162455916404724, 'accuracy': 0.9402006268501282, 'l2_norm': 1.7999851703643799, 'computation_time': 0.04308581352233887, 'batch_time': 0.0478638105923892, 'rtc_check_time': 0.0034809999997378327, 'experiment_id': 'exp_20240619_200443', 'client_id': '2'}
[2024-06-19 20:05:43,112][root][INFO] - Added data to batch for client 2: {'round': 4, 'step_no': 314, 'loss': 0.319056898355484, 'accuracy': 0.9397866129875183, 'l2_norm': 1.8521214723587036, 'computation_time': 0.04958510398864746, 'batch_time': 0.05217456952232169, 'rtc_check_time': 0.0012455000032787211, 'experiment_id': 'exp_20240619_200443', 'client_id': '2'}
[2024-06-19 20:05:43,113][root][INFO] - Added data to batch for client 2: {'round': 4, 'step_no': 315, 'loss': 0.19555333256721497, 'accuracy': 0.9397590160369873, 'l2_norm': 1.8684195280075073, 'computation_time': 0.04281282424926758, 'batch_time': 0.04840869218605803, 'rtc_check_time': 0.004387800996482838, 'experiment_id': 'exp_20240619_200443', 'client_id': '2'}
[2024-06-19 20:05:43,114][root][INFO] - Added data to batch for client 2: {'round': 4, 'step_no': 316, 'loss': 0.19981199502944946, 'accuracy': 0.9393601417541504, 'l2_norm': 1.9022223949432373, 'computation_time': 0.04741692543029785, 'batch_time': 0.05031963004876161, 'rtc_check_time': 0.0017756999950506724, 'experiment_id': 'exp_20240619_200443', 'client_id': '2'}
[2024-06-19 20:05:43,115][root][INFO] - Added data to batch for client 2: {'round': 4, 'step_no': 317, 'loss': 0.16269376873970032, 'accuracy': 0.939338207244873, 'l2_norm': 1.938990831375122, 'computation_time': 0.0483400821685791, 'batch_time': 0.05242534026183421, 'rtc_check_time': 0.0027853999999933876, 'experiment_id': 'exp_20240619_200443', 'client_id': '2'}
[2024-06-19 20:05:43,116][root][INFO] - Added data to batch for client 2: {'round': 4, 'step_no': 318, 'loss': 0.15630993247032166, 'accuracy': 0.9396802186965942, 'l2_norm': 1.9643950462341309, 'computation_time': 0.050096988677978516, 'batch_time': 0.05648216179542942, 'rtc_check_time': 0.004053200995258521, 'experiment_id': 'exp_20240619_200443', 'client_id': '2'}
[2024-06-19 20:05:43,117][root][INFO] - Added data to batch for client 2: {'round': 4, 'step_no': 319, 'loss': 0.11544796824455261, 'accuracy': 0.9396551847457886, 'l2_norm': 1.9793263673782349, 'computation_time': 0.04756903648376465, 'batch_time': 0.05099665351008298, 'rtc_check_time': 0.0019797009954345413, 'experiment_id': 'exp_20240619_200443', 'client_id': '2'}
[2024-06-19 20:05:43,118][root][INFO] - Added data to batch for client 2: {'round': 4, 'step_no': 320, 'loss': 0.08061863481998444, 'accuracy': 0.9403409361839294, 'l2_norm': 2.0088276863098145, 'computation_time': 0.04098010063171387, 'batch_time': 0.04449139202188235, 'rtc_check_time': 0.0024334009940503165, 'experiment_id': 'exp_20240619_200443', 'client_id': '2'}
[2024-06-19 20:05:43,119][root][INFO] - Added data to batch for client 2: {'round': 4, 'step_no': 321, 'loss': 0.291278600692749, 'accuracy': 0.9403089880943298, 'l2_norm': 2.015903949737549, 'computation_time': 0.0514681339263916, 'batch_time': 0.054210012742260005, 'rtc_check_time': 0.0014661009990959428, 'experiment_id': 'exp_20240619_200443', 'client_id': '2'}
[2024-06-19 20:05:43,120][root][INFO] - Added data to batch for client 2: {'round': 4, 'step_no': 322, 'loss': 0.1971450001001358, 'accuracy': 0.940625011920929, 'l2_norm': 2.0354249477386475, 'computation_time': 0.05063295364379883, 'batch_time': 0.05565245071193203, 'rtc_check_time': 0.003722499997820705, 'experiment_id': 'exp_20240619_200443', 'client_id': '2'}
[2024-06-19 20:05:43,121][root][INFO] - Added data to batch for client 2: {'round': 4, 'step_no': 323, 'loss': 0.24743008613586426, 'accuracy': 0.9399038553237915, 'l2_norm': 2.0415124893188477, 'computation_time': 0.04822206497192383, 'batch_time': 0.05282180335052544, 'rtc_check_time': 0.002464700002747122, 'experiment_id': 'exp_20240619_200443', 'client_id': '2'}
[2024-06-19 20:05:43,122][root][INFO] - Added data to batch for client 2: {'round': 4, 'step_no': 324, 'loss': 0.12498810887336731, 'accuracy': 0.9402173757553101, 'l2_norm': 2.0575904846191406, 'computation_time': 0.05144214630126953, 'batch_time': 0.053849352487304714, 'rtc_check_time': 0.0012833010041504167, 'experiment_id': 'exp_20240619_200443', 'client_id': '2'}
[2024-06-19 20:05:43,123][root][INFO] - Added data to batch for client 2: {'round': 4, 'step_no': 325, 'loss': 0.3147665858268738, 'accuracy': 0.9398521780967712, 'l2_norm': 2.0880041122436523, 'computation_time': 0.04279685020446777, 'batch_time': 0.04664930762373842, 'rtc_check_time': 0.00254330100142397, 'experiment_id': 'exp_20240619_200443', 'client_id': '2'}
[2024-06-19 20:05:43,124][root][INFO] - Added data to batch for client 2: {'round': 4, 'step_no': 326, 'loss': 0.38633352518081665, 'accuracy': 0.938829779624939, 'l2_norm': 2.106762647628784, 'computation_time': 0.0549929141998291, 'batch_time': 0.05796859657129971, 'rtc_check_time': 0.0016824999984237365, 'experiment_id': 'exp_20240619_200443', 'client_id': '2'}
[2024-06-19 20:05:43,125][root][INFO] - Added data to batch for client 2: {'round': 4, 'step_no': 327, 'loss': 0.1491958200931549, 'accuracy': 0.9391447305679321, 'l2_norm': 2.155869245529175, 'computation_time': 0.05581998825073242, 'batch_time': 0.059464375794050284, 'rtc_check_time': 0.002038399994489737, 'experiment_id': 'exp_20240619_200443', 'client_id': '2'}
[2024-06-19 20:05:43,127][root][INFO] - Added data to batch for client 2: {'round': 4, 'step_no': 328, 'loss': 0.13982953131198883, 'accuracy': 0.9391276240348816, 'l2_norm': 2.167133092880249, 'computation_time': 0.04698801040649414, 'batch_time': 0.05221178886858979, 'rtc_check_time': 0.004116800999327097, 'experiment_id': 'exp_20240619_200443', 'client_id': '2'}
[2024-06-19 20:05:43,128][root][INFO] - Added data to batch for client 2: {'round': 4, 'step_no': 329, 'loss': 0.2874549627304077, 'accuracy': 0.938788652420044, 'l2_norm': 2.183258533477783, 'computation_time': 0.04704689979553223, 'batch_time': 0.050762093131197616, 'rtc_check_time': 0.0023120999976526946, 'experiment_id': 'exp_20240619_200443', 'client_id': '2'}
[2024-06-19 20:05:43,129][root][INFO] - Added data to batch for client 2: {'round': 4, 'step_no': 330, 'loss': 0.20288781821727753, 'accuracy': 0.9387755393981934, 'l2_norm': 2.2181150913238525, 'computation_time': 0.05028581619262695, 'batch_time': 0.06175516408984549, 'rtc_check_time': 0.009851201000856236, 'experiment_id': 'exp_20240619_200443', 'client_id': '2'}
[2024-06-19 20:05:43,130][root][INFO] - Added data to batch for client 2: {'round': 4, 'step_no': 331, 'loss': 0.08245088160037994, 'accuracy': 0.9390782713890076, 'l2_norm': 2.2212913036346436, 'computation_time': 0.04564499855041504, 'batch_time': 0.0513233541205409, 'rtc_check_time': 0.004444301004696172, 'experiment_id': 'exp_20240619_200443', 'client_id': '2'}
[2024-06-19 20:05:43,132][root][INFO] - Added data to batch for client 2: {'round': 4, 'step_no': 332, 'loss': 0.12208091467618942, 'accuracy': 0.9393749833106995, 'l2_norm': 2.2350335121154785, 'computation_time': 0.04637598991394043, 'batch_time': 0.049101356089522596, 'rtc_check_time': 0.0013422999982140027, 'experiment_id': 'exp_20240619_200443', 'client_id': '2'}
[2024-06-19 20:05:43,134][root][INFO] - Added data to batch for client 2: {'round': 4, 'step_no': 333, 'loss': 0.2962086796760559, 'accuracy': 0.9387376308441162, 'l2_norm': 2.2875781059265137, 'computation_time': 0.04407906532287598, 'batch_time': 0.047706455072329845, 'rtc_check_time': 0.0017774999942048453, 'experiment_id': 'exp_20240619_200443', 'client_id': '2'}
[2024-06-19 20:05:43,135][root][INFO] - Added data to batch for client 2: {'round': 4, 'step_no': 334, 'loss': 0.3820399045944214, 'accuracy': 0.938112735748291, 'l2_norm': 2.2978696823120117, 'computation_time': 0.05652904510498047, 'batch_time': 0.06215374732710188, 'rtc_check_time': 0.003758600003493484, 'experiment_id': 'exp_20240619_200443', 'client_id': '2'}
[2024-06-19 20:05:43,136][root][INFO] - Added data to batch for client 2: {'round': 4, 'step_no': 335, 'loss': 0.23888081312179565, 'accuracy': 0.938410222530365, 'l2_norm': 2.3059656620025635, 'computation_time': 0.05170392990112305, 'batch_time': 0.054823144055262674, 'rtc_check_time': 0.0014901000031386502, 'experiment_id': 'exp_20240619_200443', 'client_id': '2'}
[2024-06-19 20:05:43,137][root][INFO] - Added data to batch for client 2: {'round': 4, 'step_no': 336, 'loss': 0.06654420495033264, 'accuracy': 0.9390023946762085, 'l2_norm': 2.321552038192749, 'computation_time': 0.045838117599487305, 'batch_time': 0.05273967231187271, 'rtc_check_time': 0.005534700998396147, 'experiment_id': 'exp_20240619_200443', 'client_id': '2'}
[2024-06-19 20:05:43,138][root][INFO] - Added data to batch for client 2: {'round': 4, 'step_no': 337, 'loss': 0.2592109441757202, 'accuracy': 0.9386904835700989, 'l2_norm': 2.355635404586792, 'computation_time': 0.04583621025085449, 'batch_time': 0.054811022462672554, 'rtc_check_time': 0.0076709010027116165, 'experiment_id': 'exp_20240619_200443', 'client_id': '2'}
[2024-06-19 20:05:43,139][root][INFO] - Added data to batch for client 2: {'round': 4, 'step_no': 338, 'loss': 0.1071835532784462, 'accuracy': 0.9389740824699402, 'l2_norm': 2.370532512664795, 'computation_time': 0.05476784706115723, 'batch_time': 0.05796883546281606, 'rtc_check_time': 0.0019357010023668408, 'experiment_id': 'exp_20240619_200443', 'client_id': '2'}
[2024-06-19 20:05:43,141][root][INFO] - Added data to batch for client 2: {'round': 4, 'step_no': 339, 'loss': 0.09861747920513153, 'accuracy': 0.9389602541923523, 'l2_norm': 2.39420223236084, 'computation_time': 0.05257296562194824, 'batch_time': 0.05891584987693932, 'rtc_check_time': 0.004419799995957874, 'experiment_id': 'exp_20240619_200443', 'client_id': '2'}
[2024-06-19 20:05:43,142][root][INFO] - Added data to batch for client 2: {'round': 4, 'step_no': 340, 'loss': 0.13295692205429077, 'accuracy': 0.9389467835426331, 'l2_norm': 2.407665967941284, 'computation_time': 0.04471611976623535, 'batch_time': 0.04786427685758099, 'rtc_check_time': 0.002056199999060482, 'experiment_id': 'exp_20240619_200443', 'client_id': '2'}
[2024-06-19 20:05:43,143][root][INFO] - Added data to batch for client 2: {'round': 4, 'step_no': 341, 'loss': 0.27996695041656494, 'accuracy': 0.9392201900482178, 'l2_norm': 2.452868700027466, 'computation_time': 0.04163408279418945, 'batch_time': 0.045200415785075165, 'rtc_check_time': 0.002383300001383759, 'experiment_id': 'exp_20240619_200443', 'client_id': '2'}
[2024-06-19 20:05:43,144][root][INFO] - Added data to batch for client 2: {'round': 4, 'step_no': 342, 'loss': 0.3171800971031189, 'accuracy': 0.9386363625526428, 'l2_norm': 2.4948549270629883, 'computation_time': 0.04376101493835449, 'batch_time': 0.04874834531074157, 'rtc_check_time': 0.00370439999824157, 'experiment_id': 'exp_20240619_200443', 'client_id': '2'}
[2024-06-19 20:05:43,145][root][INFO] - Added data to batch for client 2: {'round': 4, 'step_no': 343, 'loss': 0.09982571005821228, 'accuracy': 0.9389076828956604, 'l2_norm': 2.5215368270874023, 'computation_time': 0.043929100036621094, 'batch_time': 0.04793706777127227, 'rtc_check_time': 0.0026280009988113306, 'experiment_id': 'exp_20240619_200443', 'client_id': '2'}
[2024-06-19 20:05:43,146][root][INFO] - Added data to batch for client 2: {'round': 4, 'step_no': 344, 'loss': 0.0894712433218956, 'accuracy': 0.9391741156578064, 'l2_norm': 2.5280632972717285, 'computation_time': 0.04910707473754883, 'batch_time': 0.05558077020396013, 'rtc_check_time': 0.00426570100535173, 'experiment_id': 'exp_20240619_200443', 'client_id': '2'}
[2024-06-19 20:05:43,148][root][INFO] - Added data to batch for client 2: {'round': 4, 'step_no': 345, 'loss': 0.0644075945019722, 'accuracy': 0.9394358396530151, 'l2_norm': 2.537639856338501, 'computation_time': 0.04584193229675293, 'batch_time': 0.04957748389279004, 'rtc_check_time': 0.0025703999999677762, 'experiment_id': 'exp_20240619_200443', 'client_id': '2'}
[2024-06-19 20:05:43,149][root][INFO] - Added data to batch for client 2: {'round': 4, 'step_no': 346, 'loss': 0.19065788388252258, 'accuracy': 0.9391447305679321, 'l2_norm': 2.587728977203369, 'computation_time': 0.05262589454650879, 'batch_time': 0.05520961821457604, 'rtc_check_time': 0.0014715009965584613, 'experiment_id': 'exp_20240619_200443', 'client_id': '2'}
[2024-06-19 20:05:43,150][root][INFO] - Added data to batch for client 2: {'round': 4, 'step_no': 347, 'loss': 0.03844219073653221, 'accuracy': 0.939673900604248, 'l2_norm': 2.585531234741211, 'computation_time': 0.04128599166870117, 'batch_time': 0.046174215254723094, 'rtc_check_time': 0.00381820100301411, 'experiment_id': 'exp_20240619_200443', 'client_id': '2'}
[2024-06-19 20:05:43,151][root][INFO] - Added data to batch for client 2: {'round': 4, 'step_no': 348, 'loss': 0.1987682282924652, 'accuracy': 0.9393857717514038, 'l2_norm': 2.6784749031066895, 'computation_time': 0.04743313789367676, 'batch_time': 0.05248659260541899, 'rtc_check_time': 0.003478699996776413, 'experiment_id': 'exp_20240619_200443', 'client_id': '2'}
[2024-06-19 20:05:43,152][root][INFO] - Added data to batch for client 2: {'round': 4, 'step_no': 349, 'loss': 0.23467525839805603, 'accuracy': 0.9391025900840759, 'l2_norm': 2.7082104682922363, 'computation_time': 0.04437708854675293, 'batch_time': 0.04880262912774924, 'rtc_check_time': 0.0030656010058009997, 'experiment_id': 'exp_20240619_200443', 'client_id': '2'}
[2024-06-19 20:05:43,153][root][INFO] - Added data to batch for client 2: {'round': 4, 'step_no': 350, 'loss': 0.5137537121772766, 'accuracy': 0.9382944703102112, 'l2_norm': 2.7943005561828613, 'computation_time': 0.049233198165893555, 'batch_time': 0.05387958694336703, 'rtc_check_time': 0.003468600996711757, 'experiment_id': 'exp_20240619_200443', 'client_id': '2'}
[2024-06-19 20:05:43,154][root][INFO] - Added data to batch for client 2: {'round': 4, 'step_no': 351, 'loss': 0.4253503680229187, 'accuracy': 0.9372373819351196, 'l2_norm': 2.8082635402679443, 'computation_time': 0.04046297073364258, 'batch_time': 0.045285140644409694, 'rtc_check_time': 0.003545200001099147, 'experiment_id': 'exp_20240619_200443', 'client_id': '2'}
[2024-06-19 20:05:43,155][root][INFO] - Added data to batch for client 2: {'round': 4, 'step_no': 352, 'loss': 0.09805210679769516, 'accuracy': 0.9372395873069763, 'l2_norm': 2.817413330078125, 'computation_time': 0.04066801071166992, 'batch_time': 0.04325419375527417, 'rtc_check_time': 0.0015101999961188994, 'experiment_id': 'exp_20240619_200443', 'client_id': '2'}
[2024-06-19 20:05:43,156][root][INFO] - Added data to batch for client 2: {'round': 4, 'step_no': 353, 'loss': 0.18068096041679382, 'accuracy': 0.9369834661483765, 'l2_norm': 2.8162097930908203, 'computation_time': 0.041754961013793945, 'batch_time': 0.04746741537383059, 'rtc_check_time': 0.0045144010000512935, 'experiment_id': 'exp_20240619_200443', 'client_id': '2'}
[2024-06-19 20:05:43,157][root][INFO] - Added data to batch for client 2: {'round': 4, 'step_no': 354, 'loss': 0.1848592758178711, 'accuracy': 0.9369876980781555, 'l2_norm': 2.830906629562378, 'computation_time': 0.04391193389892578, 'batch_time': 0.04749584892851999, 'rtc_check_time': 0.0023438999996869825, 'experiment_id': 'exp_20240619_200443', 'client_id': '2'}
[2024-06-19 20:05:43,158][root][INFO] - Added data to batch for client 2: {'round': 4, 'step_no': 355, 'loss': 0.39398062229156494, 'accuracy': 0.9362296462059021, 'l2_norm': 2.8797125816345215, 'computation_time': 0.04196286201477051, 'batch_time': 0.0449275693463278, 'rtc_check_time': 0.0018954000042867847, 'experiment_id': 'exp_20240619_200443', 'client_id': '2'}
[2024-06-19 20:05:43,159][root][INFO] - Added data to batch for client 2: {'round': 4, 'step_no': 356, 'loss': 0.09683433175086975, 'accuracy': 0.936743974685669, 'l2_norm': 2.891024589538574, 'computation_time': 0.049249887466430664, 'batch_time': 0.051771811908110976, 'rtc_check_time': 0.0013768000062555075, 'experiment_id': 'exp_20240619_200443', 'client_id': '2'}
[2024-06-19 20:05:43,161][root][INFO] - Added data to batch for client 2: {'round': 4, 'step_no': 357, 'loss': 0.1650201976299286, 'accuracy': 0.9367499947547913, 'l2_norm': 2.91336989402771, 'computation_time': 0.04846501350402832, 'batch_time': 0.05838897520879982, 'rtc_check_time': 0.008724000996153336, 'experiment_id': 'exp_20240619_200443', 'client_id': '2'}
[2024-06-19 20:05:43,162][root][INFO] - Added data to batch for client 2: {'round': 4, 'step_no': 358, 'loss': 0.32676127552986145, 'accuracy': 0.9365079402923584, 'l2_norm': 2.926494598388672, 'computation_time': 0.054936885833740234, 'batch_time': 0.05824070818925975, 'rtc_check_time': 0.0018056000044452958, 'experiment_id': 'exp_20240619_200443', 'client_id': '2'}
[2024-06-19 20:05:43,164][root][INFO] - Added data to batch for client 2: {'round': 4, 'step_no': 359, 'loss': 0.05570581555366516, 'accuracy': 0.9370078444480896, 'l2_norm': 2.948432207107544, 'computation_time': 0.041639089584350586, 'batch_time': 0.04582243815093534, 'rtc_check_time': 0.0027824009957839735, 'experiment_id': 'exp_20240619_200443', 'client_id': '2'}
[2024-06-19 20:05:43,166][root][INFO] - Added data to batch for client 2: {'round': 4, 'step_no': 360, 'loss': 0.27941185235977173, 'accuracy': 0.936767578125, 'l2_norm': 2.9768128395080566, 'computation_time': 0.05675005912780762, 'batch_time': 0.05946291184227448, 'rtc_check_time': 0.001553900001454167, 'experiment_id': 'exp_20240619_200443', 'client_id': '2'}
[2024-06-19 20:05:43,167][root][INFO] - Added data to batch for client 2: {'round': 4, 'step_no': 361, 'loss': 0.4010533094406128, 'accuracy': 0.9360465407371521, 'l2_norm': 3.0538012981414795, 'computation_time': 0.05546402931213379, 'batch_time': 0.058620028583391104, 'rtc_check_time': 0.0016150999945239164, 'experiment_id': 'exp_20240619_200443', 'client_id': '2'}
[2024-06-19 20:05:43,169][root][INFO] - Added data to batch for client 2: {'round': 4, 'step_no': 362, 'loss': 0.03077409416437149, 'accuracy': 0.9365384578704834, 'l2_norm': 3.0487775802612305, 'computation_time': 0.03861808776855469, 'batch_time': 0.04219362011644989, 'rtc_check_time': 0.002431600005365908, 'experiment_id': 'exp_20240619_200443', 'client_id': '2'}
[2024-06-19 20:05:43,171][root][INFO] - Added data to batch for client 2: {'round': 4, 'step_no': 363, 'loss': 0.14181576669216156, 'accuracy': 0.9365457892417908, 'l2_norm': 3.0598833560943604, 'computation_time': 0.04045295715332031, 'batch_time': 0.042813852574909106, 'rtc_check_time': 0.0013108999992255121, 'experiment_id': 'exp_20240619_200443', 'client_id': '2'}
[2024-06-19 20:05:43,172][root][INFO] - Added data to batch for client 2: {'round': 4, 'step_no': 364, 'loss': 0.0864042416214943, 'accuracy': 0.9367897510528564, 'l2_norm': 3.0706279277801514, 'computation_time': 0.0420689582824707, 'batch_time': 0.05059209367755102, 'rtc_check_time': 0.007476000995666254, 'experiment_id': 'exp_20240619_200443', 'client_id': '2'}
[2024-06-19 20:05:43,174][root][INFO] - Added data to batch for client 2: {'round': 4, 'step_no': 365, 'loss': 0.10833477973937988, 'accuracy': 0.9370300769805908, 'l2_norm': 3.0940322875976562, 'computation_time': 0.04252791404724121, 'batch_time': 0.04512228656676598, 'rtc_check_time': 0.001417299994500354, 'experiment_id': 'exp_20240619_200443', 'client_id': '2'}
[2024-06-19 20:05:43,175][root][INFO] - Added data to batch for client 2: {'round': 4, 'step_no': 366, 'loss': 0.06831564754247665, 'accuracy': 0.9375, 'l2_norm': 3.1079587936401367, 'computation_time': 0.04216599464416504, 'batch_time': 0.04557055776240304, 'rtc_check_time': 0.002132599998731166, 'experiment_id': 'exp_20240619_200443', 'client_id': '2'}
[2024-06-19 20:05:43,177][root][INFO] - Added data to batch for client 2: {'round': 4, 'step_no': 367, 'loss': 0.11177901923656464, 'accuracy': 0.9375, 'l2_norm': 3.1336913108825684, 'computation_time': 0.04784107208251953, 'batch_time': 0.05069449073198484, 'rtc_check_time': 0.001505400003225077, 'experiment_id': 'exp_20240619_200443', 'client_id': '2'}
[2024-06-19 20:05:43,178][root][INFO] - Added data to batch for client 2: {'round': 4, 'step_no': 368, 'loss': 0.16603530943393707, 'accuracy': 0.9375, 'l2_norm': 3.1409871578216553, 'computation_time': 0.05117988586425781, 'batch_time': 0.05433243946026778, 'rtc_check_time': 0.0017795009989640675, 'experiment_id': 'exp_20240619_200443', 'client_id': '2'}
[2024-06-19 20:05:43,179][root][INFO] - Added data to batch for client 2: {'round': 4, 'step_no': 369, 'loss': 0.10130511969327927, 'accuracy': 0.9377281069755554, 'l2_norm': 3.1565840244293213, 'computation_time': 0.04933500289916992, 'batch_time': 0.05543132245657034, 'rtc_check_time': 0.0047905009996611625, 'experiment_id': 'exp_20240619_200443', 'client_id': '2'}
[2024-06-19 20:05:43,180][root][INFO] - Added data to batch for client 2: {'round': 4, 'step_no': 370, 'loss': 0.36026257276535034, 'accuracy': 0.9372735619544983, 'l2_norm': 3.2241291999816895, 'computation_time': 0.04413604736328125, 'batch_time': 0.0515238072257489, 'rtc_check_time': 0.006262901006266475, 'experiment_id': 'exp_20240619_200443', 'client_id': '2'}
[2024-06-19 20:05:43,181][root][INFO] - Added data to batch for client 2: {'round': 4, 'step_no': 371, 'loss': 0.21755987405776978, 'accuracy': 0.9372751712799072, 'l2_norm': 3.2407000064849854, 'computation_time': 0.04287981986999512, 'batch_time': 0.047261762294510845, 'rtc_check_time': 0.0029469009969034232, 'experiment_id': 'exp_20240619_200443', 'client_id': '2'}
[2024-06-19 20:05:43,182][root][INFO] - Added data to batch for client 2: {'round': 4, 'step_no': 372, 'loss': 0.03561326116323471, 'accuracy': 0.9377232193946838, 'l2_norm': 3.255275011062622, 'computation_time': 0.0451350212097168, 'batch_time': 0.048464692568813916, 'rtc_check_time': 0.0016338000059477054, 'experiment_id': 'exp_20240619_200443', 'client_id': '2'}
[2024-06-19 20:05:43,183][root][INFO] - Added data to batch for client 2: {'round': 4, 'step_no': 373, 'loss': 0.03906187415122986, 'accuracy': 0.9381648898124695, 'l2_norm': 3.2655181884765625, 'computation_time': 0.04462003707885742, 'batch_time': 0.04763632811955176, 'rtc_check_time': 0.0018992999976035208, 'experiment_id': 'exp_20240619_200443', 'client_id': '2'}
[2024-06-19 20:05:43,184][root][INFO] - Added data to batch for client 2: {'round': 4, 'step_no': 374, 'loss': 0.04829006642103195, 'accuracy': 0.9383803009986877, 'l2_norm': 3.276588201522827, 'computation_time': 0.04571080207824707, 'batch_time': 0.05266773045877926, 'rtc_check_time': 0.005486601003212854, 'experiment_id': 'exp_20240619_200443', 'client_id': '2'}
[2024-06-19 20:05:43,185][root][INFO] - Added data to batch for client 2: {'round': 4, 'step_no': 375, 'loss': 0.18883422017097473, 'accuracy': 0.9381555914878845, 'l2_norm': 3.367016077041626, 'computation_time': 0.04820990562438965, 'batch_time': 0.05265246428461978, 'rtc_check_time': 0.002542601003369782, 'experiment_id': 'exp_20240619_200443', 'client_id': '2'}
[2024-06-19 20:05:43,187][root][INFO] - Added data to batch for client 2: {'round': 4, 'step_no': 376, 'loss': 0.3065648078918457, 'accuracy': 0.9379340410232544, 'l2_norm': 3.432086944580078, 'computation_time': 0.04719996452331543, 'batch_time': 0.05512626906420337, 'rtc_check_time': 0.006238301000848878, 'experiment_id': 'exp_20240619_200443', 'client_id': '2'}
[2024-06-19 20:05:43,188][root][INFO] - Added data to batch for client 2: {'round': 4, 'step_no': 377, 'loss': 0.17768457531929016, 'accuracy': 0.9381465315818787, 'l2_norm': 3.471860885620117, 'computation_time': 0.04275083541870117, 'batch_time': 0.04595316346967593, 'rtc_check_time': 0.001949199999216944, 'experiment_id': 'exp_20240619_200443', 'client_id': '2'}
[2024-06-19 20:05:43,189][root][INFO] - Added data to batch for client 2: {'round': 4, 'step_no': 378, 'loss': 0.1264653205871582, 'accuracy': 0.9383561611175537, 'l2_norm': 3.4860618114471436, 'computation_time': 0.03924202919006348, 'batch_time': 0.045272466908500064, 'rtc_check_time': 0.00495350099663483, 'experiment_id': 'exp_20240619_200443', 'client_id': '2'}
[2024-06-19 20:05:43,191][root][INFO] - Added data to batch for client 2: {'round': 4, 'step_no': 379, 'loss': 0.1368146538734436, 'accuracy': 0.9385629296302795, 'l2_norm': 3.4998881816864014, 'computation_time': 0.03959393501281738, 'batch_time': 0.04405145060445648, 'rtc_check_time': 0.003220600003260188, 'experiment_id': 'exp_20240619_200443', 'client_id': '2'}
[2024-06-19 20:05:43,192][root][INFO] - Added data to batch for client 2: {'round': 4, 'step_no': 380, 'loss': 0.30565571784973145, 'accuracy': 0.9381334185600281, 'l2_norm': 3.589409589767456, 'computation_time': 0.046911001205444336, 'batch_time': 0.05047124142583925, 'rtc_check_time': 0.002161199998226948, 'experiment_id': 'exp_20240619_200443', 'client_id': '2'}
[2024-06-19 20:05:43,194][root][INFO] - Added data to batch for client 2: {'round': 4, 'step_no': 381, 'loss': 0.1403699815273285, 'accuracy': 0.9383389353752136, 'l2_norm': 3.6199417114257812, 'computation_time': 0.052948951721191406, 'batch_time': 0.05564543485525064, 'rtc_check_time': 0.0015782999980729073, 'experiment_id': 'exp_20240619_200443', 'client_id': '2'}
[2024-06-19 20:05:43,195][root][INFO] - Added data to batch for client 2: {'round': 4, 'step_no': 382, 'loss': 0.060753073543310165, 'accuracy': 0.9385416507720947, 'l2_norm': 3.637746572494507, 'computation_time': 0.044257164001464844, 'batch_time': 0.0497191857357393, 'rtc_check_time': 0.004259200002707075, 'experiment_id': 'exp_20240619_200443', 'client_id': '2'}
[2024-06-19 20:05:43,196][root][INFO] - Added data to batch for client 2: {'round': 4, 'step_no': 383, 'loss': 0.3890776038169861, 'accuracy': 0.9383277893066406, 'l2_norm': 3.6810054779052734, 'computation_time': 0.06055593490600586, 'batch_time': 0.06365173941594549, 'rtc_check_time': 0.0019626010034698993, 'experiment_id': 'exp_20240619_200443', 'client_id': '2'}
[2024-06-19 20:05:43,197][root][INFO] - Added data to batch for client 2: {'round': 4, 'step_no': 384, 'loss': 0.3153999447822571, 'accuracy': 0.9379112124443054, 'l2_norm': 3.704651355743408, 'computation_time': 0.06341910362243652, 'batch_time': 0.06711914825427812, 'rtc_check_time': 0.0026243000029353425, 'experiment_id': 'exp_20240619_200443', 'client_id': '2'}
[2024-06-19 20:05:43,198][root][INFO] - Added data to batch for client 2: {'round': 4, 'step_no': 385, 'loss': 0.2657296657562256, 'accuracy': 0.9377042651176453, 'l2_norm': 3.7545769214630127, 'computation_time': 0.04057812690734863, 'batch_time': 0.044032103724021, 'rtc_check_time': 0.0023861000008764677, 'experiment_id': 'exp_20240619_200443', 'client_id': '2'}
[2024-06-19 20:05:43,200][root][INFO] - Added data to batch for client 2: {'round': 4, 'step_no': 386, 'loss': 0.17452119290828705, 'accuracy': 0.9379058480262756, 'l2_norm': 3.7865047454833984, 'computation_time': 0.04424595832824707, 'batch_time': 0.048902675771387294, 'rtc_check_time': 0.003344700002344325, 'experiment_id': 'exp_20240619_200443', 'client_id': '2'}
[2024-06-19 20:05:43,201][root][INFO] - Added data to batch for client 2: {'round': 4, 'step_no': 387, 'loss': 0.2114785760641098, 'accuracy': 0.9379032254219055, 'l2_norm': 3.8169000148773193, 'computation_time': 0.03961491584777832, 'batch_time': 0.04406794401438674, 'rtc_check_time': 0.00341399999888381, 'experiment_id': 'exp_20240619_200443', 'client_id': '2'}
[2024-06-19 20:05:43,202][root][INFO] - Added data to batch for client 2: {'round': 4, 'step_no': 388, 'loss': 0.05953193083405495, 'accuracy': 0.9383012652397156, 'l2_norm': 3.813520669937134, 'computation_time': 0.04079604148864746, 'batch_time': 0.04570712432905566, 'rtc_check_time': 0.003871100998367183, 'experiment_id': 'exp_20240619_200443', 'client_id': '2'}
[2024-06-19 20:05:43,204][root][INFO] - Added data to batch for client 2: {'round': 4, 'step_no': 389, 'loss': 0.16666452586650848, 'accuracy': 0.9382961988449097, 'l2_norm': 3.8120040893554688, 'computation_time': 0.043699026107788086, 'batch_time': 0.04642092012363719, 'rtc_check_time': 0.0015360000033979304, 'experiment_id': 'exp_20240619_200443', 'client_id': '2'}
[2024-06-19 20:05:43,205][root][INFO] - Added data to batch for client 2: {'round': 4, 'step_no': 390, 'loss': 0.13531573116779327, 'accuracy': 0.9382911324501038, 'l2_norm': 3.86836838722229, 'computation_time': 0.0451052188873291, 'batch_time': 0.05268175825767685, 'rtc_check_time': 0.006252601000596769, 'experiment_id': 'exp_20240619_200443', 'client_id': '2'}
[2024-06-19 20:05:43,206][root][INFO] - Added data to batch for client 2: {'round': 4, 'step_no': 391, 'loss': 0.26856961846351624, 'accuracy': 0.9380896091461182, 'l2_norm': 3.9136581420898438, 'computation_time': 0.04060006141662598, 'batch_time': 0.04333025245432509, 'rtc_check_time': 0.0016131999946082942, 'experiment_id': 'exp_20240619_200443', 'client_id': '2'}
[2024-06-19 20:05:43,207][root][INFO] - Added data to batch for client 2: {'round': 4, 'step_no': 392, 'loss': 0.13104531168937683, 'accuracy': 0.938281238079071, 'l2_norm': 3.926926851272583, 'computation_time': 0.04234480857849121, 'batch_time': 0.04509793718898436, 'rtc_check_time': 0.0015031000002636574, 'experiment_id': 'exp_20240619_200443', 'client_id': '2'}
[2024-06-19 20:05:43,208][root][INFO] - Added data to batch for client 2: {'round': 4, 'step_no': 393, 'loss': 0.2738373875617981, 'accuracy': 0.9382764101028442, 'l2_norm': 3.9526937007904053, 'computation_time': 0.0407559871673584, 'batch_time': 0.04485575454600621, 'rtc_check_time': 0.002888600996811874, 'experiment_id': 'exp_20240619_200443', 'client_id': '2'}
[2024-06-19 20:05:43,210][root][INFO] - Added data to batch for client 2: {'round': 4, 'step_no': 394, 'loss': 0.21731749176979065, 'accuracy': 0.9380787014961243, 'l2_norm': 3.985055685043335, 'computation_time': 0.04646492004394531, 'batch_time': 0.050919026194605976, 'rtc_check_time': 0.0030739009962417185, 'experiment_id': 'exp_20240619_200443', 'client_id': '2'}
[2024-06-19 20:05:43,211][root][INFO] - Added data to batch for client 2: {'round': 4, 'step_no': 395, 'loss': 0.13039842247962952, 'accuracy': 0.9382668733596802, 'l2_norm': 3.992173194885254, 'computation_time': 0.049662113189697266, 'batch_time': 0.05336560579598881, 'rtc_check_time': 0.002381700003752485, 'experiment_id': 'exp_20240619_200443', 'client_id': '2'}
[2024-06-19 20:05:43,212][root][INFO] - Added data to batch for client 2: {'round': 4, 'step_no': 396, 'loss': 0.2528828978538513, 'accuracy': 0.9382622241973877, 'l2_norm': 4.035202980041504, 'computation_time': 0.050118207931518555, 'batch_time': 0.0564779720880324, 'rtc_check_time': 0.0045330010034376755, 'experiment_id': 'exp_20240619_200443', 'client_id': '2'}
[2024-06-19 20:05:43,213][root][INFO] - Added data to batch for client 2: {'round': 4, 'step_no': 397, 'loss': 0.5135235786437988, 'accuracy': 0.9382575750350952, 'l2_norm': 4.0819244384765625, 'computation_time': 0.044116973876953125, 'batch_time': 0.04809257356100716, 'rtc_check_time': 0.0027784999983850867, 'experiment_id': 'exp_20240619_200443', 'client_id': '2'}
[2024-06-19 20:05:43,215][root][INFO] - Added data to batch for client 2: {'round': 4, 'step_no': 398, 'loss': 0.12443715333938599, 'accuracy': 0.938441276550293, 'l2_norm': 4.109063625335693, 'computation_time': 0.04195809364318848, 'batch_time': 0.045795512764016166, 'rtc_check_time': 0.0027426010055933148, 'experiment_id': 'exp_20240619_200443', 'client_id': '2'}
[2024-06-19 20:05:43,216][root][INFO] - Added data to batch for client 2: {'round': 4, 'step_no': 399, 'loss': 0.08922363817691803, 'accuracy': 0.938622772693634, 'l2_norm': 4.1214189529418945, 'computation_time': 0.04604697227478027, 'batch_time': 0.05215077845787164, 'rtc_check_time': 0.004979901001206599, 'experiment_id': 'exp_20240619_200443', 'client_id': '2'}
[2024-06-19 20:05:43,217][root][INFO] - Added data to batch for client 2: {'round': 4, 'step_no': 400, 'loss': 0.08371338993310928, 'accuracy': 0.9388020634651184, 'l2_norm': 4.1268510818481445, 'computation_time': 0.040827035903930664, 'batch_time': 0.04783130319265183, 'rtc_check_time': 0.005835300995386206, 'experiment_id': 'exp_20240619_200443', 'client_id': '2'}
[2024-06-19 20:05:43,218][root][INFO] - Added data to batch for client 2: {'round': 4, 'step_no': 401, 'loss': 0.12687784433364868, 'accuracy': 0.9389792680740356, 'l2_norm': 4.165037631988525, 'computation_time': 0.0468449592590332, 'batch_time': 0.052634806954301894, 'rtc_check_time': 0.003791900002397597, 'experiment_id': 'exp_20240619_200443', 'client_id': '2'}
[2024-06-19 20:05:43,219][root][INFO] - Added data to batch for client 2: {'round': 4, 'step_no': 402, 'loss': 0.06434426456689835, 'accuracy': 0.9391543865203857, 'l2_norm': 4.1944379806518555, 'computation_time': 0.04953908920288086, 'batch_time': 0.052944219583878294, 'rtc_check_time': 0.0021222000068519264, 'experiment_id': 'exp_20240619_200443', 'client_id': '2'}
[2024-06-19 20:05:43,220][root][INFO] - Added data to batch for client 2: {'round': 4, 'step_no': 403, 'loss': 0.186201274394989, 'accuracy': 0.9389619827270508, 'l2_norm': 4.25070333480835, 'computation_time': 0.07278108596801758, 'batch_time': 0.079170288547175, 'rtc_check_time': 0.0035432000004220754, 'experiment_id': 'exp_20240619_200443', 'client_id': '2'}
[2024-06-19 20:05:43,222][root][INFO] - Added data to batch for client 2: {'round': 4, 'step_no': 404, 'loss': 0.07362700253725052, 'accuracy': 0.9391351938247681, 'l2_norm': 4.272042274475098, 'computation_time': 0.07369804382324219, 'batch_time': 0.08035114256927045, 'rtc_check_time': 0.004762200995173771, 'experiment_id': 'exp_20240619_200443', 'client_id': '2'}
[2024-06-19 20:05:43,223][root][INFO] - Added data to batch for client 2: {'round': 4, 'step_no': 405, 'loss': 0.12425515055656433, 'accuracy': 0.939306378364563, 'l2_norm': 4.32870626449585, 'computation_time': 0.0631101131439209, 'batch_time': 0.07239378461963497, 'rtc_check_time': 0.006387600995367393, 'experiment_id': 'exp_20240619_200443', 'client_id': '2'}
[2024-06-19 20:05:43,224][root][INFO] - Added data to batch for client 2: {'round': 4, 'step_no': 406, 'loss': 0.168037548661232, 'accuracy': 0.9392959475517273, 'l2_norm': 4.353511333465576, 'computation_time': 0.058605194091796875, 'batch_time': 0.07114516547153471, 'rtc_check_time': 0.011308301000099164, 'experiment_id': 'exp_20240619_200443', 'client_id': '2'}
[2024-06-19 20:05:43,226][root][INFO] - Added data to batch for client 2: {'round': 4, 'step_no': 407, 'loss': 0.19501911103725433, 'accuracy': 0.939464271068573, 'l2_norm': 4.357501029968262, 'computation_time': 0.050042152404785156, 'batch_time': 0.05810499068320496, 'rtc_check_time': 0.006989000998146366, 'experiment_id': 'exp_20240619_200443', 'client_id': '2'}
[2024-06-19 20:05:43,227][root][INFO] - Added data to batch for client 2: {'round': 4, 'step_no': 408, 'loss': 0.047093987464904785, 'accuracy': 0.9398082494735718, 'l2_norm': 4.364380359649658, 'computation_time': 0.044206857681274414, 'batch_time': 0.04801693009358132, 'rtc_check_time': 0.0024189000032492913, 'experiment_id': 'exp_20240619_200443', 'client_id': '2'}
[2024-06-19 20:05:43,228][root][INFO] - Added data to batch for client 2: {'round': 4, 'step_no': 409, 'loss': 0.17592301964759827, 'accuracy': 0.9396186470985413, 'l2_norm': 4.434991836547852, 'computation_time': 0.04919600486755371, 'batch_time': 0.05381754026893759, 'rtc_check_time': 0.0033665000009932555, 'experiment_id': 'exp_20240619_200443', 'client_id': '2'}
[2024-06-19 20:05:43,229][root][INFO] - Added data to batch for client 2: {'round': 4, 'step_no': 410, 'loss': 0.04475238919258118, 'accuracy': 0.939957857131958, 'l2_norm': 4.491059303283691, 'computation_time': 0.050436973571777344, 'batch_time': 0.05354252266988624, 'rtc_check_time': 0.0020546000014292076, 'experiment_id': 'exp_20240619_200443', 'client_id': '2'}
[2024-06-19 20:05:43,230][root][INFO] - Added data to batch for client 2: {'round': 4, 'step_no': 411, 'loss': 0.052078329026699066, 'accuracy': 0.9401187300682068, 'l2_norm': 4.5066423416137695, 'computation_time': 0.05573105812072754, 'batch_time': 0.05874111304001417, 'rtc_check_time': 0.0016071999998530373, 'experiment_id': 'exp_20240619_200443', 'client_id': '2'}
[2024-06-19 20:05:43,231][root][INFO] - Added data to batch for client 2: {'round': 4, 'step_no': 412, 'loss': 0.3835843801498413, 'accuracy': 0.9395833611488342, 'l2_norm': 4.599050998687744, 'computation_time': 0.05445694923400879, 'batch_time': 0.058085430195205845, 'rtc_check_time': 0.0021993999980622903, 'experiment_id': 'exp_20240619_200443', 'client_id': '2'}
[2024-06-19 20:05:43,232][root][INFO] - Added data to batch for client 2: {'round': 4, 'step_no': 413, 'loss': 0.3209335207939148, 'accuracy': 0.9393991827964783, 'l2_norm': 4.606063365936279, 'computation_time': 0.0516510009765625, 'batch_time': 0.05983220560301561, 'rtc_check_time': 0.00645100099791307, 'experiment_id': 'exp_20240619_200443', 'client_id': '2'}
[2024-06-19 20:05:43,233][root][INFO] - Added data to batch for client 2: {'round': 4, 'step_no': 414, 'loss': 0.10109396278858185, 'accuracy': 0.9393887519836426, 'l2_norm': 4.628002166748047, 'computation_time': 0.0605769157409668, 'batch_time': 0.06441218444524566, 'rtc_check_time': 0.0025943000000552274, 'experiment_id': 'exp_20240619_200443', 'client_id': '2'}
[2024-06-19 20:05:43,235][root][INFO] - Added data to batch for client 2: {'round': 4, 'step_no': 415, 'loss': 0.10216216742992401, 'accuracy': 0.9395492076873779, 'l2_norm': 4.659015655517578, 'computation_time': 0.06353902816772461, 'batch_time': 0.06669742362282705, 'rtc_check_time': 0.001553599999169819, 'experiment_id': 'exp_20240619_200443', 'client_id': '2'}
[2024-06-19 20:05:43,236][root][INFO] - Added data to batch for client 2: {'round': 4, 'step_no': 416, 'loss': 0.061178795993328094, 'accuracy': 0.93970787525177, 'l2_norm': 4.704533576965332, 'computation_time': 0.049841880798339844, 'batch_time': 0.05426795978564769, 'rtc_check_time': 0.0030659009935334325, 'experiment_id': 'exp_20240619_200443', 'client_id': '2'}
[2024-06-19 20:05:43,237][root][INFO] - Added data to batch for client 2: {'round': 4, 'step_no': 417, 'loss': 0.2089737355709076, 'accuracy': 0.9398648738861084, 'l2_norm': 4.736419200897217, 'computation_time': 0.048410892486572266, 'batch_time': 0.05853381891938625, 'rtc_check_time': 0.008769900996412616, 'experiment_id': 'exp_20240619_200443', 'client_id': '2'}
[2024-06-19 20:05:43,238][root][INFO] - Added data to batch for client 2: {'round': 4, 'step_no': 418, 'loss': 0.07638232409954071, 'accuracy': 0.9400201439857483, 'l2_norm': 4.775752544403076, 'computation_time': 0.047882795333862305, 'batch_time': 0.06293379107955843, 'rtc_check_time': 0.013783800997771323, 'experiment_id': 'exp_20240619_200443', 'client_id': '2'}
[2024-06-19 20:05:43,239][root][INFO] - Added data to batch for client 2: {'round': 4, 'step_no': 419, 'loss': 0.1534528136253357, 'accuracy': 0.9401738047599792, 'l2_norm': 4.806696891784668, 'computation_time': 0.05121803283691406, 'batch_time': 0.05861287943844218, 'rtc_check_time': 0.005854900999111123, 'experiment_id': 'exp_20240619_200443', 'client_id': '2'}
[2024-06-19 20:05:43,240][root][INFO] - Added data to batch for client 2: {'round': 4, 'step_no': 420, 'loss': 0.10624091327190399, 'accuracy': 0.9401595592498779, 'l2_norm': 4.894228458404541, 'computation_time': 0.06177496910095215, 'batch_time': 0.06683737404819112, 'rtc_check_time': 0.003718200998264365, 'experiment_id': 'exp_20240619_200443', 'client_id': '2'}
[2024-06-19 20:05:43,241][root][INFO] - Added data to batch for client 2: {'round': 4, 'step_no': 421, 'loss': 0.2393069863319397, 'accuracy': 0.939980149269104, 'l2_norm': 4.912360668182373, 'computation_time': 0.04729890823364258, 'batch_time': 0.059035938400484156, 'rtc_check_time': 0.010490100998140406, 'experiment_id': 'exp_20240619_200443', 'client_id': '2'}
[2024-06-19 20:05:43,241][root][INFO] - Added batch data list for client 2. New Data Added: 189
[2024-06-19 20:05:43,245][root][INFO] - Batch data saved to /home/psklavos/fl/geom_aio/csv_logs/exp_20240619_200443/clients/client_2/batch.csv
[2024-06-19 20:05:43,247][root][INFO] - Added data to epoch for client 1: {'round': 4, 'epoch_steps': 189, 'total_steps': 421, 'l2_norm': 5.161123752593994, 'total_computation_time': 9.191702365875244, 'total_rtc_check_time': 0.8115390119637595, 'total_duration': 10.64431619644165, 'val_loss': 0.129378542304039, 'val_accuracy': 0.9514999985694885, 'experiment_id': 'exp_20240619_200443', 'client_id': '1'}
[2024-06-19 20:05:43,247][root][INFO] - Added epoch data for client 1: {'round': 4, 'epoch_steps': 189, 'total_steps': 421, 'l2_norm': 5.161123752593994, 'total_computation_time': 9.191702365875244, 'total_rtc_check_time': 0.8115390119637595, 'total_duration': 10.64431619644165, 'val_loss': 0.129378542304039, 'val_accuracy': 0.9514999985694885, 'experiment_id': 'exp_20240619_200443', 'client_id': '1'}
[2024-06-19 20:05:43,248][root][INFO] - Epoch data saved to /home/psklavos/fl/geom_aio/csv_logs/exp_20240619_200443/clients/client_1/epoch.csv
[2024-06-19 20:05:43,249][root][INFO] - Added data to batch for client 1: {'round': 4, 'step_no': 233, 'loss': 0.035458505153656006, 'accuracy': 1.0, 'l2_norm': 0.0014926684089004993, 'computation_time': 0.0552518367767334, 'batch_time': 0.07481650474801427, 'rtc_check_time': 0.01821760299935704, 'experiment_id': 'exp_20240619_200443', 'client_id': '1'}
[2024-06-19 20:05:43,251][root][INFO] - Added data to batch for client 1: {'round': 4, 'step_no': 234, 'loss': 0.07318837940692902, 'accuracy': 0.984375, 'l2_norm': 0.0228890310972929, 'computation_time': 0.059880971908569336, 'batch_time': 0.06377082112885546, 'rtc_check_time': 0.002449801002512686, 'experiment_id': 'exp_20240619_200443', 'client_id': '1'}
[2024-06-19 20:05:43,253][root][INFO] - Added data to batch for client 1: {'round': 4, 'step_no': 235, 'loss': 0.03744325414299965, 'accuracy': 0.9895833134651184, 'l2_norm': 0.023618638515472412, 'computation_time': 0.04968690872192383, 'batch_time': 0.052661117289972026, 'rtc_check_time': 0.0015220010027405806, 'experiment_id': 'exp_20240619_200443', 'client_id': '1'}
[2024-06-19 20:05:43,255][root][INFO] - Added data to batch for client 1: {'round': 4, 'step_no': 236, 'loss': 0.043951746076345444, 'accuracy': 0.9921875, 'l2_norm': 0.020717548206448555, 'computation_time': 0.061239004135131836, 'batch_time': 0.0642824536698754, 'rtc_check_time': 0.0017814999955589883, 'experiment_id': 'exp_20240619_200443', 'client_id': '1'}
[2024-06-19 20:05:43,257][root][INFO] - Added data to batch for client 1: {'round': 4, 'step_no': 237, 'loss': 0.03866354748606682, 'accuracy': 0.9937499761581421, 'l2_norm': 0.025588402524590492, 'computation_time': 0.0471651554107666, 'batch_time': 0.05625303849228658, 'rtc_check_time': 0.007665001001441851, 'experiment_id': 'exp_20240619_200443', 'client_id': '1'}
[2024-06-19 20:05:43,258][root][INFO] - Added data to batch for client 1: {'round': 4, 'step_no': 238, 'loss': 0.10586437582969666, 'accuracy': 0.9895833134651184, 'l2_norm': 0.049284350126981735, 'computation_time': 0.04825901985168457, 'batch_time': 0.053057745288242586, 'rtc_check_time': 0.0034457000001566485, 'experiment_id': 'exp_20240619_200443', 'client_id': '1'}
[2024-06-19 20:05:43,259][root][INFO] - Added data to batch for client 1: {'round': 4, 'step_no': 239, 'loss': 0.23277200758457184, 'accuracy': 0.9732142686843872, 'l2_norm': 0.10466036945581436, 'computation_time': 0.04948687553405762, 'batch_time': 0.053171511375694536, 'rtc_check_time': 0.0022185999987414107, 'experiment_id': 'exp_20240619_200443', 'client_id': '1'}
[2024-06-19 20:05:43,260][root][INFO] - Added data to batch for client 1: {'round': 4, 'step_no': 240, 'loss': 0.1744982898235321, 'accuracy': 0.97265625, 'l2_norm': 0.10754088312387466, 'computation_time': 0.04700112342834473, 'batch_time': 0.05966452884604223, 'rtc_check_time': 0.011364500998752192, 'experiment_id': 'exp_20240619_200443', 'client_id': '1'}
[2024-06-19 20:05:43,261][root][INFO] - Added data to batch for client 1: {'round': 4, 'step_no': 241, 'loss': 0.15594404935836792, 'accuracy': 0.96875, 'l2_norm': 0.14259600639343262, 'computation_time': 0.051753997802734375, 'batch_time': 0.05545228008122649, 'rtc_check_time': 0.002447299993946217, 'experiment_id': 'exp_20240619_200443', 'client_id': '1'}
[2024-06-19 20:05:43,262][root][INFO] - Added data to batch for client 1: {'round': 4, 'step_no': 242, 'loss': 0.13324153423309326, 'accuracy': 0.96875, 'l2_norm': 0.13023808598518372, 'computation_time': 0.052609920501708984, 'batch_time': 0.06444462591753108, 'rtc_check_time': 0.010535800996876787, 'experiment_id': 'exp_20240619_200443', 'client_id': '1'}
[2024-06-19 20:05:43,263][root][INFO] - Added data to batch for client 1: {'round': 4, 'step_no': 243, 'loss': 0.17489118874073029, 'accuracy': 0.9630681872367859, 'l2_norm': 0.17388910055160522, 'computation_time': 0.05064201354980469, 'batch_time': 0.05436612387711648, 'rtc_check_time': 0.002031099997111596, 'experiment_id': 'exp_20240619_200443', 'client_id': '1'}
[2024-06-19 20:05:43,264][root][INFO] - Added data to batch for client 1: {'round': 4, 'step_no': 244, 'loss': 0.08395890891551971, 'accuracy': 0.9635416865348816, 'l2_norm': 0.17554278671741486, 'computation_time': 0.05668902397155762, 'batch_time': 0.06694679355859989, 'rtc_check_time': 0.00880270099878544, 'experiment_id': 'exp_20240619_200443', 'client_id': '1'}
[2024-06-19 20:05:43,265][root][INFO] - Added data to batch for client 1: {'round': 4, 'step_no': 245, 'loss': 0.4878696799278259, 'accuracy': 0.9615384340286255, 'l2_norm': 0.23052112758159637, 'computation_time': 0.05688190460205078, 'batch_time': 0.062348799387109466, 'rtc_check_time': 0.003644900003564544, 'experiment_id': 'exp_20240619_200443', 'client_id': '1'}
[2024-06-19 20:05:43,266][root][INFO] - Added data to batch for client 1: {'round': 4, 'step_no': 246, 'loss': 0.3190225064754486, 'accuracy': 0.9575892686843872, 'l2_norm': 0.2567054033279419, 'computation_time': 0.046125173568725586, 'batch_time': 0.05089355380187044, 'rtc_check_time': 0.0034206000054837205, 'experiment_id': 'exp_20240619_200443', 'client_id': '1'}
[2024-06-19 20:05:43,268][root][INFO] - Added data to batch for client 1: {'round': 4, 'step_no': 247, 'loss': 0.26435384154319763, 'accuracy': 0.9541666507720947, 'l2_norm': 0.2768069803714752, 'computation_time': 0.052902936935424805, 'batch_time': 0.055921942090208177, 'rtc_check_time': 0.0016388000003644265, 'experiment_id': 'exp_20240619_200443', 'client_id': '1'}
[2024-06-19 20:05:43,269][root][INFO] - Added data to batch for client 1: {'round': 4, 'step_no': 248, 'loss': 0.05366513505578041, 'accuracy': 0.95703125, 'l2_norm': 0.2808619737625122, 'computation_time': 0.05700111389160156, 'batch_time': 0.0672061971781659, 'rtc_check_time': 0.008143000995914917, 'experiment_id': 'exp_20240619_200443', 'client_id': '1'}
[2024-06-19 20:05:43,270][root][INFO] - Added data to batch for client 1: {'round': 4, 'step_no': 249, 'loss': 0.1934126317501068, 'accuracy': 0.9540441036224365, 'l2_norm': 0.2966938316822052, 'computation_time': 0.051193952560424805, 'batch_time': 0.05963680242712144, 'rtc_check_time': 0.00696370100195054, 'experiment_id': 'exp_20240619_200443', 'client_id': '1'}
[2024-06-19 20:05:43,271][root][INFO] - Added data to batch for client 1: {'round': 4, 'step_no': 250, 'loss': 0.10472454130649567, 'accuracy': 0.953125, 'l2_norm': 0.3036286234855652, 'computation_time': 0.06006789207458496, 'batch_time': 0.06409553044795757, 'rtc_check_time': 0.002100500998494681, 'experiment_id': 'exp_20240619_200443', 'client_id': '1'}
[2024-06-19 20:05:43,273][root][INFO] - Added data to batch for client 1: {'round': 4, 'step_no': 251, 'loss': 0.2807541489601135, 'accuracy': 0.9490131735801697, 'l2_norm': 0.35225462913513184, 'computation_time': 0.057621002197265625, 'batch_time': 0.061807973026589025, 'rtc_check_time': 0.002141101002052892, 'experiment_id': 'exp_20240619_200443', 'client_id': '1'}
[2024-06-19 20:05:43,274][root][INFO] - Added data to batch for client 1: {'round': 4, 'step_no': 252, 'loss': 0.436088502407074, 'accuracy': 0.942187488079071, 'l2_norm': 0.39953702688217163, 'computation_time': 0.05217695236206055, 'batch_time': 0.06648208844126202, 'rtc_check_time': 0.01266410099924542, 'experiment_id': 'exp_20240619_200443', 'client_id': '1'}
[2024-06-19 20:05:43,275][root][INFO] - Added data to batch for client 1: {'round': 4, 'step_no': 253, 'loss': 0.0953817367553711, 'accuracy': 0.9434523582458496, 'l2_norm': 0.41697514057159424, 'computation_time': 0.05990004539489746, 'batch_time': 0.06445582377637038, 'rtc_check_time': 0.002472000000125263, 'experiment_id': 'exp_20240619_200443', 'client_id': '1'}
[2024-06-19 20:05:43,276][root][INFO] - Added data to batch for client 1: {'round': 4, 'step_no': 254, 'loss': 0.18457752466201782, 'accuracy': 0.9431818127632141, 'l2_norm': 0.48772820830345154, 'computation_time': 0.07462406158447266, 'batch_time': 0.08444054894061992, 'rtc_check_time': 0.0074354010066599585, 'experiment_id': 'exp_20240619_200443', 'client_id': '1'}
[2024-06-19 20:05:43,277][root][INFO] - Added data to batch for client 1: {'round': 4, 'step_no': 255, 'loss': 0.3347642123699188, 'accuracy': 0.9402173757553101, 'l2_norm': 0.4645439088344574, 'computation_time': 0.06127214431762695, 'batch_time': 0.0716107956613996, 'rtc_check_time': 0.007885801001975778, 'experiment_id': 'exp_20240619_200443', 'client_id': '1'}
[2024-06-19 20:05:43,278][root][INFO] - Added data to batch for client 1: {'round': 4, 'step_no': 256, 'loss': 0.12192002683877945, 'accuracy': 0.94140625, 'l2_norm': 0.4669669568538666, 'computation_time': 0.06794500350952148, 'batch_time': 0.07295437627908541, 'rtc_check_time': 0.0026383000003988855, 'experiment_id': 'exp_20240619_200443', 'client_id': '1'}
[2024-06-19 20:05:43,279][root][INFO] - Added data to batch for client 1: {'round': 4, 'step_no': 257, 'loss': 0.10489529371261597, 'accuracy': 0.9412500262260437, 'l2_norm': 0.5146781802177429, 'computation_time': 0.06561398506164551, 'batch_time': 0.07254947449837346, 'rtc_check_time': 0.004907501002890058, 'experiment_id': 'exp_20240619_200443', 'client_id': '1'}
[2024-06-19 20:05:43,281][root][INFO] - Added data to batch for client 1: {'round': 4, 'step_no': 258, 'loss': 0.09407490491867065, 'accuracy': 0.942307710647583, 'l2_norm': 0.5250629782676697, 'computation_time': 0.058270931243896484, 'batch_time': 0.06247015724511584, 'rtc_check_time': 0.002038200000242796, 'experiment_id': 'exp_20240619_200443', 'client_id': '1'}
[2024-06-19 20:05:43,282][root][INFO] - Added data to batch for client 1: {'round': 4, 'step_no': 259, 'loss': 0.15985895693302155, 'accuracy': 0.9421296119689941, 'l2_norm': 0.5397916436195374, 'computation_time': 0.05544304847717285, 'batch_time': 0.058608353334420826, 'rtc_check_time': 0.0016553999957977794, 'experiment_id': 'exp_20240619_200443', 'client_id': '1'}
[2024-06-19 20:05:43,284][root][INFO] - Added data to batch for client 1: {'round': 4, 'step_no': 260, 'loss': 0.2281610071659088, 'accuracy': 0.9408482313156128, 'l2_norm': 0.5300689339637756, 'computation_time': 0.06466889381408691, 'batch_time': 0.06850885288440622, 'rtc_check_time': 0.002075900003546849, 'experiment_id': 'exp_20240619_200443', 'client_id': '1'}
[2024-06-19 20:05:43,285][root][INFO] - Added data to batch for client 1: {'round': 4, 'step_no': 261, 'loss': 0.18748900294303894, 'accuracy': 0.9407327771186829, 'l2_norm': 0.5645030736923218, 'computation_time': 0.04988908767700195, 'batch_time': 0.055361555409035645, 'rtc_check_time': 0.003884599995217286, 'experiment_id': 'exp_20240619_200443', 'client_id': '1'}
[2024-06-19 20:05:43,287][root][INFO] - Added data to batch for client 1: {'round': 4, 'step_no': 262, 'loss': 0.17853590846061707, 'accuracy': 0.9416666626930237, 'l2_norm': 0.5794259309768677, 'computation_time': 0.0563969612121582, 'batch_time': 0.06978711263946025, 'rtc_check_time': 0.01191410200408427, 'experiment_id': 'exp_20240619_200443', 'client_id': '1'}
[2024-06-19 20:05:43,288][root][INFO] - Added data to batch for client 1: {'round': 4, 'step_no': 263, 'loss': 0.18773314356803894, 'accuracy': 0.9415322542190552, 'l2_norm': 0.5878652930259705, 'computation_time': 0.059816837310791016, 'batch_time': 0.08245385194459232, 'rtc_check_time': 0.019846802002575714, 'experiment_id': 'exp_20240619_200443', 'client_id': '1'}
[2024-06-19 20:05:43,289][root][INFO] - Added data to batch for client 1: {'round': 4, 'step_no': 264, 'loss': 0.2108718454837799, 'accuracy': 0.94140625, 'l2_norm': 0.6352636218070984, 'computation_time': 0.05966496467590332, 'batch_time': 0.06235227050638059, 'rtc_check_time': 0.0015243000016198494, 'experiment_id': 'exp_20240619_200443', 'client_id': '1'}
[2024-06-19 20:05:43,290][root][INFO] - Added data to batch for client 1: {'round': 4, 'step_no': 265, 'loss': 0.2716686725616455, 'accuracy': 0.939393937587738, 'l2_norm': 0.6622771620750427, 'computation_time': 0.04312014579772949, 'batch_time': 0.04664051802683389, 'rtc_check_time': 0.0024215009980252944, 'experiment_id': 'exp_20240619_200443', 'client_id': '1'}
[2024-06-19 20:05:43,292][root][INFO] - Added data to batch for client 1: {'round': 4, 'step_no': 266, 'loss': 0.11638976633548737, 'accuracy': 0.939338207244873, 'l2_norm': 0.6802294850349426, 'computation_time': 0.04314589500427246, 'batch_time': 0.04618729130743304, 'rtc_check_time': 0.0017773009967640974, 'experiment_id': 'exp_20240619_200443', 'client_id': '1'}
[2024-06-19 20:05:43,293][root][INFO] - Added data to batch for client 1: {'round': 4, 'step_no': 267, 'loss': 0.238968163728714, 'accuracy': 0.9366071224212646, 'l2_norm': 0.7471374273300171, 'computation_time': 0.040873050689697266, 'batch_time': 0.04577681304363068, 'rtc_check_time': 0.003664700998342596, 'experiment_id': 'exp_20240619_200443', 'client_id': '1'}
[2024-06-19 20:05:43,294][root][INFO] - Added data to batch for client 1: {'round': 4, 'step_no': 268, 'loss': 0.2151184231042862, 'accuracy': 0.9366319179534912, 'l2_norm': 0.7397310137748718, 'computation_time': 0.043087005615234375, 'batch_time': 0.0462399290772737, 'rtc_check_time': 0.0016608999940217473, 'experiment_id': 'exp_20240619_200443', 'client_id': '1'}
[2024-06-19 20:05:43,295][root][INFO] - Added data to batch for client 1: {'round': 4, 'step_no': 269, 'loss': 0.45493435859680176, 'accuracy': 0.9349662065505981, 'l2_norm': 0.7970956563949585, 'computation_time': 0.04712200164794922, 'batch_time': 0.0495685605055769, 'rtc_check_time': 0.0013217000014265068, 'experiment_id': 'exp_20240619_200443', 'client_id': '1'}
[2024-06-19 20:05:43,297][root][INFO] - Added data to batch for client 1: {'round': 4, 'step_no': 270, 'loss': 0.08557140827178955, 'accuracy': 0.9366776347160339, 'l2_norm': 0.8005321621894836, 'computation_time': 0.042697906494140625, 'batch_time': 0.04978288845450152, 'rtc_check_time': 0.0056559009972261265, 'experiment_id': 'exp_20240619_200443', 'client_id': '1'}
[2024-06-19 20:05:43,298][root][INFO] - Added data to batch for client 1: {'round': 4, 'step_no': 271, 'loss': 0.220723956823349, 'accuracy': 0.9375, 'l2_norm': 0.8271520733833313, 'computation_time': 0.04682111740112305, 'batch_time': 0.05536180321360007, 'rtc_check_time': 0.007431801001075655, 'experiment_id': 'exp_20240619_200443', 'client_id': '1'}
[2024-06-19 20:05:43,300][root][INFO] - Added data to batch for client 1: {'round': 4, 'step_no': 272, 'loss': 0.08662979304790497, 'accuracy': 0.9390624761581421, 'l2_norm': 0.8214619755744934, 'computation_time': 0.045144081115722656, 'batch_time': 0.0560639492032351, 'rtc_check_time': 0.009579001998645253, 'experiment_id': 'exp_20240619_200443', 'client_id': '1'}
[2024-06-19 20:05:43,301][root][INFO] - Added data to batch for client 1: {'round': 4, 'step_no': 273, 'loss': 0.37850087881088257, 'accuracy': 0.9375, 'l2_norm': 0.8036341071128845, 'computation_time': 0.04871702194213867, 'batch_time': 0.05423206613340881, 'rtc_check_time': 0.004047100999741815, 'experiment_id': 'exp_20240619_200443', 'client_id': '1'}
[2024-06-19 20:05:43,302][root][INFO] - Added data to batch for client 1: {'round': 4, 'step_no': 274, 'loss': 0.10754190385341644, 'accuracy': 0.9382440447807312, 'l2_norm': 0.8141874074935913, 'computation_time': 0.0534060001373291, 'batch_time': 0.05626166325964732, 'rtc_check_time': 0.001791601003787946, 'experiment_id': 'exp_20240619_200443', 'client_id': '1'}
[2024-06-19 20:05:43,303][root][INFO] - Added data to batch for client 1: {'round': 4, 'step_no': 275, 'loss': 0.051717400550842285, 'accuracy': 0.9396802186965942, 'l2_norm': 0.815069317817688, 'computation_time': 0.04182100296020508, 'batch_time': 0.04912166346912272, 'rtc_check_time': 0.0061367010057438165, 'experiment_id': 'exp_20240619_200443', 'client_id': '1'}
[2024-06-19 20:05:43,305][root][INFO] - Added data to batch for client 1: {'round': 4, 'step_no': 276, 'loss': 0.3029080331325531, 'accuracy': 0.9396306872367859, 'l2_norm': 0.856475830078125, 'computation_time': 0.042231082916259766, 'batch_time': 0.0454045141741517, 'rtc_check_time': 0.001468499998736661, 'experiment_id': 'exp_20240619_200443', 'client_id': '1'}
[2024-06-19 20:05:43,306][root][INFO] - Added data to batch for client 1: {'round': 4, 'step_no': 277, 'loss': 0.3477824628353119, 'accuracy': 0.9395833611488342, 'l2_norm': 0.9226123094558716, 'computation_time': 0.03889203071594238, 'batch_time': 0.04199834862811258, 'rtc_check_time': 0.0020475010023801588, 'experiment_id': 'exp_20240619_200443', 'client_id': '1'}
[2024-06-19 20:05:43,308][root][INFO] - Added data to batch for client 1: {'round': 4, 'step_no': 278, 'loss': 0.18330052495002747, 'accuracy': 0.938858687877655, 'l2_norm': 0.9021818041801453, 'computation_time': 0.04553508758544922, 'batch_time': 0.05004729932988994, 'rtc_check_time': 0.002955100004328415, 'experiment_id': 'exp_20240619_200443', 'client_id': '1'}
[2024-06-19 20:05:43,309][root][INFO] - Added data to batch for client 1: {'round': 4, 'step_no': 279, 'loss': 0.11641328036785126, 'accuracy': 0.9401595592498779, 'l2_norm': 0.9067723751068115, 'computation_time': 0.04829096794128418, 'batch_time': 0.058284154074499384, 'rtc_check_time': 0.00845920099527575, 'experiment_id': 'exp_20240619_200443', 'client_id': '1'}
[2024-06-19 20:05:43,310][root][INFO] - Added data to batch for client 1: {'round': 4, 'step_no': 280, 'loss': 0.345287024974823, 'accuracy': 0.9401041865348816, 'l2_norm': 0.9832054972648621, 'computation_time': 0.0475001335144043, 'batch_time': 0.051233640260761604, 'rtc_check_time': 0.0026127010060008615, 'experiment_id': 'exp_20240619_200443', 'client_id': '1'}
[2024-06-19 20:05:43,311][root][INFO] - Added data to batch for client 1: {'round': 4, 'step_no': 281, 'loss': 0.27543550729751587, 'accuracy': 0.9400510191917419, 'l2_norm': 0.9684140086174011, 'computation_time': 0.043399810791015625, 'batch_time': 0.049864249158417806, 'rtc_check_time': 0.005348400998627767, 'experiment_id': 'exp_20240619_200443', 'client_id': '1'}
[2024-06-19 20:05:43,313][root][INFO] - Added data to batch for client 1: {'round': 4, 'step_no': 282, 'loss': 0.39232203364372253, 'accuracy': 0.9393749833106995, 'l2_norm': 0.982359766960144, 'computation_time': 0.03995490074157715, 'batch_time': 0.045429354744555894, 'rtc_check_time': 0.004237299996020738, 'experiment_id': 'exp_20240619_200443', 'client_id': '1'}
[2024-06-19 20:05:43,314][root][INFO] - Added data to batch for client 1: {'round': 4, 'step_no': 283, 'loss': 0.09234092384576797, 'accuracy': 0.9399510025978088, 'l2_norm': 0.9957103729248047, 'computation_time': 0.038797855377197266, 'batch_time': 0.042603672605764586, 'rtc_check_time': 0.0025298009932157584, 'experiment_id': 'exp_20240619_200443', 'client_id': '1'}
[2024-06-19 20:05:43,315][root][INFO] - Added data to batch for client 1: {'round': 4, 'step_no': 284, 'loss': 0.06743934750556946, 'accuracy': 0.9411057829856873, 'l2_norm': 1.018717646598816, 'computation_time': 0.05598902702331543, 'batch_time': 0.059403743616712745, 'rtc_check_time': 0.0021778010050184093, 'experiment_id': 'exp_20240619_200443', 'client_id': '1'}
[2024-06-19 20:05:43,316][root][INFO] - Added data to batch for client 1: {'round': 4, 'step_no': 285, 'loss': 0.15785649418830872, 'accuracy': 0.9410377144813538, 'l2_norm': 1.0754905939102173, 'computation_time': 0.04643702507019043, 'batch_time': 0.05218270474142628, 'rtc_check_time': 0.004602701003022958, 'experiment_id': 'exp_20240619_200443', 'client_id': '1'}
[2024-06-19 20:05:43,317][root][INFO] - Added data to batch for client 1: {'round': 4, 'step_no': 286, 'loss': 0.1929512619972229, 'accuracy': 0.9415509104728699, 'l2_norm': 1.112813949584961, 'computation_time': 0.042994022369384766, 'batch_time': 0.050856202040449716, 'rtc_check_time': 0.006511300001875497, 'experiment_id': 'exp_20240619_200443', 'client_id': '1'}
[2024-06-19 20:05:43,318][root][INFO] - Added data to batch for client 1: {'round': 4, 'step_no': 287, 'loss': 0.04677080363035202, 'accuracy': 0.9426136612892151, 'l2_norm': 1.1278183460235596, 'computation_time': 0.04331684112548828, 'batch_time': 0.04646058255457319, 'rtc_check_time': 0.0019166010024491698, 'experiment_id': 'exp_20240619_200443', 'client_id': '1'}
[2024-06-19 20:05:43,319][root][INFO] - Added data to batch for client 1: {'round': 4, 'step_no': 288, 'loss': 0.03919968754053116, 'accuracy': 0.9436383843421936, 'l2_norm': 1.1155670881271362, 'computation_time': 0.04045701026916504, 'batch_time': 0.04477103998942766, 'rtc_check_time': 0.0032781009940663353, 'experiment_id': 'exp_20240619_200443', 'client_id': '1'}
[2024-06-19 20:05:43,321][root][INFO] - Added data to batch for client 1: {'round': 4, 'step_no': 289, 'loss': 0.16876067221164703, 'accuracy': 0.9440789222717285, 'l2_norm': 1.1634777784347534, 'computation_time': 0.04231905937194824, 'batch_time': 0.04893249039014336, 'rtc_check_time': 0.0054993009980535135, 'experiment_id': 'exp_20240619_200443', 'client_id': '1'}
[2024-06-19 20:05:43,322][root][INFO] - Added data to batch for client 1: {'round': 4, 'step_no': 290, 'loss': 0.4081135392189026, 'accuracy': 0.9434267282485962, 'l2_norm': 1.2123357057571411, 'computation_time': 0.04510021209716797, 'batch_time': 0.049789691671321634, 'rtc_check_time': 0.0035887009944417514, 'experiment_id': 'exp_20240619_200443', 'client_id': '1'}
[2024-06-19 20:05:43,323][root][INFO] - Added data to batch for client 1: {'round': 4, 'step_no': 291, 'loss': 0.11689590662717819, 'accuracy': 0.9438559412956238, 'l2_norm': 1.2351871728897095, 'computation_time': 0.04315495491027832, 'batch_time': 0.04826574160688324, 'rtc_check_time': 0.003579901000193786, 'experiment_id': 'exp_20240619_200443', 'client_id': '1'}
[2024-06-19 20:05:43,324][root][INFO] - Added data to batch for client 1: {'round': 4, 'step_no': 292, 'loss': 0.17588433623313904, 'accuracy': 0.9437500238418579, 'l2_norm': 1.2471516132354736, 'computation_time': 0.059660911560058594, 'batch_time': 0.06256884093454573, 'rtc_check_time': 0.001832900001318194, 'experiment_id': 'exp_20240619_200443', 'client_id': '1'}
[2024-06-19 20:05:43,325][root][INFO] - Added data to batch for client 1: {'round': 4, 'step_no': 293, 'loss': 0.25634607672691345, 'accuracy': 0.9426229596138, 'l2_norm': 1.2764027118682861, 'computation_time': 0.0463099479675293, 'batch_time': 0.04979248787276447, 'rtc_check_time': 0.0019054010044783354, 'experiment_id': 'exp_20240619_200443', 'client_id': '1'}
[2024-06-19 20:05:43,326][root][INFO] - Added data to batch for client 1: {'round': 4, 'step_no': 294, 'loss': 0.16111190617084503, 'accuracy': 0.9425403475761414, 'l2_norm': 1.3012791872024536, 'computation_time': 0.05580782890319824, 'batch_time': 0.06165813143888954, 'rtc_check_time': 0.0043701999966287985, 'experiment_id': 'exp_20240619_200443', 'client_id': '1'}
[2024-06-19 20:05:43,327][root][INFO] - Added data to batch for client 1: {'round': 4, 'step_no': 295, 'loss': 0.4742518663406372, 'accuracy': 0.9409722089767456, 'l2_norm': 1.3012484312057495, 'computation_time': 0.06090092658996582, 'batch_time': 0.06731325914006447, 'rtc_check_time': 0.0048371009979746304, 'experiment_id': 'exp_20240619_200443', 'client_id': '1'}
[2024-06-19 20:05:43,328][root][INFO] - Added data to batch for client 1: {'round': 4, 'step_no': 296, 'loss': 0.017824526876211166, 'accuracy': 0.94189453125, 'l2_norm': 1.3059889078140259, 'computation_time': 0.04877805709838867, 'batch_time': 0.053266489441739395, 'rtc_check_time': 0.0033445000008214265, 'experiment_id': 'exp_20240619_200443', 'client_id': '1'}
[2024-06-19 20:05:43,330][root][INFO] - Added data to batch for client 1: {'round': 4, 'step_no': 297, 'loss': 0.14238615334033966, 'accuracy': 0.9418269395828247, 'l2_norm': 1.322424292564392, 'computation_time': 0.04768705368041992, 'batch_time': 0.05334213772584917, 'rtc_check_time': 0.004371199996967334, 'experiment_id': 'exp_20240619_200443', 'client_id': '1'}
[2024-06-19 20:05:43,331][root][INFO] - Added data to batch for client 1: {'round': 4, 'step_no': 298, 'loss': 0.26581400632858276, 'accuracy': 0.9417613744735718, 'l2_norm': 1.3284885883331299, 'computation_time': 0.04788994789123535, 'batch_time': 0.054046380035288166, 'rtc_check_time': 0.004029499999887776, 'experiment_id': 'exp_20240619_200443', 'client_id': '1'}
[2024-06-19 20:05:43,333][root][INFO] - Added data to batch for client 1: {'round': 4, 'step_no': 299, 'loss': 0.10353423655033112, 'accuracy': 0.9416977763175964, 'l2_norm': 1.322657585144043, 'computation_time': 0.04382181167602539, 'batch_time': 0.0488552690949291, 'rtc_check_time': 0.0037243010010570288, 'experiment_id': 'exp_20240619_200443', 'client_id': '1'}
[2024-06-19 20:05:43,335][root][INFO] - Added data to batch for client 1: {'round': 4, 'step_no': 300, 'loss': 0.07854070514440536, 'accuracy': 0.9425551295280457, 'l2_norm': 1.3368738889694214, 'computation_time': 0.048310041427612305, 'batch_time': 0.05243918646738166, 'rtc_check_time': 0.002794000996800605, 'experiment_id': 'exp_20240619_200443', 'client_id': '1'}
[2024-06-19 20:05:43,336][root][INFO] - Added data to batch for client 1: {'round': 4, 'step_no': 301, 'loss': 0.41698312759399414, 'accuracy': 0.9406703114509583, 'l2_norm': 1.419332504272461, 'computation_time': 0.04932594299316406, 'batch_time': 0.06675112716766307, 'rtc_check_time': 0.015960102005919907, 'experiment_id': 'exp_20240619_200443', 'client_id': '1'}
[2024-06-19 20:05:43,337][root][INFO] - Added data to batch for client 1: {'round': 4, 'step_no': 302, 'loss': 0.364531934261322, 'accuracy': 0.9397321343421936, 'l2_norm': 1.422010064125061, 'computation_time': 0.04138994216918945, 'batch_time': 0.04695018062921008, 'rtc_check_time': 0.004194100001768675, 'experiment_id': 'exp_20240619_200443', 'client_id': '1'}
[2024-06-19 20:05:43,338][root][INFO] - Added data to batch for client 1: {'round': 4, 'step_no': 303, 'loss': 0.14888159930706024, 'accuracy': 0.939700722694397, 'l2_norm': 1.444260835647583, 'computation_time': 0.04550290107727051, 'batch_time': 0.05024487600894645, 'rtc_check_time': 0.003492899995762855, 'experiment_id': 'exp_20240619_200443', 'client_id': '1'}
[2024-06-19 20:05:43,339][root][INFO] - Added data to batch for client 1: {'round': 4, 'step_no': 304, 'loss': 0.2643336057662964, 'accuracy': 0.9396701455116272, 'l2_norm': 1.4825294017791748, 'computation_time': 0.04935407638549805, 'batch_time': 0.05643048433557851, 'rtc_check_time': 0.005108500998176169, 'experiment_id': 'exp_20240619_200443', 'client_id': '1'}
[2024-06-19 20:05:43,340][root][INFO] - Added data to batch for client 1: {'round': 4, 'step_no': 305, 'loss': 0.16635876893997192, 'accuracy': 0.9400684833526611, 'l2_norm': 1.5058549642562866, 'computation_time': 0.05964303016662598, 'batch_time': 0.06444792056572624, 'rtc_check_time': 0.0029158999968785793, 'experiment_id': 'exp_20240619_200443', 'client_id': '1'}
[2024-06-19 20:05:43,341][root][INFO] - Added data to batch for client 1: {'round': 4, 'step_no': 306, 'loss': 0.21532058715820312, 'accuracy': 0.9400337934494019, 'l2_norm': 1.5391440391540527, 'computation_time': 0.045844078063964844, 'batch_time': 0.04930827669886639, 'rtc_check_time': 0.00217030100611737, 'experiment_id': 'exp_20240619_200443', 'client_id': '1'}
[2024-06-19 20:05:43,342][root][INFO] - Added data to batch for client 1: {'round': 4, 'step_no': 307, 'loss': 0.35755401849746704, 'accuracy': 0.9399999976158142, 'l2_norm': 1.569285273551941, 'computation_time': 0.045844078063964844, 'batch_time': 0.048515942944504786, 'rtc_check_time': 0.001366999997117091, 'experiment_id': 'exp_20240619_200443', 'client_id': '1'}
[2024-06-19 20:05:43,343][root][INFO] - Added data to batch for client 1: {'round': 4, 'step_no': 308, 'loss': 0.18167239427566528, 'accuracy': 0.9399670958518982, 'l2_norm': 1.6202079057693481, 'computation_time': 0.04407310485839844, 'batch_time': 0.049501383560709655, 'rtc_check_time': 0.003938401001505554, 'experiment_id': 'exp_20240619_200443', 'client_id': '1'}
[2024-06-19 20:05:43,344][root][INFO] - Added data to batch for client 1: {'round': 4, 'step_no': 309, 'loss': 0.11992799490690231, 'accuracy': 0.9403409361839294, 'l2_norm': 1.6613503694534302, 'computation_time': 0.0401911735534668, 'batch_time': 0.04296196274663089, 'rtc_check_time': 0.0017289000024902634, 'experiment_id': 'exp_20240619_200443', 'client_id': '1'}
[2024-06-19 20:05:43,345][root][INFO] - Added data to batch for client 1: {'round': 4, 'step_no': 310, 'loss': 0.5036464929580688, 'accuracy': 0.9395031929016113, 'l2_norm': 1.690167784690857, 'computation_time': 0.040177106857299805, 'batch_time': 0.042925688496325165, 'rtc_check_time': 0.0015367000014521182, 'experiment_id': 'exp_20240619_200443', 'client_id': '1'}
[2024-06-19 20:05:43,347][root][INFO] - Added data to batch for client 1: {'round': 4, 'step_no': 311, 'loss': 0.332717627286911, 'accuracy': 0.9390822649002075, 'l2_norm': 1.728864312171936, 'computation_time': 0.04337787628173828, 'batch_time': 0.04592930686339969, 'rtc_check_time': 0.0014404000030481257, 'experiment_id': 'exp_20240619_200443', 'client_id': '1'}
[2024-06-19 20:05:43,348][root][INFO] - Added data to batch for client 1: {'round': 4, 'step_no': 312, 'loss': 0.39158838987350464, 'accuracy': 0.938671886920929, 'l2_norm': 1.7772706747055054, 'computation_time': 0.04951190948486328, 'batch_time': 0.05320026513800258, 'rtc_check_time': 0.0022041999982320704, 'experiment_id': 'exp_20240619_200443', 'client_id': '1'}
[2024-06-19 20:05:43,349][root][INFO] - Added data to batch for client 1: {'round': 4, 'step_no': 313, 'loss': 0.09811331331729889, 'accuracy': 0.9390432238578796, 'l2_norm': 1.7945966720581055, 'computation_time': 0.04323887825012207, 'batch_time': 0.04703429919027258, 'rtc_check_time': 0.0021612999989883974, 'experiment_id': 'exp_20240619_200443', 'client_id': '1'}
[2024-06-19 20:05:43,350][root][INFO] - Added data to batch for client 1: {'round': 4, 'step_no': 314, 'loss': 0.1270725131034851, 'accuracy': 0.9397866129875183, 'l2_norm': 1.793001413345337, 'computation_time': 0.04548001289367676, 'batch_time': 0.054087572076241486, 'rtc_check_time': 0.00705759999982547, 'experiment_id': 'exp_20240619_200443', 'client_id': '1'}
[2024-06-19 20:05:43,351][root][INFO] - Added data to batch for client 1: {'round': 4, 'step_no': 315, 'loss': 0.07344473898410797, 'accuracy': 0.9405120611190796, 'l2_norm': 1.8049407005310059, 'computation_time': 0.0449521541595459, 'batch_time': 0.048015558495535515, 'rtc_check_time': 0.0018067000055452809, 'experiment_id': 'exp_20240619_200443', 'client_id': '1'}
[2024-06-19 20:05:43,352][root][INFO] - Added data to batch for client 1: {'round': 4, 'step_no': 316, 'loss': 0.19624413549900055, 'accuracy': 0.9404761791229248, 'l2_norm': 1.823769450187683, 'computation_time': 0.04375290870666504, 'batch_time': 0.05081203655572608, 'rtc_check_time': 0.005634100001771003, 'experiment_id': 'exp_20240619_200443', 'client_id': '1'}
[2024-06-19 20:05:43,353][root][INFO] - Added data to batch for client 1: {'round': 4, 'step_no': 317, 'loss': 0.30358949303627014, 'accuracy': 0.940073549747467, 'l2_norm': 1.8442437648773193, 'computation_time': 0.047595977783203125, 'batch_time': 0.05224134331365349, 'rtc_check_time': 0.003301400000054855, 'experiment_id': 'exp_20240619_200443', 'client_id': '1'}
[2024-06-19 20:05:43,354][root][INFO] - Added data to batch for client 1: {'round': 4, 'step_no': 318, 'loss': 0.19938457012176514, 'accuracy': 0.9396802186965942, 'l2_norm': 1.8723341226577759, 'computation_time': 0.05169105529785156, 'batch_time': 0.05640554000274278, 'rtc_check_time': 0.002580400003353134, 'experiment_id': 'exp_20240619_200443', 'client_id': '1'}
[2024-06-19 20:05:43,355][root][INFO] - Added data to batch for client 1: {'round': 4, 'step_no': 319, 'loss': 0.13574904203414917, 'accuracy': 0.9392959475517273, 'l2_norm': 1.9034920930862427, 'computation_time': 0.04497790336608887, 'batch_time': 0.05174912004440557, 'rtc_check_time': 0.005492101001436822, 'experiment_id': 'exp_20240619_200443', 'client_id': '1'}
[2024-06-19 20:05:43,356][root][INFO] - Added data to batch for client 1: {'round': 4, 'step_no': 320, 'loss': 0.07344339042901993, 'accuracy': 0.9399858117103577, 'l2_norm': 1.9110981225967407, 'computation_time': 0.04193902015686035, 'batch_time': 0.04445991777902236, 'rtc_check_time': 0.0014349009943543933, 'experiment_id': 'exp_20240619_200443', 'client_id': '1'}
[2024-06-19 20:05:43,357][root][INFO] - Added data to batch for client 1: {'round': 4, 'step_no': 321, 'loss': 0.1103823333978653, 'accuracy': 0.9403089880943298, 'l2_norm': 1.9426082372665405, 'computation_time': 0.0453798770904541, 'batch_time': 0.05452581851568539, 'rtc_check_time': 0.007918800998595543, 'experiment_id': 'exp_20240619_200443', 'client_id': '1'}
[2024-06-19 20:05:43,358][root][INFO] - Added data to batch for client 1: {'round': 4, 'step_no': 322, 'loss': 0.014316460117697716, 'accuracy': 0.9409722089767456, 'l2_norm': 1.9434515237808228, 'computation_time': 0.0522770881652832, 'batch_time': 0.055730010666593444, 'rtc_check_time': 0.001614000000699889, 'experiment_id': 'exp_20240619_200443', 'client_id': '1'}
[2024-06-19 20:05:43,359][root][INFO] - Added data to batch for client 1: {'round': 4, 'step_no': 323, 'loss': 0.19234609603881836, 'accuracy': 0.9409340620040894, 'l2_norm': 1.977024793624878, 'computation_time': 0.04944109916687012, 'batch_time': 0.05294692504685372, 'rtc_check_time': 0.001941800001077354, 'experiment_id': 'exp_20240619_200443', 'client_id': '1'}
[2024-06-19 20:05:43,360][root][INFO] - Added data to batch for client 1: {'round': 4, 'step_no': 324, 'loss': 0.2891327738761902, 'accuracy': 0.94089674949646, 'l2_norm': 2.052391290664673, 'computation_time': 0.05044388771057129, 'batch_time': 0.05416992551909061, 'rtc_check_time': 0.002606900998216588, 'experiment_id': 'exp_20240619_200443', 'client_id': '1'}
[2024-06-19 20:05:43,362][root][INFO] - Added data to batch for client 1: {'round': 4, 'step_no': 325, 'loss': 0.18677310645580292, 'accuracy': 0.9408602118492126, 'l2_norm': 2.0680932998657227, 'computation_time': 0.04290485382080078, 'batch_time': 0.04644584574998589, 'rtc_check_time': 0.0022099010020610876, 'experiment_id': 'exp_20240619_200443', 'client_id': '1'}
[2024-06-19 20:05:43,363][root][INFO] - Added data to batch for client 1: {'round': 4, 'step_no': 326, 'loss': 0.20846951007843018, 'accuracy': 0.9408244490623474, 'l2_norm': 2.107067823410034, 'computation_time': 0.05001091957092285, 'batch_time': 0.05793448280746816, 'rtc_check_time': 0.00626250099594472, 'experiment_id': 'exp_20240619_200443', 'client_id': '1'}
[2024-06-19 20:05:43,364][root][INFO] - Added data to batch for client 1: {'round': 4, 'step_no': 327, 'loss': 0.08532562851905823, 'accuracy': 0.9411184191703796, 'l2_norm': 2.1395678520202637, 'computation_time': 0.05223417282104492, 'batch_time': 0.05979461174865719, 'rtc_check_time': 0.006447501000366174, 'experiment_id': 'exp_20240619_200443', 'client_id': '1'}
[2024-06-19 20:05:43,365][root][INFO] - Added data to batch for client 1: {'round': 4, 'step_no': 328, 'loss': 0.07645008713006973, 'accuracy': 0.94140625, 'l2_norm': 2.1500232219696045, 'computation_time': 0.04346203804016113, 'batch_time': 0.051957636314909905, 'rtc_check_time': 0.0071625999989919364, 'experiment_id': 'exp_20240619_200443', 'client_id': '1'}
[2024-06-19 20:05:43,366][root][INFO] - Added data to batch for client 1: {'round': 4, 'step_no': 329, 'loss': 0.16100811958312988, 'accuracy': 0.9410437941551208, 'l2_norm': 2.199579954147339, 'computation_time': 0.04554891586303711, 'batch_time': 0.05106752157007577, 'rtc_check_time': 0.004141499994148035, 'experiment_id': 'exp_20240619_200443', 'client_id': '1'}
[2024-06-19 20:05:43,367][root][INFO] - Added data to batch for client 1: {'round': 4, 'step_no': 330, 'loss': 0.13443665206432343, 'accuracy': 0.9413265585899353, 'l2_norm': 2.2306652069091797, 'computation_time': 0.05056905746459961, 'batch_time': 0.06146307747258106, 'rtc_check_time': 0.008566101001633797, 'experiment_id': 'exp_20240619_200443', 'client_id': '1'}
[2024-06-19 20:05:43,368][root][INFO] - Added data to batch for client 1: {'round': 4, 'step_no': 331, 'loss': 0.23105192184448242, 'accuracy': 0.9416035413742065, 'l2_norm': 2.2391793727874756, 'computation_time': 0.04878807067871094, 'batch_time': 0.05139603435236495, 'rtc_check_time': 0.0015470009966520593, 'experiment_id': 'exp_20240619_200443', 'client_id': '1'}
[2024-06-19 20:05:43,369][root][INFO] - Added data to batch for client 1: {'round': 4, 'step_no': 332, 'loss': 0.25705793499946594, 'accuracy': 0.9412500262260437, 'l2_norm': 2.2817893028259277, 'computation_time': 0.043998003005981445, 'batch_time': 0.04914155298320111, 'rtc_check_time': 0.003878500996506773, 'experiment_id': 'exp_20240619_200443', 'client_id': '1'}
[2024-06-19 20:05:43,370][root][INFO] - Added data to batch for client 1: {'round': 4, 'step_no': 333, 'loss': 0.17409636080265045, 'accuracy': 0.9412128925323486, 'l2_norm': 2.28804612159729, 'computation_time': 0.04241514205932617, 'batch_time': 0.04753522666578647, 'rtc_check_time': 0.003839299999526702, 'experiment_id': 'exp_20240619_200443', 'client_id': '1'}
[2024-06-19 20:05:43,372][root][INFO] - Added data to batch for client 1: {'round': 4, 'step_no': 334, 'loss': 0.1962825208902359, 'accuracy': 0.9411764740943909, 'l2_norm': 2.3212125301361084, 'computation_time': 0.05469703674316406, 'batch_time': 0.06218679483572487, 'rtc_check_time': 0.006189899999299087, 'experiment_id': 'exp_20240619_200443', 'client_id': '1'}
[2024-06-19 20:05:43,373][root][INFO] - Added data to batch for client 1: {'round': 4, 'step_no': 335, 'loss': 0.07184752821922302, 'accuracy': 0.9417475461959839, 'l2_norm': 2.3266515731811523, 'computation_time': 0.05068206787109375, 'batch_time': 0.05477294360025553, 'rtc_check_time': 0.0024619999967399053, 'experiment_id': 'exp_20240619_200443', 'client_id': '1'}
[2024-06-19 20:05:43,374][root][INFO] - Added data to batch for client 1: {'round': 4, 'step_no': 336, 'loss': 0.32975447177886963, 'accuracy': 0.9417067170143127, 'l2_norm': 2.3629257678985596, 'computation_time': 0.04992508888244629, 'batch_time': 0.05255275582021568, 'rtc_check_time': 0.0014195999974617735, 'experiment_id': 'exp_20240619_200443', 'client_id': '1'}
[2024-06-19 20:05:43,375][root][INFO] - Added data to batch for client 1: {'round': 4, 'step_no': 337, 'loss': 0.5115822553634644, 'accuracy': 0.9413690567016602, 'l2_norm': 2.426319122314453, 'computation_time': 0.04633021354675293, 'batch_time': 0.05539176343881991, 'rtc_check_time': 0.007838700999855064, 'experiment_id': 'exp_20240619_200443', 'client_id': '1'}
[2024-06-19 20:05:43,376][root][INFO] - Added data to batch for client 1: {'round': 4, 'step_no': 338, 'loss': 0.3046097755432129, 'accuracy': 0.9410377144813538, 'l2_norm': 2.465928077697754, 'computation_time': 0.053314924240112305, 'batch_time': 0.05763305308937561, 'rtc_check_time': 0.002893101001973264, 'experiment_id': 'exp_20240619_200443', 'client_id': '1'}
[2024-06-19 20:05:43,377][root][INFO] - Added data to batch for client 1: {'round': 4, 'step_no': 339, 'loss': 0.12511377036571503, 'accuracy': 0.9410046935081482, 'l2_norm': 2.486436128616333, 'computation_time': 0.050549983978271484, 'batch_time': 0.058731884259032086, 'rtc_check_time': 0.005829900997923687, 'experiment_id': 'exp_20240619_200443', 'client_id': '1'}
[2024-06-19 20:05:43,378][root][INFO] - Added data to batch for client 1: {'round': 4, 'step_no': 340, 'loss': 0.3735169470310211, 'accuracy': 0.9409722089767456, 'l2_norm': 2.5155365467071533, 'computation_time': 0.044406890869140625, 'batch_time': 0.047991854189604055, 'rtc_check_time': 0.0024848999964888208, 'experiment_id': 'exp_20240619_200443', 'client_id': '1'}
[2024-06-19 20:05:43,380][root][INFO] - Added data to batch for client 1: {'round': 4, 'step_no': 341, 'loss': 0.3284895718097687, 'accuracy': 0.9409403800964355, 'l2_norm': 2.5649876594543457, 'computation_time': 0.041491031646728516, 'batch_time': 0.045488313284295145, 'rtc_check_time': 0.0027853999999933876, 'experiment_id': 'exp_20240619_200443', 'client_id': '1'}
[2024-06-19 20:05:43,381][root][INFO] - Added data to batch for client 1: {'round': 4, 'step_no': 342, 'loss': 0.06820273399353027, 'accuracy': 0.9414772987365723, 'l2_norm': 2.5748493671417236, 'computation_time': 0.04380989074707031, 'batch_time': 0.04839200380229158, 'rtc_check_time': 0.0032030999936978333, 'experiment_id': 'exp_20240619_200443', 'client_id': '1'}
[2024-06-19 20:05:43,382][root][INFO] - Added data to batch for client 1: {'round': 4, 'step_no': 343, 'loss': 0.188884899020195, 'accuracy': 0.9414414167404175, 'l2_norm': 2.6561505794525146, 'computation_time': 0.04318094253540039, 'batch_time': 0.047980850453313906, 'rtc_check_time': 0.003386800999578554, 'experiment_id': 'exp_20240619_200443', 'client_id': '1'}
[2024-06-19 20:05:43,383][root][INFO] - Added data to batch for client 1: {'round': 4, 'step_no': 344, 'loss': 0.177364319562912, 'accuracy': 0.94140625, 'l2_norm': 2.673450469970703, 'computation_time': 0.05157899856567383, 'batch_time': 0.05404278961214004, 'rtc_check_time': 0.0013468000033753924, 'experiment_id': 'exp_20240619_200443', 'client_id': '1'}
[2024-06-19 20:05:43,384][root][INFO] - Added data to batch for client 1: {'round': 4, 'step_no': 345, 'loss': 0.09722084552049637, 'accuracy': 0.9419247508049011, 'l2_norm': 2.7050766944885254, 'computation_time': 0.04499316215515137, 'batch_time': 0.050014526925224345, 'rtc_check_time': 0.0035024000026169233, 'experiment_id': 'exp_20240619_200443', 'client_id': '1'}
[2024-06-19 20:05:43,386][root][INFO] - Added data to batch for client 1: {'round': 4, 'step_no': 346, 'loss': 0.08615688979625702, 'accuracy': 0.9424341917037964, 'l2_norm': 2.70695161819458, 'computation_time': 0.04505014419555664, 'batch_time': 0.05605478215147741, 'rtc_check_time': 0.009752701997058466, 'experiment_id': 'exp_20240619_200443', 'client_id': '1'}
[2024-06-19 20:05:43,387][root][INFO] - Added data to batch for client 1: {'round': 4, 'step_no': 347, 'loss': 0.1617879420518875, 'accuracy': 0.9421195387840271, 'l2_norm': 2.747789144515991, 'computation_time': 0.04303908348083496, 'batch_time': 0.04594562646525446, 'rtc_check_time': 0.001474600998335518, 'experiment_id': 'exp_20240619_200443', 'client_id': '1'}
[2024-06-19 20:05:43,388][root][INFO] - Added data to batch for client 1: {'round': 4, 'step_no': 348, 'loss': 0.08038553595542908, 'accuracy': 0.9423491358757019, 'l2_norm': 2.758533000946045, 'computation_time': 0.04441499710083008, 'batch_time': 0.05251216527540237, 'rtc_check_time': 0.006506200996227562, 'experiment_id': 'exp_20240619_200443', 'client_id': '1'}
[2024-06-19 20:05:43,389][root][INFO] - Added data to batch for client 1: {'round': 4, 'step_no': 349, 'loss': 0.18647652864456177, 'accuracy': 0.9420406222343445, 'l2_norm': 2.8515665531158447, 'computation_time': 0.0454258918762207, 'batch_time': 0.04849274286243599, 'rtc_check_time': 0.0015939010045258328, 'experiment_id': 'exp_20240619_200443', 'client_id': '1'}
[2024-06-19 20:05:43,390][root][INFO] - Added data to batch for client 1: {'round': 4, 'step_no': 350, 'loss': 0.3959898352622986, 'accuracy': 0.9417372941970825, 'l2_norm': 2.9128897190093994, 'computation_time': 0.04793715476989746, 'batch_time': 0.05379894355428405, 'rtc_check_time': 0.004684001003624871, 'experiment_id': 'exp_20240619_200443', 'client_id': '1'}
[2024-06-19 20:05:43,391][root][INFO] - Added data to batch for client 1: {'round': 4, 'step_no': 351, 'loss': 0.08583695441484451, 'accuracy': 0.9417017102241516, 'l2_norm': 2.9342925548553467, 'computation_time': 0.0389249324798584, 'batch_time': 0.04513597290497273, 'rtc_check_time': 0.0049838999984785914, 'experiment_id': 'exp_20240619_200443', 'client_id': '1'}
[2024-06-19 20:05:43,392][root][INFO] - Added data to batch for client 1: {'round': 4, 'step_no': 352, 'loss': 0.08509957790374756, 'accuracy': 0.9419270753860474, 'l2_norm': 2.933549404144287, 'computation_time': 0.03853797912597656, 'batch_time': 0.043387848389102146, 'rtc_check_time': 0.0038199010014068335, 'experiment_id': 'exp_20240619_200443', 'client_id': '1'}
[2024-06-19 20:05:43,393][root][INFO] - Added data to batch for client 1: {'round': 4, 'step_no': 353, 'loss': 0.2734082341194153, 'accuracy': 0.9413739442825317, 'l2_norm': 2.9607136249542236, 'computation_time': 0.04488706588745117, 'batch_time': 0.04738526371511398, 'rtc_check_time': 0.0013761999944108538, 'experiment_id': 'exp_20240619_200443', 'client_id': '1'}
[2024-06-19 20:05:43,394][root][INFO] - Added data to batch for client 1: {'round': 4, 'step_no': 354, 'loss': 0.2938598394393921, 'accuracy': 0.9408299326896667, 'l2_norm': 3.022094249725342, 'computation_time': 0.04388308525085449, 'batch_time': 0.04798019757436123, 'rtc_check_time': 0.0027993999974569306, 'experiment_id': 'exp_20240619_200443', 'client_id': '1'}
[2024-06-19 20:05:43,395][root][INFO] - Added data to batch for client 1: {'round': 4, 'step_no': 355, 'loss': 0.49850180745124817, 'accuracy': 0.9402947425842285, 'l2_norm': 3.052647829055786, 'computation_time': 0.04160499572753906, 'batch_time': 0.044974539887334686, 'rtc_check_time': 0.0022485000008600764, 'experiment_id': 'exp_20240619_200443', 'client_id': '1'}
[2024-06-19 20:05:43,396][root][INFO] - Added data to batch for client 1: {'round': 4, 'step_no': 356, 'loss': 0.13423696160316467, 'accuracy': 0.9402721524238586, 'l2_norm': 3.0722780227661133, 'computation_time': 0.04615187644958496, 'batch_time': 0.052011342071637046, 'rtc_check_time': 0.004681201004132163, 'experiment_id': 'exp_20240619_200443', 'client_id': '1'}
[2024-06-19 20:05:43,397][root][INFO] - Added data to batch for client 1: {'round': 4, 'step_no': 357, 'loss': 0.14718356728553772, 'accuracy': 0.940500020980835, 'l2_norm': 3.0791571140289307, 'computation_time': 0.0532679557800293, 'batch_time': 0.05773938989295857, 'rtc_check_time': 0.0024835000003804453, 'experiment_id': 'exp_20240619_200443', 'client_id': '1'}
[2024-06-19 20:05:43,398][root][INFO] - Added data to batch for client 1: {'round': 4, 'step_no': 358, 'loss': 0.07313703000545502, 'accuracy': 0.9409722089767456, 'l2_norm': 3.0877678394317627, 'computation_time': 0.05116915702819824, 'batch_time': 0.05889776682306547, 'rtc_check_time': 0.0064967009966494516, 'experiment_id': 'exp_20240619_200443', 'client_id': '1'}
[2024-06-19 20:05:43,399][root][INFO] - Added data to batch for client 1: {'round': 4, 'step_no': 359, 'loss': 0.19198989868164062, 'accuracy': 0.9409449100494385, 'l2_norm': 3.1151282787323, 'computation_time': 0.04205608367919922, 'batch_time': 0.04621795764978742, 'rtc_check_time': 0.0027738010030589066, 'experiment_id': 'exp_20240619_200443', 'client_id': '1'}
[2024-06-19 20:05:43,400][root][INFO] - Added data to batch for client 1: {'round': 4, 'step_no': 360, 'loss': 0.0877051055431366, 'accuracy': 0.94140625, 'l2_norm': 3.131258010864258, 'computation_time': 0.049314022064208984, 'batch_time': 0.05951961161190411, 'rtc_check_time': 0.008391700997890439, 'experiment_id': 'exp_20240619_200443', 'client_id': '1'}
[2024-06-19 20:05:43,401][root][INFO] - Added data to batch for client 1: {'round': 4, 'step_no': 361, 'loss': 0.05718078836798668, 'accuracy': 0.9418604373931885, 'l2_norm': 3.1750099658966064, 'computation_time': 0.05365395545959473, 'batch_time': 0.058916687485179864, 'rtc_check_time': 0.003940701004466973, 'experiment_id': 'exp_20240619_200443', 'client_id': '1'}
[2024-06-19 20:05:43,402][root][INFO] - Added data to batch for client 1: {'round': 4, 'step_no': 362, 'loss': 0.21067294478416443, 'accuracy': 0.9418269395828247, 'l2_norm': 3.1949448585510254, 'computation_time': 0.03916287422180176, 'batch_time': 0.041895712238329, 'rtc_check_time': 0.001577700000780169, 'experiment_id': 'exp_20240619_200443', 'client_id': '1'}
[2024-06-19 20:05:43,403][root][INFO] - Added data to batch for client 1: {'round': 4, 'step_no': 363, 'loss': 0.13408857583999634, 'accuracy': 0.9420324563980103, 'l2_norm': 3.237900495529175, 'computation_time': 0.03886580467224121, 'batch_time': 0.043197830105782486, 'rtc_check_time': 0.003186900998116471, 'experiment_id': 'exp_20240619_200443', 'client_id': '1'}
[2024-06-19 20:05:43,404][root][INFO] - Added data to batch for client 1: {'round': 4, 'step_no': 364, 'loss': 0.07403558492660522, 'accuracy': 0.9424715638160706, 'l2_norm': 3.2706685066223145, 'computation_time': 0.04123711585998535, 'batch_time': 0.0504095405631233, 'rtc_check_time': 0.008108601003186777, 'experiment_id': 'exp_20240619_200443', 'client_id': '1'}
[2024-06-19 20:05:43,405][root][INFO] - Added data to batch for client 1: {'round': 4, 'step_no': 365, 'loss': 0.1302717924118042, 'accuracy': 0.942669153213501, 'l2_norm': 3.2827200889587402, 'computation_time': 0.04014396667480469, 'batch_time': 0.045067518745781854, 'rtc_check_time': 0.0038037000049371272, 'experiment_id': 'exp_20240619_200443', 'client_id': '1'}
[2024-06-19 20:05:43,406][root][INFO] - Added data to batch for client 1: {'round': 4, 'step_no': 366, 'loss': 0.1725441962480545, 'accuracy': 0.9426305890083313, 'l2_norm': 3.3063971996307373, 'computation_time': 0.04162716865539551, 'batch_time': 0.04583650320273591, 'rtc_check_time': 0.002821499998390209, 'experiment_id': 'exp_20240619_200443', 'client_id': '1'}
[2024-06-19 20:05:43,407][root][INFO] - Added data to batch for client 1: {'round': 4, 'step_no': 367, 'loss': 0.23286262154579163, 'accuracy': 0.9423611164093018, 'l2_norm': 3.373603343963623, 'computation_time': 0.04581499099731445, 'batch_time': 0.05064574218704365, 'rtc_check_time': 0.0035297010035719723, 'experiment_id': 'exp_20240619_200443', 'client_id': '1'}
[2024-06-19 20:05:43,407][root][INFO] - Added data to batch for client 1: {'round': 4, 'step_no': 368, 'loss': 0.3021891713142395, 'accuracy': 0.9420955777168274, 'l2_norm': 3.398103713989258, 'computation_time': 0.04652690887451172, 'batch_time': 0.054306245277985, 'rtc_check_time': 0.006524301003082655, 'experiment_id': 'exp_20240619_200443', 'client_id': '1'}
[2024-06-19 20:05:43,408][root][INFO] - Added data to batch for client 1: {'round': 4, 'step_no': 369, 'loss': 0.11435623466968536, 'accuracy': 0.9420620203018188, 'l2_norm': 3.421311378479004, 'computation_time': 0.05020403861999512, 'batch_time': 0.05607295018126024, 'rtc_check_time': 0.004604100999131333, 'experiment_id': 'exp_20240619_200443', 'client_id': '1'}
[2024-06-19 20:05:43,409][root][INFO] - Added data to batch for client 1: {'round': 4, 'step_no': 370, 'loss': 0.3292783796787262, 'accuracy': 0.9420289993286133, 'l2_norm': 3.4686977863311768, 'computation_time': 0.047670841217041016, 'batch_time': 0.05072012555319816, 'rtc_check_time': 0.001895099994726479, 'experiment_id': 'exp_20240619_200443', 'client_id': '1'}
[2024-06-19 20:05:43,410][root][INFO] - Added data to batch for client 1: {'round': 4, 'step_no': 371, 'loss': 0.3265455663204193, 'accuracy': 0.9413219690322876, 'l2_norm': 3.5351686477661133, 'computation_time': 0.04334282875061035, 'batch_time': 0.04710408914252184, 'rtc_check_time': 0.0023832010047044605, 'experiment_id': 'exp_20240619_200443', 'client_id': '1'}
[2024-06-19 20:05:43,411][root][INFO] - Added data to batch for client 1: {'round': 4, 'step_no': 372, 'loss': 0.1168348640203476, 'accuracy': 0.9415178298950195, 'l2_norm': 3.5887320041656494, 'computation_time': 0.04366898536682129, 'batch_time': 0.048723986496042926, 'rtc_check_time': 0.0036469010010478087, 'experiment_id': 'exp_20240619_200443', 'client_id': '1'}
[2024-06-19 20:05:43,412][root][INFO] - Added data to batch for client 1: {'round': 4, 'step_no': 373, 'loss': 0.053523480892181396, 'accuracy': 0.9417110085487366, 'l2_norm': 3.5942368507385254, 'computation_time': 0.041494131088256836, 'batch_time': 0.04787446507543791, 'rtc_check_time': 0.005197300997679122, 'experiment_id': 'exp_20240619_200443', 'client_id': '1'}
[2024-06-19 20:05:43,413][root][INFO] - Added data to batch for client 1: {'round': 4, 'step_no': 374, 'loss': 0.031349945813417435, 'accuracy': 0.9421215057373047, 'l2_norm': 3.603243589401245, 'computation_time': 0.04911208152770996, 'batch_time': 0.0524865239567589, 'rtc_check_time': 0.0017315000004600734, 'experiment_id': 'exp_20240619_200443', 'client_id': '1'}
[2024-06-19 20:05:43,414][root][INFO] - Added data to batch for client 1: {'round': 4, 'step_no': 375, 'loss': 0.059849001467227936, 'accuracy': 0.9425262212753296, 'l2_norm': 3.6100215911865234, 'computation_time': 0.04570198059082031, 'batch_time': 0.052708394650835544, 'rtc_check_time': 0.005627400998491794, 'experiment_id': 'exp_20240619_200443', 'client_id': '1'}
[2024-06-19 20:05:43,415][root][INFO] - Added data to batch for client 1: {'round': 4, 'step_no': 376, 'loss': 0.052851010113954544, 'accuracy': 0.9429253339767456, 'l2_norm': 3.6378302574157715, 'computation_time': 0.04870104789733887, 'batch_time': 0.055086692089389544, 'rtc_check_time': 0.0049177010005223565, 'experiment_id': 'exp_20240619_200443', 'client_id': '1'}
[2024-06-19 20:05:43,416][root][INFO] - Added data to batch for client 1: {'round': 4, 'step_no': 377, 'loss': 0.1156969964504242, 'accuracy': 0.9431034326553345, 'l2_norm': 3.6584103107452393, 'computation_time': 0.04191899299621582, 'batch_time': 0.046205002239730675, 'rtc_check_time': 0.0030510010037687607, 'experiment_id': 'exp_20240619_200443', 'client_id': '1'}
[2024-06-19 20:05:43,417][root][INFO] - Added data to batch for client 1: {'round': 4, 'step_no': 378, 'loss': 0.1111946552991867, 'accuracy': 0.943493127822876, 'l2_norm': 3.6706957817077637, 'computation_time': 0.039214134216308594, 'batch_time': 0.04570609909569612, 'rtc_check_time': 0.005395000996941235, 'experiment_id': 'exp_20240619_200443', 'client_id': '1'}
[2024-06-19 20:05:43,418][root][INFO] - Added data to batch for client 1: {'round': 4, 'step_no': 379, 'loss': 0.240151047706604, 'accuracy': 0.9434523582458496, 'l2_norm': 3.708597183227539, 'computation_time': 0.04019021987915039, 'batch_time': 0.043751235178206116, 'rtc_check_time': 0.002194400003645569, 'experiment_id': 'exp_20240619_200443', 'client_id': '1'}
[2024-06-19 20:05:43,419][root][INFO] - Added data to batch for client 1: {'round': 4, 'step_no': 380, 'loss': 0.30207908153533936, 'accuracy': 0.9432010054588318, 'l2_norm': 3.722635507583618, 'computation_time': 0.04484295845031738, 'batch_time': 0.05067688256531255, 'rtc_check_time': 0.0045107010009814985, 'experiment_id': 'exp_20240619_200443', 'client_id': '1'}
[2024-06-19 20:05:43,420][root][INFO] - Added data to batch for client 1: {'round': 4, 'step_no': 381, 'loss': 0.08050622045993805, 'accuracy': 0.9433724880218506, 'l2_norm': 3.7410550117492676, 'computation_time': 0.04873394966125488, 'batch_time': 0.05582036513078492, 'rtc_check_time': 0.005843300998094492, 'experiment_id': 'exp_20240619_200443', 'client_id': '1'}
[2024-06-19 20:05:43,422][root][INFO] - Added data to batch for client 1: {'round': 4, 'step_no': 382, 'loss': 0.167210653424263, 'accuracy': 0.9433333277702332, 'l2_norm': 3.824974775314331, 'computation_time': 0.04355883598327637, 'batch_time': 0.04979913502029376, 'rtc_check_time': 0.005082299998321105, 'experiment_id': 'exp_20240619_200443', 'client_id': '1'}
[2024-06-19 20:05:43,423][root][INFO] - Added data to batch for client 1: {'round': 4, 'step_no': 383, 'loss': 0.15680649876594543, 'accuracy': 0.9435016512870789, 'l2_norm': 3.829089403152466, 'computation_time': 0.05252385139465332, 'batch_time': 0.0640657974727219, 'rtc_check_time': 0.00965200200153049, 'experiment_id': 'exp_20240619_200443', 'client_id': '1'}
[2024-06-19 20:05:43,424][root][INFO] - Added data to batch for client 1: {'round': 4, 'step_no': 384, 'loss': 0.11138216406106949, 'accuracy': 0.9436677694320679, 'l2_norm': 3.8557138442993164, 'computation_time': 0.05483412742614746, 'batch_time': 0.06654833580978448, 'rtc_check_time': 0.01034640099533135, 'experiment_id': 'exp_20240619_200443', 'client_id': '1'}
[2024-06-19 20:05:43,425][root][INFO] - Added data to batch for client 1: {'round': 4, 'step_no': 385, 'loss': 0.20951677858829498, 'accuracy': 0.9436274766921997, 'l2_norm': 3.9367406368255615, 'computation_time': 0.04052901268005371, 'batch_time': 0.04388994437613292, 'rtc_check_time': 0.002256100000522565, 'experiment_id': 'exp_20240619_200443', 'client_id': '1'}
[2024-06-19 20:05:43,427][root][INFO] - Added data to batch for client 1: {'round': 4, 'step_no': 386, 'loss': 0.23360854387283325, 'accuracy': 0.9437905550003052, 'l2_norm': 3.9488816261291504, 'computation_time': 0.04413414001464844, 'batch_time': 0.04824433708563447, 'rtc_check_time': 0.0028132000006735325, 'experiment_id': 'exp_20240619_200443', 'client_id': '1'}
[2024-06-19 20:05:43,429][root][INFO] - Added data to batch for client 1: {'round': 4, 'step_no': 387, 'loss': 0.07861050218343735, 'accuracy': 0.9441532492637634, 'l2_norm': 3.9613614082336426, 'computation_time': 0.04175305366516113, 'batch_time': 0.04433204209635733, 'rtc_check_time': 0.0013621000034618191, 'experiment_id': 'exp_20240619_200443', 'client_id': '1'}
[2024-06-19 20:05:43,430][root][INFO] - Added data to batch for client 1: {'round': 4, 'step_no': 388, 'loss': 0.0419778898358345, 'accuracy': 0.9443109035491943, 'l2_norm': 3.9707319736480713, 'computation_time': 0.040873050689697266, 'batch_time': 0.04616269464167999, 'rtc_check_time': 0.0042046009984915145, 'experiment_id': 'exp_20240619_200443', 'client_id': '1'}
[2024-06-19 20:05:43,431][root][INFO] - Added data to batch for client 1: {'round': 4, 'step_no': 389, 'loss': 0.138522669672966, 'accuracy': 0.9444665312767029, 'l2_norm': 3.969332695007324, 'computation_time': 0.04179811477661133, 'batch_time': 0.04654639621003298, 'rtc_check_time': 0.0035724010012927465, 'experiment_id': 'exp_20240619_200443', 'client_id': '1'}
[2024-06-19 20:05:43,432][root][INFO] - Added data to batch for client 1: {'round': 4, 'step_no': 390, 'loss': 0.07956754416227341, 'accuracy': 0.9446202516555786, 'l2_norm': 4.013659477233887, 'computation_time': 0.045272111892700195, 'batch_time': 0.052471042617980856, 'rtc_check_time': 0.00595510099810781, 'experiment_id': 'exp_20240619_200443', 'client_id': '1'}
[2024-06-19 20:05:43,433][root][INFO] - Added data to batch for client 1: {'round': 4, 'step_no': 391, 'loss': 0.047445863485336304, 'accuracy': 0.9447720050811768, 'l2_norm': 4.045573711395264, 'computation_time': 0.03891181945800781, 'batch_time': 0.0436001777270576, 'rtc_check_time': 0.003304099998786114, 'experiment_id': 'exp_20240619_200443', 'client_id': '1'}
[2024-06-19 20:05:43,434][root][INFO] - Added data to batch for client 1: {'round': 4, 'step_no': 392, 'loss': 0.14905717968940735, 'accuracy': 0.9449218511581421, 'l2_norm': 4.0685505867004395, 'computation_time': 0.04044795036315918, 'batch_time': 0.04519593229633756, 'rtc_check_time': 0.003665800002636388, 'experiment_id': 'exp_20240619_200443', 'client_id': '1'}
[2024-06-19 20:05:43,435][root][INFO] - Added data to batch for client 1: {'round': 4, 'step_no': 393, 'loss': 0.20952996611595154, 'accuracy': 0.944681704044342, 'l2_norm': 4.187382698059082, 'computation_time': 0.04204702377319336, 'batch_time': 0.044693402443954255, 'rtc_check_time': 0.0015034000025480054, 'experiment_id': 'exp_20240619_200443', 'client_id': '1'}
[2024-06-19 20:05:43,436][root][INFO] - Added data to batch for client 1: {'round': 4, 'step_no': 394, 'loss': 0.1021125316619873, 'accuracy': 0.9448302388191223, 'l2_norm': 4.234806060791016, 'computation_time': 0.04540681838989258, 'batch_time': 0.05096215443336405, 'rtc_check_time': 0.004469100997084752, 'experiment_id': 'exp_20240619_200443', 'client_id': '1'}
[2024-06-19 20:05:43,437][root][INFO] - Added data to batch for client 1: {'round': 4, 'step_no': 395, 'loss': 0.27658960223197937, 'accuracy': 0.9445935487747192, 'l2_norm': 4.234151840209961, 'computation_time': 0.04883384704589844, 'batch_time': 0.053902783860394266, 'rtc_check_time': 0.003949800004193094, 'experiment_id': 'exp_20240619_200443', 'client_id': '1'}
[2024-06-19 20:05:43,438][root][INFO] - Added data to batch for client 1: {'round': 4, 'step_no': 396, 'loss': 0.08677466213703156, 'accuracy': 0.9447408318519592, 'l2_norm': 4.258480548858643, 'computation_time': 0.04899311065673828, 'batch_time': 0.05596168759802822, 'rtc_check_time': 0.0055116010044002905, 'experiment_id': 'exp_20240619_200443', 'client_id': '1'}
[2024-06-19 20:05:43,439][root][INFO] - Added data to batch for client 1: {'round': 4, 'step_no': 397, 'loss': 0.06050921976566315, 'accuracy': 0.9450757503509521, 'l2_norm': 4.274693489074707, 'computation_time': 0.04325699806213379, 'batch_time': 0.04799690015352098, 'rtc_check_time': 0.003678700995806139, 'experiment_id': 'exp_20240619_200443', 'client_id': '1'}
[2024-06-19 20:05:43,442][root][INFO] - Added data to batch for client 1: {'round': 4, 'step_no': 398, 'loss': 0.01750611513853073, 'accuracy': 0.9454066157341003, 'l2_norm': 4.277658462524414, 'computation_time': 0.04306602478027344, 'batch_time': 0.045948073668114375, 'rtc_check_time': 0.0016591999956290238, 'experiment_id': 'exp_20240619_200443', 'client_id': '1'}
[2024-06-19 20:05:43,443][root][INFO] - Added data to batch for client 1: {'round': 4, 'step_no': 399, 'loss': 0.07555919885635376, 'accuracy': 0.9455463886260986, 'l2_norm': 4.318791389465332, 'computation_time': 0.04593014717102051, 'batch_time': 0.05224193594767712, 'rtc_check_time': 0.005134000995894894, 'experiment_id': 'exp_20240619_200443', 'client_id': '1'}
[2024-06-19 20:05:43,444][root][INFO] - Added data to batch for client 1: {'round': 4, 'step_no': 400, 'loss': 0.16958782076835632, 'accuracy': 0.945684552192688, 'l2_norm': 4.370306491851807, 'computation_time': 0.04507899284362793, 'batch_time': 0.04786546013201587, 'rtc_check_time': 0.0016175009950529784, 'experiment_id': 'exp_20240619_200443', 'client_id': '1'}
[2024-06-19 20:05:43,445][root][INFO] - Added data to batch for client 1: {'round': 4, 'step_no': 401, 'loss': 0.015116652473807335, 'accuracy': 0.9460059404373169, 'l2_norm': 4.380080699920654, 'computation_time': 0.043090105056762695, 'batch_time': 0.05275583819457097, 'rtc_check_time': 0.008349900999746751, 'experiment_id': 'exp_20240619_200443', 'client_id': '1'}
[2024-06-19 20:05:43,447][root][INFO] - Added data to batch for client 1: {'round': 4, 'step_no': 402, 'loss': 0.42540687322616577, 'accuracy': 0.9457720518112183, 'l2_norm': 4.477674961090088, 'computation_time': 0.046289920806884766, 'batch_time': 0.05307357526180567, 'rtc_check_time': 0.005335500005458016, 'experiment_id': 'exp_20240619_200443', 'client_id': '1'}
[2024-06-19 20:05:43,448][root][INFO] - Added data to batch for client 1: {'round': 4, 'step_no': 403, 'loss': 0.08961153775453568, 'accuracy': 0.9459064602851868, 'l2_norm': 4.493814468383789, 'computation_time': 0.07362914085388184, 'batch_time': 0.07961593863728922, 'rtc_check_time': 0.0035410999989835545, 'experiment_id': 'exp_20240619_200443', 'client_id': '1'}
[2024-06-19 20:05:43,449][root][INFO] - Added data to batch for client 1: {'round': 4, 'step_no': 404, 'loss': 0.03978099673986435, 'accuracy': 0.9462209343910217, 'l2_norm': 4.488154888153076, 'computation_time': 0.07522201538085938, 'batch_time': 0.07997481695201714, 'rtc_check_time': 0.0029257999995024875, 'experiment_id': 'exp_20240619_200443', 'client_id': '1'}
[2024-06-19 20:05:43,450][root][INFO] - Added data to batch for client 1: {'round': 4, 'step_no': 405, 'loss': 0.10215917974710464, 'accuracy': 0.946351170539856, 'l2_norm': 4.510751724243164, 'computation_time': 0.062380075454711914, 'batch_time': 0.07240113490843214, 'rtc_check_time': 0.007741301000351086, 'experiment_id': 'exp_20240619_200443', 'client_id': '1'}
[2024-06-19 20:05:43,451][root][INFO] - Added data to batch for client 1: {'round': 4, 'step_no': 406, 'loss': 0.3032492697238922, 'accuracy': 0.9459410905838013, 'l2_norm': 4.5753960609436035, 'computation_time': 0.06720805168151855, 'batch_time': 0.07102365008177003, 'rtc_check_time': 0.0018856000024243258, 'experiment_id': 'exp_20240619_200443', 'client_id': '1'}
[2024-06-19 20:05:43,452][root][INFO] - Added data to batch for client 1: {'round': 4, 'step_no': 407, 'loss': 0.482546865940094, 'accuracy': 0.9455357193946838, 'l2_norm': 4.704655647277832, 'computation_time': 0.05403590202331543, 'batch_time': 0.05804620761773549, 'rtc_check_time': 0.0024190999974962324, 'experiment_id': 'exp_20240619_200443', 'client_id': '1'}
[2024-06-19 20:05:43,453][root][INFO] - Added data to batch for client 1: {'round': 4, 'step_no': 408, 'loss': 0.08457983285188675, 'accuracy': 0.9458451867103577, 'l2_norm': 4.715394496917725, 'computation_time': 0.044798851013183594, 'batch_time': 0.04790489661536412, 'rtc_check_time': 0.0015660999997635372, 'experiment_id': 'exp_20240619_200443', 'client_id': '1'}
[2024-06-19 20:05:43,455][root][INFO] - Added data to batch for client 1: {'round': 4, 'step_no': 409, 'loss': 0.28494513034820557, 'accuracy': 0.9454449415206909, 'l2_norm': 4.778430461883545, 'computation_time': 0.04696798324584961, 'batch_time': 0.0538995975148282, 'rtc_check_time': 0.005724501002987381, 'experiment_id': 'exp_20240619_200443', 'client_id': '1'}
[2024-06-19 20:05:43,456][root][INFO] - Added data to batch for client 1: {'round': 4, 'step_no': 410, 'loss': 0.1380145251750946, 'accuracy': 0.9455758333206177, 'l2_norm': 4.773959159851074, 'computation_time': 0.04669189453125, 'batch_time': 0.05347191799955908, 'rtc_check_time': 0.0054959010012680665, 'experiment_id': 'exp_20240619_200443', 'client_id': '1'}
[2024-06-19 20:05:43,457][root][INFO] - Added data to batch for client 1: {'round': 4, 'step_no': 411, 'loss': 0.20740461349487305, 'accuracy': 0.9455307126045227, 'l2_norm': 4.763549327850342, 'computation_time': 0.05052804946899414, 'batch_time': 0.058899073374050204, 'rtc_check_time': 0.006667999994533602, 'experiment_id': 'exp_20240619_200443', 'client_id': '1'}
[2024-06-19 20:05:43,458][root][INFO] - Added data to batch for client 1: {'round': 4, 'step_no': 412, 'loss': 0.03539533168077469, 'accuracy': 0.9458333253860474, 'l2_norm': 4.770832061767578, 'computation_time': 0.05339312553405762, 'batch_time': 0.05785925337841036, 'rtc_check_time': 0.0030410999970627017, 'experiment_id': 'exp_20240619_200443', 'client_id': '1'}
[2024-06-19 20:05:43,459][root][INFO] - Added data to batch for client 1: {'round': 4, 'step_no': 413, 'loss': 0.31672585010528564, 'accuracy': 0.9457873106002808, 'l2_norm': 4.791109561920166, 'computation_time': 0.056828975677490234, 'batch_time': 0.059891545824939385, 'rtc_check_time': 0.001610601000720635, 'experiment_id': 'exp_20240619_200443', 'client_id': '1'}
[2024-06-19 20:05:43,460][root][INFO] - Added data to batch for client 1: {'round': 4, 'step_no': 414, 'loss': 0.17283916473388672, 'accuracy': 0.9459134340286255, 'l2_norm': 4.824930191040039, 'computation_time': 0.06114792823791504, 'batch_time': 0.06390797721542185, 'rtc_check_time': 0.001494999996793922, 'experiment_id': 'exp_20240619_200443', 'client_id': '1'}
[2024-06-19 20:05:43,461][root][INFO] - Added data to batch for client 1: {'round': 4, 'step_no': 415, 'loss': 0.21239736676216125, 'accuracy': 0.9458674788475037, 'l2_norm': 4.893209457397461, 'computation_time': 0.05104994773864746, 'batch_time': 0.0672326382555184, 'rtc_check_time': 0.014923602000635583, 'experiment_id': 'exp_20240619_200443', 'client_id': '1'}
[2024-06-19 20:05:43,462][root][INFO] - Added data to batch for client 1: {'round': 4, 'step_no': 416, 'loss': 0.1271350234746933, 'accuracy': 0.94582200050354, 'l2_norm': 4.943591117858887, 'computation_time': 0.04966378211975098, 'batch_time': 0.05424862715881318, 'rtc_check_time': 0.003249700996093452, 'experiment_id': 'exp_20240619_200443', 'client_id': '1'}
[2024-06-19 20:05:43,463][root][INFO] - Added data to batch for client 1: {'round': 4, 'step_no': 417, 'loss': 0.11641735583543777, 'accuracy': 0.9459459185600281, 'l2_norm': 4.978100299835205, 'computation_time': 0.05579805374145508, 'batch_time': 0.05846785518951947, 'rtc_check_time': 0.0014397999984794296, 'experiment_id': 'exp_20240619_200443', 'client_id': '1'}
[2024-06-19 20:05:43,464][root][INFO] - Added data to batch for client 1: {'round': 4, 'step_no': 418, 'loss': 0.03810468316078186, 'accuracy': 0.9462365508079529, 'l2_norm': 5.003037452697754, 'computation_time': 0.05844593048095703, 'batch_time': 0.0631327840819722, 'rtc_check_time': 0.0022947999968891963, 'experiment_id': 'exp_20240619_200443', 'client_id': '1'}
[2024-06-19 20:05:43,466][root][INFO] - Added data to batch for client 1: {'round': 4, 'step_no': 419, 'loss': 0.09050410240888596, 'accuracy': 0.9463569521903992, 'l2_norm': 5.045608997344971, 'computation_time': 0.05477404594421387, 'batch_time': 0.05893879712675698, 'rtc_check_time': 0.0026557999954093248, 'experiment_id': 'exp_20240619_200443', 'client_id': '1'}
[2024-06-19 20:05:43,467][root][INFO] - Added data to batch for client 1: {'round': 4, 'step_no': 420, 'loss': 0.3861039876937866, 'accuracy': 0.9459773898124695, 'l2_norm': 5.130892753601074, 'computation_time': 0.06219601631164551, 'batch_time': 0.06681792852032231, 'rtc_check_time': 0.0033180009995703585, 'experiment_id': 'exp_20240619_200443', 'client_id': '1'}
[2024-06-19 20:05:43,468][root][INFO] - Added data to batch for client 1: {'round': 4, 'step_no': 421, 'loss': 0.205922931432724, 'accuracy': 0.9459325671195984, 'l2_norm': 5.161123752593994, 'computation_time': 0.055889129638671875, 'batch_time': 0.05856160821713274, 'rtc_check_time': 0.0015716999987489544, 'experiment_id': 'exp_20240619_200443', 'client_id': '1'}
[2024-06-19 20:05:43,468][root][INFO] - Added batch data list for client 1. New Data Added: 189
[2024-06-19 20:05:43,473][root][INFO] - Batch data saved to /home/psklavos/fl/geom_aio/csv_logs/exp_20240619_200443/clients/client_1/batch.csv
[2024-06-19 20:05:43,473][root][INFO] - Appended data to last row of column distributed_loss in server data for client None
[2024-06-19 20:05:43,473][root][INFO] - Appended data to last row of column distributed_acc in server data for client None
[2024-06-19 20:05:43,473][root][INFO] - Appended {'distributed_loss': 0.11955054104328156, 'distributed_acc': 0.9598333438237509} to the last row of server data
[2024-06-19 20:05:43,474][root][INFO] - Server data saved to /home/psklavos/fl/geom_aio/csv_logs/exp_20240619_200443/server/server.csv
[2024-06-19 20:05:47,763][flwr][DEBUG] - fit_round 5: strategy sampled 3 clients (out of 3)
[2024-06-19 20:06:00,325][flwr][DEBUG] - fit_round 5 received 3 results and 0 failures
[2024-06-19 20:06:00,330][root][INFO] - Added data to server for client None: {'round': 5, 'average_norm': 5.024304548899333, 'round_time': 13.82580562686792, 'average_downlink_time': 0.6992536893333333, 'average_rtc_check_time': 0.8611982566750763, 'average_uplink_time': 0.39175153599999996, 'average_computation_time': 10.898640155792236, 'average_communication_time': 1.9522034820084098, 'average_fit_time': 12.54237405459086, 'average_throughput': 6.170474571227094, 'dropouts': 0, 'experiment_id': 'exp_20240619_200443'}
[2024-06-19 20:06:00,331][root][INFO] - Added server data: {'round': 5, 'average_norm': 5.024304548899333, 'round_time': 13.82580562686792, 'average_downlink_time': 0.6992536893333333, 'average_rtc_check_time': 0.8611982566750763, 'average_uplink_time': 0.39175153599999996, 'average_computation_time': 10.898640155792236, 'average_communication_time': 1.9522034820084098, 'average_fit_time': 12.54237405459086, 'average_throughput': 6.170474571227094, 'dropouts': 0, 'experiment_id': 'exp_20240619_200443'}
[2024-06-19 20:06:00,390][utils.model][INFO] - LeNet model built
[2024-06-19 20:06:00,508][utils.model][INFO] - Size of serialized model: 279.0341796875 kbytes
[2024-06-19 20:06:00,557][utils.model][INFO] - Step 1/40 - val_loss: 0.0381 - val_accuracy: 0.9922
[2024-06-19 20:06:00,575][utils.model][INFO] - Step 2/40 - val_loss: 0.0916 - val_accuracy: 0.9746
[2024-06-19 20:06:00,594][utils.model][INFO] - Step 3/40 - val_loss: 0.1022 - val_accuracy: 0.9648
[2024-06-19 20:06:00,614][utils.model][INFO] - Step 4/40 - val_loss: 0.1059 - val_accuracy: 0.9648
[2024-06-19 20:06:00,635][utils.model][INFO] - Step 5/40 - val_loss: 0.1174 - val_accuracy: 0.9594
[2024-06-19 20:06:00,655][utils.model][INFO] - Step 6/40 - val_loss: 0.1200 - val_accuracy: 0.9590
[2024-06-19 20:06:00,677][utils.model][INFO] - Step 7/40 - val_loss: 0.1239 - val_accuracy: 0.9576
[2024-06-19 20:06:00,696][utils.model][INFO] - Step 8/40 - val_loss: 0.1246 - val_accuracy: 0.9561
[2024-06-19 20:06:00,717][utils.model][INFO] - Step 9/40 - val_loss: 0.1290 - val_accuracy: 0.9549
[2024-06-19 20:06:00,740][utils.model][INFO] - Step 10/40 - val_loss: 0.1280 - val_accuracy: 0.9551
[2024-06-19 20:06:00,763][utils.model][INFO] - Step 11/40 - val_loss: 0.1270 - val_accuracy: 0.9563
[2024-06-19 20:06:00,786][utils.model][INFO] - Step 12/40 - val_loss: 0.1274 - val_accuracy: 0.9564
[2024-06-19 20:06:00,805][utils.model][INFO] - Step 13/40 - val_loss: 0.1267 - val_accuracy: 0.9567
[2024-06-19 20:06:00,824][utils.model][INFO] - Step 14/40 - val_loss: 0.1290 - val_accuracy: 0.9570
[2024-06-19 20:06:00,842][utils.model][INFO] - Step 15/40 - val_loss: 0.1311 - val_accuracy: 0.9557
[2024-06-19 20:06:00,861][utils.model][INFO] - Step 16/40 - val_loss: 0.1316 - val_accuracy: 0.9565
[2024-06-19 20:06:00,880][utils.model][INFO] - Step 17/40 - val_loss: 0.1318 - val_accuracy: 0.9568
[2024-06-19 20:06:00,900][utils.model][INFO] - Step 18/40 - val_loss: 0.1306 - val_accuracy: 0.9575
[2024-06-19 20:06:00,920][utils.model][INFO] - Step 19/40 - val_loss: 0.1292 - val_accuracy: 0.9581
[2024-06-19 20:06:00,939][utils.model][INFO] - Step 20/40 - val_loss: 0.1269 - val_accuracy: 0.9586
[2024-06-19 20:06:00,958][utils.model][INFO] - Step 21/40 - val_loss: 0.1229 - val_accuracy: 0.9598
[2024-06-19 20:06:00,977][utils.model][INFO] - Step 22/40 - val_loss: 0.1188 - val_accuracy: 0.9611
[2024-06-19 20:06:00,996][utils.model][INFO] - Step 23/40 - val_loss: 0.1185 - val_accuracy: 0.9614
[2024-06-19 20:06:01,016][utils.model][INFO] - Step 24/40 - val_loss: 0.1202 - val_accuracy: 0.9609
[2024-06-19 20:06:01,034][utils.model][INFO] - Step 25/40 - val_loss: 0.1161 - val_accuracy: 0.9622
[2024-06-19 20:06:01,053][utils.model][INFO] - Step 26/40 - val_loss: 0.1172 - val_accuracy: 0.9620
[2024-06-19 20:06:01,072][utils.model][INFO] - Step 27/40 - val_loss: 0.1143 - val_accuracy: 0.9630
[2024-06-19 20:06:01,091][utils.model][INFO] - Step 28/40 - val_loss: 0.1115 - val_accuracy: 0.9639
[2024-06-19 20:06:01,110][utils.model][INFO] - Step 29/40 - val_loss: 0.1090 - val_accuracy: 0.9650
[2024-06-19 20:06:01,129][utils.model][INFO] - Step 30/40 - val_loss: 0.1074 - val_accuracy: 0.9655
[2024-06-19 20:06:01,150][utils.model][INFO] - Step 31/40 - val_loss: 0.1064 - val_accuracy: 0.9659
[2024-06-19 20:06:01,172][utils.model][INFO] - Step 32/40 - val_loss: 0.1045 - val_accuracy: 0.9666
[2024-06-19 20:06:01,195][utils.model][INFO] - Step 33/40 - val_loss: 0.1024 - val_accuracy: 0.9671
[2024-06-19 20:06:01,216][utils.model][INFO] - Step 34/40 - val_loss: 0.1004 - val_accuracy: 0.9677
[2024-06-19 20:06:01,240][utils.model][INFO] - Step 35/40 - val_loss: 0.0977 - val_accuracy: 0.9686
[2024-06-19 20:06:01,262][utils.model][INFO] - Step 36/40 - val_loss: 0.0962 - val_accuracy: 0.9690
[2024-06-19 20:06:01,282][utils.model][INFO] - Step 37/40 - val_loss: 0.0943 - val_accuracy: 0.9696
[2024-06-19 20:06:01,301][utils.model][INFO] - Step 38/40 - val_loss: 0.0940 - val_accuracy: 0.9697
[2024-06-19 20:06:01,322][utils.model][INFO] - Step 39/40 - val_loss: 0.0969 - val_accuracy: 0.9688
[2024-06-19 20:06:01,333][utils.model][INFO] - Step 40/40 - val_loss: 0.0948 - val_accuracy: 0.9688
[2024-06-19 20:06:01,335][utils.model][INFO] - Evaluation Results - Val Loss: 0.0948, Val Accuracy: 0.9688 in 40 steps
[2024-06-19 20:06:01,336][root][INFO] - Appended data to last row of column centralized_loss in server data for client None
[2024-06-19 20:06:01,336][root][INFO] - Appended data to last row of column centralized_acc in server data for client None
[2024-06-19 20:06:01,337][root][INFO] - Appended {'centralized_loss': 0.094843216, 'centralized_acc': 0.9688} to the last row of server data
[2024-06-19 20:06:01,337][flwr][INFO] - fit progress: (5, 0.094843216, {'accuracy': 0.9688}, 68.30276786000468)
[2024-06-19 20:06:01,337][flwr][DEBUG] - evaluate_round 5: strategy sampled 3 clients (out of 3)
[2024-06-19 20:06:01,900][flwr][DEBUG] - evaluate_round 5 received 3 results and 0 failures
[2024-06-19 20:06:01,903][root][INFO] - Added data to epoch for client 1: {'round': 5, 'epoch_steps': 220, 'total_steps': 641, 'l2_norm': 4.867073059082031, 'total_computation_time': 10.888455390930176, 'total_rtc_check_time': 0.8894298910381622, 'total_duration': 12.54268217086792, 'val_loss': 0.11595547199249268, 'val_accuracy': 0.9570000171661377, 'experiment_id': 'exp_20240619_200443', 'client_id': '1'}
[2024-06-19 20:06:01,903][root][INFO] - Added epoch data for client 1: {'round': 5, 'epoch_steps': 220, 'total_steps': 641, 'l2_norm': 4.867073059082031, 'total_computation_time': 10.888455390930176, 'total_rtc_check_time': 0.8894298910381622, 'total_duration': 12.54268217086792, 'val_loss': 0.11595547199249268, 'val_accuracy': 0.9570000171661377, 'experiment_id': 'exp_20240619_200443', 'client_id': '1'}
[2024-06-19 20:06:01,904][root][INFO] - Epoch data saved to /home/psklavos/fl/geom_aio/csv_logs/exp_20240619_200443/clients/client_1/epoch.csv
[2024-06-19 20:06:01,905][root][INFO] - Added data to batch for client 1: {'round': 5, 'step_no': 422, 'loss': 0.08393444120883942, 'accuracy': 0.96875, 'l2_norm': 0.014923022128641605, 'computation_time': 0.06528782844543457, 'batch_time': 0.07510939583153231, 'rtc_check_time': 0.007799300998158287, 'experiment_id': 'exp_20240619_200443', 'client_id': '1'}
[2024-06-19 20:06:01,907][root][INFO] - Added data to batch for client 1: {'round': 5, 'step_no': 423, 'loss': 0.132577046751976, 'accuracy': 0.953125, 'l2_norm': 0.02935497649013996, 'computation_time': 0.07023096084594727, 'batch_time': 0.0752064915795927, 'rtc_check_time': 0.0027126999993924983, 'experiment_id': 'exp_20240619_200443', 'client_id': '1'}
[2024-06-19 20:06:01,908][root][INFO] - Added data to batch for client 1: {'round': 5, 'step_no': 424, 'loss': 0.13989193737506866, 'accuracy': 0.9479166865348816, 'l2_norm': 0.05421847850084305, 'computation_time': 0.05386996269226074, 'batch_time': 0.05872808639833238, 'rtc_check_time': 0.00298320000001695, 'experiment_id': 'exp_20240619_200443', 'client_id': '1'}
[2024-06-19 20:06:01,909][root][INFO] - Added data to batch for client 1: {'round': 5, 'step_no': 425, 'loss': 0.05582301318645477, 'accuracy': 0.9609375, 'l2_norm': 0.056459639221429825, 'computation_time': 0.05465388298034668, 'batch_time': 0.06572404698817991, 'rtc_check_time': 0.008773000998189673, 'experiment_id': 'exp_20240619_200443', 'client_id': '1'}
[2024-06-19 20:06:01,911][root][INFO] - Added data to batch for client 1: {'round': 5, 'step_no': 426, 'loss': 0.0905376747250557, 'accuracy': 0.9624999761581421, 'l2_norm': 0.0684269592165947, 'computation_time': 0.05175900459289551, 'batch_time': 0.06118124187923968, 'rtc_check_time': 0.00774520100094378, 'experiment_id': 'exp_20240619_200443', 'client_id': '1'}
[2024-06-19 20:06:01,912][root][INFO] - Added data to batch for client 1: {'round': 5, 'step_no': 427, 'loss': 0.11108233034610748, 'accuracy': 0.9635416865348816, 'l2_norm': 0.12624821066856384, 'computation_time': 0.10237693786621094, 'batch_time': 0.11633633390738396, 'rtc_check_time': 0.00851010099722771, 'experiment_id': 'exp_20240619_200443', 'client_id': '1'}
[2024-06-19 20:06:01,913][root][INFO] - Added data to batch for client 1: {'round': 5, 'step_no': 428, 'loss': 0.13718880712985992, 'accuracy': 0.9598214030265808, 'l2_norm': 0.14822666347026825, 'computation_time': 0.07104897499084473, 'batch_time': 0.07623767251061508, 'rtc_check_time': 0.003680700006952975, 'experiment_id': 'exp_20240619_200443', 'client_id': '1'}
[2024-06-19 20:06:01,915][root][INFO] - Added data to batch for client 1: {'round': 5, 'step_no': 429, 'loss': 0.27397021651268005, 'accuracy': 0.9609375, 'l2_norm': 0.15077458322048187, 'computation_time': 0.048668861389160156, 'batch_time': 0.05281368344731163, 'rtc_check_time': 0.00272480100102257, 'experiment_id': 'exp_20240619_200443', 'client_id': '1'}
[2024-06-19 20:06:01,916][root][INFO] - Added data to batch for client 1: {'round': 5, 'step_no': 430, 'loss': 0.11622652411460876, 'accuracy': 0.9618055820465088, 'l2_norm': 0.18600742518901825, 'computation_time': 0.04900503158569336, 'batch_time': 0.05402619997039437, 'rtc_check_time': 0.0036021010018885136, 'experiment_id': 'exp_20240619_200443', 'client_id': '1'}
[2024-06-19 20:06:01,917][root][INFO] - Added data to batch for client 1: {'round': 5, 'step_no': 431, 'loss': 0.09971969574689865, 'accuracy': 0.9624999761581421, 'l2_norm': 0.19383500516414642, 'computation_time': 0.04709196090698242, 'batch_time': 0.05153440409776522, 'rtc_check_time': 0.0029744999992544763, 'experiment_id': 'exp_20240619_200443', 'client_id': '1'}
[2024-06-19 20:06:01,918][root][INFO] - Added data to batch for client 1: {'round': 5, 'step_no': 432, 'loss': 0.17394740879535675, 'accuracy': 0.9573863744735718, 'l2_norm': 0.22554048895835876, 'computation_time': 0.05761408805847168, 'batch_time': 0.062130186131980736, 'rtc_check_time': 0.0030112000022199936, 'experiment_id': 'exp_20240619_200443', 'client_id': '1'}
[2024-06-19 20:06:01,919][root][INFO] - Added data to batch for client 1: {'round': 5, 'step_no': 433, 'loss': 0.06737986952066422, 'accuracy': 0.9583333134651184, 'l2_norm': 0.2440907210111618, 'computation_time': 0.05150103569030762, 'batch_time': 0.056719509775575716, 'rtc_check_time': 0.0038366000007954426, 'experiment_id': 'exp_20240619_200443', 'client_id': '1'}
[2024-06-19 20:06:01,920][root][INFO] - Added data to batch for client 1: {'round': 5, 'step_no': 434, 'loss': 0.14613209664821625, 'accuracy': 0.9543269276618958, 'l2_norm': 0.25536787509918213, 'computation_time': 0.0512850284576416, 'batch_time': 0.0570834252066561, 'rtc_check_time': 0.004323301000113133, 'experiment_id': 'exp_20240619_200443', 'client_id': '1'}
[2024-06-19 20:06:01,921][root][INFO] - Added data to batch for client 1: {'round': 5, 'step_no': 435, 'loss': 0.21039772033691406, 'accuracy': 0.953125, 'l2_norm': 0.31131401658058167, 'computation_time': 0.04935503005981445, 'batch_time': 0.056110683421138674, 'rtc_check_time': 0.005557600001338869, 'experiment_id': 'exp_20240619_200443', 'client_id': '1'}
[2024-06-19 20:06:01,922][root][INFO] - Added data to batch for client 1: {'round': 5, 'step_no': 436, 'loss': 0.2949088215827942, 'accuracy': 0.9520833492279053, 'l2_norm': 0.34166228771209717, 'computation_time': 0.05802297592163086, 'batch_time': 0.061588793687405996, 'rtc_check_time': 0.0018286999984411523, 'experiment_id': 'exp_20240619_200443', 'client_id': '1'}
[2024-06-19 20:06:01,924][root][INFO] - Added data to batch for client 1: {'round': 5, 'step_no': 437, 'loss': 0.15732474625110626, 'accuracy': 0.953125, 'l2_norm': 0.35222765803337097, 'computation_time': 0.053244829177856445, 'batch_time': 0.06190536425856408, 'rtc_check_time': 0.00722740100172814, 'experiment_id': 'exp_20240619_200443', 'client_id': '1'}
[2024-06-19 20:06:01,925][root][INFO] - Added data to batch for client 1: {'round': 5, 'step_no': 438, 'loss': 0.11166871339082718, 'accuracy': 0.9540441036224365, 'l2_norm': 0.36251407861709595, 'computation_time': 0.057376861572265625, 'batch_time': 0.06642165861558169, 'rtc_check_time': 0.007491500000469387, 'experiment_id': 'exp_20240619_200443', 'client_id': '1'}
[2024-06-19 20:06:01,927][root][INFO] - Added data to batch for client 1: {'round': 5, 'step_no': 439, 'loss': 0.022675318643450737, 'accuracy': 0.9565972089767456, 'l2_norm': 0.36917003989219666, 'computation_time': 0.05070805549621582, 'batch_time': 0.05577179639658425, 'rtc_check_time': 0.0030707999976584688, 'experiment_id': 'exp_20240619_200443', 'client_id': '1'}
[2024-06-19 20:06:01,928][root][INFO] - Added data to batch for client 1: {'round': 5, 'step_no': 440, 'loss': 0.09603489935398102, 'accuracy': 0.9555920958518982, 'l2_norm': 0.4013637900352478, 'computation_time': 0.058320045471191406, 'batch_time': 0.06253068075602641, 'rtc_check_time': 0.002741500000411179, 'experiment_id': 'exp_20240619_200443', 'client_id': '1'}
[2024-06-19 20:06:01,929][root][INFO] - Added data to batch for client 1: {'round': 5, 'step_no': 441, 'loss': 0.14344820380210876, 'accuracy': 0.9546874761581421, 'l2_norm': 0.403543084859848, 'computation_time': 0.05822110176086426, 'batch_time': 0.06654039886780083, 'rtc_check_time': 0.0066754010040313005, 'experiment_id': 'exp_20240619_200443', 'client_id': '1'}
[2024-06-19 20:06:01,930][root][INFO] - Added data to batch for client 1: {'round': 5, 'step_no': 442, 'loss': 0.31245166063308716, 'accuracy': 0.9553571343421936, 'l2_norm': 0.43963074684143066, 'computation_time': 0.05611896514892578, 'batch_time': 0.05932828994264128, 'rtc_check_time': 0.0018954000042867847, 'experiment_id': 'exp_20240619_200443', 'client_id': '1'}
[2024-06-19 20:06:01,931][root][INFO] - Added data to batch for client 1: {'round': 5, 'step_no': 443, 'loss': 0.04430162534117699, 'accuracy': 0.9573863744735718, 'l2_norm': 0.43831270933151245, 'computation_time': 0.0638129711151123, 'batch_time': 0.07402148123946972, 'rtc_check_time': 0.008551500999601558, 'experiment_id': 'exp_20240619_200443', 'client_id': '1'}
[2024-06-19 20:06:01,932][root][INFO] - Added data to batch for client 1: {'round': 5, 'step_no': 444, 'loss': 0.02844993956387043, 'accuracy': 0.95923912525177, 'l2_norm': 0.4424559772014618, 'computation_time': 0.05495595932006836, 'batch_time': 0.06972314360609744, 'rtc_check_time': 0.013308301000506617, 'experiment_id': 'exp_20240619_200443', 'client_id': '1'}
[2024-06-19 20:06:01,933][root][INFO] - Added data to batch for client 1: {'round': 5, 'step_no': 445, 'loss': 0.12246567010879517, 'accuracy': 0.9583333134651184, 'l2_norm': 0.4799627661705017, 'computation_time': 0.06675195693969727, 'batch_time': 0.07246795063110767, 'rtc_check_time': 0.004144099999393802, 'experiment_id': 'exp_20240619_200443', 'client_id': '1'}
[2024-06-19 20:06:01,934][root][INFO] - Added data to batch for client 1: {'round': 5, 'step_no': 446, 'loss': 0.028070101514458656, 'accuracy': 0.9599999785423279, 'l2_norm': 0.46851691603660583, 'computation_time': 0.05710101127624512, 'batch_time': 0.07412574156478513, 'rtc_check_time': 0.015388701998745091, 'experiment_id': 'exp_20240619_200443', 'client_id': '1'}
[2024-06-19 20:06:01,935][root][INFO] - Added data to batch for client 1: {'round': 5, 'step_no': 447, 'loss': 0.16238875687122345, 'accuracy': 0.9591346383094788, 'l2_norm': 0.5302720665931702, 'computation_time': 0.06316709518432617, 'batch_time': 0.06912627629935741, 'rtc_check_time': 0.0033782999962568283, 'experiment_id': 'exp_20240619_200443', 'client_id': '1'}
[2024-06-19 20:06:01,937][root][INFO] - Added data to batch for client 1: {'round': 5, 'step_no': 448, 'loss': 0.04068762809038162, 'accuracy': 0.9606481194496155, 'l2_norm': 0.534248948097229, 'computation_time': 0.05374789237976074, 'batch_time': 0.061420359765179455, 'rtc_check_time': 0.006253400002606213, 'experiment_id': 'exp_20240619_200443', 'client_id': '1'}
[2024-06-19 20:06:01,938][root][INFO] - Added data to batch for client 1: {'round': 5, 'step_no': 449, 'loss': 0.09980974346399307, 'accuracy': 0.9609375, 'l2_norm': 0.573093831539154, 'computation_time': 0.05654096603393555, 'batch_time': 0.06336573867883999, 'rtc_check_time': 0.005258600998786278, 'experiment_id': 'exp_20240619_200443', 'client_id': '1'}
[2024-06-19 20:06:01,939][root][INFO] - Added data to batch for client 1: {'round': 5, 'step_no': 450, 'loss': 0.23966127634048462, 'accuracy': 0.9612069129943848, 'l2_norm': 0.6080924868583679, 'computation_time': 0.06807899475097656, 'batch_time': 0.07973239173588809, 'rtc_check_time': 0.009795400997973047, 'experiment_id': 'exp_20240619_200443', 'client_id': '1'}
[2024-06-19 20:06:01,940][root][INFO] - Added data to batch for client 1: {'round': 5, 'step_no': 451, 'loss': 0.2324698567390442, 'accuracy': 0.9593750238418579, 'l2_norm': 0.6643432378768921, 'computation_time': 0.06655693054199219, 'batch_time': 0.09412724825233454, 'rtc_check_time': 0.025944303000869695, 'experiment_id': 'exp_20240619_200443', 'client_id': '1'}
[2024-06-19 20:06:01,941][root][INFO] - Added data to batch for client 1: {'round': 5, 'step_no': 452, 'loss': 0.21654528379440308, 'accuracy': 0.9566532373428345, 'l2_norm': 0.6507843732833862, 'computation_time': 0.04925704002380371, 'batch_time': 0.05554741716332501, 'rtc_check_time': 0.005005300998163875, 'experiment_id': 'exp_20240619_200443', 'client_id': '1'}
[2024-06-19 20:06:01,943][root][INFO] - Added data to batch for client 1: {'round': 5, 'step_no': 453, 'loss': 0.2092076689004898, 'accuracy': 0.9560546875, 'l2_norm': 0.68288254737854, 'computation_time': 0.04216408729553223, 'batch_time': 0.04622369918070035, 'rtc_check_time': 0.002972900001623202, 'experiment_id': 'exp_20240619_200443', 'client_id': '1'}
[2024-06-19 20:06:01,944][root][INFO] - Added data to batch for client 1: {'round': 5, 'step_no': 454, 'loss': 0.13156354427337646, 'accuracy': 0.9554924368858337, 'l2_norm': 0.728328287601471, 'computation_time': 0.0429379940032959, 'batch_time': 0.04765993457840523, 'rtc_check_time': 0.0033620009999140166, 'experiment_id': 'exp_20240619_200443', 'client_id': '1'}
[2024-06-19 20:06:01,945][root][INFO] - Added data to batch for client 1: {'round': 5, 'step_no': 455, 'loss': 0.3027087450027466, 'accuracy': 0.9540441036224365, 'l2_norm': 0.7979013323783875, 'computation_time': 0.056970834732055664, 'batch_time': 0.06333025599451503, 'rtc_check_time': 0.005111300000862684, 'experiment_id': 'exp_20240619_200443', 'client_id': '1'}
[2024-06-19 20:06:01,946][root][INFO] - Added data to batch for client 1: {'round': 5, 'step_no': 456, 'loss': 0.575057327747345, 'accuracy': 0.9526785612106323, 'l2_norm': 0.8192536234855652, 'computation_time': 0.04433488845825195, 'batch_time': 0.04815290795522742, 'rtc_check_time': 0.0026027999992948025, 'experiment_id': 'exp_20240619_200443', 'client_id': '1'}
[2024-06-19 20:06:01,947][root][INFO] - Added data to batch for client 1: {'round': 5, 'step_no': 457, 'loss': 0.22340847551822662, 'accuracy': 0.9522569179534912, 'l2_norm': 0.8397998809814453, 'computation_time': 0.04253697395324707, 'batch_time': 0.051538823172450066, 'rtc_check_time': 0.007561801001429558, 'experiment_id': 'exp_20240619_200443', 'client_id': '1'}
[2024-06-19 20:06:01,948][root][INFO] - Added data to batch for client 1: {'round': 5, 'step_no': 458, 'loss': 0.08714678883552551, 'accuracy': 0.9527027010917664, 'l2_norm': 0.8269827961921692, 'computation_time': 0.039842844009399414, 'batch_time': 0.04399895913229557, 'rtc_check_time': 0.0028739000044879504, 'experiment_id': 'exp_20240619_200443', 'client_id': '1'}
[2024-06-19 20:06:01,949][root][INFO] - Added data to batch for client 1: {'round': 5, 'step_no': 459, 'loss': 0.13506588339805603, 'accuracy': 0.953125, 'l2_norm': 0.8282709121704102, 'computation_time': 0.041085004806518555, 'batch_time': 0.04723739488690626, 'rtc_check_time': 0.004896401005680673, 'experiment_id': 'exp_20240619_200443', 'client_id': '1'}
[2024-06-19 20:06:01,950][root][INFO] - Added data to batch for client 1: {'round': 5, 'step_no': 460, 'loss': 0.3089035451412201, 'accuracy': 0.9535256624221802, 'l2_norm': 0.8140263557434082, 'computation_time': 0.03891897201538086, 'batch_time': 0.044571751124749426, 'rtc_check_time': 0.0045067009996273555, 'experiment_id': 'exp_20240619_200443', 'client_id': '1'}
[2024-06-19 20:06:01,951][root][INFO] - Added data to batch for client 1: {'round': 5, 'step_no': 461, 'loss': 0.13507235050201416, 'accuracy': 0.953906238079071, 'l2_norm': 0.8459672331809998, 'computation_time': 0.039865970611572266, 'batch_time': 0.04556983187649166, 'rtc_check_time': 0.004506999997829553, 'experiment_id': 'exp_20240619_200443', 'client_id': '1'}
[2024-06-19 20:06:01,952][root][INFO] - Added data to batch for client 1: {'round': 5, 'step_no': 462, 'loss': 0.07232534140348434, 'accuracy': 0.9550305008888245, 'l2_norm': 0.841979444026947, 'computation_time': 0.04009413719177246, 'batch_time': 0.05047010243288241, 'rtc_check_time': 0.009110201004659757, 'experiment_id': 'exp_20240619_200443', 'client_id': '1'}
[2024-06-19 20:06:01,953][root][INFO] - Added data to batch for client 1: {'round': 5, 'step_no': 463, 'loss': 0.14217497408390045, 'accuracy': 0.9553571343421936, 'l2_norm': 0.8421650528907776, 'computation_time': 0.044055938720703125, 'batch_time': 0.0468328556016786, 'rtc_check_time': 0.0014617999986512586, 'experiment_id': 'exp_20240619_200443', 'client_id': '1'}
[2024-06-19 20:06:01,954][root][INFO] - Added data to batch for client 1: {'round': 5, 'step_no': 464, 'loss': 0.03379877284169197, 'accuracy': 0.9563953280448914, 'l2_norm': 0.8548859357833862, 'computation_time': 0.03993797302246094, 'batch_time': 0.04401626856997609, 'rtc_check_time': 0.00243130000308156, 'experiment_id': 'exp_20240619_200443', 'client_id': '1'}
[2024-06-19 20:06:01,956][root][INFO] - Added data to batch for client 1: {'round': 5, 'step_no': 465, 'loss': 0.050865061581134796, 'accuracy': 0.9566761255264282, 'l2_norm': 0.8563267588615417, 'computation_time': 0.04455995559692383, 'batch_time': 0.04700487993977731, 'rtc_check_time': 0.0013419999959296547, 'experiment_id': 'exp_20240619_200443', 'client_id': '1'}
[2024-06-19 20:06:01,957][root][INFO] - Added data to batch for client 1: {'round': 5, 'step_no': 466, 'loss': 0.09775257110595703, 'accuracy': 0.956944465637207, 'l2_norm': 0.8632271885871887, 'computation_time': 0.040949106216430664, 'batch_time': 0.046812909458822105, 'rtc_check_time': 0.004254000996297691, 'experiment_id': 'exp_20240619_200443', 'client_id': '1'}
[2024-06-19 20:06:01,958][root][INFO] - Added data to batch for client 1: {'round': 5, 'step_no': 467, 'loss': 0.2550332546234131, 'accuracy': 0.9558423757553101, 'l2_norm': 0.9181972742080688, 'computation_time': 0.05212211608886719, 'batch_time': 0.05727440925693372, 'rtc_check_time': 0.00323040100192884, 'experiment_id': 'exp_20240619_200443', 'client_id': '1'}
[2024-06-19 20:06:01,959][root][INFO] - Added data to batch for client 1: {'round': 5, 'step_no': 468, 'loss': 0.037843070924282074, 'accuracy': 0.9567819237709045, 'l2_norm': 0.9018560647964478, 'computation_time': 0.04069995880126953, 'batch_time': 0.051201931353716645, 'rtc_check_time': 0.00918590199580649, 'experiment_id': 'exp_20240619_200443', 'client_id': '1'}
[2024-06-19 20:06:01,960][root][INFO] - Added data to batch for client 1: {'round': 5, 'step_no': 469, 'loss': 0.3677781820297241, 'accuracy': 0.9557291865348816, 'l2_norm': 0.9420665502548218, 'computation_time': 0.04023098945617676, 'batch_time': 0.04367552774056094, 'rtc_check_time': 0.0023707010041107424, 'experiment_id': 'exp_20240619_200443', 'client_id': '1'}
[2024-06-19 20:06:01,961][root][INFO] - Added data to batch for client 1: {'round': 5, 'step_no': 470, 'loss': 0.19107411801815033, 'accuracy': 0.9559949040412903, 'l2_norm': 0.9467031955718994, 'computation_time': 0.04269599914550781, 'batch_time': 0.04662377366912551, 'rtc_check_time': 0.0023348999966401607, 'experiment_id': 'exp_20240619_200443', 'client_id': '1'}
[2024-06-19 20:06:01,962][root][INFO] - Added data to batch for client 1: {'round': 5, 'step_no': 471, 'loss': 0.07397407293319702, 'accuracy': 0.956250011920929, 'l2_norm': 0.9429476857185364, 'computation_time': 0.04422903060913086, 'batch_time': 0.05102830524992896, 'rtc_check_time': 0.00562840099883033, 'experiment_id': 'exp_20240619_200443', 'client_id': '1'}
[2024-06-19 20:06:01,963][root][INFO] - Added data to batch for client 1: {'round': 5, 'step_no': 472, 'loss': 0.2529212236404419, 'accuracy': 0.9546568393707275, 'l2_norm': 0.9959034323692322, 'computation_time': 0.04089808464050293, 'batch_time': 0.04688886571966577, 'rtc_check_time': 0.004775800000061281, 'experiment_id': 'exp_20240619_200443', 'client_id': '1'}
[2024-06-19 20:06:01,964][root][INFO] - Added data to batch for client 1: {'round': 5, 'step_no': 473, 'loss': 0.08282672613859177, 'accuracy': 0.9555288553237915, 'l2_norm': 1.0000638961791992, 'computation_time': 0.04383993148803711, 'batch_time': 0.04901558802521322, 'rtc_check_time': 0.004080600003362633, 'experiment_id': 'exp_20240619_200443', 'client_id': '1'}
[2024-06-19 20:06:01,965][root][INFO] - Added data to batch for client 1: {'round': 5, 'step_no': 474, 'loss': 0.04939669370651245, 'accuracy': 0.9557783007621765, 'l2_norm': 1.0186361074447632, 'computation_time': 0.04217100143432617, 'batch_time': 0.04668480694090249, 'rtc_check_time': 0.0031727009991300292, 'experiment_id': 'exp_20240619_200443', 'client_id': '1'}
[2024-06-19 20:06:01,967][root][INFO] - Added data to batch for client 1: {'round': 5, 'step_no': 475, 'loss': 0.1188565194606781, 'accuracy': 0.9560185074806213, 'l2_norm': 1.0494526624679565, 'computation_time': 0.046278953552246094, 'batch_time': 0.050146312853030395, 'rtc_check_time': 0.002739401003054809, 'experiment_id': 'exp_20240619_200443', 'client_id': '1'}
[2024-06-19 20:06:01,968][root][INFO] - Added data to batch for client 1: {'round': 5, 'step_no': 476, 'loss': 0.11356286704540253, 'accuracy': 0.9556818008422852, 'l2_norm': 1.0781116485595703, 'computation_time': 0.04103803634643555, 'batch_time': 0.04442895390820922, 'rtc_check_time': 0.002293000005010981, 'experiment_id': 'exp_20240619_200443', 'client_id': '1'}
[2024-06-19 20:06:01,969][root][INFO] - Added data to batch for client 1: {'round': 5, 'step_no': 477, 'loss': 0.05992455035448074, 'accuracy': 0.9564732313156128, 'l2_norm': 1.066670298576355, 'computation_time': 0.04632401466369629, 'batch_time': 0.04922132531646639, 'rtc_check_time': 0.0015903000021353364, 'experiment_id': 'exp_20240619_200443', 'client_id': '1'}
[2024-06-19 20:06:01,970][root][INFO] - Added data to batch for client 1: {'round': 5, 'step_no': 478, 'loss': 0.13414400815963745, 'accuracy': 0.9566885828971863, 'l2_norm': 1.0875779390335083, 'computation_time': 0.041975975036621094, 'batch_time': 0.04553602481610142, 'rtc_check_time': 0.0019152000022586435, 'experiment_id': 'exp_20240619_200443', 'client_id': '1'}
[2024-06-19 20:06:01,971][root][INFO] - Added data to batch for client 1: {'round': 5, 'step_no': 479, 'loss': 0.4431411027908325, 'accuracy': 0.9563577771186829, 'l2_norm': 1.1703901290893555, 'computation_time': 0.04006695747375488, 'batch_time': 0.04484549660992343, 'rtc_check_time': 0.0036296000034781173, 'experiment_id': 'exp_20240619_200443', 'client_id': '1'}
[2024-06-19 20:06:01,972][root][INFO] - Added data to batch for client 1: {'round': 5, 'step_no': 480, 'loss': 0.48354703187942505, 'accuracy': 0.9549788236618042, 'l2_norm': 1.23067307472229, 'computation_time': 0.03935503959655762, 'batch_time': 0.046993380376079585, 'rtc_check_time': 0.006450300999858882, 'experiment_id': 'exp_20240619_200443', 'client_id': '1'}
[2024-06-19 20:06:01,973][root][INFO] - Added data to batch for client 1: {'round': 5, 'step_no': 481, 'loss': 0.21937580406665802, 'accuracy': 0.9552083611488342, 'l2_norm': 1.249112844467163, 'computation_time': 0.04000592231750488, 'batch_time': 0.04330809243401745, 'rtc_check_time': 0.0021971000023768283, 'experiment_id': 'exp_20240619_200443', 'client_id': '1'}
[2024-06-19 20:06:01,974][root][INFO] - Added data to batch for client 1: {'round': 5, 'step_no': 482, 'loss': 0.11936049908399582, 'accuracy': 0.9549180269241333, 'l2_norm': 1.2268469333648682, 'computation_time': 0.04221391677856445, 'batch_time': 0.04470952345582191, 'rtc_check_time': 0.0014653999969596043, 'experiment_id': 'exp_20240619_200443', 'client_id': '1'}
[2024-06-19 20:06:01,975][root][INFO] - Added data to batch for client 1: {'round': 5, 'step_no': 483, 'loss': 0.1014489233493805, 'accuracy': 0.9551411271095276, 'l2_norm': 1.234861969947815, 'computation_time': 0.04474496841430664, 'batch_time': 0.05061585202201968, 'rtc_check_time': 0.003986899995652493, 'experiment_id': 'exp_20240619_200443', 'client_id': '1'}
[2024-06-19 20:06:01,977][root][INFO] - Added data to batch for client 1: {'round': 5, 'step_no': 484, 'loss': 0.07994797825813293, 'accuracy': 0.9558531641960144, 'l2_norm': 1.2239388227462769, 'computation_time': 0.049571990966796875, 'batch_time': 0.05328342178836465, 'rtc_check_time': 0.002217500004917383, 'experiment_id': 'exp_20240619_200443', 'client_id': '1'}
[2024-06-19 20:06:01,978][root][INFO] - Added data to batch for client 1: {'round': 5, 'step_no': 485, 'loss': 0.1584150344133377, 'accuracy': 0.95556640625, 'l2_norm': 1.244437336921692, 'computation_time': 0.041906118392944336, 'batch_time': 0.056691400735871866, 'rtc_check_time': 0.0136516019992996, 'experiment_id': 'exp_20240619_200443', 'client_id': '1'}
[2024-06-19 20:06:01,979][root][INFO] - Added data to batch for client 1: {'round': 5, 'step_no': 486, 'loss': 0.18327400088310242, 'accuracy': 0.954807698726654, 'l2_norm': 1.2645221948623657, 'computation_time': 0.042983055114746094, 'batch_time': 0.04649659192364197, 'rtc_check_time': 0.002394399998593144, 'experiment_id': 'exp_20240619_200443', 'client_id': '1'}
[2024-06-19 20:06:01,980][root][INFO] - Added data to batch for client 1: {'round': 5, 'step_no': 487, 'loss': 0.09651634097099304, 'accuracy': 0.955018937587738, 'l2_norm': 1.2926545143127441, 'computation_time': 0.03919100761413574, 'batch_time': 0.045190368764451705, 'rtc_check_time': 0.004796301000169478, 'experiment_id': 'exp_20240619_200443', 'client_id': '1'}
[2024-06-19 20:06:01,981][root][INFO] - Added data to batch for client 1: {'round': 5, 'step_no': 488, 'loss': 0.08942275494337082, 'accuracy': 0.9552238583564758, 'l2_norm': 1.3010004758834839, 'computation_time': 0.03975081443786621, 'batch_time': 0.04466016506194137, 'rtc_check_time': 0.0036052009963896126, 'experiment_id': 'exp_20240619_200443', 'client_id': '1'}
[2024-06-19 20:06:01,982][root][INFO] - Added data to batch for client 1: {'round': 5, 'step_no': 489, 'loss': 0.026006370782852173, 'accuracy': 0.9558823704719543, 'l2_norm': 1.2964564561843872, 'computation_time': 0.040389060974121094, 'batch_time': 0.04461400950822281, 'rtc_check_time': 0.0031708999958937056, 'experiment_id': 'exp_20240619_200443', 'client_id': '1'}
[2024-06-19 20:06:01,983][root][INFO] - Added data to batch for client 1: {'round': 5, 'step_no': 490, 'loss': 0.09694625437259674, 'accuracy': 0.9560688138008118, 'l2_norm': 1.316733479499817, 'computation_time': 0.04023289680480957, 'batch_time': 0.04446587547136005, 'rtc_check_time': 0.003089999998337589, 'experiment_id': 'exp_20240619_200443', 'client_id': '1'}
[2024-06-19 20:06:01,984][root][INFO] - Added data to batch for client 1: {'round': 5, 'step_no': 491, 'loss': 0.4402150511741638, 'accuracy': 0.9553571343421936, 'l2_norm': 1.3281891345977783, 'computation_time': 0.043020009994506836, 'batch_time': 0.04546969630609965, 'rtc_check_time': 0.0014345000017783605, 'experiment_id': 'exp_20240619_200443', 'client_id': '1'}
[2024-06-19 20:06:01,985][root][INFO] - Added data to batch for client 1: {'round': 5, 'step_no': 492, 'loss': 0.10813762247562408, 'accuracy': 0.9555457830429077, 'l2_norm': 1.3494209051132202, 'computation_time': 0.043270111083984375, 'batch_time': 0.04620886423799675, 'rtc_check_time': 0.0015687999984947965, 'experiment_id': 'exp_20240619_200443', 'client_id': '1'}
[2024-06-19 20:06:01,986][root][INFO] - Added data to batch for client 1: {'round': 5, 'step_no': 493, 'loss': 0.14294493198394775, 'accuracy': 0.9552951455116272, 'l2_norm': 1.3657196760177612, 'computation_time': 0.050292015075683594, 'batch_time': 0.05319224665436195, 'rtc_check_time': 0.0015812999990885146, 'experiment_id': 'exp_20240619_200443', 'client_id': '1'}
[2024-06-19 20:06:01,987][root][INFO] - Added data to batch for client 1: {'round': 5, 'step_no': 494, 'loss': 0.09831921756267548, 'accuracy': 0.9554794430732727, 'l2_norm': 1.3794050216674805, 'computation_time': 0.047653913497924805, 'batch_time': 0.054670660305419005, 'rtc_check_time': 0.005648701000609435, 'experiment_id': 'exp_20240619_200443', 'client_id': '1'}
[2024-06-19 20:06:01,988][root][INFO] - Added data to batch for client 1: {'round': 5, 'step_no': 495, 'loss': 0.08391683548688889, 'accuracy': 0.9556587934494019, 'l2_norm': 1.3912187814712524, 'computation_time': 0.057760000228881836, 'batch_time': 0.06062173563259421, 'rtc_check_time': 0.0016067000033217482, 'experiment_id': 'exp_20240619_200443', 'client_id': '1'}
[2024-06-19 20:06:01,989][root][INFO] - Added data to batch for client 1: {'round': 5, 'step_no': 496, 'loss': 0.02098405919969082, 'accuracy': 0.956250011920929, 'l2_norm': 1.3957091569900513, 'computation_time': 0.04818892478942871, 'batch_time': 0.05080224082485074, 'rtc_check_time': 0.0013733010055148043, 'experiment_id': 'exp_20240619_200443', 'client_id': '1'}
[2024-06-19 20:06:01,990][root][INFO] - Added data to batch for client 1: {'round': 5, 'step_no': 497, 'loss': 0.0931781679391861, 'accuracy': 0.9564144611358643, 'l2_norm': 1.4319546222686768, 'computation_time': 0.05677199363708496, 'batch_time': 0.060571363668714184, 'rtc_check_time': 0.0019253999998909421, 'experiment_id': 'exp_20240619_200443', 'client_id': '1'}
[2024-06-19 20:06:01,991][root][INFO] - Added data to batch for client 1: {'round': 5, 'step_no': 498, 'loss': 0.05230116471648216, 'accuracy': 0.9565746784210205, 'l2_norm': 1.4333547353744507, 'computation_time': 0.05859994888305664, 'batch_time': 0.061505662502895575, 'rtc_check_time': 0.0015297999998438172, 'experiment_id': 'exp_20240619_200443', 'client_id': '1'}
[2024-06-19 20:06:01,992][root][INFO] - Added data to batch for client 1: {'round': 5, 'step_no': 499, 'loss': 0.055317170917987823, 'accuracy': 0.9571313858032227, 'l2_norm': 1.4536094665527344, 'computation_time': 0.051969051361083984, 'batch_time': 0.055876756872748956, 'rtc_check_time': 0.0025666010042186826, 'experiment_id': 'exp_20240619_200443', 'client_id': '1'}
[2024-06-19 20:06:01,994][root][INFO] - Added data to batch for client 1: {'round': 5, 'step_no': 500, 'loss': 0.08585309982299805, 'accuracy': 0.9572784900665283, 'l2_norm': 1.480031132698059, 'computation_time': 0.04593992233276367, 'batch_time': 0.052386292336450424, 'rtc_check_time': 0.005127200005517807, 'experiment_id': 'exp_20240619_200443', 'client_id': '1'}
[2024-06-19 20:06:01,995][root][INFO] - Added data to batch for client 1: {'round': 5, 'step_no': 501, 'loss': 0.12439798563718796, 'accuracy': 0.95703125, 'l2_norm': 1.518380045890808, 'computation_time': 0.050653934478759766, 'batch_time': 0.05432934436976211, 'rtc_check_time': 0.0021934000033070333, 'experiment_id': 'exp_20240619_200443', 'client_id': '1'}
[2024-06-19 20:06:01,996][root][INFO] - Added data to batch for client 1: {'round': 5, 'step_no': 502, 'loss': 0.5242695212364197, 'accuracy': 0.9560185074806213, 'l2_norm': 1.6028327941894531, 'computation_time': 0.05516195297241211, 'batch_time': 0.05955577282293234, 'rtc_check_time': 0.0030097999988356605, 'experiment_id': 'exp_20240619_200443', 'client_id': '1'}
[2024-06-19 20:06:01,997][root][INFO] - Added data to batch for client 1: {'round': 5, 'step_no': 503, 'loss': 0.4470518231391907, 'accuracy': 0.9550305008888245, 'l2_norm': 1.6217193603515625, 'computation_time': 0.053881168365478516, 'batch_time': 0.0575904659126536, 'rtc_check_time': 0.0016465000007883646, 'experiment_id': 'exp_20240619_200443', 'client_id': '1'}
[2024-06-19 20:06:01,998][root][INFO] - Added data to batch for client 1: {'round': 5, 'step_no': 504, 'loss': 0.0998508632183075, 'accuracy': 0.9548192620277405, 'l2_norm': 1.6031877994537354, 'computation_time': 0.04560589790344238, 'batch_time': 0.06096293783048168, 'rtc_check_time': 0.014244101999793202, 'experiment_id': 'exp_20240619_200443', 'client_id': '1'}
[2024-06-19 20:06:01,999][root][INFO] - Added data to batch for client 1: {'round': 5, 'step_no': 505, 'loss': 0.10596831142902374, 'accuracy': 0.9546130895614624, 'l2_norm': 1.6196002960205078, 'computation_time': 0.0549471378326416, 'batch_time': 0.05985522791161202, 'rtc_check_time': 0.002633099997183308, 'experiment_id': 'exp_20240619_200443', 'client_id': '1'}
[2024-06-19 20:06:02,000][root][INFO] - Added data to batch for client 1: {'round': 5, 'step_no': 506, 'loss': 0.08199593424797058, 'accuracy': 0.9547793865203857, 'l2_norm': 1.6711363792419434, 'computation_time': 0.0428009033203125, 'batch_time': 0.050277248687052634, 'rtc_check_time': 0.005508199996256735, 'experiment_id': 'exp_20240619_200443', 'client_id': '1'}
[2024-06-19 20:06:02,001][root][INFO] - Added data to batch for client 1: {'round': 5, 'step_no': 507, 'loss': 0.0964304506778717, 'accuracy': 0.9553052186965942, 'l2_norm': 1.665217638015747, 'computation_time': 0.04339885711669922, 'batch_time': 0.0534152022737544, 'rtc_check_time': 0.008895300998119637, 'experiment_id': 'exp_20240619_200443', 'client_id': '1'}
[2024-06-19 20:06:02,002][root][INFO] - Added data to batch for client 1: {'round': 5, 'step_no': 508, 'loss': 0.04496346414089203, 'accuracy': 0.9554597735404968, 'l2_norm': 1.66153085231781, 'computation_time': 0.054100990295410156, 'batch_time': 0.0580011682031909, 'rtc_check_time': 0.0025822000025073066, 'experiment_id': 'exp_20240619_200443', 'client_id': '1'}
[2024-06-19 20:06:02,003][root][INFO] - Added data to batch for client 1: {'round': 5, 'step_no': 509, 'loss': 0.051674410700798035, 'accuracy': 0.9556108117103577, 'l2_norm': 1.6730244159698486, 'computation_time': 0.0599970817565918, 'batch_time': 0.06360680040234001, 'rtc_check_time': 0.0022616999995079823, 'experiment_id': 'exp_20240619_200443', 'client_id': '1'}
[2024-06-19 20:06:02,004][root][INFO] - Added data to batch for client 1: {'round': 5, 'step_no': 510, 'loss': 0.12010843306779861, 'accuracy': 0.9557584524154663, 'l2_norm': 1.7098451852798462, 'computation_time': 0.05384993553161621, 'batch_time': 0.06114790753781563, 'rtc_check_time': 0.004959801000950392, 'experiment_id': 'exp_20240619_200443', 'client_id': '1'}
[2024-06-19 20:06:02,005][root][INFO] - Added data to batch for client 1: {'round': 5, 'step_no': 511, 'loss': 0.027437103912234306, 'accuracy': 0.956250011920929, 'l2_norm': 1.7113525867462158, 'computation_time': 0.05628013610839844, 'batch_time': 0.059719449520343915, 'rtc_check_time': 0.0018914999964181334, 'experiment_id': 'exp_20240619_200443', 'client_id': '1'}
[2024-06-19 20:06:02,006][root][INFO] - Added data to batch for client 1: {'round': 5, 'step_no': 512, 'loss': 0.06145169958472252, 'accuracy': 0.9563873410224915, 'l2_norm': 1.724847674369812, 'computation_time': 0.04118204116821289, 'batch_time': 0.05499292063177563, 'rtc_check_time': 0.012703902000794187, 'experiment_id': 'exp_20240619_200443', 'client_id': '1'}
[2024-06-19 20:06:02,007][root][INFO] - Added data to batch for client 1: {'round': 5, 'step_no': 513, 'loss': 0.057646699249744415, 'accuracy': 0.95652174949646, 'l2_norm': 1.7761328220367432, 'computation_time': 0.0607907772064209, 'batch_time': 0.06563148465647828, 'rtc_check_time': 0.0031744000007165596, 'experiment_id': 'exp_20240619_200443', 'client_id': '1'}
[2024-06-19 20:06:02,008][root][INFO] - Added data to batch for client 1: {'round': 5, 'step_no': 514, 'loss': 0.01510053314268589, 'accuracy': 0.9569892287254333, 'l2_norm': 1.774557113647461, 'computation_time': 0.056632041931152344, 'batch_time': 0.060908547551662195, 'rtc_check_time': 0.0029415999961202033, 'experiment_id': 'exp_20240619_200443', 'client_id': '1'}
[2024-06-19 20:06:02,009][root][INFO] - Added data to batch for client 1: {'round': 5, 'step_no': 515, 'loss': 0.0731678456068039, 'accuracy': 0.9571143388748169, 'l2_norm': 1.750409722328186, 'computation_time': 0.11896800994873047, 'batch_time': 0.1416049151084735, 'rtc_check_time': 0.017152801003248896, 'experiment_id': 'exp_20240619_200443', 'client_id': '1'}
[2024-06-19 20:06:02,010][root][INFO] - Added data to batch for client 1: {'round': 5, 'step_no': 516, 'loss': 0.30287066102027893, 'accuracy': 0.9569078683853149, 'l2_norm': 1.8346917629241943, 'computation_time': 0.16569805145263672, 'batch_time': 0.18056060884555336, 'rtc_check_time': 0.005484601002535783, 'experiment_id': 'exp_20240619_200443', 'client_id': '1'}
[2024-06-19 20:06:02,012][root][INFO] - Added data to batch for client 1: {'round': 5, 'step_no': 517, 'loss': 0.294900119304657, 'accuracy': 0.9563801884651184, 'l2_norm': 1.893570899963379, 'computation_time': 0.13588690757751465, 'batch_time': 0.16266532344889129, 'rtc_check_time': 0.022586301995033864, 'experiment_id': 'exp_20240619_200443', 'client_id': '1'}
[2024-06-19 20:06:02,013][root][INFO] - Added data to batch for client 1: {'round': 5, 'step_no': 518, 'loss': 0.056934770196676254, 'accuracy': 0.9568299055099487, 'l2_norm': 1.879082441329956, 'computation_time': 0.11915898323059082, 'batch_time': 0.12625793739425717, 'rtc_check_time': 0.0041068009959417395, 'experiment_id': 'exp_20240619_200443', 'client_id': '1'}
[2024-06-19 20:06:02,014][root][INFO] - Added data to batch for client 1: {'round': 5, 'step_no': 519, 'loss': 0.1566014140844345, 'accuracy': 0.956632673740387, 'l2_norm': 1.9118140935897827, 'computation_time': 0.0849301815032959, 'batch_time': 0.09773506430065027, 'rtc_check_time': 0.010441201004141476, 'experiment_id': 'exp_20240619_200443', 'client_id': '1'}
[2024-06-19 20:06:02,015][root][INFO] - Added data to batch for client 1: {'round': 5, 'step_no': 520, 'loss': 0.010135747492313385, 'accuracy': 0.9570707082748413, 'l2_norm': 1.9145402908325195, 'computation_time': 0.07510781288146973, 'batch_time': 0.08399007339176023, 'rtc_check_time': 0.0069072010010131635, 'experiment_id': 'exp_20240619_200443', 'client_id': '1'}
[2024-06-19 20:06:02,016][root][INFO] - Added data to batch for client 1: {'round': 5, 'step_no': 521, 'loss': 0.2276569902896881, 'accuracy': 0.956250011920929, 'l2_norm': 1.9491229057312012, 'computation_time': 0.06676602363586426, 'batch_time': 0.07481645710504381, 'rtc_check_time': 0.0052904999974998645, 'experiment_id': 'exp_20240619_200443', 'client_id': '1'}
[2024-06-19 20:06:02,017][root][INFO] - Added data to batch for client 1: {'round': 5, 'step_no': 522, 'loss': 0.1750539392232895, 'accuracy': 0.9560643434524536, 'l2_norm': 1.9918220043182373, 'computation_time': 0.08549785614013672, 'batch_time': 0.08952843119914178, 'rtc_check_time': 0.0023924010019982234, 'experiment_id': 'exp_20240619_200443', 'client_id': '1'}
[2024-06-19 20:06:02,018][root][INFO] - Added data to batch for client 1: {'round': 5, 'step_no': 523, 'loss': 0.19002656638622284, 'accuracy': 0.9558823704719543, 'l2_norm': 2.0057883262634277, 'computation_time': 0.11527299880981445, 'batch_time': 0.12247639218549011, 'rtc_check_time': 0.005453401005070191, 'experiment_id': 'exp_20240619_200443', 'client_id': '1'}
[2024-06-19 20:06:02,019][root][INFO] - Added data to batch for client 1: {'round': 5, 'step_no': 524, 'loss': 0.1807974874973297, 'accuracy': 0.9560073018074036, 'l2_norm': 2.0297014713287354, 'computation_time': 0.07949399948120117, 'batch_time': 0.08861291502398672, 'rtc_check_time': 0.00595510099810781, 'experiment_id': 'exp_20240619_200443', 'client_id': '1'}
[2024-06-19 20:06:02,020][root][INFO] - Added data to batch for client 1: {'round': 5, 'step_no': 525, 'loss': 0.2515658140182495, 'accuracy': 0.9555288553237915, 'l2_norm': 2.1010446548461914, 'computation_time': 0.05672597885131836, 'batch_time': 0.06835169065743685, 'rtc_check_time': 0.009166900999844074, 'experiment_id': 'exp_20240619_200443', 'client_id': '1'}
[2024-06-19 20:06:02,021][root][INFO] - Added data to batch for client 1: {'round': 5, 'step_no': 526, 'loss': 0.09203605353832245, 'accuracy': 0.9553571343421936, 'l2_norm': 2.1153321266174316, 'computation_time': 0.0645289421081543, 'batch_time': 0.06796840675815474, 'rtc_check_time': 0.0017063999985111877, 'experiment_id': 'exp_20240619_200443', 'client_id': '1'}
[2024-06-19 20:06:02,022][root][INFO] - Added data to batch for client 1: {'round': 5, 'step_no': 527, 'loss': 0.02646752819418907, 'accuracy': 0.9557783007621765, 'l2_norm': 2.117379665374756, 'computation_time': 0.05119609832763672, 'batch_time': 0.054604929697234184, 'rtc_check_time': 0.0019179999944753945, 'experiment_id': 'exp_20240619_200443', 'client_id': '1'}
[2024-06-19 20:06:02,024][root][INFO] - Added data to batch for client 1: {'round': 5, 'step_no': 528, 'loss': 0.0054965754970908165, 'accuracy': 0.9561915993690491, 'l2_norm': 2.1184399127960205, 'computation_time': 0.0409090518951416, 'batch_time': 0.05062656704103574, 'rtc_check_time': 0.008691600000020117, 'experiment_id': 'exp_20240619_200443', 'client_id': '1'}
[2024-06-19 20:06:02,025][root][INFO] - Added data to batch for client 1: {'round': 5, 'step_no': 529, 'loss': 0.20847560465335846, 'accuracy': 0.9560185074806213, 'l2_norm': 2.152947425842285, 'computation_time': 0.04159903526306152, 'batch_time': 0.04413174547516974, 'rtc_check_time': 0.0014367000039783306, 'experiment_id': 'exp_20240619_200443', 'client_id': '1'}
[2024-06-19 20:06:02,026][root][INFO] - Added data to batch for client 1: {'round': 5, 'step_no': 530, 'loss': 0.4023602604866028, 'accuracy': 0.9549885392189026, 'l2_norm': 2.169126033782959, 'computation_time': 0.04204297065734863, 'batch_time': 0.04536804318195209, 'rtc_check_time': 0.002147999999579042, 'experiment_id': 'exp_20240619_200443', 'client_id': '1'}
[2024-06-19 20:06:02,027][root][INFO] - Added data to batch for client 1: {'round': 5, 'step_no': 531, 'loss': 0.10206124931573868, 'accuracy': 0.9548295736312866, 'l2_norm': 2.169297933578491, 'computation_time': 0.042433977127075195, 'batch_time': 0.046013577375561, 'rtc_check_time': 0.0023856000043451786, 'experiment_id': 'exp_20240619_200443', 'client_id': '1'}
[2024-06-19 20:06:02,028][root][INFO] - Added data to batch for client 1: {'round': 5, 'step_no': 532, 'loss': 0.06299855560064316, 'accuracy': 0.9552364945411682, 'l2_norm': 2.1635212898254395, 'computation_time': 0.04695701599121094, 'batch_time': 0.049714838452928234, 'rtc_check_time': 0.0014736999946762808, 'experiment_id': 'exp_20240619_200443', 'client_id': '1'}
[2024-06-19 20:06:02,029][root][INFO] - Added data to batch for client 1: {'round': 5, 'step_no': 533, 'loss': 0.1463525891304016, 'accuracy': 0.9553571343421936, 'l2_norm': 2.1569085121154785, 'computation_time': 0.05357480049133301, 'batch_time': 0.06123096511873882, 'rtc_check_time': 0.005666800003382377, 'experiment_id': 'exp_20240619_200443', 'client_id': '1'}
[2024-06-19 20:06:02,030][root][INFO] - Added data to batch for client 1: {'round': 5, 'step_no': 534, 'loss': 0.19673864543437958, 'accuracy': 0.955199122428894, 'l2_norm': 2.1737475395202637, 'computation_time': 0.04797005653381348, 'batch_time': 0.05226459666300798, 'rtc_check_time': 0.0029376999955275096, 'experiment_id': 'exp_20240619_200443', 'client_id': '1'}
[2024-06-19 20:06:02,031][root][INFO] - Added data to batch for client 1: {'round': 5, 'step_no': 535, 'loss': 0.07154639065265656, 'accuracy': 0.9555920958518982, 'l2_norm': 2.1628644466400146, 'computation_time': 0.03817391395568848, 'batch_time': 0.04264840508403722, 'rtc_check_time': 0.0033152999967569485, 'experiment_id': 'exp_20240619_200443', 'client_id': '1'}
[2024-06-19 20:06:02,032][root][INFO] - Added data to batch for client 1: {'round': 5, 'step_no': 536, 'loss': 0.043079204857349396, 'accuracy': 0.955978274345398, 'l2_norm': 2.1680099964141846, 'computation_time': 0.041337013244628906, 'batch_time': 0.044849404286651406, 'rtc_check_time': 0.00239539999893168, 'experiment_id': 'exp_20240619_200443', 'client_id': '1'}
[2024-06-19 20:06:02,033][root][INFO] - Added data to batch for client 1: {'round': 5, 'step_no': 537, 'loss': 0.06820317357778549, 'accuracy': 0.9560883641242981, 'l2_norm': 2.194418430328369, 'computation_time': 0.04892110824584961, 'batch_time': 0.051720944116823375, 'rtc_check_time': 0.0015901000006124377, 'experiment_id': 'exp_20240619_200443', 'client_id': '1'}
[2024-06-19 20:06:02,034][root][INFO] - Added data to batch for client 1: {'round': 5, 'step_no': 538, 'loss': 0.02496251091361046, 'accuracy': 0.9564636945724487, 'l2_norm': 2.1921541690826416, 'computation_time': 0.04216504096984863, 'batch_time': 0.04596333662630059, 'rtc_check_time': 0.0025733009970281273, 'experiment_id': 'exp_20240619_200443', 'client_id': '1'}
[2024-06-19 20:06:02,035][root][INFO] - Added data to batch for client 1: {'round': 5, 'step_no': 539, 'loss': 0.06643716990947723, 'accuracy': 0.9565678238868713, 'l2_norm': 2.2241668701171875, 'computation_time': 0.0432591438293457, 'batch_time': 0.04588826238614274, 'rtc_check_time': 0.0015312010000343435, 'experiment_id': 'exp_20240619_200443', 'client_id': '1'}
[2024-06-19 20:06:02,037][root][INFO] - Added data to batch for client 1: {'round': 5, 'step_no': 540, 'loss': 0.12939640879631042, 'accuracy': 0.9561449289321899, 'l2_norm': 2.275874137878418, 'computation_time': 0.041745901107788086, 'batch_time': 0.046479239681502804, 'rtc_check_time': 0.0035812999994959682, 'experiment_id': 'exp_20240619_200443', 'client_id': '1'}
[2024-06-19 20:06:02,038][root][INFO] - Added data to batch for client 1: {'round': 5, 'step_no': 541, 'loss': 0.021452605724334717, 'accuracy': 0.9565104246139526, 'l2_norm': 2.271549701690674, 'computation_time': 0.04593205451965332, 'batch_time': 0.04977788127871463, 'rtc_check_time': 0.0026709000012488104, 'experiment_id': 'exp_20240619_200443', 'client_id': '1'}
[2024-06-19 20:06:02,039][root][INFO] - Added data to batch for client 1: {'round': 5, 'step_no': 542, 'loss': 0.2856120765209198, 'accuracy': 0.9563533067703247, 'l2_norm': 2.320110321044922, 'computation_time': 0.04043292999267578, 'batch_time': 0.04492827439389657, 'rtc_check_time': 0.0031993010052246973, 'experiment_id': 'exp_20240619_200443', 'client_id': '1'}
[2024-06-19 20:06:02,040][root][INFO] - Added data to batch for client 1: {'round': 5, 'step_no': 543, 'loss': 0.024852149188518524, 'accuracy': 0.9567110538482666, 'l2_norm': 2.3094143867492676, 'computation_time': 0.04365205764770508, 'batch_time': 0.049487078707898036, 'rtc_check_time': 0.004415000003064051, 'experiment_id': 'exp_20240619_200443', 'client_id': '1'}
[2024-06-19 20:06:02,041][root][INFO] - Added data to batch for client 1: {'round': 5, 'step_no': 544, 'loss': 0.14764107763767242, 'accuracy': 0.9568089246749878, 'l2_norm': 2.362726926803589, 'computation_time': 0.04071497917175293, 'batch_time': 0.043326222483301535, 'rtc_check_time': 0.0013574000040534884, 'experiment_id': 'exp_20240619_200443', 'client_id': '1'}
[2024-06-19 20:06:02,042][root][INFO] - Added data to batch for client 1: {'round': 5, 'step_no': 545, 'loss': 0.04451817274093628, 'accuracy': 0.9569052457809448, 'l2_norm': 2.359416961669922, 'computation_time': 0.04821205139160156, 'batch_time': 0.0509150380603387, 'rtc_check_time': 0.0015190000049187802, 'experiment_id': 'exp_20240619_200443', 'client_id': '1'}
[2024-06-19 20:06:02,043][root][INFO] - Added data to batch for client 1: {'round': 5, 'step_no': 546, 'loss': 0.0404704250395298, 'accuracy': 0.9570000171661377, 'l2_norm': 2.3618483543395996, 'computation_time': 0.04061698913574219, 'batch_time': 0.0447233986997162, 'rtc_check_time': 0.003049500002816785, 'experiment_id': 'exp_20240619_200443', 'client_id': '1'}
[2024-06-19 20:06:02,044][root][INFO] - Added data to batch for client 1: {'round': 5, 'step_no': 547, 'loss': 0.19070355594158173, 'accuracy': 0.956845223903656, 'l2_norm': 2.4253649711608887, 'computation_time': 0.04046487808227539, 'batch_time': 0.045483520603738725, 'rtc_check_time': 0.0035414010053500533, 'experiment_id': 'exp_20240619_200443', 'client_id': '1'}
[2024-06-19 20:06:02,045][root][INFO] - Added data to batch for client 1: {'round': 5, 'step_no': 548, 'loss': 0.09136269241571426, 'accuracy': 0.9569389820098877, 'l2_norm': 2.4321160316467285, 'computation_time': 0.041413068771362305, 'batch_time': 0.043922304932493716, 'rtc_check_time': 0.0014291999978013337, 'experiment_id': 'exp_20240619_200443', 'client_id': '1'}
[2024-06-19 20:06:02,046][root][INFO] - Added data to batch for client 1: {'round': 5, 'step_no': 549, 'loss': 0.05091347172856331, 'accuracy': 0.957275390625, 'l2_norm': 2.424065351486206, 'computation_time': 0.043311119079589844, 'batch_time': 0.05764744643238373, 'rtc_check_time': 0.013025502004893497, 'experiment_id': 'exp_20240619_200443', 'client_id': '1'}
[2024-06-19 20:06:02,048][root][INFO] - Added data to batch for client 1: {'round': 5, 'step_no': 550, 'loss': 0.593329668045044, 'accuracy': 0.9571220874786377, 'l2_norm': 2.512667417526245, 'computation_time': 0.04097795486450195, 'batch_time': 0.04777262039715424, 'rtc_check_time': 0.005658601003233343, 'experiment_id': 'exp_20240619_200443', 'client_id': '1'}
[2024-06-19 20:06:02,049][root][INFO] - Added data to batch for client 1: {'round': 5, 'step_no': 551, 'loss': 0.08222756534814835, 'accuracy': 0.9574519395828247, 'l2_norm': 2.509721040725708, 'computation_time': 0.042304039001464844, 'batch_time': 0.046293476050777826, 'rtc_check_time': 0.0026953010019497015, 'experiment_id': 'exp_20240619_200443', 'client_id': '1'}
[2024-06-19 20:06:02,050][root][INFO] - Added data to batch for client 1: {'round': 5, 'step_no': 552, 'loss': 0.2702847123146057, 'accuracy': 0.9572995901107788, 'l2_norm': 2.529376268386841, 'computation_time': 0.04637789726257324, 'batch_time': 0.05088081426220015, 'rtc_check_time': 0.003401900001335889, 'experiment_id': 'exp_20240619_200443', 'client_id': '1'}
[2024-06-19 20:06:02,051][root][INFO] - Added data to batch for client 1: {'round': 5, 'step_no': 553, 'loss': 0.10762552917003632, 'accuracy': 0.9573863744735718, 'l2_norm': 2.5541648864746094, 'computation_time': 0.04926109313964844, 'batch_time': 0.05628550687833922, 'rtc_check_time': 0.005051499996625353, 'experiment_id': 'exp_20240619_200443', 'client_id': '1'}
[2024-06-19 20:06:02,052][root][INFO] - Added data to batch for client 1: {'round': 5, 'step_no': 554, 'loss': 0.3259959816932678, 'accuracy': 0.9570018649101257, 'l2_norm': 2.599846839904785, 'computation_time': 0.04083704948425293, 'batch_time': 0.04437230657640612, 'rtc_check_time': 0.0024432999998680316, 'experiment_id': 'exp_20240619_200443', 'client_id': '1'}
[2024-06-19 20:06:02,053][root][INFO] - Added data to batch for client 1: {'round': 5, 'step_no': 555, 'loss': 0.2759018540382385, 'accuracy': 0.9566231369972229, 'l2_norm': 2.5973167419433594, 'computation_time': 0.04664206504821777, 'batch_time': 0.04960379027761519, 'rtc_check_time': 0.0014367999974638224, 'experiment_id': 'exp_20240619_200443', 'client_id': '1'}
[2024-06-19 20:06:02,054][root][INFO] - Added data to batch for client 1: {'round': 5, 'step_no': 556, 'loss': 0.07786817848682404, 'accuracy': 0.9567129611968994, 'l2_norm': 2.6019136905670166, 'computation_time': 0.042643070220947266, 'batch_time': 0.04597459577053087, 'rtc_check_time': 0.0021925999972154386, 'experiment_id': 'exp_20240619_200443', 'client_id': '1'}
[2024-06-19 20:06:02,055][root][INFO] - Added data to batch for client 1: {'round': 5, 'step_no': 557, 'loss': 0.023738190531730652, 'accuracy': 0.95703125, 'l2_norm': 2.6114630699157715, 'computation_time': 0.042414188385009766, 'batch_time': 0.05114732755464502, 'rtc_check_time': 0.007237301004352048, 'experiment_id': 'exp_20240619_200443', 'client_id': '1'}
[2024-06-19 20:06:02,056][root][INFO] - Added data to batch for client 1: {'round': 5, 'step_no': 558, 'loss': 0.039265651255846024, 'accuracy': 0.9573448896408081, 'l2_norm': 2.635035276412964, 'computation_time': 0.04152393341064453, 'batch_time': 0.04580318721127696, 'rtc_check_time': 0.0030781009991187602, 'experiment_id': 'exp_20240619_200443', 'client_id': '1'}
[2024-06-19 20:06:02,057][root][INFO] - Added data to batch for client 1: {'round': 5, 'step_no': 559, 'loss': 0.027825728058815002, 'accuracy': 0.9576539993286133, 'l2_norm': 2.627128839492798, 'computation_time': 0.04165005683898926, 'batch_time': 0.045112658852303866, 'rtc_check_time': 0.002235700005257968, 'experiment_id': 'exp_20240619_200443', 'client_id': '1'}
[2024-06-19 20:06:02,058][root][INFO] - Added data to batch for client 1: {'round': 5, 'step_no': 560, 'loss': 0.1310964971780777, 'accuracy': 0.957284152507782, 'l2_norm': 2.6613845825195312, 'computation_time': 0.04379892349243164, 'batch_time': 0.04809651674440829, 'rtc_check_time': 0.003144601003441494, 'experiment_id': 'exp_20240619_200443', 'client_id': '1'}
[2024-06-19 20:06:02,059][root][INFO] - Added data to batch for client 1: {'round': 5, 'step_no': 561, 'loss': 0.11815211921930313, 'accuracy': 0.9573660492897034, 'l2_norm': 2.663825511932373, 'computation_time': 0.042376041412353516, 'batch_time': 0.04527840006630868, 'rtc_check_time': 0.0016056000022217631, 'experiment_id': 'exp_20240619_200443', 'client_id': '1'}
[2024-06-19 20:06:02,061][root][INFO] - Added data to batch for client 1: {'round': 5, 'step_no': 562, 'loss': 0.10194073617458344, 'accuracy': 0.957446813583374, 'l2_norm': 2.6905181407928467, 'computation_time': 0.04420304298400879, 'batch_time': 0.047273482763557695, 'rtc_check_time': 0.0018823999998858199, 'experiment_id': 'exp_20240619_200443', 'client_id': '1'}
[2024-06-19 20:06:02,062][root][INFO] - Added data to batch for client 1: {'round': 5, 'step_no': 563, 'loss': 0.09610161930322647, 'accuracy': 0.9575263857841492, 'l2_norm': 2.7436273097991943, 'computation_time': 0.04554295539855957, 'batch_time': 0.04972334455669625, 'rtc_check_time': 0.002882199994928669, 'experiment_id': 'exp_20240619_200443', 'client_id': '1'}
[2024-06-19 20:06:02,063][root][INFO] - Added data to batch for client 1: {'round': 5, 'step_no': 564, 'loss': 0.2024996131658554, 'accuracy': 0.9571678042411804, 'l2_norm': 2.7618775367736816, 'computation_time': 0.04566502571105957, 'batch_time': 0.0484013129316736, 'rtc_check_time': 0.001555399998323992, 'experiment_id': 'exp_20240619_200443', 'client_id': '1'}
[2024-06-19 20:06:02,064][root][INFO] - Added data to batch for client 1: {'round': 5, 'step_no': 565, 'loss': 0.19495505094528198, 'accuracy': 0.9572482705116272, 'l2_norm': 2.8351681232452393, 'computation_time': 0.04576921463012695, 'batch_time': 0.05231693800305948, 'rtc_check_time': 0.005305800994392484, 'experiment_id': 'exp_20240619_200443', 'client_id': '1'}
[2024-06-19 20:06:02,065][root][INFO] - Added data to batch for client 1: {'round': 5, 'step_no': 566, 'loss': 0.057057272642850876, 'accuracy': 0.9575430750846863, 'l2_norm': 2.841066598892212, 'computation_time': 0.042227983474731445, 'batch_time': 0.047951814405678306, 'rtc_check_time': 0.0046519009993062355, 'experiment_id': 'exp_20240619_200443', 'client_id': '1'}
[2024-06-19 20:06:02,066][root][INFO] - Added data to batch for client 1: {'round': 5, 'step_no': 567, 'loss': 0.09771693497896194, 'accuracy': 0.957619845867157, 'l2_norm': 2.8383779525756836, 'computation_time': 0.049028873443603516, 'batch_time': 0.05227193383325357, 'rtc_check_time': 0.001865001002443023, 'experiment_id': 'exp_20240619_200443', 'client_id': '1'}
[2024-06-19 20:06:02,067][root][INFO] - Added data to batch for client 1: {'round': 5, 'step_no': 568, 'loss': 0.010649432428181171, 'accuracy': 0.9579081535339355, 'l2_norm': 2.846583843231201, 'computation_time': 0.05265498161315918, 'batch_time': 0.05542345534195192, 'rtc_check_time': 0.001555399998323992, 'experiment_id': 'exp_20240619_200443', 'client_id': '1'}
[2024-06-19 20:06:02,068][root][INFO] - Added data to batch for client 1: {'round': 5, 'step_no': 569, 'loss': 0.09512397646903992, 'accuracy': 0.9579814076423645, 'l2_norm': 2.8884353637695312, 'computation_time': 0.04627799987792969, 'batch_time': 0.058284388745960314, 'rtc_check_time': 0.010786400998767931, 'experiment_id': 'exp_20240619_200443', 'client_id': '1'}
[2024-06-19 20:06:02,069][root][INFO] - Added data to batch for client 1: {'round': 5, 'step_no': 570, 'loss': 0.17660848796367645, 'accuracy': 0.9578439593315125, 'l2_norm': 2.9427435398101807, 'computation_time': 0.05099296569824219, 'batch_time': 0.05387646659073653, 'rtc_check_time': 0.0016504000013810582, 'experiment_id': 'exp_20240619_200443', 'client_id': '1'}
[2024-06-19 20:06:02,070][root][INFO] - Added data to batch for client 1: {'round': 5, 'step_no': 571, 'loss': 0.19885064661502838, 'accuracy': 0.9577083587646484, 'l2_norm': 2.9601693153381348, 'computation_time': 0.04431414604187012, 'batch_time': 0.04933276680094423, 'rtc_check_time': 0.003676800995890517, 'experiment_id': 'exp_20240619_200443', 'client_id': '1'}
[2024-06-19 20:06:02,071][root][INFO] - Added data to batch for client 1: {'round': 5, 'step_no': 572, 'loss': 0.21691524982452393, 'accuracy': 0.9573675394058228, 'l2_norm': 3.0729684829711914, 'computation_time': 0.05336809158325195, 'batch_time': 0.058655228778661694, 'rtc_check_time': 0.0034443999975337647, 'experiment_id': 'exp_20240619_200443', 'client_id': '1'}
[2024-06-19 20:06:02,072][root][INFO] - Added data to batch for client 1: {'round': 5, 'step_no': 573, 'loss': 0.12387190759181976, 'accuracy': 0.9574424624443054, 'l2_norm': 3.0848731994628906, 'computation_time': 0.043496131896972656, 'batch_time': 0.05222442076774314, 'rtc_check_time': 0.007508301001507789, 'experiment_id': 'exp_20240619_200443', 'client_id': '1'}
[2024-06-19 20:06:02,073][root][INFO] - Added data to batch for client 1: {'round': 5, 'step_no': 574, 'loss': 0.037941522896289825, 'accuracy': 0.9577205777168274, 'l2_norm': 3.1035149097442627, 'computation_time': 0.045350074768066406, 'batch_time': 0.0480989650459378, 'rtc_check_time': 0.0014568999977200292, 'experiment_id': 'exp_20240619_200443', 'client_id': '1'}
[2024-06-19 20:06:02,074][root][INFO] - Added data to batch for client 1: {'round': 5, 'step_no': 575, 'loss': 0.23880045115947723, 'accuracy': 0.9575892686843872, 'l2_norm': 3.1681041717529297, 'computation_time': 0.04828310012817383, 'batch_time': 0.051965142469271086, 'rtc_check_time': 0.0020813000010093674, 'experiment_id': 'exp_20240619_200443', 'client_id': '1'}
[2024-06-19 20:06:02,075][root][INFO] - Added data to batch for client 1: {'round': 5, 'step_no': 576, 'loss': 0.1981222927570343, 'accuracy': 0.9576612710952759, 'l2_norm': 3.2337851524353027, 'computation_time': 0.03871011734008789, 'batch_time': 0.04364321954926709, 'rtc_check_time': 0.0038780999966547824, 'experiment_id': 'exp_20240619_200443', 'client_id': '1'}
[2024-06-19 20:06:02,076][root][INFO] - Added data to batch for client 1: {'round': 5, 'step_no': 577, 'loss': 0.08985225111246109, 'accuracy': 0.9577323794364929, 'l2_norm': 3.250370979309082, 'computation_time': 0.041810035705566406, 'batch_time': 0.04668988709454425, 'rtc_check_time': 0.003542799997376278, 'experiment_id': 'exp_20240619_200443', 'client_id': '1'}
[2024-06-19 20:06:02,077][root][INFO] - Added data to batch for client 1: {'round': 5, 'step_no': 578, 'loss': 0.20966744422912598, 'accuracy': 0.9576035141944885, 'l2_norm': 3.309880018234253, 'computation_time': 0.04278707504272461, 'batch_time': 0.04568001823645318, 'rtc_check_time': 0.0014250000022002496, 'experiment_id': 'exp_20240619_200443', 'client_id': '1'}
[2024-06-19 20:06:02,078][root][INFO] - Added data to batch for client 1: {'round': 5, 'step_no': 579, 'loss': 0.045274849981069565, 'accuracy': 0.9578718543052673, 'l2_norm': 3.3139262199401855, 'computation_time': 0.04155302047729492, 'batch_time': 0.045702421928581316, 'rtc_check_time': 0.002919400001701433, 'experiment_id': 'exp_20240619_200443', 'client_id': '1'}
[2024-06-19 20:06:02,080][root][INFO] - Added data to batch for client 1: {'round': 5, 'step_no': 580, 'loss': 0.24609318375587463, 'accuracy': 0.9577437043190002, 'l2_norm': 3.357126235961914, 'computation_time': 0.04183506965637207, 'batch_time': 0.04483567945135292, 'rtc_check_time': 0.001768700996763073, 'experiment_id': 'exp_20240619_200443', 'client_id': '1'}
[2024-06-19 20:06:02,081][root][INFO] - Added data to batch for client 1: {'round': 5, 'step_no': 581, 'loss': 0.23247680068016052, 'accuracy': 0.9576171636581421, 'l2_norm': 3.397186279296875, 'computation_time': 0.04129290580749512, 'batch_time': 0.045135685766581446, 'rtc_check_time': 0.0026215999969281256, 'experiment_id': 'exp_20240619_200443', 'client_id': '1'}
[2024-06-19 20:06:02,082][root][INFO] - Added data to batch for client 1: {'round': 5, 'step_no': 582, 'loss': 0.14991162717342377, 'accuracy': 0.9576863646507263, 'l2_norm': 3.3846659660339355, 'computation_time': 0.039546966552734375, 'batch_time': 0.04199857443745714, 'rtc_check_time': 0.0013853999989805743, 'experiment_id': 'exp_20240619_200443', 'client_id': '1'}
[2024-06-19 20:06:02,083][root][INFO] - Added data to batch for client 1: {'round': 5, 'step_no': 583, 'loss': 0.0342203825712204, 'accuracy': 0.9579475522041321, 'l2_norm': 3.3918681144714355, 'computation_time': 0.049803972244262695, 'batch_time': 0.052458908401604276, 'rtc_check_time': 0.0015748999940115027, 'experiment_id': 'exp_20240619_200443', 'client_id': '1'}
[2024-06-19 20:06:02,084][root][INFO] - Added data to batch for client 1: {'round': 5, 'step_no': 584, 'loss': 0.02805623784661293, 'accuracy': 0.95820552110672, 'l2_norm': 3.4046506881713867, 'computation_time': 0.04258394241333008, 'batch_time': 0.045359752504737116, 'rtc_check_time': 0.0014656999992439523, 'experiment_id': 'exp_20240619_200443', 'client_id': '1'}
[2024-06-19 20:06:02,085][root][INFO] - Added data to batch for client 1: {'round': 5, 'step_no': 585, 'loss': 0.13568593561649323, 'accuracy': 0.9580792784690857, 'l2_norm': 3.3918044567108154, 'computation_time': 0.04193615913391113, 'batch_time': 0.045382964111922774, 'rtc_check_time': 0.002358901001571212, 'experiment_id': 'exp_20240619_200443', 'client_id': '1'}
[2024-06-19 20:06:02,086][root][INFO] - Added data to batch for client 1: {'round': 5, 'step_no': 586, 'loss': 0.05610869824886322, 'accuracy': 0.9583333134651184, 'l2_norm': 3.432037353515625, 'computation_time': 0.03978109359741211, 'batch_time': 0.04521468640450621, 'rtc_check_time': 0.004283700000087265, 'experiment_id': 'exp_20240619_200443', 'client_id': '1'}
[2024-06-19 20:06:02,087][root][INFO] - Added data to batch for client 1: {'round': 5, 'step_no': 587, 'loss': 0.18303732573986053, 'accuracy': 0.9582078456878662, 'l2_norm': 3.476933002471924, 'computation_time': 0.041311025619506836, 'batch_time': 0.048703875712817535, 'rtc_check_time': 0.006341900996631011, 'experiment_id': 'exp_20240619_200443', 'client_id': '1'}
[2024-06-19 20:06:02,088][root][INFO] - Added data to batch for client 1: {'round': 5, 'step_no': 588, 'loss': 0.13571326434612274, 'accuracy': 0.9582709670066833, 'l2_norm': 3.5287961959838867, 'computation_time': 0.03987407684326172, 'batch_time': 0.04425113875186071, 'rtc_check_time': 0.0031410999945364892, 'experiment_id': 'exp_20240619_200443', 'client_id': '1'}
[2024-06-19 20:06:02,089][root][INFO] - Added data to batch for client 1: {'round': 5, 'step_no': 589, 'loss': 0.1776077300310135, 'accuracy': 0.9581473469734192, 'l2_norm': 3.5132064819335938, 'computation_time': 0.042448997497558594, 'batch_time': 0.047561950304952916, 'rtc_check_time': 0.00391180000588065, 'experiment_id': 'exp_20240619_200443', 'client_id': '1'}
[2024-06-19 20:06:02,090][root][INFO] - Added data to batch for client 1: {'round': 5, 'step_no': 590, 'loss': 0.06586195528507233, 'accuracy': 0.9582100510597229, 'l2_norm': 3.5593149662017822, 'computation_time': 0.03873610496520996, 'batch_time': 0.046324662704137154, 'rtc_check_time': 0.0064574999996693805, 'experiment_id': 'exp_20240619_200443', 'client_id': '1'}
[2024-06-19 20:06:02,091][root][INFO] - Added data to batch for client 1: {'round': 5, 'step_no': 591, 'loss': 0.07130636274814606, 'accuracy': 0.9582720398902893, 'l2_norm': 3.558724880218506, 'computation_time': 0.041548967361450195, 'batch_time': 0.04493961578555172, 'rtc_check_time': 0.002122500001860317, 'experiment_id': 'exp_20240619_200443', 'client_id': '1'}
[2024-06-19 20:06:02,092][root][INFO] - Added data to batch for client 1: {'round': 5, 'step_no': 592, 'loss': 0.020046301186084747, 'accuracy': 0.9585160613059998, 'l2_norm': 3.5734219551086426, 'computation_time': 0.044094085693359375, 'batch_time': 0.04710300248552812, 'rtc_check_time': 0.0017359999983455054, 'experiment_id': 'exp_20240619_200443', 'client_id': '1'}
[2024-06-19 20:06:02,093][root][INFO] - Added data to batch for client 1: {'round': 5, 'step_no': 593, 'loss': 0.10005239397287369, 'accuracy': 0.9583938717842102, 'l2_norm': 3.606264591217041, 'computation_time': 0.04282116889953613, 'batch_time': 0.04687638868927024, 'rtc_check_time': 0.002366500993957743, 'experiment_id': 'exp_20240619_200443', 'client_id': '1'}
[2024-06-19 20:06:02,094][root][INFO] - Added data to batch for client 1: {'round': 5, 'step_no': 594, 'loss': 0.039174262434244156, 'accuracy': 0.9586343765258789, 'l2_norm': 3.606818914413452, 'computation_time': 0.04097700119018555, 'batch_time': 0.044870597164845094, 'rtc_check_time': 0.0028466999938245863, 'experiment_id': 'exp_20240619_200443', 'client_id': '1'}
[2024-06-19 20:06:02,096][root][INFO] - Added data to batch for client 1: {'round': 5, 'step_no': 595, 'loss': 0.2532631754875183, 'accuracy': 0.9583333134651184, 'l2_norm': 3.684217929840088, 'computation_time': 0.04359602928161621, 'batch_time': 0.047469516037381254, 'rtc_check_time': 0.0026473000034457073, 'experiment_id': 'exp_20240619_200443', 'client_id': '1'}
[2024-06-19 20:06:02,097][root][INFO] - Added data to batch for client 1: {'round': 5, 'step_no': 596, 'loss': 0.04563213139772415, 'accuracy': 0.9585714340209961, 'l2_norm': 3.7149434089660645, 'computation_time': 0.04916715621948242, 'batch_time': 0.051542510256695095, 'rtc_check_time': 0.0013945000027888454, 'experiment_id': 'exp_20240619_200443', 'client_id': '1'}
[2024-06-19 20:06:02,098][root][INFO] - Added data to batch for client 1: {'round': 5, 'step_no': 597, 'loss': 0.027697104960680008, 'accuracy': 0.9588068127632141, 'l2_norm': 3.7160933017730713, 'computation_time': 0.03993988037109375, 'batch_time': 0.04493345051741926, 'rtc_check_time': 0.0035416009995969944, 'experiment_id': 'exp_20240619_200443', 'client_id': '1'}
[2024-06-19 20:06:02,099][root][INFO] - Added data to batch for client 1: {'round': 5, 'step_no': 598, 'loss': 0.0929463729262352, 'accuracy': 0.9588630199432373, 'l2_norm': 3.741770029067993, 'computation_time': 0.041593074798583984, 'batch_time': 0.045612985246407334, 'rtc_check_time': 0.0027489010026329197, 'experiment_id': 'exp_20240619_200443', 'client_id': '1'}
[2024-06-19 20:06:02,100][root][INFO] - Added data to batch for client 1: {'round': 5, 'step_no': 599, 'loss': 0.22987303137779236, 'accuracy': 0.9587429761886597, 'l2_norm': 3.741833448410034, 'computation_time': 0.04217982292175293, 'batch_time': 0.04760984277527314, 'rtc_check_time': 0.004253901002812199, 'experiment_id': 'exp_20240619_200443', 'client_id': '1'}
[2024-06-19 20:06:02,101][root][INFO] - Added data to batch for client 1: {'round': 5, 'step_no': 600, 'loss': 0.5670063495635986, 'accuracy': 0.9581005573272705, 'l2_norm': 3.8394060134887695, 'computation_time': 0.0382540225982666, 'batch_time': 0.0430613030330278, 'rtc_check_time': 0.00363140000263229, 'experiment_id': 'exp_20240619_200443', 'client_id': '1'}
[2024-06-19 20:06:02,102][root][INFO] - Added data to batch for client 1: {'round': 5, 'step_no': 601, 'loss': 0.5140619277954102, 'accuracy': 0.9576388597488403, 'l2_norm': 3.8527770042419434, 'computation_time': 0.043380022048950195, 'batch_time': 0.04601861988339806, 'rtc_check_time': 0.0015166000011959113, 'experiment_id': 'exp_20240619_200443', 'client_id': '1'}
[2024-06-19 20:06:02,103][root][INFO] - Added data to batch for client 1: {'round': 5, 'step_no': 602, 'loss': 0.2588391602039337, 'accuracy': 0.9575276374816895, 'l2_norm': 3.8622024059295654, 'computation_time': 0.03949284553527832, 'batch_time': 0.043721576112147886, 'rtc_check_time': 0.0031176999982562847, 'experiment_id': 'exp_20240619_200443', 'client_id': '1'}
[2024-06-19 20:06:02,104][root][INFO] - Added data to batch for client 1: {'round': 5, 'step_no': 603, 'loss': 0.05504385381937027, 'accuracy': 0.9577609896659851, 'l2_norm': 3.8683409690856934, 'computation_time': 0.042860984802246094, 'batch_time': 0.049445648124674335, 'rtc_check_time': 0.005484599998453632, 'experiment_id': 'exp_20240619_200443', 'client_id': '1'}
[2024-06-19 20:06:02,106][root][INFO] - Added data to batch for client 1: {'round': 5, 'step_no': 604, 'loss': 0.16931688785552979, 'accuracy': 0.9578210115432739, 'l2_norm': 3.8563027381896973, 'computation_time': 0.038073062896728516, 'batch_time': 0.041618544528319035, 'rtc_check_time': 0.002333599994017277, 'experiment_id': 'exp_20240619_200443', 'client_id': '1'}
[2024-06-19 20:06:02,107][root][INFO] - Added data to batch for client 1: {'round': 5, 'step_no': 605, 'loss': 0.26336145401000977, 'accuracy': 0.9577106237411499, 'l2_norm': 3.908883810043335, 'computation_time': 0.04189014434814453, 'batch_time': 0.04598580846504774, 'rtc_check_time': 0.0028237009973963723, 'experiment_id': 'exp_20240619_200443', 'client_id': '1'}
[2024-06-19 20:06:02,108][root][INFO] - Added data to batch for client 1: {'round': 5, 'step_no': 606, 'loss': 0.0733080580830574, 'accuracy': 0.9577702879905701, 'l2_norm': 3.9228477478027344, 'computation_time': 0.044409990310668945, 'batch_time': 0.047518911567749456, 'rtc_check_time': 0.0018607999954838306, 'experiment_id': 'exp_20240619_200443', 'client_id': '1'}
[2024-06-19 20:06:02,109][root][INFO] - Added data to batch for client 1: {'round': 5, 'step_no': 607, 'loss': 0.033444009721279144, 'accuracy': 0.9579973220825195, 'l2_norm': 3.92901611328125, 'computation_time': 0.04104804992675781, 'batch_time': 0.044806225545471534, 'rtc_check_time': 0.002123101003235206, 'experiment_id': 'exp_20240619_200443', 'client_id': '1'}
[2024-06-19 20:06:02,110][root][INFO] - Added data to batch for client 1: {'round': 5, 'step_no': 608, 'loss': 0.32973194122314453, 'accuracy': 0.9577205777168274, 'l2_norm': 3.979360580444336, 'computation_time': 0.04504895210266113, 'batch_time': 0.05065114740864374, 'rtc_check_time': 0.00433809999958612, 'experiment_id': 'exp_20240619_200443', 'client_id': '1'}
[2024-06-19 20:06:02,111][root][INFO] - Added data to batch for client 1: {'round': 5, 'step_no': 609, 'loss': 0.029801104217767715, 'accuracy': 0.9579454660415649, 'l2_norm': 3.975360155105591, 'computation_time': 0.04387402534484863, 'batch_time': 0.051401764918409754, 'rtc_check_time': 0.006375700999342371, 'experiment_id': 'exp_20240619_200443', 'client_id': '1'}
[2024-06-19 20:06:02,112][root][INFO] - Added data to batch for client 1: {'round': 5, 'step_no': 610, 'loss': 0.06623216718435287, 'accuracy': 0.9581679701805115, 'l2_norm': 4.020230770111084, 'computation_time': 0.03840208053588867, 'batch_time': 0.043419657995400485, 'rtc_check_time': 0.003910599996743258, 'experiment_id': 'exp_20240619_200443', 'client_id': '1'}
[2024-06-19 20:06:02,113][root][INFO] - Added data to batch for client 1: {'round': 5, 'step_no': 611, 'loss': 0.24024443328380585, 'accuracy': 0.9580591917037964, 'l2_norm': 4.03493070602417, 'computation_time': 0.04124903678894043, 'batch_time': 0.046337058614881244, 'rtc_check_time': 0.0038430000058724545, 'experiment_id': 'exp_20240619_200443', 'client_id': '1'}
[2024-06-19 20:06:02,115][root][INFO] - Added data to batch for client 1: {'round': 5, 'step_no': 612, 'loss': 0.03553540259599686, 'accuracy': 0.9581151604652405, 'l2_norm': 4.055045127868652, 'computation_time': 0.04035377502441406, 'batch_time': 0.04428602168627549, 'rtc_check_time': 0.002697000003536232, 'experiment_id': 'exp_20240619_200443', 'client_id': '1'}
[2024-06-19 20:06:02,116][root][INFO] - Added data to batch for client 1: {'round': 5, 'step_no': 613, 'loss': 0.10171206295490265, 'accuracy': 0.9581705927848816, 'l2_norm': 4.0504045486450195, 'computation_time': 0.05939912796020508, 'batch_time': 0.062275584001326934, 'rtc_check_time': 0.0014798000047449023, 'experiment_id': 'exp_20240619_200443', 'client_id': '1'}
[2024-06-19 20:06:02,117][root][INFO] - Added data to batch for client 1: {'round': 5, 'step_no': 614, 'loss': 0.17068906128406525, 'accuracy': 0.9582253694534302, 'l2_norm': 4.046064376831055, 'computation_time': 0.04863405227661133, 'batch_time': 0.05337912897084607, 'rtc_check_time': 0.0034630999944056384, 'experiment_id': 'exp_20240619_200443', 'client_id': '1'}
[2024-06-19 20:06:02,118][root][INFO] - Added data to batch for client 1: {'round': 5, 'step_no': 615, 'loss': 0.09003018587827682, 'accuracy': 0.9582796096801758, 'l2_norm': 4.091932773590088, 'computation_time': 0.043519020080566406, 'batch_time': 0.04711545809550444, 'rtc_check_time': 0.00244129999919096, 'experiment_id': 'exp_20240619_200443', 'client_id': '1'}
[2024-06-19 20:06:02,119][root][INFO] - Added data to batch for client 1: {'round': 5, 'step_no': 616, 'loss': 0.14390215277671814, 'accuracy': 0.9580128192901611, 'l2_norm': 4.1468729972839355, 'computation_time': 0.05707907676696777, 'batch_time': 0.06016230869863648, 'rtc_check_time': 0.0015954999980749562, 'experiment_id': 'exp_20240619_200443', 'client_id': '1'}
[2024-06-19 20:06:02,120][root][INFO] - Added data to batch for client 1: {'round': 5, 'step_no': 617, 'loss': 0.09019683301448822, 'accuracy': 0.9580675959587097, 'l2_norm': 4.142169952392578, 'computation_time': 0.050137996673583984, 'batch_time': 0.054440669882751536, 'rtc_check_time': 0.0027396010045777075, 'experiment_id': 'exp_20240619_200443', 'client_id': '1'}
[2024-06-19 20:06:02,121][root][INFO] - Added data to batch for client 1: {'round': 5, 'step_no': 618, 'loss': 0.10664920508861542, 'accuracy': 0.9581218361854553, 'l2_norm': 4.179008483886719, 'computation_time': 0.04338884353637695, 'batch_time': 0.046382100954360794, 'rtc_check_time': 0.0016841010001371615, 'experiment_id': 'exp_20240619_200443', 'client_id': '1'}
[2024-06-19 20:06:02,122][root][INFO] - Added data to batch for client 1: {'round': 5, 'step_no': 619, 'loss': 0.06321593374013901, 'accuracy': 0.9581754803657532, 'l2_norm': 4.205634593963623, 'computation_time': 0.05176496505737305, 'batch_time': 0.05541475248901406, 'rtc_check_time': 0.001829699998779688, 'experiment_id': 'exp_20240619_200443', 'client_id': '1'}
[2024-06-19 20:06:02,123][root][INFO] - Added data to batch for client 1: {'round': 5, 'step_no': 620, 'loss': 0.18803758919239044, 'accuracy': 0.9580715894699097, 'l2_norm': 4.240026950836182, 'computation_time': 0.04180407524108887, 'batch_time': 0.04449278098036302, 'rtc_check_time': 0.00156789999891771, 'experiment_id': 'exp_20240619_200443', 'client_id': '1'}
[2024-06-19 20:06:02,125][root][INFO] - Added data to batch for client 1: {'round': 5, 'step_no': 621, 'loss': 0.09044575691223145, 'accuracy': 0.9582812786102295, 'l2_norm': 4.255253314971924, 'computation_time': 0.04069805145263672, 'batch_time': 0.04446199123049155, 'rtc_check_time': 0.002575899998191744, 'experiment_id': 'exp_20240619_200443', 'client_id': '1'}
[2024-06-19 20:06:02,126][root][INFO] - Added data to batch for client 1: {'round': 5, 'step_no': 622, 'loss': 0.00834718532860279, 'accuracy': 0.9584888219833374, 'l2_norm': 4.2561774253845215, 'computation_time': 0.04244518280029297, 'batch_time': 0.04528162349015474, 'rtc_check_time': 0.0014826999977231026, 'experiment_id': 'exp_20240619_200443', 'client_id': '1'}
[2024-06-19 20:06:02,127][root][INFO] - Added data to batch for client 1: {'round': 5, 'step_no': 623, 'loss': 0.06594028323888779, 'accuracy': 0.958539605140686, 'l2_norm': 4.262818813323975, 'computation_time': 0.04224896430969238, 'batch_time': 0.05125301972293528, 'rtc_check_time': 0.007902799996372778, 'experiment_id': 'exp_20240619_200443', 'client_id': '1'}
[2024-06-19 20:06:02,128][root][INFO] - Added data to batch for client 1: {'round': 5, 'step_no': 624, 'loss': 0.028100458905100822, 'accuracy': 0.9587438702583313, 'l2_norm': 4.2861409187316895, 'computation_time': 0.037301063537597656, 'batch_time': 0.04049372742156265, 'rtc_check_time': 0.0020957000015187077, 'experiment_id': 'exp_20240619_200443', 'client_id': '1'}
[2024-06-19 20:06:02,129][root][INFO] - Added data to batch for client 1: {'round': 5, 'step_no': 625, 'loss': 0.12156824767589569, 'accuracy': 0.9586396813392639, 'l2_norm': 4.341041088104248, 'computation_time': 0.04964303970336914, 'batch_time': 0.05267940808698768, 'rtc_check_time': 0.0014093999998294748, 'experiment_id': 'exp_20240619_200443', 'client_id': '1'}
[2024-06-19 20:06:02,130][root][INFO] - Added data to batch for client 1: {'round': 5, 'step_no': 626, 'loss': 0.2776348888874054, 'accuracy': 0.9586890339851379, 'l2_norm': 4.350780963897705, 'computation_time': 0.05309295654296875, 'batch_time': 0.055811521073337644, 'rtc_check_time': 0.001582500000949949, 'experiment_id': 'exp_20240619_200443', 'client_id': '1'}
[2024-06-19 20:06:02,131][root][INFO] - Added data to batch for client 1: {'round': 5, 'step_no': 627, 'loss': 0.17342278361320496, 'accuracy': 0.9584344625473022, 'l2_norm': 4.414473056793213, 'computation_time': 0.046076059341430664, 'batch_time': 0.049997909234662075, 'rtc_check_time': 0.0026990010010194965, 'experiment_id': 'exp_20240619_200443', 'client_id': '1'}
[2024-06-19 20:06:02,132][root][INFO] - Added data to batch for client 1: {'round': 5, 'step_no': 628, 'loss': 0.11991624534130096, 'accuracy': 0.9583333134651184, 'l2_norm': 4.461508750915527, 'computation_time': 0.04203200340270996, 'batch_time': 0.04475932008062955, 'rtc_check_time': 0.0014482010010397062, 'experiment_id': 'exp_20240619_200443', 'client_id': '1'}
[2024-06-19 20:06:02,133][root][INFO] - Added data to batch for client 1: {'round': 5, 'step_no': 629, 'loss': 0.14292462170124054, 'accuracy': 0.9583834409713745, 'l2_norm': 4.490835666656494, 'computation_time': 0.03953194618225098, 'batch_time': 0.04199082253035158, 'rtc_check_time': 0.0013457000022754073, 'experiment_id': 'exp_20240619_200443', 'client_id': '1'}
[2024-06-19 20:06:02,134][root][INFO] - Added data to batch for client 1: {'round': 5, 'step_no': 630, 'loss': 0.029960613697767258, 'accuracy': 0.9585825204849243, 'l2_norm': 4.514625072479248, 'computation_time': 0.04470705986022949, 'batch_time': 0.04768293414963409, 'rtc_check_time': 0.0017659000004641712, 'experiment_id': 'exp_20240619_200443', 'client_id': '1'}
[2024-06-19 20:06:02,135][root][INFO] - Added data to batch for client 1: {'round': 5, 'step_no': 631, 'loss': 0.09842284023761749, 'accuracy': 0.9587797522544861, 'l2_norm': 4.568368911743164, 'computation_time': 0.039489030838012695, 'batch_time': 0.04563097588106757, 'rtc_check_time': 0.004806801000086125, 'experiment_id': 'exp_20240619_200443', 'client_id': '1'}
[2024-06-19 20:06:02,136][root][INFO] - Added data to batch for client 1: {'round': 5, 'step_no': 632, 'loss': 0.16391772031784058, 'accuracy': 0.958827018737793, 'l2_norm': 4.588411808013916, 'computation_time': 0.04940390586853027, 'batch_time': 0.05190248212602455, 'rtc_check_time': 0.0014276000001700595, 'experiment_id': 'exp_20240619_200443', 'client_id': '1'}
[2024-06-19 20:06:02,138][root][INFO] - Added data to batch for client 1: {'round': 5, 'step_no': 633, 'loss': 0.11644461750984192, 'accuracy': 0.9587264060974121, 'l2_norm': 4.631450176239014, 'computation_time': 0.04978799819946289, 'batch_time': 0.05246285890461877, 'rtc_check_time': 0.0014748999965377152, 'experiment_id': 'exp_20240619_200443', 'client_id': '1'}
[2024-06-19 20:06:02,139][root][INFO] - Added data to batch for client 1: {'round': 5, 'step_no': 634, 'loss': 0.05495905876159668, 'accuracy': 0.9589201807975769, 'l2_norm': 4.628909111022949, 'computation_time': 0.043441057205200195, 'batch_time': 0.04620127576345112, 'rtc_check_time': 0.0014544000005116686, 'experiment_id': 'exp_20240619_200443', 'client_id': '1'}
[2024-06-19 20:06:02,140][root][INFO] - Added data to batch for client 1: {'round': 5, 'step_no': 635, 'loss': 0.12761302292346954, 'accuracy': 0.9589661359786987, 'l2_norm': 4.644217014312744, 'computation_time': 0.04384207725524902, 'batch_time': 0.047434870510187466, 'rtc_check_time': 0.002439801006403286, 'experiment_id': 'exp_20240619_200443', 'client_id': '1'}
[2024-06-19 20:06:02,141][root][INFO] - Added data to batch for client 1: {'round': 5, 'step_no': 636, 'loss': 0.022179150953888893, 'accuracy': 0.9591569900512695, 'l2_norm': 4.64979887008667, 'computation_time': 0.04609394073486328, 'batch_time': 0.05227285468572518, 'rtc_check_time': 0.004377900004328694, 'experiment_id': 'exp_20240619_200443', 'client_id': '1'}
[2024-06-19 20:06:02,142][root][INFO] - Added data to batch for client 1: {'round': 5, 'step_no': 637, 'loss': 0.06476028263568878, 'accuracy': 0.9592013955116272, 'l2_norm': 4.686295986175537, 'computation_time': 0.04619789123535156, 'batch_time': 0.049699649745889474, 'rtc_check_time': 0.00173460000223713, 'experiment_id': 'exp_20240619_200443', 'client_id': '1'}
[2024-06-19 20:06:02,143][root][INFO] - Added data to batch for client 1: {'round': 5, 'step_no': 638, 'loss': 0.18004019558429718, 'accuracy': 0.9591013789176941, 'l2_norm': 4.764631271362305, 'computation_time': 0.04266500473022461, 'batch_time': 0.045757412975945044, 'rtc_check_time': 0.0018574000059743412, 'experiment_id': 'exp_20240619_200443', 'client_id': '1'}
[2024-06-19 20:06:02,144][root][INFO] - Added data to batch for client 1: {'round': 5, 'step_no': 639, 'loss': 0.09012699127197266, 'accuracy': 0.9590023159980774, 'l2_norm': 4.82053279876709, 'computation_time': 0.03916811943054199, 'batch_time': 0.044093896249250975, 'rtc_check_time': 0.003857900002913084, 'experiment_id': 'exp_20240619_200443', 'client_id': '1'}
[2024-06-19 20:06:02,146][root][INFO] - Added data to batch for client 1: {'round': 5, 'step_no': 640, 'loss': 0.03770006448030472, 'accuracy': 0.9590467810630798, 'l2_norm': 4.823855400085449, 'computation_time': 0.04179978370666504, 'batch_time': 0.04614436980773462, 'rtc_check_time': 0.003157499995722901, 'experiment_id': 'exp_20240619_200443', 'client_id': '1'}
[2024-06-19 20:06:02,147][root][INFO] - Added data to batch for client 1: {'round': 5, 'step_no': 641, 'loss': 0.14242638647556305, 'accuracy': 0.9589488506317139, 'l2_norm': 4.867073059082031, 'computation_time': 0.04209494590759277, 'batch_time': 0.047049338041688316, 'rtc_check_time': 0.0037952010025037453, 'experiment_id': 'exp_20240619_200443', 'client_id': '1'}
[2024-06-19 20:06:02,147][root][INFO] - Added batch data list for client 1. New Data Added: 220
[2024-06-19 20:06:02,154][root][INFO] - Batch data saved to /home/psklavos/fl/geom_aio/csv_logs/exp_20240619_200443/clients/client_1/batch.csv
[2024-06-19 20:06:02,156][root][INFO] - Added data to epoch for client 0: {'round': 5, 'epoch_steps': 220, 'total_steps': 641, 'l2_norm': 4.885921001434326, 'total_computation_time': 10.918811082839966, 'total_rtc_check_time': 0.8139030820238986, 'total_duration': 12.543194055557251, 'val_loss': 0.10098320990800858, 'val_accuracy': 0.968999981880188, 'experiment_id': 'exp_20240619_200443', 'client_id': '0'}
[2024-06-19 20:06:02,156][root][INFO] - Added epoch data for client 0: {'round': 5, 'epoch_steps': 220, 'total_steps': 641, 'l2_norm': 4.885921001434326, 'total_computation_time': 10.918811082839966, 'total_rtc_check_time': 0.8139030820238986, 'total_duration': 12.543194055557251, 'val_loss': 0.10098320990800858, 'val_accuracy': 0.968999981880188, 'experiment_id': 'exp_20240619_200443', 'client_id': '0'}
[2024-06-19 20:06:02,157][root][INFO] - Epoch data saved to /home/psklavos/fl/geom_aio/csv_logs/exp_20240619_200443/clients/client_0/epoch.csv
[2024-06-19 20:06:02,158][root][INFO] - Added data to batch for client 0: {'round': 5, 'step_no': 422, 'loss': 0.256380558013916, 'accuracy': 0.90625, 'l2_norm': 0.0594717375934124, 'computation_time': 0.05775117874145508, 'batch_time': 0.060818822697910946, 'rtc_check_time': 0.0017747000019880943, 'experiment_id': 'exp_20240619_200443', 'client_id': '0'}
[2024-06-19 20:06:02,160][root][INFO] - Added data to batch for client 0: {'round': 5, 'step_no': 423, 'loss': 0.11446364969015121, 'accuracy': 0.9375, 'l2_norm': 0.09597679227590561, 'computation_time': 0.06848788261413574, 'batch_time': 0.07429950849473244, 'rtc_check_time': 0.004247600001690444, 'experiment_id': 'exp_20240619_200443', 'client_id': '0'}
[2024-06-19 20:06:02,161][root][INFO] - Added data to batch for client 0: {'round': 5, 'step_no': 424, 'loss': 0.05809605121612549, 'accuracy': 0.9479166865348816, 'l2_norm': 0.11839651316404343, 'computation_time': 0.05498313903808594, 'batch_time': 0.058905502075504046, 'rtc_check_time': 0.0018815000003087334, 'experiment_id': 'exp_20240619_200443', 'client_id': '0'}
[2024-06-19 20:06:02,162][root][INFO] - Added data to batch for client 0: {'round': 5, 'step_no': 425, 'loss': 0.03847913444042206, 'accuracy': 0.9609375, 'l2_norm': 0.11792239546775818, 'computation_time': 0.061264991760253906, 'batch_time': 0.06585941579396604, 'rtc_check_time': 0.0022944000011193566, 'experiment_id': 'exp_20240619_200443', 'client_id': '0'}
[2024-06-19 20:06:02,163][root][INFO] - Added data to batch for client 0: {'round': 5, 'step_no': 426, 'loss': 0.06902653723955154, 'accuracy': 0.96875, 'l2_norm': 0.12962189316749573, 'computation_time': 0.05684304237365723, 'batch_time': 0.06086850079736905, 'rtc_check_time': 0.0023005000039120205, 'experiment_id': 'exp_20240619_200443', 'client_id': '0'}
[2024-06-19 20:06:02,164][root][INFO] - Added data to batch for client 0: {'round': 5, 'step_no': 427, 'loss': 0.11541980504989624, 'accuracy': 0.96875, 'l2_norm': 0.16485098004341125, 'computation_time': 0.08611202239990234, 'batch_time': 0.11564113107306184, 'rtc_check_time': 0.026017203002993483, 'experiment_id': 'exp_20240619_200443', 'client_id': '0'}
[2024-06-19 20:06:02,166][root][INFO] - Added data to batch for client 0: {'round': 5, 'step_no': 428, 'loss': 0.34104374051094055, 'accuracy': 0.9553571343421936, 'l2_norm': 0.23450405895709991, 'computation_time': 0.07141804695129395, 'batch_time': 0.0763010970549658, 'rtc_check_time': 0.002813099999912083, 'experiment_id': 'exp_20240619_200443', 'client_id': '0'}
[2024-06-19 20:06:02,167][root][INFO] - Added data to batch for client 0: {'round': 5, 'step_no': 429, 'loss': 0.3168511688709259, 'accuracy': 0.9453125, 'l2_norm': 0.2547498643398285, 'computation_time': 0.04896688461303711, 'batch_time': 0.05306949449732201, 'rtc_check_time': 0.0028285009975661524, 'experiment_id': 'exp_20240619_200443', 'client_id': '0'}
[2024-06-19 20:06:02,168][root][INFO] - Added data to batch for client 0: {'round': 5, 'step_no': 430, 'loss': 0.24540290236473083, 'accuracy': 0.9479166865348816, 'l2_norm': 0.2560669183731079, 'computation_time': 0.0501708984375, 'batch_time': 0.05452204115863424, 'rtc_check_time': 0.0028378999995766208, 'experiment_id': 'exp_20240619_200443', 'client_id': '0'}
[2024-06-19 20:06:02,169][root][INFO] - Added data to batch for client 0: {'round': 5, 'step_no': 431, 'loss': 0.25237947702407837, 'accuracy': 0.9437500238418579, 'l2_norm': 0.2945866882801056, 'computation_time': 0.0475001335144043, 'batch_time': 0.05078875075560063, 'rtc_check_time': 0.0018047000048682094, 'experiment_id': 'exp_20240619_200443', 'client_id': '0'}
[2024-06-19 20:06:02,170][root][INFO] - Added data to batch for client 0: {'round': 5, 'step_no': 432, 'loss': 0.10353855788707733, 'accuracy': 0.9431818127632141, 'l2_norm': 0.32054436206817627, 'computation_time': 0.05891895294189453, 'batch_time': 0.06208861912455177, 'rtc_check_time': 0.001786600005289074, 'experiment_id': 'exp_20240619_200443', 'client_id': '0'}
[2024-06-19 20:06:02,171][root][INFO] - Added data to batch for client 0: {'round': 5, 'step_no': 433, 'loss': 0.05364394187927246, 'accuracy': 0.9479166865348816, 'l2_norm': 0.32075604796409607, 'computation_time': 0.051542043685913086, 'batch_time': 0.0556270487504662, 'rtc_check_time': 0.0027469999986351468, 'experiment_id': 'exp_20240619_200443', 'client_id': '0'}
[2024-06-19 20:06:02,173][root][INFO] - Added data to batch for client 0: {'round': 5, 'step_no': 434, 'loss': 0.1920199692249298, 'accuracy': 0.9447115659713745, 'l2_norm': 0.3487076461315155, 'computation_time': 0.053071022033691406, 'batch_time': 0.05691755767475115, 'rtc_check_time': 0.0024165010036085732, 'experiment_id': 'exp_20240619_200443', 'client_id': '0'}
[2024-06-19 20:06:02,174][root][INFO] - Added data to batch for client 0: {'round': 5, 'step_no': 435, 'loss': 0.09273650497198105, 'accuracy': 0.9464285969734192, 'l2_norm': 0.34870919585227966, 'computation_time': 0.05031085014343262, 'batch_time': 0.05556145288574044, 'rtc_check_time': 0.003942399998777546, 'experiment_id': 'exp_20240619_200443', 'client_id': '0'}
[2024-06-19 20:06:02,175][root][INFO] - Added data to batch for client 0: {'round': 5, 'step_no': 436, 'loss': 0.10151209682226181, 'accuracy': 0.9479166865348816, 'l2_norm': 0.3482676148414612, 'computation_time': 0.04657292366027832, 'batch_time': 0.06183671835606219, 'rtc_check_time': 0.01369190100376727, 'experiment_id': 'exp_20240619_200443', 'client_id': '0'}
[2024-06-19 20:06:02,176][root][INFO] - Added data to batch for client 0: {'round': 5, 'step_no': 437, 'loss': 0.26457536220550537, 'accuracy': 0.9453125, 'l2_norm': 0.396198034286499, 'computation_time': 0.05403900146484375, 'batch_time': 0.06199515661865007, 'rtc_check_time': 0.006378300997312181, 'experiment_id': 'exp_20240619_200443', 'client_id': '0'}
[2024-06-19 20:06:02,177][root][INFO] - Added data to batch for client 0: {'round': 5, 'step_no': 438, 'loss': 0.18769124150276184, 'accuracy': 0.9430146813392639, 'l2_norm': 0.4222666323184967, 'computation_time': 0.05734086036682129, 'batch_time': 0.065716718112526, 'rtc_check_time': 0.006433700000343379, 'experiment_id': 'exp_20240619_200443', 'client_id': '0'}
[2024-06-19 20:06:02,178][root][INFO] - Added data to batch for client 0: {'round': 5, 'step_no': 439, 'loss': 0.17932498455047607, 'accuracy': 0.9444444179534912, 'l2_norm': 0.4438963234424591, 'computation_time': 0.05216479301452637, 'batch_time': 0.05580859423207585, 'rtc_check_time': 0.0019855999998981133, 'experiment_id': 'exp_20240619_200443', 'client_id': '0'}
[2024-06-19 20:06:02,179][root][INFO] - Added data to batch for client 0: {'round': 5, 'step_no': 440, 'loss': 0.08958751708269119, 'accuracy': 0.9473684430122375, 'l2_norm': 0.4545581638813019, 'computation_time': 0.05974292755126953, 'batch_time': 0.06304027883015806, 'rtc_check_time': 0.0017462000032537617, 'experiment_id': 'exp_20240619_200443', 'client_id': '0'}
[2024-06-19 20:06:02,180][root][INFO] - Added data to batch for client 0: {'round': 5, 'step_no': 441, 'loss': 0.05509832873940468, 'accuracy': 0.948437511920929, 'l2_norm': 0.4678189754486084, 'computation_time': 0.06265711784362793, 'batch_time': 0.06654876071115723, 'rtc_check_time': 0.002037699996435549, 'experiment_id': 'exp_20240619_200443', 'client_id': '0'}
[2024-06-19 20:06:02,181][root][INFO] - Added data to batch for client 0: {'round': 5, 'step_no': 442, 'loss': 0.4411846399307251, 'accuracy': 0.9434523582458496, 'l2_norm': 0.4965038597583771, 'computation_time': 0.05338287353515625, 'batch_time': 0.05962271781027084, 'rtc_check_time': 0.004729700995085295, 'experiment_id': 'exp_20240619_200443', 'client_id': '0'}
[2024-06-19 20:06:02,183][root][INFO] - Added data to batch for client 0: {'round': 5, 'step_no': 443, 'loss': 0.13968168199062347, 'accuracy': 0.9446022510528564, 'l2_norm': 0.5168890357017517, 'computation_time': 0.06733202934265137, 'batch_time': 0.07182535293395631, 'rtc_check_time': 0.0024043000012170523, 'experiment_id': 'exp_20240619_200443', 'client_id': '0'}
[2024-06-19 20:06:02,184][root][INFO] - Added data to batch for client 0: {'round': 5, 'step_no': 444, 'loss': 0.02924295887351036, 'accuracy': 0.94701087474823, 'l2_norm': 0.5179114937782288, 'computation_time': 0.05016517639160156, 'batch_time': 0.06969784009561408, 'rtc_check_time': 0.018124801994417794, 'experiment_id': 'exp_20240619_200443', 'client_id': '0'}
[2024-06-19 20:06:02,185][root][INFO] - Added data to batch for client 0: {'round': 5, 'step_no': 445, 'loss': 0.2686021327972412, 'accuracy': 0.9466145634651184, 'l2_norm': 0.5650500059127808, 'computation_time': 0.06877398490905762, 'batch_time': 0.0724552328028949, 'rtc_check_time': 0.002063100997474976, 'experiment_id': 'exp_20240619_200443', 'client_id': '0'}
[2024-06-19 20:06:02,186][root][INFO] - Added data to batch for client 0: {'round': 5, 'step_no': 446, 'loss': 0.1752939373254776, 'accuracy': 0.9462500214576721, 'l2_norm': 0.5805208683013916, 'computation_time': 0.06977200508117676, 'batch_time': 0.07397994698112598, 'rtc_check_time': 0.0020070999962626956, 'experiment_id': 'exp_20240619_200443', 'client_id': '0'}
[2024-06-19 20:06:02,187][root][INFO] - Added data to batch for client 0: {'round': 5, 'step_no': 447, 'loss': 0.37631916999816895, 'accuracy': 0.942307710647583, 'l2_norm': 0.5975240468978882, 'computation_time': 0.06491494178771973, 'batch_time': 0.06938930997421267, 'rtc_check_time': 0.0018644000010681339, 'experiment_id': 'exp_20240619_200443', 'client_id': '0'}
[2024-06-19 20:06:02,188][root][INFO] - Added data to batch for client 0: {'round': 5, 'step_no': 448, 'loss': 0.2299342155456543, 'accuracy': 0.9432870149612427, 'l2_norm': 0.6037637591362, 'computation_time': 0.055253028869628906, 'batch_time': 0.06199749998631887, 'rtc_check_time': 0.0054315000015776604, 'experiment_id': 'exp_20240619_200443', 'client_id': '0'}
[2024-06-19 20:06:02,189][root][INFO] - Added data to batch for client 0: {'round': 5, 'step_no': 449, 'loss': 0.02387402020394802, 'accuracy': 0.9453125, 'l2_norm': 0.6090775728225708, 'computation_time': 0.052330970764160156, 'batch_time': 0.06292255493463017, 'rtc_check_time': 0.00891860100091435, 'experiment_id': 'exp_20240619_200443', 'client_id': '0'}
[2024-06-19 20:06:02,190][root][INFO] - Added data to batch for client 0: {'round': 5, 'step_no': 450, 'loss': 0.06323875486850739, 'accuracy': 0.9461206793785095, 'l2_norm': 0.6101422309875488, 'computation_time': 0.06858110427856445, 'batch_time': 0.07978261617245153, 'rtc_check_time': 0.008700500999111682, 'experiment_id': 'exp_20240619_200443', 'client_id': '0'}
[2024-06-19 20:06:02,191][root][INFO] - Added data to batch for client 0: {'round': 5, 'step_no': 451, 'loss': 0.08739687502384186, 'accuracy': 0.9458333253860474, 'l2_norm': 0.627056360244751, 'computation_time': 0.08831620216369629, 'batch_time': 0.09371549193019746, 'rtc_check_time': 0.0027383000051486306, 'experiment_id': 'exp_20240619_200443', 'client_id': '0'}
[2024-06-19 20:06:02,193][root][INFO] - Added data to batch for client 0: {'round': 5, 'step_no': 452, 'loss': 0.3837360143661499, 'accuracy': 0.9465726017951965, 'l2_norm': 0.6450605392456055, 'computation_time': 0.0501251220703125, 'batch_time': 0.05572688301617745, 'rtc_check_time': 0.004226801000186242, 'experiment_id': 'exp_20240619_200443', 'client_id': '0'}
[2024-06-19 20:06:02,194][root][INFO] - Added data to batch for client 0: {'round': 5, 'step_no': 453, 'loss': 0.09058228880167007, 'accuracy': 0.947265625, 'l2_norm': 0.6482192277908325, 'computation_time': 0.04276418685913086, 'batch_time': 0.04627821670146659, 'rtc_check_time': 0.0024842999991960824, 'experiment_id': 'exp_20240619_200443', 'client_id': '0'}
[2024-06-19 20:06:02,195][root][INFO] - Added data to batch for client 0: {'round': 5, 'step_no': 454, 'loss': 0.0771891176700592, 'accuracy': 0.9479166865348816, 'l2_norm': 0.6684058904647827, 'computation_time': 0.044052839279174805, 'batch_time': 0.047743376533617266, 'rtc_check_time': 0.0023604000016348436, 'experiment_id': 'exp_20240619_200443', 'client_id': '0'}
[2024-06-19 20:06:02,196][root][INFO] - Added data to batch for client 0: {'round': 5, 'step_no': 455, 'loss': 0.028229601681232452, 'accuracy': 0.9494485259056091, 'l2_norm': 0.666799008846283, 'computation_time': 0.05409502983093262, 'batch_time': 0.06343041070067557, 'rtc_check_time': 0.008156400996085722, 'experiment_id': 'exp_20240619_200443', 'client_id': '0'}
[2024-06-19 20:06:02,197][root][INFO] - Added data to batch for client 0: {'round': 5, 'step_no': 456, 'loss': 0.03163065388798714, 'accuracy': 0.9508928656578064, 'l2_norm': 0.6764928102493286, 'computation_time': 0.044439077377319336, 'batch_time': 0.048189725712290965, 'rtc_check_time': 0.0025247000012313947, 'experiment_id': 'exp_20240619_200443', 'client_id': '0'}
[2024-06-19 20:06:02,198][root][INFO] - Added data to batch for client 0: {'round': 5, 'step_no': 457, 'loss': 0.2183857262134552, 'accuracy': 0.9505208134651184, 'l2_norm': 0.7510750889778137, 'computation_time': 0.04781794548034668, 'batch_time': 0.05107343158306321, 'rtc_check_time': 0.002068399997369852, 'experiment_id': 'exp_20240619_200443', 'client_id': '0'}
[2024-06-19 20:06:02,199][root][INFO] - Added data to batch for client 0: {'round': 5, 'step_no': 458, 'loss': 0.17292341589927673, 'accuracy': 0.9501689076423645, 'l2_norm': 0.7575554251670837, 'computation_time': 0.04145407676696777, 'batch_time': 0.045135728163586464, 'rtc_check_time': 0.002344600005017128, 'experiment_id': 'exp_20240619_200443', 'client_id': '0'}
[2024-06-19 20:06:02,200][root][INFO] - Added data to batch for client 0: {'round': 5, 'step_no': 459, 'loss': 0.10242729634046555, 'accuracy': 0.9506579041481018, 'l2_norm': 0.7640730142593384, 'computation_time': 0.04417586326599121, 'batch_time': 0.046915631857700646, 'rtc_check_time': 0.0014926010044291615, 'experiment_id': 'exp_20240619_200443', 'client_id': '0'}
[2024-06-19 20:06:02,201][root][INFO] - Added data to batch for client 0: {'round': 5, 'step_no': 460, 'loss': 0.06049063429236412, 'accuracy': 0.9511218070983887, 'l2_norm': 0.7829674482345581, 'computation_time': 0.04154014587402344, 'batch_time': 0.0442185985884862, 'rtc_check_time': 0.0015195000014500692, 'experiment_id': 'exp_20240619_200443', 'client_id': '0'}
[2024-06-19 20:06:02,202][root][INFO] - Added data to batch for client 0: {'round': 5, 'step_no': 461, 'loss': 0.04188239201903343, 'accuracy': 0.952343761920929, 'l2_norm': 0.7863059043884277, 'computation_time': 0.04019904136657715, 'batch_time': 0.04509493603109149, 'rtc_check_time': 0.003670900005090516, 'experiment_id': 'exp_20240619_200443', 'client_id': '0'}
[2024-06-19 20:06:02,204][root][INFO] - Added data to batch for client 0: {'round': 5, 'step_no': 462, 'loss': 0.2106984555721283, 'accuracy': 0.9519817233085632, 'l2_norm': 0.8033719658851624, 'computation_time': 0.04561305046081543, 'batch_time': 0.050533027955680154, 'rtc_check_time': 0.003258199998526834, 'experiment_id': 'exp_20240619_200443', 'client_id': '0'}
[2024-06-19 20:06:02,205][root][INFO] - Added data to batch for client 0: {'round': 5, 'step_no': 463, 'loss': 0.2552872896194458, 'accuracy': 0.9501488208770752, 'l2_norm': 0.882227897644043, 'computation_time': 0.042565107345581055, 'batch_time': 0.046919094362237956, 'rtc_check_time': 0.0032091009998111986, 'experiment_id': 'exp_20240619_200443', 'client_id': '0'}
[2024-06-19 20:06:02,206][root][INFO] - Added data to batch for client 0: {'round': 5, 'step_no': 464, 'loss': 0.3497341275215149, 'accuracy': 0.948401153087616, 'l2_norm': 0.8806607723236084, 'computation_time': 0.04001903533935547, 'batch_time': 0.04381203943921719, 'rtc_check_time': 0.0021081000013509765, 'experiment_id': 'exp_20240619_200443', 'client_id': '0'}
[2024-06-19 20:06:02,207][root][INFO] - Added data to batch for client 0: {'round': 5, 'step_no': 465, 'loss': 0.14982298016548157, 'accuracy': 0.9481534361839294, 'l2_norm': 0.8746091723442078, 'computation_time': 0.042593955993652344, 'batch_time': 0.04727513289981289, 'rtc_check_time': 0.0035711000018636696, 'experiment_id': 'exp_20240619_200443', 'client_id': '0'}
[2024-06-19 20:06:02,208][root][INFO] - Added data to batch for client 0: {'round': 5, 'step_no': 466, 'loss': 0.08073338121175766, 'accuracy': 0.9479166865348816, 'l2_norm': 0.8982336521148682, 'computation_time': 0.04327702522277832, 'batch_time': 0.04638716162298806, 'rtc_check_time': 0.0016471999988425523, 'experiment_id': 'exp_20240619_200443', 'client_id': '0'}
[2024-06-19 20:06:02,209][root][INFO] - Added data to batch for client 0: {'round': 5, 'step_no': 467, 'loss': 0.047390785068273544, 'accuracy': 0.948369562625885, 'l2_norm': 0.9133833050727844, 'computation_time': 0.043459177017211914, 'batch_time': 0.05724016086605843, 'rtc_check_time': 0.01253310100582894, 'experiment_id': 'exp_20240619_200443', 'client_id': '0'}
[2024-06-19 20:06:02,210][root][INFO] - Added data to batch for client 0: {'round': 5, 'step_no': 468, 'loss': 0.14431369304656982, 'accuracy': 0.9481382966041565, 'l2_norm': 0.9300049543380737, 'computation_time': 0.04826784133911133, 'batch_time': 0.051321633472980466, 'rtc_check_time': 0.0018946010022773407, 'experiment_id': 'exp_20240619_200443', 'client_id': '0'}
[2024-06-19 20:06:02,211][root][INFO] - Added data to batch for client 0: {'round': 5, 'step_no': 469, 'loss': 0.08993003517389297, 'accuracy': 0.9485676884651184, 'l2_norm': 0.9893020987510681, 'computation_time': 0.0396728515625, 'batch_time': 0.043327260442310944, 'rtc_check_time': 0.0025882009940687567, 'experiment_id': 'exp_20240619_200443', 'client_id': '0'}
[2024-06-19 20:06:02,212][root][INFO] - Added data to batch for client 0: {'round': 5, 'step_no': 470, 'loss': 0.21905820071697235, 'accuracy': 0.9477040767669678, 'l2_norm': 0.9940468072891235, 'computation_time': 0.04362988471984863, 'batch_time': 0.04668151759688044, 'rtc_check_time': 0.0016545000034966506, 'experiment_id': 'exp_20240619_200443', 'client_id': '0'}
[2024-06-19 20:06:02,214][root][INFO] - Added data to batch for client 0: {'round': 5, 'step_no': 471, 'loss': 0.24426846206188202, 'accuracy': 0.9474999904632568, 'l2_norm': 1.0441280603408813, 'computation_time': 0.04794001579284668, 'batch_time': 0.05089876773854485, 'rtc_check_time': 0.001624799995624926, 'experiment_id': 'exp_20240619_200443', 'client_id': '0'}
[2024-06-19 20:06:02,215][root][INFO] - Added data to batch for client 0: {'round': 5, 'step_no': 472, 'loss': 0.07275446504354477, 'accuracy': 0.9485294222831726, 'l2_norm': 1.0513050556182861, 'computation_time': 0.040754079818725586, 'batch_time': 0.04685762638837332, 'rtc_check_time': 0.004910499999823514, 'experiment_id': 'exp_20240619_200443', 'client_id': '0'}
[2024-06-19 20:06:02,216][root][INFO] - Added data to batch for client 0: {'round': 5, 'step_no': 473, 'loss': 0.36246225237846375, 'accuracy': 0.9477163553237915, 'l2_norm': 1.0800381898880005, 'computation_time': 0.04476618766784668, 'batch_time': 0.04810666231060168, 'rtc_check_time': 0.001961699999810662, 'experiment_id': 'exp_20240619_200443', 'client_id': '0'}
[2024-06-19 20:06:02,217][root][INFO] - Added data to batch for client 0: {'round': 5, 'step_no': 474, 'loss': 0.13412728905677795, 'accuracy': 0.9475235939025879, 'l2_norm': 1.1130714416503906, 'computation_time': 0.04364490509033203, 'batch_time': 0.046591525031544734, 'rtc_check_time': 0.0015204000010271557, 'experiment_id': 'exp_20240619_200443', 'client_id': '0'}
[2024-06-19 20:06:02,218][root][INFO] - Added data to batch for client 0: {'round': 5, 'step_no': 475, 'loss': 0.10371101647615433, 'accuracy': 0.9479166865348816, 'l2_norm': 1.096734881401062, 'computation_time': 0.046514034271240234, 'batch_time': 0.05012892137892777, 'rtc_check_time': 0.002427801002340857, 'experiment_id': 'exp_20240619_200443', 'client_id': '0'}
[2024-06-19 20:06:02,219][root][INFO] - Added data to batch for client 0: {'round': 5, 'step_no': 476, 'loss': 0.257576584815979, 'accuracy': 0.9482954740524292, 'l2_norm': 1.144547939300537, 'computation_time': 0.0412449836730957, 'batch_time': 0.04465643397270469, 'rtc_check_time': 0.0023244999974849634, 'experiment_id': 'exp_20240619_200443', 'client_id': '0'}
[2024-06-19 20:06:02,220][root][INFO] - Added data to batch for client 0: {'round': 5, 'step_no': 477, 'loss': 0.13370166718959808, 'accuracy': 0.9486607313156128, 'l2_norm': 1.1361682415008545, 'computation_time': 0.04474806785583496, 'batch_time': 0.04912932080333121, 'rtc_check_time': 0.003047300997423008, 'experiment_id': 'exp_20240619_200443', 'client_id': '0'}
[2024-06-19 20:06:02,221][root][INFO] - Added data to batch for client 0: {'round': 5, 'step_no': 478, 'loss': 0.03756836801767349, 'accuracy': 0.9495614171028137, 'l2_norm': 1.1365245580673218, 'computation_time': 0.042504072189331055, 'batch_time': 0.045401240335195325, 'rtc_check_time': 0.0016531000001123175, 'experiment_id': 'exp_20240619_200443', 'client_id': '0'}
[2024-06-19 20:06:02,222][root][INFO] - Added data to batch for client 0: {'round': 5, 'step_no': 479, 'loss': 0.06277711689472198, 'accuracy': 0.9498922228813171, 'l2_norm': 1.1548773050308228, 'computation_time': 0.03980398178100586, 'batch_time': 0.044484886406280566, 'rtc_check_time': 0.0035539000018616207, 'experiment_id': 'exp_20240619_200443', 'client_id': '0'}
[2024-06-19 20:06:02,223][root][INFO] - Added data to batch for client 0: {'round': 5, 'step_no': 480, 'loss': 0.15269389748573303, 'accuracy': 0.9491525292396545, 'l2_norm': 1.1883240938186646, 'computation_time': 0.04410409927368164, 'batch_time': 0.047059792319487315, 'rtc_check_time': 0.0014229000007617287, 'experiment_id': 'exp_20240619_200443', 'client_id': '0'}
[2024-06-19 20:06:02,224][root][INFO] - Added data to batch for client 0: {'round': 5, 'step_no': 481, 'loss': 0.03407538682222366, 'accuracy': 0.949999988079071, 'l2_norm': 1.1940172910690308, 'computation_time': 0.03961896896362305, 'batch_time': 0.043624005127639975, 'rtc_check_time': 0.0029250000006868504, 'experiment_id': 'exp_20240619_200443', 'client_id': '0'}
[2024-06-19 20:06:02,226][root][INFO] - Added data to batch for client 0: {'round': 5, 'step_no': 482, 'loss': 0.05139309540390968, 'accuracy': 0.9508196711540222, 'l2_norm': 1.2012447118759155, 'computation_time': 0.03904318809509277, 'batch_time': 0.044424065556086134, 'rtc_check_time': 0.004273899998224806, 'experiment_id': 'exp_20240619_200443', 'client_id': '0'}
[2024-06-19 20:06:02,227][root][INFO] - Added data to batch for client 0: {'round': 5, 'step_no': 483, 'loss': 0.12991894781589508, 'accuracy': 0.9511088728904724, 'l2_norm': 1.2369804382324219, 'computation_time': 0.043745994567871094, 'batch_time': 0.050263247605471406, 'rtc_check_time': 0.004933199998049531, 'experiment_id': 'exp_20240619_200443', 'client_id': '0'}
[2024-06-19 20:06:02,228][root][INFO] - Added data to batch for client 0: {'round': 5, 'step_no': 484, 'loss': 0.09797775745391846, 'accuracy': 0.9508928656578064, 'l2_norm': 1.2585108280181885, 'computation_time': 0.04996895790100098, 'batch_time': 0.05306978434236953, 'rtc_check_time': 0.001539900003990624, 'experiment_id': 'exp_20240619_200443', 'client_id': '0'}
[2024-06-19 20:06:02,229][root][INFO] - Added data to batch for client 0: {'round': 5, 'step_no': 485, 'loss': 0.08156060427427292, 'accuracy': 0.951171875, 'l2_norm': 1.277119517326355, 'computation_time': 0.05303215980529785, 'batch_time': 0.056585952203022316, 'rtc_check_time': 0.0020600999996531755, 'experiment_id': 'exp_20240619_200443', 'client_id': '0'}
[2024-06-19 20:06:02,230][root][INFO] - Added data to batch for client 0: {'round': 5, 'step_no': 486, 'loss': 0.15245771408081055, 'accuracy': 0.9504807591438293, 'l2_norm': 1.303521990776062, 'computation_time': 0.043617963790893555, 'batch_time': 0.04600187781761633, 'rtc_check_time': 0.0013517999977921136, 'experiment_id': 'exp_20240619_200443', 'client_id': '0'}
[2024-06-19 20:06:02,231][root][INFO] - Added data to batch for client 0: {'round': 5, 'step_no': 487, 'loss': 0.052815649658441544, 'accuracy': 0.9507575631141663, 'l2_norm': 1.3039183616638184, 'computation_time': 0.03943896293640137, 'batch_time': 0.045278943252924364, 'rtc_check_time': 0.00465790100133745, 'experiment_id': 'exp_20240619_200443', 'client_id': '0'}
[2024-06-19 20:06:02,232][root][INFO] - Added data to batch for client 0: {'round': 5, 'step_no': 488, 'loss': 0.15368524193763733, 'accuracy': 0.950559675693512, 'l2_norm': 1.3499706983566284, 'computation_time': 0.04168295860290527, 'batch_time': 0.04428346740314737, 'rtc_check_time': 0.0013686000020243227, 'experiment_id': 'exp_20240619_200443', 'client_id': '0'}
[2024-06-19 20:06:02,233][root][INFO] - Added data to batch for client 0: {'round': 5, 'step_no': 489, 'loss': 0.4385690689086914, 'accuracy': 0.9494485259056091, 'l2_norm': 1.3665807247161865, 'computation_time': 0.042257070541381836, 'batch_time': 0.0449438115247176, 'rtc_check_time': 0.001462699998228345, 'experiment_id': 'exp_20240619_200443', 'client_id': '0'}
[2024-06-19 20:06:02,235][root][INFO] - Added data to batch for client 0: {'round': 5, 'step_no': 490, 'loss': 0.01873335987329483, 'accuracy': 0.9501811861991882, 'l2_norm': 1.3774042129516602, 'computation_time': 0.040580034255981445, 'batch_time': 0.04479920845187735, 'rtc_check_time': 0.0030513999954564497, 'experiment_id': 'exp_20240619_200443', 'client_id': '0'}
[2024-06-19 20:06:02,236][root][INFO] - Added data to batch for client 0: {'round': 5, 'step_no': 491, 'loss': 0.22409360110759735, 'accuracy': 0.949999988079071, 'l2_norm': 1.4424970149993896, 'computation_time': 0.039563894271850586, 'batch_time': 0.04537658178014681, 'rtc_check_time': 0.004761499993037432, 'experiment_id': 'exp_20240619_200443', 'client_id': '0'}
[2024-06-19 20:06:02,237][root][INFO] - Added data to batch for client 0: {'round': 5, 'step_no': 492, 'loss': 0.14048917591571808, 'accuracy': 0.9502640962600708, 'l2_norm': 1.4727222919464111, 'computation_time': 0.04140210151672363, 'batch_time': 0.046347536066605244, 'rtc_check_time': 0.0035576000009314157, 'experiment_id': 'exp_20240619_200443', 'client_id': '0'}
[2024-06-19 20:06:02,238][root][INFO] - Added data to batch for client 0: {'round': 5, 'step_no': 493, 'loss': 0.31522881984710693, 'accuracy': 0.9500868320465088, 'l2_norm': 1.539217472076416, 'computation_time': 0.04842019081115723, 'batch_time': 0.0528642009376199, 'rtc_check_time': 0.00257910000073025, 'experiment_id': 'exp_20240619_200443', 'client_id': '0'}
[2024-06-19 20:06:02,238][root][INFO] - Added data to batch for client 0: {'round': 5, 'step_no': 494, 'loss': 0.07273872196674347, 'accuracy': 0.9507705569267273, 'l2_norm': 1.5261718034744263, 'computation_time': 0.05115199089050293, 'batch_time': 0.05436075062607415, 'rtc_check_time': 0.0018698009953368455, 'experiment_id': 'exp_20240619_200443', 'client_id': '0'}
[2024-06-19 20:06:02,239][root][INFO] - Added data to batch for client 0: {'round': 5, 'step_no': 495, 'loss': 0.2357672154903412, 'accuracy': 0.9497466087341309, 'l2_norm': 1.5426905155181885, 'computation_time': 0.05450701713562012, 'batch_time': 0.06088913722487632, 'rtc_check_time': 0.004615199999534525, 'experiment_id': 'exp_20240619_200443', 'client_id': '0'}
[2024-06-19 20:06:02,240][root][INFO] - Added data to batch for client 0: {'round': 5, 'step_no': 496, 'loss': 0.17913420498371124, 'accuracy': 0.949999988079071, 'l2_norm': 1.5532690286636353, 'computation_time': 0.04763007164001465, 'batch_time': 0.050829919207899366, 'rtc_check_time': 0.0020068009980604984, 'experiment_id': 'exp_20240619_200443', 'client_id': '0'}
[2024-06-19 20:06:02,241][root][INFO] - Added data to batch for client 0: {'round': 5, 'step_no': 497, 'loss': 0.13214462995529175, 'accuracy': 0.9502466917037964, 'l2_norm': 1.560373306274414, 'computation_time': 0.05164790153503418, 'batch_time': 0.06057578558829846, 'rtc_check_time': 0.007040800999675412, 'experiment_id': 'exp_20240619_200443', 'client_id': '0'}
[2024-06-19 20:06:02,242][root][INFO] - Added data to batch for client 0: {'round': 5, 'step_no': 498, 'loss': 0.11883974075317383, 'accuracy': 0.9500811696052551, 'l2_norm': 1.5877442359924316, 'computation_time': 0.0537419319152832, 'batch_time': 0.061031093951896764, 'rtc_check_time': 0.005664101001457311, 'experiment_id': 'exp_20240619_200443', 'client_id': '0'}
[2024-06-19 20:06:02,243][root][INFO] - Added data to batch for client 0: {'round': 5, 'step_no': 499, 'loss': 0.1536731719970703, 'accuracy': 0.9503205418586731, 'l2_norm': 1.5973683595657349, 'computation_time': 0.05187201499938965, 'batch_time': 0.0559438544587465, 'rtc_check_time': 0.0027057010011048988, 'experiment_id': 'exp_20240619_200443', 'client_id': '0'}
[2024-06-19 20:06:02,244][root][INFO] - Added data to batch for client 0: {'round': 5, 'step_no': 500, 'loss': 0.06524491310119629, 'accuracy': 0.9505537748336792, 'l2_norm': 1.6193616390228271, 'computation_time': 0.048657894134521484, 'batch_time': 0.05142697027622489, 'rtc_check_time': 0.0014840000003459863, 'experiment_id': 'exp_20240619_200443', 'client_id': '0'}
[2024-06-19 20:06:02,245][root][INFO] - Added data to batch for client 0: {'round': 5, 'step_no': 501, 'loss': 0.33021852374076843, 'accuracy': 0.9507812261581421, 'l2_norm': 1.6291524171829224, 'computation_time': 0.04510498046875, 'batch_time': 0.05443711434054421, 'rtc_check_time': 0.007935000998259056, 'experiment_id': 'exp_20240619_200443', 'client_id': '0'}
[2024-06-19 20:06:02,247][root][INFO] - Added data to batch for client 0: {'round': 5, 'step_no': 502, 'loss': 0.09689270704984665, 'accuracy': 0.9506173133850098, 'l2_norm': 1.6458512544631958, 'computation_time': 0.05637502670288086, 'batch_time': 0.059478715775185265, 'rtc_check_time': 0.001847699997597374, 'experiment_id': 'exp_20240619_200443', 'client_id': '0'}
[2024-06-19 20:06:02,247][root][INFO] - Added data to batch for client 0: {'round': 5, 'step_no': 503, 'loss': 0.36067652702331543, 'accuracy': 0.9500762224197388, 'l2_norm': 1.7089735269546509, 'computation_time': 0.048139095306396484, 'batch_time': 0.05772903667821083, 'rtc_check_time': 0.007850201000110246, 'experiment_id': 'exp_20240619_200443', 'client_id': '0'}
[2024-06-19 20:06:02,248][root][INFO] - Added data to batch for client 0: {'round': 5, 'step_no': 504, 'loss': 0.2932298183441162, 'accuracy': 0.9495481848716736, 'l2_norm': 1.7201457023620605, 'computation_time': 0.05652499198913574, 'batch_time': 0.060860403966216836, 'rtc_check_time': 0.0026033009999082424, 'experiment_id': 'exp_20240619_200443', 'client_id': '0'}
[2024-06-19 20:06:02,249][root][INFO] - Added data to batch for client 0: {'round': 5, 'step_no': 505, 'loss': 0.3203967213630676, 'accuracy': 0.949404776096344, 'l2_norm': 1.757123589515686, 'computation_time': 0.047039031982421875, 'batch_time': 0.05983986521459883, 'rtc_check_time': 0.011442801005614456, 'experiment_id': 'exp_20240619_200443', 'client_id': '0'}
[2024-06-19 20:06:02,250][root][INFO] - Added data to batch for client 0: {'round': 5, 'step_no': 506, 'loss': 0.07652150094509125, 'accuracy': 0.9496323466300964, 'l2_norm': 1.757146954536438, 'computation_time': 0.04351210594177246, 'batch_time': 0.05025048834795598, 'rtc_check_time': 0.0048903999995673075, 'experiment_id': 'exp_20240619_200443', 'client_id': '0'}
[2024-06-19 20:06:02,251][root][INFO] - Added data to batch for client 0: {'round': 5, 'step_no': 507, 'loss': 0.035173919051885605, 'accuracy': 0.9502180218696594, 'l2_norm': 1.761913776397705, 'computation_time': 0.04970884323120117, 'batch_time': 0.05271640458522597, 'rtc_check_time': 0.001768499998433981, 'experiment_id': 'exp_20240619_200443', 'client_id': '0'}
[2024-06-19 20:06:02,252][root][INFO] - Added data to batch for client 0: {'round': 5, 'step_no': 508, 'loss': 0.17211072146892548, 'accuracy': 0.9497126340866089, 'l2_norm': 1.8097485303878784, 'computation_time': 0.05500316619873047, 'batch_time': 0.05827402540307958, 'rtc_check_time': 0.00197719999414403, 'experiment_id': 'exp_20240619_200443', 'client_id': '0'}
[2024-06-19 20:06:02,253][root][INFO] - Added data to batch for client 0: {'round': 5, 'step_no': 509, 'loss': 0.028041841462254524, 'accuracy': 0.9502840638160706, 'l2_norm': 1.805725336074829, 'computation_time': 0.05550384521484375, 'batch_time': 0.06309248940669931, 'rtc_check_time': 0.006120701000327244, 'experiment_id': 'exp_20240619_200443', 'client_id': '0'}
[2024-06-19 20:06:02,254][root][INFO] - Added data to batch for client 0: {'round': 5, 'step_no': 510, 'loss': 0.01907140016555786, 'accuracy': 0.9508426785469055, 'l2_norm': 1.7921388149261475, 'computation_time': 0.05687403678894043, 'batch_time': 0.06060659127251711, 'rtc_check_time': 0.0019375010015210137, 'experiment_id': 'exp_20240619_200443', 'client_id': '0'}
[2024-06-19 20:06:02,255][root][INFO] - Added data to batch for client 0: {'round': 5, 'step_no': 511, 'loss': 0.04687134549021721, 'accuracy': 0.9510416388511658, 'l2_norm': 1.819272518157959, 'computation_time': 0.05598902702331543, 'batch_time': 0.06007660239993129, 'rtc_check_time': 0.002627499998197891, 'experiment_id': 'exp_20240619_200443', 'client_id': '0'}
[2024-06-19 20:06:02,256][root][INFO] - Added data to batch for client 0: {'round': 5, 'step_no': 512, 'loss': 0.11060082167387009, 'accuracy': 0.9512362480163574, 'l2_norm': 1.8075919151306152, 'computation_time': 0.050791025161743164, 'batch_time': 0.05418950197781669, 'rtc_check_time': 0.0015194999941741116, 'experiment_id': 'exp_20240619_200443', 'client_id': '0'}
[2024-06-19 20:06:02,257][root][INFO] - Added data to batch for client 0: {'round': 5, 'step_no': 513, 'loss': 0.1423858106136322, 'accuracy': 0.9510869383811951, 'l2_norm': 1.8181473016738892, 'computation_time': 0.053154945373535156, 'batch_time': 0.06594604103156598, 'rtc_check_time': 0.011566100998606998, 'experiment_id': 'exp_20240619_200443', 'client_id': '0'}
[2024-06-19 20:06:02,258][root][INFO] - Added data to batch for client 0: {'round': 5, 'step_no': 514, 'loss': 0.04448495805263519, 'accuracy': 0.9516128897666931, 'l2_norm': 1.8242942094802856, 'computation_time': 0.05284309387207031, 'batch_time': 0.06083479894004995, 'rtc_check_time': 0.006653700002061669, 'experiment_id': 'exp_20240619_200443', 'client_id': '0'}
[2024-06-19 20:06:02,259][root][INFO] - Added data to batch for client 0: {'round': 5, 'step_no': 515, 'loss': 0.014946279115974903, 'accuracy': 0.9521276354789734, 'l2_norm': 1.8290005922317505, 'computation_time': 0.12410616874694824, 'batch_time': 0.14140822485933313, 'rtc_check_time': 0.006172200002765749, 'experiment_id': 'exp_20240619_200443', 'client_id': '0'}
[2024-06-19 20:06:02,260][root][INFO] - Added data to batch for client 0: {'round': 5, 'step_no': 516, 'loss': 0.04847101867198944, 'accuracy': 0.9526315927505493, 'l2_norm': 1.8510034084320068, 'computation_time': 0.1679069995880127, 'batch_time': 0.17816081169439713, 'rtc_check_time': 0.003612901004089508, 'experiment_id': 'exp_20240619_200443', 'client_id': '0'}
[2024-06-19 20:06:02,261][root][INFO] - Added data to batch for client 0: {'round': 5, 'step_no': 517, 'loss': 0.14063335955142975, 'accuracy': 0.9527994990348816, 'l2_norm': 1.9003181457519531, 'computation_time': 0.14983391761779785, 'batch_time': 0.16243822566320887, 'rtc_check_time': 0.0062824010019539855, 'experiment_id': 'exp_20240619_200443', 'client_id': '0'}
[2024-06-19 20:06:02,262][root][INFO] - Added data to batch for client 0: {'round': 5, 'step_no': 518, 'loss': 0.016256989911198616, 'accuracy': 0.9532861113548279, 'l2_norm': 1.8958181142807007, 'computation_time': 0.11673092842102051, 'batch_time': 0.12454420186986681, 'rtc_check_time': 0.005056201000115834, 'experiment_id': 'exp_20240619_200443', 'client_id': '0'}
[2024-06-19 20:06:02,263][root][INFO] - Added data to batch for client 0: {'round': 5, 'step_no': 519, 'loss': 0.2670654058456421, 'accuracy': 0.953125, 'l2_norm': 1.9275435209274292, 'computation_time': 0.0894780158996582, 'batch_time': 0.0957013868537615, 'rtc_check_time': 0.0025614999976824038, 'experiment_id': 'exp_20240619_200443', 'client_id': '0'}
[2024-06-19 20:06:02,264][root][INFO] - Added data to batch for client 0: {'round': 5, 'step_no': 520, 'loss': 0.3005639314651489, 'accuracy': 0.9529671669006348, 'l2_norm': 1.9707114696502686, 'computation_time': 0.07212400436401367, 'batch_time': 0.0830562764822389, 'rtc_check_time': 0.008808200997009408, 'experiment_id': 'exp_20240619_200443', 'client_id': '0'}
[2024-06-19 20:06:02,265][root][INFO] - Added data to batch for client 0: {'round': 5, 'step_no': 521, 'loss': 0.0340815894305706, 'accuracy': 0.9534375071525574, 'l2_norm': 1.970323920249939, 'computation_time': 0.06852197647094727, 'batch_time': 0.07488318253308535, 'rtc_check_time': 0.004815299995243549, 'experiment_id': 'exp_20240619_200443', 'client_id': '0'}
[2024-06-19 20:06:02,266][root][INFO] - Added data to batch for client 0: {'round': 5, 'step_no': 522, 'loss': 0.0300032626837492, 'accuracy': 0.9538984894752502, 'l2_norm': 1.9802892208099365, 'computation_time': 0.08383798599243164, 'batch_time': 0.08904680150590139, 'rtc_check_time': 0.002599801002361346, 'experiment_id': 'exp_20240619_200443', 'client_id': '0'}
[2024-06-19 20:06:02,267][root][INFO] - Added data to batch for client 0: {'round': 5, 'step_no': 523, 'loss': 0.16134439408779144, 'accuracy': 0.953737735748291, 'l2_norm': 2.002042531967163, 'computation_time': 0.11800289154052734, 'batch_time': 0.12288496604014654, 'rtc_check_time': 0.0030329000001074746, 'experiment_id': 'exp_20240619_200443', 'client_id': '0'}
[2024-06-19 20:06:02,268][root][INFO] - Added data to batch for client 0: {'round': 5, 'step_no': 524, 'loss': 0.08695387095212936, 'accuracy': 0.9538834691047668, 'l2_norm': 2.0220699310302734, 'computation_time': 0.08489489555358887, 'batch_time': 0.08926062102545984, 'rtc_check_time': 0.002665801002876833, 'experiment_id': 'exp_20240619_200443', 'client_id': '0'}
[2024-06-19 20:06:02,269][root][INFO] - Added data to batch for client 0: {'round': 5, 'step_no': 525, 'loss': 0.20309790968894958, 'accuracy': 0.9537259340286255, 'l2_norm': 2.075183391571045, 'computation_time': 0.05759596824645996, 'batch_time': 0.06829248363646911, 'rtc_check_time': 0.008684501000971068, 'experiment_id': 'exp_20240619_200443', 'client_id': '0'}
[2024-06-19 20:06:02,270][root][INFO] - Added data to batch for client 0: {'round': 5, 'step_no': 526, 'loss': 0.015695881098508835, 'accuracy': 0.9541666507720947, 'l2_norm': 2.0779457092285156, 'computation_time': 0.06181788444519043, 'batch_time': 0.06795875083480496, 'rtc_check_time': 0.004118600001675077, 'experiment_id': 'exp_20240619_200443', 'client_id': '0'}
[2024-06-19 20:06:02,271][root][INFO] - Added data to batch for client 0: {'round': 5, 'step_no': 527, 'loss': 0.2190331667661667, 'accuracy': 0.9537146091461182, 'l2_norm': 2.123541831970215, 'computation_time': 0.04093003273010254, 'batch_time': 0.05372702039312571, 'rtc_check_time': 0.011613000999204814, 'experiment_id': 'exp_20240619_200443', 'client_id': '0'}
[2024-06-19 20:06:02,272][root][INFO] - Added data to batch for client 0: {'round': 5, 'step_no': 528, 'loss': 0.050933271646499634, 'accuracy': 0.954147219657898, 'l2_norm': 2.1234476566314697, 'computation_time': 0.046253204345703125, 'batch_time': 0.05044415391603252, 'rtc_check_time': 0.0025821009985520504, 'experiment_id': 'exp_20240619_200443', 'client_id': '0'}
[2024-06-19 20:06:02,273][root][INFO] - Added data to batch for client 0: {'round': 5, 'step_no': 529, 'loss': 0.07016906142234802, 'accuracy': 0.9545717835426331, 'l2_norm': 2.1382076740264893, 'computation_time': 0.03953099250793457, 'batch_time': 0.044009746074152645, 'rtc_check_time': 0.0034526000017649494, 'experiment_id': 'exp_20240619_200443', 'client_id': '0'}
[2024-06-19 20:06:02,274][root][INFO] - Added data to batch for client 0: {'round': 5, 'step_no': 530, 'loss': 0.19441503286361694, 'accuracy': 0.9538417458534241, 'l2_norm': 2.1624062061309814, 'computation_time': 0.042473793029785156, 'batch_time': 0.0452629982974031, 'rtc_check_time': 0.0016230999972322024, 'experiment_id': 'exp_20240619_200443', 'client_id': '0'}
[2024-06-19 20:06:02,275][root][INFO] - Added data to batch for client 0: {'round': 5, 'step_no': 531, 'loss': 0.03531744331121445, 'accuracy': 0.9542613625526428, 'l2_norm': 2.1573894023895264, 'computation_time': 0.041502952575683594, 'batch_time': 0.046137576922774315, 'rtc_check_time': 0.003531700000166893, 'experiment_id': 'exp_20240619_200443', 'client_id': '0'}
[2024-06-19 20:06:02,276][root][INFO] - Added data to batch for client 0: {'round': 5, 'step_no': 532, 'loss': 0.06060897186398506, 'accuracy': 0.9543918967247009, 'l2_norm': 2.1760528087615967, 'computation_time': 0.042697906494140625, 'batch_time': 0.04975336106872419, 'rtc_check_time': 0.005010300003050361, 'experiment_id': 'exp_20240619_200443', 'client_id': '0'}
[2024-06-19 20:06:02,277][root][INFO] - Added data to batch for client 0: {'round': 5, 'step_no': 533, 'loss': 0.11784987151622772, 'accuracy': 0.9545201063156128, 'l2_norm': 2.176440715789795, 'computation_time': 0.05840492248535156, 'batch_time': 0.06120062217087252, 'rtc_check_time': 0.0015985999998520128, 'experiment_id': 'exp_20240619_200443', 'client_id': '0'}
[2024-06-19 20:06:02,278][root][INFO] - Added data to batch for client 0: {'round': 5, 'step_no': 534, 'loss': 0.04001792520284653, 'accuracy': 0.9549225568771362, 'l2_norm': 2.193023681640625, 'computation_time': 0.04947519302368164, 'batch_time': 0.05221875111601548, 'rtc_check_time': 0.0014436999990721233, 'experiment_id': 'exp_20240619_200443', 'client_id': '0'}
[2024-06-19 20:06:02,279][root][INFO] - Added data to batch for client 0: {'round': 5, 'step_no': 535, 'loss': 0.1985238939523697, 'accuracy': 0.9550438523292542, 'l2_norm': 2.2233598232269287, 'computation_time': 0.03827500343322754, 'batch_time': 0.042392120987642556, 'rtc_check_time': 0.003019199997652322, 'experiment_id': 'exp_20240619_200443', 'client_id': '0'}
[2024-06-19 20:06:02,280][root][INFO] - Added data to batch for client 0: {'round': 5, 'step_no': 536, 'loss': 0.15434220433235168, 'accuracy': 0.9548913240432739, 'l2_norm': 2.2959275245666504, 'computation_time': 0.04202604293823242, 'batch_time': 0.044870922043628525, 'rtc_check_time': 0.0014908999946783297, 'experiment_id': 'exp_20240619_200443', 'client_id': '0'}
[2024-06-19 20:06:02,281][root][INFO] - Added data to batch for client 0: {'round': 5, 'step_no': 537, 'loss': 0.022783907130360603, 'accuracy': 0.9552801847457886, 'l2_norm': 2.3167824745178223, 'computation_time': 0.04439210891723633, 'batch_time': 0.05204507929738611, 'rtc_check_time': 0.005818100995384157, 'experiment_id': 'exp_20240619_200443', 'client_id': '0'}
[2024-06-19 20:06:02,282][root][INFO] - Added data to batch for client 0: {'round': 5, 'step_no': 538, 'loss': 0.157696932554245, 'accuracy': 0.9553952813148499, 'l2_norm': 2.3204047679901123, 'computation_time': 0.04178905487060547, 'batch_time': 0.04555762392556062, 'rtc_check_time': 0.0025667009977041744, 'experiment_id': 'exp_20240619_200443', 'client_id': '0'}
[2024-06-19 20:06:02,283][root][INFO] - Added data to batch for client 0: {'round': 5, 'step_no': 539, 'loss': 0.045747943222522736, 'accuracy': 0.9555084705352783, 'l2_norm': 2.3095364570617676, 'computation_time': 0.04076790809631348, 'batch_time': 0.04582628832577029, 'rtc_check_time': 0.0039185010027722456, 'experiment_id': 'exp_20240619_200443', 'client_id': '0'}
[2024-06-19 20:06:02,284][root][INFO] - Added data to batch for client 0: {'round': 5, 'step_no': 540, 'loss': 0.0702042430639267, 'accuracy': 0.955619752407074, 'l2_norm': 2.326436758041382, 'computation_time': 0.042449951171875, 'batch_time': 0.046480850207444746, 'rtc_check_time': 0.002872899996873457, 'experiment_id': 'exp_20240619_200443', 'client_id': '0'}
[2024-06-19 20:06:02,285][root][INFO] - Added data to batch for client 0: {'round': 5, 'step_no': 541, 'loss': 0.03677644580602646, 'accuracy': 0.9559895992279053, 'l2_norm': 2.3581490516662598, 'computation_time': 0.046694040298461914, 'batch_time': 0.049632513379037846, 'rtc_check_time': 0.001764499997079838, 'experiment_id': 'exp_20240619_200443', 'client_id': '0'}
[2024-06-19 20:06:02,286][root][INFO] - Added data to batch for client 0: {'round': 5, 'step_no': 542, 'loss': 0.3586968779563904, 'accuracy': 0.9555785059928894, 'l2_norm': 2.48356032371521, 'computation_time': 0.041079044342041016, 'batch_time': 0.044192435532750096, 'rtc_check_time': 0.00186360099905869, 'experiment_id': 'exp_20240619_200443', 'client_id': '0'}
[2024-06-19 20:06:02,287][root][INFO] - Added data to batch for client 0: {'round': 5, 'step_no': 543, 'loss': 0.14587810635566711, 'accuracy': 0.9554303288459778, 'l2_norm': 2.5054895877838135, 'computation_time': 0.04542708396911621, 'batch_time': 0.04963776978547685, 'rtc_check_time': 0.0020827999978791922, 'experiment_id': 'exp_20240619_200443', 'client_id': '0'}
[2024-06-19 20:06:02,288][root][INFO] - Added data to batch for client 0: {'round': 5, 'step_no': 544, 'loss': 0.13331559300422668, 'accuracy': 0.9555386304855347, 'l2_norm': 2.526841640472412, 'computation_time': 0.038433074951171875, 'batch_time': 0.0434304336013156, 'rtc_check_time': 0.003908500999386888, 'experiment_id': 'exp_20240619_200443', 'client_id': '0'}
[2024-06-19 20:06:02,289][root][INFO] - Added data to batch for client 0: {'round': 5, 'step_no': 545, 'loss': 0.13103033602237701, 'accuracy': 0.9556451439857483, 'l2_norm': 2.544360637664795, 'computation_time': 0.04474902153015137, 'batch_time': 0.05089704641432036, 'rtc_check_time': 0.0047919000062393025, 'experiment_id': 'exp_20240619_200443', 'client_id': '0'}
[2024-06-19 20:06:02,290][root][INFO] - Added data to batch for client 0: {'round': 5, 'step_no': 546, 'loss': 0.12766489386558533, 'accuracy': 0.9557499885559082, 'l2_norm': 2.5829904079437256, 'computation_time': 0.04045891761779785, 'batch_time': 0.04450057973735966, 'rtc_check_time': 0.002977600001031533, 'experiment_id': 'exp_20240619_200443', 'client_id': '0'}
[2024-06-19 20:06:02,291][root][INFO] - Added data to batch for client 0: {'round': 5, 'step_no': 547, 'loss': 0.20920202136039734, 'accuracy': 0.9558531641960144, 'l2_norm': 2.5892224311828613, 'computation_time': 0.0413510799407959, 'batch_time': 0.04456418163317721, 'rtc_check_time': 0.0018081010057358071, 'experiment_id': 'exp_20240619_200443', 'client_id': '0'}
[2024-06-19 20:06:02,292][root][INFO] - Added data to batch for client 0: {'round': 5, 'step_no': 548, 'loss': 0.3804550766944885, 'accuracy': 0.9552165269851685, 'l2_norm': 2.6929898262023926, 'computation_time': 0.04039311408996582, 'batch_time': 0.044900853783474304, 'rtc_check_time': 0.003361900002346374, 'experiment_id': 'exp_20240619_200443', 'client_id': '0'}
[2024-06-19 20:06:02,293][root][INFO] - Added data to batch for client 0: {'round': 5, 'step_no': 549, 'loss': 0.3031853437423706, 'accuracy': 0.954833984375, 'l2_norm': 2.701900005340576, 'computation_time': 0.054038047790527344, 'batch_time': 0.05751460370811401, 'rtc_check_time': 0.002073700998153072, 'experiment_id': 'exp_20240619_200443', 'client_id': '0'}
[2024-06-19 20:06:02,294][root][INFO] - Added data to batch for client 0: {'round': 5, 'step_no': 550, 'loss': 0.14687564969062805, 'accuracy': 0.9546996355056763, 'l2_norm': 2.780123233795166, 'computation_time': 0.04444408416748047, 'batch_time': 0.04841857938299654, 'rtc_check_time': 0.002752599997620564, 'experiment_id': 'exp_20240619_200443', 'client_id': '0'}
[2024-06-19 20:06:02,295][root][INFO] - Added data to batch for client 0: {'round': 5, 'step_no': 551, 'loss': 0.014250945299863815, 'accuracy': 0.9550480842590332, 'l2_norm': 2.77980375289917, 'computation_time': 0.04147505760192871, 'batch_time': 0.045878901350079104, 'rtc_check_time': 0.003146900999126956, 'experiment_id': 'exp_20240619_200443', 'client_id': '0'}
[2024-06-19 20:06:02,295][root][INFO] - Added data to batch for client 0: {'round': 5, 'step_no': 552, 'loss': 0.03707962483167648, 'accuracy': 0.955152690410614, 'l2_norm': 2.7829339504241943, 'computation_time': 0.047128915786743164, 'batch_time': 0.050387433875584975, 'rtc_check_time': 0.0019074000010732561, 'experiment_id': 'exp_20240619_200443', 'client_id': '0'}
[2024-06-19 20:06:02,296][root][INFO] - Added data to batch for client 0: {'round': 5, 'step_no': 553, 'loss': 0.2704540193080902, 'accuracy': 0.955018937587738, 'l2_norm': 2.819793939590454, 'computation_time': 0.04445815086364746, 'batch_time': 0.05525865848903777, 'rtc_check_time': 0.009257701000024099, 'experiment_id': 'exp_20240619_200443', 'client_id': '0'}
[2024-06-19 20:06:02,298][root][INFO] - Added data to batch for client 0: {'round': 5, 'step_no': 554, 'loss': 0.14478787779808044, 'accuracy': 0.955122172832489, 'l2_norm': 2.7969539165496826, 'computation_time': 0.04159808158874512, 'batch_time': 0.044401905935956165, 'rtc_check_time': 0.0017009000002872199, 'experiment_id': 'exp_20240619_200443', 'client_id': '0'}
[2024-06-19 20:06:02,298][root][INFO] - Added data to batch for client 0: {'round': 5, 'step_no': 555, 'loss': 0.04883170872926712, 'accuracy': 0.9554570913314819, 'l2_norm': 2.823378086090088, 'computation_time': 0.04564499855041504, 'batch_time': 0.04982163965178188, 'rtc_check_time': 0.0031667000002926216, 'experiment_id': 'exp_20240619_200443', 'client_id': '0'}
[2024-06-19 20:06:02,299][root][INFO] - Added data to batch for client 0: {'round': 5, 'step_no': 556, 'loss': 0.022257000207901, 'accuracy': 0.9557870626449585, 'l2_norm': 2.8255984783172607, 'computation_time': 0.04258418083190918, 'batch_time': 0.04518461437692167, 'rtc_check_time': 0.0014204999970388599, 'experiment_id': 'exp_20240619_200443', 'client_id': '0'}
[2024-06-19 20:06:02,300][root][INFO] - Added data to batch for client 0: {'round': 5, 'step_no': 557, 'loss': 0.07514595985412598, 'accuracy': 0.9558823704719543, 'l2_norm': 2.850989580154419, 'computation_time': 0.04631400108337402, 'batch_time': 0.05107902764575556, 'rtc_check_time': 0.002815001003909856, 'experiment_id': 'exp_20240619_200443', 'client_id': '0'}
[2024-06-19 20:06:02,301][root][INFO] - Added data to batch for client 0: {'round': 5, 'step_no': 558, 'loss': 0.17009533941745758, 'accuracy': 0.9555200934410095, 'l2_norm': 2.845838785171509, 'computation_time': 0.041777849197387695, 'batch_time': 0.04538571098964894, 'rtc_check_time': 0.002365700995142106, 'experiment_id': 'exp_20240619_200443', 'client_id': '0'}
[2024-06-19 20:06:02,302][root][INFO] - Added data to batch for client 0: {'round': 5, 'step_no': 559, 'loss': 0.2752378284931183, 'accuracy': 0.9551630616188049, 'l2_norm': 2.9370789527893066, 'computation_time': 0.04168200492858887, 'batch_time': 0.04536322619242128, 'rtc_check_time': 0.002433100002235733, 'experiment_id': 'exp_20240619_200443', 'client_id': '0'}
[2024-06-19 20:06:02,303][root][INFO] - Added data to batch for client 0: {'round': 5, 'step_no': 560, 'loss': 0.03229333460330963, 'accuracy': 0.9554855823516846, 'l2_norm': 2.9502763748168945, 'computation_time': 0.042016029357910156, 'batch_time': 0.047915271257807035, 'rtc_check_time': 0.0047174010032904334, 'experiment_id': 'exp_20240619_200443', 'client_id': '0'}
[2024-06-19 20:06:02,304][root][INFO] - Added data to batch for client 0: {'round': 5, 'step_no': 561, 'loss': 0.1953791081905365, 'accuracy': 0.9553571343421936, 'l2_norm': 2.9377973079681396, 'computation_time': 0.040817975997924805, 'batch_time': 0.04515237185842125, 'rtc_check_time': 0.0030733999956282787, 'experiment_id': 'exp_20240619_200443', 'client_id': '0'}
[2024-06-19 20:06:02,305][root][INFO] - Added data to batch for client 0: {'round': 5, 'step_no': 562, 'loss': 0.11150682717561722, 'accuracy': 0.9554521441459656, 'l2_norm': 2.973153591156006, 'computation_time': 0.041155099868774414, 'batch_time': 0.047294352581957355, 'rtc_check_time': 0.004980300000170246, 'experiment_id': 'exp_20240619_200443', 'client_id': '0'}
[2024-06-19 20:06:02,306][root][INFO] - Added data to batch for client 0: {'round': 5, 'step_no': 563, 'loss': 0.048095427453517914, 'accuracy': 0.9555457830429077, 'l2_norm': 2.973588228225708, 'computation_time': 0.045922040939331055, 'batch_time': 0.04988068871170981, 'rtc_check_time': 0.002729599997110199, 'experiment_id': 'exp_20240619_200443', 'client_id': '0'}
[2024-06-19 20:06:02,307][root][INFO] - Added data to batch for client 0: {'round': 5, 'step_no': 564, 'loss': 0.09581899642944336, 'accuracy': 0.9556381106376648, 'l2_norm': 2.979687452316284, 'computation_time': 0.0409700870513916, 'batch_time': 0.04869582236278802, 'rtc_check_time': 0.0065128999995067716, 'experiment_id': 'exp_20240619_200443', 'client_id': '0'}
[2024-06-19 20:06:02,308][root][INFO] - Added data to batch for client 0: {'round': 5, 'step_no': 565, 'loss': 0.018264267593622208, 'accuracy': 0.9559462070465088, 'l2_norm': 2.9718921184539795, 'computation_time': 0.04693293571472168, 'batch_time': 0.05242884559993399, 'rtc_check_time': 0.004221800998493563, 'experiment_id': 'exp_20240619_200443', 'client_id': '0'}
[2024-06-19 20:06:02,309][root][INFO] - Added data to batch for client 0: {'round': 5, 'step_no': 566, 'loss': 0.06726406514644623, 'accuracy': 0.9560344815254211, 'l2_norm': 2.996210813522339, 'computation_time': 0.04481983184814453, 'batch_time': 0.04746800884458935, 'rtc_check_time': 0.001495900003646966, 'experiment_id': 'exp_20240619_200443', 'client_id': '0'}
[2024-06-19 20:06:02,310][root][INFO] - Added data to batch for client 0: {'round': 5, 'step_no': 567, 'loss': 0.1644914150238037, 'accuracy': 0.9559075236320496, 'l2_norm': 3.046659469604492, 'computation_time': 0.04912090301513672, 'batch_time': 0.052570349820598494, 'rtc_check_time': 0.00208140099857701, 'experiment_id': 'exp_20240619_200443', 'client_id': '0'}
[2024-06-19 20:06:02,311][root][INFO] - Added data to batch for client 0: {'round': 5, 'step_no': 568, 'loss': 0.3513562083244324, 'accuracy': 0.9553571343421936, 'l2_norm': 3.159243106842041, 'computation_time': 0.04782891273498535, 'batch_time': 0.05560493873053929, 'rtc_check_time': 0.00642610000068089, 'experiment_id': 'exp_20240619_200443', 'client_id': '0'}
[2024-06-19 20:06:02,312][root][INFO] - Added data to batch for client 0: {'round': 5, 'step_no': 569, 'loss': 0.12411867082118988, 'accuracy': 0.9554476141929626, 'l2_norm': 3.162860155105591, 'computation_time': 0.05459308624267578, 'batch_time': 0.05810235463286517, 'rtc_check_time': 0.0018823000064003281, 'experiment_id': 'exp_20240619_200443', 'client_id': '0'}
[2024-06-19 20:06:02,313][root][INFO] - Added data to batch for client 0: {'round': 5, 'step_no': 570, 'loss': 0.030415669083595276, 'accuracy': 0.9557466506958008, 'l2_norm': 3.1578545570373535, 'computation_time': 0.04683685302734375, 'batch_time': 0.054082264883618336, 'rtc_check_time': 0.005902400000195485, 'experiment_id': 'exp_20240619_200443', 'client_id': '0'}
[2024-06-19 20:06:02,314][root][INFO] - Added data to batch for client 0: {'round': 5, 'step_no': 571, 'loss': 0.09866438806056976, 'accuracy': 0.9558333158493042, 'l2_norm': 3.18316650390625, 'computation_time': 0.04599285125732422, 'batch_time': 0.04898516255343566, 'rtc_check_time': 0.0016461999985040165, 'experiment_id': 'exp_20240619_200443', 'client_id': '0'}
[2024-06-19 20:06:02,315][root][INFO] - Added data to batch for client 0: {'round': 5, 'step_no': 572, 'loss': 0.03863421455025673, 'accuracy': 0.9559188485145569, 'l2_norm': 3.1930999755859375, 'computation_time': 0.0557248592376709, 'batch_time': 0.0588203674487886, 'rtc_check_time': 0.00160419999883743, 'experiment_id': 'exp_20240619_200443', 'client_id': '0'}
[2024-06-19 20:06:02,316][root][INFO] - Added data to batch for client 0: {'round': 5, 'step_no': 573, 'loss': 0.22140732407569885, 'accuracy': 0.9557976722717285, 'l2_norm': 3.2222774028778076, 'computation_time': 0.04750394821166992, 'batch_time': 0.052121574655757286, 'rtc_check_time': 0.002453501001582481, 'experiment_id': 'exp_20240619_200443', 'client_id': '0'}
[2024-06-19 20:06:02,317][root][INFO] - Added data to batch for client 0: {'round': 5, 'step_no': 574, 'loss': 0.18229061365127563, 'accuracy': 0.9556781053543091, 'l2_norm': 3.2842020988464355, 'computation_time': 0.042997121810913086, 'batch_time': 0.04836652417725418, 'rtc_check_time': 0.004181601005257107, 'experiment_id': 'exp_20240619_200443', 'client_id': '0'}
[2024-06-19 20:06:02,318][root][INFO] - Added data to batch for client 0: {'round': 5, 'step_no': 575, 'loss': 0.2636861205101013, 'accuracy': 0.9555600881576538, 'l2_norm': 3.319194793701172, 'computation_time': 0.048316001892089844, 'batch_time': 0.05191454813757446, 'rtc_check_time': 0.0020194999960949644, 'experiment_id': 'exp_20240619_200443', 'client_id': '0'}
[2024-06-19 20:06:02,319][root][INFO] - Added data to batch for client 0: {'round': 5, 'step_no': 576, 'loss': 0.11605564504861832, 'accuracy': 0.9554435610771179, 'l2_norm': 3.293806552886963, 'computation_time': 0.04092884063720703, 'batch_time': 0.04349967130110599, 'rtc_check_time': 0.001417599996784702, 'experiment_id': 'exp_20240619_200443', 'client_id': '0'}
[2024-06-19 20:06:02,320][root][INFO] - Added data to batch for client 0: {'round': 5, 'step_no': 577, 'loss': 0.023967580869793892, 'accuracy': 0.9557291865348816, 'l2_norm': 3.291797637939453, 'computation_time': 0.04109311103820801, 'batch_time': 0.04707147788576549, 'rtc_check_time': 0.004812499995750841, 'experiment_id': 'exp_20240619_200443', 'client_id': '0'}
[2024-06-19 20:06:02,321][root][INFO] - Added data to batch for client 0: {'round': 5, 'step_no': 578, 'loss': 0.06654314696788788, 'accuracy': 0.956011176109314, 'l2_norm': 3.3144075870513916, 'computation_time': 0.04170799255371094, 'batch_time': 0.04576614109100774, 'rtc_check_time': 0.003004099999088794, 'experiment_id': 'exp_20240619_200443', 'client_id': '0'}
[2024-06-19 20:06:02,322][root][INFO] - Added data to batch for client 0: {'round': 5, 'step_no': 579, 'loss': 0.2728101313114166, 'accuracy': 0.9554983973503113, 'l2_norm': 3.358128070831299, 'computation_time': 0.0413508415222168, 'batch_time': 0.04529711525538005, 'rtc_check_time': 0.0027332000026945025, 'experiment_id': 'exp_20240619_200443', 'client_id': '0'}
[2024-06-19 20:06:02,323][root][INFO] - Added data to batch for client 0: {'round': 5, 'step_no': 580, 'loss': 0.18041369318962097, 'accuracy': 0.9551886916160583, 'l2_norm': 3.4076015949249268, 'computation_time': 0.04185605049133301, 'batch_time': 0.04516459359729197, 'rtc_check_time': 0.0020907010039081797, 'experiment_id': 'exp_20240619_200443', 'client_id': '0'}
[2024-06-19 20:06:02,324][root][INFO] - Added data to batch for client 0: {'round': 5, 'step_no': 581, 'loss': 0.24338214099407196, 'accuracy': 0.954882800579071, 'l2_norm': 3.431375026702881, 'computation_time': 0.04051494598388672, 'batch_time': 0.04447019813960651, 'rtc_check_time': 0.002793200001178775, 'experiment_id': 'exp_20240619_200443', 'client_id': '0'}
[2024-06-19 20:06:02,325][root][INFO] - Added data to batch for client 0: {'round': 5, 'step_no': 582, 'loss': 0.0959981232881546, 'accuracy': 0.9549689292907715, 'l2_norm': 3.4246881008148193, 'computation_time': 0.03806591033935547, 'batch_time': 0.04220802798954537, 'rtc_check_time': 0.0030020000049262308, 'experiment_id': 'exp_20240619_200443', 'client_id': '0'}
[2024-06-19 20:06:02,326][root][INFO] - Added data to batch for client 0: {'round': 5, 'step_no': 583, 'loss': 0.20699931681156158, 'accuracy': 0.9548611044883728, 'l2_norm': 3.4513089656829834, 'computation_time': 0.04239821434020996, 'batch_time': 0.05239758966490626, 'rtc_check_time': 0.008234601002186537, 'experiment_id': 'exp_20240619_200443', 'client_id': '0'}
[2024-06-19 20:06:02,327][root][INFO] - Added data to batch for client 0: {'round': 5, 'step_no': 584, 'loss': 0.01479820255190134, 'accuracy': 0.9551380276679993, 'l2_norm': 3.451138973236084, 'computation_time': 0.04012703895568848, 'batch_time': 0.04542459760705242, 'rtc_check_time': 0.004208701000607107, 'experiment_id': 'exp_20240619_200443', 'client_id': '0'}
[2024-06-19 20:06:02,328][root][INFO] - Added data to batch for client 0: {'round': 5, 'step_no': 585, 'loss': 0.03400731459259987, 'accuracy': 0.9554116129875183, 'l2_norm': 3.467910051345825, 'computation_time': 0.04010009765625, 'batch_time': 0.045032729700324126, 'rtc_check_time': 0.003866900995490141, 'experiment_id': 'exp_20240619_200443', 'client_id': '0'}
[2024-06-19 20:06:02,329][root][INFO] - Added data to batch for client 0: {'round': 5, 'step_no': 586, 'loss': 0.08715547621250153, 'accuracy': 0.9553030133247375, 'l2_norm': 3.500584840774536, 'computation_time': 0.0423581600189209, 'batch_time': 0.04514612073398894, 'rtc_check_time': 0.0015880000064498745, 'experiment_id': 'exp_20240619_200443', 'client_id': '0'}
[2024-06-19 20:06:02,330][root][INFO] - Added data to batch for client 0: {'round': 5, 'step_no': 587, 'loss': 0.2891664206981659, 'accuracy': 0.9553840160369873, 'l2_norm': 3.5762593746185303, 'computation_time': 0.046195030212402344, 'batch_time': 0.048568806261755526, 'rtc_check_time': 0.0013388009974732995, 'experiment_id': 'exp_20240619_200443', 'client_id': '0'}
[2024-06-19 20:06:02,331][root][INFO] - Added data to batch for client 0: {'round': 5, 'step_no': 588, 'loss': 0.07981114089488983, 'accuracy': 0.9552769660949707, 'l2_norm': 3.5837512016296387, 'computation_time': 0.04097700119018555, 'batch_time': 0.04393767110013869, 'rtc_check_time': 0.001683700000285171, 'experiment_id': 'exp_20240619_200443', 'client_id': '0'}
[2024-06-19 20:06:02,332][root][INFO] - Added data to batch for client 0: {'round': 5, 'step_no': 589, 'loss': 0.10104717314243317, 'accuracy': 0.9553571343421936, 'l2_norm': 3.5907013416290283, 'computation_time': 0.04517102241516113, 'batch_time': 0.04788876340171555, 'rtc_check_time': 0.0014937000014469959, 'experiment_id': 'exp_20240619_200443', 'client_id': '0'}
[2024-06-19 20:06:02,333][root][INFO] - Added data to batch for client 0: {'round': 5, 'step_no': 590, 'loss': 0.023092428222298622, 'accuracy': 0.9556213021278381, 'l2_norm': 3.5966320037841797, 'computation_time': 0.0436398983001709, 'batch_time': 0.04636586729611736, 'rtc_check_time': 0.0016146999987540767, 'experiment_id': 'exp_20240619_200443', 'client_id': '0'}
[2024-06-19 20:06:02,334][root][INFO] - Added data to batch for client 0: {'round': 5, 'step_no': 591, 'loss': 0.16362127661705017, 'accuracy': 0.955698549747467, 'l2_norm': 3.636218547821045, 'computation_time': 0.04187178611755371, 'batch_time': 0.04483492125291377, 'rtc_check_time': 0.0018347000004723668, 'experiment_id': 'exp_20240619_200443', 'client_id': '0'}
[2024-06-19 20:06:02,335][root][INFO] - Added data to batch for client 0: {'round': 5, 'step_no': 592, 'loss': 0.05268668010830879, 'accuracy': 0.9559575915336609, 'l2_norm': 3.6528830528259277, 'computation_time': 0.0420680046081543, 'batch_time': 0.04732565656013321, 'rtc_check_time': 0.003923700001905672, 'experiment_id': 'exp_20240619_200443', 'client_id': '0'}
[2024-06-19 20:06:02,336][root][INFO] - Added data to batch for client 0: {'round': 5, 'step_no': 593, 'loss': 0.010987691581249237, 'accuracy': 0.956213653087616, 'l2_norm': 3.6514029502868652, 'computation_time': 0.042758941650390625, 'batch_time': 0.047246808622730896, 'rtc_check_time': 0.0029329009994398803, 'experiment_id': 'exp_20240619_200443', 'client_id': '0'}
[2024-06-19 20:06:02,337][root][INFO] - Added data to batch for client 0: {'round': 5, 'step_no': 594, 'loss': 0.07273151725530624, 'accuracy': 0.9562861323356628, 'l2_norm': 3.676356315612793, 'computation_time': 0.04168105125427246, 'batch_time': 0.044994198382482864, 'rtc_check_time': 0.0021231999999145046, 'experiment_id': 'exp_20240619_200443', 'client_id': '0'}
[2024-06-19 20:06:02,338][root][INFO] - Added data to batch for client 0: {'round': 5, 'step_no': 595, 'loss': 0.05371277779340744, 'accuracy': 0.9563577771186829, 'l2_norm': 3.674717664718628, 'computation_time': 0.040573835372924805, 'batch_time': 0.04728691951459041, 'rtc_check_time': 0.005387000004702713, 'experiment_id': 'exp_20240619_200443', 'client_id': '0'}
[2024-06-19 20:06:02,339][root][INFO] - Added data to batch for client 0: {'round': 5, 'step_no': 596, 'loss': 0.02366473339498043, 'accuracy': 0.9566071629524231, 'l2_norm': 3.6803958415985107, 'computation_time': 0.03860783576965332, 'batch_time': 0.051661460085597355, 'rtc_check_time': 0.01190230099746259, 'experiment_id': 'exp_20240619_200443', 'client_id': '0'}
[2024-06-19 20:06:02,340][root][INFO] - Added data to batch for client 0: {'round': 5, 'step_no': 597, 'loss': 0.0174025259912014, 'accuracy': 0.9568536877632141, 'l2_norm': 3.6865055561065674, 'computation_time': 0.04095911979675293, 'batch_time': 0.044827586330939084, 'rtc_check_time': 0.0023166000028140843, 'experiment_id': 'exp_20240619_200443', 'client_id': '0'}
[2024-06-19 20:06:02,341][root][INFO] - Added data to batch for client 0: {'round': 5, 'step_no': 598, 'loss': 0.25286293029785156, 'accuracy': 0.9569209218025208, 'l2_norm': 3.713629961013794, 'computation_time': 0.042359113693237305, 'batch_time': 0.04517476478940807, 'rtc_check_time': 0.0015568009985145181, 'experiment_id': 'exp_20240619_200443', 'client_id': '0'}
[2024-06-19 20:06:02,342][root][INFO] - Added data to batch for client 0: {'round': 5, 'step_no': 599, 'loss': 0.07204699516296387, 'accuracy': 0.9569873809814453, 'l2_norm': 3.750763177871704, 'computation_time': 0.04497194290161133, 'batch_time': 0.047671670305135194, 'rtc_check_time': 0.0014856999987387098, 'experiment_id': 'exp_20240619_200443', 'client_id': '0'}
[2024-06-19 20:06:02,343][root][INFO] - Added data to batch for client 0: {'round': 5, 'step_no': 600, 'loss': 0.03469567745923996, 'accuracy': 0.9572276473045349, 'l2_norm': 3.7567362785339355, 'computation_time': 0.038722991943359375, 'batch_time': 0.04310454466030933, 'rtc_check_time': 0.0032226000039372593, 'experiment_id': 'exp_20240619_200443', 'client_id': '0'}
[2024-06-19 20:06:02,344][root][INFO] - Added data to batch for client 0: {'round': 5, 'step_no': 601, 'loss': 0.11987452208995819, 'accuracy': 0.9572916626930237, 'l2_norm': 3.8505170345306396, 'computation_time': 0.04133796691894531, 'batch_time': 0.045771885677822866, 'rtc_check_time': 0.003299999996670522, 'experiment_id': 'exp_20240619_200443', 'client_id': '0'}
[2024-06-19 20:06:02,345][root][INFO] - Added data to batch for client 0: {'round': 5, 'step_no': 602, 'loss': 0.2804511785507202, 'accuracy': 0.9566643834114075, 'l2_norm': 3.9180517196655273, 'computation_time': 0.04072403907775879, 'batch_time': 0.0440985147797619, 'rtc_check_time': 0.002300400003150571, 'experiment_id': 'exp_20240619_200443', 'client_id': '0'}
[2024-06-19 20:06:02,346][root][INFO] - Added data to batch for client 0: {'round': 5, 'step_no': 603, 'loss': 0.15399345755577087, 'accuracy': 0.9565590620040894, 'l2_norm': 3.934903621673584, 'computation_time': 0.04277205467224121, 'batch_time': 0.04929247287509497, 'rtc_check_time': 0.00538339999911841, 'experiment_id': 'exp_20240619_200443', 'client_id': '0'}
[2024-06-19 20:06:02,348][root][INFO] - Added data to batch for client 0: {'round': 5, 'step_no': 604, 'loss': 0.2132752686738968, 'accuracy': 0.9566256999969482, 'l2_norm': 3.9214425086975098, 'computation_time': 0.039008140563964844, 'batch_time': 0.04148733095644275, 'rtc_check_time': 0.0014012999963597395, 'experiment_id': 'exp_20240619_200443', 'client_id': '0'}
[2024-06-19 20:06:02,348][root][INFO] - Added data to batch for client 0: {'round': 5, 'step_no': 605, 'loss': 0.03036418929696083, 'accuracy': 0.956691563129425, 'l2_norm': 3.9199469089508057, 'computation_time': 0.04239916801452637, 'batch_time': 0.04598210629046662, 'rtc_check_time': 0.0023011999946902506, 'experiment_id': 'exp_20240619_200443', 'client_id': '0'}
[2024-06-19 20:06:02,349][root][INFO] - Added data to batch for client 0: {'round': 5, 'step_no': 606, 'loss': 0.14236420392990112, 'accuracy': 0.9567567706108093, 'l2_norm': 3.9422051906585693, 'computation_time': 0.044120073318481445, 'batch_time': 0.04742791486205533, 'rtc_check_time': 0.0020868999999947846, 'experiment_id': 'exp_20240619_200443', 'client_id': '0'}
[2024-06-19 20:06:02,350][root][INFO] - Added data to batch for client 0: {'round': 5, 'step_no': 607, 'loss': 0.03122820518910885, 'accuracy': 0.9569892287254333, 'l2_norm': 3.956939935684204, 'computation_time': 0.039154052734375, 'batch_time': 0.044965497800149024, 'rtc_check_time': 0.004732600995339453, 'experiment_id': 'exp_20240619_200443', 'client_id': '0'}
[2024-06-19 20:06:02,351][root][INFO] - Added data to batch for client 0: {'round': 5, 'step_no': 608, 'loss': 0.13748003542423248, 'accuracy': 0.956885039806366, 'l2_norm': 3.9653096199035645, 'computation_time': 0.044879913330078125, 'batch_time': 0.051062770864518825, 'rtc_check_time': 0.004879899999650661, 'experiment_id': 'exp_20240619_200443', 'client_id': '0'}
[2024-06-19 20:06:02,352][root][INFO] - Added data to batch for client 0: {'round': 5, 'step_no': 609, 'loss': 0.08717472851276398, 'accuracy': 0.9569481611251831, 'l2_norm': 3.967275857925415, 'computation_time': 0.04860401153564453, 'batch_time': 0.05108571828168351, 'rtc_check_time': 0.0013609010056825355, 'experiment_id': 'exp_20240619_200443', 'client_id': '0'}
[2024-06-19 20:06:02,353][root][INFO] - Added data to batch for client 0: {'round': 5, 'step_no': 610, 'loss': 0.05253659933805466, 'accuracy': 0.9571759104728699, 'l2_norm': 3.9821128845214844, 'computation_time': 0.04084420204162598, 'batch_time': 0.04344542080798419, 'rtc_check_time': 0.0014673000041511841, 'experiment_id': 'exp_20240619_200443', 'client_id': '0'}
[2024-06-19 20:06:02,354][root][INFO] - Added data to batch for client 0: {'round': 5, 'step_no': 611, 'loss': 0.06330012530088425, 'accuracy': 0.9572368264198303, 'l2_norm': 3.98130464553833, 'computation_time': 0.043276071548461914, 'batch_time': 0.04623932229151251, 'rtc_check_time': 0.0016652999984216876, 'experiment_id': 'exp_20240619_200443', 'client_id': '0'}
[2024-06-19 20:06:02,355][root][INFO] - Added data to batch for client 0: {'round': 5, 'step_no': 612, 'loss': 0.008112185634672642, 'accuracy': 0.9574607610702515, 'l2_norm': 3.9824297428131104, 'computation_time': 0.040862083435058594, 'batch_time': 0.04441621007572394, 'rtc_check_time': 0.0021650999988196418, 'experiment_id': 'exp_20240619_200443', 'client_id': '0'}
[2024-06-19 20:06:02,356][root][INFO] - Added data to batch for client 0: {'round': 5, 'step_no': 613, 'loss': 0.1059768870472908, 'accuracy': 0.95751953125, 'l2_norm': 4.039149284362793, 'computation_time': 0.054972171783447266, 'batch_time': 0.062097155074297916, 'rtc_check_time': 0.005874001006304752, 'experiment_id': 'exp_20240619_200443', 'client_id': '0'}
[2024-06-19 20:06:02,357][root][INFO] - Added data to batch for client 0: {'round': 5, 'step_no': 614, 'loss': 0.1642732471227646, 'accuracy': 0.9574158191680908, 'l2_norm': 4.089229106903076, 'computation_time': 0.04861712455749512, 'batch_time': 0.05287367288838141, 'rtc_check_time': 0.003030599997146055, 'experiment_id': 'exp_20240619_200443', 'client_id': '0'}
[2024-06-19 20:06:02,359][root][INFO] - Added data to batch for client 0: {'round': 5, 'step_no': 615, 'loss': 0.09334135055541992, 'accuracy': 0.9574742317199707, 'l2_norm': 4.124931812286377, 'computation_time': 0.04408001899719238, 'batch_time': 0.04691756427200744, 'rtc_check_time': 0.0017226999989361502, 'experiment_id': 'exp_20240619_200443', 'client_id': '0'}
[2024-06-19 20:06:02,361][root][INFO] - Added data to batch for client 0: {'round': 5, 'step_no': 616, 'loss': 0.06970803439617157, 'accuracy': 0.9575320482254028, 'l2_norm': 4.188722610473633, 'computation_time': 0.0548710823059082, 'batch_time': 0.06028034019982442, 'rtc_check_time': 0.003334300999995321, 'experiment_id': 'exp_20240619_200443', 'client_id': '0'}
[2024-06-19 20:06:02,362][root][INFO] - Added data to batch for client 0: {'round': 5, 'step_no': 617, 'loss': 0.07716409862041473, 'accuracy': 0.9575892686843872, 'l2_norm': 4.197420120239258, 'computation_time': 0.04051709175109863, 'batch_time': 0.05383155763411196, 'rtc_check_time': 0.012217502000567038, 'experiment_id': 'exp_20240619_200443', 'client_id': '0'}
[2024-06-19 20:06:02,363][root][INFO] - Added data to batch for client 0: {'round': 5, 'step_no': 618, 'loss': 0.4388691484928131, 'accuracy': 0.9573286771774292, 'l2_norm': 4.185988426208496, 'computation_time': 0.04168200492858887, 'batch_time': 0.04641147286747582, 'rtc_check_time': 0.003521400998579338, 'experiment_id': 'exp_20240619_200443', 'client_id': '0'}
[2024-06-19 20:06:02,364][root][INFO] - Added data to batch for client 0: {'round': 5, 'step_no': 619, 'loss': 0.01914440095424652, 'accuracy': 0.957544207572937, 'l2_norm': 4.186219215393066, 'computation_time': 0.05036592483520508, 'batch_time': 0.05530226538394345, 'rtc_check_time': 0.003112200000032317, 'experiment_id': 'exp_20240619_200443', 'client_id': '0'}
[2024-06-19 20:06:02,365][root][INFO] - Added data to batch for client 0: {'round': 5, 'step_no': 620, 'loss': 0.044191874563694, 'accuracy': 0.9577575325965881, 'l2_norm': 4.220215320587158, 'computation_time': 0.04132509231567383, 'batch_time': 0.0445708019688027, 'rtc_check_time': 0.0021466000034706667, 'experiment_id': 'exp_20240619_200443', 'client_id': '0'}
[2024-06-19 20:06:02,366][root][INFO] - Added data to batch for client 0: {'round': 5, 'step_no': 621, 'loss': 0.01308270264416933, 'accuracy': 0.9579687714576721, 'l2_norm': 4.219728469848633, 'computation_time': 0.04068112373352051, 'batch_time': 0.044293892999121454, 'rtc_check_time': 0.0023749000029056333, 'experiment_id': 'exp_20240619_200443', 'client_id': '0'}
[2024-06-19 20:06:02,367][root][INFO] - Added data to batch for client 0: {'round': 5, 'step_no': 622, 'loss': 0.015404113568365574, 'accuracy': 0.9581778645515442, 'l2_norm': 4.222531795501709, 'computation_time': 0.0409698486328125, 'batch_time': 0.045419368776492774, 'rtc_check_time': 0.003195199999026954, 'experiment_id': 'exp_20240619_200443', 'client_id': '0'}
[2024-06-19 20:06:02,368][root][INFO] - Added data to batch for client 0: {'round': 5, 'step_no': 623, 'loss': 0.015399426221847534, 'accuracy': 0.9583848714828491, 'l2_norm': 4.233837604522705, 'computation_time': 0.048635005950927734, 'batch_time': 0.05112128341716016, 'rtc_check_time': 0.001379300003463868, 'experiment_id': 'exp_20240619_200443', 'client_id': '0'}
[2024-06-19 20:06:02,369][root][INFO] - Added data to batch for client 0: {'round': 5, 'step_no': 624, 'loss': 0.2602127492427826, 'accuracy': 0.9581280946731567, 'l2_norm': 4.3502984046936035, 'computation_time': 0.03719496726989746, 'batch_time': 0.04071961589943385, 'rtc_check_time': 0.002428400002827402, 'experiment_id': 'exp_20240619_200443', 'client_id': '0'}
[2024-06-19 20:06:02,370][root][INFO] - Added data to batch for client 0: {'round': 5, 'step_no': 625, 'loss': 0.06976430118083954, 'accuracy': 0.9581801295280457, 'l2_norm': 4.364837646484375, 'computation_time': 0.04658985137939453, 'batch_time': 0.05273958566249348, 'rtc_check_time': 0.004888499999651685, 'experiment_id': 'exp_20240619_200443', 'client_id': '0'}
[2024-06-19 20:06:02,371][root][INFO] - Added data to batch for client 0: {'round': 5, 'step_no': 626, 'loss': 0.12514157593250275, 'accuracy': 0.9580792784690857, 'l2_norm': 4.407642841339111, 'computation_time': 0.04255104064941406, 'batch_time': 0.055764578813978005, 'rtc_check_time': 0.011925601000257302, 'experiment_id': 'exp_20240619_200443', 'client_id': '0'}
[2024-06-19 20:06:02,372][root][INFO] - Added data to batch for client 0: {'round': 5, 'step_no': 627, 'loss': 0.2162560224533081, 'accuracy': 0.9579793810844421, 'l2_norm': 4.459726810455322, 'computation_time': 0.04614710807800293, 'batch_time': 0.04989699192083208, 'rtc_check_time': 0.002502000999811571, 'experiment_id': 'exp_20240619_200443', 'client_id': '0'}
[2024-06-19 20:06:02,373][root][INFO] - Added data to batch for client 0: {'round': 5, 'step_no': 628, 'loss': 0.20942652225494385, 'accuracy': 0.9577294588088989, 'l2_norm': 4.558508396148682, 'computation_time': 0.03999900817871094, 'batch_time': 0.04467401083820732, 'rtc_check_time': 0.0036169010054436512, 'experiment_id': 'exp_20240619_200443', 'client_id': '0'}
[2024-06-19 20:06:02,374][root][INFO] - Added data to batch for client 0: {'round': 5, 'step_no': 629, 'loss': 0.09159327298402786, 'accuracy': 0.9576321840286255, 'l2_norm': 4.559581756591797, 'computation_time': 0.03800797462463379, 'batch_time': 0.04220393795549171, 'rtc_check_time': 0.003095900006883312, 'experiment_id': 'exp_20240619_200443', 'client_id': '0'}
[2024-06-19 20:06:02,375][root][INFO] - Added data to batch for client 0: {'round': 5, 'step_no': 630, 'loss': 0.035230088979005814, 'accuracy': 0.9578348994255066, 'l2_norm': 4.575625896453857, 'computation_time': 0.044146060943603516, 'batch_time': 0.04771044704830274, 'rtc_check_time': 0.0023772999993525445, 'experiment_id': 'exp_20240619_200443', 'client_id': '0'}
[2024-06-19 20:06:02,376][root][INFO] - Added data to batch for client 0: {'round': 5, 'step_no': 631, 'loss': 0.37003815174102783, 'accuracy': 0.9575892686843872, 'l2_norm': 4.7127532958984375, 'computation_time': 0.041526079177856445, 'batch_time': 0.04490679476293735, 'rtc_check_time': 0.0021437999967020005, 'experiment_id': 'exp_20240619_200443', 'client_id': '0'}
[2024-06-19 20:06:02,376][root][INFO] - Added data to batch for client 0: {'round': 5, 'step_no': 632, 'loss': 0.24057787656784058, 'accuracy': 0.9571978449821472, 'l2_norm': 4.7209882736206055, 'computation_time': 0.04633903503417969, 'batch_time': 0.052476272750936914, 'rtc_check_time': 0.005060300994955469, 'experiment_id': 'exp_20240619_200443', 'client_id': '0'}
[2024-06-19 20:06:02,377][root][INFO] - Added data to batch for client 0: {'round': 5, 'step_no': 633, 'loss': 0.13209637999534607, 'accuracy': 0.9571049809455872, 'l2_norm': 4.732669353485107, 'computation_time': 0.04793500900268555, 'batch_time': 0.052468154921371024, 'rtc_check_time': 0.0033791999958339147, 'experiment_id': 'exp_20240619_200443', 'client_id': '0'}
[2024-06-19 20:06:02,378][root][INFO] - Added data to batch for client 0: {'round': 5, 'step_no': 634, 'loss': 0.29882076382637024, 'accuracy': 0.9568662047386169, 'l2_norm': 4.761305809020996, 'computation_time': 0.0408329963684082, 'batch_time': 0.046286377240903676, 'rtc_check_time': 0.004274400998838246, 'experiment_id': 'exp_20240619_200443', 'client_id': '0'}
[2024-06-19 20:06:02,379][root][INFO] - Added data to batch for client 0: {'round': 5, 'step_no': 635, 'loss': 0.2353508323431015, 'accuracy': 0.9566296935081482, 'l2_norm': 4.797454357147217, 'computation_time': 0.04444622993469238, 'batch_time': 0.04715360301634064, 'rtc_check_time': 0.0015333999981521629, 'experiment_id': 'exp_20240619_200443', 'client_id': '0'}
[2024-06-19 20:06:02,380][root][INFO] - Added data to batch for client 0: {'round': 5, 'step_no': 636, 'loss': 0.08127770572900772, 'accuracy': 0.9566860198974609, 'l2_norm': 4.822941780090332, 'computation_time': 0.044705867767333984, 'batch_time': 0.051789526507491246, 'rtc_check_time': 0.005952601000899449, 'experiment_id': 'exp_20240619_200443', 'client_id': '0'}
[2024-06-19 20:06:02,382][root][INFO] - Added data to batch for client 0: {'round': 5, 'step_no': 637, 'loss': 0.12326406687498093, 'accuracy': 0.9565972089767456, 'l2_norm': 4.850910663604736, 'computation_time': 0.04613518714904785, 'batch_time': 0.05026535150682321, 'rtc_check_time': 0.002267399999254849, 'experiment_id': 'exp_20240619_200443', 'client_id': '0'}
[2024-06-19 20:06:02,383][root][INFO] - Added data to batch for client 0: {'round': 5, 'step_no': 638, 'loss': 0.2968412935733795, 'accuracy': 0.9563652276992798, 'l2_norm': 4.8413238525390625, 'computation_time': 0.04129815101623535, 'batch_time': 0.04566723245079629, 'rtc_check_time': 0.0031932010024320334, 'experiment_id': 'exp_20240619_200443', 'client_id': '0'}
[2024-06-19 20:06:02,384][root][INFO] - Added data to batch for client 0: {'round': 5, 'step_no': 639, 'loss': 0.07894084602594376, 'accuracy': 0.9564220309257507, 'l2_norm': 4.843015193939209, 'computation_time': 0.04136395454406738, 'batch_time': 0.0438865117248497, 'rtc_check_time': 0.0013883999999961816, 'experiment_id': 'exp_20240619_200443', 'client_id': '0'}
[2024-06-19 20:06:02,385][root][INFO] - Added data to batch for client 0: {'round': 5, 'step_no': 640, 'loss': 0.04755030572414398, 'accuracy': 0.9564782977104187, 'l2_norm': 4.853991985321045, 'computation_time': 0.0420072078704834, 'batch_time': 0.04722482513898285, 'rtc_check_time': 0.003990000004705507, 'experiment_id': 'exp_20240619_200443', 'client_id': '0'}
[2024-06-19 20:06:02,386][root][INFO] - Added data to batch for client 0: {'round': 5, 'step_no': 641, 'loss': 0.1945405900478363, 'accuracy': 0.9563920497894287, 'l2_norm': 4.885921001434326, 'computation_time': 0.04211711883544922, 'batch_time': 0.045862407263484783, 'rtc_check_time': 0.0025284000003011897, 'experiment_id': 'exp_20240619_200443', 'client_id': '0'}
[2024-06-19 20:06:02,386][root][INFO] - Added batch data list for client 0. New Data Added: 220
[2024-06-19 20:06:02,392][root][INFO] - Batch data saved to /home/psklavos/fl/geom_aio/csv_logs/exp_20240619_200443/clients/client_0/batch.csv
[2024-06-19 20:06:02,394][root][INFO] - Added data to epoch for client 2: {'round': 5, 'epoch_steps': 220, 'total_steps': 641, 'l2_norm': 5.319919586181641, 'total_computation_time': 10.888653993606567, 'total_rtc_check_time': 0.8802617969631683, 'total_duration': 12.541245937347412, 'val_loss': 0.10427333414554596, 'val_accuracy': 0.9704999923706055, 'experiment_id': 'exp_20240619_200443', 'client_id': '2'}
[2024-06-19 20:06:02,394][root][INFO] - Added epoch data for client 2: {'round': 5, 'epoch_steps': 220, 'total_steps': 641, 'l2_norm': 5.319919586181641, 'total_computation_time': 10.888653993606567, 'total_rtc_check_time': 0.8802617969631683, 'total_duration': 12.541245937347412, 'val_loss': 0.10427333414554596, 'val_accuracy': 0.9704999923706055, 'experiment_id': 'exp_20240619_200443', 'client_id': '2'}
[2024-06-19 20:06:02,395][root][INFO] - Epoch data saved to /home/psklavos/fl/geom_aio/csv_logs/exp_20240619_200443/clients/client_2/epoch.csv
[2024-06-19 20:06:02,396][root][INFO] - Added data to batch for client 2: {'round': 5, 'step_no': 422, 'loss': 0.05499409884214401, 'accuracy': 1.0, 'l2_norm': 0.01558198593556881, 'computation_time': 0.06300020217895508, 'batch_time': 0.07628859666874632, 'rtc_check_time': 0.011544601002242416, 'experiment_id': 'exp_20240619_200443', 'client_id': '2'}
[2024-06-19 20:06:02,397][root][INFO] - Added data to batch for client 2: {'round': 5, 'step_no': 423, 'loss': 0.020286807790398598, 'accuracy': 1.0, 'l2_norm': 0.020615706220269203, 'computation_time': 0.06928396224975586, 'batch_time': 0.07398612778342795, 'rtc_check_time': 0.0025470999971730635, 'experiment_id': 'exp_20240619_200443', 'client_id': '2'}
[2024-06-19 20:06:02,398][root][INFO] - Added data to batch for client 2: {'round': 5, 'step_no': 424, 'loss': 0.07267078757286072, 'accuracy': 0.9895833134651184, 'l2_norm': 0.04811606556177139, 'computation_time': 0.053518056869506836, 'batch_time': 0.05896336393925594, 'rtc_check_time': 0.003691500001878012, 'experiment_id': 'exp_20240619_200443', 'client_id': '2'}
[2024-06-19 20:06:02,399][root][INFO] - Added data to batch for client 2: {'round': 5, 'step_no': 425, 'loss': 0.06822805851697922, 'accuracy': 0.9921875, 'l2_norm': 0.06792251765727997, 'computation_time': 0.0539708137512207, 'batch_time': 0.06553590753173921, 'rtc_check_time': 0.010158901000977494, 'experiment_id': 'exp_20240619_200443', 'client_id': '2'}
[2024-06-19 20:06:02,400][root][INFO] - Added data to batch for client 2: {'round': 5, 'step_no': 426, 'loss': 0.19322554767131805, 'accuracy': 0.981249988079071, 'l2_norm': 0.09313619881868362, 'computation_time': 0.054802894592285156, 'batch_time': 0.061276353102584835, 'rtc_check_time': 0.00491420100297546, 'experiment_id': 'exp_20240619_200443', 'client_id': '2'}
[2024-06-19 20:06:02,401][root][INFO] - Added data to batch for client 2: {'round': 5, 'step_no': 427, 'loss': 0.1051846295595169, 'accuracy': 0.9739583134651184, 'l2_norm': 0.13071288168430328, 'computation_time': 0.10967183113098145, 'batch_time': 0.11523723150457954, 'rtc_check_time': 0.002963300001283642, 'experiment_id': 'exp_20240619_200443', 'client_id': '2'}
[2024-06-19 20:06:02,402][root][INFO] - Added data to batch for client 2: {'round': 5, 'step_no': 428, 'loss': 0.23261988162994385, 'accuracy': 0.96875, 'l2_norm': 0.16938620805740356, 'computation_time': 0.07175278663635254, 'batch_time': 0.07644064361375058, 'rtc_check_time': 0.0025706999949761666, 'experiment_id': 'exp_20240619_200443', 'client_id': '2'}
[2024-06-19 20:06:02,403][root][INFO] - Added data to batch for client 2: {'round': 5, 'step_no': 429, 'loss': 0.054142046719789505, 'accuracy': 0.96875, 'l2_norm': 0.1947300285100937, 'computation_time': 0.05008983612060547, 'batch_time': 0.05294469353975728, 'rtc_check_time': 0.001545701001305133, 'experiment_id': 'exp_20240619_200443', 'client_id': '2'}
[2024-06-19 20:06:02,404][root][INFO] - Added data to batch for client 2: {'round': 5, 'step_no': 430, 'loss': 0.283069372177124, 'accuracy': 0.9618055820465088, 'l2_norm': 0.26801395416259766, 'computation_time': 0.05066680908203125, 'batch_time': 0.05396324204048142, 'rtc_check_time': 0.0018570999964140356, 'experiment_id': 'exp_20240619_200443', 'client_id': '2'}
[2024-06-19 20:06:02,405][root][INFO] - Added data to batch for client 2: {'round': 5, 'step_no': 431, 'loss': 0.29922401905059814, 'accuracy': 0.956250011920929, 'l2_norm': 0.29247593879699707, 'computation_time': 0.048020124435424805, 'batch_time': 0.05190493805275764, 'rtc_check_time': 0.0025088999973377213, 'experiment_id': 'exp_20240619_200443', 'client_id': '2'}
[2024-06-19 20:06:02,406][root][INFO] - Added data to batch for client 2: {'round': 5, 'step_no': 432, 'loss': 0.19028636813163757, 'accuracy': 0.9545454382896423, 'l2_norm': 0.32848861813545227, 'computation_time': 0.05845904350280762, 'batch_time': 0.062100576935335994, 'rtc_check_time': 0.0022475000005215406, 'experiment_id': 'exp_20240619_200443', 'client_id': '2'}
[2024-06-19 20:06:02,407][root][INFO] - Added data to batch for client 2: {'round': 5, 'step_no': 433, 'loss': 0.048842690885066986, 'accuracy': 0.9583333134651184, 'l2_norm': 0.32299429178237915, 'computation_time': 0.052937984466552734, 'batch_time': 0.05603542448079679, 'rtc_check_time': 0.001526499996543862, 'experiment_id': 'exp_20240619_200443', 'client_id': '2'}
[2024-06-19 20:06:02,408][root][INFO] - Added data to batch for client 2: {'round': 5, 'step_no': 434, 'loss': 0.05677790194749832, 'accuracy': 0.9615384340286255, 'l2_norm': 0.3293468654155731, 'computation_time': 0.05345892906188965, 'batch_time': 0.056562724807008635, 'rtc_check_time': 0.0016286999962176196, 'experiment_id': 'exp_20240619_200443', 'client_id': '2'}
[2024-06-19 20:06:02,409][root][INFO] - Added data to batch for client 2: {'round': 5, 'step_no': 435, 'loss': 0.18511947989463806, 'accuracy': 0.9598214030265808, 'l2_norm': 0.350918173789978, 'computation_time': 0.05229020118713379, 'batch_time': 0.05573969402757939, 'rtc_check_time': 0.0017447999998694286, 'experiment_id': 'exp_20240619_200443', 'client_id': '2'}
[2024-06-19 20:06:02,410][root][INFO] - Added data to batch for client 2: {'round': 5, 'step_no': 436, 'loss': 0.02220733091235161, 'accuracy': 0.9624999761581421, 'l2_norm': 0.3615381419658661, 'computation_time': 0.04683279991149902, 'batch_time': 0.06193596103548771, 'rtc_check_time': 0.01364380100130802, 'experiment_id': 'exp_20240619_200443', 'client_id': '2'}
[2024-06-19 20:06:02,411][root][INFO] - Added data to batch for client 2: {'round': 5, 'step_no': 437, 'loss': 0.10200214385986328, 'accuracy': 0.962890625, 'l2_norm': 0.37842923402786255, 'computation_time': 0.05834484100341797, 'batch_time': 0.061611998215084895, 'rtc_check_time': 0.0017861009982880205, 'experiment_id': 'exp_20240619_200443', 'client_id': '2'}
[2024-06-19 20:06:02,412][root][INFO] - Added data to batch for client 2: {'round': 5, 'step_no': 438, 'loss': 0.10194449871778488, 'accuracy': 0.9632353186607361, 'l2_norm': 0.40251320600509644, 'computation_time': 0.06202387809753418, 'batch_time': 0.06612547361874022, 'rtc_check_time': 0.0021983000042382628, 'experiment_id': 'exp_20240619_200443', 'client_id': '2'}
[2024-06-19 20:06:02,413][root][INFO] - Added data to batch for client 2: {'round': 5, 'step_no': 439, 'loss': 0.1468183547258377, 'accuracy': 0.9635416865348816, 'l2_norm': 0.4062655568122864, 'computation_time': 0.05115199089050293, 'batch_time': 0.056211145252746064, 'rtc_check_time': 0.0036532000012812205, 'experiment_id': 'exp_20240619_200443', 'client_id': '2'}
[2024-06-19 20:06:02,414][root][INFO] - Added data to batch for client 2: {'round': 5, 'step_no': 440, 'loss': 0.27214711904525757, 'accuracy': 0.9638158082962036, 'l2_norm': 0.42684295773506165, 'computation_time': 0.052559852600097656, 'batch_time': 0.06274641669006087, 'rtc_check_time': 0.008658300997922197, 'experiment_id': 'exp_20240619_200443', 'client_id': '2'}
[2024-06-19 20:06:02,415][root][INFO] - Added data to batch for client 2: {'round': 5, 'step_no': 441, 'loss': 0.3941691815853119, 'accuracy': 0.9609375, 'l2_norm': 0.5086044669151306, 'computation_time': 0.05934000015258789, 'batch_time': 0.06699067290901439, 'rtc_check_time': 0.006298600994341541, 'experiment_id': 'exp_20240619_200443', 'client_id': '2'}
[2024-06-19 20:06:02,416][root][INFO] - Added data to batch for client 2: {'round': 5, 'step_no': 442, 'loss': 0.04089442640542984, 'accuracy': 0.9627976417541504, 'l2_norm': 0.4975977838039398, 'computation_time': 0.05172014236450195, 'batch_time': 0.05911582938279025, 'rtc_check_time': 0.006250801001442596, 'experiment_id': 'exp_20240619_200443', 'client_id': '2'}
[2024-06-19 20:06:02,417][root][INFO] - Added data to batch for client 2: {'round': 5, 'step_no': 443, 'loss': 0.05830053985118866, 'accuracy': 0.9630681872367859, 'l2_norm': 0.5198202133178711, 'computation_time': 0.0630788803100586, 'batch_time': 0.07286762382864254, 'rtc_check_time': 0.008103601001494098, 'experiment_id': 'exp_20240619_200443', 'client_id': '2'}
[2024-06-19 20:06:02,418][root][INFO] - Added data to batch for client 2: {'round': 5, 'step_no': 444, 'loss': 0.10407760739326477, 'accuracy': 0.9619565010070801, 'l2_norm': 0.5535545945167542, 'computation_time': 0.06501102447509766, 'batch_time': 0.0695150596802705, 'rtc_check_time': 0.0022660000031464733, 'experiment_id': 'exp_20240619_200443', 'client_id': '2'}
[2024-06-19 20:06:02,419][root][INFO] - Added data to batch for client 2: {'round': 5, 'step_no': 445, 'loss': 0.1679893583059311, 'accuracy': 0.9609375, 'l2_norm': 0.5880966782569885, 'computation_time': 0.057116031646728516, 'batch_time': 0.07306658486777451, 'rtc_check_time': 0.013886802000342868, 'experiment_id': 'exp_20240619_200443', 'client_id': '2'}
[2024-06-19 20:06:02,420][root][INFO] - Added data to batch for client 2: {'round': 5, 'step_no': 446, 'loss': 0.2572338879108429, 'accuracy': 0.9612500071525574, 'l2_norm': 0.6081745624542236, 'computation_time': 0.06700301170349121, 'batch_time': 0.07394120190292597, 'rtc_check_time': 0.004877300001680851, 'experiment_id': 'exp_20240619_200443', 'client_id': '2'}
[2024-06-19 20:06:02,421][root][INFO] - Added data to batch for client 2: {'round': 5, 'step_no': 447, 'loss': 0.08248426765203476, 'accuracy': 0.9615384340286255, 'l2_norm': 0.6344563364982605, 'computation_time': 0.06333184242248535, 'batch_time': 0.06886399634822737, 'rtc_check_time': 0.003526100001181476, 'experiment_id': 'exp_20240619_200443', 'client_id': '2'}
[2024-06-19 20:06:02,422][root][INFO] - Added data to batch for client 2: {'round': 5, 'step_no': 448, 'loss': 0.1225462257862091, 'accuracy': 0.9618055820465088, 'l2_norm': 0.623505711555481, 'computation_time': 0.05790114402770996, 'batch_time': 0.06071429533039918, 'rtc_check_time': 0.0015182999995886348, 'experiment_id': 'exp_20240619_200443', 'client_id': '2'}
[2024-06-19 20:06:02,423][root][INFO] - Added data to batch for client 2: {'round': 5, 'step_no': 449, 'loss': 0.028242386877536774, 'accuracy': 0.9631696343421936, 'l2_norm': 0.6217957735061646, 'computation_time': 0.059638023376464844, 'batch_time': 0.06331726218922995, 'rtc_check_time': 0.002144300000509247, 'experiment_id': 'exp_20240619_200443', 'client_id': '2'}
[2024-06-19 20:06:02,424][root][INFO] - Added data to batch for client 2: {'round': 5, 'step_no': 450, 'loss': 0.08025243133306503, 'accuracy': 0.9633620977401733, 'l2_norm': 0.62067049741745, 'computation_time': 0.07610511779785156, 'batch_time': 0.07967169288167497, 'rtc_check_time': 0.00197679999837419, 'experiment_id': 'exp_20240619_200443', 'client_id': '2'}
[2024-06-19 20:06:02,425][root][INFO] - Added data to batch for client 2: {'round': 5, 'step_no': 451, 'loss': 0.21417167782783508, 'accuracy': 0.9635416865348816, 'l2_norm': 0.6598575115203857, 'computation_time': 0.08350515365600586, 'batch_time': 0.09398620894353371, 'rtc_check_time': 0.007495101002859883, 'experiment_id': 'exp_20240619_200443', 'client_id': '2'}
[2024-06-19 20:06:02,426][root][INFO] - Added data to batch for client 2: {'round': 5, 'step_no': 452, 'loss': 0.14826969802379608, 'accuracy': 0.9637096524238586, 'l2_norm': 0.6611709594726562, 'computation_time': 0.05297517776489258, 'batch_time': 0.055733656023221556, 'rtc_check_time': 0.0014796010000281967, 'experiment_id': 'exp_20240619_200443', 'client_id': '2'}
[2024-06-19 20:06:02,427][root][INFO] - Added data to batch for client 2: {'round': 5, 'step_no': 453, 'loss': 0.41615572571754456, 'accuracy': 0.9619140625, 'l2_norm': 0.7499409914016724, 'computation_time': 0.043498992919921875, 'batch_time': 0.04623516917490633, 'rtc_check_time': 0.0016651999976602383, 'experiment_id': 'exp_20240619_200443', 'client_id': '2'}
[2024-06-19 20:06:02,428][root][INFO] - Added data to batch for client 2: {'round': 5, 'step_no': 454, 'loss': 0.024332711473107338, 'accuracy': 0.9630681872367859, 'l2_norm': 0.7406539916992188, 'computation_time': 0.0444488525390625, 'batch_time': 0.047530239084153436, 'rtc_check_time': 0.0016832999972393736, 'experiment_id': 'exp_20240619_200443', 'client_id': '2'}
[2024-06-19 20:06:02,429][root][INFO] - Added data to batch for client 2: {'round': 5, 'step_no': 455, 'loss': 0.13734543323516846, 'accuracy': 0.9623161554336548, 'l2_norm': 0.7661316394805908, 'computation_time': 0.057617902755737305, 'batch_time': 0.062720903326408, 'rtc_check_time': 0.002672799993888475, 'experiment_id': 'exp_20240619_200443', 'client_id': '2'}
[2024-06-19 20:06:02,430][root][INFO] - Added data to batch for client 2: {'round': 5, 'step_no': 456, 'loss': 0.02682090923190117, 'accuracy': 0.9633928537368774, 'l2_norm': 0.7595245242118835, 'computation_time': 0.04460501670837402, 'batch_time': 0.04824223964533303, 'rtc_check_time': 0.002398399999947287, 'experiment_id': 'exp_20240619_200443', 'client_id': '2'}
[2024-06-19 20:06:02,431][root][INFO] - Added data to batch for client 2: {'round': 5, 'step_no': 457, 'loss': 0.1087707057595253, 'accuracy': 0.9626736044883728, 'l2_norm': 0.7727283835411072, 'computation_time': 0.047560930252075195, 'batch_time': 0.050994441109651234, 'rtc_check_time': 0.0022984000024734996, 'experiment_id': 'exp_20240619_200443', 'client_id': '2'}
[2024-06-19 20:06:02,432][root][INFO] - Added data to batch for client 2: {'round': 5, 'step_no': 458, 'loss': 0.21992269158363342, 'accuracy': 0.962837815284729, 'l2_norm': 0.8075407147407532, 'computation_time': 0.041977882385253906, 'batch_time': 0.045033175927528646, 'rtc_check_time': 0.0018240999997942708, 'experiment_id': 'exp_20240619_200443', 'client_id': '2'}
[2024-06-19 20:06:02,433][root][INFO] - Added data to batch for client 2: {'round': 5, 'step_no': 459, 'loss': 0.10088822990655899, 'accuracy': 0.9629934430122375, 'l2_norm': 0.7881460189819336, 'computation_time': 0.04074597358703613, 'batch_time': 0.04749780757265398, 'rtc_check_time': 0.005568800996115897, 'experiment_id': 'exp_20240619_200443', 'client_id': '2'}
[2024-06-19 20:06:02,434][root][INFO] - Added data to batch for client 2: {'round': 5, 'step_no': 460, 'loss': 0.18025000393390656, 'accuracy': 0.9615384340286255, 'l2_norm': 0.820446252822876, 'computation_time': 0.03829598426818848, 'batch_time': 0.043902996119868476, 'rtc_check_time': 0.00447190099657746, 'experiment_id': 'exp_20240619_200443', 'client_id': '2'}
[2024-06-19 20:06:02,435][root][INFO] - Added data to batch for client 2: {'round': 5, 'step_no': 461, 'loss': 0.1229529082775116, 'accuracy': 0.9609375, 'l2_norm': 0.8250754475593567, 'computation_time': 0.04181480407714844, 'batch_time': 0.045067822611599695, 'rtc_check_time': 0.00169090000417782, 'experiment_id': 'exp_20240619_200443', 'client_id': '2'}
[2024-06-19 20:06:02,436][root][INFO] - Added data to batch for client 2: {'round': 5, 'step_no': 462, 'loss': 0.05047916993498802, 'accuracy': 0.9611280560493469, 'l2_norm': 0.8417562246322632, 'computation_time': 0.04760885238647461, 'batch_time': 0.05044790759711759, 'rtc_check_time': 0.0015658999982406385, 'experiment_id': 'exp_20240619_200443', 'client_id': '2'}
[2024-06-19 20:06:02,437][root][INFO] - Added data to batch for client 2: {'round': 5, 'step_no': 463, 'loss': 0.2005337029695511, 'accuracy': 0.9598214030265808, 'l2_norm': 0.9190254807472229, 'computation_time': 0.04309701919555664, 'batch_time': 0.04734038966125809, 'rtc_check_time': 0.00317740099853836, 'experiment_id': 'exp_20240619_200443', 'client_id': '2'}
[2024-06-19 20:06:02,438][root][INFO] - Added data to batch for client 2: {'round': 5, 'step_no': 464, 'loss': 0.2048998326063156, 'accuracy': 0.9600290656089783, 'l2_norm': 0.956758975982666, 'computation_time': 0.03995800018310547, 'batch_time': 0.043352043780032545, 'rtc_check_time': 0.0022698999964632094, 'experiment_id': 'exp_20240619_200443', 'client_id': '2'}
[2024-06-19 20:06:02,439][root][INFO] - Added data to batch for client 2: {'round': 5, 'step_no': 465, 'loss': 0.24982373416423798, 'accuracy': 0.9602272510528564, 'l2_norm': 0.9186438322067261, 'computation_time': 0.04267096519470215, 'batch_time': 0.04716786181961652, 'rtc_check_time': 0.0034108999971067533, 'experiment_id': 'exp_20240619_200443', 'client_id': '2'}
[2024-06-19 20:06:02,440][root][INFO] - Added data to batch for client 2: {'round': 5, 'step_no': 466, 'loss': 0.04845206439495087, 'accuracy': 0.9611111283302307, 'l2_norm': 0.9162821173667908, 'computation_time': 0.0424342155456543, 'batch_time': 0.046418653619184624, 'rtc_check_time': 0.0027387009977246635, 'experiment_id': 'exp_20240619_200443', 'client_id': '2'}
[2024-06-19 20:06:02,441][root][INFO] - Added data to batch for client 2: {'round': 5, 'step_no': 467, 'loss': 0.059634219855070114, 'accuracy': 0.961277186870575, 'l2_norm': 0.9129538536071777, 'computation_time': 0.053877830505371094, 'batch_time': 0.05728736985474825, 'rtc_check_time': 0.0016214000061154366, 'experiment_id': 'exp_20240619_200443', 'client_id': '2'}
[2024-06-19 20:06:02,442][root][INFO] - Added data to batch for client 2: {'round': 5, 'step_no': 468, 'loss': 0.05831664800643921, 'accuracy': 0.9614361524581909, 'l2_norm': 0.9212613701820374, 'computation_time': 0.04837298393249512, 'batch_time': 0.05152087782335002, 'rtc_check_time': 0.00195580099534709, 'experiment_id': 'exp_20240619_200443', 'client_id': '2'}
[2024-06-19 20:06:02,443][root][INFO] - Added data to batch for client 2: {'round': 5, 'step_no': 469, 'loss': 0.15437522530555725, 'accuracy': 0.9602864384651184, 'l2_norm': 0.9769150018692017, 'computation_time': 0.03999590873718262, 'batch_time': 0.043277434080664534, 'rtc_check_time': 0.002178600996558089, 'experiment_id': 'exp_20240619_200443', 'client_id': '2'}
[2024-06-19 20:06:02,444][root][INFO] - Added data to batch for client 2: {'round': 5, 'step_no': 470, 'loss': 0.143926739692688, 'accuracy': 0.9598214030265808, 'l2_norm': 0.9532911777496338, 'computation_time': 0.04195523262023926, 'batch_time': 0.0465686296010972, 'rtc_check_time': 0.003358599999046419, 'experiment_id': 'exp_20240619_200443', 'client_id': '2'}
[2024-06-19 20:06:02,445][root][INFO] - Added data to batch for client 2: {'round': 5, 'step_no': 471, 'loss': 0.18576450645923615, 'accuracy': 0.9599999785423279, 'l2_norm': 0.9533997774124146, 'computation_time': 0.043020009994506836, 'batch_time': 0.050936550804181024, 'rtc_check_time': 0.006173700996441767, 'experiment_id': 'exp_20240619_200443', 'client_id': '2'}
[2024-06-19 20:06:02,446][root][INFO] - Added data to batch for client 2: {'round': 5, 'step_no': 472, 'loss': 0.21930119395256042, 'accuracy': 0.9595588445663452, 'l2_norm': 1.0293340682983398, 'computation_time': 0.043795108795166016, 'batch_time': 0.046576412656577304, 'rtc_check_time': 0.0014793000009376556, 'experiment_id': 'exp_20240619_200443', 'client_id': '2'}
[2024-06-19 20:06:02,447][root][INFO] - Added data to batch for client 2: {'round': 5, 'step_no': 473, 'loss': 0.14412569999694824, 'accuracy': 0.9597355723381042, 'l2_norm': 1.0235213041305542, 'computation_time': 0.04428601264953613, 'batch_time': 0.049353490765497554, 'rtc_check_time': 0.00392140000622021, 'experiment_id': 'exp_20240619_200443', 'client_id': '2'}
[2024-06-19 20:06:02,448][root][INFO] - Added data to batch for client 2: {'round': 5, 'step_no': 474, 'loss': 0.06485836207866669, 'accuracy': 0.9599056839942932, 'l2_norm': 1.0312806367874146, 'computation_time': 0.04220700263977051, 'batch_time': 0.046634883306978736, 'rtc_check_time': 0.003077000998018775, 'experiment_id': 'exp_20240619_200443', 'client_id': '2'}
[2024-06-19 20:06:02,449][root][INFO] - Added data to batch for client 2: {'round': 5, 'step_no': 475, 'loss': 0.08220065385103226, 'accuracy': 0.9594907164573669, 'l2_norm': 1.0423649549484253, 'computation_time': 0.046463966369628906, 'batch_time': 0.050164723907073494, 'rtc_check_time': 0.0026057010036311112, 'experiment_id': 'exp_20240619_200443', 'client_id': '2'}
[2024-06-19 20:06:02,450][root][INFO] - Added data to batch for client 2: {'round': 5, 'step_no': 476, 'loss': 0.04133383184671402, 'accuracy': 0.9602272510528564, 'l2_norm': 1.048892855644226, 'computation_time': 0.041224002838134766, 'batch_time': 0.04461225249542622, 'rtc_check_time': 0.002340400002140086, 'experiment_id': 'exp_20240619_200443', 'client_id': '2'}
[2024-06-19 20:06:02,451][root][INFO] - Added data to batch for client 2: {'round': 5, 'step_no': 477, 'loss': 0.2725112736225128, 'accuracy': 0.9592633843421936, 'l2_norm': 1.0823193788528442, 'computation_time': 0.04315900802612305, 'batch_time': 0.04894877029437339, 'rtc_check_time': 0.004592901001160499, 'experiment_id': 'exp_20240619_200443', 'client_id': '2'}
[2024-06-19 20:06:02,451][root][INFO] - Added data to batch for client 2: {'round': 5, 'step_no': 478, 'loss': 0.11869822442531586, 'accuracy': 0.9594298005104065, 'l2_norm': 1.094547152519226, 'computation_time': 0.040960073471069336, 'batch_time': 0.04596014031994855, 'rtc_check_time': 0.0038341999970725738, 'experiment_id': 'exp_20240619_200443', 'client_id': '2'}
[2024-06-19 20:06:02,452][root][INFO] - Added data to batch for client 2: {'round': 5, 'step_no': 479, 'loss': 0.10419609397649765, 'accuracy': 0.9590517282485962, 'l2_norm': 1.1034420728683472, 'computation_time': 0.041517019271850586, 'batch_time': 0.04433273176982766, 'rtc_check_time': 0.0014335999949253164, 'experiment_id': 'exp_20240619_200443', 'client_id': '2'}
[2024-06-19 20:06:02,453][root][INFO] - Added data to batch for client 2: {'round': 5, 'step_no': 480, 'loss': 0.05802518501877785, 'accuracy': 0.9592161178588867, 'l2_norm': 1.1004638671875, 'computation_time': 0.04329204559326172, 'batch_time': 0.04730267796549015, 'rtc_check_time': 0.0025198009971063584, 'experiment_id': 'exp_20240619_200443', 'client_id': '2'}
[2024-06-19 20:06:02,455][root][INFO] - Added data to batch for client 2: {'round': 5, 'step_no': 481, 'loss': 0.20494410395622253, 'accuracy': 0.9583333134651184, 'l2_norm': 1.1386981010437012, 'computation_time': 0.03935408592224121, 'batch_time': 0.042996304036933, 'rtc_check_time': 0.0025473999994574115, 'experiment_id': 'exp_20240619_200443', 'client_id': '2'}
[2024-06-19 20:06:02,456][root][INFO] - Added data to batch for client 2: {'round': 5, 'step_no': 482, 'loss': 0.34782737493515015, 'accuracy': 0.9579917788505554, 'l2_norm': 1.178293228149414, 'computation_time': 0.04187417030334473, 'batch_time': 0.04481839344953187, 'rtc_check_time': 0.0018773000047076494, 'experiment_id': 'exp_20240619_200443', 'client_id': '2'}
[2024-06-19 20:06:02,457][root][INFO] - Added data to batch for client 2: {'round': 5, 'step_no': 483, 'loss': 0.12905606627464294, 'accuracy': 0.9576612710952759, 'l2_norm': 1.2232176065444946, 'computation_time': 0.0451810359954834, 'batch_time': 0.050286960060475394, 'rtc_check_time': 0.0022510999988298863, 'experiment_id': 'exp_20240619_200443', 'client_id': '2'}
[2024-06-19 20:06:02,458][root][INFO] - Added data to batch for client 2: {'round': 5, 'step_no': 484, 'loss': 0.17267769575119019, 'accuracy': 0.9573412537574768, 'l2_norm': 1.229891061782837, 'computation_time': 0.041007041931152344, 'batch_time': 0.053458740207133815, 'rtc_check_time': 0.011326601001201198, 'experiment_id': 'exp_20240619_200443', 'client_id': '2'}
[2024-06-19 20:06:02,458][root][INFO] - Added data to batch for client 2: {'round': 5, 'step_no': 485, 'loss': 0.4294526278972626, 'accuracy': 0.95654296875, 'l2_norm': 1.3021913766860962, 'computation_time': 0.05271601676940918, 'batch_time': 0.05657617354154354, 'rtc_check_time': 0.002382200000283774, 'experiment_id': 'exp_20240619_200443', 'client_id': '2'}
[2024-06-19 20:06:02,459][root][INFO] - Added data to batch for client 2: {'round': 5, 'step_no': 486, 'loss': 0.27826550602912903, 'accuracy': 0.956250011920929, 'l2_norm': 1.3110918998718262, 'computation_time': 0.03972792625427246, 'batch_time': 0.04597397185716545, 'rtc_check_time': 0.004706100000475999, 'experiment_id': 'exp_20240619_200443', 'client_id': '2'}
[2024-06-19 20:06:02,460][root][INFO] - Added data to batch for client 2: {'round': 5, 'step_no': 487, 'loss': 0.05450401082634926, 'accuracy': 0.9564393758773804, 'l2_norm': 1.2962679862976074, 'computation_time': 0.04212808609008789, 'batch_time': 0.044973899712204, 'rtc_check_time': 0.0016778010030975565, 'experiment_id': 'exp_20240619_200443', 'client_id': '2'}
[2024-06-19 20:06:02,461][root][INFO] - Added data to batch for client 2: {'round': 5, 'step_no': 488, 'loss': 0.2186536192893982, 'accuracy': 0.955690324306488, 'l2_norm': 1.3158825635910034, 'computation_time': 0.039216041564941406, 'batch_time': 0.044344067355268635, 'rtc_check_time': 0.0038141010008985177, 'experiment_id': 'exp_20240619_200443', 'client_id': '2'}
[2024-06-19 20:06:02,462][root][INFO] - Added data to batch for client 2: {'round': 5, 'step_no': 489, 'loss': 0.09796364605426788, 'accuracy': 0.9558823704719543, 'l2_norm': 1.3171700239181519, 'computation_time': 0.040287017822265625, 'batch_time': 0.04483179529051995, 'rtc_check_time': 0.0034378000054857694, 'experiment_id': 'exp_20240619_200443', 'client_id': '2'}
[2024-06-19 20:06:02,463][root][INFO] - Added data to batch for client 2: {'round': 5, 'step_no': 490, 'loss': 0.2077842354774475, 'accuracy': 0.9551630616188049, 'l2_norm': 1.3648601770401, 'computation_time': 0.041580915451049805, 'batch_time': 0.044351118194754235, 'rtc_check_time': 0.0014620000001741573, 'experiment_id': 'exp_20240619_200443', 'client_id': '2'}
[2024-06-19 20:06:02,464][root][INFO] - Added data to batch for client 2: {'round': 5, 'step_no': 491, 'loss': 0.16997277736663818, 'accuracy': 0.9549106955528259, 'l2_norm': 1.3967669010162354, 'computation_time': 0.042318105697631836, 'batch_time': 0.045487050418159924, 'rtc_check_time': 0.002051000003120862, 'experiment_id': 'exp_20240619_200443', 'client_id': '2'}
[2024-06-19 20:06:02,465][root][INFO] - Added data to batch for client 2: {'round': 5, 'step_no': 492, 'loss': 0.06710980832576752, 'accuracy': 0.9551056623458862, 'l2_norm': 1.4104541540145874, 'computation_time': 0.041520118713378906, 'batch_time': 0.04670835149590857, 'rtc_check_time': 0.0038332999974954873, 'experiment_id': 'exp_20240619_200443', 'client_id': '2'}
[2024-06-19 20:06:02,466][root][INFO] - Added data to batch for client 2: {'round': 5, 'step_no': 493, 'loss': 0.0956341028213501, 'accuracy': 0.9552951455116272, 'l2_norm': 1.4276841878890991, 'computation_time': 0.04629111289978027, 'batch_time': 0.052866909238218796, 'rtc_check_time': 0.004756900998472702, 'experiment_id': 'exp_20240619_200443', 'client_id': '2'}
[2024-06-19 20:06:02,467][root][INFO] - Added data to batch for client 2: {'round': 5, 'step_no': 494, 'loss': 0.10483989119529724, 'accuracy': 0.9550513625144958, 'l2_norm': 1.431191325187683, 'computation_time': 0.05031013488769531, 'batch_time': 0.05477510262426222, 'rtc_check_time': 0.003085001000727061, 'experiment_id': 'exp_20240619_200443', 'client_id': '2'}
[2024-06-19 20:06:02,468][root][INFO] - Added data to batch for client 2: {'round': 5, 'step_no': 495, 'loss': 0.05779015272855759, 'accuracy': 0.9552364945411682, 'l2_norm': 1.4315391778945923, 'computation_time': 0.0518798828125, 'batch_time': 0.06049875983444508, 'rtc_check_time': 0.007119700996554457, 'experiment_id': 'exp_20240619_200443', 'client_id': '2'}
[2024-06-19 20:06:02,469][root][INFO] - Added data to batch for client 2: {'round': 5, 'step_no': 496, 'loss': 0.1371050477027893, 'accuracy': 0.9549999833106995, 'l2_norm': 1.477103352546692, 'computation_time': 0.04673194885253906, 'batch_time': 0.050839609233662486, 'rtc_check_time': 0.0027296009939163923, 'experiment_id': 'exp_20240619_200443', 'client_id': '2'}
[2024-06-19 20:06:02,470][root][INFO] - Added data to batch for client 2: {'round': 5, 'step_no': 497, 'loss': 0.2509191334247589, 'accuracy': 0.9551809430122375, 'l2_norm': 1.5426334142684937, 'computation_time': 0.05546092987060547, 'batch_time': 0.06069839166593738, 'rtc_check_time': 0.003787399997236207, 'experiment_id': 'exp_20240619_200443', 'client_id': '2'}
[2024-06-19 20:06:02,471][root][INFO] - Added data to batch for client 2: {'round': 5, 'step_no': 498, 'loss': 0.275784969329834, 'accuracy': 0.9553571343421936, 'l2_norm': 1.5724091529846191, 'computation_time': 0.057147979736328125, 'batch_time': 0.06112509268132271, 'rtc_check_time': 0.0025919010004145093, 'experiment_id': 'exp_20240619_200443', 'client_id': '2'}
[2024-06-19 20:06:02,472][root][INFO] - Added data to batch for client 2: {'round': 5, 'step_no': 499, 'loss': 0.7001848220825195, 'accuracy': 0.9547275900840759, 'l2_norm': 1.526073694229126, 'computation_time': 0.05184602737426758, 'batch_time': 0.05586224079161184, 'rtc_check_time': 0.0026763010027934797, 'experiment_id': 'exp_20240619_200443', 'client_id': '2'}
[2024-06-19 20:06:02,473][root][INFO] - Added data to batch for client 2: {'round': 5, 'step_no': 500, 'loss': 0.36555665731430054, 'accuracy': 0.953718364238739, 'l2_norm': 1.560905933380127, 'computation_time': 0.04722404479980469, 'batch_time': 0.05244008316367399, 'rtc_check_time': 0.0038920999941183254, 'experiment_id': 'exp_20240619_200443', 'client_id': '2'}
[2024-06-19 20:06:02,475][root][INFO] - Added data to batch for client 2: {'round': 5, 'step_no': 501, 'loss': 0.05698096752166748, 'accuracy': 0.954296886920929, 'l2_norm': 1.5455434322357178, 'computation_time': 0.048876047134399414, 'batch_time': 0.054081163929367904, 'rtc_check_time': 0.003932200001145247, 'experiment_id': 'exp_20240619_200443', 'client_id': '2'}
[2024-06-19 20:06:02,476][root][INFO] - Added data to batch for client 2: {'round': 5, 'step_no': 502, 'loss': 0.24799661338329315, 'accuracy': 0.9540895223617554, 'l2_norm': 1.5632097721099854, 'computation_time': 0.049108028411865234, 'batch_time': 0.0595890724871424, 'rtc_check_time': 0.008591099998739082, 'experiment_id': 'exp_20240619_200443', 'client_id': '2'}
[2024-06-19 20:06:02,477][root][INFO] - Added data to batch for client 2: {'round': 5, 'step_no': 503, 'loss': 0.11859936267137527, 'accuracy': 0.9538872241973877, 'l2_norm': 1.5728989839553833, 'computation_time': 0.04749107360839844, 'batch_time': 0.05881366894755047, 'rtc_check_time': 0.009711601000162773, 'experiment_id': 'exp_20240619_200443', 'client_id': '2'}
[2024-06-19 20:06:02,478][root][INFO] - Added data to batch for client 2: {'round': 5, 'step_no': 504, 'loss': 0.1057041585445404, 'accuracy': 0.954066276550293, 'l2_norm': 1.601028561592102, 'computation_time': 0.056533098220825195, 'batch_time': 0.060815146382083185, 'rtc_check_time': 0.0025373009993927553, 'experiment_id': 'exp_20240619_200443', 'client_id': '2'}
[2024-06-19 20:06:02,479][root][INFO] - Added data to batch for client 2: {'round': 5, 'step_no': 505, 'loss': 0.309661328792572, 'accuracy': 0.953497052192688, 'l2_norm': 1.6485811471939087, 'computation_time': 0.05505514144897461, 'batch_time': 0.059178592113312334, 'rtc_check_time': 0.002056600002106279, 'experiment_id': 'exp_20240619_200443', 'client_id': '2'}
[2024-06-19 20:06:02,480][root][INFO] - Added data to batch for client 2: {'round': 5, 'step_no': 506, 'loss': 0.08646757900714874, 'accuracy': 0.9536764621734619, 'l2_norm': 1.6363344192504883, 'computation_time': 0.04753708839416504, 'batch_time': 0.0501976151499548, 'rtc_check_time': 0.0014855999979772605, 'experiment_id': 'exp_20240619_200443', 'client_id': '2'}
[2024-06-19 20:06:02,481][root][INFO] - Added data to batch for client 2: {'round': 5, 'step_no': 507, 'loss': 0.21787554025650024, 'accuracy': 0.9534883499145508, 'l2_norm': 1.6722322702407837, 'computation_time': 0.0440371036529541, 'batch_time': 0.05311578191322042, 'rtc_check_time': 0.007799801001965534, 'experiment_id': 'exp_20240619_200443', 'client_id': '2'}
[2024-06-19 20:06:02,481][root][INFO] - Added data to batch for client 2: {'round': 5, 'step_no': 508, 'loss': 0.37194371223449707, 'accuracy': 0.9529454112052917, 'l2_norm': 1.7051119804382324, 'computation_time': 0.05325198173522949, 'batch_time': 0.05826451090251794, 'rtc_check_time': 0.003765599998587277, 'experiment_id': 'exp_20240619_200443', 'client_id': '2'}
[2024-06-19 20:06:02,482][root][INFO] - Added data to batch for client 2: {'round': 5, 'step_no': 509, 'loss': 0.3063114285469055, 'accuracy': 0.9524147510528564, 'l2_norm': 1.730325698852539, 'computation_time': 0.06011390686035156, 'batch_time': 0.06338633732229937, 'rtc_check_time': 0.0019472999993013218, 'experiment_id': 'exp_20240619_200443', 'client_id': '2'}
[2024-06-19 20:06:02,483][root][INFO] - Added data to batch for client 2: {'round': 5, 'step_no': 510, 'loss': 0.026512721553444862, 'accuracy': 0.9529494643211365, 'l2_norm': 1.739268183708191, 'computation_time': 0.05542492866516113, 'batch_time': 0.061184799786133226, 'rtc_check_time': 0.0038437010007328354, 'experiment_id': 'exp_20240619_200443', 'client_id': '2'}
[2024-06-19 20:06:02,484][root][INFO] - Added data to batch for client 2: {'round': 5, 'step_no': 511, 'loss': 0.4071749746799469, 'accuracy': 0.953125, 'l2_norm': 1.8056068420410156, 'computation_time': 0.05089592933654785, 'batch_time': 0.060225165529118385, 'rtc_check_time': 0.007902300996647682, 'experiment_id': 'exp_20240619_200443', 'client_id': '2'}
[2024-06-19 20:06:02,485][root][INFO] - Added data to batch for client 2: {'round': 5, 'step_no': 512, 'loss': 0.15882200002670288, 'accuracy': 0.9526098966598511, 'l2_norm': 1.823418140411377, 'computation_time': 0.04705190658569336, 'batch_time': 0.05430554439226398, 'rtc_check_time': 0.006134500996267889, 'experiment_id': 'exp_20240619_200443', 'client_id': '2'}
[2024-06-19 20:06:02,486][root][INFO] - Added data to batch for client 2: {'round': 5, 'step_no': 513, 'loss': 0.11034216731786728, 'accuracy': 0.9524456262588501, 'l2_norm': 1.8434303998947144, 'computation_time': 0.061157941818237305, 'batch_time': 0.06544035828846972, 'rtc_check_time': 0.002623499996843748, 'experiment_id': 'exp_20240619_200443', 'client_id': '2'}
[2024-06-19 20:06:02,487][root][INFO] - Added data to batch for client 2: {'round': 5, 'step_no': 514, 'loss': 0.05909876525402069, 'accuracy': 0.9529569745063782, 'l2_norm': 1.8351854085922241, 'computation_time': 0.05189013481140137, 'batch_time': 0.06108015280915424, 'rtc_check_time': 0.007881099998485297, 'experiment_id': 'exp_20240619_200443', 'client_id': '2'}
[2024-06-19 20:06:02,488][root][INFO] - Added data to batch for client 2: {'round': 5, 'step_no': 515, 'loss': 0.06045675650238991, 'accuracy': 0.9534574747085571, 'l2_norm': 1.8390320539474487, 'computation_time': 0.1194148063659668, 'batch_time': 0.1401542202802375, 'rtc_check_time': 0.015389300999231637, 'experiment_id': 'exp_20240619_200443', 'client_id': '2'}
[2024-06-19 20:06:02,489][root][INFO] - Added data to batch for client 2: {'round': 5, 'step_no': 516, 'loss': 0.04998619109392166, 'accuracy': 0.9539473652839661, 'l2_norm': 1.8463994264602661, 'computation_time': 0.1624619960784912, 'batch_time': 0.17703391786199063, 'rtc_check_time': 0.010588901001028717, 'experiment_id': 'exp_20240619_200443', 'client_id': '2'}
[2024-06-19 20:06:02,490][root][INFO] - Added data to batch for client 2: {'round': 5, 'step_no': 517, 'loss': 0.0323023796081543, 'accuracy': 0.9544270634651184, 'l2_norm': 1.8403878211975098, 'computation_time': 0.1398921012878418, 'batch_time': 0.16267969120235648, 'rtc_check_time': 0.01939060199947562, 'experiment_id': 'exp_20240619_200443', 'client_id': '2'}
[2024-06-19 20:06:02,491][root][INFO] - Added data to batch for client 2: {'round': 5, 'step_no': 518, 'loss': 0.1214086040854454, 'accuracy': 0.9545747637748718, 'l2_norm': 1.8469566106796265, 'computation_time': 0.12044715881347656, 'batch_time': 0.12612142221041722, 'rtc_check_time': 0.0028614010007004254, 'experiment_id': 'exp_20240619_200443', 'client_id': '2'}
[2024-06-19 20:06:02,492][root][INFO] - Added data to batch for client 2: {'round': 5, 'step_no': 519, 'loss': 0.022594768553972244, 'accuracy': 0.9550382494926453, 'l2_norm': 1.849690318107605, 'computation_time': 0.08893203735351562, 'batch_time': 0.09778967510646908, 'rtc_check_time': 0.007225900997582357, 'experiment_id': 'exp_20240619_200443', 'client_id': '2'}
[2024-06-19 20:06:02,493][root][INFO] - Added data to batch for client 2: {'round': 5, 'step_no': 520, 'loss': 0.11220120638608932, 'accuracy': 0.9548611044883728, 'l2_norm': 1.8813380002975464, 'computation_time': 0.08016204833984375, 'batch_time': 0.08363355922483606, 'rtc_check_time': 0.0017815999963204376, 'experiment_id': 'exp_20240619_200443', 'client_id': '2'}
[2024-06-19 20:06:02,494][root][INFO] - Added data to batch for client 2: {'round': 5, 'step_no': 521, 'loss': 0.05011685937643051, 'accuracy': 0.9553124904632568, 'l2_norm': 1.888938307762146, 'computation_time': 0.06895112991333008, 'batch_time': 0.07470249251491623, 'rtc_check_time': 0.003110400000878144, 'experiment_id': 'exp_20240619_200443', 'client_id': '2'}
[2024-06-19 20:06:02,495][root][INFO] - Added data to batch for client 2: {'round': 5, 'step_no': 522, 'loss': 0.3407643437385559, 'accuracy': 0.9548267126083374, 'l2_norm': 1.9239211082458496, 'computation_time': 0.07838892936706543, 'batch_time': 0.08904472723952495, 'rtc_check_time': 0.008375801000511274, 'experiment_id': 'exp_20240619_200443', 'client_id': '2'}
[2024-06-19 20:06:02,496][root][INFO] - Added data to batch for client 2: {'round': 5, 'step_no': 523, 'loss': 0.36982297897338867, 'accuracy': 0.954350471496582, 'l2_norm': 1.9661412239074707, 'computation_time': 0.11542987823486328, 'batch_time': 0.12203968242829433, 'rtc_check_time': 0.0040716000003158115, 'experiment_id': 'exp_20240619_200443', 'client_id': '2'}
[2024-06-19 20:06:02,497][root][INFO] - Added data to batch for client 2: {'round': 5, 'step_no': 524, 'loss': 0.4525158405303955, 'accuracy': 0.9535800814628601, 'l2_norm': 2.043642044067383, 'computation_time': 0.08248496055603027, 'batch_time': 0.09003159149142448, 'rtc_check_time': 0.0056636009976500645, 'experiment_id': 'exp_20240619_200443', 'client_id': '2'}
[2024-06-19 20:06:02,498][root][INFO] - Added data to batch for client 2: {'round': 5, 'step_no': 525, 'loss': 0.16629493236541748, 'accuracy': 0.953125, 'l2_norm': 2.0380518436431885, 'computation_time': 0.0627129077911377, 'batch_time': 0.067599339694425, 'rtc_check_time': 0.003142399997159373, 'experiment_id': 'exp_20240619_200443', 'client_id': '2'}
[2024-06-19 20:06:02,499][root][INFO] - Added data to batch for client 2: {'round': 5, 'step_no': 526, 'loss': 0.046521395444869995, 'accuracy': 0.9535714387893677, 'l2_norm': 2.0363504886627197, 'computation_time': 0.0551760196685791, 'batch_time': 0.06792792749911314, 'rtc_check_time': 0.011381001000700053, 'experiment_id': 'exp_20240619_200443', 'client_id': '2'}
[2024-06-19 20:06:02,500][root][INFO] - Added data to batch for client 2: {'round': 5, 'step_no': 527, 'loss': 0.26846373081207275, 'accuracy': 0.953125, 'l2_norm': 2.052490234375, 'computation_time': 0.0508570671081543, 'batch_time': 0.054383891132602, 'rtc_check_time': 0.002037899997958448, 'experiment_id': 'exp_20240619_200443', 'client_id': '2'}
[2024-06-19 20:06:02,501][root][INFO] - Added data to batch for client 2: {'round': 5, 'step_no': 528, 'loss': 0.20624375343322754, 'accuracy': 0.9529789686203003, 'l2_norm': 2.0928497314453125, 'computation_time': 0.04713892936706543, 'batch_time': 0.05043944845238002, 'rtc_check_time': 0.0017414999965694733, 'experiment_id': 'exp_20240619_200443', 'client_id': '2'}
[2024-06-19 20:06:02,502][root][INFO] - Added data to batch for client 2: {'round': 5, 'step_no': 529, 'loss': 0.12261742353439331, 'accuracy': 0.953125, 'l2_norm': 2.118469476699829, 'computation_time': 0.03999900817871094, 'batch_time': 0.04471082276722882, 'rtc_check_time': 0.003682800001115538, 'experiment_id': 'exp_20240619_200443', 'client_id': '2'}
[2024-06-19 20:06:02,503][root][INFO] - Added data to batch for client 2: {'round': 5, 'step_no': 530, 'loss': 0.18311677873134613, 'accuracy': 0.9532683491706848, 'l2_norm': 2.1199300289154053, 'computation_time': 0.041877031326293945, 'batch_time': 0.04537935370899504, 'rtc_check_time': 0.002260400004161056, 'experiment_id': 'exp_20240619_200443', 'client_id': '2'}
[2024-06-19 20:06:02,504][root][INFO] - Added data to batch for client 2: {'round': 5, 'step_no': 531, 'loss': 0.23605723679065704, 'accuracy': 0.9528409242630005, 'l2_norm': 2.1772286891937256, 'computation_time': 0.04272294044494629, 'batch_time': 0.045511557240388356, 'rtc_check_time': 0.001515700001618825, 'experiment_id': 'exp_20240619_200443', 'client_id': '2'}
[2024-06-19 20:06:02,505][root][INFO] - Added data to batch for client 2: {'round': 5, 'step_no': 532, 'loss': 0.1619170606136322, 'accuracy': 0.9524211883544922, 'l2_norm': 2.215087890625, 'computation_time': 0.046211957931518555, 'batch_time': 0.05023031864402583, 'rtc_check_time': 0.00281840000388911, 'experiment_id': 'exp_20240619_200443', 'client_id': '2'}
[2024-06-19 20:06:02,506][root][INFO] - Added data to batch for client 2: {'round': 5, 'step_no': 533, 'loss': 0.14132431149482727, 'accuracy': 0.9525669813156128, 'l2_norm': 2.2669811248779297, 'computation_time': 0.04903984069824219, 'batch_time': 0.061162867219536565, 'rtc_check_time': 0.010727800996392034, 'experiment_id': 'exp_20240619_200443', 'client_id': '2'}
[2024-06-19 20:06:02,507][root][INFO] - Added data to batch for client 2: {'round': 5, 'step_no': 534, 'loss': 0.11843441426753998, 'accuracy': 0.9524336457252502, 'l2_norm': 2.285707473754883, 'computation_time': 0.04752993583679199, 'batch_time': 0.05237871306599118, 'rtc_check_time': 0.0035215009993407875, 'experiment_id': 'exp_20240619_200443', 'client_id': '2'}
[2024-06-19 20:06:02,508][root][INFO] - Added data to batch for client 2: {'round': 5, 'step_no': 535, 'loss': 0.15874531865119934, 'accuracy': 0.952576756477356, 'l2_norm': 2.248399496078491, 'computation_time': 0.03947615623474121, 'batch_time': 0.0420692625339143, 'rtc_check_time': 0.0014754000003449619, 'experiment_id': 'exp_20240619_200443', 'client_id': '2'}
[2024-06-19 20:06:02,509][root][INFO] - Added data to batch for client 2: {'round': 5, 'step_no': 536, 'loss': 0.067959263920784, 'accuracy': 0.9529891014099121, 'l2_norm': 2.2554056644439697, 'computation_time': 0.04021501541137695, 'batch_time': 0.04510051324905362, 'rtc_check_time': 0.0037635000044247136, 'experiment_id': 'exp_20240619_200443', 'client_id': '2'}
[2024-06-19 20:06:02,510][root][INFO] - Added data to batch for client 2: {'round': 5, 'step_no': 537, 'loss': 0.25319936871528625, 'accuracy': 0.9528555870056152, 'l2_norm': 2.288505792617798, 'computation_time': 0.041908979415893555, 'batch_time': 0.05195694932626793, 'rtc_check_time': 0.00897890100168297, 'experiment_id': 'exp_20240619_200443', 'client_id': '2'}
[2024-06-19 20:06:02,511][root][INFO] - Added data to batch for client 2: {'round': 5, 'step_no': 538, 'loss': 0.3992704153060913, 'accuracy': 0.9524572491645813, 'l2_norm': 2.3389203548431396, 'computation_time': 0.042214155197143555, 'batch_time': 0.04562949773389846, 'rtc_check_time': 0.0021944009931758046, 'experiment_id': 'exp_20240619_200443', 'client_id': '2'}
[2024-06-19 20:06:02,512][root][INFO] - Added data to batch for client 2: {'round': 5, 'step_no': 539, 'loss': 0.04917113482952118, 'accuracy': 0.9528601765632629, 'l2_norm': 2.330301284790039, 'computation_time': 0.04087090492248535, 'batch_time': 0.045869142733863555, 'rtc_check_time': 0.003879101001075469, 'experiment_id': 'exp_20240619_200443', 'client_id': '2'}
[2024-06-19 20:06:02,513][root][INFO] - Added data to batch for client 2: {'round': 5, 'step_no': 540, 'loss': 0.1198020726442337, 'accuracy': 0.9529936909675598, 'l2_norm': 2.3641905784606934, 'computation_time': 0.043478965759277344, 'batch_time': 0.04631702032202156, 'rtc_check_time': 0.0016039999973145314, 'experiment_id': 'exp_20240619_200443', 'client_id': '2'}
[2024-06-19 20:06:02,514][root][INFO] - Added data to batch for client 2: {'round': 5, 'step_no': 541, 'loss': 0.12641920149326324, 'accuracy': 0.953125, 'l2_norm': 2.354635000228882, 'computation_time': 0.046553850173950195, 'batch_time': 0.04985138260235544, 'rtc_check_time': 0.002111399997374974, 'experiment_id': 'exp_20240619_200443', 'client_id': '2'}
[2024-06-19 20:06:02,515][root][INFO] - Added data to batch for client 2: {'round': 5, 'step_no': 542, 'loss': 0.0609322264790535, 'accuracy': 0.9535123705863953, 'l2_norm': 2.3607640266418457, 'computation_time': 0.040476083755493164, 'batch_time': 0.044079361454350874, 'rtc_check_time': 0.002321300999028608, 'experiment_id': 'exp_20240619_200443', 'client_id': '2'}
[2024-06-19 20:06:02,516][root][INFO] - Added data to batch for client 2: {'round': 5, 'step_no': 543, 'loss': 0.05191386118531227, 'accuracy': 0.9538934230804443, 'l2_norm': 2.3694026470184326, 'computation_time': 0.04190993309020996, 'batch_time': 0.04988354373926995, 'rtc_check_time': 0.006874500999401789, 'experiment_id': 'exp_20240619_200443', 'client_id': '2'}
[2024-06-19 20:06:02,518][root][INFO] - Added data to batch for client 2: {'round': 5, 'step_no': 544, 'loss': 0.20639033615589142, 'accuracy': 0.9537601470947266, 'l2_norm': 2.457458019256592, 'computation_time': 0.03972506523132324, 'batch_time': 0.04371318358607823, 'rtc_check_time': 0.0027183010024600662, 'experiment_id': 'exp_20240619_200443', 'client_id': '2'}
[2024-06-19 20:06:02,519][root][INFO] - Added data to batch for client 2: {'round': 5, 'step_no': 545, 'loss': 0.14374932646751404, 'accuracy': 0.953881025314331, 'l2_norm': 2.472926616668701, 'computation_time': 0.04416799545288086, 'batch_time': 0.051159191760234535, 'rtc_check_time': 0.0055191999999806285, 'experiment_id': 'exp_20240619_200443', 'client_id': '2'}
[2024-06-19 20:06:02,520][root][INFO] - Added data to batch for client 2: {'round': 5, 'step_no': 546, 'loss': 0.14790916442871094, 'accuracy': 0.9537500143051147, 'l2_norm': 2.537005662918091, 'computation_time': 0.04143095016479492, 'batch_time': 0.04389869814622216, 'rtc_check_time': 0.0014106000016909093, 'experiment_id': 'exp_20240619_200443', 'client_id': '2'}
[2024-06-19 20:06:02,521][root][INFO] - Added data to batch for client 2: {'round': 5, 'step_no': 547, 'loss': 0.5500068664550781, 'accuracy': 0.953125, 'l2_norm': 2.6090335845947266, 'computation_time': 0.0403590202331543, 'batch_time': 0.04446412553807022, 'rtc_check_time': 0.002592101001937408, 'experiment_id': 'exp_20240619_200443', 'client_id': '2'}
[2024-06-19 20:06:02,522][root][INFO] - Added data to batch for client 2: {'round': 5, 'step_no': 548, 'loss': 0.264382928609848, 'accuracy': 0.9530019760131836, 'l2_norm': 2.6539082527160645, 'computation_time': 0.04076814651489258, 'batch_time': 0.0448949668352725, 'rtc_check_time': 0.0029960009997012094, 'experiment_id': 'exp_20240619_200443', 'client_id': '2'}
[2024-06-19 20:06:02,523][root][INFO] - Added data to batch for client 2: {'round': 5, 'step_no': 549, 'loss': 0.07113000750541687, 'accuracy': 0.953125, 'l2_norm': 2.6615333557128906, 'computation_time': 0.05397295951843262, 'batch_time': 0.05747510326182237, 'rtc_check_time': 0.0022452009943663143, 'experiment_id': 'exp_20240619_200443', 'client_id': '2'}
[2024-06-19 20:06:02,524][root][INFO] - Added data to batch for client 2: {'round': 5, 'step_no': 550, 'loss': 0.08089548349380493, 'accuracy': 0.9532461166381836, 'l2_norm': 2.650792121887207, 'computation_time': 0.04458308219909668, 'batch_time': 0.04758240337105235, 'rtc_check_time': 0.001793399998859968, 'experiment_id': 'exp_20240619_200443', 'client_id': '2'}
[2024-06-19 20:06:02,525][root][INFO] - Added data to batch for client 2: {'round': 5, 'step_no': 551, 'loss': 0.1866433471441269, 'accuracy': 0.9533653855323792, 'l2_norm': 2.651353359222412, 'computation_time': 0.0420989990234375, 'batch_time': 0.0462073095550295, 'rtc_check_time': 0.0027951009979005903, 'experiment_id': 'exp_20240619_200443', 'client_id': '2'}
[2024-06-19 20:06:02,526][root][INFO] - Added data to batch for client 2: {'round': 5, 'step_no': 552, 'loss': 0.08084313571453094, 'accuracy': 0.9532442688941956, 'l2_norm': 2.662912368774414, 'computation_time': 0.03919100761413574, 'batch_time': 0.050475357711547986, 'rtc_check_time': 0.010233401000732556, 'experiment_id': 'exp_20240619_200443', 'client_id': '2'}
[2024-06-19 20:06:02,527][root][INFO] - Added data to batch for client 2: {'round': 5, 'step_no': 553, 'loss': 0.16501301527023315, 'accuracy': 0.953125, 'l2_norm': 2.7220468521118164, 'computation_time': 0.052076101303100586, 'batch_time': 0.055147024686448276, 'rtc_check_time': 0.0016211000038310885, 'experiment_id': 'exp_20240619_200443', 'client_id': '2'}
[2024-06-19 20:06:02,528][root][INFO] - Added data to batch for client 2: {'round': 5, 'step_no': 554, 'loss': 0.08235956728458405, 'accuracy': 0.9532424807548523, 'l2_norm': 2.733396291732788, 'computation_time': 0.041152000427246094, 'batch_time': 0.04437501183565473, 'rtc_check_time': 0.0020909999948344193, 'experiment_id': 'exp_20240619_200443', 'client_id': '2'}
[2024-06-19 20:06:02,529][root][INFO] - Added data to batch for client 2: {'round': 5, 'step_no': 555, 'loss': 0.051817089319229126, 'accuracy': 0.9535914063453674, 'l2_norm': 2.733736038208008, 'computation_time': 0.04546093940734863, 'batch_time': 0.04968444436235586, 'rtc_check_time': 0.002671400005056057, 'experiment_id': 'exp_20240619_200443', 'client_id': '2'}
[2024-06-19 20:06:02,530][root][INFO] - Added data to batch for client 2: {'round': 5, 'step_no': 556, 'loss': 0.0456521213054657, 'accuracy': 0.9539352059364319, 'l2_norm': 2.729280710220337, 'computation_time': 0.03906989097595215, 'batch_time': 0.04544667326263152, 'rtc_check_time': 0.005125800002133474, 'experiment_id': 'exp_20240619_200443', 'client_id': '2'}
[2024-06-19 20:06:02,531][root][INFO] - Added data to batch for client 2: {'round': 5, 'step_no': 557, 'loss': 0.17069607973098755, 'accuracy': 0.9538143277168274, 'l2_norm': 2.7400949001312256, 'computation_time': 0.04636812210083008, 'batch_time': 0.05128760585648706, 'rtc_check_time': 0.0029027009950368665, 'experiment_id': 'exp_20240619_200443', 'client_id': '2'}
[2024-06-19 20:06:02,532][root][INFO] - Added data to batch for client 2: {'round': 5, 'step_no': 558, 'loss': 0.05262927711009979, 'accuracy': 0.954151451587677, 'l2_norm': 2.7383997440338135, 'computation_time': 0.04240608215332031, 'batch_time': 0.04521036599908257, 'rtc_check_time': 0.0015564010027446784, 'experiment_id': 'exp_20240619_200443', 'client_id': '2'}
[2024-06-19 20:06:02,533][root][INFO] - Added data to batch for client 2: {'round': 5, 'step_no': 559, 'loss': 0.33422091603279114, 'accuracy': 0.9538043737411499, 'l2_norm': 2.8133981227874756, 'computation_time': 0.041687965393066406, 'batch_time': 0.04546838777605444, 'rtc_check_time': 0.0025385000044479966, 'experiment_id': 'exp_20240619_200443', 'client_id': '2'}
[2024-06-19 20:06:02,534][root][INFO] - Added data to batch for client 2: {'round': 5, 'step_no': 560, 'loss': 0.14170219004154205, 'accuracy': 0.9536870718002319, 'l2_norm': 2.8585832118988037, 'computation_time': 0.04487299919128418, 'batch_time': 0.04762966025737114, 'rtc_check_time': 0.001595801004441455, 'experiment_id': 'exp_20240619_200443', 'client_id': '2'}
[2024-06-19 20:06:02,535][root][INFO] - Added data to batch for client 2: {'round': 5, 'step_no': 561, 'loss': 0.3246297836303711, 'accuracy': 0.953125, 'l2_norm': 2.943941593170166, 'computation_time': 0.04108905792236328, 'batch_time': 0.045238019185489975, 'rtc_check_time': 0.00295209999603685, 'experiment_id': 'exp_20240619_200443', 'client_id': '2'}
[2024-06-19 20:06:02,536][root][INFO] - Added data to batch for client 2: {'round': 5, 'step_no': 562, 'loss': 0.12228125333786011, 'accuracy': 0.9530141949653625, 'l2_norm': 2.9723453521728516, 'computation_time': 0.04130816459655762, 'batch_time': 0.04763717210153118, 'rtc_check_time': 0.0051753000007011, 'experiment_id': 'exp_20240619_200443', 'client_id': '2'}
[2024-06-19 20:06:02,537][root][INFO] - Added data to batch for client 2: {'round': 5, 'step_no': 563, 'loss': 0.11943349987268448, 'accuracy': 0.953125, 'l2_norm': 2.9906809329986572, 'computation_time': 0.04579305648803711, 'batch_time': 0.04969605905353092, 'rtc_check_time': 0.002679199998965487, 'experiment_id': 'exp_20240619_200443', 'client_id': '2'}
[2024-06-19 20:06:02,538][root][INFO] - Added data to batch for client 2: {'round': 5, 'step_no': 564, 'loss': 0.126065194606781, 'accuracy': 0.9530157446861267, 'l2_norm': 3.0036540031433105, 'computation_time': 0.04094219207763672, 'batch_time': 0.04882312357221963, 'rtc_check_time': 0.006604200003494043, 'experiment_id': 'exp_20240619_200443', 'client_id': '2'}
[2024-06-19 20:06:02,540][root][INFO] - Added data to batch for client 2: {'round': 5, 'step_no': 565, 'loss': 0.034223102033138275, 'accuracy': 0.9533420205116272, 'l2_norm': 3.0175063610076904, 'computation_time': 0.04892396926879883, 'batch_time': 0.051607164488814306, 'rtc_check_time': 0.0014613000021199696, 'experiment_id': 'exp_20240619_200443', 'client_id': '2'}
[2024-06-19 20:06:02,541][root][INFO] - Added data to batch for client 2: {'round': 5, 'step_no': 566, 'loss': 0.035671353340148926, 'accuracy': 0.9536637663841248, 'l2_norm': 3.0206363201141357, 'computation_time': 0.04263782501220703, 'batch_time': 0.04810863401507959, 'rtc_check_time': 0.00441080000018701, 'experiment_id': 'exp_20240619_200443', 'client_id': '2'}
[2024-06-19 20:06:02,542][root][INFO] - Added data to batch for client 2: {'round': 5, 'step_no': 567, 'loss': 0.05027006193995476, 'accuracy': 0.9539811611175537, 'l2_norm': 3.0357680320739746, 'computation_time': 0.04637908935546875, 'batch_time': 0.051780195979517885, 'rtc_check_time': 0.004066200999659486, 'experiment_id': 'exp_20240619_200443', 'client_id': '2'}
[2024-06-19 20:06:02,543][root][INFO] - Added data to batch for client 2: {'round': 5, 'step_no': 568, 'loss': 0.2557876408100128, 'accuracy': 0.9538690447807312, 'l2_norm': 3.1093719005584717, 'computation_time': 0.04674887657165527, 'batch_time': 0.055640486665652134, 'rtc_check_time': 0.007581500001833774, 'experiment_id': 'exp_20240619_200443', 'client_id': '2'}
[2024-06-19 20:06:02,544][root][INFO] - Added data to batch for client 2: {'round': 5, 'step_no': 569, 'loss': 0.30080458521842957, 'accuracy': 0.9537584185600281, 'l2_norm': 3.2070515155792236, 'computation_time': 0.05320906639099121, 'batch_time': 0.05862666349275969, 'rtc_check_time': 0.0037737009988632053, 'experiment_id': 'exp_20240619_200443', 'client_id': '2'}
[2024-06-19 20:06:02,545][root][INFO] - Added data to batch for client 2: {'round': 5, 'step_no': 570, 'loss': 0.026334941387176514, 'accuracy': 0.9540687799453735, 'l2_norm': 3.205186367034912, 'computation_time': 0.04857611656188965, 'batch_time': 0.053769542231748346, 'rtc_check_time': 0.0034574999954202212, 'experiment_id': 'exp_20240619_200443', 'client_id': '2'}
[2024-06-19 20:06:02,546][root][INFO] - Added data to batch for client 2: {'round': 5, 'step_no': 571, 'loss': 0.05456637218594551, 'accuracy': 0.9543750286102295, 'l2_norm': 3.2072434425354004, 'computation_time': 0.04456806182861328, 'batch_time': 0.04910865367128281, 'rtc_check_time': 0.003251701004046481, 'experiment_id': 'exp_20240619_200443', 'client_id': '2'}
[2024-06-19 20:06:02,547][root][INFO] - Added data to batch for client 2: {'round': 5, 'step_no': 572, 'loss': 0.14004719257354736, 'accuracy': 0.9540562629699707, 'l2_norm': 3.250075101852417, 'computation_time': 0.041503190994262695, 'batch_time': 0.059020311673521064, 'rtc_check_time': 0.016425402005552314, 'experiment_id': 'exp_20240619_200443', 'client_id': '2'}
[2024-06-19 20:06:02,548][root][INFO] - Added data to batch for client 2: {'round': 5, 'step_no': 573, 'loss': 0.054102152585983276, 'accuracy': 0.9543585777282715, 'l2_norm': 3.2571911811828613, 'computation_time': 0.04678988456726074, 'batch_time': 0.05202228123380337, 'rtc_check_time': 0.0029884010000387207, 'experiment_id': 'exp_20240619_200443', 'client_id': '2'}
[2024-06-19 20:06:02,549][root][INFO] - Added data to batch for client 2: {'round': 5, 'step_no': 574, 'loss': 0.1339540034532547, 'accuracy': 0.954452633857727, 'l2_norm': 3.328890085220337, 'computation_time': 0.04258012771606445, 'batch_time': 0.04829357378912391, 'rtc_check_time': 0.0044267010016483255, 'experiment_id': 'exp_20240619_200443', 'client_id': '2'}
[2024-06-19 20:06:02,550][root][INFO] - Added data to batch for client 2: {'round': 5, 'step_no': 575, 'loss': 0.4671894907951355, 'accuracy': 0.9537337422370911, 'l2_norm': 3.4820892810821533, 'computation_time': 0.04082083702087402, 'batch_time': 0.0519293847901281, 'rtc_check_time': 0.010087400994962081, 'experiment_id': 'exp_20240619_200443', 'client_id': '2'}
[2024-06-19 20:06:02,551][root][INFO] - Added data to batch for client 2: {'round': 5, 'step_no': 576, 'loss': 0.3425231873989105, 'accuracy': 0.9536290168762207, 'l2_norm': 3.5681002140045166, 'computation_time': 0.038461923599243164, 'batch_time': 0.04364030990836909, 'rtc_check_time': 0.004163199999311473, 'experiment_id': 'exp_20240619_200443', 'client_id': '2'}
[2024-06-19 20:06:02,552][root][INFO] - Added data to batch for client 2: {'round': 5, 'step_no': 577, 'loss': 0.05473976209759712, 'accuracy': 0.9539262652397156, 'l2_norm': 3.558441162109375, 'computation_time': 0.043623924255371094, 'batch_time': 0.04652842373616295, 'rtc_check_time': 0.0015354999995906837, 'experiment_id': 'exp_20240619_200443', 'client_id': '2'}
[2024-06-19 20:06:02,553][root][INFO] - Added data to batch for client 2: {'round': 5, 'step_no': 578, 'loss': 0.10786639153957367, 'accuracy': 0.9540206789970398, 'l2_norm': 3.558363676071167, 'computation_time': 0.03855395317077637, 'batch_time': 0.045905577957455534, 'rtc_check_time': 0.006245600998227019, 'experiment_id': 'exp_20240619_200443', 'client_id': '2'}
[2024-06-19 20:06:02,554][root][INFO] - Added data to batch for client 2: {'round': 5, 'step_no': 579, 'loss': 0.152019202709198, 'accuracy': 0.9539161324501038, 'l2_norm': 3.5817246437072754, 'computation_time': 0.04141592979431152, 'batch_time': 0.04528521031170385, 'rtc_check_time': 0.0026511999967624433, 'experiment_id': 'exp_20240619_200443', 'client_id': '2'}
[2024-06-19 20:06:02,555][root][INFO] - Added data to batch for client 2: {'round': 5, 'step_no': 580, 'loss': 0.18030670285224915, 'accuracy': 0.9538128972053528, 'l2_norm': 3.6125681400299072, 'computation_time': 0.04095196723937988, 'batch_time': 0.045063913603371475, 'rtc_check_time': 0.0029549009996117093, 'experiment_id': 'exp_20240619_200443', 'client_id': '2'}
[2024-06-19 20:06:02,556][root][INFO] - Added data to batch for client 2: {'round': 5, 'step_no': 581, 'loss': 0.20986109972000122, 'accuracy': 0.953320324420929, 'l2_norm': 3.6484358310699463, 'computation_time': 0.04140901565551758, 'batch_time': 0.044688399699225556, 'rtc_check_time': 0.001995499995246064, 'experiment_id': 'exp_20240619_200443', 'client_id': '2'}
[2024-06-19 20:06:02,557][root][INFO] - Added data to batch for client 2: {'round': 5, 'step_no': 582, 'loss': 0.03916158527135849, 'accuracy': 0.9536102414131165, 'l2_norm': 3.6617345809936523, 'computation_time': 0.03855109214782715, 'batch_time': 0.04237106217624387, 'rtc_check_time': 0.0027571000027819537, 'experiment_id': 'exp_20240619_200443', 'client_id': '2'}
[2024-06-19 20:06:02,558][root][INFO] - Added data to batch for client 2: {'round': 5, 'step_no': 583, 'loss': 0.11052814871072769, 'accuracy': 0.9537037014961243, 'l2_norm': 3.6988213062286377, 'computation_time': 0.041404008865356445, 'batch_time': 0.053685238475736696, 'rtc_check_time': 0.011031201000150759, 'experiment_id': 'exp_20240619_200443', 'client_id': '2'}
[2024-06-19 20:06:02,559][root][INFO] - Added data to batch for client 2: {'round': 5, 'step_no': 584, 'loss': 0.3822600245475769, 'accuracy': 0.9534125924110413, 'l2_norm': 3.723586320877075, 'computation_time': 0.040737152099609375, 'batch_time': 0.04552501874422887, 'rtc_check_time': 0.0036580009982571937, 'experiment_id': 'exp_20240619_200443', 'client_id': '2'}
[2024-06-19 20:06:02,560][root][INFO] - Added data to batch for client 2: {'round': 5, 'step_no': 585, 'loss': 0.21394073963165283, 'accuracy': 0.953125, 'l2_norm': 3.734729290008545, 'computation_time': 0.04221606254577637, 'batch_time': 0.044712068083754275, 'rtc_check_time': 0.0014112010030657984, 'experiment_id': 'exp_20240619_200443', 'client_id': '2'}
[2024-06-19 20:06:02,561][root][INFO] - Added data to batch for client 2: {'round': 5, 'step_no': 586, 'loss': 0.13453328609466553, 'accuracy': 0.9530302882194519, 'l2_norm': 3.7984251976013184, 'computation_time': 0.04143381118774414, 'batch_time': 0.04553941589983879, 'rtc_check_time': 0.0029364000001805834, 'experiment_id': 'exp_20240619_200443', 'client_id': '2'}
[2024-06-19 20:06:02,562][root][INFO] - Added data to batch for client 2: {'round': 5, 'step_no': 587, 'loss': 0.13531982898712158, 'accuracy': 0.953125, 'l2_norm': 3.800550699234009, 'computation_time': 0.04120802879333496, 'batch_time': 0.04835708897735458, 'rtc_check_time': 0.00559910100128036, 'experiment_id': 'exp_20240619_200443', 'client_id': '2'}
[2024-06-19 20:06:02,563][root][INFO] - Added data to batch for client 2: {'round': 5, 'step_no': 588, 'loss': 0.07010824233293533, 'accuracy': 0.9532185792922974, 'l2_norm': 3.8214080333709717, 'computation_time': 0.038665056228637695, 'batch_time': 0.04328670576796867, 'rtc_check_time': 0.003359700000146404, 'experiment_id': 'exp_20240619_200443', 'client_id': '2'}
[2024-06-19 20:06:02,565][root][INFO] - Added data to batch for client 2: {'round': 5, 'step_no': 589, 'loss': 0.16278260946273804, 'accuracy': 0.952938973903656, 'l2_norm': 3.8373870849609375, 'computation_time': 0.04205799102783203, 'batch_time': 0.04783686466544168, 'rtc_check_time': 0.004607999995641876, 'experiment_id': 'exp_20240619_200443', 'client_id': '2'}
[2024-06-19 20:06:02,566][root][INFO] - Added data to batch for client 2: {'round': 5, 'step_no': 590, 'loss': 0.08254092186689377, 'accuracy': 0.9530325531959534, 'l2_norm': 3.8555638790130615, 'computation_time': 0.03856205940246582, 'batch_time': 0.046158630633726716, 'rtc_check_time': 0.006497700000181794, 'experiment_id': 'exp_20240619_200443', 'client_id': '2'}
[2024-06-19 20:06:02,567][root][INFO] - Added data to batch for client 2: {'round': 5, 'step_no': 591, 'loss': 0.026170289143919945, 'accuracy': 0.9533088207244873, 'l2_norm': 3.8666837215423584, 'computation_time': 0.04051709175109863, 'batch_time': 0.0448460025145323, 'rtc_check_time': 0.0032359999968321063, 'experiment_id': 'exp_20240619_200443', 'client_id': '2'}
[2024-06-19 20:06:02,568][root][INFO] - Added data to batch for client 2: {'round': 5, 'step_no': 592, 'loss': 0.06915648281574249, 'accuracy': 0.953399121761322, 'l2_norm': 3.866654872894287, 'computation_time': 0.04425215721130371, 'batch_time': 0.04731962144433055, 'rtc_check_time': 0.0018016999965766445, 'experiment_id': 'exp_20240619_200443', 'client_id': '2'}
[2024-06-19 20:06:02,569][root][INFO] - Added data to batch for client 2: {'round': 5, 'step_no': 593, 'loss': 0.14662833511829376, 'accuracy': 0.9534883499145508, 'l2_norm': 3.903455972671509, 'computation_time': 0.04200100898742676, 'batch_time': 0.04701651208597468, 'rtc_check_time': 0.003746401001990307, 'experiment_id': 'exp_20240619_200443', 'client_id': '2'}
[2024-06-19 20:06:02,570][root][INFO] - Added data to batch for client 2: {'round': 5, 'step_no': 594, 'loss': 0.16876032948493958, 'accuracy': 0.9533959627151489, 'l2_norm': 3.9592678546905518, 'computation_time': 0.040637969970703125, 'batch_time': 0.044475519069237635, 'rtc_check_time': 0.002786600001854822, 'experiment_id': 'exp_20240619_200443', 'client_id': '2'}
[2024-06-19 20:06:02,571][root][INFO] - Added data to batch for client 2: {'round': 5, 'step_no': 595, 'loss': 0.3453308939933777, 'accuracy': 0.9533045887947083, 'l2_norm': 4.052154541015625, 'computation_time': 0.0448610782623291, 'batch_time': 0.047524803812848404, 'rtc_check_time': 0.0015247999981511384, 'experiment_id': 'exp_20240619_200443', 'client_id': '2'}
[2024-06-19 20:06:02,572][root][INFO] - Added data to batch for client 2: {'round': 5, 'step_no': 596, 'loss': 0.1397908329963684, 'accuracy': 0.9533928632736206, 'l2_norm': 4.041557788848877, 'computation_time': 0.04612088203430176, 'batch_time': 0.051815649298077915, 'rtc_check_time': 0.004061599996930454, 'experiment_id': 'exp_20240619_200443', 'client_id': '2'}
[2024-06-19 20:06:02,573][root][INFO] - Added data to batch for client 2: {'round': 5, 'step_no': 597, 'loss': 0.059187427163124084, 'accuracy': 0.9536576867103577, 'l2_norm': 4.051351070404053, 'computation_time': 0.041120052337646484, 'batch_time': 0.04471741152519826, 'rtc_check_time': 0.0020474000048125163, 'experiment_id': 'exp_20240619_200443', 'client_id': '2'}
[2024-06-19 20:06:02,574][root][INFO] - Added data to batch for client 2: {'round': 5, 'step_no': 598, 'loss': 0.09999007731676102, 'accuracy': 0.9535663723945618, 'l2_norm': 4.0296735763549805, 'computation_time': 0.04090595245361328, 'batch_time': 0.04550719806138659, 'rtc_check_time': 0.003269201006332878, 'experiment_id': 'exp_20240619_200443', 'client_id': '2'}
[2024-06-19 20:06:02,575][root][INFO] - Added data to batch for client 2: {'round': 5, 'step_no': 599, 'loss': 0.09294699877500534, 'accuracy': 0.9534761309623718, 'l2_norm': 4.024031639099121, 'computation_time': 0.04244518280029297, 'batch_time': 0.0475954975336208, 'rtc_check_time': 0.003988500997365918, 'experiment_id': 'exp_20240619_200443', 'client_id': '2'}
[2024-06-19 20:06:02,576][root][INFO] - Added data to batch for client 2: {'round': 5, 'step_no': 600, 'loss': 0.13912594318389893, 'accuracy': 0.9533868432044983, 'l2_norm': 4.045497894287109, 'computation_time': 0.040598154067993164, 'batch_time': 0.04312496659986209, 'rtc_check_time': 0.001401000001351349, 'experiment_id': 'exp_20240619_200443', 'client_id': '2'}
[2024-06-19 20:06:02,577][root][INFO] - Added data to batch for client 2: {'round': 5, 'step_no': 601, 'loss': 0.2432650327682495, 'accuracy': 0.953125, 'l2_norm': 4.146061897277832, 'computation_time': 0.03926205635070801, 'batch_time': 0.04597035241749836, 'rtc_check_time': 0.005619199997454416, 'experiment_id': 'exp_20240619_200443', 'client_id': '2'}
[2024-06-19 20:06:02,578][root][INFO] - Added data to batch for client 2: {'round': 5, 'step_no': 602, 'loss': 0.1270226389169693, 'accuracy': 0.9532113075256348, 'l2_norm': 4.162442207336426, 'computation_time': 0.04105401039123535, 'batch_time': 0.0437078111935989, 'rtc_check_time': 0.0014628999997512437, 'experiment_id': 'exp_20240619_200443', 'client_id': '2'}
[2024-06-19 20:06:02,580][root][INFO] - Added data to batch for client 2: {'round': 5, 'step_no': 603, 'loss': 0.05875900387763977, 'accuracy': 0.9532967209815979, 'l2_norm': 4.201676368713379, 'computation_time': 0.046167850494384766, 'batch_time': 0.04938312005106127, 'rtc_check_time': 0.0021071000010124408, 'experiment_id': 'exp_20240619_200443', 'client_id': '2'}
[2024-06-19 20:06:02,581][root][INFO] - Added data to batch for client 2: {'round': 5, 'step_no': 604, 'loss': 0.17638042569160461, 'accuracy': 0.9532103538513184, 'l2_norm': 4.267623424530029, 'computation_time': 0.03878498077392578, 'batch_time': 0.04175997564016143, 'rtc_check_time': 0.0019219000023440458, 'experiment_id': 'exp_20240619_200443', 'client_id': '2'}
[2024-06-19 20:06:02,582][root][INFO] - Added data to batch for client 2: {'round': 5, 'step_no': 605, 'loss': 0.08437848836183548, 'accuracy': 0.953125, 'l2_norm': 4.3200578689575195, 'computation_time': 0.042781829833984375, 'batch_time': 0.04571631156431977, 'rtc_check_time': 0.0016804000042611733, 'experiment_id': 'exp_20240619_200443', 'client_id': '2'}
[2024-06-19 20:06:02,583][root][INFO] - Added data to batch for client 2: {'round': 5, 'step_no': 606, 'loss': 0.09171462059020996, 'accuracy': 0.9532094597816467, 'l2_norm': 4.297660827636719, 'computation_time': 0.04314112663269043, 'batch_time': 0.04760678266757168, 'rtc_check_time': 0.0032769009994808584, 'experiment_id': 'exp_20240619_200443', 'client_id': '2'}
[2024-06-19 20:06:02,584][root][INFO] - Added data to batch for client 2: {'round': 5, 'step_no': 607, 'loss': 0.09398351609706879, 'accuracy': 0.953125, 'l2_norm': 4.3387932777404785, 'computation_time': 0.04092001914978027, 'batch_time': 0.04472653662378434, 'rtc_check_time': 0.0021476010006153956, 'experiment_id': 'exp_20240619_200443', 'client_id': '2'}
[2024-06-19 20:06:02,585][root][INFO] - Added data to batch for client 2: {'round': 5, 'step_no': 608, 'loss': 0.14103373885154724, 'accuracy': 0.9532085657119751, 'l2_norm': 4.3696208000183105, 'computation_time': 0.04759812355041504, 'batch_time': 0.05051064146391582, 'rtc_check_time': 0.0016458000027341768, 'experiment_id': 'exp_20240619_200443', 'client_id': '2'}
[2024-06-19 20:06:02,586][root][INFO] - Added data to batch for client 2: {'round': 5, 'step_no': 609, 'loss': 0.16469882428646088, 'accuracy': 0.953125, 'l2_norm': 4.396883487701416, 'computation_time': 0.043647050857543945, 'batch_time': 0.05144148354884237, 'rtc_check_time': 0.006689600995741785, 'experiment_id': 'exp_20240619_200443', 'client_id': '2'}
[2024-06-19 20:06:02,587][root][INFO] - Added data to batch for client 2: {'round': 5, 'step_no': 610, 'loss': 0.08817718923091888, 'accuracy': 0.9532076716423035, 'l2_norm': 4.4408698081970215, 'computation_time': 0.039834022521972656, 'batch_time': 0.04367517338687321, 'rtc_check_time': 0.0027573000043048523, 'experiment_id': 'exp_20240619_200443', 'client_id': '2'}
[2024-06-19 20:06:02,588][root][INFO] - Added data to batch for client 2: {'round': 5, 'step_no': 611, 'loss': 0.05241501331329346, 'accuracy': 0.9534539580345154, 'l2_norm': 4.452558994293213, 'computation_time': 0.040947914123535156, 'batch_time': 0.045881836384069175, 'rtc_check_time': 0.003477899997960776, 'experiment_id': 'exp_20240619_200443', 'client_id': '2'}
[2024-06-19 20:06:02,589][root][INFO] - Added data to batch for client 2: {'round': 5, 'step_no': 612, 'loss': 0.10085694491863251, 'accuracy': 0.9535340070724487, 'l2_norm': 4.518065452575684, 'computation_time': 0.04085087776184082, 'batch_time': 0.04419360339670675, 'rtc_check_time': 0.002161599993996788, 'experiment_id': 'exp_20240619_200443', 'client_id': '2'}
[2024-06-19 20:06:02,590][root][INFO] - Added data to batch for client 2: {'round': 5, 'step_no': 613, 'loss': 0.1240072175860405, 'accuracy': 0.95361328125, 'l2_norm': 4.504194736480713, 'computation_time': 0.05743408203125, 'batch_time': 0.06247075185819995, 'rtc_check_time': 0.0031987010006560013, 'experiment_id': 'exp_20240619_200443', 'client_id': '2'}
[2024-06-19 20:06:02,591][root][INFO] - Added data to batch for client 2: {'round': 5, 'step_no': 614, 'loss': 0.035906653851270676, 'accuracy': 0.9538536071777344, 'l2_norm': 4.523176670074463, 'computation_time': 0.04888582229614258, 'batch_time': 0.052760408412723336, 'rtc_check_time': 0.001876400005130563, 'experiment_id': 'exp_20240619_200443', 'client_id': '2'}
[2024-06-19 20:06:02,593][root][INFO] - Added data to batch for client 2: {'round': 5, 'step_no': 615, 'loss': 0.08912855386734009, 'accuracy': 0.9539304375648499, 'l2_norm': 4.561883926391602, 'computation_time': 0.043602943420410156, 'batch_time': 0.047141312978055794, 'rtc_check_time': 0.002430200001981575, 'experiment_id': 'exp_20240619_200443', 'client_id': '2'}
[2024-06-19 20:06:02,594][root][INFO] - Added data to batch for client 2: {'round': 5, 'step_no': 616, 'loss': 0.06163191795349121, 'accuracy': 0.9540064334869385, 'l2_norm': 4.539076328277588, 'computation_time': 0.049906015396118164, 'batch_time': 0.06032542166940402, 'rtc_check_time': 0.009253301002900116, 'experiment_id': 'exp_20240619_200443', 'client_id': '2'}
[2024-06-19 20:06:02,595][root][INFO] - Added data to batch for client 2: {'round': 5, 'step_no': 617, 'loss': 0.16801363229751587, 'accuracy': 0.9539222121238708, 'l2_norm': 4.616201877593994, 'computation_time': 0.0513150691986084, 'batch_time': 0.054138745574164204, 'rtc_check_time': 0.0013636009971378371, 'experiment_id': 'exp_20240619_200443', 'client_id': '2'}
[2024-06-19 20:06:02,597][root][INFO] - Added data to batch for client 2: {'round': 5, 'step_no': 618, 'loss': 0.2152601033449173, 'accuracy': 0.9538388252258301, 'l2_norm': 4.65174674987793, 'computation_time': 0.04201698303222656, 'batch_time': 0.04651524418295594, 'rtc_check_time': 0.0032952010005828924, 'experiment_id': 'exp_20240619_200443', 'client_id': '2'}
[2024-06-19 20:06:02,598][root][INFO] - Added data to batch for client 2: {'round': 5, 'step_no': 619, 'loss': 0.16525691747665405, 'accuracy': 0.9537563323974609, 'l2_norm': 4.661700248718262, 'computation_time': 0.041953086853027344, 'batch_time': 0.056014898771536537, 'rtc_check_time': 0.01283610200334806, 'experiment_id': 'exp_20240619_200443', 'client_id': '2'}
[2024-06-19 20:06:02,599][root][INFO] - Added data to batch for client 2: {'round': 5, 'step_no': 620, 'loss': 0.17285043001174927, 'accuracy': 0.953831672668457, 'l2_norm': 4.73037576675415, 'computation_time': 0.040357112884521484, 'batch_time': 0.043757122446550056, 'rtc_check_time': 0.0023431000008713454, 'experiment_id': 'exp_20240619_200443', 'client_id': '2'}
[2024-06-19 20:06:02,600][root][INFO] - Added data to batch for client 2: {'round': 5, 'step_no': 621, 'loss': 0.06296560168266296, 'accuracy': 0.9540625214576721, 'l2_norm': 4.711076259613037, 'computation_time': 0.04123401641845703, 'batch_time': 0.0443960561970016, 'rtc_check_time': 0.0019739999988814816, 'experiment_id': 'exp_20240619_200443', 'client_id': '2'}
[2024-06-19 20:06:02,601][root][INFO] - Added data to batch for client 2: {'round': 5, 'step_no': 622, 'loss': 0.11102365702390671, 'accuracy': 0.9539800882339478, 'l2_norm': 4.793510913848877, 'computation_time': 0.0414271354675293, 'batch_time': 0.04573282445926452, 'rtc_check_time': 0.003091900005529169, 'experiment_id': 'exp_20240619_200443', 'client_id': '2'}
[2024-06-19 20:06:02,602][root][INFO] - Added data to batch for client 2: {'round': 5, 'step_no': 623, 'loss': 0.27588725090026855, 'accuracy': 0.9538984894752502, 'l2_norm': 4.835599899291992, 'computation_time': 0.04604792594909668, 'batch_time': 0.05112702004407765, 'rtc_check_time': 0.0038509999940288253, 'experiment_id': 'exp_20240619_200443', 'client_id': '2'}
[2024-06-19 20:06:02,603][root][INFO] - Added data to batch for client 2: {'round': 5, 'step_no': 624, 'loss': 0.03703554719686508, 'accuracy': 0.9541256427764893, 'l2_norm': 4.8458428382873535, 'computation_time': 0.0377349853515625, 'batch_time': 0.04059725546539994, 'rtc_check_time': 0.0017571999997016974, 'experiment_id': 'exp_20240619_200443', 'client_id': '2'}
[2024-06-19 20:06:02,604][root][INFO] - Added data to batch for client 2: {'round': 5, 'step_no': 625, 'loss': 0.1368018388748169, 'accuracy': 0.9541972875595093, 'l2_norm': 4.863361835479736, 'computation_time': 0.04849600791931152, 'batch_time': 0.05318289767456008, 'rtc_check_time': 0.0028369999999995343, 'experiment_id': 'exp_20240619_200443', 'client_id': '2'}
[2024-06-19 20:06:02,605][root][INFO] - Added data to batch for client 2: {'round': 5, 'step_no': 626, 'loss': 0.05217062681913376, 'accuracy': 0.9544207453727722, 'l2_norm': 4.881922721862793, 'computation_time': 0.0510258674621582, 'batch_time': 0.055732986314978916, 'rtc_check_time': 0.0035310000021127053, 'experiment_id': 'exp_20240619_200443', 'client_id': '2'}
[2024-06-19 20:06:02,606][root][INFO] - Added data to batch for client 2: {'round': 5, 'step_no': 627, 'loss': 0.04055448994040489, 'accuracy': 0.9544903039932251, 'l2_norm': 4.894211292266846, 'computation_time': 0.04657602310180664, 'batch_time': 0.04928281337925, 'rtc_check_time': 0.0014147999972919933, 'experiment_id': 'exp_20240619_200443', 'client_id': '2'}
[2024-06-19 20:06:02,607][root][INFO] - Added data to batch for client 2: {'round': 5, 'step_no': 628, 'loss': 0.07883257418870926, 'accuracy': 0.9545592069625854, 'l2_norm': 4.890451908111572, 'computation_time': 0.04080510139465332, 'batch_time': 0.04483283288573148, 'rtc_check_time': 0.0029589010009658523, 'experiment_id': 'exp_20240619_200443', 'client_id': '2'}
[2024-06-19 20:06:02,608][root][INFO] - Added data to batch for client 2: {'round': 5, 'step_no': 629, 'loss': 0.023661578074097633, 'accuracy': 0.9547776579856873, 'l2_norm': 4.898031234741211, 'computation_time': 0.03821396827697754, 'batch_time': 0.042061743974045385, 'rtc_check_time': 0.0027736999982153066, 'experiment_id': 'exp_20240619_200443', 'client_id': '2'}
[2024-06-19 20:06:02,609][root][INFO] - Added data to batch for client 2: {'round': 5, 'step_no': 630, 'loss': 0.3437696397304535, 'accuracy': 0.9543959498405457, 'l2_norm': 4.944475173950195, 'computation_time': 0.04070305824279785, 'batch_time': 0.04779522794706281, 'rtc_check_time': 0.005851201000041328, 'experiment_id': 'exp_20240619_200443', 'client_id': '2'}
[2024-06-19 20:06:02,610][root][INFO] - Added data to batch for client 2: {'round': 5, 'step_no': 631, 'loss': 0.06661880761384964, 'accuracy': 0.9546130895614624, 'l2_norm': 4.945767402648926, 'computation_time': 0.041749000549316406, 'batch_time': 0.04474848954123445, 'rtc_check_time': 0.0017857000057119876, 'experiment_id': 'exp_20240619_200443', 'client_id': '2'}
[2024-06-19 20:06:02,611][root][INFO] - Added data to batch for client 2: {'round': 5, 'step_no': 632, 'loss': 0.05731980502605438, 'accuracy': 0.9548282027244568, 'l2_norm': 4.975048065185547, 'computation_time': 0.041664838790893555, 'batch_time': 0.05198713039862923, 'rtc_check_time': 0.008605201001046225, 'experiment_id': 'exp_20240619_200443', 'client_id': '2'}
[2024-06-19 20:06:02,612][root][INFO] - Added data to batch for client 2: {'round': 5, 'step_no': 633, 'loss': 0.09894070029258728, 'accuracy': 0.9548938870429993, 'l2_norm': 5.034036159515381, 'computation_time': 0.049612998962402344, 'batch_time': 0.052826168517640326, 'rtc_check_time': 0.00210499999957392, 'experiment_id': 'exp_20240619_200443', 'client_id': '2'}
[2024-06-19 20:06:02,613][root][INFO] - Added data to batch for client 2: {'round': 5, 'step_no': 634, 'loss': 0.01810164749622345, 'accuracy': 0.9551056623458862, 'l2_norm': 5.03448486328125, 'computation_time': 0.04043698310852051, 'batch_time': 0.04637149978225352, 'rtc_check_time': 0.004655400996853132, 'experiment_id': 'exp_20240619_200443', 'client_id': '2'}
[2024-06-19 20:06:02,614][root][INFO] - Added data to batch for client 2: {'round': 5, 'step_no': 635, 'loss': 0.145638108253479, 'accuracy': 0.9550233483314514, 'l2_norm': 5.1009416580200195, 'computation_time': 0.04339313507080078, 'batch_time': 0.047427570178115275, 'rtc_check_time': 0.002857601000869181, 'experiment_id': 'exp_20240619_200443', 'client_id': '2'}
[2024-06-19 20:06:02,615][root][INFO] - Added data to batch for client 2: {'round': 5, 'step_no': 636, 'loss': 0.026440681889653206, 'accuracy': 0.955232560634613, 'l2_norm': 5.121333122253418, 'computation_time': 0.04886603355407715, 'batch_time': 0.05134497827384621, 'rtc_check_time': 0.001361000002361834, 'experiment_id': 'exp_20240619_200443', 'client_id': '2'}
[2024-06-19 20:06:02,616][root][INFO] - Added data to batch for client 2: {'round': 5, 'step_no': 637, 'loss': 0.16321127116680145, 'accuracy': 0.9551504850387573, 'l2_norm': 5.18333625793457, 'computation_time': 0.03938102722167969, 'batch_time': 0.05058975321298931, 'rtc_check_time': 0.010066700997413136, 'experiment_id': 'exp_20240619_200443', 'client_id': '2'}
[2024-06-19 20:06:02,617][root][INFO] - Added data to batch for client 2: {'round': 5, 'step_no': 638, 'loss': 0.016916364431381226, 'accuracy': 0.9553571343421936, 'l2_norm': 5.185215950012207, 'computation_time': 0.04221510887145996, 'batch_time': 0.04547143553645583, 'rtc_check_time': 0.0021235999956843443, 'experiment_id': 'exp_20240619_200443', 'client_id': '2'}
[2024-06-19 20:06:02,619][root][INFO] - Added data to batch for client 2: {'round': 5, 'step_no': 639, 'loss': 0.034949466586112976, 'accuracy': 0.9555619359016418, 'l2_norm': 5.190135955810547, 'computation_time': 0.03896594047546387, 'batch_time': 0.04402535627014004, 'rtc_check_time': 0.00399440000182949, 'experiment_id': 'exp_20240619_200443', 'client_id': '2'}
[2024-06-19 20:06:02,620][root][INFO] - Added data to batch for client 2: {'round': 5, 'step_no': 640, 'loss': 0.32506370544433594, 'accuracy': 0.9554794430732727, 'l2_norm': 5.294551372528076, 'computation_time': 0.04306292533874512, 'batch_time': 0.046198916621506214, 'rtc_check_time': 0.0016361000016331673, 'experiment_id': 'exp_20240619_200443', 'client_id': '2'}
[2024-06-19 20:06:02,621][root][INFO] - Added data to batch for client 2: {'round': 5, 'step_no': 641, 'loss': 0.1696617156267166, 'accuracy': 0.9555397629737854, 'l2_norm': 5.319919586181641, 'computation_time': 0.04342293739318848, 'batch_time': 0.04684037026891019, 'rtc_check_time': 0.002020300002186559, 'experiment_id': 'exp_20240619_200443', 'client_id': '2'}
[2024-06-19 20:06:02,621][root][INFO] - Added batch data list for client 2. New Data Added: 220
[2024-06-19 20:06:02,627][root][INFO] - Batch data saved to /home/psklavos/fl/geom_aio/csv_logs/exp_20240619_200443/clients/client_2/batch.csv
[2024-06-19 20:06:02,627][root][INFO] - Appended data to last row of column distributed_loss in server data for client None
[2024-06-19 20:06:02,628][root][INFO] - Appended data to last row of column distributed_acc in server data for client None
[2024-06-19 20:06:02,628][root][INFO] - Appended {'distributed_loss': 0.10707067201534907, 'distributed_acc': 0.965499997138977} to the last row of server data
[2024-06-19 20:06:02,629][root][INFO] - Server data saved to /home/psklavos/fl/geom_aio/csv_logs/exp_20240619_200443/server/server.csv
[2024-06-19 20:06:02,629][flwr][INFO] - FL finished in 69.59486838900193
[2024-06-19 20:06:02,629][flwr][INFO] - app_fit: losses_distributed [(1, 1.2050737142562866), (2, 0.3503498136997223), (3, 0.18311627705891928), (4, 0.11955054104328156), (5, 0.10707067201534907)]
[2024-06-19 20:06:02,629][flwr][INFO] - app_fit: metrics_distributed_fit {'average_norm': [(1, 5.106319109598796), (2, 5.039714654286702), (3, 5.007043520609538), (4, 5.024029890696208), (5, 5.024304548899333)], 'round_time': [(1, 3.759331597199097), (2, 5.346787328521485), (3, 8.52824793678296), (4, 12.664375781029907), (5, 13.82580562686792)], 'average_downlink_time': [(1, 0.6706665773333333), (2, 0.7907028973333334), (3, 0.670729644), (4, 0.6630192413333333), (5, 0.6992536893333333)], 'average_rtc_check_time': [(1, 0.12476998131508783), (2, 0.27284672631746315), (3, 0.5025397236822755), (4, 0.7415547699614157), (5, 0.8611982566750763)], 'average_uplink_time': [(1, 0.6063125326666666), (2, 0.5791610963333333), (3, 0.41337220033333333), (4, 0.9784004816666667), (5, 0.39175153599999996)], 'average_computation_time': [(1, 2.0427772204081216), (2, 3.327706734339396), (3, 6.319545904795329), (4, 9.250356753667196), (5, 10.898640155792236)], 'average_communication_time': [(1, 1.4017490913150876), (2, 1.64271071998413), (3, 1.5866415680156087), (4, 2.3829744929614156), (5, 1.9522034820084098)], 'average_fit_time': [(1, 2.388804038365682), (2, 3.873517910639445), (3, 7.296613295873006), (4, 10.64251438776652), (5, 12.54237405459086)], 'average_throughput': [(1, 3.695221445904219), (2, 3.8746694150314904), (3, 5.679389578634837), (4, 2.463731882328537), (5, 6.170474571227094)], 'dropouts': [(1, 0), (2, 0), (3, 0), (4, 0), (5, 0)]}
[2024-06-19 20:06:02,629][flwr][INFO] - app_fit: metrics_distributed {'accuracy': [(1, 0.7195000052452087), (2, 0.9006666739781698), (3, 0.9441666603088379), (4, 0.9598333438237509), (5, 0.965499997138977)]}
[2024-06-19 20:06:02,629][flwr][INFO] - app_fit: losses_centralized [(0, 2.343256), (1, 1.1700625), (2, 0.32209206), (3, 0.16674934), (4, 0.10886798), (5, 0.094843216)]
[2024-06-19 20:06:02,630][flwr][INFO] - app_fit: metrics_centralized {'accuracy': [(0, 0.0311), (1, 0.7299), (2, 0.9108), (3, 0.9491), (4, 0.964), (5, 0.9688)]}
