This is pdfTeX, Version 3.141592653-2.6-1.40.26 (MiKTeX 24.3) (preloaded format=pdflatex 2024.3.27)  3 JUN 2024 14:36
entering extended mode
 restricted \write18 enabled.
 file:line:error style messages enabled.
 %&-line parsing enabled.
**c:/Users/Sklavos17/Desktop/thesis/diploma-thesis/main.tex
(c:/Users/Sklavos17/Desktop/thesis/diploma-thesis/main.tex
LaTeX2e <2023-11-01> patch level 1
L3 programming layer <2024-03-14>
(thesis.cls
Document Class: thesis 2024/04/01 1.0 LaTeX document class.
(C:\Programs\MikTex\tex/latex/base\ifthen.sty
Package: ifthen 2022/04/13 v1.1d Standard LaTeX ifthen package (DPC)
) (C:\Programs\MikTex\tex/latex/graphics\graphicx.sty
Package: graphicx 2021/09/16 v1.2d Enhanced LaTeX Graphics (DPC,SPQR)
 (C:\Programs\MikTex\tex/latex/graphics\keyval.sty
Package: keyval 2022/05/29 v1.15 key=value parser (DPC)
\KV@toks@=\toks17
) (C:\Programs\MikTex\tex/latex/graphics\graphics.sty
Package: graphics 2022/03/10 v1.4e Standard LaTeX Graphics (DPC,SPQR)
 (C:\Programs\MikTex\tex/latex/graphics\trig.sty
Package: trig 2021/08/11 v1.11 sin cos tan (DPC)
) (C:\Programs\MikTex\tex/latex/graphics-cfg\graphics.cfg
File: graphics.cfg 2016/06/04 v1.11 sample graphics configuration
)
Package graphics Info: Driver file: pdftex.def on input line 107.
 (C:\Programs\MikTex\tex/latex/graphics-def\pdftex.def
File: pdftex.def 2022/09/22 v1.2b Graphics/color driver for pdftex
))
\Gin@req@height=\dimen140
\Gin@req@width=\dimen141
) (C:\Programs\MikTex\tex/latex/fancyhdr\fancyhdr.sty
Package: fancyhdr 2022/11/09 v4.1 Extensive control of page headers and footers
\f@nch@headwidth=\skip48
\f@nch@O@elh=\skip49
\f@nch@O@erh=\skip50
\f@nch@O@olh=\skip51
\f@nch@O@orh=\skip52
\f@nch@O@elf=\skip53
\f@nch@O@erf=\skip54
\f@nch@O@olf=\skip55
\f@nch@O@orf=\skip56
) (C:\Programs\MikTex\tex/latex/base\book.cls
Document Class: book 2023/05/17 v1.4n Standard LaTeX document class
(C:\Programs\MikTex\tex/latex/base\bk10.clo
File: bk10.clo 2023/05/17 v1.4n Standard LaTeX file (size option)
)
\c@part=\count188
\c@chapter=\count189
\c@section=\count190
\c@subsection=\count191
\c@subsubsection=\count192
\c@paragraph=\count193
\c@subparagraph=\count194
\c@figure=\count195
\c@table=\count196
\abovecaptionskip=\skip57
\belowcaptionskip=\skip58
\bibindent=\dimen142
) (C:\Programs\MikTex\tex/generic/babel\babel.sty
Package: babel 2024/02/07 v24.2 The Babel package
\babel@savecnt=\count197
\U@D=\dimen143
\l@unhyphenated=\language79
 (C:\Programs\MikTex\tex/generic/babel\txtbabel.def)
\bbl@readstream=\read2
\bbl@dirlevel=\count198

*************************************
* Local config file bblopts.cfg used
*
(C:\Programs\MikTex\tex/latex/arabi\bblopts.cfg
File: bblopts.cfg 2005/09/08 v0.1 add Arabic and Farsi to "declared" options of babel
) (C:\Programs\MikTex\tex/latex/babel-greek\greek.ldf
Language: greek 2023/10/13 1.15 Greek support for the babel system
\bbl@monogreek=\count199
\bbl@polygreek=\count266
\bbl@ancientgreek=\count267
 (C:\Programs\MikTex\tex/latex/greek-fontenc\lgrenc.def
File: lgrenc.def 2023-09-12 2.5 LGR Greek font encoding definitions
Now handling font encoding LGR ...
... processing UTF-8 mapping file for font encoding LGR
 (C:\Programs\MikTex\tex/latex/greek-inputenc\lgrenc.dfu
File: lgrenc.dfu 2023-03-21 1.9 UTF-8 support for Greek
   defining Unicode char U+00A8 (decimal 168)
   defining Unicode char U+00AB (decimal 171)
   defining Unicode char U+00AF (decimal 175)
   defining Unicode char U+00B4 (decimal 180)
   defining Unicode char U+00B7 (decimal 183)
   defining Unicode char U+00BB (decimal 187)
   defining Unicode char U+0259 (decimal 601)
   defining Unicode char U+02D8 (decimal 728)
   defining Unicode char U+0374 (decimal 884)
   defining Unicode char U+0375 (decimal 885)
   defining Unicode char U+037A (decimal 890)
   defining Unicode char U+037E (decimal 894)
   defining Unicode char U+0384 (decimal 900)
   defining Unicode char U+0385 (decimal 901)
   defining Unicode char U+0386 (decimal 902)
   defining Unicode char U+0387 (decimal 903)
   defining Unicode char U+0388 (decimal 904)
   defining Unicode char U+0389 (decimal 905)
   defining Unicode char U+038A (decimal 906)
   defining Unicode char U+038C (decimal 908)
   defining Unicode char U+038E (decimal 910)
   defining Unicode char U+038F (decimal 911)
   defining Unicode char U+0390 (decimal 912)
   defining Unicode char U+0391 (decimal 913)
   defining Unicode char U+0392 (decimal 914)
   defining Unicode char U+0393 (decimal 915)
   defining Unicode char U+0394 (decimal 916)
   defining Unicode char U+0395 (decimal 917)
   defining Unicode char U+0396 (decimal 918)
   defining Unicode char U+0397 (decimal 919)
   defining Unicode char U+0398 (decimal 920)
   defining Unicode char U+0399 (decimal 921)
   defining Unicode char U+039A (decimal 922)
   defining Unicode char U+039B (decimal 923)
   defining Unicode char U+039C (decimal 924)
   defining Unicode char U+039D (decimal 925)
   defining Unicode char U+039E (decimal 926)
   defining Unicode char U+039F (decimal 927)
   defining Unicode char U+03A0 (decimal 928)
   defining Unicode char U+03A1 (decimal 929)
   defining Unicode char U+03A3 (decimal 931)
   defining Unicode char U+03A4 (decimal 932)
   defining Unicode char U+03A5 (decimal 933)
   defining Unicode char U+03A6 (decimal 934)
   defining Unicode char U+03A7 (decimal 935)
   defining Unicode char U+03A8 (decimal 936)
   defining Unicode char U+03A9 (decimal 937)
   defining Unicode char U+03AA (decimal 938)
   defining Unicode char U+03AB (decimal 939)
   defining Unicode char U+03AC (decimal 940)
   defining Unicode char U+03AD (decimal 941)
   defining Unicode char U+03AE (decimal 942)
   defining Unicode char U+03AF (decimal 943)
   defining Unicode char U+03B0 (decimal 944)
   defining Unicode char U+03B1 (decimal 945)
   defining Unicode char U+03B2 (decimal 946)
   defining Unicode char U+03B3 (decimal 947)
   defining Unicode char U+03B4 (decimal 948)
   defining Unicode char U+03B5 (decimal 949)
   defining Unicode char U+03B6 (decimal 950)
   defining Unicode char U+03B7 (decimal 951)
   defining Unicode char U+03B8 (decimal 952)
   defining Unicode char U+03B9 (decimal 953)
   defining Unicode char U+03BA (decimal 954)
   defining Unicode char U+03BB (decimal 955)
   defining Unicode char U+03BC (decimal 956)
   defining Unicode char U+03BD (decimal 957)
   defining Unicode char U+03BE (decimal 958)
   defining Unicode char U+03BF (decimal 959)
   defining Unicode char U+03C0 (decimal 960)
   defining Unicode char U+03C1 (decimal 961)
   defining Unicode char U+03C2 (decimal 962)
   defining Unicode char U+03C3 (decimal 963)
   defining Unicode char U+03C4 (decimal 964)
   defining Unicode char U+03C5 (decimal 965)
   defining Unicode char U+03C6 (decimal 966)
   defining Unicode char U+03C7 (decimal 967)
   defining Unicode char U+03C8 (decimal 968)
   defining Unicode char U+03C9 (decimal 969)
   defining Unicode char U+03CA (decimal 970)
   defining Unicode char U+03CB (decimal 971)
   defining Unicode char U+03CC (decimal 972)
   defining Unicode char U+03CD (decimal 973)
   defining Unicode char U+03CE (decimal 974)
   defining Unicode char U+03D0 (decimal 976)
   defining Unicode char U+03D1 (decimal 977)
   defining Unicode char U+03D5 (decimal 981)
   defining Unicode char U+03D6 (decimal 982)
   defining Unicode char U+03D8 (decimal 984)
   defining Unicode char U+03D9 (decimal 985)
   defining Unicode char U+03DA (decimal 986)
   defining Unicode char U+03DB (decimal 987)
   defining Unicode char U+03DC (decimal 988)
   defining Unicode char U+03DD (decimal 989)
   defining Unicode char U+03DE (decimal 990)
   defining Unicode char U+03DF (decimal 991)
   defining Unicode char U+03E0 (decimal 992)
   defining Unicode char U+03E1 (decimal 993)
   defining Unicode char U+03F0 (decimal 1008)
   defining Unicode char U+03F1 (decimal 1009)
   defining Unicode char U+03F4 (decimal 1012)
   defining Unicode char U+03F5 (decimal 1013)
   defining Unicode char U+1F00 (decimal 7936)
   defining Unicode char U+1F01 (decimal 7937)
   defining Unicode char U+1F02 (decimal 7938)
   defining Unicode char U+1F03 (decimal 7939)
   defining Unicode char U+1F04 (decimal 7940)
   defining Unicode char U+1F05 (decimal 7941)
   defining Unicode char U+1F06 (decimal 7942)
   defining Unicode char U+1F07 (decimal 7943)
   defining Unicode char U+1F08 (decimal 7944)
   defining Unicode char U+1F09 (decimal 7945)
   defining Unicode char U+1F0A (decimal 7946)
   defining Unicode char U+1F0B (decimal 7947)
   defining Unicode char U+1F0C (decimal 7948)
   defining Unicode char U+1F0D (decimal 7949)
   defining Unicode char U+1F0E (decimal 7950)
   defining Unicode char U+1F0F (decimal 7951)
   defining Unicode char U+1F10 (decimal 7952)
   defining Unicode char U+1F11 (decimal 7953)
   defining Unicode char U+1F12 (decimal 7954)
   defining Unicode char U+1F13 (decimal 7955)
   defining Unicode char U+1F14 (decimal 7956)
   defining Unicode char U+1F15 (decimal 7957)
   defining Unicode char U+1F18 (decimal 7960)
   defining Unicode char U+1F19 (decimal 7961)
   defining Unicode char U+1F1A (decimal 7962)
   defining Unicode char U+1F1B (decimal 7963)
   defining Unicode char U+1F1C (decimal 7964)
   defining Unicode char U+1F1D (decimal 7965)
   defining Unicode char U+1F20 (decimal 7968)
   defining Unicode char U+1F21 (decimal 7969)
   defining Unicode char U+1F22 (decimal 7970)
   defining Unicode char U+1F23 (decimal 7971)
   defining Unicode char U+1F24 (decimal 7972)
   defining Unicode char U+1F25 (decimal 7973)
   defining Unicode char U+1F26 (decimal 7974)
   defining Unicode char U+1F27 (decimal 7975)
   defining Unicode char U+1F28 (decimal 7976)
   defining Unicode char U+1F29 (decimal 7977)
   defining Unicode char U+1F2A (decimal 7978)
   defining Unicode char U+1F2B (decimal 7979)
   defining Unicode char U+1F2C (decimal 7980)
   defining Unicode char U+1F2D (decimal 7981)
   defining Unicode char U+1F2E (decimal 7982)
   defining Unicode char U+1F2F (decimal 7983)
   defining Unicode char U+1F30 (decimal 7984)
   defining Unicode char U+1F31 (decimal 7985)
   defining Unicode char U+1F32 (decimal 7986)
   defining Unicode char U+1F33 (decimal 7987)
   defining Unicode char U+1F34 (decimal 7988)
   defining Unicode char U+1F35 (decimal 7989)
   defining Unicode char U+1F36 (decimal 7990)
   defining Unicode char U+1F37 (decimal 7991)
   defining Unicode char U+1F38 (decimal 7992)
   defining Unicode char U+1F39 (decimal 7993)
   defining Unicode char U+1F3A (decimal 7994)
   defining Unicode char U+1F3B (decimal 7995)
   defining Unicode char U+1F3C (decimal 7996)
   defining Unicode char U+1F3D (decimal 7997)
   defining Unicode char U+1F3E (decimal 7998)
   defining Unicode char U+1F3F (decimal 7999)
   defining Unicode char U+1F40 (decimal 8000)
   defining Unicode char U+1F41 (decimal 8001)
   defining Unicode char U+1F42 (decimal 8002)
   defining Unicode char U+1F43 (decimal 8003)
   defining Unicode char U+1F44 (decimal 8004)
   defining Unicode char U+1F45 (decimal 8005)
   defining Unicode char U+1F48 (decimal 8008)
   defining Unicode char U+1F49 (decimal 8009)
   defining Unicode char U+1F4A (decimal 8010)
   defining Unicode char U+1F4B (decimal 8011)
   defining Unicode char U+1F4C (decimal 8012)
   defining Unicode char U+1F4D (decimal 8013)
   defining Unicode char U+1F50 (decimal 8016)
   defining Unicode char U+1F51 (decimal 8017)
   defining Unicode char U+1F52 (decimal 8018)
   defining Unicode char U+1F53 (decimal 8019)
   defining Unicode char U+1F54 (decimal 8020)
   defining Unicode char U+1F55 (decimal 8021)
   defining Unicode char U+1F56 (decimal 8022)
   defining Unicode char U+1F57 (decimal 8023)
   defining Unicode char U+1F59 (decimal 8025)
   defining Unicode char U+1F5B (decimal 8027)
   defining Unicode char U+1F5D (decimal 8029)
   defining Unicode char U+1F5F (decimal 8031)
   defining Unicode char U+1F60 (decimal 8032)
   defining Unicode char U+1F61 (decimal 8033)
   defining Unicode char U+1F62 (decimal 8034)
   defining Unicode char U+1F63 (decimal 8035)
   defining Unicode char U+1F64 (decimal 8036)
   defining Unicode char U+1F65 (decimal 8037)
   defining Unicode char U+1F66 (decimal 8038)
   defining Unicode char U+1F67 (decimal 8039)
   defining Unicode char U+1F68 (decimal 8040)
   defining Unicode char U+1F69 (decimal 8041)
   defining Unicode char U+1F6A (decimal 8042)
   defining Unicode char U+1F6B (decimal 8043)
   defining Unicode char U+1F6C (decimal 8044)
   defining Unicode char U+1F6D (decimal 8045)
   defining Unicode char U+1F6E (decimal 8046)
   defining Unicode char U+1F6F (decimal 8047)
   defining Unicode char U+1F70 (decimal 8048)
   defining Unicode char U+1F71 (decimal 8049)
   defining Unicode char U+1F72 (decimal 8050)
   defining Unicode char U+1F73 (decimal 8051)
   defining Unicode char U+1F74 (decimal 8052)
   defining Unicode char U+1F75 (decimal 8053)
   defining Unicode char U+1F76 (decimal 8054)
   defining Unicode char U+1F77 (decimal 8055)
   defining Unicode char U+1F78 (decimal 8056)
   defining Unicode char U+1F79 (decimal 8057)
   defining Unicode char U+1F7A (decimal 8058)
   defining Unicode char U+1F7B (decimal 8059)
   defining Unicode char U+1F7C (decimal 8060)
   defining Unicode char U+1F7D (decimal 8061)
   defining Unicode char U+1F80 (decimal 8064)
   defining Unicode char U+1F81 (decimal 8065)
   defining Unicode char U+1F82 (decimal 8066)
   defining Unicode char U+1F83 (decimal 8067)
   defining Unicode char U+1F84 (decimal 8068)
   defining Unicode char U+1F85 (decimal 8069)
   defining Unicode char U+1F86 (decimal 8070)
   defining Unicode char U+1F87 (decimal 8071)
   defining Unicode char U+1F88 (decimal 8072)
   defining Unicode char U+1F89 (decimal 8073)
   defining Unicode char U+1F8A (decimal 8074)
   defining Unicode char U+1F8B (decimal 8075)
   defining Unicode char U+1F8C (decimal 8076)
   defining Unicode char U+1F8D (decimal 8077)
   defining Unicode char U+1F8E (decimal 8078)
   defining Unicode char U+1F8F (decimal 8079)
   defining Unicode char U+1F90 (decimal 8080)
   defining Unicode char U+1F91 (decimal 8081)
   defining Unicode char U+1F92 (decimal 8082)
   defining Unicode char U+1F93 (decimal 8083)
   defining Unicode char U+1F94 (decimal 8084)
   defining Unicode char U+1F95 (decimal 8085)
   defining Unicode char U+1F96 (decimal 8086)
   defining Unicode char U+1F97 (decimal 8087)
   defining Unicode char U+1F98 (decimal 8088)
   defining Unicode char U+1F99 (decimal 8089)
   defining Unicode char U+1F9A (decimal 8090)
   defining Unicode char U+1F9B (decimal 8091)
   defining Unicode char U+1F9C (decimal 8092)
   defining Unicode char U+1F9D (decimal 8093)
   defining Unicode char U+1F9E (decimal 8094)
   defining Unicode char U+1F9F (decimal 8095)
   defining Unicode char U+1FA0 (decimal 8096)
   defining Unicode char U+1FA1 (decimal 8097)
   defining Unicode char U+1FA2 (decimal 8098)
   defining Unicode char U+1FA3 (decimal 8099)
   defining Unicode char U+1FA4 (decimal 8100)
   defining Unicode char U+1FA5 (decimal 8101)
   defining Unicode char U+1FA6 (decimal 8102)
   defining Unicode char U+1FA7 (decimal 8103)
   defining Unicode char U+1FA8 (decimal 8104)
   defining Unicode char U+1FA9 (decimal 8105)
   defining Unicode char U+1FAA (decimal 8106)
   defining Unicode char U+1FAB (decimal 8107)
   defining Unicode char U+1FAC (decimal 8108)
   defining Unicode char U+1FAD (decimal 8109)
   defining Unicode char U+1FAE (decimal 8110)
   defining Unicode char U+1FAF (decimal 8111)
   defining Unicode char U+1FB0 (decimal 8112)
   defining Unicode char U+1FB1 (decimal 8113)
   defining Unicode char U+1FB2 (decimal 8114)
   defining Unicode char U+1FB3 (decimal 8115)
   defining Unicode char U+1FB4 (decimal 8116)
   defining Unicode char U+1FB6 (decimal 8118)
   defining Unicode char U+1FB7 (decimal 8119)
   defining Unicode char U+1FB8 (decimal 8120)
   defining Unicode char U+1FB9 (decimal 8121)
   defining Unicode char U+1FBA (decimal 8122)
   defining Unicode char U+1FBB (decimal 8123)
   defining Unicode char U+1FBC (decimal 8124)
   defining Unicode char U+1FBD (decimal 8125)
   defining Unicode char U+1FBE (decimal 8126)
   defining Unicode char U+1FBF (decimal 8127)
   defining Unicode char U+1FC0 (decimal 8128)
   defining Unicode char U+1FC1 (decimal 8129)
   defining Unicode char U+1FC2 (decimal 8130)
   defining Unicode char U+1FC3 (decimal 8131)
   defining Unicode char U+1FC4 (decimal 8132)
   defining Unicode char U+1FC6 (decimal 8134)
   defining Unicode char U+1FC7 (decimal 8135)
   defining Unicode char U+1FC8 (decimal 8136)
   defining Unicode char U+1FC9 (decimal 8137)
   defining Unicode char U+1FCA (decimal 8138)
   defining Unicode char U+1FCB (decimal 8139)
   defining Unicode char U+1FCC (decimal 8140)
   defining Unicode char U+1FCD (decimal 8141)
   defining Unicode char U+1FCE (decimal 8142)
   defining Unicode char U+1FCF (decimal 8143)
   defining Unicode char U+1FD0 (decimal 8144)
   defining Unicode char U+1FD1 (decimal 8145)
   defining Unicode char U+1FD2 (decimal 8146)
   defining Unicode char U+1FD3 (decimal 8147)
   defining Unicode char U+1FD6 (decimal 8150)
   defining Unicode char U+1FD7 (decimal 8151)
   defining Unicode char U+1FD8 (decimal 8152)
   defining Unicode char U+1FD9 (decimal 8153)
   defining Unicode char U+1FDA (decimal 8154)
   defining Unicode char U+1FDB (decimal 8155)
   defining Unicode char U+1FDD (decimal 8157)
   defining Unicode char U+1FDE (decimal 8158)
   defining Unicode char U+1FDF (decimal 8159)
   defining Unicode char U+1FE0 (decimal 8160)
   defining Unicode char U+1FE1 (decimal 8161)
   defining Unicode char U+1FE2 (decimal 8162)
   defining Unicode char U+1FE3 (decimal 8163)
   defining Unicode char U+1FE4 (decimal 8164)
   defining Unicode char U+1FE5 (decimal 8165)
   defining Unicode char U+1FE6 (decimal 8166)
   defining Unicode char U+1FE7 (decimal 8167)
   defining Unicode char U+1FE8 (decimal 8168)
   defining Unicode char U+1FE9 (decimal 8169)
   defining Unicode char U+1FEA (decimal 8170)
   defining Unicode char U+1FEB (decimal 8171)
   defining Unicode char U+1FEC (decimal 8172)
   defining Unicode char U+1FED (decimal 8173)
   defining Unicode char U+1FEE (decimal 8174)
   defining Unicode char U+1FEF (decimal 8175)
   defining Unicode char U+1FF2 (decimal 8178)
   defining Unicode char U+1FF3 (decimal 8179)
   defining Unicode char U+1FF4 (decimal 8180)
   defining Unicode char U+1FF6 (decimal 8182)
   defining Unicode char U+1FF7 (decimal 8183)
   defining Unicode char U+1FF8 (decimal 8184)
   defining Unicode char U+1FF9 (decimal 8185)
   defining Unicode char U+1FFA (decimal 8186)
   defining Unicode char U+1FFB (decimal 8187)
   defining Unicode char U+1FFC (decimal 8188)
   defining Unicode char U+1FFD (decimal 8189)
   defining Unicode char U+1FFE (decimal 8190)
   defining Unicode char U+2013 (decimal 8211)
   defining Unicode char U+2014 (decimal 8212)
   defining Unicode char U+2018 (decimal 8216)
   defining Unicode char U+2019 (decimal 8217)
   defining Unicode char U+201A (decimal 8218)
   defining Unicode char U+2030 (decimal 8240)
   defining Unicode char U+2039 (decimal 8249)
   defining Unicode char U+203A (decimal 8250)
   defining Unicode char U+20AC (decimal 8364)
   defining Unicode char U+2126 (decimal 8486)
   defining Unicode char U+10144 (decimal 65860)
   defining Unicode char U+10145 (decimal 65861)
   defining Unicode char U+10146 (decimal 65862)
   defining Unicode char U+10147 (decimal 65863)
) (C:\Programs\MikTex\tex/latex/greek-fontenc\greek-fontenc.def
File: greek-fontenc.def 2023-09-12 2.5 Common Greek font encoding definitions
))) (C:\Programs\MikTex\tex/latex/babel-english\english.ldf
Language: english 2017/06/06 v3.3r English support from the babel system
Package babel Info: Hyphen rules for 'canadian' set to \l@english
(babel)             (\language0). Reported on input line 102.
Package babel Info: Hyphen rules for 'australian' set to \l@ukenglish
(babel)             (\language73). Reported on input line 105.
Package babel Info: Hyphen rules for 'newzealand' set to \l@ukenglish
(babel)             (\language73). Reported on input line 108.
)) (C:\Programs\MikTex\tex/generic/babel/locale/en\babel-english.tex
Package babel Info: Importing font and identification data for english
(babel)             from babel-en.ini. Reported on input line 11.
) (C:\Programs\MikTex\tex/generic/babel/locale/el\babel-greek.tex
Package babel Info: Importing font and identification data for greek
(babel)             from babel-el.ini. Reported on input line 11.
) (C:\Programs\MikTex\tex/latex/base\inputenc.sty
Package: inputenc 2021/02/14 v1.3d Input encoding file
\inpenc@prehook=\toks18
\inpenc@posthook=\toks19
) (C:\Programs\MikTex\tex/latex/base\fontenc.sty
Package: fontenc 2021/04/29 v2.0v Standard LaTeX package
) (C:\Programs\MikTex\tex/latex/varwidth\varwidth.sty
Package: varwidth 2009/03/30 ver 0.92;  Variable-width minipages
\@vwid@box=\box51
\sift@deathcycles=\count268
\@vwid@loff=\dimen144
\@vwid@roff=\dimen145
) (C:\Programs\MikTex\tex/latex/xstring\xstring.sty (C:\Programs\MikTex\tex/generic/xstring\xstring.tex
\xs_counta=\count269
\xs_countb=\count270
)
Package: xstring 2023/08/22 v1.86 String manipulations (CT)
) (C:\Programs\MikTex\tex/latex/tools\array.sty
Package: array 2023/10/16 v2.5g Tabular extension package (FMi)
\col@sep=\dimen146
\ar@mcellbox=\box52
\extrarowheight=\dimen147
\NC@list=\toks20
\extratabsurround=\skip59
\backup@length=\skip60
\ar@cellbox=\box53
) (C:\Programs\MikTex\tex/latex/calculator\calculator.sty
Package: calculator 2022/09/15 v.2.1
\cctr@lengtha=\dimen148
\cctr@lengthb=\dimen149
\cctr@epsilon=\dimen150
) (C:\Programs\MikTex\tex/latex/url\url.sty
\Urlmuskip=\muskip16
Package: url 2013/09/16  ver 3.4  Verb mode for urls, etc.
) (C:\Programs\MikTex\tex/latex/relsize\relsize.sty
Package: relsize 2013/03/29 ver 4.1
) (C:\Programs\MikTex\tex/latex/base\textcomp.sty
Package: textcomp 2020/02/02 v2.0n Standard LaTeX package
) (C:\Programs\MikTex\tex/latex/newfloat\newfloat.sty
Package: newfloat 2023/10/01 v1.2 Defining new floating environments (AR)
Package newfloat Info: Document class `book' detected (original).
)
Package newfloat Info: New float `illustration' with options ` fileext=loi, name=Eik'ona, placement=tbhp, within=chapter, ' on input line 783.
\c@illustration=\count271
\newfloat@ftype=\count272
Package newfloat Info: float type `illustration'=8 on input line 783.
 (C:\Programs\MikTex\tex/latex/amsmath\amsmath.sty
Package: amsmath 2023/05/13 v2.17o AMS math features
\@mathmargin=\skip61

For additional information on amsmath, use the `?' option.
(C:\Programs\MikTex\tex/latex/amsmath\amstext.sty
Package: amstext 2021/08/26 v2.01 AMS text
 (C:\Programs\MikTex\tex/latex/amsmath\amsgen.sty
File: amsgen.sty 1999/11/30 v2.0 generic functions
\@emptytoks=\toks21
\ex@=\dimen151
)) (C:\Programs\MikTex\tex/latex/amsmath\amsbsy.sty
Package: amsbsy 1999/11/29 v1.2d Bold Symbols
\pmbraise@=\dimen152
) (C:\Programs\MikTex\tex/latex/amsmath\amsopn.sty
Package: amsopn 2022/04/08 v2.04 operator names
)
\inf@bad=\count273
LaTeX Info: Redefining \frac on input line 234.
\uproot@=\count274
\leftroot@=\count275
LaTeX Info: Redefining \overline on input line 399.
LaTeX Info: Redefining \colon on input line 410.
\classnum@=\count276
\DOTSCASE@=\count277
LaTeX Info: Redefining \ldots on input line 496.
LaTeX Info: Redefining \dots on input line 499.
LaTeX Info: Redefining \cdots on input line 620.
\Mathstrutbox@=\box54
\strutbox@=\box55
LaTeX Info: Redefining \big on input line 722.
LaTeX Info: Redefining \Big on input line 723.
LaTeX Info: Redefining \bigg on input line 724.
LaTeX Info: Redefining \Bigg on input line 725.
\big@size=\dimen153
LaTeX Font Info:    Redeclaring font encoding OML on input line 743.
LaTeX Font Info:    Redeclaring font encoding OMS on input line 744.
\macc@depth=\count278
LaTeX Info: Redefining \bmod on input line 905.
LaTeX Info: Redefining \pmod on input line 910.
LaTeX Info: Redefining \smash on input line 940.
LaTeX Info: Redefining \relbar on input line 970.
LaTeX Info: Redefining \Relbar on input line 971.
\c@MaxMatrixCols=\count279
\dotsspace@=\muskip17
\c@parentequation=\count280
\dspbrk@lvl=\count281
\tag@help=\toks22
\row@=\count282
\column@=\count283
\maxfields@=\count284
\andhelp@=\toks23
\eqnshift@=\dimen154
\alignsep@=\dimen155
\tagshift@=\dimen156
\tagwidth@=\dimen157
\totwidth@=\dimen158
\lineht@=\dimen159
\@envbody=\toks24
\multlinegap=\skip62
\multlinetaggap=\skip63
\mathdisplay@stack=\toks25
LaTeX Info: Redefining \[ on input line 2953.
LaTeX Info: Redefining \] on input line 2954.
) (C:\Programs\MikTex\tex/latex/amscls\amsthm.sty
Package: amsthm 2020/05/29 v2.20.6
\thm@style=\toks26
\thm@bodyfont=\toks27
\thm@headfont=\toks28
\thm@notefont=\toks29
\thm@headpunct=\toks30
\thm@preskip=\skip64
\thm@postskip=\skip65
\thm@headsep=\skip66
\dth@everypar=\toks31
) (C:\Programs\MikTex\tex/latex/amsfonts\amssymb.sty
Package: amssymb 2013/01/14 v3.01 AMS font symbols
 (C:\Programs\MikTex\tex/latex/amsfonts\amsfonts.sty
Package: amsfonts 2013/01/14 v3.01 Basic AMSFonts support
\symAMSa=\mathgroup4
\symAMSb=\mathgroup5
LaTeX Font Info:    Redeclaring math symbol \hbar on input line 98.
LaTeX Font Info:    Overwriting math alphabet `\mathfrak' in version `bold'
(Font)                  U/euf/m/n --> U/euf/b/n on input line 106.
)) (C:\Programs\MikTex\tex/latex/kerkis\kmath.sty (C:\Programs\MikTex\tex/latex/txfonts\txfonts.sty
Package: txfonts 2008/01/22 v3.2.1
LaTeX Font Info:    Redeclaring symbol font `operators' on input line 21.
LaTeX Font Info:    Overwriting symbol font `operators' in version `normal'
(Font)                  OT1/cmr/m/n --> OT1/txr/m/n on input line 21.
LaTeX Font Info:    Overwriting symbol font `operators' in version `bold'
(Font)                  OT1/cmr/bx/n --> OT1/txr/m/n on input line 21.
LaTeX Font Info:    Overwriting symbol font `operators' in version `bold'
(Font)                  OT1/txr/m/n --> OT1/txr/bx/n on input line 22.
\symitalic=\mathgroup6
LaTeX Font Info:    Overwriting symbol font `italic' in version `bold'
(Font)                  OT1/txr/m/it --> OT1/txr/bx/it on input line 26.
LaTeX Font Info:    Redeclaring math alphabet \mathbf on input line 29.
LaTeX Font Info:    Overwriting math alphabet `\mathbf' in version `normal'
(Font)                  OT1/cmr/bx/n --> OT1/txr/bx/n on input line 29.
LaTeX Font Info:    Overwriting math alphabet `\mathbf' in version `bold'
(Font)                  OT1/cmr/bx/n --> OT1/txr/bx/n on input line 29.
LaTeX Font Info:    Redeclaring math alphabet \mathit on input line 30.
LaTeX Font Info:    Overwriting math alphabet `\mathit' in version `normal'
(Font)                  OT1/cmr/m/it --> OT1/txr/m/it on input line 30.
LaTeX Font Info:    Overwriting math alphabet `\mathit' in version `bold'
(Font)                  OT1/cmr/bx/it --> OT1/txr/m/it on input line 30.
LaTeX Font Info:    Overwriting math alphabet `\mathit' in version `bold'
(Font)                  OT1/txr/m/it --> OT1/txr/bx/it on input line 31.
LaTeX Font Info:    Redeclaring math alphabet \mathsf on input line 40.
LaTeX Font Info:    Overwriting math alphabet `\mathsf' in version `normal'
(Font)                  OT1/cmss/m/n --> OT1/txss/m/n on input line 40.
LaTeX Font Info:    Overwriting math alphabet `\mathsf' in version `bold'
(Font)                  OT1/cmss/bx/n --> OT1/txss/m/n on input line 40.
LaTeX Font Info:    Overwriting math alphabet `\mathsf' in version `bold'
(Font)                  OT1/txss/m/n --> OT1/txss/b/n on input line 41.
LaTeX Font Info:    Redeclaring math alphabet \mathtt on input line 50.
LaTeX Font Info:    Overwriting math alphabet `\mathtt' in version `normal'
(Font)                  OT1/cmtt/m/n --> OT1/txtt/m/n on input line 50.
LaTeX Font Info:    Overwriting math alphabet `\mathtt' in version `bold'
(Font)                  OT1/cmtt/m/n --> OT1/txtt/m/n on input line 50.
LaTeX Font Info:    Overwriting math alphabet `\mathtt' in version `bold'
(Font)                  OT1/txtt/m/n --> OT1/txtt/b/n on input line 51.
LaTeX Font Info:    Redeclaring symbol font `letters' on input line 58.
LaTeX Font Info:    Overwriting symbol font `letters' in version `normal'
(Font)                  OML/cmm/m/it --> OML/txmi/m/it on input line 58.
LaTeX Font Info:    Overwriting symbol font `letters' in version `bold'
(Font)                  OML/cmm/b/it --> OML/txmi/m/it on input line 58.
LaTeX Font Info:    Overwriting symbol font `letters' in version `bold'
(Font)                  OML/txmi/m/it --> OML/txmi/bx/it on input line 59.
\symlettersA=\mathgroup7
LaTeX Font Info:    Overwriting symbol font `lettersA' in version `bold'
(Font)                  U/txmia/m/it --> U/txmia/bx/it on input line 67.
LaTeX Font Info:    Redeclaring math alphabet \mathfrak on input line 70.
LaTeX Font Info:    Redeclaring symbol font `symbols' on input line 77.
LaTeX Font Info:    Overwriting symbol font `symbols' in version `normal'
(Font)                  OMS/cmsy/m/n --> OMS/txsy/m/n on input line 77.
LaTeX Font Info:    Overwriting symbol font `symbols' in version `bold'
(Font)                  OMS/cmsy/b/n --> OMS/txsy/m/n on input line 77.
LaTeX Font Info:    Overwriting symbol font `symbols' in version `bold'
(Font)                  OMS/txsy/m/n --> OMS/txsy/bx/n on input line 78.
LaTeX Font Info:    Redeclaring symbol font `AMSa' on input line 93.
LaTeX Font Info:    Overwriting symbol font `AMSa' in version `normal'
(Font)                  U/msa/m/n --> U/txsya/m/n on input line 93.
LaTeX Font Info:    Overwriting symbol font `AMSa' in version `bold'
(Font)                  U/msa/m/n --> U/txsya/m/n on input line 93.
LaTeX Font Info:    Overwriting symbol font `AMSa' in version `bold'
(Font)                  U/txsya/m/n --> U/txsya/bx/n on input line 94.
LaTeX Font Info:    Redeclaring symbol font `AMSb' on input line 102.
LaTeX Font Info:    Overwriting symbol font `AMSb' in version `normal'
(Font)                  U/msb/m/n --> U/txsyb/m/n on input line 102.
LaTeX Font Info:    Overwriting symbol font `AMSb' in version `bold'
(Font)                  U/msb/m/n --> U/txsyb/m/n on input line 102.
LaTeX Font Info:    Overwriting symbol font `AMSb' in version `bold'
(Font)                  U/txsyb/m/n --> U/txsyb/bx/n on input line 103.
\symsymbolsC=\mathgroup8
LaTeX Font Info:    Overwriting symbol font `symbolsC' in version `bold'
(Font)                  U/txsyc/m/n --> U/txsyc/bx/n on input line 113.
LaTeX Font Info:    Redeclaring symbol font `largesymbols' on input line 120.
LaTeX Font Info:    Overwriting symbol font `largesymbols' in version `normal'
(Font)                  OMX/cmex/m/n --> OMX/txex/m/n on input line 120.
LaTeX Font Info:    Overwriting symbol font `largesymbols' in version `bold'
(Font)                  OMX/cmex/m/n --> OMX/txex/m/n on input line 120.
LaTeX Font Info:    Overwriting symbol font `largesymbols' in version `bold'
(Font)                  OMX/txex/m/n --> OMX/txex/bx/n on input line 121.
\symlargesymbolsA=\mathgroup9
LaTeX Font Info:    Overwriting symbol font `largesymbolsA' in version `bold'
(Font)                  U/txexa/m/n --> U/txexa/bx/n on input line 129.
LaTeX Font Info:    Redeclaring math symbol \mathsterling on input line 164.
LaTeX Info: Redefining \not on input line 1043.
LaTeX Info: Redefining \textsquare on input line 1063.
LaTeX Info: Redefining \openbox on input line 1064.
)
LaTeX Font Info:    Redeclaring symbol font `letters' on input line 3.
LaTeX Font Info:    Overwriting symbol font `letters' in version `normal'
(Font)                  OML/txmi/m/it --> OML/mak/m/it on input line 3.
LaTeX Font Info:    Overwriting symbol font `letters' in version `bold'
(Font)                  OML/txmi/bx/it --> OML/mak/m/it on input line 3.
LaTeX Font Info:    Overwriting symbol font `letters' in version `bold'
(Font)                  OML/mak/m/it --> OML/mak/b/it on input line 4.
\symkerkisnumbers=\mathgroup10
LaTeX Font Info:    Overwriting symbol font `letters' in version `bold'
(Font)                  OML/mak/b/it --> OML/mak/b/it on input line 10.
LaTeX Font Info:    Overwriting math alphabet `\mathrm' in version `normal'
(Font)                  OT1/txr/m/n --> T1/txr/m/n on input line 21.
LaTeX Font Info:    Overwriting math alphabet `\mathbf' in version `normal'
(Font)                  OT1/txr/bx/n --> T1/txr/b/n on input line 22.
LaTeX Font Info:    Overwriting math alphabet `\mathit' in version `normal'
(Font)                  OT1/txr/m/it --> T1/txr/m/it on input line 23.
LaTeX Font Info:    Overwriting math alphabet `\mathsf' in version `normal'
(Font)                  OT1/txss/m/n --> T1/txss/m/n on input line 24.
LaTeX Font Info:    Overwriting math alphabet `\mathtt' in version `normal'
(Font)                  OT1/txtt/m/n --> T1/txtt/m/n on input line 25.
) (C:\Programs\MikTex\tex/latex/kerkis\kerkis.sty
File: kerkis.sty 2000/02/25 v1.5 Package `kerkis.sty'
   *********************************************** ******** Loading The Kerkis FontFamily ******** ********** Department of Mathematics ********** *********** University of the Aegean ********** ***********************************************
LaTeX Info: Redefining \LaTeX on input line 156.
LaTeX Info: Redefining \LaTeXe on input line 166.
) (C:\Programs\MikTex\tex/latex/bera\beramono.sty
Package: beramono 2004/01/31 (WaS)
) LaTeX Warning: (thesis.cls): The "noindex" option has been selected. Index generation has been disabled. To allow index generation, please remove the "noindex" option.
 
(C:\Programs\MikTex\tex/latex/hyperref\hyperref.sty
Package: hyperref 2024-01-20 v7.01h Hypertext links for LaTeX
 (C:\Programs\MikTex\tex/generic/iftex\iftex.sty
Package: iftex 2022/02/03 v1.0f TeX engine tests
) (C:\Programs\MikTex\tex/latex/kvsetkeys\kvsetkeys.sty
Package: kvsetkeys 2022-10-05 v1.19 Key value parser (HO)
) (C:\Programs\MikTex\tex/generic/kvdefinekeys\kvdefinekeys.sty
Package: kvdefinekeys 2019-12-19 v1.6 Define keys (HO)
) (C:\Programs\MikTex\tex/generic/pdfescape\pdfescape.sty
Package: pdfescape 2019/12/09 v1.15 Implements pdfTeX's escape features (HO)
 (C:\Programs\MikTex\tex/generic/ltxcmds\ltxcmds.sty
Package: ltxcmds 2023-12-04 v1.26 LaTeX kernel commands for general use (HO)
) (C:\Programs\MikTex\tex/generic/pdftexcmds\pdftexcmds.sty
Package: pdftexcmds 2020-06-27 v0.33 Utility functions of pdfTeX for LuaTeX (HO)
 (C:\Programs\MikTex\tex/generic/infwarerr\infwarerr.sty
Package: infwarerr 2019/12/03 v1.5 Providing info/warning/error messages (HO)
)
Package pdftexcmds Info: \pdf@primitive is available.
Package pdftexcmds Info: \pdf@ifprimitive is available.
Package pdftexcmds Info: \pdfdraftmode found.
)) (C:\Programs\MikTex\tex/latex/hycolor\hycolor.sty
Package: hycolor 2020-01-27 v1.10 Color options for hyperref/bookmark (HO)
) (C:\Programs\MikTex\tex/latex/auxhook\auxhook.sty
Package: auxhook 2019-12-17 v1.6 Hooks for auxiliary files (HO)
) (C:\Programs\MikTex\tex/latex/hyperref\nameref.sty
Package: nameref 2023-11-26 v2.56 Cross-referencing by name of section
 (C:\Programs\MikTex\tex/latex/refcount\refcount.sty
Package: refcount 2019/12/15 v3.6 Data extraction from label references (HO)
) (C:\Programs\MikTex\tex/generic/gettitlestring\gettitlestring.sty
Package: gettitlestring 2019/12/15 v1.6 Cleanup title references (HO)
 (C:\Programs\MikTex\tex/latex/kvoptions\kvoptions.sty
Package: kvoptions 2022-06-15 v3.15 Key value format for package options (HO)
))
\c@section@level=\count285
) (C:\Programs\MikTex\tex/latex/etoolbox\etoolbox.sty
Package: etoolbox 2020/10/05 v2.5k e-TeX tools for LaTeX (JAW)
\etb@tempcnta=\count286
)
\@linkdim=\dimen160
\Hy@linkcounter=\count287
\Hy@pagecounter=\count288
 (C:\Programs\MikTex\tex/latex/hyperref\pd1enc.def
File: pd1enc.def 2024-01-20 v7.01h Hyperref: PDFDocEncoding definition (HO)
Now handling font encoding PD1 ...
... no UTF-8 mapping file for font encoding PD1
) (C:\Programs\MikTex\tex/generic/intcalc\intcalc.sty
Package: intcalc 2019/12/15 v1.3 Expandable calculations with integers (HO)
)
\Hy@SavedSpaceFactor=\count289
 (C:\Programs\MikTex\tex/latex/hyperref\puenc.def
File: puenc.def 2024-01-20 v7.01h Hyperref: PDF Unicode definition (HO)
Now handling font encoding PU ...
... no UTF-8 mapping file for font encoding PU
 (C:\Programs\MikTex\tex/latex/greek-fontenc\puenc-greek.def
File: puenc-greek.def 2023-09-12 2.5 Greek LICRs for PDF strings
 (C:\Programs\MikTex\tex/latex/greek-fontenc\greek-fontenc.def
File: greek-fontenc.def 2023-09-12 2.5 Common Greek font encoding definitions
)))
Package hyperref Info: Option `unicode' set `true' on input line 4062.
Package hyperref Info: Hyper figures OFF on input line 4179.
Package hyperref Info: Link nesting OFF on input line 4184.
Package hyperref Info: Hyper index ON on input line 4187.
Package hyperref Info: Plain pages OFF on input line 4194.
Package hyperref Info: Backreferencing OFF on input line 4199.
Package hyperref Info: Implicit mode ON; LaTeX internals redefined.
Package hyperref Info: Bookmarks ON on input line 4446.
\c@Hy@tempcnt=\count290
LaTeX Info: Redefining \url on input line 4784.
\XeTeXLinkMargin=\dimen161
 (C:\Programs\MikTex\tex/generic/bitset\bitset.sty
Package: bitset 2019/12/09 v1.3 Handle bit-vector datatype (HO)
 (C:\Programs\MikTex\tex/generic/bigintcalc\bigintcalc.sty
Package: bigintcalc 2019/12/15 v1.5 Expandable calculations on big integers (HO)
))
\Fld@menulength=\count291
\Field@Width=\dimen162
\Fld@charsize=\dimen163
Package hyperref Info: Hyper figures OFF on input line 6063.
Package hyperref Info: Link nesting OFF on input line 6068.
Package hyperref Info: Hyper index ON on input line 6071.
Package hyperref Info: backreferencing OFF on input line 6078.
Package hyperref Info: Link coloring OFF on input line 6083.
Package hyperref Info: Link coloring with OCG OFF on input line 6088.
Package hyperref Info: PDF/A mode OFF on input line 6093.
 (C:\Programs\MikTex\tex/latex/base\atbegshi-ltx.sty
Package: atbegshi-ltx 2021/01/10 v1.0c Emulation of the original atbegshi
package with kernel methods
)
\Hy@abspage=\count292
\c@Item=\count293
\c@Hfootnote=\count294
)
Package hyperref Info: Driver (autodetected): hpdftex.
 (C:\Programs\MikTex\tex/latex/hyperref\hpdftex.def
File: hpdftex.def 2024-01-20 v7.01h Hyperref driver for pdfTeX
 (C:\Programs\MikTex\tex/latex/base\atveryend-ltx.sty
Package: atveryend-ltx 2020/08/19 v1.0a Emulation of the original atveryend package
with kernel methods
)
\Fld@listcount=\count295
\c@bookmark@seq@number=\count296
 (C:\Programs\MikTex\tex/latex/rerunfilecheck\rerunfilecheck.sty
Package: rerunfilecheck 2022-07-10 v1.10 Rerun checks for auxiliary files (HO)
 (C:\Programs\MikTex\tex/generic/uniquecounter\uniquecounter.sty
Package: uniquecounter 2019/12/15 v1.4 Provide unlimited unique counter (HO)
)
Package uniquecounter Info: New unique counter `rerunfilecheck' on input line 285.
)
\Hy@SectionHShift=\skip67
) (C:\Programs\MikTex\tex/latex/bookmark\bookmark.sty
Package: bookmark 2023-12-10 v1.31 PDF bookmarks (HO)
 (C:\Programs\MikTex\tex/latex/bookmark\bkm-pdftex.def
File: bkm-pdftex.def 2023-12-10 v1.31 bookmark driver for pdfTeX and luaTeX (HO)
\BKM@id=\count297
)) (C:\Programs\MikTex\tex/latex/algorithms\algorithm.sty
Package: algorithm 2009/08/24 v0.1 Document Style `algorithm' - floating environment
 (C:\Programs\MikTex\tex/latex/float\float.sty
Package: float 2001/11/08 v1.3d Float enhancements (AL)
\c@float@type=\count298
\float@exts=\toks32
\float@box=\box56
\@float@everytoks=\toks33
\@floatcapt=\box57
)
\@float@every@algorithm=\toks34
\c@algorithm=\count299
) (C:\Programs\MikTex\tex/latex/algorithmicx\algorithmicx.sty
Package: algorithmicx 2005/04/27 v1.2 Algorithmicx

Document Style algorithmicx 1.2 - a greatly improved `algorithmic' style
\c@ALG@line=\count300
\c@ALG@rem=\count301
\c@ALG@nested=\count302
\ALG@tlm=\skip68
\ALG@thistlm=\skip69
\c@ALG@Lnr=\count303
\c@ALG@blocknr=\count304
\c@ALG@storecount=\count305
\c@ALG@tmpcounter=\count306
\ALG@tmplength=\skip70
) (C:\Programs\MikTex\tex/latex/algorithmicx\algpseudocode.sty
Package: algpseudocode 

Document Style - pseudocode environments for use with the `algorithmicx' style
) (C:\Programs\MikTex\tex/latex/listings\listings.sty
\lst@mode=\count307
\lst@gtempboxa=\box58
\lst@token=\toks35
\lst@length=\count308
\lst@currlwidth=\dimen164
\lst@column=\count309
\lst@pos=\count310
\lst@lostspace=\dimen165
\lst@width=\dimen166
\lst@newlines=\count311
\lst@lineno=\count312
\lst@maxwidth=\dimen167
 (C:\Programs\MikTex\tex/latex/listings\lstpatch.sty
File: lstpatch.sty 2024/03/11 1.10a (Carsten Heinz)
) (C:\Programs\MikTex\tex/latex/listings\lstmisc.sty
File: lstmisc.sty 2024/03/11 1.10a (Carsten Heinz)
\c@lstnumber=\count313
\lst@skipnumbers=\count314
\lst@framebox=\box59
) (C:\Programs\MikTex\tex/latex/listings\listings.cfg
File: listings.cfg 2024/03/11 1.10a listings configuration
))
Package: listings 2024/03/11 1.10a (Carsten Heinz)
 (C:\Programs\MikTex\tex/latex/pgf/frontendlayer\tikz.sty (C:\Programs\MikTex\tex/latex/pgf/basiclayer\pgf.sty (C:\Programs\MikTex\tex/latex/pgf/utilities\pgfrcs.sty (C:\Programs\MikTex\tex/generic/pgf/utilities\pgfutil-common.tex
\pgfutil@everybye=\toks36
\pgfutil@tempdima=\dimen168
\pgfutil@tempdimb=\dimen169
) (C:\Programs\MikTex\tex/generic/pgf/utilities\pgfutil-latex.def
\pgfutil@abb=\box60
) (C:\Programs\MikTex\tex/generic/pgf/utilities\pgfrcs.code.tex (C:\Programs\MikTex\tex/generic/pgf\pgf.revision.tex)
Package: pgfrcs 2023-01-15 v3.1.10 (3.1.10)
))
Package: pgf 2023-01-15 v3.1.10 (3.1.10)
 (C:\Programs\MikTex\tex/latex/pgf/basiclayer\pgfcore.sty (C:\Programs\MikTex\tex/latex/pgf/systemlayer\pgfsys.sty (C:\Programs\MikTex\tex/generic/pgf/systemlayer\pgfsys.code.tex
Package: pgfsys 2023-01-15 v3.1.10 (3.1.10)
 (C:\Programs\MikTex\tex/generic/pgf/utilities\pgfkeys.code.tex
\pgfkeys@pathtoks=\toks37
\pgfkeys@temptoks=\toks38
 (C:\Programs\MikTex\tex/generic/pgf/utilities\pgfkeyslibraryfiltered.code.tex
\pgfkeys@tmptoks=\toks39
))
\pgf@x=\dimen170
\pgf@y=\dimen171
\pgf@xa=\dimen172
\pgf@ya=\dimen173
\pgf@xb=\dimen174
\pgf@yb=\dimen175
\pgf@xc=\dimen176
\pgf@yc=\dimen177
\pgf@xd=\dimen178
\pgf@yd=\dimen179
\w@pgf@writea=\write3
\r@pgf@reada=\read3
\c@pgf@counta=\count315
\c@pgf@countb=\count316
\c@pgf@countc=\count317
\c@pgf@countd=\count318
\t@pgf@toka=\toks40
\t@pgf@tokb=\toks41
\t@pgf@tokc=\toks42
\pgf@sys@id@count=\count319
 (C:\Programs\MikTex\tex/generic/pgf/systemlayer\pgf.cfg
File: pgf.cfg 2023-01-15 v3.1.10 (3.1.10)
)
Driver file for pgf: pgfsys-pdftex.def
 (C:\Programs\MikTex\tex/generic/pgf/systemlayer\pgfsys-pdftex.def
File: pgfsys-pdftex.def 2023-01-15 v3.1.10 (3.1.10)
 (C:\Programs\MikTex\tex/generic/pgf/systemlayer\pgfsys-common-pdf.def
File: pgfsys-common-pdf.def 2023-01-15 v3.1.10 (3.1.10)
))) (C:\Programs\MikTex\tex/generic/pgf/systemlayer\pgfsyssoftpath.code.tex
File: pgfsyssoftpath.code.tex 2023-01-15 v3.1.10 (3.1.10)
\pgfsyssoftpath@smallbuffer@items=\count320
\pgfsyssoftpath@bigbuffer@items=\count321
) (C:\Programs\MikTex\tex/generic/pgf/systemlayer\pgfsysprotocol.code.tex
File: pgfsysprotocol.code.tex 2023-01-15 v3.1.10 (3.1.10)
)) (C:\Programs\MikTex\tex/latex/xcolor\xcolor.sty
Package: xcolor 2023/11/15 v3.01 LaTeX color extensions (UK)
 (C:\Programs\MikTex\tex/latex/graphics-cfg\color.cfg
File: color.cfg 2016/01/02 v1.6 sample color configuration
)

Package xcolor Warning: Package option `hyperref' is obsolete and ignored on input line 266.

Package xcolor Info: Driver file: pdftex.def on input line 274.
(C:\Programs\MikTex\tex/latex/graphics\mathcolor.ltx)
Package xcolor Info: Model `cmy' substituted by `cmy0' on input line 1350.
Package xcolor Info: Model `hsb' substituted by `rgb' on input line 1354.
Package xcolor Info: Model `RGB' extended on input line 1366.
Package xcolor Info: Model `HTML' substituted by `rgb' on input line 1368.
Package xcolor Info: Model `Hsb' substituted by `hsb' on input line 1369.
Package xcolor Info: Model `tHsb' substituted by `hsb' on input line 1370.
Package xcolor Info: Model `HSB' substituted by `hsb' on input line 1371.
Package xcolor Info: Model `Gray' substituted by `gray' on input line 1372.
Package xcolor Info: Model `wave' substituted by `hsb' on input line 1373.
) (C:\Programs\MikTex\tex/generic/pgf/basiclayer\pgfcore.code.tex
Package: pgfcore 2023-01-15 v3.1.10 (3.1.10)
 (C:\Programs\MikTex\tex/generic/pgf/math\pgfmath.code.tex (C:\Programs\MikTex\tex/generic/pgf/math\pgfmathutil.code.tex) (C:\Programs\MikTex\tex/generic/pgf/math\pgfmathparser.code.tex
\pgfmath@dimen=\dimen180
\pgfmath@count=\count322
\pgfmath@box=\box61
\pgfmath@toks=\toks43
\pgfmath@stack@operand=\toks44
\pgfmath@stack@operation=\toks45
) (C:\Programs\MikTex\tex/generic/pgf/math\pgfmathfunctions.code.tex) (C:\Programs\MikTex\tex/generic/pgf/math\pgfmathfunctions.basic.code.tex) (C:\Programs\MikTex\tex/generic/pgf/math\pgfmathfunctions.trigonometric.code.tex) (C:\Programs\MikTex\tex/generic/pgf/math\pgfmathfunctions.random.code.tex) (C:\Programs\MikTex\tex/generic/pgf/math\pgfmathfunctions.comparison.code.tex) (C:\Programs\MikTex\tex/generic/pgf/math\pgfmathfunctions.base.code.tex) (C:\Programs\MikTex\tex/generic/pgf/math\pgfmathfunctions.round.code.tex) (C:\Programs\MikTex\tex/generic/pgf/math\pgfmathfunctions.misc.code.tex) (C:\Programs\MikTex\tex/generic/pgf/math\pgfmathfunctions.integerarithmetics.code.tex) (C:\Programs\MikTex\tex/generic/pgf/math\pgfmathcalc.code.tex) (C:\Programs\MikTex\tex/generic/pgf/math\pgfmathfloat.code.tex
\c@pgfmathroundto@lastzeros=\count323
)) (C:\Programs\MikTex\tex/generic/pgf/math\pgfint.code.tex) (C:\Programs\MikTex\tex/generic/pgf/basiclayer\pgfcorepoints.code.tex
File: pgfcorepoints.code.tex 2023-01-15 v3.1.10 (3.1.10)
\pgf@picminx=\dimen181
\pgf@picmaxx=\dimen182
\pgf@picminy=\dimen183
\pgf@picmaxy=\dimen184
\pgf@pathminx=\dimen185
\pgf@pathmaxx=\dimen186
\pgf@pathminy=\dimen187
\pgf@pathmaxy=\dimen188
\pgf@xx=\dimen189
\pgf@xy=\dimen190
\pgf@yx=\dimen191
\pgf@yy=\dimen192
\pgf@zx=\dimen193
\pgf@zy=\dimen194
) (C:\Programs\MikTex\tex/generic/pgf/basiclayer\pgfcorepathconstruct.code.tex
File: pgfcorepathconstruct.code.tex 2023-01-15 v3.1.10 (3.1.10)
\pgf@path@lastx=\dimen195
\pgf@path@lasty=\dimen196
) (C:\Programs\MikTex\tex/generic/pgf/basiclayer\pgfcorepathusage.code.tex
File: pgfcorepathusage.code.tex 2023-01-15 v3.1.10 (3.1.10)
\pgf@shorten@end@additional=\dimen197
\pgf@shorten@start@additional=\dimen198
) (C:\Programs\MikTex\tex/generic/pgf/basiclayer\pgfcorescopes.code.tex
File: pgfcorescopes.code.tex 2023-01-15 v3.1.10 (3.1.10)
\pgfpic=\box62
\pgf@hbox=\box63
\pgf@layerbox@main=\box64
\pgf@picture@serial@count=\count324
) (C:\Programs\MikTex\tex/generic/pgf/basiclayer\pgfcoregraphicstate.code.tex
File: pgfcoregraphicstate.code.tex 2023-01-15 v3.1.10 (3.1.10)
\pgflinewidth=\dimen199
) (C:\Programs\MikTex\tex/generic/pgf/basiclayer\pgfcoretransformations.code.tex
File: pgfcoretransformations.code.tex 2023-01-15 v3.1.10 (3.1.10)
\pgf@pt@x=\dimen256
\pgf@pt@y=\dimen257
\pgf@pt@temp=\dimen258
) (C:\Programs\MikTex\tex/generic/pgf/basiclayer\pgfcorequick.code.tex
File: pgfcorequick.code.tex 2023-01-15 v3.1.10 (3.1.10)
) (C:\Programs\MikTex\tex/generic/pgf/basiclayer\pgfcoreobjects.code.tex
File: pgfcoreobjects.code.tex 2023-01-15 v3.1.10 (3.1.10)
) (C:\Programs\MikTex\tex/generic/pgf/basiclayer\pgfcorepathprocessing.code.tex
File: pgfcorepathprocessing.code.tex 2023-01-15 v3.1.10 (3.1.10)
) (C:\Programs\MikTex\tex/generic/pgf/basiclayer\pgfcorearrows.code.tex
File: pgfcorearrows.code.tex 2023-01-15 v3.1.10 (3.1.10)
\pgfarrowsep=\dimen259
) (C:\Programs\MikTex\tex/generic/pgf/basiclayer\pgfcoreshade.code.tex
File: pgfcoreshade.code.tex 2023-01-15 v3.1.10 (3.1.10)
\pgf@max=\dimen260
\pgf@sys@shading@range@num=\count325
\pgf@shadingcount=\count326
) (C:\Programs\MikTex\tex/generic/pgf/basiclayer\pgfcoreimage.code.tex
File: pgfcoreimage.code.tex 2023-01-15 v3.1.10 (3.1.10)
) (C:\Programs\MikTex\tex/generic/pgf/basiclayer\pgfcoreexternal.code.tex
File: pgfcoreexternal.code.tex 2023-01-15 v3.1.10 (3.1.10)
\pgfexternal@startupbox=\box65
) (C:\Programs\MikTex\tex/generic/pgf/basiclayer\pgfcorelayers.code.tex
File: pgfcorelayers.code.tex 2023-01-15 v3.1.10 (3.1.10)
) (C:\Programs\MikTex\tex/generic/pgf/basiclayer\pgfcoretransparency.code.tex
File: pgfcoretransparency.code.tex 2023-01-15 v3.1.10 (3.1.10)
) (C:\Programs\MikTex\tex/generic/pgf/basiclayer\pgfcorepatterns.code.tex
File: pgfcorepatterns.code.tex 2023-01-15 v3.1.10 (3.1.10)
) (C:\Programs\MikTex\tex/generic/pgf/basiclayer\pgfcorerdf.code.tex
File: pgfcorerdf.code.tex 2023-01-15 v3.1.10 (3.1.10)
))) (C:\Programs\MikTex\tex/generic/pgf/modules\pgfmoduleshapes.code.tex
File: pgfmoduleshapes.code.tex 2023-01-15 v3.1.10 (3.1.10)
\pgfnodeparttextbox=\box66
) (C:\Programs\MikTex\tex/generic/pgf/modules\pgfmoduleplot.code.tex
File: pgfmoduleplot.code.tex 2023-01-15 v3.1.10 (3.1.10)
) (C:\Programs\MikTex\tex/latex/pgf/compatibility\pgfcomp-version-0-65.sty
Package: pgfcomp-version-0-65 2023-01-15 v3.1.10 (3.1.10)
\pgf@nodesepstart=\dimen261
\pgf@nodesepend=\dimen262
) (C:\Programs\MikTex\tex/latex/pgf/compatibility\pgfcomp-version-1-18.sty
Package: pgfcomp-version-1-18 2023-01-15 v3.1.10 (3.1.10)
)) (C:\Programs\MikTex\tex/latex/pgf/utilities\pgffor.sty (C:\Programs\MikTex\tex/latex/pgf/utilities\pgfkeys.sty (C:\Programs\MikTex\tex/generic/pgf/utilities\pgfkeys.code.tex)) (C:\Programs\MikTex\tex/latex/pgf/math\pgfmath.sty (C:\Programs\MikTex\tex/generic/pgf/math\pgfmath.code.tex)) (C:\Programs\MikTex\tex/generic/pgf/utilities\pgffor.code.tex
Package: pgffor 2023-01-15 v3.1.10 (3.1.10)
\pgffor@iter=\dimen263
\pgffor@skip=\dimen264
\pgffor@stack=\toks46
\pgffor@toks=\toks47
)) (C:\Programs\MikTex\tex/generic/pgf/frontendlayer/tikz\tikz.code.tex
Package: tikz 2023-01-15 v3.1.10 (3.1.10)
 (C:\Programs\MikTex\tex/generic/pgf/libraries\pgflibraryplothandlers.code.tex
File: pgflibraryplothandlers.code.tex 2023-01-15 v3.1.10 (3.1.10)
\pgf@plot@mark@count=\count327
\pgfplotmarksize=\dimen265
)
\tikz@lastx=\dimen266
\tikz@lasty=\dimen267
\tikz@lastxsaved=\dimen268
\tikz@lastysaved=\dimen269
\tikz@lastmovetox=\dimen270
\tikz@lastmovetoy=\dimen271
\tikzleveldistance=\dimen272
\tikzsiblingdistance=\dimen273
\tikz@figbox=\box67
\tikz@figbox@bg=\box68
\tikz@tempbox=\box69
\tikz@tempbox@bg=\box70
\tikztreelevel=\count328
\tikznumberofchildren=\count329
\tikznumberofcurrentchild=\count330
\tikz@fig@count=\count331
 (C:\Programs\MikTex\tex/generic/pgf/modules\pgfmodulematrix.code.tex
File: pgfmodulematrix.code.tex 2023-01-15 v3.1.10 (3.1.10)
\pgfmatrixcurrentrow=\count332
\pgfmatrixcurrentcolumn=\count333
\pgf@matrix@numberofcolumns=\count334
)
\tikz@expandcount=\count335
 (C:\Programs\MikTex\tex/generic/pgf/frontendlayer/tikz/libraries\tikzlibrarytopaths.code.tex
File: tikzlibrarytopaths.code.tex 2023-01-15 v3.1.10 (3.1.10)
))) (C:\Programs\MikTex\tex/latex/tools\calc.sty
Package: calc 2023/07/08 v4.3 Infix arithmetic (KKT,FJ)
\calc@Acount=\count336
\calc@Bcount=\count337
\calc@Adimen=\dimen274
\calc@Bdimen=\dimen275
\calc@Askip=\skip71
\calc@Bskip=\skip72
LaTeX Info: Redefining \setlength on input line 80.
LaTeX Info: Redefining \addtolength on input line 81.
\calc@Ccount=\count338
\calc@Cskip=\skip73
) (C:\Programs\MikTex\tex/latex/titlesec\titlesec.sty
Package: titlesec 2023/10/27 v2.16 Sectioning titles
\ttl@box=\box71
\beforetitleunit=\skip74
\aftertitleunit=\skip75
\ttl@plus=\dimen276
\ttl@minus=\dimen277
\ttl@toksa=\toks48
\titlewidth=\dimen278
\titlewidthlast=\dimen279
\titlewidthfirst=\dimen280
) (C:\Programs\MikTex\tex/latex/setspace\setspace.sty
Package: setspace 2022/12/04 v6.7b set line spacing
)
\c@ttlp@side=\count339
\ttlp@side=\count340
 (C:\Programs\MikTex\tex/latex/epstopdf-pkg\epstopdf.sty
Package: epstopdf 2020-01-24 v2.11 Conversion with epstopdf on the fly (HO)
 (C:\Programs\MikTex\tex/latex/grfext\grfext.sty
Package: grfext 2019/12/03 v1.3 Manage graphics extensions (HO)
) (C:\Programs\MikTex\tex/latex/epstopdf-pkg\epstopdf-base.sty
Package: epstopdf-base 2020-01-24 v2.11 Base part for package epstopdf
Package epstopdf-base Info: Redefining graphics rule for `.eps' on input line 485.
Package grfext Info: Graphics extension search list:
(grfext)             [.pdf,.png,.jpg,.mps,.jpeg,.jbig2,.jb2,.PDF,.PNG,.JPG,.JPEG,.JBIG2,.JB2,.eps]
(grfext)             \AppendGraphicsExtensions on input line 504.
 (C:\Programs\MikTex\tex/latex/00miktex\epstopdf-sys.cfg
File: epstopdf-sys.cfg 2021/03/18 v2.0 Configuration of epstopdf for MiKTeX
))) (C:\Programs\MikTex\tex/latex/tools\indentfirst.sty
Package: indentfirst 2023/07/02 v1.03 Indent first paragraph (DPC)
) (C:\Programs\MikTex\tex/latex/tools\verbatim.sty
Package: verbatim 2023-11-06 v1.5v LaTeX2e package for verbatim enhancements
\every@verbatim=\toks49
\verbatim@line=\toks50
\verbatim@in@stream=\read4
) (C:\Programs\MikTex\tex/latex/base\latexsym.sty
Package: latexsym 1998/08/17 v2.2e Standard LaTeX package (lasy symbols)
\symlasy=\mathgroup11
LaTeX Font Info:    Overwriting symbol font `lasy' in version `bold'
(Font)                  U/lasy/m/n --> U/lasy/b/n on input line 52.
) (C:\Programs\MikTex\tex/latex/hyphenat\hyphenat.sty
Package: hyphenat 2009/09/02 v2.3c hyphenation utilities
\langwohyphens=\language80
LaTeX Info: Redefining \_ on input line 43.
)
\c@definition=\count341
\c@proposition=\count342
\c@theorem=\count343
\c@corollary=\count344
\c@lemma=\count345
\c@example=\count346
\c@remark=\count347
\c@notation=\count348
\c@law=\count349
 (C:\Programs\MikTex\tex/latex/caption\caption.sty
Package: caption 2023/08/05 v3.6o Customizing captions (AR)
 (C:\Programs\MikTex\tex/latex/caption\caption3.sty
Package: caption3 2023/07/31 v2.4d caption3 kernel (AR)
\caption@tempdima=\dimen281
\captionmargin=\dimen282
\caption@leftmargin=\dimen283
\caption@rightmargin=\dimen284
\caption@width=\dimen285
\caption@indent=\dimen286
\caption@parindent=\dimen287
\caption@hangindent=\dimen288
Package caption Info: Standard document class detected.
)
\c@caption@flags=\count350
\c@continuedfloat=\count351
Package caption Info: float package is loaded.
Package caption Info: hyperref package is loaded.
Package caption Info: listings package is loaded.
) (C:\Programs\MikTex\tex/latex/lettrine\lettrine.sty
File: lettrine.sty 2024-01-20 v2.60 (Daniel Flipo)
 (C:\Programs\MikTex\tex/latex/l3packages/xfp\xfp.sty (C:\Programs\MikTex\tex/latex/l3kernel\expl3.sty
Package: expl3 2024-03-14 L3 programming layer (loader) 
 (C:\Programs\MikTex\tex/latex/l3backend\l3backend-pdftex.def
File: l3backend-pdftex.def 2024-03-14 L3 backend support: PDF output (pdfTeX)
\l__color_backend_stack_int=\count352
\l__pdf_internal_box=\box72
))
Package: xfp 2024-03-14 L3 Floating point unit
)
\c@DefaultLines=\count353
\c@DefaultDepth=\count354
\DefaultFindent=\dimen289
\DefaultNindent=\dimen290
\DefaultSlope=\dimen291
\DiscardVskip=\dimen292
\L@lettrine=\box73
\L@lbox=\box74
\L@tbox=\box75
\c@L@lines=\count355
\c@L@depth=\count356
\L@Pindent=\dimen293
\L@Findent=\dimen294
\L@Nindent=\dimen295
\L@lraise=\dimen296
\L@first=\dimen297
\L@next=\dimen298
\L@slope=\dimen299
\L@height=\dimen300
\L@novskip=\dimen301
\L@ruleht=\dimen302
\L@target@ht=\dimen303
\L@target@dp=\dimen304
\L@target@tht=\dimen305
\LettrineWidth=\dimen306
\LettrineHeight=\dimen307
\LettrineDepth=\dimen308

Loading lettrine.cfg
(C:\Programs\MikTex\tex/latex/lettrine\lettrine.cfg)
\Llist@everypar=\toks51
)) (C:\Programs\MikTex\tex/latex/cleveref\cleveref.sty
Package: cleveref 2018/03/27 v0.21.4 Intelligent cross-referencing
Package cleveref Info: `hyperref' support loaded on input line 2370.
LaTeX Info: Redefining \cref on input line 2370.
LaTeX Info: Redefining \Cref on input line 2370.
LaTeX Info: Redefining \crefrange on input line 2370.
LaTeX Info: Redefining \Crefrange on input line 2370.
LaTeX Info: Redefining \cpageref on input line 2370.
LaTeX Info: Redefining \Cpageref on input line 2370.
LaTeX Info: Redefining \cpagerefrange on input line 2370.
LaTeX Info: Redefining \Cpagerefrange on input line 2370.
LaTeX Info: Redefining \labelcref on input line 2370.
LaTeX Info: Redefining \labelcpageref on input line 2370.
Package cleveref Info: `amsthm' support loaded on input line 3026.
Package cleveref Info: `algorithmicx' support loaded on input line 3120.
Package cleveref Info: `listings' support loaded on input line 3131.
) (C:\Programs\MikTex\tex/latex/booktabs\booktabs.sty
Package: booktabs 2020/01/12 v1.61803398 Publication quality tables
\heavyrulewidth=\dimen309
\lightrulewidth=\dimen310
\cmidrulewidth=\dimen311
\belowrulesep=\dimen312
\belowbottomsep=\dimen313
\aboverulesep=\dimen314
\abovetopsep=\dimen315
\cmidrulesep=\dimen316
\cmidrulekern=\dimen317
\defaultaddspace=\dimen318
\@cmidla=\count357
\@cmidlb=\count358
\@aboverulesep=\dimen319
\@belowrulesep=\dimen320
\@thisruleclass=\count359
\@lastruleclass=\count360
\@thisrulewidth=\dimen321
) (C:\Programs\MikTex\tex/latex/colortbl\colortbl.sty
Package: colortbl 2024/02/20 v1.0g Color table columns (DPC)
\everycr=\toks52
\minrowclearance=\skip76
\rownum=\count361
) (C:\Programs\MikTex\tex/latex/tools\tabularx.sty
Package: tabularx 2023/07/08 v2.11c `tabularx' package (DPC)
\TX@col@width=\dimen322
\TX@old@table=\dimen323
\TX@old@col=\dimen324
\TX@target=\dimen325
\TX@delta=\dimen326
\TX@cols=\count362
\TX@ftn=\toks53
) (C:\Programs\MikTex\tex/latex/enumitem\enumitem.sty
Package: enumitem 2019/06/20 v3.9 Customized lists
\labelindent=\skip77
\enit@outerparindent=\dimen327
\enit@toks=\toks54
\enit@inbox=\box76
\enit@count@id=\count363
\enitdp@description=\count364
)

Package xcolor Warning: Package option `hyperref' is obsolete and ignored on input line 50.


LaTeX Warning: Package "xcolor" has already been loaded: ignoring load-time
(LaTeX)        option "xcdraw".

(C:\Programs\MikTex\tex/latex/base\fontenc.sty
Package: fontenc 2021/04/29 v2.0v Standard LaTeX package
LaTeX Font Info:    Trying to load font information for T1+mak on input line 112.
 (C:\Programs\MikTex\tex/latex/kerkis\t1mak.fd)
LaTeX Font Info:    Font shape `T1/mak/m/n' will be
(Font)              scaled to size 8.99994pt on input line 112.
) (C:\Programs\MikTex\tex/latex/caption\subcaption.sty
Package: subcaption 2023/07/28 v1.6b Sub-captions (AR)
Package caption Info: New subtype `subfigure' on input line 238.
\c@subfigure=\count365
Package caption Info: New subtype `subtable' on input line 238.
\c@subtable=\count366
Package caption Info: New subtype `subillustration' on input line 238.
\c@subillustration=\count367
) (C:\Programs\MikTex\tex/latex/mathtools\mathtools.sty
Package: mathtools 2024/03/11 v1.30 mathematical typesetting tools
 (C:\Programs\MikTex\tex/latex/mathtools\mhsetup.sty
Package: mhsetup 2021/03/18 v1.4 programming setup (MH)
)
\g_MT_multlinerow_int=\count368
\l_MT_multwidth_dim=\dimen328
\origjot=\skip78
\l_MT_shortvdotswithinadjustabove_dim=\dimen329
\l_MT_shortvdotswithinadjustbelow_dim=\dimen330
\l_MT_above_intertext_sep=\dimen331
\l_MT_below_intertext_sep=\dimen332
\l_MT_above_shortintertext_sep=\dimen333
\l_MT_below_shortintertext_sep=\dimen334
\xmathstrut@box=\box77
\xmathstrut@dim=\dimen335
)
Package hyperref Info: Option `colorlinks' set `true' on input line 275.
Package hyperref Info: Option `unicode' set `true' on input line 275.
 (C:\Programs\MikTex\tex/generic/stringenc\stringenc.sty
Package: stringenc 2019/11/29 v1.12 Convert strings between diff. encodings (HO)
) (C:\Programs\MikTex\tex/generic/stringenc\se-pdfdoc.def
File: se-pdfdoc.def 2019/11/29 v1.12 stringenc: PDFDocEncoding
) (C:\Programs\MikTex\tex/latex/oberdiek\hypcap.sty
Package: hypcap 2016/05/16 v1.12 Adjusting the anchors of captions (HO)
 (C:\Programs\MikTex\tex/latex/letltxmacro\letltxmacro.sty
Package: letltxmacro 2019/12/03 v1.6 Let assignment for LaTeX macros (HO)
)) (main.aux (front_matter/abstract.aux) (front_matter/preface.aux) (front_matter/acknowledgements.aux) (body_matter/chap1_intro.aux) (body_matter/chap2_theoretical_background.aux) (body_matter/chap3_related_work.aux) (body_matter/chap4_environment.aux) (body_matter/chap5_methodology.aux) (body_matter/chap5_implementation.aux) (body_matter/chap6_results.aux) (body_matter/chap7_conclusions.aux))
\openout1 = `main.aux'.

LaTeX Font Info:    Checking defaults for OML/txmi/m/it on input line 275.
LaTeX Font Info:    Trying to load font information for OML+txmi on input line 275.
 (C:\Programs\MikTex\tex/latex/txfonts\omltxmi.fd
File: omltxmi.fd 2000/12/15 v3.1
)
LaTeX Font Info:    ... okay on input line 275.
LaTeX Font Info:    Checking defaults for OMS/txsy/m/n on input line 275.
LaTeX Font Info:    Trying to load font information for OMS+txsy on input line 275.
 (C:\Programs\MikTex\tex/latex/txfonts\omstxsy.fd
File: omstxsy.fd 2000/12/15 v3.1
)
LaTeX Font Info:    ... okay on input line 275.
LaTeX Font Info:    Checking defaults for OT1/cmr/m/n on input line 275.
LaTeX Font Info:    ... okay on input line 275.
LaTeX Font Info:    Checking defaults for T1/cmr/m/n on input line 275.
LaTeX Font Info:    ... okay on input line 275.
LaTeX Font Info:    Checking defaults for TS1/cmr/m/n on input line 275.
LaTeX Font Info:    ... okay on input line 275.
LaTeX Font Info:    Checking defaults for OMX/txex/m/n on input line 275.
LaTeX Font Info:    Trying to load font information for OMX+txex on input line 275.
 (C:\Programs\MikTex\tex/latex/txfonts\omxtxex.fd
File: omxtxex.fd 2000/12/15 v3.1
)
LaTeX Font Info:    ... okay on input line 275.
LaTeX Font Info:    Checking defaults for U/txexa/m/n on input line 275.
LaTeX Font Info:    Trying to load font information for U+txexa on input line 275.
 (C:\Programs\MikTex\tex/latex/txfonts\utxexa.fd
File: utxexa.fd 2000/12/15 v3.1
)
LaTeX Font Info:    ... okay on input line 275.
LaTeX Font Info:    Checking defaults for LGR/cmr/m/n on input line 275.
LaTeX Font Info:    Trying to load font information for LGR+cmr on input line 275.
 (C:\Programs\MikTex\tex/latex/cbfonts-fd\lgrcmr.fd
File: lgrcmr.fd 2017/07/29 v1.2 Greek European Computer Regular
)
LaTeX Font Info:    ... okay on input line 275.
LaTeX Font Info:    Checking defaults for PD1/pdf/m/n on input line 275.
LaTeX Font Info:    ... okay on input line 275.
LaTeX Font Info:    Checking defaults for PU/pdf/m/n on input line 275.
LaTeX Font Info:    ... okay on input line 275.
 (C:\Programs\MikTex\tex/context/base/mkii\supp-pdf.mkii
[Loading MPS to PDF converter (version 2006.09.02).]
\scratchcounter=\count369
\scratchdimen=\dimen336
\scratchbox=\box78
\nofMPsegments=\count370
\nofMParguments=\count371
\everyMPshowfont=\toks55
\MPscratchCnt=\count372
\MPscratchDim=\dimen337
\MPnumerator=\count373
\makeMPintoPDFobject=\count374
\everyMPtoPDFconversion=\toks56
)
Package newfloat Info: `float' package detected.
Package hyperref Info: Link coloring ON on input line 275.
\c@lstlisting=\count375
Package caption Info: Begin \AtBeginDocument code.
Package caption Info: hypcap package is loaded.
Package caption Info: End \AtBeginDocument code.
LaTeX Font Info:    Trying to load font information for OT1+txr on input line 280.
 (C:\Programs\MikTex\tex/latex/txfonts\ot1txr.fd
File: ot1txr.fd 2000/12/15 v3.1
)
LaTeX Font Info:    Trying to load font information for OML+mak on input line 280.
 (C:\Programs\MikTex\tex/latex/kerkis\omlmak.fd)
LaTeX Font Info:    Font shape `OML/mak/m/it' will be
(Font)              scaled to size 8.99994pt on input line 280.
LaTeX Font Info:    Font shape `OML/mak/m/it' will be
(Font)              scaled to size 6.29996pt on input line 280.
LaTeX Font Info:    Font shape `OML/mak/m/it' will be
(Font)              scaled to size 4.49997pt on input line 280.
LaTeX Font Info:    Trying to load font information for U+txsya on input line 280.
 (C:\Programs\MikTex\tex/latex/txfonts\utxsya.fd
File: utxsya.fd 2000/12/15 v3.1
)
LaTeX Font Info:    Trying to load font information for U+txsyb on input line 280.
 (C:\Programs\MikTex\tex/latex/txfonts\utxsyb.fd
File: utxsyb.fd 2000/12/15 v3.1
)
LaTeX Font Info:    Trying to load font information for U+txmia on input line 280.
 (C:\Programs\MikTex\tex/latex/txfonts\utxmia.fd
File: utxmia.fd 2000/12/15 v3.1
)
LaTeX Font Info:    Trying to load font information for U+txsyc on input line 280.
 (C:\Programs\MikTex\tex/latex/txfonts\utxsyc.fd
File: utxsyc.fd 2000/12/15 v3.1
)
LaTeX Font Info:    Font shape `T1/mak/m/n' will be
(Font)              scaled to size 6.29996pt on input line 280.
LaTeX Font Info:    Font shape `T1/mak/m/n' will be
(Font)              scaled to size 4.49997pt on input line 280.
LaTeX Font Info:    Trying to load font information for U+lasy on input line 280.
 (C:\Programs\MikTex\tex/latex/base\ulasy.fd
File: ulasy.fd 1998/08/17 v2.2e LaTeX symbol font definitions
)
<logo/tuc-logo.png, id=6, 145.29282pt x 197.98969pt>
File: logo/tuc-logo.png Graphic file (type png)
<use logo/tuc-logo.png>
Package pdftex.def Info: logo/tuc-logo.png  used on input line 280.
(pdftex.def)             Requested size: 71.13188pt x 96.9312pt.
LaTeX Font Info:    Font shape `T1/mak/m/n' will be
(Font)              scaled to size 12.9599pt on input line 280.
LaTeX Font Info:    Font shape `T1/mak/m/sc' will be
(Font)              scaled to size 12.9599pt on input line 280.
LaTeX Font Info:    Font shape `T1/mak/m/n' will be
(Font)              scaled to size 10.79993pt on input line 280.
LaTeX Font Info:    Font shape `T1/mak/m/sc' will be
(Font)              scaled to size 10.79993pt on input line 280.
LaTeX Font Info:    Font shape `T1/mak/m/n' will be
(Font)              scaled to size 18.66588pt on input line 280.
LaTeX Font Info:    Font shape `T1/mak/m/n' will be
(Font)              scaled to size 17.35912pt on input line 280.
LaTeX Font Info:    Font shape `T1/mak/b/n' will be
(Font)              scaled to size 17.35912pt on input line 280.
LaTeX Font Info:    Font shape `T1/mak/m/it' will be
(Font)              scaled to size 12.9599pt on input line 280.
LaTeX Font Info:    Font shape `T1/mak/m/sc' will be
(Font)              scaled to size 18.66588pt on input line 280.
LaTeX Font Info:    Font shape `T1/mak/m/sc' will be
(Font)              scaled to size 17.35912pt on input line 280.
LaTeX Font Info:    Font shape `T1/mak/m/n' will be
(Font)              scaled to size 12.0526pt on input line 280.
LaTeX Font Info:    Font shape `T1/mak/b/n' will be
(Font)              scaled to size 12.0526pt on input line 280.
<logo/federated-logo.png, id=8, 271.0125pt x 180.675pt>
File: logo/federated-logo.png Graphic file (type png)
<use logo/federated-logo.png>
Package pdftex.def Info: logo/federated-logo.png  used on input line 280.
(pdftex.def)             Requested size: 216.81029pt x 144.54018pt.
LaTeX Font Info:    Font shape `T1/mak/b/n' will be
(Font)              scaled to size 10.79993pt on input line 280.
LaTeX Font Info:    Font shape `OML/mak/m/it' will be
(Font)              scaled to size 10.79993pt on input line 280.
LaTeX Font Info:    Font shape `OML/mak/m/it' will be
(Font)              scaled to size 7.19995pt on input line 280.
LaTeX Font Info:    Font shape `OML/mak/m/it' will be
(Font)              scaled to size 5.39996pt on input line 280.
LaTeX Font Info:    Font shape `T1/mak/m/n' will be
(Font)              scaled to size 7.19995pt on input line 280.
LaTeX Font Info:    Font shape `T1/mak/m/n' will be
(Font)              scaled to size 5.39996pt on input line 280.
 [1


{C:/Users/Sklavos17/AppData/Local/MiKTeX/fonts/map/pdftex/pdftex.map}{C:/Programs/MikTex/fonts/enc/dvips/kerkis/kerkisecsc.enc}{C:/Programs/MikTex/fonts/enc/dvips/kerkis/kerkisec.enc} <./logo/tuc-logo.png> <./logo/federated-logo.png>]
LaTeX Font Info:    Font shape `T1/mak/b/n' will be
(Font)              scaled to size 8.99994pt on input line 281.
LaTeX Font Info:    Font shape `T1/mak/m/it' will be
(Font)              scaled to size 8.99994pt on input line 281.
 [2

]
File: logo/tuc-logo.png Graphic file (type png)
<use logo/tuc-logo.png>
Package pdftex.def Info: logo/tuc-logo.png  used on input line 281.
(pdftex.def)             Requested size: 71.13188pt x 96.9312pt.
LaTeX Font Info:    Font shape `OML/mak/m/it' will be
(Font)              scaled to size 12.9599pt on input line 281.

pdfTeX warning (ext4): destination with the same identifier (name{page.i}) has been already used, duplicate ignored
<to be read again> 
                   \relax 
l.281 \makeinnercover
                     {} [1

]
File: logo/tuc-logo.png Graphic file (type png)
<use logo/tuc-logo.png>
Package pdftex.def Info: logo/tuc-logo.png  used on input line 282.
(pdftex.def)             Requested size: 71.13188pt x 96.9312pt.
LaTeX Font Info:    Trying to load font information for TS1+mak on input line 282.
LaTeX Font Info:    No file TS1mak.fd. on input line 282.


LaTeX Font Warning: Font shape `TS1/mak/m/n' undefined
(Font)              using `TS1/cmr/m/n' instead
(Font)              for symbol `textcopyright' on input line 282.

[4] [5

]
\openout2 = `front_matter/abstract.aux'.

 (front_matter/abstract.tex
LaTeX Font Info:    Font shape `T1/mak/b/n' will be
(Font)              scaled to size 18.66588pt on input line 1.
LaTeX Font Info:    Font shape `T1/mak/b/n' will be
(Font)              scaled to size 12.9599pt on input line 4.
) [6


]
\openout2 = `front_matter/preface.aux'.

 (front_matter/preface.tex) [7




]
Underfull \hbox (badness 10000) in paragraph at lines 304--304

 []


Underfull \hbox (badness 10000) in paragraph at lines 304--304

 []

[8


]
\openout2 = `front_matter/acknowledgements.aux'.

 (front_matter/acknowledgements.tex) [9


] (main.toc [10



] [11])
\tf@toc=\write4
\openout4 = `main.toc'.

 [12] (main.lof)
\tf@lof=\write5
\openout5 = `main.lof'.

 [13

{C:/Programs/MikTex/fonts/enc/dvips/kerkis/kmath.enc}{C:/Programs/MikTex/fonts/enc/dvips/base/8r.enc}] (main.lot)
\tf@lot=\write6
\openout6 = `main.lot'.

 [14

] (front_matter/abbreviations.tex) [15

] [16

]
\openout2 = `body_matter/chap1_intro.aux'.

 (body_matter/chap1_intro.tex
Chapter 1.
LaTeX Font Info:    Font shape `T1/mak/b/n' will be
(Font)              scaled to size 22.39185pt on input line 1.
) [1


]
LaTeX Font Info:    Font shape `T1/mak/b/n' will be
(Font)              scaled to size 20.82425pt on input line 329.
 [2



]
\openout2 = `body_matter/chap2_theoretical_background.aux'.

 (body_matter/chap2_theoretical_background.tex
Chapter 2.
LaTeX Font Info:    Font shape `T1/mak/m/sc' will be
(Font)              scaled to size 8.99994pt on input line 4.
LaTeX Font Info:    Font shape `T1/mak/m/n' will be
(Font)              scaled to size 17.20421pt on input line 4.
LaTeX Font Info:    Font shape `T1/mak/m/n' will be
(Font)              scaled to size 27.86574pt on input line 4.
Package lettrine.sty Info: Targeted height = 19.11592pt
(lettrine.sty)             (for loversize=0, accent excluded),
(lettrine.sty)             Lettrine height = 24.85071pt (\color {gray!50!brown!70!black}\scalebox {1.3}{T});
(lettrine.sty)             reported on input line 4.
(body_matter/sections/literature/machine_learning.tex [3


]
<./figures/ml/ml_structure.jpg, id=439, 325.35954pt x 177.20604pt>
File: ./figures/ml/ml_structure.jpg Graphic file (type jpg)
<use ./figures/ml/ml_structure.jpg>
Package pdftex.def Info: ./figures/ml/ml_structure.jpg  used on input line 41.
(pdftex.def)             Requested size: 405.45045pt x 220.83641pt.
 [4 <./figures/ml/ml_structure.jpg>]
Underfull \hbox (badness 10000) in paragraph at lines 78--78
[]|\T1/mak/m/n/10 Classification,
 []


Underfull \hbox (badness 10000) in paragraph at lines 78--78
[]|\T1/mak/m/n/10 Classification,
 []


Underfull \hbox (badness 10000) in paragraph at lines 78--78
[]|\T1/mak/m/n/10 Classification,
 []

[5] [6]) (body_matter/sections/literature/neural_networks.tex [7]
<./figures/ann/rosenblatt.png, id=506, 602.25pt x 286.06876pt>
File: ./figures/ann/rosenblatt.png Graphic file (type png)
<use ./figures/ann/rosenblatt.png>
Package pdftex.def Info: ./figures/ann/rosenblatt.png  used on input line 54.
(pdftex.def)             Requested size: 341.43436pt x 162.18787pt.
<./figures/ann/mlp_2.png, id=512, 714.41907pt x 481.04718pt>
File: ./figures/ann/mlp_2.png Graphic file (type png)
<use ./figures/ann/mlp_2.png>
Package pdftex.def Info: ./figures/ann/mlp_2.png  used on input line 107.
(pdftex.def)             Requested size: 320.09349pt x 215.52968pt.
 [8 <./figures/ann/rosenblatt.png>]
<figures/ann/step_function.png, id=527, 257.46187pt x 247.67531pt>
File: figures/ann/step_function.png Graphic file (type png)
<use figures/ann/step_function.png>
Package pdftex.def Info: figures/ann/step_function.png  used on input line 141.
(pdftex.def)             Requested size: 128.03918pt x 71.1324pt.
<figures/ann/sigmoid_function.png, id=528, 234.8775pt x 221.32687pt>
File: figures/ann/sigmoid_function.png Graphic file (type png)
<use figures/ann/sigmoid_function.png>
Package pdftex.def Info: figures/ann/sigmoid_function.png  used on input line 143.
(pdftex.def)             Requested size: 128.03616pt x 71.13336pt.
<figures/ann/tanh_function.png, id=529, 204.765pt x 204.01219pt>
File: figures/ann/tanh_function.png Graphic file (type png)
<use figures/ann/tanh_function.png>
Package pdftex.def Info: figures/ann/tanh_function.png  used on input line 145.
(pdftex.def)             Requested size: 116.51729pt x 71.1314pt.
<figures/ann/relu_function.png, id=530, 213.79875pt x 204.01219pt>
File: figures/ann/relu_function.png Graphic file (type png)
<use figures/ann/relu_function.png>
Package pdftex.def Info: figures/ann/relu_function.png  used on input line 147.
(pdftex.def)             Requested size: 128.03882pt x 71.1314pt.
<figures/ann/softmax_function.png, id=531, 298.11375pt x 159.59625pt>
File: figures/ann/softmax_function.png Graphic file (type png)
<use figures/ann/softmax_function.png>
Package pdftex.def Info: figures/ann/softmax_function.png  used on input line 149.
(pdftex.def)             Requested size: 115.23131pt x 71.13089pt.

Overfull \hbox (5.31822pt too wide) in paragraph at lines 136--153
 [][] 
 []


LaTeX Warning: `!h' float specifier changed to `!ht'.

[9 <./figures/ann/mlp_2.png>]
<figures/ann/ffnn.png, id=544, 483.30562pt x 258.9675pt>
File: figures/ann/ffnn.png Graphic file (type png)
<use figures/ann/ffnn.png>
Package pdftex.def Info: figures/ann/ffnn.png  used on input line 222.
(pdftex.def)             Requested size: 230.04453pt x 125.48053pt.

Overfull \hbox (20.91443pt too wide) in paragraph at lines 222--223
 [][] 
 []

LaTeX Font Info:    Font shape `T1/mak/m/n' will be
(Font)              scaled to size 8.09995pt on input line 223.
LaTeX Font Info:    Font shape `T1/mak/b/n' will be
(Font)              scaled to size 8.09995pt on input line 223.
LaTeX Font Info:    Font shape `T1/mak/m/it' will be
(Font)              scaled to size 8.09995pt on input line 223.
<figures/ann/rnn1.png, id=547, 469.755pt x 323.70938pt>
File: figures/ann/rnn1.png Graphic file (type png)
<use figures/ann/rnn1.png>
Package pdftex.def Info: figures/ann/rnn1.png  used on input line 228.
(pdftex.def)             Requested size: 209.1301pt x 144.11195pt.

LaTeX Warning: `!h' float specifier changed to `!ht'.

[10 <./figures/ann/step_function.png> <./figures/ann/sigmoid_function.png> <./figures/ann/tanh_function.png> <./figures/ann/relu_function.png> <./figures/ann/softmax_function.png>]
<figures/ann/cnn1.png, id=568, 618.05907pt x 284.56313pt>
File: figures/ann/cnn1.png Graphic file (type png)
<use figures/ann/cnn1.png>
Package pdftex.def Info: figures/ann/cnn1.png  used on input line 267.
(pdftex.def)             Requested size: 426.79134pt x 196.50508pt.
 [11 <./figures/ann/ffnn.png> <./figures/ann/rnn1.png> <./figures/ann/cnn1.png>]
<figures/ann/convolutional_layer.png, id=585, 546.54187pt x 147.55125pt>
File: figures/ann/convolutional_layer.png Graphic file (type png)
<use figures/ann/convolutional_layer.png>
Package pdftex.def Info: figures/ann/convolutional_layer.png  used on input line 284.
(pdftex.def)             Requested size: 426.79134pt x 115.22234pt.
<figures/ann/max_pooling.png, id=591, 171.64125pt x 127.97812pt>
File: figures/ann/max_pooling.png Graphic file (type png)
<use figures/ann/max_pooling.png>
Package pdftex.def Info: figures/ann/max_pooling.png  used on input line 302.
(pdftex.def)             Requested size: 125.47932pt x 93.55798pt.
<figures/ann/avg_pooling.png, id=592, 161.10187pt x 121.20282pt>
File: figures/ann/avg_pooling.png Graphic file (type png)
<use figures/ann/avg_pooling.png>
Package pdftex.def Info: figures/ann/avg_pooling.png  used on input line 309.
(pdftex.def)             Requested size: 121.29584pt x 91.25882pt.
 [12 <./figures/ann/convolutional_layer.png> <./figures/ann/max_pooling.png> <./figures/ann/avg_pooling.png>] [13]) (body_matter/sections/literature/optimization.tex
<figures/opt/gradient_descent.png, id=632, 539.01375pt x 216.81pt>
File: figures/opt/gradient_descent.png Graphic file (type png)
<use figures/opt/gradient_descent.png>
Package pdftex.def Info: figures/opt/gradient_descent.png  used on input line 20.
(pdftex.def)             Requested size: 341.43436pt x 137.33868pt.
 [14 <./figures/opt/gradient_descent.png>] [15]
<figures/opt/learning_rates_1.png, id=653, 722.7pt x 402.50375pt>
File: figures/opt/learning_rates_1.png Graphic file (type png)
<use figures/opt/learning_rates_1.png>
Package pdftex.def Info: figures/opt/learning_rates_1.png  used on input line 92.
(pdftex.def)             Requested size: 362.77524pt x 202.04366pt.
<figures/opt/momentum.png, id=659, 712.6625pt x 172.645pt>
File: figures/opt/momentum.png Graphic file (type png)
<use figures/opt/momentum.png>
Package pdftex.def Info: figures/opt/momentum.png  used on input line 108.
(pdftex.def)             Requested size: 362.77524pt x 87.8818pt.
 [16 <./figures/opt/learning_rates_1.png> <./figures/opt/momentum.png>]
Package hyperref Info: bookmark level for unknown algorithm defaults to 0 on input line 147.
LaTeX Font Info:    Font shape `T1/mak/m/sc' will be
(Font)              scaled to size 8.09995pt on input line 147.

Overfull \hbox (2.0pt too wide) in paragraph at lines 171--171
[][][][][] 
 []

) [17] (body_matter/sections/literature/distributed_learning.tex
<figures/dml/distributed_1.png, id=686, 438.8897pt x 310.15875pt>
File: figures/dml/distributed_1.png Graphic file (type png)
<use figures/dml/distributed_1.png>
Package pdftex.def Info: figures/dml/distributed_1.png  used on input line 21.
(pdftex.def)             Requested size: 236.74242pt x 167.3047pt.

Overfull \hbox (27.61232pt too wide) in paragraph at lines 21--22
[][] 
 []

<figures/dml/centralized.png, id=687, 534.49687pt x 308.65312pt>
File: figures/dml/centralized.png Graphic file (type png)
<use figures/dml/centralized.png>
Package pdftex.def Info: figures/dml/centralized.png  used on input line 27.
(pdftex.def)             Requested size: 289.73318pt x 167.3047pt.

Overfull \hbox (80.60309pt too wide) in paragraph at lines 27--28
[][] 
 []


Underfull \vbox (badness 5490) has occurred while \output is active []

 [18 <./figures/dml/distributed_1.png> <./figures/dml/centralized.png>]
<figures/dml/parallelism_1_1716025674884.png, id=695, 159.9576pt x 73.2336pt>
File: figures/dml/parallelism_1_1716025674884.png Graphic file (type png)
<use figures/dml/parallelism_1_1716025674884.png>
Package pdftex.def Info: figures/dml/parallelism_1_1716025674884.png  used on input line 63.
(pdftex.def)             Requested size: 192.0548pt x 87.93013pt.
<figures/dml/parallelism.png, id=696, 312.16624pt x 162.6075pt>
File: figures/dml/parallelism.png Graphic file (type png)
<use figures/dml/parallelism.png>
Package pdftex.def Info: figures/dml/parallelism.png  used on input line 69.
(pdftex.def)             Requested size: 192.0548pt x 100.04395pt.
<figures/dml/ring.png, id=698, 542.77782pt x 344.78813pt>
File: figures/dml/ring.png Graphic file (type png)
<use figures/dml/ring.png>
Package pdftex.def Info: figures/dml/ring.png  used on input line 88.
(pdftex.def)             Requested size: 192.0548pt x 121.99817pt.
<figures/dml/tree.jpg, id=699, 224.18153pt x 111.00671pt>
File: figures/dml/tree.jpg Graphic file (type jpg)
<use figures/dml/tree.jpg>
Package pdftex.def Info: figures/dml/tree.jpg  used on input line 94.
(pdftex.def)             Requested size: 192.0603pt x 115.2393pt.
<figures/dml/parameter_server_1.jpg, id=700, 238.34647pt x 130.8087pt>
File: figures/dml/parameter_server_1.jpg Graphic file (type jpg)
<use figures/dml/parameter_server_1.jpg>
Package pdftex.def Info: figures/dml/parameter_server_1.jpg  used on input line 99.
(pdftex.def)             Requested size: 256.0774pt x 140.54074pt.
 [19 <./figures/dml/parallelism_1_1716025674884.png (PNG copy)> <./figures/dml/parallelism.png>] [20 <./figures/dml/ring.png> <./figures/dml/tree.jpg> <./figures/dml/parameter_server_1.jpg>] [21]
Overfull \hbox (7.54723pt too wide) in paragraph at lines 210--228
 [][] 
 []


LaTeX Warning: `!h' float specifier changed to `!ht'.

[22]) (body_matter/sections/literature/federated_learning.tex

LaTeX Warning: Citation `mcmahanCommunicationEfficientLearningDeep2023b' on page 23 undefined on input line 6.

[23]
<figures/fl/fl_advantages.png, id=753, 1369.115pt x 692.5875pt>
File: figures/fl/fl_advantages.png Graphic file (type png)
<use figures/fl/fl_advantages.png>
Package pdftex.def Info: figures/fl/fl_advantages.png  used on input line 26.
(pdftex.def)             Requested size: 384.10959pt x 194.30362pt.
 [24 <./figures/fl/fl_advantages.png>]
<figures/fl/devices.png, id=770, 566.86781pt x 676.77844pt>
File: figures/fl/devices.png Graphic file (type png)
<use figures/fl/devices.png>
Package pdftex.def Info: figures/fl/devices.png  used on input line 76.
(pdftex.def)             Requested size: 192.0548pt x 229.28581pt.
<figures/fl/silos.png, id=771, 656.4525pt x 676.77844pt>
File: figures/fl/silos.png Graphic file (type png)
<use figures/fl/silos.png>
Package pdftex.def Info: figures/fl/silos.png  used on input line 82.
(pdftex.def)             Requested size: 192.04915pt x 220.85915pt.
 [25 <./figures/fl/devices.png> <./figures/fl/silos.png>]
<figures/fl/horizontal.png, id=789, 948.54375pt x 512.91624pt>
File: figures/fl/horizontal.png Graphic file (type png)
<use figures/fl/horizontal.png>
Package pdftex.def Info: figures/fl/horizontal.png  used on input line 127.
(pdftex.def)             Requested size: 192.0548pt x 103.84932pt.
<figures/fl/vertical.png, id=790, 948.54375pt x 506.89375pt>
File: figures/fl/vertical.png Graphic file (type png)
<use figures/fl/vertical.png>
Package pdftex.def Info: figures/fl/vertical.png  used on input line 133.
(pdftex.def)             Requested size: 192.0548pt x 102.62994pt.
 [26 <./figures/fl/horizontal.png> <./figures/fl/vertical.png>] [27]
<figures/fl/fl_2.jpg, id=816, 370.88963pt x 277.66135pt>
File: figures/fl/fl_2.jpg Graphic file (type jpg)
<use figures/fl/fl_2.jpg>
Package pdftex.def Info: figures/fl/fl_2.jpg  used on input line 219.
(pdftex.def)             Requested size: 341.43436pt x 255.61674pt.
 [28 <./figures/fl/fl_2.jpg>]) (body_matter/sections/literature/networking.tex [29] [30] [31] [32]) [33]) [34]
\openout2 = `body_matter/chap3_related_work.aux'.

 (body_matter/chap3_related_work.tex
Chapter 3.
(body_matter/sections/work/datasets.tex
<figures/datasets/good_dataset.png, id=862, 606.01407pt x 221.32687pt>
File: figures/datasets/good_dataset.png Graphic file (type png)
<use figures/datasets/good_dataset.png>
Package pdftex.def Info: figures/datasets/good_dataset.png  used on input line 10.
(pdftex.def)             Requested size: 426.79134pt x 155.87334pt.
 [35




 <./figures/datasets/good_dataset.png>]
<figures/datasets/fashion_mnist.png, id=868, 538.26094pt x 266.49562pt>
File: figures/datasets/fashion_mnist.png Graphic file (type png)
<use figures/datasets/fashion_mnist.png>
Package pdftex.def Info: figures/datasets/fashion_mnist.png  used on input line 47.
(pdftex.def)             Requested size: 341.43436pt x 169.04797pt.
 [36 <./figures/datasets/fashion_mnist.png>]
<figures/datasets/iid_vs_noniid.png, id=874, 725.71124pt x 511.9125pt>
File: figures/datasets/iid_vs_noniid.png Graphic file (type png)
<use figures/datasets/iid_vs_noniid.png>
Package pdftex.def Info: figures/datasets/iid_vs_noniid.png  used on input line 87.
(pdftex.def)             Requested size: 256.0774pt x 180.64055pt.
) (body_matter/sections/work/ann_architectures.tex [37 <./figures/datasets/iid_vs_noniid.png>]
<figures/ann/LeNetx2.png, id=881, 1913.1475pt x 499.8675pt>
File: figures/ann/LeNetx2.png Graphic file (type png)
<use figures/ann/LeNetx2.png>
Package pdftex.def Info: figures/ann/LeNetx2.png  used on input line 13.
(pdftex.def)             Requested size: 384.10959pt x 100.36072pt.
<figures/ann/vgg16.png, id=884, 853.1875pt x 379.4175pt>
File: figures/ann/vgg16.png Graphic file (type png)
<use figures/ann/vgg16.png>
Package pdftex.def Info: figures/ann/vgg16.png  used on input line 61.
(pdftex.def)             Requested size: 341.43436pt x 151.83957pt.
 [38 <./figures/ann/LeNetx2.png>]
<figures/ann/ResNet.png, id=894, 549.55313pt x 328.97906pt>
File: figures/ann/ResNet.png Graphic file (type png)
<use figures/ann/ResNet.png>
Package pdftex.def Info: figures/ann/ResNet.png  used on input line 89.
(pdftex.def)             Requested size: 341.43436pt x 204.3966pt.
 [39 <./figures/ann/vgg16.png> <./figures/ann/ResNet.png>]) (body_matter/sections/work/fl_algorithms.tex [40]
pdfTeX warning (ext4): destination with the same identifier (name{ALG@line.1}) has been already used, duplicate ignored
<to be read again> 
                   \relax 
l.72         \State
                    \textbf{Server Execution:}
pdfTeX warning (ext4): destination with the same identifier (name{ALG@line.2}) has been already used, duplicate ignored
<to be read again> 
                   \relax 
l.73         \State
                    Initialize global model weights $w_0$, and learning rate...
pdfTeX warning (ext4): destination with the same identifier (name{algorithm.1}) has been already used, duplicate ignored
<to be read again> 
                   \relax 
l.92 \end{algorithm}
                    
Overfull \hbox (2.0pt too wide) in paragraph at lines 92--92
[][][][][] 
 []


pdfTeX warning (ext4): destination with the same identifier (name{ALG@line.1}) has been already used, duplicate ignored
<to be read again> 
                   \relax 
l.111         \State
                     \textbf{Server executes:}
pdfTeX warning (ext4): destination with the same identifier (name{ALG@line.2}) has been already used, duplicate ignored
<to be read again> 
                   \relax 
l.112         \State
                     Initialize global model weights $w_0$, and learning rat...
Overfull \hbox (2.0pt too wide) in paragraph at lines 133--133
[][][][][] 
 []

[41]
Underfull \vbox (badness 1127) has occurred while \output is active []

 [42
pdfTeX warning (ext4): destination with the same identifier (name{ALG@line.3}) has been already used, duplicate ignored
<argument> ...shipout:D \box_use:N \l_shipout_box 
                                                  \__shipout_drop_firstpage_...
l.170 \paragraph{Expensive Communication:}
                                           Communicaion Overhead is a critic...
pdfTeX warning (ext4): destination with the same identifier (name{ALG@line.4}) has been already used, duplicate ignored
<argument> ...shipout:D \box_use:N \l_shipout_box 
                                                  \__shipout_drop_firstpage_...
l.170 \paragraph{Expensive Communication:}
                                           Communicaion Overhead is a critic...
pdfTeX warning (ext4): destination with the same identifier (name{ALG@line.5}) has been already used, duplicate ignored
<argument> ...shipout:D \box_use:N \l_shipout_box 
                                                  \__shipout_drop_firstpage_...
l.170 \paragraph{Expensive Communication:}
                                           Communicaion Overhead is a critic...
pdfTeX warning (ext4): destination with the same identifier (name{ALG@line.6}) has been already used, duplicate ignored
<argument> ...shipout:D \box_use:N \l_shipout_box 
                                                  \__shipout_drop_firstpage_...
l.170 \paragraph{Expensive Communication:}
                                           Communicaion Overhead is a critic...
pdfTeX warning (ext4): destination with the same identifier (name{ALG@line.7}) has been already used, duplicate ignored
<argument> ...shipout:D \box_use:N \l_shipout_box 
                                                  \__shipout_drop_firstpage_...
l.170 \paragraph{Expensive Communication:}
                                           Communicaion Overhead is a critic...
pdfTeX warning (ext4): destination with the same identifier (name{ALG@line.8}) has been already used, duplicate ignored
<argument> ...shipout:D \box_use:N \l_shipout_box 
                                                  \__shipout_drop_firstpage_...
l.170 \paragraph{Expensive Communication:}
                                           Communicaion Overhead is a critic...
pdfTeX warning (ext4): destination with the same identifier (name{ALG@line.9}) has been already used, duplicate ignored
<argument> ...shipout:D \box_use:N \l_shipout_box 
                                                  \__shipout_drop_firstpage_...
l.170 \paragraph{Expensive Communication:}
                                           Communicaion Overhead is a critic...
pdfTeX warning (ext4): destination with the same identifier (name{ALG@line.10}) has been already used, duplicate ignored
<argument> ...shipout:D \box_use:N \l_shipout_box 
                                                  \__shipout_drop_firstpage_...
l.170 \paragraph{Expensive Communication:}
                                           Communicaion Overhead is a critic...
pdfTeX warning (ext4): destination with the same identifier (name{ALG@line.11}) has been already used, duplicate ignored
<argument> ...shipout:D \box_use:N \l_shipout_box 
                                                  \__shipout_drop_firstpage_...
l.170 \paragraph{Expensive Communication:}
                                           Communicaion Overhead is a critic...
pdfTeX warning (ext4): destination with the same identifier (name{ALG@line.12}) has been already used, duplicate ignored
<argument> ...shipout:D \box_use:N \l_shipout_box 
                                                  \__shipout_drop_firstpage_...
l.170 \paragraph{Expensive Communication:}
                                           Communicaion Overhead is a critic...
pdfTeX warning (ext4): destination with the same identifier (name{ALG@line.13}) has been already used, duplicate ignored
<argument> ...shipout:D \box_use:N \l_shipout_box 
                                                  \__shipout_drop_firstpage_...
l.170 \paragraph{Expensive Communication:}
                                           Communicaion Overhead is a critic...
pdfTeX warning (ext4): destination with the same identifier (name{ALG@line.14}) has been already used, duplicate ignored
<argument> ...shipout:D \box_use:N \l_shipout_box 
                                                  \__shipout_drop_firstpage_...
l.170 \paragraph{Expensive Communication:}
                                           Communicaion Overhead is a critic...
pdfTeX warning (ext4): destination with the same identifier (name{ALG@line.15}) has been already used, duplicate ignored
<argument> ...shipout:D \box_use:N \l_shipout_box 
                                                  \__shipout_drop_firstpage_...
l.170 \paragraph{Expensive Communication:}
                                           Communicaion Overhead is a critic...
pdfTeX warning (ext4): destination with the same identifier (name{ALG@line.16}) has been already used, duplicate ignored
<argument> ...shipout:D \box_use:N \l_shipout_box 
                                                  \__shipout_drop_firstpage_...
l.170 \paragraph{Expensive Communication:}
                                           Communicaion Overhead is a critic...
pdfTeX warning (ext4): destination with the same identifier (name{ALG@line.17}) has been already used, duplicate ignored
<argument> ...shipout:D \box_use:N \l_shipout_box 
                                                  \__shipout_drop_firstpage_...
l.170 \paragraph{Expensive Communication:}
                                           Communicaion Overhead is a critic...] [43]) (body_matter/sections/work/advanced_synchronization.tex [44]
Underfull \vbox (badness 10000) has occurred while \output is active []

 [45]
pdfTeX warning (ext4): destination with the same identifier (name{ALG@line.1}) has been already used, duplicate ignored
<to be read again> 
                   \relax 
l.92         \State
                    \textsc{Initialization: at a node $p_i$:}
pdfTeX warning (ext4): destination with the same identifier (name{ALG@line.2}) has been already used, duplicate ignored
<to be read again> 
                   \relax 
l.93         \State
                    \hspace{1em} -- Broadcast a message containing the initi...
pdfTeX warning (ext4): destination with the same identifier (name{ALG@line.3}) has been already used, duplicate ignored
<to be read again> 
                   \relax 
l.94         \State
                    \hspace{1.8em} to hold the initial statistics vector. Up...
pdfTeX warning (ext4): destination with the same identifier (name{ALG@line.4}) has been already used, duplicate ignored
<to be read again> 
                   \relax 
l.95         \State
                    \hspace{1.8em} nodes, calculate the estimate vector ($e(...
pdfTeX warning (ext4): destination with the same identifier (name{ALG@line.5}) has been already used, duplicate ignored
<to be read again> 
                   \relax 
l.96         \State
                    \textsc{Processing Stage at a node $p_i$:}
pdfTeX warning (ext4): destination with the same identifier (name{ALG@line.6}) has been already used, duplicate ignored
<to be read again> 
                   \relax 
l.96         \State
                    \textsc{Processing Stage at a node $p_i$:}
pdfTeX warning (ext4): destination with the same identifier (name{ALG@line.7}) has been already used, duplicate ignored
<to be read again> 
                   \relax 
l.98         \State
                    \hspace{1em} -- Upon the arrival of new data on the loca...
pdfTeX warning (ext4): destination with the same identifier (name{ALG@line.8}) has been already used, duplicate ignored
<to be read again> 
                   \relax 
l.99         \State
                    \hspace{1.8em} and check if $B(e(t), u_i(t))$ remains mo...
pdfTeX warning (ext4): destination with the same identifier (name{ALG@line.9}) has been already used, duplicate ignored
<to be read again> 
                   \relax 
l.100         \State
                     \hspace{1.8em} message $<i, v_i(t)>$ and update $v'_i$ ...
pdfTeX warning (ext4): destination with the same identifier (name{ALG@line.10}) has been already used, duplicate ignored
<to be read again> 
                   \relax 
l.101         \State
                     \hspace{1em} -- Upon receipt of a new message $<j, v_j(...
pdfTeX warning (ext4): destination with the same identifier (name{ALG@line.11}) has been already used, duplicate ignored
<to be read again> 
                   \relax 
l.102         \State
                     \hspace{1.8em} recalculate $e(t)$, and check if $B(e(t)...
pdfTeX warning (ext4): destination with the same identifier (name{ALG@line.12}) has been already used, duplicate ignored
<to be read again> 
                   \relax 
l.103         \State
                     \hspace{1.8em} $B(e(t), u_i(t))$ is not monochromatic, ...
pdfTeX warning (ext4): destination with the same identifier (name{ALG@line.13}) has been already used, duplicate ignored
<to be read again> 
                   \relax 
l.104         \State
                     \hspace{1.8em} and update $v'_i$ to hold $v_i(t)$.
Overfull \hbox (2.0pt too wide) in paragraph at lines 107--107
[][][][][] 
 []

[46]
Overfull \hbox (9.64137pt too wide) in paragraph at lines 159--162
[]\T1/mak/m/n/10 To mon-i-tor the lo-cal con-straints, we use The-o-rem 1, which states that for vec-tors $\OML/mak/m/it/10 x; y[]; y[]; [] ; y[] \OMS/txsy/m/n/10 2
 []

<figures/synch/convex_hull.png, id=966, 283.0575pt x 280.04625pt>
File: figures/synch/convex_hull.png Graphic file (type png)
<use figures/synch/convex_hull.png>
Package pdftex.def Info: figures/synch/convex_hull.png  used on input line 177.
(pdftex.def)             Requested size: 170.71393pt x 168.90076pt.
[47 <./figures/synch/convex_hull.png>]
Overfull \hbox (20.50504pt too wide) in paragraph at lines 198--202
\T1/mak/m/n/10 pub-li-ca-tion of "Sketch-based Ge-o-met-ric Mon-i-tor-ing of Dis-tributed Stream Queries"[[]] M.Garofalalakis,
 []

[48]
LaTeX Font Info:    Trying to load font information for T1+txr on input line 263.
 (C:\Programs\MikTex\tex/latex/txfonts\t1txr.fd
File: t1txr.fd 2000/12/15 v3.1
)
LaTeX Font Info:    Font shape `T1/txr/b/n' in size <10> not available
(Font)              Font shape `T1/txr/bx/n' tried instead on input line 263.
LaTeX Font Info:    Font shape `T1/txr/b/n' in size <7> not available
(Font)              Font shape `T1/txr/bx/n' tried instead on input line 263.
LaTeX Font Info:    Font shape `T1/txr/b/n' in size <5> not available
(Font)              Font shape `T1/txr/bx/n' tried instead on input line 263.

Underfull \vbox (badness 10000) has occurred while \output is active []

 [49] [50]
pdfTeX warning (ext4): destination with the same identifier (name{ALG@line.1}) has been already used, duplicate ignored
<to be read again> 
                   \relax 
l.363         \State
                     \textbf{Server executes:}
pdfTeX warning (ext4): destination with the same identifier (name{ALG@line.2}) has been already used, duplicate ignored
<to be read again> 
                   \relax 
l.365         \State
                     initialize $w_1$
pdfTeX warning (ext4): destination with the same identifier (name{ALG@line.3}) has been already used, duplicate ignored
<to be read again> 
                   \relax 
l.366         \For
                  {each round $t = 1, 2, \ldots$}
pdfTeX warning (ext4): destination with the same identifier (name{ALG@line.4}) has been already used, duplicate ignored
<to be read again> 
                   \relax 
l.367         \State
                     Broadcast $w_t$ to all clients
pdfTeX warning (ext4): destination with the same identifier (name{ALG@line.5}) has been already used, duplicate ignored
<to be read again> 
                   \relax 
l.368         \Repeat
                     
pdfTeX warning (ext4): destination with the same identifier (name{ALG@line.6}) has been already used, duplicate ignored
<to be read again> 
                   \relax 
l.369         \For
                  {each client $k = 1, \ldots, K$ \textbf{in parallel}}
pdfTeX warning (ext4): destination with the same identifier (name{ALG@line.7}) has been already used, duplicate ignored
<to be read again> 
                   \relax 
l.370         \State
                     $S_k(t) \leftarrow \text{ClientTrain}(k)$
pdfTeX warning (ext4): destination with the same identifier (name{ALG@line.8}) has been already used, duplicate ignored
<to be read again> 
                   \relax 
l.371         \EndFor
                     
pdfTeX warning (ext4): destination with the same identifier (name{ALG@line.9}) has been already used, duplicate ignored
<to be read again> 
                   \relax 
l.372         \Until
                    {$F(S(t)) > \Theta$}
pdfTeX warning (ext4): destination with the same identifier (name{ALG@line.10}) has been already used, duplicate ignored
<to be read again> 
                   \relax 
l.373         \For
                  {each client $k = 1, \ldots, K$ \textbf{in parallel}}
pdfTeX warning (ext4): destination with the same identifier (name{ALG@line.11}) has been already used, duplicate ignored
<to be read again> 
                   \relax 
l.374         \State
                     $w_{t+1}^{(k)} \leftarrow$ (download the model of clien...
pdfTeX warning (ext4): destination with the same identifier (name{ALG@line.12}) has been already used, duplicate ignored
<to be read again> 
                   \relax 
l.375         \EndFor
                     
pdfTeX warning (ext4): destination with the same identifier (name{ALG@line.13}) has been already used, duplicate ignored
<to be read again> 
                   \relax 
l.376         \State
                     $w_{t+1} \leftarrow \sum_{k=1}^{K} \frac{n_k}{n} w_{t+1...
pdfTeX warning (ext4): destination with the same identifier (name{ALG@line.14}) has been already used, duplicate ignored
<to be read again> 
                   \relax 
l.377         \EndFor
                     
pdfTeX warning (ext4): destination with the same identifier (name{ALG@line.15}) has been already used, duplicate ignored
<to be read again> 
                   \relax 
l.380         \State
                     \textbf{ClientTrain}$(k)$:
pdfTeX warning (ext4): destination with the same identifier (name{ALG@line.16}) has been already used, duplicate ignored
<to be read again> 
                   \relax 
l.382         \State
                     $\mathcal{B} \leftarrow$ (Choose $s$ batches of size $b...
pdfTeX warning (ext4): destination with the same identifier (name{ALG@line.17}) has been already used, duplicate ignored
<to be read again> 
                   \relax 
l.383         \For
                  {each batch $B \in \mathcal{B}$}
pdfTeX warning (ext4): destination with the same identifier (name{ALG@line.18}) has been already used, duplicate ignored
<to be read again> 
                   \relax 
l.384         \State
                     $w \leftarrow w - \eta \nabla f_B(w)$
pdfTeX warning (ext4): destination with the same identifier (name{ALG@line.19}) has been already used, duplicate ignored
<to be read again> 
                   \relax 
l.385         \EndFor
                     
Overfull \hbox (2.0pt too wide) in paragraph at lines 389--389
[][][][][] 
 []

[51] [52]
Underfull \vbox (badness 10000) has occurred while \output is active []

 [53] [54]) (body_matter/sections/work/ns3_fl.tex
<figures/ns3-fl/ns3-fl_architecture.png, id=1086, 458.46281pt x 258.9675pt>
File: figures/ns3-fl/ns3-fl_architecture.png Graphic file (type png)
<use figures/ns3-fl/ns3-fl_architecture.png>
Package pdftex.def Info: figures/ns3-fl/ns3-fl_architecture.png  used on input line 17.
(pdftex.def)             Requested size: 341.43436pt x 192.86975pt.
 [55] [56 <./figures/ns3-fl/ns3-fl_architecture.png>]
<figures/ns3-fl/workflow_ex.png, id=1104, 408.77719pt x 287.57437pt>
File: figures/ns3-fl/workflow_ex.png Graphic file (type png)
<use figures/ns3-fl/workflow_ex.png>
Package pdftex.def Info: figures/ns3-fl/workflow_ex.png  used on input line 77.
(pdftex.def)             Requested size: 298.75262pt x 210.18205pt.
 [57 <./figures/ns3-fl/workflow_ex.png>])) [58] [59



]
\openout2 = `body_matter/chap4_environment.aux'.

 (body_matter/chap4_environment.tex
Chapter 4.
[60


] [61]
<figures/tools/architecture_1.png, id=1133, 834.86906pt x 692.5875pt>
File: figures/tools/architecture_1.png Graphic file (type png)
<use figures/tools/architecture_1.png>
Package pdftex.def Info: figures/tools/architecture_1.png  used on input line 79.
(pdftex.def)             Requested size: 341.43436pt x 283.24408pt.
 [62 <./figures/tools/architecture_1.png>]
Underfull \vbox (badness 10000) has occurred while \output is active []

 [63]) [64]
\openout2 = `body_matter/chap5_methodology.aux'.

 (body_matter/chap5_methodology.tex
Chapter 5.
[65




]) [66]
\openout2 = `body_matter/chap5_implementation.aux'.


No file body_matter/chap5_implementation.tex.
\openout2 = `body_matter/chap6_results.aux'.

(body_matter/chap6_results.tex
Chapter 6.
[67







]) [68] [69



]
\openout2 = `body_matter/chap7_conclusions.aux'.

 (body_matter/chap7_conclusions.tex
Chapter 7.
) [70


] (main.bbl
LaTeX Font Info:    Trying to load font information for LGR+mak on input line 4.
 (C:\Programs\MikTex\tex/latex/kerkis\lgrmak.fd)
LaTeX Font Info:    Font shape `LGR/mak/m/n' will be
(Font)              scaled to size 8.99994pt on input line 4.

Underfull \hbox (badness 4144) in paragraph at lines 11--17
\T1/mak/m/it/10 Way[]\T1/mak/m/n/10 .  https://towardsdatascience.com/a-comprehensive-guide-to-convolutional-neural-
 []


Overfull \hbox (46.3929pt too wide) in paragraph at lines 91--94
[]\T1/mak/m/it/10 Artificial In-tel-li-gence : A Mod-ern Ap-proach[]\T1/mak/m/n/10 .  https://thuvienso.hoasen.edu.vn/handle/123456789/8967. 
 []

[71




{C:/Programs/MikTex/fonts/enc/dvips/kerkis/gpkerkis.enc}] [72]
Overfull \hbox (45.84479pt too wide) in paragraph at lines 341--345
[]\T1/mak/m/it/10 Momentum and Learn-ing Rate Adap-ta-tion[]\T1/mak/m/n/10 .  https://willamette.edu/~gorr/classes/cs449/momrate.html. 
 []


Underfull \hbox (badness 1436) in paragraph at lines 363--368
[]\T1/mak/m/n/10 Joost Ver-braeken,  Matthijs Wolt-ing,  Jonathan Katzy,  Jeroen Klop-pen-burg \LGR/mak/m/n/10 kai
 []

[73]
Underfull \hbox (badness 10000) in paragraph at lines 402--405
[]\T1/mak/m/it/10 Asynchronous De-cen-tral-ized Par-al-lel Stochas-tic Gra-di-ent De-scent[]\T1/mak/m/n/10 .
 []

[74]) LaTeX Warning: (thesis.cls): The "plain" option has been selected. CD cover generation has been disabled.
 
LaTeX Warning: (thesis.cls): The "plain" option has been selected. CD cover generation has been disabled.
 
[75] (main.aux (front_matter/abstract.aux) (front_matter/preface.aux) (front_matter/acknowledgements.aux) (body_matter/chap1_intro.aux) (body_matter/chap2_theoretical_background.aux) (body_matter/chap3_related_work.aux) (body_matter/chap4_environment.aux) (body_matter/chap5_methodology.aux) (body_matter/chap5_implementation.aux) (body_matter/chap6_results.aux) (body_matter/chap7_conclusions.aux))
 ***********
LaTeX2e <2023-11-01> patch level 1
L3 programming layer <2024-03-14>
 ***********


LaTeX Font Warning: Some font shapes were not available, defaults substituted.


LaTeX Warning: There were undefined references.

 ) 
Here is how much of TeX's memory you used:
 35016 strings out of 474424
 644733 string characters out of 5753921
 1952496 words of memory out of 5000000
 56186 multiletter control sequences out of 15000+600000
 618662 words of font info for 190 fonts, out of 8000000 for 9000
 1141 hyphenation exceptions out of 8191
 99i,22n,107p,913b,698s stack positions out of 10000i,1000n,20000p,200000b,200000s

pdfTeX warning (dest): name{Hfootnote.8} has been referenced but does not exist, replaced by a fixed one


pdfTeX warning (dest): name{Hfootnote.7} has been referenced but does not exist, replaced by a fixed one


pdfTeX warning (dest): name{Hfootnote.6} has been referenced but does not exist, replaced by a fixed one


pdfTeX warning (dest): name{Hfootnote.5} has been referenced but does not exist, replaced by a fixed one


pdfTeX warning (dest): name{Hfootnote.4} has been referenced but does not exist, replaced by a fixed one


pdfTeX warning (dest): name{Hfootnote.3} has been referenced but does not exist, replaced by a fixed one


pdfTeX warning (dest): name{Hfootnote.2} has been referenced but does not exist, replaced by a fixed one


pdfTeX warning (dest): name{Hfootnote.1} has been referenced but does not exist, replaced by a fixed one

 <C:\Users\Sklavos17\AppData\Local\MiKTeX\fonts/pk/ljfour/jknappen/ec/dpi600\tcrm1000.pk><C:/Programs/MikTex/fonts/type1/public/kerkis/Kerkis-Bold.pfb><C:/Programs/MikTex/fonts/type1/public/kerkis/Kerkis-Italic.pfb><C:/Programs/MikTex/fonts/type1/public/kerkis/Kerkis-SmallCaps.pfb><C:/Programs/MikTex/fonts/type1/public/kerkis/Kerkis.pfb><C:/Programs/MikTex/fonts/type1/public/txfonts/rtxr.pfb><C:/Programs/MikTex/fonts/type1/public/txfonts/txex.pfb><C:/Programs/MikTex/fonts/type1/public/txfonts/txexa.pfb><C:/Programs/MikTex/fonts/type1/public/txfonts/txsy.pfb><C:/Programs/MikTex/fonts/type1/public/txfonts/txsya.pfb><C:/Programs/MikTex/fonts/type1/public/txfonts/txsyb.pfb><C:/Programs/MikTex/fonts/type1/urw/times/utmb8a.pfb><C:/Programs/MikTex/fonts/type1/urw/times/utmr8a.pfb>
Output written on main.pdf (91 pages, 5324428 bytes).
PDF statistics:
 1702 PDF objects out of 1728 (max. 8388607)
 416 named destinations out of 1000 (max. 500000)
 1151 words of extra memory for PDF output out of 10000 (max. 10000000)

