[2024-06-20 20:37:11,170][root][INFO] - Initialized DataManager for experiment exp_20240620_203711
[2024-06-20 20:37:11,175][root][INFO] - Added data to info for client None: {'experiment_id': 'exp_20240620_203711', 'algorithm': 'fda', 'num_clients': 3, 'dataset': 'mnist', 'ann': 'lenet', 'threshold': 5, 'thres_discount_factor': 1.0, 'steps_threshold': 500, 'train_batch_size': 32, 'eval_batch_size': 64, 'network_template': 1, 'client_mobility': True, 'non_iid': False}
[2024-06-20 20:37:11,175][root][INFO] - Added info data: {'experiment_id': 'exp_20240620_203711', 'algorithm': 'fda', 'num_clients': 3, 'dataset': 'mnist', 'ann': 'lenet', 'threshold': 5, 'thres_discount_factor': 1.0, 'steps_threshold': 500, 'train_batch_size': 32, 'eval_batch_size': 64, 'network_template': 1, 'client_mobility': True, 'non_iid': False}
[2024-06-20 20:37:11,177][root][INFO] - Info data saved to /home/psklavos/fl/geom_aio/csv_logs/exp_20240620_203711/info.csv
[2024-06-20 20:37:11,178][flwr][INFO] - Starting Flower server, config: ServerConfig(num_rounds=5, round_timeout=None)
[2024-06-20 20:37:11,181][flwr][INFO] - Flower ECE: gRPC server running (5 rounds), SSL is disabled
[2024-06-20 20:37:11,181][flwr][INFO] - Initializing global parameters
[2024-06-20 20:37:11,181][flwr][INFO] - Requesting initial parameters from one random client
[2024-06-20 20:37:19,803][flwr][INFO] - Received initial parameters from one random client
[2024-06-20 20:37:19,804][flwr][INFO] - Evaluating initial parameters
[2024-06-20 20:37:19,972][utils.model][INFO] - LeNet model built
[2024-06-20 20:37:20,359][utils.model][INFO] - Size of serialized model: 279.0341796875 kbytes
[2024-06-20 20:37:20,447][utils.model][INFO] - Step 1/40 - val_loss: 2.3162 - val_accuracy: 0.1094
[2024-06-20 20:37:20,481][utils.model][INFO] - Step 2/40 - val_loss: 2.3220 - val_accuracy: 0.1094
[2024-06-20 20:37:20,514][utils.model][INFO] - Step 3/40 - val_loss: 2.3199 - val_accuracy: 0.1133
[2024-06-20 20:37:20,546][utils.model][INFO] - Step 4/40 - val_loss: 2.3203 - val_accuracy: 0.1133
[2024-06-20 20:37:20,578][utils.model][INFO] - Step 5/40 - val_loss: 2.3208 - val_accuracy: 0.1164
[2024-06-20 20:37:20,609][utils.model][INFO] - Step 6/40 - val_loss: 2.3211 - val_accuracy: 0.1133
[2024-06-20 20:37:20,641][utils.model][INFO] - Step 7/40 - val_loss: 2.3208 - val_accuracy: 0.1105
[2024-06-20 20:37:20,670][utils.model][INFO] - Step 8/40 - val_loss: 2.3201 - val_accuracy: 0.1152
[2024-06-20 20:37:20,702][utils.model][INFO] - Step 9/40 - val_loss: 2.3200 - val_accuracy: 0.1181
[2024-06-20 20:37:20,729][utils.model][INFO] - Step 10/40 - val_loss: 2.3197 - val_accuracy: 0.1203
[2024-06-20 20:37:20,759][utils.model][INFO] - Step 11/40 - val_loss: 2.3191 - val_accuracy: 0.1222
[2024-06-20 20:37:20,787][utils.model][INFO] - Step 12/40 - val_loss: 2.3191 - val_accuracy: 0.1234
[2024-06-20 20:37:20,813][utils.model][INFO] - Step 13/40 - val_loss: 2.3191 - val_accuracy: 0.1247
[2024-06-20 20:37:20,841][utils.model][INFO] - Step 14/40 - val_loss: 2.3187 - val_accuracy: 0.1253
[2024-06-20 20:37:20,871][utils.model][INFO] - Step 15/40 - val_loss: 2.3188 - val_accuracy: 0.1240
[2024-06-20 20:37:20,905][utils.model][INFO] - Step 16/40 - val_loss: 2.3192 - val_accuracy: 0.1211
[2024-06-20 20:37:20,938][utils.model][INFO] - Step 17/40 - val_loss: 2.3202 - val_accuracy: 0.1195
[2024-06-20 20:37:20,973][utils.model][INFO] - Step 18/40 - val_loss: 2.3202 - val_accuracy: 0.1202
[2024-06-20 20:37:21,010][utils.model][INFO] - Step 19/40 - val_loss: 2.3203 - val_accuracy: 0.1213
[2024-06-20 20:37:21,042][utils.model][INFO] - Step 20/40 - val_loss: 2.3204 - val_accuracy: 0.1203
[2024-06-20 20:37:21,069][utils.model][INFO] - Step 21/40 - val_loss: 2.3205 - val_accuracy: 0.1215
[2024-06-20 20:37:21,098][utils.model][INFO] - Step 22/40 - val_loss: 2.3207 - val_accuracy: 0.1225
[2024-06-20 20:37:21,130][utils.model][INFO] - Step 23/40 - val_loss: 2.3208 - val_accuracy: 0.1231
[2024-06-20 20:37:21,160][utils.model][INFO] - Step 24/40 - val_loss: 2.3204 - val_accuracy: 0.1240
[2024-06-20 20:37:21,187][utils.model][INFO] - Step 25/40 - val_loss: 2.3203 - val_accuracy: 0.1244
[2024-06-20 20:37:21,210][utils.model][INFO] - Step 26/40 - val_loss: 2.3204 - val_accuracy: 0.1242
[2024-06-20 20:37:21,232][utils.model][INFO] - Step 27/40 - val_loss: 2.3202 - val_accuracy: 0.1251
[2024-06-20 20:37:21,258][utils.model][INFO] - Step 28/40 - val_loss: 2.3201 - val_accuracy: 0.1243
[2024-06-20 20:37:21,283][utils.model][INFO] - Step 29/40 - val_loss: 2.3200 - val_accuracy: 0.1224
[2024-06-20 20:37:21,311][utils.model][INFO] - Step 30/40 - val_loss: 2.3198 - val_accuracy: 0.1224
[2024-06-20 20:37:21,335][utils.model][INFO] - Step 31/40 - val_loss: 2.3198 - val_accuracy: 0.1232
[2024-06-20 20:37:21,360][utils.model][INFO] - Step 32/40 - val_loss: 2.3198 - val_accuracy: 0.1222
[2024-06-20 20:37:21,383][utils.model][INFO] - Step 33/40 - val_loss: 2.3194 - val_accuracy: 0.1228
[2024-06-20 20:37:21,407][utils.model][INFO] - Step 34/40 - val_loss: 2.3194 - val_accuracy: 0.1233
[2024-06-20 20:37:21,431][utils.model][INFO] - Step 35/40 - val_loss: 2.3195 - val_accuracy: 0.1224
[2024-06-20 20:37:21,451][utils.model][INFO] - Step 36/40 - val_loss: 2.3195 - val_accuracy: 0.1217
[2024-06-20 20:37:21,469][utils.model][INFO] - Step 37/40 - val_loss: 2.3194 - val_accuracy: 0.1224
[2024-06-20 20:37:21,487][utils.model][INFO] - Step 38/40 - val_loss: 2.3191 - val_accuracy: 0.1219
[2024-06-20 20:37:21,508][utils.model][INFO] - Step 39/40 - val_loss: 2.3187 - val_accuracy: 0.1217
[2024-06-20 20:37:21,520][utils.model][INFO] - Step 40/40 - val_loss: 2.3185 - val_accuracy: 0.1215
[2024-06-20 20:37:21,523][utils.model][INFO] - Evaluation Results - Val Loss: 2.3185, Val Accuracy: 0.1215 in 40 steps
[2024-06-20 20:37:21,527][root][INFO] - Added data to server for client None: {'round': 0, 'experiment_id': 'exp_20240620_203711', 'centralized_loss': 0.0, 'centralized_acc': 0.0, 'distributed_loss': 0.0, 'distributed_acc': 0.0, 'dropouts': 0, 'average_norm': 0.0, 'round_time': 0.0, 'average_downlink_time': 0.0, 'average_rtc_check_time': 0.0, 'average_uplink_time': 0.0, 'average_computation_time': 0.0, 'average_communication_time': 0.0, 'average_fit_time': 0.0, 'average_throughput': 0.0}
[2024-06-20 20:37:21,527][root][INFO] - Added server data: {'round': 0, 'experiment_id': 'exp_20240620_203711', 'centralized_loss': 0.0, 'centralized_acc': 0.0, 'distributed_loss': 0.0, 'distributed_acc': 0.0, 'dropouts': 0, 'average_norm': 0.0, 'round_time': 0.0, 'average_downlink_time': 0.0, 'average_rtc_check_time': 0.0, 'average_uplink_time': 0.0, 'average_computation_time': 0.0, 'average_communication_time': 0.0, 'average_fit_time': 0.0, 'average_throughput': 0.0}
[2024-06-20 20:37:21,528][root][INFO] - Appended data to last row of column centralized_loss in server data for client None
[2024-06-20 20:37:21,528][root][INFO] - Appended data to last row of column centralized_acc in server data for client None
[2024-06-20 20:37:21,528][root][INFO] - Appended {'centralized_loss': 2.3184972, 'centralized_acc': 0.1215} to the last row of server data
[2024-06-20 20:37:21,528][flwr][INFO] - initial parameters (loss, other metrics): 2.3184972, {'accuracy': 0.1215}
[2024-06-20 20:37:21,528][flwr][INFO] - FL starting
[2024-06-20 20:37:26,651][flwr][DEBUG] - fit_round 1: strategy sampled 3 clients (out of 3)
[2024-06-20 20:37:28,356][flwr][DEBUG] - fit_round 1 received 3 results and 0 failures
[2024-06-20 20:37:28,368][root][INFO] - Added data to server for client None: {'round': 1, 'average_norm': 5.111891587575276, 'round_time': 2.7315350917144774, 'average_downlink_time': 0.5941698603333333, 'average_rtc_check_time': 0.08989151233011701, 'average_uplink_time': 0.31739010100000004, 'average_computation_time': 1.3973790009816487, 'average_communication_time': 1.0014514736634503, 'average_fit_time': 1.668075720469157, 'average_throughput': 7.5408378997244485, 'dropouts': 0, 'experiment_id': 'exp_20240620_203711'}
[2024-06-20 20:37:28,368][root][INFO] - Added server data: {'round': 1, 'average_norm': 5.111891587575276, 'round_time': 2.7315350917144774, 'average_downlink_time': 0.5941698603333333, 'average_rtc_check_time': 0.08989151233011701, 'average_uplink_time': 0.31739010100000004, 'average_computation_time': 1.3973790009816487, 'average_communication_time': 1.0014514736634503, 'average_fit_time': 1.668075720469157, 'average_throughput': 7.5408378997244485, 'dropouts': 0, 'experiment_id': 'exp_20240620_203711'}
[2024-06-20 20:37:28,424][utils.model][INFO] - LeNet model built
[2024-06-20 20:37:28,536][utils.model][INFO] - Size of serialized model: 279.0341796875 kbytes
[2024-06-20 20:37:28,574][utils.model][INFO] - Step 1/40 - val_loss: 1.3029 - val_accuracy: 0.6875
[2024-06-20 20:37:28,592][utils.model][INFO] - Step 2/40 - val_loss: 1.3280 - val_accuracy: 0.6621
[2024-06-20 20:37:28,610][utils.model][INFO] - Step 3/40 - val_loss: 1.3351 - val_accuracy: 0.6549
[2024-06-20 20:37:28,629][utils.model][INFO] - Step 4/40 - val_loss: 1.3111 - val_accuracy: 0.6670
[2024-06-20 20:37:28,648][utils.model][INFO] - Step 5/40 - val_loss: 1.3305 - val_accuracy: 0.6570
[2024-06-20 20:37:28,666][utils.model][INFO] - Step 6/40 - val_loss: 1.3393 - val_accuracy: 0.6497
[2024-06-20 20:37:28,685][utils.model][INFO] - Step 7/40 - val_loss: 1.3423 - val_accuracy: 0.6501
[2024-06-20 20:37:28,704][utils.model][INFO] - Step 8/40 - val_loss: 1.3397 - val_accuracy: 0.6543
[2024-06-20 20:37:28,723][utils.model][INFO] - Step 9/40 - val_loss: 1.3464 - val_accuracy: 0.6506
[2024-06-20 20:37:28,742][utils.model][INFO] - Step 10/40 - val_loss: 1.3434 - val_accuracy: 0.6508
[2024-06-20 20:37:28,761][utils.model][INFO] - Step 11/40 - val_loss: 1.3424 - val_accuracy: 0.6527
[2024-06-20 20:37:28,783][utils.model][INFO] - Step 12/40 - val_loss: 1.3417 - val_accuracy: 0.6530
[2024-06-20 20:37:28,804][utils.model][INFO] - Step 13/40 - val_loss: 1.3369 - val_accuracy: 0.6547
[2024-06-20 20:37:28,823][utils.model][INFO] - Step 14/40 - val_loss: 1.3385 - val_accuracy: 0.6560
[2024-06-20 20:37:28,844][utils.model][INFO] - Step 15/40 - val_loss: 1.3399 - val_accuracy: 0.6529
[2024-06-20 20:37:28,863][utils.model][INFO] - Step 16/40 - val_loss: 1.3408 - val_accuracy: 0.6514
[2024-06-20 20:37:28,883][utils.model][INFO] - Step 17/40 - val_loss: 1.3440 - val_accuracy: 0.6503
[2024-06-20 20:37:28,903][utils.model][INFO] - Step 18/40 - val_loss: 1.3487 - val_accuracy: 0.6482
[2024-06-20 20:37:28,922][utils.model][INFO] - Step 19/40 - val_loss: 1.3466 - val_accuracy: 0.6484
[2024-06-20 20:37:28,941][utils.model][INFO] - Step 20/40 - val_loss: 1.3425 - val_accuracy: 0.6512
[2024-06-20 20:37:28,960][utils.model][INFO] - Step 21/40 - val_loss: 1.3332 - val_accuracy: 0.6561
[2024-06-20 20:37:28,979][utils.model][INFO] - Step 22/40 - val_loss: 1.3261 - val_accuracy: 0.6580
[2024-06-20 20:37:28,997][utils.model][INFO] - Step 23/40 - val_loss: 1.3213 - val_accuracy: 0.6613
[2024-06-20 20:37:29,016][utils.model][INFO] - Step 24/40 - val_loss: 1.3186 - val_accuracy: 0.6631
[2024-06-20 20:37:29,034][utils.model][INFO] - Step 25/40 - val_loss: 1.3093 - val_accuracy: 0.6689
[2024-06-20 20:37:29,052][utils.model][INFO] - Step 26/40 - val_loss: 1.3081 - val_accuracy: 0.6720
[2024-06-20 20:37:29,071][utils.model][INFO] - Step 27/40 - val_loss: 1.3073 - val_accuracy: 0.6739
[2024-06-20 20:37:29,089][utils.model][INFO] - Step 28/40 - val_loss: 1.3038 - val_accuracy: 0.6762
[2024-06-20 20:37:29,108][utils.model][INFO] - Step 29/40 - val_loss: 1.3022 - val_accuracy: 0.6790
[2024-06-20 20:37:29,126][utils.model][INFO] - Step 30/40 - val_loss: 1.3026 - val_accuracy: 0.6797
[2024-06-20 20:37:29,144][utils.model][INFO] - Step 31/40 - val_loss: 1.2980 - val_accuracy: 0.6822
[2024-06-20 20:37:29,163][utils.model][INFO] - Step 32/40 - val_loss: 1.2929 - val_accuracy: 0.6846
[2024-06-20 20:37:29,181][utils.model][INFO] - Step 33/40 - val_loss: 1.2891 - val_accuracy: 0.6881
[2024-06-20 20:37:29,199][utils.model][INFO] - Step 34/40 - val_loss: 1.2832 - val_accuracy: 0.6901
[2024-06-20 20:37:29,217][utils.model][INFO] - Step 35/40 - val_loss: 1.2764 - val_accuracy: 0.6949
[2024-06-20 20:37:29,236][utils.model][INFO] - Step 36/40 - val_loss: 1.2745 - val_accuracy: 0.6965
[2024-06-20 20:37:29,257][utils.model][INFO] - Step 37/40 - val_loss: 1.2706 - val_accuracy: 0.6992
[2024-06-20 20:37:29,276][utils.model][INFO] - Step 38/40 - val_loss: 1.2702 - val_accuracy: 0.7006
[2024-06-20 20:37:29,296][utils.model][INFO] - Step 39/40 - val_loss: 1.2741 - val_accuracy: 0.6985
[2024-06-20 20:37:29,304][utils.model][INFO] - Step 40/40 - val_loss: 1.2706 - val_accuracy: 0.6986
[2024-06-20 20:37:29,306][utils.model][INFO] - Evaluation Results - Val Loss: 1.2706, Val Accuracy: 0.6986 in 40 steps
[2024-06-20 20:37:29,308][root][INFO] - Appended data to last row of column centralized_loss in server data for client None
[2024-06-20 20:37:29,308][root][INFO] - Appended data to last row of column centralized_acc in server data for client None
[2024-06-20 20:37:29,308][root][INFO] - Appended {'centralized_loss': 1.2706405, 'centralized_acc': 0.6986} to the last row of server data
[2024-06-20 20:37:29,308][flwr][INFO] - fit progress: (1, 1.2706405, {'accuracy': 0.6986}, 7.779975630008266)
[2024-06-20 20:37:29,308][flwr][DEBUG] - evaluate_round 1: strategy sampled 3 clients (out of 3)
[2024-06-20 20:37:29,915][flwr][DEBUG] - evaluate_round 1 received 3 results and 0 failures
[2024-06-20 20:37:29,917][root][INFO] - Added data to epoch for client 0: {'round': 0, 'experiment_id': 'exp_20240620_203711', 'client_id': '0', 'epoch_steps': 0, 'total_steps': 0, 'l2_norm': 0.0, 'total_computation_time': 0.0, 'total_rtc_check_time': 0.0, 'total_duration': 0.0, 'val_loss': 0.0, 'val_accuracy': 0.0}
[2024-06-20 20:37:29,917][root][INFO] - Added epoch data for client 0: {'round': 0, 'experiment_id': 'exp_20240620_203711', 'client_id': '0', 'epoch_steps': 0, 'total_steps': 0, 'l2_norm': 0.0, 'total_computation_time': 0.0, 'total_rtc_check_time': 0.0, 'total_duration': 0.0, 'val_loss': 0.0, 'val_accuracy': 0.0}
[2024-06-20 20:37:29,918][root][INFO] - Added data to batch for client 0: {'round': 0, 'experiment_id': 'exp_20240620_203711', 'client_id': '0', 'step_no': 0, 'loss': 0.0, 'accuracy': 0.0, 'l2_norm': 0.0, 'computation_time': 0.0, 'rtc_check_time': 0.0, 'batch_time': 0.0}
[2024-06-20 20:37:29,918][root][INFO] - Added batch data for client 0: {'round': 0, 'experiment_id': 'exp_20240620_203711', 'client_id': '0', 'step_no': 0, 'loss': 0.0, 'accuracy': 0.0, 'l2_norm': 0.0, 'computation_time': 0.0, 'rtc_check_time': 0.0, 'batch_time': 0.0}
[2024-06-20 20:37:29,919][root][INFO] - Added data to epoch for client 0: {'round': 1, 'epoch_steps': 23, 'total_steps': 23, 'l2_norm': 4.959309101104736, 'total_computation_time': 1.3921194076538086, 'total_rtc_check_time': 0.09198118002677802, 'total_duration': 1.6675231456756592, 'val_loss': 1.2954316139221191, 'val_accuracy': 0.6899999976158142, 'experiment_id': 'exp_20240620_203711', 'client_id': '0'}
[2024-06-20 20:37:29,919][root][INFO] - Added epoch data for client 0: {'round': 1, 'epoch_steps': 23, 'total_steps': 23, 'l2_norm': 4.959309101104736, 'total_computation_time': 1.3921194076538086, 'total_rtc_check_time': 0.09198118002677802, 'total_duration': 1.6675231456756592, 'val_loss': 1.2954316139221191, 'val_accuracy': 0.6899999976158142, 'experiment_id': 'exp_20240620_203711', 'client_id': '0'}
[2024-06-20 20:37:29,921][root][INFO] - Epoch data saved to /home/psklavos/fl/geom_aio/csv_logs/exp_20240620_203711/clients/client_0/epoch.csv
[2024-06-20 20:37:29,923][root][INFO] - Added data to batch for client 0: {'round': 1, 'step_no': 1, 'loss': 2.309288263320923, 'accuracy': 0.1875, 'l2_norm': 0.19370168447494507, 'computation_time': 0.43538999557495117, 'batch_time': 0.47146356997836847, 'rtc_check_time': 0.011619696000707336, 'experiment_id': 'exp_20240620_203711', 'client_id': '0'}
[2024-06-20 20:37:29,924][root][INFO] - Added data to batch for client 0: {'round': 1, 'step_no': 2, 'loss': 2.2566323280334473, 'accuracy': 0.1875, 'l2_norm': 0.37040528655052185, 'computation_time': 0.05324387550354004, 'batch_time': 0.057314393590786494, 'rtc_check_time': 0.0027193999994779006, 'experiment_id': 'exp_20240620_203711', 'client_id': '0'}
[2024-06-20 20:37:29,925][root][INFO] - Added data to batch for client 0: {'round': 1, 'step_no': 3, 'loss': 2.1998462677001953, 'accuracy': 0.2395833283662796, 'l2_norm': 0.5177401304244995, 'computation_time': 0.05379605293273926, 'batch_time': 0.06405848822032567, 'rtc_check_time': 0.00837749800120946, 'experiment_id': 'exp_20240620_203711', 'client_id': '0'}
[2024-06-20 20:37:29,926][root][INFO] - Added data to batch for client 0: {'round': 1, 'step_no': 4, 'loss': 2.353301525115967, 'accuracy': 0.2109375, 'l2_norm': 0.5845112204551697, 'computation_time': 0.046890974044799805, 'batch_time': 0.05025829028454609, 'rtc_check_time': 0.0018833990034181625, 'experiment_id': 'exp_20240620_203711', 'client_id': '0'}
[2024-06-20 20:37:29,927][root][INFO] - Added data to batch for client 0: {'round': 1, 'step_no': 5, 'loss': 2.247539758682251, 'accuracy': 0.1875, 'l2_norm': 0.698842465877533, 'computation_time': 0.04087710380554199, 'batch_time': 0.04422213856014423, 'rtc_check_time': 0.00212910000118427, 'experiment_id': 'exp_20240620_203711', 'client_id': '0'}
[2024-06-20 20:37:29,928][root][INFO] - Added data to batch for client 0: {'round': 1, 'step_no': 6, 'loss': 2.169245958328247, 'accuracy': 0.2291666716337204, 'l2_norm': 0.8766293525695801, 'computation_time': 0.03911900520324707, 'batch_time': 0.04414242536586244, 'rtc_check_time': 0.003817498989519663, 'experiment_id': 'exp_20240620_203711', 'client_id': '0'}
[2024-06-20 20:37:29,929][root][INFO] - Added data to batch for client 0: {'round': 1, 'step_no': 7, 'loss': 2.1423237323760986, 'accuracy': 0.2410714328289032, 'l2_norm': 1.045928955078125, 'computation_time': 0.044087886810302734, 'batch_time': 0.04666595692106057, 'rtc_check_time': 0.001472999996622093, 'experiment_id': 'exp_20240620_203711', 'client_id': '0'}
[2024-06-20 20:37:29,930][root][INFO] - Added data to batch for client 0: {'round': 1, 'step_no': 8, 'loss': 2.12900447845459, 'accuracy': 0.24609375, 'l2_norm': 1.216252326965332, 'computation_time': 0.04351496696472168, 'batch_time': 0.047825064801145345, 'rtc_check_time': 0.0029801990021951497, 'experiment_id': 'exp_20240620_203711', 'client_id': '0'}
[2024-06-20 20:37:29,931][root][INFO] - Added data to batch for client 0: {'round': 1, 'step_no': 9, 'loss': 2.1800146102905273, 'accuracy': 0.25, 'l2_norm': 1.3737106323242188, 'computation_time': 0.04170799255371094, 'batch_time': 0.04628217469144147, 'rtc_check_time': 0.0034559990017442033, 'experiment_id': 'exp_20240620_203711', 'client_id': '0'}
[2024-06-20 20:37:29,932][root][INFO] - Added data to batch for client 0: {'round': 1, 'step_no': 10, 'loss': 2.0950815677642822, 'accuracy': 0.28125, 'l2_norm': 1.5704354047775269, 'computation_time': 0.03965497016906738, 'batch_time': 0.04314198574866168, 'rtc_check_time': 0.002250099991215393, 'experiment_id': 'exp_20240620_203711', 'client_id': '0'}
[2024-06-20 20:37:29,933][root][INFO] - Added data to batch for client 0: {'round': 1, 'step_no': 11, 'loss': 2.097541093826294, 'accuracy': 0.28977271914482117, 'l2_norm': 1.7910455465316772, 'computation_time': 0.03971505165100098, 'batch_time': 0.044298360211541876, 'rtc_check_time': 0.003526398999383673, 'experiment_id': 'exp_20240620_203711', 'client_id': '0'}
[2024-06-20 20:37:29,934][root][INFO] - Added data to batch for client 0: {'round': 1, 'step_no': 12, 'loss': 2.0313472747802734, 'accuracy': 0.2942708432674408, 'l2_norm': 2.0191190242767334, 'computation_time': 0.047653913497924805, 'batch_time': 0.052210902227670886, 'rtc_check_time': 0.0026587000029394403, 'experiment_id': 'exp_20240620_203711', 'client_id': '0'}
[2024-06-20 20:37:29,936][root][INFO] - Added data to batch for client 0: {'round': 1, 'step_no': 13, 'loss': 1.9447813034057617, 'accuracy': 0.29567307233810425, 'l2_norm': 2.261037588119507, 'computation_time': 0.041860103607177734, 'batch_time': 0.05078661840525456, 'rtc_check_time': 0.007653598004253581, 'experiment_id': 'exp_20240620_203711', 'client_id': '0'}
[2024-06-20 20:37:29,937][root][INFO] - Added data to batch for client 0: {'round': 1, 'step_no': 14, 'loss': 1.9212212562561035, 'accuracy': 0.3058035671710968, 'l2_norm': 2.52022647857666, 'computation_time': 0.04029488563537598, 'batch_time': 0.04275760886957869, 'rtc_check_time': 0.001353600004222244, 'experiment_id': 'exp_20240620_203711', 'client_id': '0'}
[2024-06-20 20:37:29,937][root][INFO] - Added data to batch for client 0: {'round': 1, 'step_no': 15, 'loss': 1.730517864227295, 'accuracy': 0.32083332538604736, 'l2_norm': 2.829862594604492, 'computation_time': 0.04067802429199219, 'batch_time': 0.04718187544494867, 'rtc_check_time': 0.00534179899841547, 'experiment_id': 'exp_20240620_203711', 'client_id': '0'}
[2024-06-20 20:37:29,938][root][INFO] - Added data to batch for client 0: {'round': 1, 'step_no': 16, 'loss': 1.6851813793182373, 'accuracy': 0.33203125, 'l2_norm': 3.0914416313171387, 'computation_time': 0.04146385192871094, 'batch_time': 0.04415590481949039, 'rtc_check_time': 0.001448700000764802, 'experiment_id': 'exp_20240620_203711', 'client_id': '0'}
[2024-06-20 20:37:29,939][root][INFO] - Added data to batch for client 0: {'round': 1, 'step_no': 17, 'loss': 1.5287187099456787, 'accuracy': 0.34742647409439087, 'l2_norm': 3.4211456775665283, 'computation_time': 0.04620194435119629, 'batch_time': 0.0640142281044973, 'rtc_check_time': 0.01658609700098168, 'experiment_id': 'exp_20240620_203711', 'client_id': '0'}
[2024-06-20 20:37:29,940][root][INFO] - Added data to batch for client 0: {'round': 1, 'step_no': 18, 'loss': 1.6913589239120483, 'accuracy': 0.3611111044883728, 'l2_norm': 3.680849313735962, 'computation_time': 0.048013925552368164, 'batch_time': 0.05042869884346146, 'rtc_check_time': 0.0014127000031294301, 'experiment_id': 'exp_20240620_203711', 'client_id': '0'}
[2024-06-20 20:37:29,942][root][INFO] - Added data to batch for client 0: {'round': 1, 'step_no': 19, 'loss': 1.6185579299926758, 'accuracy': 0.3634868562221527, 'l2_norm': 3.890501022338867, 'computation_time': 0.03932905197143555, 'batch_time': 0.04393341168179177, 'rtc_check_time': 0.0034043990017380565, 'experiment_id': 'exp_20240620_203711', 'client_id': '0'}
[2024-06-20 20:37:29,943][root][INFO] - Added data to batch for client 0: {'round': 1, 'step_no': 20, 'loss': 1.3551242351531982, 'accuracy': 0.375, 'l2_norm': 4.206678867340088, 'computation_time': 0.03835606575012207, 'batch_time': 0.04147689207457006, 'rtc_check_time': 0.0019489990081638098, 'experiment_id': 'exp_20240620_203711', 'client_id': '0'}
[2024-06-20 20:37:29,944][root][INFO] - Added data to batch for client 0: {'round': 1, 'step_no': 21, 'loss': 1.3207223415374756, 'accuracy': 0.3913690447807312, 'l2_norm': 4.515257358551025, 'computation_time': 0.04138588905334473, 'batch_time': 0.04500729682331439, 'rtc_check_time': 0.002341100000194274, 'experiment_id': 'exp_20240620_203711', 'client_id': '0'}
[2024-06-20 20:37:29,945][root][INFO] - Added data to batch for client 0: {'round': 1, 'step_no': 22, 'loss': 1.3641536235809326, 'accuracy': 0.4019886255264282, 'l2_norm': 4.777420520782471, 'computation_time': 0.04597902297973633, 'batch_time': 0.04866875588777475, 'rtc_check_time': 0.001548900007037446, 'experiment_id': 'exp_20240620_203711', 'client_id': '0'}
[2024-06-20 20:37:29,946][root][INFO] - Added data to batch for client 0: {'round': 1, 'step_no': 23, 'loss': 1.4647502899169922, 'accuracy': 0.40489131212234497, 'l2_norm': 4.959309101104736, 'computation_time': 0.04290485382080078, 'batch_time': 0.046272415478597395, 'rtc_check_time': 0.002050299008260481, 'experiment_id': 'exp_20240620_203711', 'client_id': '0'}
[2024-06-20 20:37:29,946][root][INFO] - Added batch data list for client 0. New Data Added: 23
[2024-06-20 20:37:29,948][root][INFO] - Batch data saved to /home/psklavos/fl/geom_aio/csv_logs/exp_20240620_203711/clients/client_0/batch.csv
[2024-06-20 20:37:29,948][root][INFO] - Appended data to last row of column distributed_loss in server data for client None
[2024-06-20 20:37:29,948][root][INFO] - Appended data to last row of column distributed_acc in server data for client None
[2024-06-20 20:37:29,948][root][INFO] - Appended {'distributed_loss': 1.2930874824523926, 'distributed_acc': 0.6983333428700765} to the last row of server data
[2024-06-20 20:37:29,949][root][INFO] - Server data saved to /home/psklavos/fl/geom_aio/csv_logs/exp_20240620_203711/server/server.csv
[2024-06-20 20:37:33,634][flwr][DEBUG] - fit_round 2: strategy sampled 2 clients (out of 3)
[2024-06-20 20:37:37,417][flwr][DEBUG] - fit_round 2 received 2 results and 0 failures
[2024-06-20 20:37:37,421][root][INFO] - Added data to server for client None: {'round': 2, 'average_norm': 5.064964056015015, 'round_time': 4.481528963944702, 'average_downlink_time': 0.3969255865, 'average_rtc_check_time': 0.22813820150622632, 'average_uplink_time': 0.2803692355, 'average_computation_time': 3.2750359773635864, 'average_communication_time': 0.9054330235062262, 'average_fit_time': 3.7663785219192505, 'average_throughput': 7.962428362411451, 'dropouts': 1, 'experiment_id': 'exp_20240620_203711'}
[2024-06-20 20:37:37,421][root][INFO] - Added server data: {'round': 2, 'average_norm': 5.064964056015015, 'round_time': 4.481528963944702, 'average_downlink_time': 0.3969255865, 'average_rtc_check_time': 0.22813820150622632, 'average_uplink_time': 0.2803692355, 'average_computation_time': 3.2750359773635864, 'average_communication_time': 0.9054330235062262, 'average_fit_time': 3.7663785219192505, 'average_throughput': 7.962428362411451, 'dropouts': 1, 'experiment_id': 'exp_20240620_203711'}
[2024-06-20 20:37:37,476][utils.model][INFO] - LeNet model built
[2024-06-20 20:37:37,596][utils.model][INFO] - Size of serialized model: 279.0341796875 kbytes
[2024-06-20 20:37:37,631][utils.model][INFO] - Step 1/40 - val_loss: 0.3633 - val_accuracy: 0.8867
[2024-06-20 20:37:37,651][utils.model][INFO] - Step 2/40 - val_loss: 0.4148 - val_accuracy: 0.8652
[2024-06-20 20:37:37,673][utils.model][INFO] - Step 3/40 - val_loss: 0.4321 - val_accuracy: 0.8581
[2024-06-20 20:37:37,694][utils.model][INFO] - Step 4/40 - val_loss: 0.4205 - val_accuracy: 0.8604
[2024-06-20 20:37:37,715][utils.model][INFO] - Step 5/40 - val_loss: 0.4508 - val_accuracy: 0.8500
[2024-06-20 20:37:37,735][utils.model][INFO] - Step 6/40 - val_loss: 0.4536 - val_accuracy: 0.8490
[2024-06-20 20:37:37,755][utils.model][INFO] - Step 7/40 - val_loss: 0.4660 - val_accuracy: 0.8488
[2024-06-20 20:37:37,776][utils.model][INFO] - Step 8/40 - val_loss: 0.4605 - val_accuracy: 0.8521
[2024-06-20 20:37:37,798][utils.model][INFO] - Step 9/40 - val_loss: 0.4667 - val_accuracy: 0.8529
[2024-06-20 20:37:37,820][utils.model][INFO] - Step 10/40 - val_loss: 0.4588 - val_accuracy: 0.8551
[2024-06-20 20:37:37,841][utils.model][INFO] - Step 11/40 - val_loss: 0.4508 - val_accuracy: 0.8576
[2024-06-20 20:37:37,862][utils.model][INFO] - Step 12/40 - val_loss: 0.4435 - val_accuracy: 0.8604
[2024-06-20 20:37:37,882][utils.model][INFO] - Step 13/40 - val_loss: 0.4407 - val_accuracy: 0.8618
[2024-06-20 20:37:37,903][utils.model][INFO] - Step 14/40 - val_loss: 0.4394 - val_accuracy: 0.8610
[2024-06-20 20:37:37,924][utils.model][INFO] - Step 15/40 - val_loss: 0.4442 - val_accuracy: 0.8596
[2024-06-20 20:37:37,945][utils.model][INFO] - Step 16/40 - val_loss: 0.4426 - val_accuracy: 0.8606
[2024-06-20 20:37:37,965][utils.model][INFO] - Step 17/40 - val_loss: 0.4440 - val_accuracy: 0.8601
[2024-06-20 20:37:37,984][utils.model][INFO] - Step 18/40 - val_loss: 0.4442 - val_accuracy: 0.8602
[2024-06-20 20:37:38,004][utils.model][INFO] - Step 19/40 - val_loss: 0.4421 - val_accuracy: 0.8618
[2024-06-20 20:37:38,025][utils.model][INFO] - Step 20/40 - val_loss: 0.4390 - val_accuracy: 0.8633
[2024-06-20 20:37:38,045][utils.model][INFO] - Step 21/40 - val_loss: 0.4288 - val_accuracy: 0.8657
[2024-06-20 20:37:38,064][utils.model][INFO] - Step 22/40 - val_loss: 0.4179 - val_accuracy: 0.8686
[2024-06-20 20:37:38,084][utils.model][INFO] - Step 23/40 - val_loss: 0.4120 - val_accuracy: 0.8708
[2024-06-20 20:37:38,105][utils.model][INFO] - Step 24/40 - val_loss: 0.4124 - val_accuracy: 0.8703
[2024-06-20 20:37:38,125][utils.model][INFO] - Step 25/40 - val_loss: 0.4027 - val_accuracy: 0.8737
[2024-06-20 20:37:38,146][utils.model][INFO] - Step 26/40 - val_loss: 0.4006 - val_accuracy: 0.8752
[2024-06-20 20:37:38,168][utils.model][INFO] - Step 27/40 - val_loss: 0.3975 - val_accuracy: 0.8773
[2024-06-20 20:37:38,187][utils.model][INFO] - Step 28/40 - val_loss: 0.3895 - val_accuracy: 0.8804
[2024-06-20 20:37:38,208][utils.model][INFO] - Step 29/40 - val_loss: 0.3837 - val_accuracy: 0.8828
[2024-06-20 20:37:38,229][utils.model][INFO] - Step 30/40 - val_loss: 0.3795 - val_accuracy: 0.8849
[2024-06-20 20:37:38,252][utils.model][INFO] - Step 31/40 - val_loss: 0.3763 - val_accuracy: 0.8853
[2024-06-20 20:37:38,273][utils.model][INFO] - Step 32/40 - val_loss: 0.3711 - val_accuracy: 0.8872
[2024-06-20 20:37:38,293][utils.model][INFO] - Step 33/40 - val_loss: 0.3678 - val_accuracy: 0.8884
[2024-06-20 20:37:38,314][utils.model][INFO] - Step 34/40 - val_loss: 0.3619 - val_accuracy: 0.8899
[2024-06-20 20:37:38,333][utils.model][INFO] - Step 35/40 - val_loss: 0.3536 - val_accuracy: 0.8929
[2024-06-20 20:37:38,352][utils.model][INFO] - Step 36/40 - val_loss: 0.3536 - val_accuracy: 0.8928
[2024-06-20 20:37:38,370][utils.model][INFO] - Step 37/40 - val_loss: 0.3481 - val_accuracy: 0.8954
[2024-06-20 20:37:38,390][utils.model][INFO] - Step 38/40 - val_loss: 0.3475 - val_accuracy: 0.8954
[2024-06-20 20:37:38,411][utils.model][INFO] - Step 39/40 - val_loss: 0.3535 - val_accuracy: 0.8939
[2024-06-20 20:37:38,423][utils.model][INFO] - Step 40/40 - val_loss: 0.3508 - val_accuracy: 0.8939
[2024-06-20 20:37:38,426][utils.model][INFO] - Evaluation Results - Val Loss: 0.3508, Val Accuracy: 0.8939 in 40 steps
[2024-06-20 20:37:38,428][root][INFO] - Appended data to last row of column centralized_loss in server data for client None
[2024-06-20 20:37:38,428][root][INFO] - Appended data to last row of column centralized_acc in server data for client None
[2024-06-20 20:37:38,428][root][INFO] - Appended {'centralized_loss': 0.35082144, 'centralized_acc': 0.8939} to the last row of server data
[2024-06-20 20:37:38,428][flwr][INFO] - fit progress: (2, 0.35082144, {'accuracy': 0.8939}, 16.899978870002087)
[2024-06-20 20:37:38,428][flwr][DEBUG] - evaluate_round 2: strategy sampled 3 clients (out of 3)
[2024-06-20 20:37:39,011][flwr][DEBUG] - evaluate_round 2 received 3 results and 0 failures
[2024-06-20 20:37:39,012][root][INFO] - Added data to epoch for client 0: {'round': 2, 'epoch_steps': 76, 'total_steps': 99, 'l2_norm': 4.960071563720703, 'total_computation_time': 3.287550926208496, 'total_rtc_check_time': 0.21692435495788231, 'total_duration': 3.765964984893799, 'val_loss': 0.36169347167015076, 'val_accuracy': 0.8840000033378601, 'experiment_id': 'exp_20240620_203711', 'client_id': '0'}
[2024-06-20 20:37:39,012][root][INFO] - Added epoch data for client 0: {'round': 2, 'epoch_steps': 76, 'total_steps': 99, 'l2_norm': 4.960071563720703, 'total_computation_time': 3.287550926208496, 'total_rtc_check_time': 0.21692435495788231, 'total_duration': 3.765964984893799, 'val_loss': 0.36169347167015076, 'val_accuracy': 0.8840000033378601, 'experiment_id': 'exp_20240620_203711', 'client_id': '0'}
[2024-06-20 20:37:39,013][root][INFO] - Epoch data saved to /home/psklavos/fl/geom_aio/csv_logs/exp_20240620_203711/clients/client_0/epoch.csv
[2024-06-20 20:37:39,014][root][INFO] - Added data to batch for client 0: {'round': 2, 'step_no': 24, 'loss': 1.4882383346557617, 'accuracy': 0.59375, 'l2_norm': 0.10165645182132721, 'computation_time': 0.047032833099365234, 'batch_time': 0.055879793435451575, 'rtc_check_time': 0.00735159900796134, 'experiment_id': 'exp_20240620_203711', 'client_id': '0'}
[2024-06-20 20:37:39,015][root][INFO] - Added data to batch for client 0: {'round': 2, 'step_no': 25, 'loss': 1.5817105770111084, 'accuracy': 0.484375, 'l2_norm': 0.10246209800243378, 'computation_time': 0.06343221664428711, 'batch_time': 0.06684550510544796, 'rtc_check_time': 0.0016415999998571351, 'experiment_id': 'exp_20240620_203711', 'client_id': '0'}
[2024-06-20 20:37:39,016][root][INFO] - Added data to batch for client 0: {'round': 2, 'step_no': 26, 'loss': 1.3413127660751343, 'accuracy': 0.5520833134651184, 'l2_norm': 0.17429016530513763, 'computation_time': 0.048441171646118164, 'batch_time': 0.05131569819059223, 'rtc_check_time': 0.0015276999911293387, 'experiment_id': 'exp_20240620_203711', 'client_id': '0'}
[2024-06-20 20:37:39,017][root][INFO] - Added data to batch for client 0: {'round': 2, 'step_no': 27, 'loss': 1.1072056293487549, 'accuracy': 0.5859375, 'l2_norm': 0.2111264169216156, 'computation_time': 0.042790889739990234, 'batch_time': 0.04622058766835835, 'rtc_check_time': 0.0020575990056386217, 'experiment_id': 'exp_20240620_203711', 'client_id': '0'}
[2024-06-20 20:37:39,018][root][INFO] - Added data to batch for client 0: {'round': 2, 'step_no': 28, 'loss': 1.2105259895324707, 'accuracy': 0.5874999761581421, 'l2_norm': 0.2863302528858185, 'computation_time': 0.0446629524230957, 'batch_time': 0.04804833370144479, 'rtc_check_time': 0.002134398993803188, 'experiment_id': 'exp_20240620_203711', 'client_id': '0'}
[2024-06-20 20:37:39,019][root][INFO] - Added data to batch for client 0: {'round': 2, 'step_no': 29, 'loss': 1.1169674396514893, 'accuracy': 0.6041666865348816, 'l2_norm': 0.32407069206237793, 'computation_time': 0.04233908653259277, 'batch_time': 0.04567659512395039, 'rtc_check_time': 0.0019336999976076186, 'experiment_id': 'exp_20240620_203711', 'client_id': '0'}
[2024-06-20 20:37:39,020][root][INFO] - Added data to batch for client 0: {'round': 2, 'step_no': 30, 'loss': 1.240307331085205, 'accuracy': 0.6116071343421936, 'l2_norm': 0.3987085223197937, 'computation_time': 0.05677199363708496, 'batch_time': 0.06229975784663111, 'rtc_check_time': 0.004005700000561774, 'experiment_id': 'exp_20240620_203711', 'client_id': '0'}
[2024-06-20 20:37:39,021][root][INFO] - Added data to batch for client 0: {'round': 2, 'step_no': 31, 'loss': 0.9452324509620667, 'accuracy': 0.625, 'l2_norm': 0.4458825886249542, 'computation_time': 0.053254127502441406, 'batch_time': 0.056214268479379825, 'rtc_check_time': 0.0017360999918309972, 'experiment_id': 'exp_20240620_203711', 'client_id': '0'}
[2024-06-20 20:37:39,022][root][INFO] - Added data to batch for client 0: {'round': 2, 'step_no': 32, 'loss': 1.2288827896118164, 'accuracy': 0.6180555820465088, 'l2_norm': 0.5481200814247131, 'computation_time': 0.040322065353393555, 'batch_time': 0.0442845661600586, 'rtc_check_time': 0.0027716000040527433, 'experiment_id': 'exp_20240620_203711', 'client_id': '0'}
[2024-06-20 20:37:39,023][root][INFO] - Added data to batch for client 0: {'round': 2, 'step_no': 33, 'loss': 1.0401206016540527, 'accuracy': 0.621874988079071, 'l2_norm': 0.5647175908088684, 'computation_time': 0.03980708122253418, 'batch_time': 0.043417169858003035, 'rtc_check_time': 0.0017539999971631914, 'experiment_id': 'exp_20240620_203711', 'client_id': '0'}
[2024-06-20 20:37:39,024][root][INFO] - Added data to batch for client 0: {'round': 2, 'step_no': 34, 'loss': 0.7672276496887207, 'accuracy': 0.6335227489471436, 'l2_norm': 0.6075479984283447, 'computation_time': 0.04249095916748047, 'batch_time': 0.06515437840425875, 'rtc_check_time': 0.021554296006797813, 'experiment_id': 'exp_20240620_203711', 'client_id': '0'}
[2024-06-20 20:37:39,025][root][INFO] - Added data to batch for client 0: {'round': 2, 'step_no': 35, 'loss': 0.9945903420448303, 'accuracy': 0.6302083134651184, 'l2_norm': 0.7069840431213379, 'computation_time': 0.04207921028137207, 'batch_time': 0.04543062293669209, 'rtc_check_time': 0.001628600002732128, 'experiment_id': 'exp_20240620_203711', 'client_id': '0'}
[2024-06-20 20:37:39,026][root][INFO] - Added data to batch for client 0: {'round': 2, 'step_no': 36, 'loss': 0.9378737211227417, 'accuracy': 0.6394230723381042, 'l2_norm': 0.7771233916282654, 'computation_time': 0.044087886810302734, 'batch_time': 0.0468160905293189, 'rtc_check_time': 0.001558999007102102, 'experiment_id': 'exp_20240620_203711', 'client_id': '0'}
[2024-06-20 20:37:39,027][root][INFO] - Added data to batch for client 0: {'round': 2, 'step_no': 37, 'loss': 0.7942192554473877, 'accuracy': 0.6473214030265808, 'l2_norm': 0.8412696719169617, 'computation_time': 0.038144826889038086, 'batch_time': 0.04147313280554954, 'rtc_check_time': 0.0021230999991530553, 'experiment_id': 'exp_20240620_203711', 'client_id': '0'}
[2024-06-20 20:37:39,028][root][INFO] - Added data to batch for client 0: {'round': 2, 'step_no': 38, 'loss': 0.8678900003433228, 'accuracy': 0.6520833373069763, 'l2_norm': 0.9388473033905029, 'computation_time': 0.03753304481506348, 'batch_time': 0.041128705081064254, 'rtc_check_time': 0.0023987989989109337, 'experiment_id': 'exp_20240620_203711', 'client_id': '0'}
[2024-06-20 20:37:39,029][root][INFO] - Added data to batch for client 0: {'round': 2, 'step_no': 39, 'loss': 0.8729134798049927, 'accuracy': 0.65625, 'l2_norm': 0.9939041137695312, 'computation_time': 0.037754058837890625, 'batch_time': 0.04139020913862623, 'rtc_check_time': 0.0025491999986115843, 'experiment_id': 'exp_20240620_203711', 'client_id': '0'}
[2024-06-20 20:37:39,030][root][INFO] - Added data to batch for client 0: {'round': 2, 'step_no': 40, 'loss': 0.6646941900253296, 'accuracy': 0.6636029481887817, 'l2_norm': 1.039496660232544, 'computation_time': 0.038194894790649414, 'batch_time': 0.04503334242326673, 'rtc_check_time': 0.005742199005908333, 'experiment_id': 'exp_20240620_203711', 'client_id': '0'}
[2024-06-20 20:37:39,031][root][INFO] - Added data to batch for client 0: {'round': 2, 'step_no': 41, 'loss': 0.9308700561523438, 'accuracy': 0.6666666865348816, 'l2_norm': 1.1147750616073608, 'computation_time': 0.04300999641418457, 'batch_time': 0.04579308669781312, 'rtc_check_time': 0.001491100003477186, 'experiment_id': 'exp_20240620_203711', 'client_id': '0'}
[2024-06-20 20:37:39,032][root][INFO] - Added data to batch for client 0: {'round': 2, 'step_no': 42, 'loss': 0.8361555337905884, 'accuracy': 0.6710526347160339, 'l2_norm': 1.221721887588501, 'computation_time': 0.042749881744384766, 'batch_time': 0.045869000925449654, 'rtc_check_time': 0.001517900003818795, 'experiment_id': 'exp_20240620_203711', 'client_id': '0'}
[2024-06-20 20:37:39,033][root][INFO] - Added data to batch for client 0: {'round': 2, 'step_no': 43, 'loss': 0.7781814336776733, 'accuracy': 0.6734374761581421, 'l2_norm': 1.2541272640228271, 'computation_time': 0.03946495056152344, 'batch_time': 0.042423211023560725, 'rtc_check_time': 0.0019332989904796705, 'experiment_id': 'exp_20240620_203711', 'client_id': '0'}
[2024-06-20 20:37:39,035][root][INFO] - Added data to batch for client 0: {'round': 2, 'step_no': 44, 'loss': 0.6779559850692749, 'accuracy': 0.680059552192688, 'l2_norm': 1.3080825805664062, 'computation_time': 0.039595842361450195, 'batch_time': 0.04239783686352894, 'rtc_check_time': 0.001709798991214484, 'experiment_id': 'exp_20240620_203711', 'client_id': '0'}
[2024-06-20 20:37:39,036][root][INFO] - Added data to batch for client 0: {'round': 2, 'step_no': 45, 'loss': 0.825121283531189, 'accuracy': 0.6846590638160706, 'l2_norm': 1.3487907648086548, 'computation_time': 0.04571819305419922, 'batch_time': 0.048740297483163886, 'rtc_check_time': 0.0017232000100193545, 'experiment_id': 'exp_20240620_203711', 'client_id': '0'}
[2024-06-20 20:37:39,038][root][INFO] - Added data to batch for client 0: {'round': 2, 'step_no': 46, 'loss': 0.6948126554489136, 'accuracy': 0.6902173757553101, 'l2_norm': 1.4357002973556519, 'computation_time': 0.04177498817443848, 'batch_time': 0.04464595523313619, 'rtc_check_time': 0.0016690990014467388, 'experiment_id': 'exp_20240620_203711', 'client_id': '0'}
[2024-06-20 20:37:39,039][root][INFO] - Added data to batch for client 0: {'round': 2, 'step_no': 47, 'loss': 0.5256502628326416, 'accuracy': 0.6979166865348816, 'l2_norm': 1.5145680904388428, 'computation_time': 0.03843188285827637, 'batch_time': 0.051089310232782736, 'rtc_check_time': 0.011582398001337424, 'experiment_id': 'exp_20240620_203711', 'client_id': '0'}
[2024-06-20 20:37:39,040][root][INFO] - Added data to batch for client 0: {'round': 2, 'step_no': 48, 'loss': 0.515794575214386, 'accuracy': 0.7049999833106995, 'l2_norm': 1.5934633016586304, 'computation_time': 0.03829002380371094, 'batch_time': 0.04164753381337505, 'rtc_check_time': 0.0020896000060020015, 'experiment_id': 'exp_20240620_203711', 'client_id': '0'}
[2024-06-20 20:37:39,041][root][INFO] - Added data to batch for client 0: {'round': 2, 'step_no': 49, 'loss': 0.6305418014526367, 'accuracy': 0.7103365659713745, 'l2_norm': 1.6551235914230347, 'computation_time': 0.039756059646606445, 'batch_time': 0.04275755245180335, 'rtc_check_time': 0.0018515999981900677, 'experiment_id': 'exp_20240620_203711', 'client_id': '0'}
[2024-06-20 20:37:39,042][root][INFO] - Added data to batch for client 0: {'round': 2, 'step_no': 50, 'loss': 0.6642524003982544, 'accuracy': 0.7118055820465088, 'l2_norm': 1.7145546674728394, 'computation_time': 0.03696012496948242, 'batch_time': 0.03945486727752723, 'rtc_check_time': 0.0014488000015262514, 'experiment_id': 'exp_20240620_203711', 'client_id': '0'}
[2024-06-20 20:37:39,043][root][INFO] - Added data to batch for client 0: {'round': 2, 'step_no': 51, 'loss': 0.48325854539871216, 'accuracy': 0.7165178656578064, 'l2_norm': 1.7969931364059448, 'computation_time': 0.038804054260253906, 'batch_time': 0.041590720647946, 'rtc_check_time': 0.0015755000058561563, 'experiment_id': 'exp_20240620_203711', 'client_id': '0'}
[2024-06-20 20:37:39,044][root][INFO] - Added data to batch for client 0: {'round': 2, 'step_no': 52, 'loss': 0.5073220729827881, 'accuracy': 0.7219827771186829, 'l2_norm': 1.8644808530807495, 'computation_time': 0.0420680046081543, 'batch_time': 0.04583504854235798, 'rtc_check_time': 0.0020098990062251687, 'experiment_id': 'exp_20240620_203711', 'client_id': '0'}
[2024-06-20 20:37:39,045][root][INFO] - Added data to batch for client 0: {'round': 2, 'step_no': 53, 'loss': 0.7367609143257141, 'accuracy': 0.7229166626930237, 'l2_norm': 1.9397380352020264, 'computation_time': 0.04143214225769043, 'batch_time': 0.044458915552240796, 'rtc_check_time': 0.001816799005609937, 'experiment_id': 'exp_20240620_203711', 'client_id': '0'}
[2024-06-20 20:37:39,046][root][INFO] - Added data to batch for client 0: {'round': 2, 'step_no': 54, 'loss': 0.7300277948379517, 'accuracy': 0.7197580933570862, 'l2_norm': 2.0575554370880127, 'computation_time': 0.04157209396362305, 'batch_time': 0.05520011876069475, 'rtc_check_time': 0.011898298005689867, 'experiment_id': 'exp_20240620_203711', 'client_id': '0'}
[2024-06-20 20:37:39,047][root][INFO] - Added data to batch for client 0: {'round': 2, 'step_no': 55, 'loss': 0.9396284222602844, 'accuracy': 0.7177734375, 'l2_norm': 2.0742151737213135, 'computation_time': 0.042366981506347656, 'batch_time': 0.04548239971336443, 'rtc_check_time': 0.001978400003281422, 'experiment_id': 'exp_20240620_203711', 'client_id': '0'}
[2024-06-20 20:37:39,049][root][INFO] - Added data to batch for client 0: {'round': 2, 'step_no': 56, 'loss': 0.6424319744110107, 'accuracy': 0.7225378751754761, 'l2_norm': 2.1337599754333496, 'computation_time': 0.03989911079406738, 'batch_time': 0.04632067368947901, 'rtc_check_time': 0.0053245990129653364, 'experiment_id': 'exp_20240620_203711', 'client_id': '0'}
[2024-06-20 20:37:39,050][root][INFO] - Added data to batch for client 0: {'round': 2, 'step_no': 57, 'loss': 0.5768437385559082, 'accuracy': 0.7251838445663452, 'l2_norm': 2.196307420730591, 'computation_time': 0.04386496543884277, 'batch_time': 0.046739850455196574, 'rtc_check_time': 0.0017299989995080978, 'experiment_id': 'exp_20240620_203711', 'client_id': '0'}
[2024-06-20 20:37:39,051][root][INFO] - Added data to batch for client 0: {'round': 2, 'step_no': 58, 'loss': 0.6523973941802979, 'accuracy': 0.7285714149475098, 'l2_norm': 2.264857769012451, 'computation_time': 0.04012894630432129, 'batch_time': 0.04420806032430846, 'rtc_check_time': 0.002839098990079947, 'experiment_id': 'exp_20240620_203711', 'client_id': '0'}
[2024-06-20 20:37:39,052][root][INFO] - Added data to batch for client 0: {'round': 2, 'step_no': 59, 'loss': 0.40997114777565, 'accuracy': 0.7326388955116272, 'l2_norm': 2.3380258083343506, 'computation_time': 0.04113912582397461, 'batch_time': 0.044241158408112824, 'rtc_check_time': 0.0015752000035718083, 'experiment_id': 'exp_20240620_203711', 'client_id': '0'}
[2024-06-20 20:37:39,053][root][INFO] - Added data to batch for client 0: {'round': 2, 'step_no': 60, 'loss': 0.43366149067878723, 'accuracy': 0.7364864945411682, 'l2_norm': 2.419128179550171, 'computation_time': 0.042639970779418945, 'batch_time': 0.046587083270424046, 'rtc_check_time': 0.00235709898697678, 'experiment_id': 'exp_20240620_203711', 'client_id': '0'}
[2024-06-20 20:37:39,054][root][INFO] - Added data to batch for client 0: {'round': 2, 'step_no': 61, 'loss': 0.6796948909759521, 'accuracy': 0.7360197305679321, 'l2_norm': 2.4958653450012207, 'computation_time': 0.03817892074584961, 'batch_time': 0.041555673102266155, 'rtc_check_time': 0.0021786989964311942, 'experiment_id': 'exp_20240620_203711', 'client_id': '0'}
[2024-06-20 20:37:39,056][root][INFO] - Added data to batch for client 0: {'round': 2, 'step_no': 62, 'loss': 0.7375632524490356, 'accuracy': 0.7347756624221802, 'l2_norm': 2.576902389526367, 'computation_time': 0.040167808532714844, 'batch_time': 0.04290753940586001, 'rtc_check_time': 0.0015504990005865693, 'experiment_id': 'exp_20240620_203711', 'client_id': '0'}
[2024-06-20 20:37:39,057][root][INFO] - Added data to batch for client 0: {'round': 2, 'step_no': 63, 'loss': 0.8914316296577454, 'accuracy': 0.733593761920929, 'l2_norm': 2.6413676738739014, 'computation_time': 0.05076003074645996, 'batch_time': 0.05431814525218215, 'rtc_check_time': 0.0017602000007173046, 'experiment_id': 'exp_20240620_203711', 'client_id': '0'}
[2024-06-20 20:37:39,059][root][INFO] - Added data to batch for client 0: {'round': 2, 'step_no': 64, 'loss': 0.4150460958480835, 'accuracy': 0.738567054271698, 'l2_norm': 2.687124252319336, 'computation_time': 0.04500317573547363, 'batch_time': 0.04859495419077575, 'rtc_check_time': 0.002276899991557002, 'experiment_id': 'exp_20240620_203711', 'client_id': '0'}
[2024-06-20 20:37:39,060][root][INFO] - Added data to batch for client 0: {'round': 2, 'step_no': 65, 'loss': 0.4040812849998474, 'accuracy': 0.741815447807312, 'l2_norm': 2.7472007274627686, 'computation_time': 0.0500030517578125, 'batch_time': 0.052916408647433855, 'rtc_check_time': 0.0016495000018039718, 'experiment_id': 'exp_20240620_203711', 'client_id': '0'}
[2024-06-20 20:37:39,061][root][INFO] - Added data to batch for client 0: {'round': 2, 'step_no': 66, 'loss': 0.4339129626750946, 'accuracy': 0.7434592843055725, 'l2_norm': 2.8464136123657227, 'computation_time': 0.0399320125579834, 'batch_time': 0.044066138318157755, 'rtc_check_time': 0.0029591990023618564, 'experiment_id': 'exp_20240620_203711', 'client_id': '0'}
[2024-06-20 20:37:39,062][root][INFO] - Added data to batch for client 0: {'round': 2, 'step_no': 67, 'loss': 0.4204637110233307, 'accuracy': 0.7464488744735718, 'l2_norm': 2.9467713832855225, 'computation_time': 0.041975975036621094, 'batch_time': 0.045311880952795036, 'rtc_check_time': 0.002130699998815544, 'experiment_id': 'exp_20240620_203711', 'client_id': '0'}
[2024-06-20 20:37:39,063][root][INFO] - Added data to batch for client 0: {'round': 2, 'step_no': 68, 'loss': 0.39244332909584045, 'accuracy': 0.7493055462837219, 'l2_norm': 3.033407211303711, 'computation_time': 0.04098987579345703, 'batch_time': 0.04588773437717464, 'rtc_check_time': 0.0036916989920428023, 'experiment_id': 'exp_20240620_203711', 'client_id': '0'}
[2024-06-20 20:37:39,064][root][INFO] - Added data to batch for client 0: {'round': 2, 'step_no': 69, 'loss': 0.446416437625885, 'accuracy': 0.7506793737411499, 'l2_norm': 3.075380325317383, 'computation_time': 0.03947710990905762, 'batch_time': 0.04320925100182649, 'rtc_check_time': 0.002514298990718089, 'experiment_id': 'exp_20240620_203711', 'client_id': '0'}
[2024-06-20 20:37:39,066][root][INFO] - Added data to batch for client 0: {'round': 2, 'step_no': 70, 'loss': 0.45357924699783325, 'accuracy': 0.7539893388748169, 'l2_norm': 3.1438286304473877, 'computation_time': 0.05210089683532715, 'batch_time': 0.055852365752798505, 'rtc_check_time': 0.0018713000026764348, 'experiment_id': 'exp_20240620_203711', 'client_id': '0'}
[2024-06-20 20:37:39,067][root][INFO] - Added data to batch for client 0: {'round': 2, 'step_no': 71, 'loss': 0.6274610757827759, 'accuracy': 0.75390625, 'l2_norm': 3.222874402999878, 'computation_time': 0.0454561710357666, 'batch_time': 0.04899119537731167, 'rtc_check_time': 0.002224198993644677, 'experiment_id': 'exp_20240620_203711', 'client_id': '0'}
[2024-06-20 20:37:39,068][root][INFO] - Added data to batch for client 0: {'round': 2, 'step_no': 72, 'loss': 0.5607455372810364, 'accuracy': 0.7551020383834839, 'l2_norm': 3.263420343399048, 'computation_time': 0.04453086853027344, 'batch_time': 0.048089092611917295, 'rtc_check_time': 0.002373998999246396, 'experiment_id': 'exp_20240620_203711', 'client_id': '0'}
[2024-06-20 20:37:39,069][root][INFO] - Added data to batch for client 0: {'round': 2, 'step_no': 73, 'loss': 0.6575057506561279, 'accuracy': 0.7556250095367432, 'l2_norm': 3.3179166316986084, 'computation_time': 0.04095888137817383, 'batch_time': 0.04484494916687254, 'rtc_check_time': 0.002602898995974101, 'experiment_id': 'exp_20240620_203711', 'client_id': '0'}
[2024-06-20 20:37:39,072][root][INFO] - Added data to batch for client 0: {'round': 2, 'step_no': 74, 'loss': 0.6105506420135498, 'accuracy': 0.7549019455909729, 'l2_norm': 3.403397798538208, 'computation_time': 0.04797482490539551, 'batch_time': 0.051273272110847756, 'rtc_check_time': 0.001858398987678811, 'experiment_id': 'exp_20240620_203711', 'client_id': '0'}
[2024-06-20 20:37:39,075][root][INFO] - Added data to batch for client 0: {'round': 2, 'step_no': 75, 'loss': 0.4204100966453552, 'accuracy': 0.7572115659713745, 'l2_norm': 3.5110511779785156, 'computation_time': 0.06003904342651367, 'batch_time': 0.06454676899011247, 'rtc_check_time': 0.002557700005127117, 'experiment_id': 'exp_20240620_203711', 'client_id': '0'}
[2024-06-20 20:37:39,078][root][INFO] - Added data to batch for client 0: {'round': 2, 'step_no': 76, 'loss': 0.8748135566711426, 'accuracy': 0.7570754885673523, 'l2_norm': 3.5638372898101807, 'computation_time': 0.05294394493103027, 'batch_time': 0.056809103436535224, 'rtc_check_time': 0.0020979999972041696, 'experiment_id': 'exp_20240620_203711', 'client_id': '0'}
[2024-06-20 20:37:39,079][root][INFO] - Added data to batch for client 0: {'round': 2, 'step_no': 77, 'loss': 0.3800185024738312, 'accuracy': 0.7598379850387573, 'l2_norm': 3.6365745067596436, 'computation_time': 0.05140495300292969, 'batch_time': 0.06014466634951532, 'rtc_check_time': 0.007074597990140319, 'experiment_id': 'exp_20240620_203711', 'client_id': '0'}
[2024-06-20 20:37:39,080][root][INFO] - Added data to batch for client 0: {'round': 2, 'step_no': 78, 'loss': 0.44377899169921875, 'accuracy': 0.761931836605072, 'l2_norm': 3.6962499618530273, 'computation_time': 0.04569196701049805, 'batch_time': 0.0490029689099174, 'rtc_check_time': 0.0018700000073295087, 'experiment_id': 'exp_20240620_203711', 'client_id': '0'}
[2024-06-20 20:37:39,081][root][INFO] - Added data to batch for client 0: {'round': 2, 'step_no': 79, 'loss': 0.6216089725494385, 'accuracy': 0.7633928656578064, 'l2_norm': 3.795027256011963, 'computation_time': 0.040110111236572266, 'batch_time': 0.04294750644476153, 'rtc_check_time': 0.0016154999902937561, 'experiment_id': 'exp_20240620_203711', 'client_id': '0'}
[2024-06-20 20:37:39,082][root][INFO] - Added data to batch for client 0: {'round': 2, 'step_no': 80, 'loss': 0.5981926918029785, 'accuracy': 0.7620614171028137, 'l2_norm': 3.8270657062530518, 'computation_time': 0.03804492950439453, 'batch_time': 0.04322527683689259, 'rtc_check_time': 0.003954398998757824, 'experiment_id': 'exp_20240620_203711', 'client_id': '0'}
[2024-06-20 20:37:39,083][root][INFO] - Added data to batch for client 0: {'round': 2, 'step_no': 81, 'loss': 0.7291240692138672, 'accuracy': 0.7629310488700867, 'l2_norm': 3.9135239124298096, 'computation_time': 0.03837108612060547, 'batch_time': 0.041829830399365164, 'rtc_check_time': 0.0023438990028807893, 'experiment_id': 'exp_20240620_203711', 'client_id': '0'}
[2024-06-20 20:37:39,084][root][INFO] - Added data to batch for client 0: {'round': 2, 'step_no': 82, 'loss': 0.4598304033279419, 'accuracy': 0.7643008232116699, 'l2_norm': 4.000769138336182, 'computation_time': 0.04376697540283203, 'batch_time': 0.04701396568270866, 'rtc_check_time': 0.0017470989987486973, 'experiment_id': 'exp_20240620_203711', 'client_id': '0'}
[2024-06-20 20:37:39,085][root][INFO] - Added data to batch for client 0: {'round': 2, 'step_no': 83, 'loss': 0.5776168704032898, 'accuracy': 0.7651041746139526, 'l2_norm': 4.067356586456299, 'computation_time': 0.042572975158691406, 'batch_time': 0.04595909007184673, 'rtc_check_time': 0.001931999999214895, 'experiment_id': 'exp_20240620_203711', 'client_id': '0'}
[2024-06-20 20:37:39,086][root][INFO] - Added data to batch for client 0: {'round': 2, 'step_no': 84, 'loss': 0.6174421906471252, 'accuracy': 0.7658811211585999, 'l2_norm': 4.117083549499512, 'computation_time': 0.05566906929016113, 'batch_time': 0.0595017022715183, 'rtc_check_time': 0.002441698990878649, 'experiment_id': 'exp_20240620_203711', 'client_id': '0'}
[2024-06-20 20:37:39,087][root][INFO] - Added data to batch for client 0: {'round': 2, 'step_no': 85, 'loss': 0.35369208455085754, 'accuracy': 0.7686492204666138, 'l2_norm': 4.156023979187012, 'computation_time': 0.047068119049072266, 'batch_time': 0.05042336485348642, 'rtc_check_time': 0.001779298996552825, 'experiment_id': 'exp_20240620_203711', 'client_id': '0'}
[2024-06-20 20:37:39,089][root][INFO] - Added data to batch for client 0: {'round': 2, 'step_no': 86, 'loss': 0.35180744528770447, 'accuracy': 0.77182537317276, 'l2_norm': 4.233576774597168, 'computation_time': 0.04344296455383301, 'batch_time': 0.04643497017968912, 'rtc_check_time': 0.0016571000014664605, 'experiment_id': 'exp_20240620_203711', 'client_id': '0'}
[2024-06-20 20:37:39,089][root][INFO] - Added data to batch for client 0: {'round': 2, 'step_no': 87, 'loss': 0.41241025924682617, 'accuracy': 0.77294921875, 'l2_norm': 4.288226127624512, 'computation_time': 0.04501700401306152, 'batch_time': 0.05087591739720665, 'rtc_check_time': 0.00384689899510704, 'experiment_id': 'exp_20240620_203711', 'client_id': '0'}
[2024-06-20 20:37:39,090][root][INFO] - Added data to batch for client 0: {'round': 2, 'step_no': 88, 'loss': 0.5672693252563477, 'accuracy': 0.7735576629638672, 'l2_norm': 4.349451541900635, 'computation_time': 0.045214176177978516, 'batch_time': 0.048376881721196696, 'rtc_check_time': 0.0018700000073295087, 'experiment_id': 'exp_20240620_203711', 'client_id': '0'}
[2024-06-20 20:37:39,091][root][INFO] - Added data to batch for client 0: {'round': 2, 'step_no': 89, 'loss': 0.5288211107254028, 'accuracy': 0.7741477489471436, 'l2_norm': 4.3760271072387695, 'computation_time': 0.03691506385803223, 'batch_time': 0.041836372096440755, 'rtc_check_time': 0.003478398997685872, 'experiment_id': 'exp_20240620_203711', 'client_id': '0'}
[2024-06-20 20:37:39,092][root][INFO] - Added data to batch for client 0: {'round': 2, 'step_no': 90, 'loss': 0.4466496706008911, 'accuracy': 0.7751865386962891, 'l2_norm': 4.431424617767334, 'computation_time': 0.04234600067138672, 'batch_time': 0.04574647617118899, 'rtc_check_time': 0.0021545000054175034, 'experiment_id': 'exp_20240620_203711', 'client_id': '0'}
[2024-06-20 20:37:39,093][root][INFO] - Added data to batch for client 0: {'round': 2, 'step_no': 91, 'loss': 0.8817480206489563, 'accuracy': 0.7743566036224365, 'l2_norm': 4.475710391998291, 'computation_time': 0.03958606719970703, 'batch_time': 0.04260118323145434, 'rtc_check_time': 0.0015672000008635223, 'experiment_id': 'exp_20240620_203711', 'client_id': '0'}
[2024-06-20 20:37:39,094][root][INFO] - Added data to batch for client 0: {'round': 2, 'step_no': 92, 'loss': 0.5563998818397522, 'accuracy': 0.773097813129425, 'l2_norm': 4.56074333190918, 'computation_time': 0.038465023040771484, 'batch_time': 0.04165522569383029, 'rtc_check_time': 0.0019241999980295077, 'experiment_id': 'exp_20240620_203711', 'client_id': '0'}
[2024-06-20 20:37:39,095][root][INFO] - Added data to batch for client 0: {'round': 2, 'step_no': 93, 'loss': 0.5258772373199463, 'accuracy': 0.7727678418159485, 'l2_norm': 4.605860710144043, 'computation_time': 0.03973698616027832, 'batch_time': 0.04439013348019216, 'rtc_check_time': 0.0034271989861736074, 'experiment_id': 'exp_20240620_203711', 'client_id': '0'}
[2024-06-20 20:37:39,096][root][INFO] - Added data to batch for client 0: {'round': 2, 'step_no': 94, 'loss': 0.4979557693004608, 'accuracy': 0.7737675905227661, 'l2_norm': 4.665470600128174, 'computation_time': 0.044261932373046875, 'batch_time': 0.047077886934857816, 'rtc_check_time': 0.001581899996381253, 'experiment_id': 'exp_20240620_203711', 'client_id': '0'}
[2024-06-20 20:37:39,097][root][INFO] - Added data to batch for client 0: {'round': 2, 'step_no': 95, 'loss': 0.27011576294898987, 'accuracy': 0.7756076455116272, 'l2_norm': 4.735075950622559, 'computation_time': 0.03913116455078125, 'batch_time': 0.04262280554394238, 'rtc_check_time': 0.002267600008053705, 'experiment_id': 'exp_20240620_203711', 'client_id': '0'}
[2024-06-20 20:37:39,098][root][INFO] - Added data to batch for client 0: {'round': 2, 'step_no': 96, 'loss': 0.48602545261383057, 'accuracy': 0.7765411138534546, 'l2_norm': 4.786759853363037, 'computation_time': 0.042449951171875, 'batch_time': 0.045199615342426114, 'rtc_check_time': 0.0015744989941595122, 'experiment_id': 'exp_20240620_203711', 'client_id': '0'}
[2024-06-20 20:37:39,100][root][INFO] - Added data to batch for client 0: {'round': 2, 'step_no': 97, 'loss': 0.3949105739593506, 'accuracy': 0.7778716087341309, 'l2_norm': 4.843249797821045, 'computation_time': 0.035845041275024414, 'batch_time': 0.03854335354117211, 'rtc_check_time': 0.0014911990001564845, 'experiment_id': 'exp_20240620_203711', 'client_id': '0'}
[2024-06-20 20:37:39,101][root][INFO] - Added data to batch for client 0: {'round': 2, 'step_no': 98, 'loss': 0.3981970250606537, 'accuracy': 0.7799999713897705, 'l2_norm': 4.887161731719971, 'computation_time': 0.03745007514953613, 'batch_time': 0.0412347273377236, 'rtc_check_time': 0.0020678000000771135, 'experiment_id': 'exp_20240620_203711', 'client_id': '0'}
[2024-06-20 20:37:39,102][root][INFO] - Added data to batch for client 0: {'round': 2, 'step_no': 99, 'loss': 0.29978829622268677, 'accuracy': 0.7816612124443054, 'l2_norm': 4.960071563720703, 'computation_time': 0.045690059661865234, 'batch_time': 0.04962643765611574, 'rtc_check_time': 0.0023682989994995296, 'experiment_id': 'exp_20240620_203711', 'client_id': '0'}
[2024-06-20 20:37:39,102][root][INFO] - Added batch data list for client 0. New Data Added: 76
[2024-06-20 20:37:39,104][root][INFO] - Batch data saved to /home/psklavos/fl/geom_aio/csv_logs/exp_20240620_203711/clients/client_0/batch.csv
[2024-06-20 20:37:39,104][root][INFO] - Appended data to last row of column distributed_loss in server data for client None
[2024-06-20 20:37:39,104][root][INFO] - Appended data to last row of column distributed_acc in server data for client None
[2024-06-20 20:37:39,104][root][INFO] - Appended {'distributed_loss': 0.3732902407646179, 'distributed_acc': 0.8840000033378601} to the last row of server data
[2024-06-20 20:37:39,105][root][INFO] - Server data saved to /home/psklavos/fl/geom_aio/csv_logs/exp_20240620_203711/server/server.csv
[2024-06-20 20:37:43,354][flwr][DEBUG] - fit_round 3: strategy sampled 3 clients (out of 3)
[2024-06-20 20:37:50,746][flwr][DEBUG] - fit_round 3 received 3 results and 0 failures
[2024-06-20 20:37:50,754][root][INFO] - Added data to server for client None: {'round': 3, 'average_norm': 5.0068427721659345, 'round_time': 8.512406250575806, 'average_downlink_time': 0.617089746, 'average_rtc_check_time': 0.5121959259704454, 'average_uplink_time': 0.2852452696666667, 'average_computation_time': 6.399592955907186, 'average_communication_time': 1.4145309416371121, 'average_fit_time': 7.372836987177531, 'average_throughput': 8.909044587748296, 'dropouts': 0, 'experiment_id': 'exp_20240620_203711'}
[2024-06-20 20:37:50,754][root][INFO] - Added server data: {'round': 3, 'average_norm': 5.0068427721659345, 'round_time': 8.512406250575806, 'average_downlink_time': 0.617089746, 'average_rtc_check_time': 0.5121959259704454, 'average_uplink_time': 0.2852452696666667, 'average_computation_time': 6.399592955907186, 'average_communication_time': 1.4145309416371121, 'average_fit_time': 7.372836987177531, 'average_throughput': 8.909044587748296, 'dropouts': 0, 'experiment_id': 'exp_20240620_203711'}
[2024-06-20 20:37:50,817][utils.model][INFO] - LeNet model built
[2024-06-20 20:37:50,931][utils.model][INFO] - Size of serialized model: 279.0341796875 kbytes
[2024-06-20 20:37:50,983][utils.model][INFO] - Step 1/40 - val_loss: 0.1530 - val_accuracy: 0.9688
[2024-06-20 20:37:51,004][utils.model][INFO] - Step 2/40 - val_loss: 0.2077 - val_accuracy: 0.9375
[2024-06-20 20:37:51,026][utils.model][INFO] - Step 3/40 - val_loss: 0.2266 - val_accuracy: 0.9219
[2024-06-20 20:37:51,047][utils.model][INFO] - Step 4/40 - val_loss: 0.2264 - val_accuracy: 0.9248
[2024-06-20 20:37:51,070][utils.model][INFO] - Step 5/40 - val_loss: 0.2462 - val_accuracy: 0.9180
[2024-06-20 20:37:51,090][utils.model][INFO] - Step 6/40 - val_loss: 0.2482 - val_accuracy: 0.9199
[2024-06-20 20:37:51,109][utils.model][INFO] - Step 7/40 - val_loss: 0.2633 - val_accuracy: 0.9174
[2024-06-20 20:37:51,127][utils.model][INFO] - Step 8/40 - val_loss: 0.2645 - val_accuracy: 0.9185
[2024-06-20 20:37:51,146][utils.model][INFO] - Step 9/40 - val_loss: 0.2700 - val_accuracy: 0.9188
[2024-06-20 20:37:51,165][utils.model][INFO] - Step 10/40 - val_loss: 0.2640 - val_accuracy: 0.9207
[2024-06-20 20:37:51,184][utils.model][INFO] - Step 11/40 - val_loss: 0.2572 - val_accuracy: 0.9222
[2024-06-20 20:37:51,203][utils.model][INFO] - Step 12/40 - val_loss: 0.2522 - val_accuracy: 0.9229
[2024-06-20 20:37:51,221][utils.model][INFO] - Step 13/40 - val_loss: 0.2501 - val_accuracy: 0.9240
[2024-06-20 20:37:51,239][utils.model][INFO] - Step 14/40 - val_loss: 0.2510 - val_accuracy: 0.9230
[2024-06-20 20:37:51,258][utils.model][INFO] - Step 15/40 - val_loss: 0.2560 - val_accuracy: 0.9221
[2024-06-20 20:37:51,275][utils.model][INFO] - Step 16/40 - val_loss: 0.2574 - val_accuracy: 0.9214
[2024-06-20 20:37:51,293][utils.model][INFO] - Step 17/40 - val_loss: 0.2593 - val_accuracy: 0.9205
[2024-06-20 20:37:51,310][utils.model][INFO] - Step 18/40 - val_loss: 0.2587 - val_accuracy: 0.9208
[2024-06-20 20:37:51,329][utils.model][INFO] - Step 19/40 - val_loss: 0.2570 - val_accuracy: 0.9215
[2024-06-20 20:37:51,347][utils.model][INFO] - Step 20/40 - val_loss: 0.2533 - val_accuracy: 0.9225
[2024-06-20 20:37:51,365][utils.model][INFO] - Step 21/40 - val_loss: 0.2464 - val_accuracy: 0.9247
[2024-06-20 20:37:51,383][utils.model][INFO] - Step 22/40 - val_loss: 0.2391 - val_accuracy: 0.9267
[2024-06-20 20:37:51,401][utils.model][INFO] - Step 23/40 - val_loss: 0.2368 - val_accuracy: 0.9275
[2024-06-20 20:37:51,421][utils.model][INFO] - Step 24/40 - val_loss: 0.2375 - val_accuracy: 0.9277
[2024-06-20 20:37:51,439][utils.model][INFO] - Step 25/40 - val_loss: 0.2310 - val_accuracy: 0.9297
[2024-06-20 20:37:51,459][utils.model][INFO] - Step 26/40 - val_loss: 0.2303 - val_accuracy: 0.9306
[2024-06-20 20:37:51,476][utils.model][INFO] - Step 27/40 - val_loss: 0.2268 - val_accuracy: 0.9319
[2024-06-20 20:37:51,494][utils.model][INFO] - Step 28/40 - val_loss: 0.2209 - val_accuracy: 0.9337
[2024-06-20 20:37:51,512][utils.model][INFO] - Step 29/40 - val_loss: 0.2165 - val_accuracy: 0.9353
[2024-06-20 20:37:51,533][utils.model][INFO] - Step 30/40 - val_loss: 0.2131 - val_accuracy: 0.9366
[2024-06-20 20:37:51,552][utils.model][INFO] - Step 31/40 - val_loss: 0.2093 - val_accuracy: 0.9379
[2024-06-20 20:37:51,570][utils.model][INFO] - Step 32/40 - val_loss: 0.2059 - val_accuracy: 0.9387
[2024-06-20 20:37:51,589][utils.model][INFO] - Step 33/40 - val_loss: 0.2026 - val_accuracy: 0.9397
[2024-06-20 20:37:51,607][utils.model][INFO] - Step 34/40 - val_loss: 0.1990 - val_accuracy: 0.9406
[2024-06-20 20:37:51,624][utils.model][INFO] - Step 35/40 - val_loss: 0.1938 - val_accuracy: 0.9422
[2024-06-20 20:37:51,643][utils.model][INFO] - Step 36/40 - val_loss: 0.1935 - val_accuracy: 0.9426
[2024-06-20 20:37:51,660][utils.model][INFO] - Step 37/40 - val_loss: 0.1899 - val_accuracy: 0.9439
[2024-06-20 20:37:51,679][utils.model][INFO] - Step 38/40 - val_loss: 0.1893 - val_accuracy: 0.9440
[2024-06-20 20:37:51,698][utils.model][INFO] - Step 39/40 - val_loss: 0.1929 - val_accuracy: 0.9425
[2024-06-20 20:37:51,707][utils.model][INFO] - Step 40/40 - val_loss: 0.1889 - val_accuracy: 0.9426
[2024-06-20 20:37:51,709][utils.model][INFO] - Evaluation Results - Val Loss: 0.1889, Val Accuracy: 0.9426 in 40 steps
[2024-06-20 20:37:51,711][root][INFO] - Appended data to last row of column centralized_loss in server data for client None
[2024-06-20 20:37:51,711][root][INFO] - Appended data to last row of column centralized_acc in server data for client None
[2024-06-20 20:37:51,711][root][INFO] - Appended {'centralized_loss': 0.18894704, 'centralized_acc': 0.9426} to the last row of server data
[2024-06-20 20:37:51,711][flwr][INFO] - fit progress: (3, 0.18894704, {'accuracy': 0.9426}, 30.18332644099428)
[2024-06-20 20:37:51,712][flwr][DEBUG] - evaluate_round 3: strategy sampled 3 clients (out of 3)
[2024-06-20 20:37:52,295][flwr][DEBUG] - evaluate_round 3 received 3 results and 0 failures
[2024-06-20 20:37:52,297][root][INFO] - Added data to epoch for client 0: {'round': 3, 'epoch_steps': 138, 'total_steps': 237, 'l2_norm': 4.981254577636719, 'total_computation_time': 6.405561923980713, 'total_rtc_check_time': 0.5059095620090375, 'total_duration': 7.373316049575806, 'val_loss': 0.1980370730161667, 'val_accuracy': 0.9365000128746033, 'experiment_id': 'exp_20240620_203711', 'client_id': '0'}
[2024-06-20 20:37:52,297][root][INFO] - Added epoch data for client 0: {'round': 3, 'epoch_steps': 138, 'total_steps': 237, 'l2_norm': 4.981254577636719, 'total_computation_time': 6.405561923980713, 'total_rtc_check_time': 0.5059095620090375, 'total_duration': 7.373316049575806, 'val_loss': 0.1980370730161667, 'val_accuracy': 0.9365000128746033, 'experiment_id': 'exp_20240620_203711', 'client_id': '0'}
[2024-06-20 20:37:52,298][root][INFO] - Epoch data saved to /home/psklavos/fl/geom_aio/csv_logs/exp_20240620_203711/clients/client_0/epoch.csv
[2024-06-20 20:37:52,299][root][INFO] - Added data to batch for client 0: {'round': 3, 'step_no': 100, 'loss': 0.29670003056526184, 'accuracy': 0.9375, 'l2_norm': 0.03858013078570366, 'computation_time': 0.058518171310424805, 'batch_time': 0.06263422590564005, 'rtc_check_time': 0.0023271999962162226, 'experiment_id': 'exp_20240620_203711', 'client_id': '0'}
[2024-06-20 20:37:52,300][root][INFO] - Added data to batch for client 0: {'round': 3, 'step_no': 101, 'loss': 0.3415601849555969, 'accuracy': 0.890625, 'l2_norm': 0.06350766122341156, 'computation_time': 0.06989097595214844, 'batch_time': 0.07588843116536736, 'rtc_check_time': 0.004516398999840021, 'experiment_id': 'exp_20240620_203711', 'client_id': '0'}
[2024-06-20 20:37:52,301][root][INFO] - Added data to batch for client 0: {'round': 3, 'step_no': 102, 'loss': 0.4725755751132965, 'accuracy': 0.8854166865348816, 'l2_norm': 0.07800701260566711, 'computation_time': 0.0606081485748291, 'batch_time': 0.0698163446795661, 'rtc_check_time': 0.007356399000855163, 'experiment_id': 'exp_20240620_203711', 'client_id': '0'}
[2024-06-20 20:37:52,302][root][INFO] - Added data to batch for client 0: {'round': 3, 'step_no': 103, 'loss': 0.4720417261123657, 'accuracy': 0.8828125, 'l2_norm': 0.08168694376945496, 'computation_time': 0.06127810478210449, 'batch_time': 0.07253130020399112, 'rtc_check_time': 0.009787397997570224, 'experiment_id': 'exp_20240620_203711', 'client_id': '0'}
[2024-06-20 20:37:52,303][root][INFO] - Added data to batch for client 0: {'round': 3, 'step_no': 104, 'loss': 0.36238008737564087, 'accuracy': 0.8687499761581421, 'l2_norm': 0.1191600114107132, 'computation_time': 0.05283403396606445, 'batch_time': 0.0573525566724129, 'rtc_check_time': 0.002851500001270324, 'experiment_id': 'exp_20240620_203711', 'client_id': '0'}
[2024-06-20 20:37:52,304][root][INFO] - Added data to batch for client 0: {'round': 3, 'step_no': 105, 'loss': 0.5212327241897583, 'accuracy': 0.875, 'l2_norm': 0.12312405556440353, 'computation_time': 0.05064702033996582, 'batch_time': 0.06374728573428001, 'rtc_check_time': 0.011681198011501692, 'experiment_id': 'exp_20240620_203711', 'client_id': '0'}
[2024-06-20 20:37:52,305][root][INFO] - Added data to batch for client 0: {'round': 3, 'step_no': 106, 'loss': 0.6280984878540039, 'accuracy': 0.875, 'l2_norm': 0.13384968042373657, 'computation_time': 0.0538179874420166, 'batch_time': 0.056964777715620585, 'rtc_check_time': 0.001854799993452616, 'experiment_id': 'exp_20240620_203711', 'client_id': '0'}
[2024-06-20 20:37:52,306][root][INFO] - Added data to batch for client 0: {'round': 3, 'step_no': 107, 'loss': 0.3340197205543518, 'accuracy': 0.87890625, 'l2_norm': 0.15650515258312225, 'computation_time': 0.05777406692504883, 'batch_time': 0.0646258255437715, 'rtc_check_time': 0.005090798993478529, 'experiment_id': 'exp_20240620_203711', 'client_id': '0'}
[2024-06-20 20:37:52,307][root][INFO] - Added data to batch for client 0: {'round': 3, 'step_no': 108, 'loss': 0.5550355911254883, 'accuracy': 0.8715277910232544, 'l2_norm': 0.15824513137340546, 'computation_time': 0.05192089080810547, 'batch_time': 0.0613136545434827, 'rtc_check_time': 0.007409597994410433, 'experiment_id': 'exp_20240620_203711', 'client_id': '0'}
[2024-06-20 20:37:52,309][root][INFO] - Added data to batch for client 0: {'round': 3, 'step_no': 109, 'loss': 0.2534944415092468, 'accuracy': 0.8812500238418579, 'l2_norm': 0.18042422831058502, 'computation_time': 0.05215811729431152, 'batch_time': 0.05960072574089281, 'rtc_check_time': 0.005963698000414297, 'experiment_id': 'exp_20240620_203711', 'client_id': '0'}
[2024-06-20 20:37:52,310][root][INFO] - Added data to batch for client 0: {'round': 3, 'step_no': 110, 'loss': 0.4435498118400574, 'accuracy': 0.8806818127632141, 'l2_norm': 0.22594280540943146, 'computation_time': 0.06574201583862305, 'batch_time': 0.06884097083820961, 'rtc_check_time': 0.001653899991651997, 'experiment_id': 'exp_20240620_203711', 'client_id': '0'}
[2024-06-20 20:37:52,311][root][INFO] - Added data to batch for client 0: {'round': 3, 'step_no': 111, 'loss': 0.16091430187225342, 'accuracy': 0.8880208134651184, 'l2_norm': 0.22808322310447693, 'computation_time': 0.06081509590148926, 'batch_time': 0.0643791261682054, 'rtc_check_time': 0.0018590990075608715, 'experiment_id': 'exp_20240620_203711', 'client_id': '0'}
[2024-06-20 20:37:52,313][root][INFO] - Added data to batch for client 0: {'round': 3, 'step_no': 112, 'loss': 0.34550464153289795, 'accuracy': 0.8870192170143127, 'l2_norm': 0.24710531532764435, 'computation_time': 0.054499149322509766, 'batch_time': 0.05856233634403907, 'rtc_check_time': 0.002502499002730474, 'experiment_id': 'exp_20240620_203711', 'client_id': '0'}
[2024-06-20 20:37:52,314][root][INFO] - Added data to batch for client 0: {'round': 3, 'step_no': 113, 'loss': 0.5685363411903381, 'accuracy': 0.8839285969734192, 'l2_norm': 0.2460419237613678, 'computation_time': 0.055223941802978516, 'batch_time': 0.05884746788069606, 'rtc_check_time': 0.0020234989933669567, 'experiment_id': 'exp_20240620_203711', 'client_id': '0'}
[2024-06-20 20:37:52,316][root][INFO] - Added data to batch for client 0: {'round': 3, 'step_no': 114, 'loss': 0.49831849336624146, 'accuracy': 0.8812500238418579, 'l2_norm': 0.2893538773059845, 'computation_time': 0.05704092979431152, 'batch_time': 0.06042214993794914, 'rtc_check_time': 0.001918998998007737, 'experiment_id': 'exp_20240620_203711', 'client_id': '0'}
[2024-06-20 20:37:52,317][root][INFO] - Added data to batch for client 0: {'round': 3, 'step_no': 115, 'loss': 0.31302502751350403, 'accuracy': 0.8828125, 'l2_norm': 0.31007120013237, 'computation_time': 0.049542903900146484, 'batch_time': 0.05338015517918393, 'rtc_check_time': 0.00228610000340268, 'experiment_id': 'exp_20240620_203711', 'client_id': '0'}
[2024-06-20 20:37:52,318][root][INFO] - Added data to batch for client 0: {'round': 3, 'step_no': 116, 'loss': 0.3764943480491638, 'accuracy': 0.8823529481887817, 'l2_norm': 0.35764604806900024, 'computation_time': 0.05710291862487793, 'batch_time': 0.07730911893304437, 'rtc_check_time': 0.018485295004211366, 'experiment_id': 'exp_20240620_203711', 'client_id': '0'}
[2024-06-20 20:37:52,319][root][INFO] - Added data to batch for client 0: {'round': 3, 'step_no': 117, 'loss': 0.5895989537239075, 'accuracy': 0.875, 'l2_norm': 0.3614635169506073, 'computation_time': 0.06502389907836914, 'batch_time': 0.0732633527222788, 'rtc_check_time': 0.006755297989002429, 'experiment_id': 'exp_20240620_203711', 'client_id': '0'}
[2024-06-20 20:37:52,320][root][INFO] - Added data to batch for client 0: {'round': 3, 'step_no': 118, 'loss': 0.19923534989356995, 'accuracy': 0.8782894611358643, 'l2_norm': 0.36259225010871887, 'computation_time': 0.04777717590332031, 'batch_time': 0.05792556991218589, 'rtc_check_time': 0.008546697994461283, 'experiment_id': 'exp_20240620_203711', 'client_id': '0'}
[2024-06-20 20:37:52,322][root][INFO] - Added data to batch for client 0: {'round': 3, 'step_no': 119, 'loss': 0.4654659032821655, 'accuracy': 0.8765624761581421, 'l2_norm': 0.38637202978134155, 'computation_time': 0.05770301818847656, 'batch_time': 0.061934800702147186, 'rtc_check_time': 0.0025978999910876155, 'experiment_id': 'exp_20240620_203711', 'client_id': '0'}
[2024-06-20 20:37:52,323][root][INFO] - Added data to batch for client 0: {'round': 3, 'step_no': 120, 'loss': 0.1844216138124466, 'accuracy': 0.8809523582458496, 'l2_norm': 0.38526564836502075, 'computation_time': 0.05562305450439453, 'batch_time': 0.06259180369670503, 'rtc_check_time': 0.005459798005176708, 'experiment_id': 'exp_20240620_203711', 'client_id': '0'}
[2024-06-20 20:37:52,324][root][INFO] - Added data to batch for client 0: {'round': 3, 'step_no': 121, 'loss': 0.29226958751678467, 'accuracy': 0.8821022510528564, 'l2_norm': 0.420046329498291, 'computation_time': 0.05227494239807129, 'batch_time': 0.06729479637579061, 'rtc_check_time': 0.0135058960004244, 'experiment_id': 'exp_20240620_203711', 'client_id': '0'}
[2024-06-20 20:37:52,325][root][INFO] - Added data to batch for client 0: {'round': 3, 'step_no': 122, 'loss': 0.3645473122596741, 'accuracy': 0.883152186870575, 'l2_norm': 0.44812649488449097, 'computation_time': 0.054795026779174805, 'batch_time': 0.05808033444918692, 'rtc_check_time': 0.0018392989877611399, 'experiment_id': 'exp_20240620_203711', 'client_id': '0'}
[2024-06-20 20:37:52,326][root][INFO] - Added data to batch for client 0: {'round': 3, 'step_no': 123, 'loss': 0.35200709104537964, 'accuracy': 0.8828125, 'l2_norm': 0.48692214488983154, 'computation_time': 0.051753997802734375, 'batch_time': 0.060753339203074574, 'rtc_check_time': 0.007495397003367543, 'experiment_id': 'exp_20240620_203711', 'client_id': '0'}
[2024-06-20 20:37:52,328][root][INFO] - Added data to batch for client 0: {'round': 3, 'step_no': 124, 'loss': 0.6251081228256226, 'accuracy': 0.8812500238418579, 'l2_norm': 0.499430388212204, 'computation_time': 0.06808304786682129, 'batch_time': 0.07270003639860079, 'rtc_check_time': 0.002338899008464068, 'experiment_id': 'exp_20240620_203711', 'client_id': '0'}
[2024-06-20 20:37:52,329][root][INFO] - Added data to batch for client 0: {'round': 3, 'step_no': 125, 'loss': 0.45411139726638794, 'accuracy': 0.8786057829856873, 'l2_norm': 0.5092465281486511, 'computation_time': 0.06415510177612305, 'batch_time': 0.0674708449805621, 'rtc_check_time': 0.001639899011934176, 'experiment_id': 'exp_20240620_203711', 'client_id': '0'}
[2024-06-20 20:37:52,331][root][INFO] - Added data to batch for client 0: {'round': 3, 'step_no': 126, 'loss': 0.5969276428222656, 'accuracy': 0.8738425970077515, 'l2_norm': 0.587310791015625, 'computation_time': 0.05854082107543945, 'batch_time': 0.06165343619068153, 'rtc_check_time': 0.0016224989958573133, 'experiment_id': 'exp_20240620_203711', 'client_id': '0'}
[2024-06-20 20:37:52,332][root][INFO] - Added data to batch for client 0: {'round': 3, 'step_no': 127, 'loss': 0.46950763463974, 'accuracy': 0.8738839030265808, 'l2_norm': 0.5965550541877747, 'computation_time': 0.0565950870513916, 'batch_time': 0.06966863579873461, 'rtc_check_time': 0.011567697001737542, 'experiment_id': 'exp_20240620_203711', 'client_id': '0'}
[2024-06-20 20:37:52,333][root][INFO] - Added data to batch for client 0: {'round': 3, 'step_no': 128, 'loss': 0.496463418006897, 'accuracy': 0.8717672228813171, 'l2_norm': 0.649073600769043, 'computation_time': 0.04976916313171387, 'batch_time': 0.0524571238347562, 'rtc_check_time': 0.0014879999944241717, 'experiment_id': 'exp_20240620_203711', 'client_id': '0'}
[2024-06-20 20:37:52,334][root][INFO] - Added data to batch for client 0: {'round': 3, 'step_no': 129, 'loss': 0.22204579412937164, 'accuracy': 0.875, 'l2_norm': 0.64593505859375, 'computation_time': 0.04387402534484863, 'batch_time': 0.0465614026034018, 'rtc_check_time': 0.0014085000002523884, 'experiment_id': 'exp_20240620_203711', 'client_id': '0'}
[2024-06-20 20:37:52,335][root][INFO] - Added data to batch for client 0: {'round': 3, 'step_no': 130, 'loss': 0.38167351484298706, 'accuracy': 0.8770161271095276, 'l2_norm': 0.6648069024085999, 'computation_time': 0.04034900665283203, 'batch_time': 0.04363318432297092, 'rtc_check_time': 0.0021411990019259974, 'experiment_id': 'exp_20240620_203711', 'client_id': '0'}
[2024-06-20 20:37:52,336][root][INFO] - Added data to batch for client 0: {'round': 3, 'step_no': 131, 'loss': 0.09376581758260727, 'accuracy': 0.880859375, 'l2_norm': 0.6742520332336426, 'computation_time': 0.05805492401123047, 'batch_time': 0.06207260138762649, 'rtc_check_time': 0.002141799996024929, 'experiment_id': 'exp_20240620_203711', 'client_id': '0'}
[2024-06-20 20:37:52,338][root][INFO] - Added data to batch for client 0: {'round': 3, 'step_no': 132, 'loss': 0.3080612123012543, 'accuracy': 0.8816288113594055, 'l2_norm': 0.6838832497596741, 'computation_time': 0.04149818420410156, 'batch_time': 0.04520307636994403, 'rtc_check_time': 0.002386199004831724, 'experiment_id': 'exp_20240620_203711', 'client_id': '0'}
[2024-06-20 20:37:52,339][root][INFO] - Added data to batch for client 0: {'round': 3, 'step_no': 133, 'loss': 0.28753697872161865, 'accuracy': 0.8823529481887817, 'l2_norm': 0.7136173844337463, 'computation_time': 0.03942108154296875, 'batch_time': 0.04797453664650675, 'rtc_check_time': 0.007461498011252843, 'experiment_id': 'exp_20240620_203711', 'client_id': '0'}
[2024-06-20 20:37:52,340][root][INFO] - Added data to batch for client 0: {'round': 3, 'step_no': 134, 'loss': 0.49214595556259155, 'accuracy': 0.8821428418159485, 'l2_norm': 0.754836916923523, 'computation_time': 0.03961896896362305, 'batch_time': 0.04284480697242543, 'rtc_check_time': 0.002070699993055314, 'experiment_id': 'exp_20240620_203711', 'client_id': '0'}
[2024-06-20 20:37:52,341][root][INFO] - Added data to batch for client 0: {'round': 3, 'step_no': 135, 'loss': 0.5839178562164307, 'accuracy': 0.8819444179534912, 'l2_norm': 0.8021163940429688, 'computation_time': 0.04119706153869629, 'batch_time': 0.046269876227597706, 'rtc_check_time': 0.003793699012021534, 'experiment_id': 'exp_20240620_203711', 'client_id': '0'}
[2024-06-20 20:37:52,343][root][INFO] - Added data to batch for client 0: {'round': 3, 'step_no': 136, 'loss': 0.5673458576202393, 'accuracy': 0.880912184715271, 'l2_norm': 0.8211625218391418, 'computation_time': 0.04362893104553223, 'batch_time': 0.046537948481272906, 'rtc_check_time': 0.001596999994944781, 'experiment_id': 'exp_20240620_203711', 'client_id': '0'}
[2024-06-20 20:37:52,344][root][INFO] - Added data to batch for client 0: {'round': 3, 'step_no': 137, 'loss': 0.3355490267276764, 'accuracy': 0.8791118264198303, 'l2_norm': 0.8549686074256897, 'computation_time': 0.04023098945617676, 'batch_time': 0.05368137452751398, 'rtc_check_time': 0.012402296997606754, 'experiment_id': 'exp_20240620_203711', 'client_id': '0'}
[2024-06-20 20:37:52,345][root][INFO] - Added data to batch for client 0: {'round': 3, 'step_no': 138, 'loss': 0.324878990650177, 'accuracy': 0.8790063858032227, 'l2_norm': 0.8994818329811096, 'computation_time': 0.03912711143493652, 'batch_time': 0.04457728407578543, 'rtc_check_time': 0.004279298998881131, 'experiment_id': 'exp_20240620_203711', 'client_id': '0'}
[2024-06-20 20:37:52,347][root][INFO] - Added data to batch for client 0: {'round': 3, 'step_no': 139, 'loss': 0.20929642021656036, 'accuracy': 0.8812500238418579, 'l2_norm': 0.927324652671814, 'computation_time': 0.04131889343261719, 'batch_time': 0.04501591807638761, 'rtc_check_time': 0.0025158990029012784, 'experiment_id': 'exp_20240620_203711', 'client_id': '0'}
[2024-06-20 20:37:52,348][root][INFO] - Added data to batch for client 0: {'round': 3, 'step_no': 140, 'loss': 0.24598824977874756, 'accuracy': 0.8841463327407837, 'l2_norm': 0.91455078125, 'computation_time': 0.043025970458984375, 'batch_time': 0.05021811241749674, 'rtc_check_time': 0.005899198004044592, 'experiment_id': 'exp_20240620_203711', 'client_id': '0'}
[2024-06-20 20:37:52,349][root][INFO] - Added data to batch for client 0: {'round': 3, 'step_no': 141, 'loss': 0.394375741481781, 'accuracy': 0.8839285969734192, 'l2_norm': 0.9682229161262512, 'computation_time': 0.049922943115234375, 'batch_time': 0.053275283993571065, 'rtc_check_time': 0.0017062990082195029, 'experiment_id': 'exp_20240620_203711', 'client_id': '0'}
[2024-06-20 20:37:52,350][root][INFO] - Added data to batch for client 0: {'round': 3, 'step_no': 142, 'loss': 0.2572785019874573, 'accuracy': 0.885901153087616, 'l2_norm': 0.9988995790481567, 'computation_time': 0.05128312110900879, 'batch_time': 0.061775579408276826, 'rtc_check_time': 0.00894869799958542, 'experiment_id': 'exp_20240620_203711', 'client_id': '0'}
[2024-06-20 20:37:52,351][root][INFO] - Added data to batch for client 0: {'round': 3, 'step_no': 143, 'loss': 0.22182351350784302, 'accuracy': 0.8877840638160706, 'l2_norm': 1.0063856840133667, 'computation_time': 0.050399065017700195, 'batch_time': 0.055151208536699414, 'rtc_check_time': 0.003462299006059766, 'experiment_id': 'exp_20240620_203711', 'client_id': '0'}
[2024-06-20 20:37:52,353][root][INFO] - Added data to batch for client 0: {'round': 3, 'step_no': 144, 'loss': 0.5761200189590454, 'accuracy': 0.8881944417953491, 'l2_norm': 1.0556997060775757, 'computation_time': 0.04661202430725098, 'batch_time': 0.049486122792586684, 'rtc_check_time': 0.0015050990041345358, 'experiment_id': 'exp_20240620_203711', 'client_id': '0'}
[2024-06-20 20:37:52,354][root][INFO] - Added data to batch for client 0: {'round': 3, 'step_no': 145, 'loss': 0.3284517824649811, 'accuracy': 0.88722825050354, 'l2_norm': 1.099015235900879, 'computation_time': 0.03994488716125488, 'batch_time': 0.04890775034436956, 'rtc_check_time': 0.007787698006723076, 'experiment_id': 'exp_20240620_203711', 'client_id': '0'}
[2024-06-20 20:37:52,355][root][INFO] - Added data to batch for client 0: {'round': 3, 'step_no': 146, 'loss': 0.24307677149772644, 'accuracy': 0.8889627456665039, 'l2_norm': 1.1272841691970825, 'computation_time': 0.04063296318054199, 'batch_time': 0.04967809790105093, 'rtc_check_time': 0.00776029699773062, 'experiment_id': 'exp_20240620_203711', 'client_id': '0'}
[2024-06-20 20:37:52,356][root][INFO] - Added data to batch for client 0: {'round': 3, 'step_no': 147, 'loss': 0.13918210566043854, 'accuracy': 0.890625, 'l2_norm': 1.1587706804275513, 'computation_time': 0.0422358512878418, 'batch_time': 0.045046097511658445, 'rtc_check_time': 0.0015780990070197731, 'experiment_id': 'exp_20240620_203711', 'client_id': '0'}
[2024-06-20 20:37:52,357][root][INFO] - Added data to batch for client 0: {'round': 3, 'step_no': 148, 'loss': 0.10195203125476837, 'accuracy': 0.8928571343421936, 'l2_norm': 1.1700478792190552, 'computation_time': 0.04094719886779785, 'batch_time': 0.044831388266175054, 'rtc_check_time': 0.0028062990022590384, 'experiment_id': 'exp_20240620_203711', 'client_id': '0'}
[2024-06-20 20:37:52,358][root][INFO] - Added data to batch for client 0: {'round': 3, 'step_no': 149, 'loss': 0.1666986346244812, 'accuracy': 0.893750011920929, 'l2_norm': 1.2070484161376953, 'computation_time': 0.0405428409576416, 'batch_time': 0.04925713042030111, 'rtc_check_time': 0.007129998004529625, 'experiment_id': 'exp_20240620_203711', 'client_id': '0'}
[2024-06-20 20:37:52,359][root][INFO] - Added data to batch for client 0: {'round': 3, 'step_no': 150, 'loss': 0.4317505955696106, 'accuracy': 0.8939951062202454, 'l2_norm': 1.2338052988052368, 'computation_time': 0.04030203819274902, 'batch_time': 0.04431582124379929, 'rtc_check_time': 0.002729899002588354, 'experiment_id': 'exp_20240620_203711', 'client_id': '0'}
[2024-06-20 20:37:52,360][root][INFO] - Added data to batch for client 0: {'round': 3, 'step_no': 151, 'loss': 0.23151738941669464, 'accuracy': 0.893629789352417, 'l2_norm': 1.2740099430084229, 'computation_time': 0.05229592323303223, 'batch_time': 0.05579725305142347, 'rtc_check_time': 0.0020073990017408505, 'experiment_id': 'exp_20240620_203711', 'client_id': '0'}
[2024-06-20 20:37:52,362][root][INFO] - Added data to batch for client 0: {'round': 3, 'step_no': 152, 'loss': 0.30824151635169983, 'accuracy': 0.8944575190544128, 'l2_norm': 1.2905060052871704, 'computation_time': 0.044087886810302734, 'batch_time': 0.04652124037966132, 'rtc_check_time': 0.0014072000049054623, 'experiment_id': 'exp_20240620_203711', 'client_id': '0'}
[2024-06-20 20:37:52,364][root][INFO] - Added data to batch for client 0: {'round': 3, 'step_no': 153, 'loss': 0.6018058061599731, 'accuracy': 0.8929398059844971, 'l2_norm': 1.3382697105407715, 'computation_time': 0.04057908058166504, 'batch_time': 0.0446058258676203, 'rtc_check_time': 0.0029119000100763515, 'experiment_id': 'exp_20240620_203711', 'client_id': '0'}
[2024-06-20 20:37:52,366][root][INFO] - Added data to batch for client 0: {'round': 3, 'step_no': 154, 'loss': 0.24645516276359558, 'accuracy': 0.8926136493682861, 'l2_norm': 1.3836684226989746, 'computation_time': 0.03994297981262207, 'batch_time': 0.04430380207486451, 'rtc_check_time': 0.0029047999996691942, 'experiment_id': 'exp_20240620_203711', 'client_id': '0'}
[2024-06-20 20:37:52,368][root][INFO] - Added data to batch for client 0: {'round': 3, 'step_no': 155, 'loss': 0.19477485120296478, 'accuracy': 0.8928571343421936, 'l2_norm': 1.4062305688858032, 'computation_time': 0.041381120681762695, 'batch_time': 0.04480536199116614, 'rtc_check_time': 0.002378299002884887, 'experiment_id': 'exp_20240620_203711', 'client_id': '0'}
[2024-06-20 20:37:52,369][root][INFO] - Added data to batch for client 0: {'round': 3, 'step_no': 156, 'loss': 0.37041330337524414, 'accuracy': 0.8914473652839661, 'l2_norm': 1.4602121114730835, 'computation_time': 0.05071711540222168, 'batch_time': 0.05349106930952985, 'rtc_check_time': 0.0015789999888511375, 'experiment_id': 'exp_20240620_203711', 'client_id': '0'}
[2024-06-20 20:37:52,370][root][INFO] - Added data to batch for client 0: {'round': 3, 'step_no': 157, 'loss': 0.28410962224006653, 'accuracy': 0.8917025923728943, 'l2_norm': 1.4738600254058838, 'computation_time': 0.03999614715576172, 'batch_time': 0.04259975234162994, 'rtc_check_time': 0.001479700003983453, 'experiment_id': 'exp_20240620_203711', 'client_id': '0'}
[2024-06-20 20:37:52,371][root][INFO] - Added data to batch for client 0: {'round': 3, 'step_no': 158, 'loss': 0.7070673704147339, 'accuracy': 0.8898305296897888, 'l2_norm': 1.4966514110565186, 'computation_time': 0.0505061149597168, 'batch_time': 0.05570446512138005, 'rtc_check_time': 0.004036298007122241, 'experiment_id': 'exp_20240620_203711', 'client_id': '0'}
[2024-06-20 20:37:52,372][root][INFO] - Added data to batch for client 0: {'round': 3, 'step_no': 159, 'loss': 0.3695538640022278, 'accuracy': 0.8895833492279053, 'l2_norm': 1.525795340538025, 'computation_time': 0.05049705505371094, 'batch_time': 0.05399702837166842, 'rtc_check_time': 0.00194309999642428, 'experiment_id': 'exp_20240620_203711', 'client_id': '0'}
[2024-06-20 20:37:52,374][root][INFO] - Added data to batch for client 0: {'round': 3, 'step_no': 160, 'loss': 0.34417811036109924, 'accuracy': 0.8893442749977112, 'l2_norm': 1.5904046297073364, 'computation_time': 0.038697004318237305, 'batch_time': 0.04267752151645254, 'rtc_check_time': 0.002843498994479887, 'experiment_id': 'exp_20240620_203711', 'client_id': '0'}
[2024-06-20 20:37:52,375][root][INFO] - Added data to batch for client 0: {'round': 3, 'step_no': 161, 'loss': 0.7225135564804077, 'accuracy': 0.8860887289047241, 'l2_norm': 1.630847454071045, 'computation_time': 0.04127907752990723, 'batch_time': 0.04809852551261429, 'rtc_check_time': 0.00555439900199417, 'experiment_id': 'exp_20240620_203711', 'client_id': '0'}
[2024-06-20 20:37:52,376][root][INFO] - Added data to batch for client 0: {'round': 3, 'step_no': 162, 'loss': 0.2285381257534027, 'accuracy': 0.8874008059501648, 'l2_norm': 1.6412696838378906, 'computation_time': 0.04203391075134277, 'batch_time': 0.04489867166557815, 'rtc_check_time': 0.0016287990001728758, 'experiment_id': 'exp_20240620_203711', 'client_id': '0'}
[2024-06-20 20:37:52,378][root][INFO] - Added data to batch for client 0: {'round': 3, 'step_no': 163, 'loss': 0.48522281646728516, 'accuracy': 0.88720703125, 'l2_norm': 1.6708903312683105, 'computation_time': 0.04475688934326172, 'batch_time': 0.04753926549165044, 'rtc_check_time': 0.0014973000070312992, 'experiment_id': 'exp_20240620_203711', 'client_id': '0'}
[2024-06-20 20:37:52,379][root][INFO] - Added data to batch for client 0: {'round': 3, 'step_no': 164, 'loss': 0.29372042417526245, 'accuracy': 0.887499988079071, 'l2_norm': 1.7034049034118652, 'computation_time': 0.04641294479370117, 'batch_time': 0.049649736494757235, 'rtc_check_time': 0.0018727990100160241, 'experiment_id': 'exp_20240620_203711', 'client_id': '0'}
[2024-06-20 20:37:52,380][root][INFO] - Added data to batch for client 0: {'round': 3, 'step_no': 165, 'loss': 0.4559338688850403, 'accuracy': 0.8868371248245239, 'l2_norm': 1.7596185207366943, 'computation_time': 0.045578956604003906, 'batch_time': 0.049241485219681635, 'rtc_check_time': 0.002412500005448237, 'experiment_id': 'exp_20240620_203711', 'client_id': '0'}
[2024-06-20 20:37:52,381][root][INFO] - Added data to batch for client 0: {'round': 3, 'step_no': 166, 'loss': 0.2748258113861084, 'accuracy': 0.8871268630027771, 'l2_norm': 1.781417965888977, 'computation_time': 0.04561614990234375, 'batch_time': 0.0558626265701605, 'rtc_check_time': 0.008895596998627298, 'experiment_id': 'exp_20240620_203711', 'client_id': '0'}
[2024-06-20 20:37:52,382][root][INFO] - Added data to batch for client 0: {'round': 3, 'step_no': 167, 'loss': 0.27648502588272095, 'accuracy': 0.8874080777168274, 'l2_norm': 1.8230949640274048, 'computation_time': 0.04575395584106445, 'batch_time': 0.051463069321471266, 'rtc_check_time': 0.004258098007994704, 'experiment_id': 'exp_20240620_203711', 'client_id': '0'}
[2024-06-20 20:37:52,383][root][INFO] - Added data to batch for client 0: {'round': 3, 'step_no': 168, 'loss': 0.12138715386390686, 'accuracy': 0.8885869383811951, 'l2_norm': 1.8367565870285034, 'computation_time': 0.047154903411865234, 'batch_time': 0.05582367317401804, 'rtc_check_time': 0.007316698000067845, 'experiment_id': 'exp_20240620_203711', 'client_id': '0'}
[2024-06-20 20:37:52,384][root][INFO] - Added data to batch for client 0: {'round': 3, 'step_no': 169, 'loss': 0.2503811717033386, 'accuracy': 0.8892857432365417, 'l2_norm': 1.8979613780975342, 'computation_time': 0.04569387435913086, 'batch_time': 0.05106222977337893, 'rtc_check_time': 0.004059198996401392, 'experiment_id': 'exp_20240620_203711', 'client_id': '0'}
[2024-06-20 20:37:52,385][root][INFO] - Added data to batch for client 0: {'round': 3, 'step_no': 170, 'loss': 0.14836324751377106, 'accuracy': 0.8904049396514893, 'l2_norm': 1.939569354057312, 'computation_time': 0.04870295524597168, 'batch_time': 0.059637296755681746, 'rtc_check_time': 0.009644496996770613, 'experiment_id': 'exp_20240620_203711', 'client_id': '0'}
[2024-06-20 20:37:52,386][root][INFO] - Added data to batch for client 0: {'round': 3, 'step_no': 171, 'loss': 0.5850801467895508, 'accuracy': 0.8901909589767456, 'l2_norm': 1.985998272895813, 'computation_time': 0.04810905456542969, 'batch_time': 0.0529133387026377, 'rtc_check_time': 0.0032702989992685616, 'experiment_id': 'exp_20240620_203711', 'client_id': '0'}
[2024-06-20 20:37:52,388][root][INFO] - Added data to batch for client 0: {'round': 3, 'step_no': 172, 'loss': 0.30094170570373535, 'accuracy': 0.8908390402793884, 'l2_norm': 1.9970983266830444, 'computation_time': 0.046579837799072266, 'batch_time': 0.05008213945257012, 'rtc_check_time': 0.0022362989984685555, 'experiment_id': 'exp_20240620_203711', 'client_id': '0'}
[2024-06-20 20:37:52,389][root][INFO] - Added data to batch for client 0: {'round': 3, 'step_no': 173, 'loss': 0.29789209365844727, 'accuracy': 0.8910472989082336, 'l2_norm': 2.0457401275634766, 'computation_time': 0.041554927825927734, 'batch_time': 0.04562501962936949, 'rtc_check_time': 0.0029201989964349195, 'experiment_id': 'exp_20240620_203711', 'client_id': '0'}
[2024-06-20 20:37:52,390][root][INFO] - Added data to batch for client 0: {'round': 3, 'step_no': 174, 'loss': 0.34754109382629395, 'accuracy': 0.8912500143051147, 'l2_norm': 2.112072467803955, 'computation_time': 0.0406041145324707, 'batch_time': 0.044336389502859674, 'rtc_check_time': 0.0025315990060335025, 'experiment_id': 'exp_20240620_203711', 'client_id': '0'}
[2024-06-20 20:37:52,391][root][INFO] - Added data to batch for client 0: {'round': 3, 'step_no': 175, 'loss': 0.2978619635105133, 'accuracy': 0.8918585777282715, 'l2_norm': 2.1410329341888428, 'computation_time': 0.04155898094177246, 'batch_time': 0.04497211819398217, 'rtc_check_time': 0.002082999999402091, 'experiment_id': 'exp_20240620_203711', 'client_id': '0'}
[2024-06-20 20:37:52,392][root][INFO] - Added data to batch for client 0: {'round': 3, 'step_no': 176, 'loss': 0.40388113260269165, 'accuracy': 0.8912337422370911, 'l2_norm': 2.2143781185150146, 'computation_time': 0.04121899604797363, 'batch_time': 0.04463541894801892, 'rtc_check_time': 0.0019212999904993922, 'experiment_id': 'exp_20240620_203711', 'client_id': '0'}
[2024-06-20 20:37:52,393][root][INFO] - Added data to batch for client 0: {'round': 3, 'step_no': 177, 'loss': 0.29971182346343994, 'accuracy': 0.8914262652397156, 'l2_norm': 2.2239818572998047, 'computation_time': 0.04134702682495117, 'batch_time': 0.046787653787760064, 'rtc_check_time': 0.004229698999552056, 'experiment_id': 'exp_20240620_203711', 'client_id': '0'}
[2024-06-20 20:37:52,395][root][INFO] - Added data to batch for client 0: {'round': 3, 'step_no': 178, 'loss': 0.2764502167701721, 'accuracy': 0.8916139006614685, 'l2_norm': 2.2583115100860596, 'computation_time': 0.04071307182312012, 'batch_time': 0.04424966560327448, 'rtc_check_time': 0.0017145989986602217, 'experiment_id': 'exp_20240620_203711', 'client_id': '0'}
[2024-06-20 20:37:52,396][root][INFO] - Added data to batch for client 0: {'round': 3, 'step_no': 179, 'loss': 0.704750657081604, 'accuracy': 0.8910156488418579, 'l2_norm': 2.3500630855560303, 'computation_time': 0.04497194290161133, 'batch_time': 0.04743940522894263, 'rtc_check_time': 0.0013673990033566952, 'experiment_id': 'exp_20240620_203711', 'client_id': '0'}
[2024-06-20 20:37:52,396][root][INFO] - Added data to batch for client 0: {'round': 3, 'step_no': 180, 'loss': 0.13943392038345337, 'accuracy': 0.8919752836227417, 'l2_norm': 2.353130578994751, 'computation_time': 0.03941488265991211, 'batch_time': 0.04420978254347574, 'rtc_check_time': 0.003561798992450349, 'experiment_id': 'exp_20240620_203711', 'client_id': '0'}
[2024-06-20 20:37:52,397][root][INFO] - Added data to batch for client 0: {'round': 3, 'step_no': 181, 'loss': 0.4951368570327759, 'accuracy': 0.8921493887901306, 'l2_norm': 2.401365280151367, 'computation_time': 0.04499101638793945, 'batch_time': 0.05148665705928579, 'rtc_check_time': 0.0046776990056969225, 'experiment_id': 'exp_20240620_203711', 'client_id': '0'}
[2024-06-20 20:37:52,398][root][INFO] - Added data to batch for client 0: {'round': 3, 'step_no': 182, 'loss': 0.1957198977470398, 'accuracy': 0.8926957845687866, 'l2_norm': 2.417912721633911, 'computation_time': 0.044278860092163086, 'batch_time': 0.047057413088623434, 'rtc_check_time': 0.0015413989895023406, 'experiment_id': 'exp_20240620_203711', 'client_id': '0'}
[2024-06-20 20:37:52,399][root][INFO] - Added data to batch for client 0: {'round': 3, 'step_no': 183, 'loss': 0.26119959354400635, 'accuracy': 0.8936011791229248, 'l2_norm': 2.4756453037261963, 'computation_time': 0.043250083923339844, 'batch_time': 0.04593635140918195, 'rtc_check_time': 0.0014812999870628119, 'experiment_id': 'exp_20240620_203711', 'client_id': '0'}
[2024-06-20 20:37:52,400][root][INFO] - Added data to batch for client 0: {'round': 3, 'step_no': 184, 'loss': 0.1898333728313446, 'accuracy': 0.8941176533699036, 'l2_norm': 2.496305227279663, 'computation_time': 0.04353904724121094, 'batch_time': 0.04691573696618434, 'rtc_check_time': 0.001873699002317153, 'experiment_id': 'exp_20240620_203711', 'client_id': '0'}
[2024-06-20 20:37:52,401][root][INFO] - Added data to batch for client 0: {'round': 3, 'step_no': 185, 'loss': 0.36110299825668335, 'accuracy': 0.8938953280448914, 'l2_norm': 2.5309154987335205, 'computation_time': 0.03909587860107422, 'batch_time': 0.04191636973700952, 'rtc_check_time': 0.0016613000043435022, 'experiment_id': 'exp_20240620_203711', 'client_id': '0'}
[2024-06-20 20:37:52,402][root][INFO] - Added data to batch for client 0: {'round': 3, 'step_no': 186, 'loss': 0.22437813878059387, 'accuracy': 0.8947557210922241, 'l2_norm': 2.589134693145752, 'computation_time': 0.04295992851257324, 'batch_time': 0.045491325145121664, 'rtc_check_time': 0.0014454000047408044, 'experiment_id': 'exp_20240620_203711', 'client_id': '0'}
[2024-06-20 20:37:52,403][root][INFO] - Added data to batch for client 0: {'round': 3, 'step_no': 187, 'loss': 0.5078892707824707, 'accuracy': 0.8938210010528564, 'l2_norm': 2.7017440795898438, 'computation_time': 0.04056501388549805, 'batch_time': 0.04387061859597452, 'rtc_check_time': 0.0021363999985624105, 'experiment_id': 'exp_20240620_203711', 'client_id': '0'}
[2024-06-20 20:37:52,404][root][INFO] - Added data to batch for client 0: {'round': 3, 'step_no': 188, 'loss': 0.27039051055908203, 'accuracy': 0.8939606547355652, 'l2_norm': 2.741806745529175, 'computation_time': 0.041623830795288086, 'batch_time': 0.04485182435018942, 'rtc_check_time': 0.001996800012420863, 'experiment_id': 'exp_20240620_203711', 'client_id': '0'}
[2024-06-20 20:37:52,405][root][INFO] - Added data to batch for client 0: {'round': 3, 'step_no': 189, 'loss': 0.3011360764503479, 'accuracy': 0.894444465637207, 'l2_norm': 2.7824370861053467, 'computation_time': 0.0417940616607666, 'batch_time': 0.04617550999682862, 'rtc_check_time': 0.0029475990013452247, 'experiment_id': 'exp_20240620_203711', 'client_id': '0'}
[2024-06-20 20:37:52,406][root][INFO] - Added data to batch for client 0: {'round': 3, 'step_no': 190, 'loss': 0.2061457633972168, 'accuracy': 0.8949176073074341, 'l2_norm': 2.7854979038238525, 'computation_time': 0.039875030517578125, 'batch_time': 0.042586174022289924, 'rtc_check_time': 0.0016291999927489087, 'experiment_id': 'exp_20240620_203711', 'client_id': '0'}
[2024-06-20 20:37:52,407][root][INFO] - Added data to batch for client 0: {'round': 3, 'step_no': 191, 'loss': 0.22938643395900726, 'accuracy': 0.89504075050354, 'l2_norm': 2.86553692817688, 'computation_time': 0.04337811470031738, 'batch_time': 0.05268075926869642, 'rtc_check_time': 0.008109597998554818, 'experiment_id': 'exp_20240620_203711', 'client_id': '0'}
[2024-06-20 20:37:52,408][root][INFO] - Added data to batch for client 0: {'round': 3, 'step_no': 192, 'loss': 0.16717375814914703, 'accuracy': 0.8958333134651184, 'l2_norm': 2.9090616703033447, 'computation_time': 0.04572010040283203, 'batch_time': 0.04885256833222229, 'rtc_check_time': 0.0017164999881060794, 'experiment_id': 'exp_20240620_203711', 'client_id': '0'}
[2024-06-20 20:37:52,409][root][INFO] - Added data to batch for client 0: {'round': 3, 'step_no': 193, 'loss': 0.33823269605636597, 'accuracy': 0.8959441781044006, 'l2_norm': 2.94179105758667, 'computation_time': 0.04205894470214844, 'batch_time': 0.04462714020337444, 'rtc_check_time': 0.0014759999903617427, 'experiment_id': 'exp_20240620_203711', 'client_id': '0'}
[2024-06-20 20:37:52,410][root][INFO] - Added data to batch for client 0: {'round': 3, 'step_no': 194, 'loss': 0.3901219367980957, 'accuracy': 0.8957237005233765, 'l2_norm': 2.973809242248535, 'computation_time': 0.0392298698425293, 'batch_time': 0.0446678376320051, 'rtc_check_time': 0.004154798996751197, 'experiment_id': 'exp_20240620_203711', 'client_id': '0'}
[2024-06-20 20:37:52,411][root][INFO] - Added data to batch for client 0: {'round': 3, 'step_no': 195, 'loss': 0.14957506954669952, 'accuracy': 0.896484375, 'l2_norm': 2.9836275577545166, 'computation_time': 0.04326891899108887, 'batch_time': 0.04632036399561912, 'rtc_check_time': 0.001855298993177712, 'experiment_id': 'exp_20240620_203711', 'client_id': '0'}
[2024-06-20 20:37:52,412][root][INFO] - Added data to batch for client 0: {'round': 3, 'step_no': 196, 'loss': 0.4427255392074585, 'accuracy': 0.8965850472450256, 'l2_norm': 3.02767014503479, 'computation_time': 0.04209184646606445, 'batch_time': 0.04535136531922035, 'rtc_check_time': 0.0020834000024478883, 'experiment_id': 'exp_20240620_203711', 'client_id': '0'}
[2024-06-20 20:37:52,413][root][INFO] - Added data to batch for client 0: {'round': 3, 'step_no': 197, 'loss': 0.3436265289783478, 'accuracy': 0.8966836929321289, 'l2_norm': 3.094266891479492, 'computation_time': 0.04030299186706543, 'batch_time': 0.04818929634348024, 'rtc_check_time': 0.006684198000584729, 'experiment_id': 'exp_20240620_203711', 'client_id': '0'}
[2024-06-20 20:37:52,414][root][INFO] - Added data to batch for client 0: {'round': 3, 'step_no': 198, 'loss': 0.41347596049308777, 'accuracy': 0.8964646458625793, 'l2_norm': 3.1470625400543213, 'computation_time': 0.040895938873291016, 'batch_time': 0.04363922397897113, 'rtc_check_time': 0.0015561990003334358, 'experiment_id': 'exp_20240620_203711', 'client_id': '0'}
[2024-06-20 20:37:52,415][root][INFO] - Added data to batch for client 0: {'round': 3, 'step_no': 199, 'loss': 0.15533815324306488, 'accuracy': 0.8971874713897705, 'l2_norm': 3.161991596221924, 'computation_time': 0.038957834243774414, 'batch_time': 0.04690603453491349, 'rtc_check_time': 0.006850997990113683, 'experiment_id': 'exp_20240620_203711', 'client_id': '0'}
[2024-06-20 20:37:52,416][root][INFO] - Added data to batch for client 0: {'round': 3, 'step_no': 200, 'loss': 0.40177983045578003, 'accuracy': 0.8969678282737732, 'l2_norm': 3.191911458969116, 'computation_time': 0.042166948318481445, 'batch_time': 0.04802274589019362, 'rtc_check_time': 0.004444598002010025, 'experiment_id': 'exp_20240620_203711', 'client_id': '0'}
[2024-06-20 20:37:52,417][root][INFO] - Added data to batch for client 0: {'round': 3, 'step_no': 201, 'loss': 0.39647290110588074, 'accuracy': 0.8970588445663452, 'l2_norm': 3.230137825012207, 'computation_time': 0.049758195877075195, 'batch_time': 0.05250460543902591, 'rtc_check_time': 0.0014815989998169243, 'experiment_id': 'exp_20240620_203711', 'client_id': '0'}
[2024-06-20 20:37:52,418][root][INFO] - Added data to batch for client 0: {'round': 3, 'step_no': 202, 'loss': 0.10220330953598022, 'accuracy': 0.8977548480033875, 'l2_norm': 3.246793031692505, 'computation_time': 0.04751992225646973, 'batch_time': 0.05025932073476724, 'rtc_check_time': 0.0015782999980729073, 'experiment_id': 'exp_20240620_203711', 'client_id': '0'}
[2024-06-20 20:37:52,420][root][INFO] - Added data to batch for client 0: {'round': 3, 'step_no': 203, 'loss': 0.20303964614868164, 'accuracy': 0.8981370329856873, 'l2_norm': 3.2744858264923096, 'computation_time': 0.0428922176361084, 'batch_time': 0.04698353222920559, 'rtc_check_time': 0.0028543990047182888, 'experiment_id': 'exp_20240620_203711', 'client_id': '0'}
[2024-06-20 20:37:52,421][root][INFO] - Added data to batch for client 0: {'round': 3, 'step_no': 204, 'loss': 0.06729989498853683, 'accuracy': 0.898809552192688, 'l2_norm': 3.293262004852295, 'computation_time': 0.0402679443359375, 'batch_time': 0.043369247956434265, 'rtc_check_time': 0.001974298997083679, 'experiment_id': 'exp_20240620_203711', 'client_id': '0'}
[2024-06-20 20:37:52,422][root][INFO] - Added data to batch for client 0: {'round': 3, 'step_no': 205, 'loss': 0.4041783809661865, 'accuracy': 0.8982900977134705, 'l2_norm': 3.331281900405884, 'computation_time': 0.04163408279418945, 'batch_time': 0.045640101554454304, 'rtc_check_time': 0.0026641989970812574, 'experiment_id': 'exp_20240620_203711', 'client_id': '0'}
[2024-06-20 20:37:52,423][root][INFO] - Added data to batch for client 0: {'round': 3, 'step_no': 206, 'loss': 0.628532886505127, 'accuracy': 0.8980724215507507, 'l2_norm': 3.4021692276000977, 'computation_time': 0.042791128158569336, 'batch_time': 0.046546127312467434, 'rtc_check_time': 0.002603198998258449, 'experiment_id': 'exp_20240620_203711', 'client_id': '0'}
[2024-06-20 20:37:52,424][root][INFO] - Added data to batch for client 0: {'round': 3, 'step_no': 207, 'loss': 0.39667797088623047, 'accuracy': 0.8975694179534912, 'l2_norm': 3.4565932750701904, 'computation_time': 0.042304039001464844, 'batch_time': 0.0448716901591979, 'rtc_check_time': 0.0014055990031920373, 'experiment_id': 'exp_20240620_203711', 'client_id': '0'}
[2024-06-20 20:37:52,425][root][INFO] - Added data to batch for client 0: {'round': 3, 'step_no': 208, 'loss': 0.3169824182987213, 'accuracy': 0.8976491093635559, 'l2_norm': 3.4861626625061035, 'computation_time': 0.04072999954223633, 'batch_time': 0.045933534507639706, 'rtc_check_time': 0.003951599006541073, 'experiment_id': 'exp_20240620_203711', 'client_id': '0'}
[2024-06-20 20:37:52,426][root][INFO] - Added data to batch for client 0: {'round': 3, 'step_no': 209, 'loss': 0.39955663681030273, 'accuracy': 0.8971590995788574, 'l2_norm': 3.530677080154419, 'computation_time': 0.04142189025878906, 'batch_time': 0.0450705764524173, 'rtc_check_time': 0.0024193999997805804, 'experiment_id': 'exp_20240620_203711', 'client_id': '0'}
[2024-06-20 20:37:52,427][root][INFO] - Added data to batch for client 0: {'round': 3, 'step_no': 210, 'loss': 0.2622954845428467, 'accuracy': 0.897522509098053, 'l2_norm': 3.57761812210083, 'computation_time': 0.04021096229553223, 'batch_time': 0.04332988311944064, 'rtc_check_time': 0.0018738990038400516, 'experiment_id': 'exp_20240620_203711', 'client_id': '0'}
[2024-06-20 20:37:52,428][root][INFO] - Added data to batch for client 0: {'round': 3, 'step_no': 211, 'loss': 0.0860150158405304, 'accuracy': 0.8984375, 'l2_norm': 3.610408306121826, 'computation_time': 0.04148292541503906, 'batch_time': 0.04758512783155311, 'rtc_check_time': 0.0050111989985452965, 'experiment_id': 'exp_20240620_203711', 'client_id': '0'}
[2024-06-20 20:37:52,429][root][INFO] - Added data to batch for client 0: {'round': 3, 'step_no': 212, 'loss': 0.2699763774871826, 'accuracy': 0.8985066413879395, 'l2_norm': 3.7238051891326904, 'computation_time': 0.04651618003845215, 'batch_time': 0.05023356979654636, 'rtc_check_time': 0.001659599001868628, 'experiment_id': 'exp_20240620_203711', 'client_id': '0'}
[2024-06-20 20:37:52,430][root][INFO] - Added data to batch for client 0: {'round': 3, 'step_no': 213, 'loss': 0.44215649366378784, 'accuracy': 0.8983004093170166, 'l2_norm': 3.752162456512451, 'computation_time': 0.050508975982666016, 'batch_time': 0.05403527762973681, 'rtc_check_time': 0.0022602989920414984, 'experiment_id': 'exp_20240620_203711', 'client_id': '0'}
[2024-06-20 20:37:52,431][root][INFO] - Added data to batch for client 0: {'round': 3, 'step_no': 214, 'loss': 0.3480689525604248, 'accuracy': 0.898097813129425, 'l2_norm': 3.842366933822632, 'computation_time': 0.0466310977935791, 'batch_time': 0.05070466014149133, 'rtc_check_time': 0.0024186989903682843, 'experiment_id': 'exp_20240620_203711', 'client_id': '0'}
[2024-06-20 20:37:52,432][root][INFO] - Added data to batch for client 0: {'round': 3, 'step_no': 215, 'loss': 0.15169388055801392, 'accuracy': 0.8984375, 'l2_norm': 3.888345241546631, 'computation_time': 0.05134701728820801, 'batch_time': 0.05452666844939813, 'rtc_check_time': 0.0020175990066491067, 'experiment_id': 'exp_20240620_203711', 'client_id': '0'}
[2024-06-20 20:37:52,433][root][INFO] - Added data to batch for client 0: {'round': 3, 'step_no': 216, 'loss': 0.20945905148983002, 'accuracy': 0.898771345615387, 'l2_norm': 3.9469871520996094, 'computation_time': 0.04517078399658203, 'batch_time': 0.05355521490855608, 'rtc_check_time': 0.005829298999742605, 'experiment_id': 'exp_20240620_203711', 'client_id': '0'}
[2024-06-20 20:37:52,434][root][INFO] - Added data to batch for client 0: {'round': 3, 'step_no': 217, 'loss': 0.20117256045341492, 'accuracy': 0.899099588394165, 'l2_norm': 3.9780452251434326, 'computation_time': 0.053762197494506836, 'batch_time': 0.06443008428323083, 'rtc_check_time': 0.008471098000882193, 'experiment_id': 'exp_20240620_203711', 'client_id': '0'}
[2024-06-20 20:37:52,435][root][INFO] - Added data to batch for client 0: {'round': 3, 'step_no': 218, 'loss': 0.18035240471363068, 'accuracy': 0.899422287940979, 'l2_norm': 4.013294219970703, 'computation_time': 0.049685001373291016, 'batch_time': 0.052739100297912955, 'rtc_check_time': 0.0016820000018924475, 'experiment_id': 'exp_20240620_203711', 'client_id': '0'}
[2024-06-20 20:37:52,436][root][INFO] - Added data to batch for client 0: {'round': 3, 'step_no': 219, 'loss': 0.18888238072395325, 'accuracy': 0.8997395634651184, 'l2_norm': 4.060824394226074, 'computation_time': 0.04899001121520996, 'batch_time': 0.05154854356078431, 'rtc_check_time': 0.0014146000030450523, 'experiment_id': 'exp_20240620_203711', 'client_id': '0'}
[2024-06-20 20:37:52,437][root][INFO] - Added data to batch for client 0: {'round': 3, 'step_no': 220, 'loss': 0.3668101727962494, 'accuracy': 0.9000516533851624, 'l2_norm': 4.148126125335693, 'computation_time': 0.044483184814453125, 'batch_time': 0.047295854732510634, 'rtc_check_time': 0.00153570000838954, 'experiment_id': 'exp_20240620_203711', 'client_id': '0'}
[2024-06-20 20:37:52,438][root][INFO] - Added data to batch for client 0: {'round': 3, 'step_no': 221, 'loss': 0.32258981466293335, 'accuracy': 0.900102436542511, 'l2_norm': 4.167039394378662, 'computation_time': 0.0478968620300293, 'batch_time': 0.05092228011926636, 'rtc_check_time': 0.001466399000491947, 'experiment_id': 'exp_20240620_203711', 'client_id': '0'}
[2024-06-20 20:37:52,439][root][INFO] - Added data to batch for client 0: {'round': 3, 'step_no': 222, 'loss': 0.4225919246673584, 'accuracy': 0.9004064798355103, 'l2_norm': 4.257788181304932, 'computation_time': 0.04143810272216797, 'batch_time': 0.0475813574885251, 'rtc_check_time': 0.004873198995483108, 'experiment_id': 'exp_20240620_203711', 'client_id': '0'}
[2024-06-20 20:37:52,440][root][INFO] - Added data to batch for client 0: {'round': 3, 'step_no': 223, 'loss': 0.115996815264225, 'accuracy': 0.9009576439857483, 'l2_norm': 4.259969711303711, 'computation_time': 0.03970599174499512, 'batch_time': 0.042236459092237055, 'rtc_check_time': 0.0014582989970222116, 'experiment_id': 'exp_20240620_203711', 'client_id': '0'}
[2024-06-20 20:37:52,441][root][INFO] - Added data to batch for client 0: {'round': 3, 'step_no': 224, 'loss': 0.3360026478767395, 'accuracy': 0.9010000228881836, 'l2_norm': 4.343837738037109, 'computation_time': 0.038530826568603516, 'batch_time': 0.044910787415574305, 'rtc_check_time': 0.005234597992966883, 'experiment_id': 'exp_20240620_203711', 'client_id': '0'}
[2024-06-20 20:37:52,442][root][INFO] - Added data to batch for client 0: {'round': 3, 'step_no': 225, 'loss': 0.16220492124557495, 'accuracy': 0.9015377163887024, 'l2_norm': 4.356751441955566, 'computation_time': 0.0415959358215332, 'batch_time': 0.045679271657718346, 'rtc_check_time': 0.002409398992313072, 'experiment_id': 'exp_20240620_203711', 'client_id': '0'}
[2024-06-20 20:37:52,443][root][INFO] - Added data to batch for client 0: {'round': 3, 'step_no': 226, 'loss': 0.3726559281349182, 'accuracy': 0.9013287425041199, 'l2_norm': 4.41023588180542, 'computation_time': 0.04494500160217285, 'batch_time': 0.0473565852153115, 'rtc_check_time': 0.0013387000071816146, 'experiment_id': 'exp_20240620_203711', 'client_id': '0'}
[2024-06-20 20:37:52,444][root][INFO] - Added data to batch for client 0: {'round': 3, 'step_no': 227, 'loss': 0.2766934335231781, 'accuracy': 0.901611328125, 'l2_norm': 4.458392143249512, 'computation_time': 0.03986406326293945, 'batch_time': 0.04438280205067713, 'rtc_check_time': 0.003330699008074589, 'experiment_id': 'exp_20240620_203711', 'client_id': '0'}
[2024-06-20 20:37:52,445][root][INFO] - Added data to batch for client 0: {'round': 3, 'step_no': 228, 'loss': 0.2977633774280548, 'accuracy': 0.9014050364494324, 'l2_norm': 4.525722026824951, 'computation_time': 0.039954185485839844, 'batch_time': 0.04339303569577169, 'rtc_check_time': 0.002394099996308796, 'experiment_id': 'exp_20240620_203711', 'client_id': '0'}
[2024-06-20 20:37:52,446][root][INFO] - Added data to batch for client 0: {'round': 3, 'step_no': 229, 'loss': 0.15623775124549866, 'accuracy': 0.901442289352417, 'l2_norm': 4.55344820022583, 'computation_time': 0.0411829948425293, 'batch_time': 0.04424083256162703, 'rtc_check_time': 0.0017729999963194132, 'experiment_id': 'exp_20240620_203711', 'client_id': '0'}
[2024-06-20 20:37:52,447][root][INFO] - Added data to batch for client 0: {'round': 3, 'step_no': 230, 'loss': 0.07261615991592407, 'accuracy': 0.9021946787834167, 'l2_norm': 4.581075191497803, 'computation_time': 0.039891958236694336, 'batch_time': 0.04637974298384506, 'rtc_check_time': 0.005261597994831391, 'experiment_id': 'exp_20240620_203711', 'client_id': '0'}
[2024-06-20 20:37:52,448][root][INFO] - Added data to batch for client 0: {'round': 3, 'step_no': 231, 'loss': 0.1466768980026245, 'accuracy': 0.9022253751754761, 'l2_norm': 4.652122497558594, 'computation_time': 0.04074597358703613, 'batch_time': 0.04719004149956163, 'rtc_check_time': 0.005374999003834091, 'experiment_id': 'exp_20240620_203711', 'client_id': '0'}
[2024-06-20 20:37:52,449][root][INFO] - Added data to batch for client 0: {'round': 3, 'step_no': 232, 'loss': 0.1475663185119629, 'accuracy': 0.9024906158447266, 'l2_norm': 4.716182708740234, 'computation_time': 0.04243803024291992, 'batch_time': 0.04510785755701363, 'rtc_check_time': 0.0014979999978095293, 'experiment_id': 'exp_20240620_203711', 'client_id': '0'}
[2024-06-20 20:37:52,450][root][INFO] - Added data to batch for client 0: {'round': 3, 'step_no': 233, 'loss': 0.2869473099708557, 'accuracy': 0.902518630027771, 'l2_norm': 4.842909812927246, 'computation_time': 0.04520916938781738, 'batch_time': 0.049706052435794845, 'rtc_check_time': 0.0032129989995155483, 'experiment_id': 'exp_20240620_203711', 'client_id': '0'}
[2024-06-20 20:37:52,451][root][INFO] - Added data to batch for client 0: {'round': 3, 'step_no': 234, 'loss': 0.4041902720928192, 'accuracy': 0.9023148417472839, 'l2_norm': 4.827624320983887, 'computation_time': 0.04955792427062988, 'batch_time': 0.052097182866418734, 'rtc_check_time': 0.0015410000050906092, 'experiment_id': 'exp_20240620_203711', 'client_id': '0'}
[2024-06-20 20:37:52,452][root][INFO] - Added data to batch for client 0: {'round': 3, 'step_no': 235, 'loss': 0.1599315106868744, 'accuracy': 0.9025735259056091, 'l2_norm': 4.868106365203857, 'computation_time': 0.04872608184814453, 'batch_time': 0.05169416106946301, 'rtc_check_time': 0.0018281999946339056, 'experiment_id': 'exp_20240620_203711', 'client_id': '0'}
[2024-06-20 20:37:52,453][root][INFO] - Added data to batch for client 0: {'round': 3, 'step_no': 236, 'loss': 0.2605491578578949, 'accuracy': 0.9028284549713135, 'l2_norm': 4.93589973449707, 'computation_time': 0.041311025619506836, 'batch_time': 0.043771860786364414, 'rtc_check_time': 0.0013807990035274997, 'experiment_id': 'exp_20240620_203711', 'client_id': '0'}
[2024-06-20 20:37:52,454][root][INFO] - Added data to batch for client 0: {'round': 3, 'step_no': 237, 'loss': 0.24139541387557983, 'accuracy': 0.9030796885490417, 'l2_norm': 4.981254577636719, 'computation_time': 0.04098200798034668, 'batch_time': 0.04405571325332858, 'rtc_check_time': 0.0016996990016195923, 'experiment_id': 'exp_20240620_203711', 'client_id': '0'}
[2024-06-20 20:37:52,454][root][INFO] - Added batch data list for client 0. New Data Added: 138
[2024-06-20 20:37:52,457][root][INFO] - Batch data saved to /home/psklavos/fl/geom_aio/csv_logs/exp_20240620_203711/clients/client_0/batch.csv
[2024-06-20 20:37:52,457][root][INFO] - Appended data to last row of column distributed_loss in server data for client None
[2024-06-20 20:37:52,458][root][INFO] - Appended data to last row of column distributed_acc in server data for client None
[2024-06-20 20:37:52,458][root][INFO] - Appended {'distributed_loss': 0.2079603224992752, 'distributed_acc': 0.937166670958201} to the last row of server data
[2024-06-20 20:37:52,458][root][INFO] - Server data saved to /home/psklavos/fl/geom_aio/csv_logs/exp_20240620_203711/server/server.csv
[2024-06-20 20:37:56,821][flwr][DEBUG] - fit_round 4: strategy sampled 3 clients (out of 3)
[2024-06-20 20:38:06,211][flwr][DEBUG] - fit_round 4 received 3 results and 0 failures
[2024-06-20 20:38:06,218][root][INFO] - Added data to server for client None: {'round': 4, 'average_norm': 5.010250886281331, 'round_time': 10.433055699539674, 'average_downlink_time': 0.5235694493333334, 'average_rtc_check_time': 0.6373179970299437, 'average_uplink_time': 0.5071108823333333, 'average_computation_time': 8.137441635131836, 'average_communication_time': 1.6679983286966105, 'average_fit_time': 9.370730002721151, 'average_throughput': 4.4166289620901, 'dropouts': 0, 'experiment_id': 'exp_20240620_203711'}
[2024-06-20 20:38:06,218][root][INFO] - Added server data: {'round': 4, 'average_norm': 5.010250886281331, 'round_time': 10.433055699539674, 'average_downlink_time': 0.5235694493333334, 'average_rtc_check_time': 0.6373179970299437, 'average_uplink_time': 0.5071108823333333, 'average_computation_time': 8.137441635131836, 'average_communication_time': 1.6679983286966105, 'average_fit_time': 9.370730002721151, 'average_throughput': 4.4166289620901, 'dropouts': 0, 'experiment_id': 'exp_20240620_203711'}
[2024-06-20 20:38:06,280][utils.model][INFO] - LeNet model built
[2024-06-20 20:38:06,406][utils.model][INFO] - Size of serialized model: 279.0341796875 kbytes
[2024-06-20 20:38:06,462][utils.model][INFO] - Step 1/40 - val_loss: 0.0712 - val_accuracy: 0.9805
[2024-06-20 20:38:06,483][utils.model][INFO] - Step 2/40 - val_loss: 0.1253 - val_accuracy: 0.9570
[2024-06-20 20:38:06,502][utils.model][INFO] - Step 3/40 - val_loss: 0.1289 - val_accuracy: 0.9531
[2024-06-20 20:38:06,522][utils.model][INFO] - Step 4/40 - val_loss: 0.1306 - val_accuracy: 0.9541
[2024-06-20 20:38:06,542][utils.model][INFO] - Step 5/40 - val_loss: 0.1448 - val_accuracy: 0.9523
[2024-06-20 20:38:06,562][utils.model][INFO] - Step 6/40 - val_loss: 0.1495 - val_accuracy: 0.9518
[2024-06-20 20:38:06,581][utils.model][INFO] - Step 7/40 - val_loss: 0.1604 - val_accuracy: 0.9481
[2024-06-20 20:38:06,599][utils.model][INFO] - Step 8/40 - val_loss: 0.1637 - val_accuracy: 0.9473
[2024-06-20 20:38:06,619][utils.model][INFO] - Step 9/40 - val_loss: 0.1689 - val_accuracy: 0.9449
[2024-06-20 20:38:06,638][utils.model][INFO] - Step 10/40 - val_loss: 0.1635 - val_accuracy: 0.9469
[2024-06-20 20:38:06,661][utils.model][INFO] - Step 11/40 - val_loss: 0.1582 - val_accuracy: 0.9489
[2024-06-20 20:38:06,680][utils.model][INFO] - Step 12/40 - val_loss: 0.1576 - val_accuracy: 0.9489
[2024-06-20 20:38:06,700][utils.model][INFO] - Step 13/40 - val_loss: 0.1550 - val_accuracy: 0.9495
[2024-06-20 20:38:06,720][utils.model][INFO] - Step 14/40 - val_loss: 0.1554 - val_accuracy: 0.9498
[2024-06-20 20:38:06,739][utils.model][INFO] - Step 15/40 - val_loss: 0.1580 - val_accuracy: 0.9500
[2024-06-20 20:38:06,757][utils.model][INFO] - Step 16/40 - val_loss: 0.1599 - val_accuracy: 0.9497
[2024-06-20 20:38:06,774][utils.model][INFO] - Step 17/40 - val_loss: 0.1625 - val_accuracy: 0.9492
[2024-06-20 20:38:06,795][utils.model][INFO] - Step 18/40 - val_loss: 0.1639 - val_accuracy: 0.9486
[2024-06-20 20:38:06,815][utils.model][INFO] - Step 19/40 - val_loss: 0.1645 - val_accuracy: 0.9484
[2024-06-20 20:38:06,833][utils.model][INFO] - Step 20/40 - val_loss: 0.1613 - val_accuracy: 0.9500
[2024-06-20 20:38:06,852][utils.model][INFO] - Step 21/40 - val_loss: 0.1562 - val_accuracy: 0.9513
[2024-06-20 20:38:06,871][utils.model][INFO] - Step 22/40 - val_loss: 0.1507 - val_accuracy: 0.9529
[2024-06-20 20:38:06,891][utils.model][INFO] - Step 23/40 - val_loss: 0.1488 - val_accuracy: 0.9535
[2024-06-20 20:38:06,910][utils.model][INFO] - Step 24/40 - val_loss: 0.1491 - val_accuracy: 0.9533
[2024-06-20 20:38:06,929][utils.model][INFO] - Step 25/40 - val_loss: 0.1449 - val_accuracy: 0.9545
[2024-06-20 20:38:06,948][utils.model][INFO] - Step 26/40 - val_loss: 0.1463 - val_accuracy: 0.9546
[2024-06-20 20:38:06,965][utils.model][INFO] - Step 27/40 - val_loss: 0.1435 - val_accuracy: 0.9556
[2024-06-20 20:38:06,983][utils.model][INFO] - Step 28/40 - val_loss: 0.1400 - val_accuracy: 0.9565
[2024-06-20 20:38:07,002][utils.model][INFO] - Step 29/40 - val_loss: 0.1366 - val_accuracy: 0.9576
[2024-06-20 20:38:07,021][utils.model][INFO] - Step 30/40 - val_loss: 0.1345 - val_accuracy: 0.9583
[2024-06-20 20:38:07,039][utils.model][INFO] - Step 31/40 - val_loss: 0.1316 - val_accuracy: 0.9594
[2024-06-20 20:38:07,057][utils.model][INFO] - Step 32/40 - val_loss: 0.1291 - val_accuracy: 0.9604
[2024-06-20 20:38:07,076][utils.model][INFO] - Step 33/40 - val_loss: 0.1266 - val_accuracy: 0.9612
[2024-06-20 20:38:07,095][utils.model][INFO] - Step 34/40 - val_loss: 0.1235 - val_accuracy: 0.9622
[2024-06-20 20:38:07,113][utils.model][INFO] - Step 35/40 - val_loss: 0.1201 - val_accuracy: 0.9633
[2024-06-20 20:38:07,132][utils.model][INFO] - Step 36/40 - val_loss: 0.1189 - val_accuracy: 0.9637
[2024-06-20 20:38:07,150][utils.model][INFO] - Step 37/40 - val_loss: 0.1165 - val_accuracy: 0.9643
[2024-06-20 20:38:07,167][utils.model][INFO] - Step 38/40 - val_loss: 0.1162 - val_accuracy: 0.9642
[2024-06-20 20:38:07,186][utils.model][INFO] - Step 39/40 - val_loss: 0.1191 - val_accuracy: 0.9632
[2024-06-20 20:38:07,195][utils.model][INFO] - Step 40/40 - val_loss: 0.1166 - val_accuracy: 0.9633
[2024-06-20 20:38:07,197][utils.model][INFO] - Evaluation Results - Val Loss: 0.1166, Val Accuracy: 0.9633 in 40 steps
[2024-06-20 20:38:07,199][root][INFO] - Appended data to last row of column centralized_loss in server data for client None
[2024-06-20 20:38:07,199][root][INFO] - Appended data to last row of column centralized_acc in server data for client None
[2024-06-20 20:38:07,199][root][INFO] - Appended {'centralized_loss': 0.116592586, 'centralized_acc': 0.9633} to the last row of server data
[2024-06-20 20:38:07,199][flwr][INFO] - fit progress: (4, 0.116592586, {'accuracy': 0.9633}, 45.6707013569976)
[2024-06-20 20:38:07,199][flwr][DEBUG] - evaluate_round 4: strategy sampled 3 clients (out of 3)
[2024-06-20 20:38:07,807][flwr][DEBUG] - evaluate_round 4 received 3 results and 0 failures
[2024-06-20 20:38:07,809][root][INFO] - Added data to epoch for client 0: {'round': 4, 'epoch_steps': 177, 'total_steps': 414, 'l2_norm': 4.806151866912842, 'total_computation_time': 8.17180848121643, 'total_rtc_check_time': 0.5955503739678534, 'total_duration': 9.371483087539673, 'val_loss': 0.13097862899303436, 'val_accuracy': 0.9539999961853027, 'experiment_id': 'exp_20240620_203711', 'client_id': '0'}
[2024-06-20 20:38:07,809][root][INFO] - Added epoch data for client 0: {'round': 4, 'epoch_steps': 177, 'total_steps': 414, 'l2_norm': 4.806151866912842, 'total_computation_time': 8.17180848121643, 'total_rtc_check_time': 0.5955503739678534, 'total_duration': 9.371483087539673, 'val_loss': 0.13097862899303436, 'val_accuracy': 0.9539999961853027, 'experiment_id': 'exp_20240620_203711', 'client_id': '0'}
[2024-06-20 20:38:07,811][root][INFO] - Epoch data saved to /home/psklavos/fl/geom_aio/csv_logs/exp_20240620_203711/clients/client_0/epoch.csv
[2024-06-20 20:38:07,812][root][INFO] - Added data to batch for client 0: {'round': 4, 'step_no': 238, 'loss': 0.2644566297531128, 'accuracy': 0.84375, 'l2_norm': 0.043535951524972916, 'computation_time': 0.05175280570983887, 'batch_time': 0.06697177865135018, 'rtc_check_time': 0.013158797999494709, 'experiment_id': 'exp_20240620_203711', 'client_id': '0'}
[2024-06-20 20:38:07,813][root][INFO] - Added data to batch for client 0: {'round': 4, 'step_no': 239, 'loss': 0.12102577090263367, 'accuracy': 0.90625, 'l2_norm': 0.046091701835393906, 'computation_time': 0.07397699356079102, 'batch_time': 0.07817435801553074, 'rtc_check_time': 0.0022924000077182427, 'experiment_id': 'exp_20240620_203711', 'client_id': '0'}
[2024-06-20 20:38:07,814][root][INFO] - Added data to batch for client 0: {'round': 4, 'step_no': 240, 'loss': 0.25612664222717285, 'accuracy': 0.90625, 'l2_norm': 0.09483154118061066, 'computation_time': 0.05526399612426758, 'batch_time': 0.061632426382857375, 'rtc_check_time': 0.004663498999434523, 'experiment_id': 'exp_20240620_203711', 'client_id': '0'}
[2024-06-20 20:38:07,816][root][INFO] - Added data to batch for client 0: {'round': 4, 'step_no': 241, 'loss': 0.381156861782074, 'accuracy': 0.890625, 'l2_norm': 0.11108081042766571, 'computation_time': 0.057990074157714844, 'batch_time': 0.06117640879529063, 'rtc_check_time': 0.001756300000124611, 'experiment_id': 'exp_20240620_203711', 'client_id': '0'}
[2024-06-20 20:38:07,818][root][INFO] - Added data to batch for client 0: {'round': 4, 'step_no': 242, 'loss': 0.41790181398391724, 'accuracy': 0.8999999761581421, 'l2_norm': 0.13354498147964478, 'computation_time': 0.04987597465515137, 'batch_time': 0.05326681946462486, 'rtc_check_time': 0.0020227990025887266, 'experiment_id': 'exp_20240620_203711', 'client_id': '0'}
[2024-06-20 20:38:07,819][root][INFO] - Added data to batch for client 0: {'round': 4, 'step_no': 243, 'loss': 0.16244468092918396, 'accuracy': 0.90625, 'l2_norm': 0.14345601201057434, 'computation_time': 0.06627416610717773, 'batch_time': 0.07122995831014123, 'rtc_check_time': 0.0024791000032564625, 'experiment_id': 'exp_20240620_203711', 'client_id': '0'}
[2024-06-20 20:38:07,820][root][INFO] - Added data to batch for client 0: {'round': 4, 'step_no': 244, 'loss': 0.1249055415391922, 'accuracy': 0.9151785969734192, 'l2_norm': 0.1539207100868225, 'computation_time': 0.05779695510864258, 'batch_time': 0.061367568821879104, 'rtc_check_time': 0.0019445990037638694, 'experiment_id': 'exp_20240620_203711', 'client_id': '0'}
[2024-06-20 20:38:07,821][root][INFO] - Added data to batch for client 0: {'round': 4, 'step_no': 245, 'loss': 0.12983588874340057, 'accuracy': 0.921875, 'l2_norm': 0.16422656178474426, 'computation_time': 0.051386117935180664, 'batch_time': 0.05656848961370997, 'rtc_check_time': 0.0036645990039687604, 'experiment_id': 'exp_20240620_203711', 'client_id': '0'}
[2024-06-20 20:38:07,822][root][INFO] - Added data to batch for client 0: {'round': 4, 'step_no': 246, 'loss': 0.18054088950157166, 'accuracy': 0.9236111044883728, 'l2_norm': 0.20278915762901306, 'computation_time': 0.049330949783325195, 'batch_time': 0.057380144848139025, 'rtc_check_time': 0.00675219799450133, 'experiment_id': 'exp_20240620_203711', 'client_id': '0'}
[2024-06-20 20:38:07,823][root][INFO] - Added data to batch for client 0: {'round': 4, 'step_no': 247, 'loss': 0.2367890179157257, 'accuracy': 0.9281250238418579, 'l2_norm': 0.22070929408073425, 'computation_time': 0.05419301986694336, 'batch_time': 0.06271250621648505, 'rtc_check_time': 0.006741599005181342, 'experiment_id': 'exp_20240620_203711', 'client_id': '0'}
[2024-06-20 20:38:07,824][root][INFO] - Added data to batch for client 0: {'round': 4, 'step_no': 248, 'loss': 0.22234122455120087, 'accuracy': 0.9261363744735718, 'l2_norm': 0.22810333967208862, 'computation_time': 0.054585933685302734, 'batch_time': 0.05985768881510012, 'rtc_check_time': 0.0032296999997925013, 'experiment_id': 'exp_20240620_203711', 'client_id': '0'}
[2024-06-20 20:38:07,826][root][INFO] - Added data to batch for client 0: {'round': 4, 'step_no': 249, 'loss': 0.07681997120380402, 'accuracy': 0.9322916865348816, 'l2_norm': 0.23649343848228455, 'computation_time': 0.05712699890136719, 'batch_time': 0.06525506889738608, 'rtc_check_time': 0.006600998996873386, 'experiment_id': 'exp_20240620_203711', 'client_id': '0'}
[2024-06-20 20:38:07,827][root][INFO] - Added data to batch for client 0: {'round': 4, 'step_no': 250, 'loss': 0.1492951363325119, 'accuracy': 0.9302884340286255, 'l2_norm': 0.27406564354896545, 'computation_time': 0.0522770881652832, 'batch_time': 0.05535845347912982, 'rtc_check_time': 0.0015654999879188836, 'experiment_id': 'exp_20240620_203711', 'client_id': '0'}
[2024-06-20 20:38:07,828][root][INFO] - Added data to batch for client 0: {'round': 4, 'step_no': 251, 'loss': 0.08679819852113724, 'accuracy': 0.9330357313156128, 'l2_norm': 0.2722293436527252, 'computation_time': 0.05518603324890137, 'batch_time': 0.06615608834545128, 'rtc_check_time': 0.009066997998161241, 'experiment_id': 'exp_20240620_203711', 'client_id': '0'}
[2024-06-20 20:38:07,829][root][INFO] - Added data to batch for client 0: {'round': 4, 'step_no': 252, 'loss': 0.30705127120018005, 'accuracy': 0.9333333373069763, 'l2_norm': 0.28613585233688354, 'computation_time': 0.06606197357177734, 'batch_time': 0.0703677854326088, 'rtc_check_time': 0.0027548990037757903, 'experiment_id': 'exp_20240620_203711', 'client_id': '0'}
[2024-06-20 20:38:07,830][root][INFO] - Added data to batch for client 0: {'round': 4, 'step_no': 253, 'loss': 0.09546492993831635, 'accuracy': 0.935546875, 'l2_norm': 0.30183759331703186, 'computation_time': 0.07022213935852051, 'batch_time': 0.08780325800762512, 'rtc_check_time': 0.015609396999934688, 'experiment_id': 'exp_20240620_203711', 'client_id': '0'}
[2024-06-20 20:38:07,831][root][INFO] - Added data to batch for client 0: {'round': 4, 'step_no': 254, 'loss': 0.20402799546718597, 'accuracy': 0.9338235259056091, 'l2_norm': 0.3204236924648285, 'computation_time': 0.06147408485412598, 'batch_time': 0.0695146929792827, 'rtc_check_time': 0.006383599000400864, 'experiment_id': 'exp_20240620_203711', 'client_id': '0'}
[2024-06-20 20:38:07,832][root][INFO] - Added data to batch for client 0: {'round': 4, 'step_no': 255, 'loss': 0.30939194560050964, 'accuracy': 0.9322916865348816, 'l2_norm': 0.33765360713005066, 'computation_time': 0.0995640754699707, 'batch_time': 0.10602820146596059, 'rtc_check_time': 0.0049062990001402795, 'experiment_id': 'exp_20240620_203711', 'client_id': '0'}
[2024-06-20 20:38:07,833][root][INFO] - Added data to batch for client 0: {'round': 4, 'step_no': 256, 'loss': 0.17917457222938538, 'accuracy': 0.9342105388641357, 'l2_norm': 0.3631598651409149, 'computation_time': 0.05445289611816406, 'batch_time': 0.0575121320434846, 'rtc_check_time': 0.0015509999939240515, 'experiment_id': 'exp_20240620_203711', 'client_id': '0'}
[2024-06-20 20:38:07,834][root][INFO] - Added data to batch for client 0: {'round': 4, 'step_no': 257, 'loss': 0.2789607346057892, 'accuracy': 0.9312499761581421, 'l2_norm': 0.40211617946624756, 'computation_time': 0.04912900924682617, 'batch_time': 0.05451453840942122, 'rtc_check_time': 0.003930698992917314, 'experiment_id': 'exp_20240620_203711', 'client_id': '0'}
[2024-06-20 20:38:07,835][root][INFO] - Added data to batch for client 0: {'round': 4, 'step_no': 258, 'loss': 0.17464691400527954, 'accuracy': 0.9330357313156128, 'l2_norm': 0.39566028118133545, 'computation_time': 0.057129859924316406, 'batch_time': 0.0601410564413527, 'rtc_check_time': 0.0017111000051954761, 'experiment_id': 'exp_20240620_203711', 'client_id': '0'}
[2024-06-20 20:38:07,837][root][INFO] - Added data to batch for client 0: {'round': 4, 'step_no': 259, 'loss': 0.3827005922794342, 'accuracy': 0.9275568127632141, 'l2_norm': 0.4385463297367096, 'computation_time': 0.05305910110473633, 'batch_time': 0.06365205218025949, 'rtc_check_time': 0.009265198008506559, 'experiment_id': 'exp_20240620_203711', 'client_id': '0'}
[2024-06-20 20:38:07,838][root][INFO] - Added data to batch for client 0: {'round': 4, 'step_no': 260, 'loss': 0.27112525701522827, 'accuracy': 0.92798912525177, 'l2_norm': 0.4298613369464874, 'computation_time': 0.05341506004333496, 'batch_time': 0.05742467277741525, 'rtc_check_time': 0.002244599992991425, 'experiment_id': 'exp_20240620_203711', 'client_id': '0'}
[2024-06-20 20:38:07,840][root][INFO] - Added data to batch for client 0: {'round': 4, 'step_no': 261, 'loss': 0.286192923784256, 'accuracy': 0.92578125, 'l2_norm': 0.5082907676696777, 'computation_time': 0.0612640380859375, 'batch_time': 0.06695042057253886, 'rtc_check_time': 0.004399398996611126, 'experiment_id': 'exp_20240620_203711', 'client_id': '0'}
[2024-06-20 20:38:07,841][root][INFO] - Added data to batch for client 0: {'round': 4, 'step_no': 262, 'loss': 0.3721596598625183, 'accuracy': 0.9237499833106995, 'l2_norm': 0.5013502240180969, 'computation_time': 0.06362390518188477, 'batch_time': 0.07216900856292341, 'rtc_check_time': 0.006989898989559151, 'experiment_id': 'exp_20240620_203711', 'client_id': '0'}
[2024-06-20 20:38:07,843][root][INFO] - Added data to batch for client 0: {'round': 4, 'step_no': 263, 'loss': 0.18687359988689423, 'accuracy': 0.9242788553237915, 'l2_norm': 0.5326154232025146, 'computation_time': 0.060575008392333984, 'batch_time': 0.07394339611346368, 'rtc_check_time': 0.011865396998473443, 'experiment_id': 'exp_20240620_203711', 'client_id': '0'}
[2024-06-20 20:38:07,844][root][INFO] - Added data to batch for client 0: {'round': 4, 'step_no': 264, 'loss': 0.3216203451156616, 'accuracy': 0.9236111044883728, 'l2_norm': 0.5413657426834106, 'computation_time': 0.05064797401428223, 'batch_time': 0.05465287163679022, 'rtc_check_time': 0.002710999993723817, 'experiment_id': 'exp_20240620_203711', 'client_id': '0'}
[2024-06-20 20:38:07,845][root][INFO] - Added data to batch for client 0: {'round': 4, 'step_no': 265, 'loss': 0.293832004070282, 'accuracy': 0.9229910969734192, 'l2_norm': 0.5534161925315857, 'computation_time': 0.05163407325744629, 'batch_time': 0.05670561500301119, 'rtc_check_time': 0.003814598996541463, 'experiment_id': 'exp_20240620_203711', 'client_id': '0'}
[2024-06-20 20:38:07,846][root][INFO] - Added data to batch for client 0: {'round': 4, 'step_no': 266, 'loss': 0.06779104471206665, 'accuracy': 0.9256465435028076, 'l2_norm': 0.5522150993347168, 'computation_time': 0.04865694046020508, 'batch_time': 0.05242459449800663, 'rtc_check_time': 0.001975699997274205, 'experiment_id': 'exp_20240620_203711', 'client_id': '0'}
[2024-06-20 20:38:07,847][root][INFO] - Added data to batch for client 0: {'round': 4, 'step_no': 267, 'loss': 0.35035619139671326, 'accuracy': 0.9229166507720947, 'l2_norm': 0.6091789603233337, 'computation_time': 0.05017900466918945, 'batch_time': 0.056433766876580194, 'rtc_check_time': 0.004940598999382928, 'experiment_id': 'exp_20240620_203711', 'client_id': '0'}
[2024-06-20 20:38:07,848][root][INFO] - Added data to batch for client 0: {'round': 4, 'step_no': 268, 'loss': 0.2228596955537796, 'accuracy': 0.9213709831237793, 'l2_norm': 0.6241887807846069, 'computation_time': 0.04460310935974121, 'batch_time': 0.04889136271958705, 'rtc_check_time': 0.003090199999860488, 'experiment_id': 'exp_20240620_203711', 'client_id': '0'}
[2024-06-20 20:38:07,850][root][INFO] - Added data to batch for client 0: {'round': 4, 'step_no': 269, 'loss': 0.204424187541008, 'accuracy': 0.921875, 'l2_norm': 0.6280673742294312, 'computation_time': 0.04663491249084473, 'batch_time': 0.050067251271684654, 'rtc_check_time': 0.0022442990011768416, 'experiment_id': 'exp_20240620_203711', 'client_id': '0'}
[2024-06-20 20:38:07,851][root][INFO] - Added data to batch for client 0: {'round': 4, 'step_no': 270, 'loss': 0.141974538564682, 'accuracy': 0.9223484992980957, 'l2_norm': 0.6315080523490906, 'computation_time': 0.04239797592163086, 'batch_time': 0.04500210494734347, 'rtc_check_time': 0.0014899990055710077, 'experiment_id': 'exp_20240620_203711', 'client_id': '0'}
[2024-06-20 20:38:07,852][root][INFO] - Added data to batch for client 0: {'round': 4, 'step_no': 271, 'loss': 0.12435020506381989, 'accuracy': 0.923713207244873, 'l2_norm': 0.6541970372200012, 'computation_time': 0.03894209861755371, 'batch_time': 0.042571215162752196, 'rtc_check_time': 0.00253119898843579, 'experiment_id': 'exp_20240620_203711', 'client_id': '0'}
[2024-06-20 20:38:07,854][root][INFO] - Added data to batch for client 0: {'round': 4, 'step_no': 272, 'loss': 0.24717120826244354, 'accuracy': 0.9241071343421936, 'l2_norm': 0.6835550665855408, 'computation_time': 0.03934597969055176, 'batch_time': 0.043678161411662586, 'rtc_check_time': 0.0030780999950366095, 'experiment_id': 'exp_20240620_203711', 'client_id': '0'}
[2024-06-20 20:38:07,856][root][INFO] - Added data to batch for client 0: {'round': 4, 'step_no': 273, 'loss': 0.1479187309741974, 'accuracy': 0.9253472089767456, 'l2_norm': 0.7447019219398499, 'computation_time': 0.043298959732055664, 'batch_time': 0.04618307441705838, 'rtc_check_time': 0.0016049990081228316, 'experiment_id': 'exp_20240620_203711', 'client_id': '0'}
[2024-06-20 20:38:07,857][root][INFO] - Added data to batch for client 0: {'round': 4, 'step_no': 274, 'loss': 0.10603924840688705, 'accuracy': 0.9265202879905701, 'l2_norm': 0.7489469647407532, 'computation_time': 0.04152703285217285, 'batch_time': 0.04507707495940849, 'rtc_check_time': 0.002332200005184859, 'experiment_id': 'exp_20240620_203711', 'client_id': '0'}
[2024-06-20 20:38:07,858][root][INFO] - Added data to batch for client 0: {'round': 4, 'step_no': 275, 'loss': 0.07370992004871368, 'accuracy': 0.9284539222717285, 'l2_norm': 0.7442246079444885, 'computation_time': 0.04257512092590332, 'batch_time': 0.046788548439508304, 'rtc_check_time': 0.003005598991876468, 'experiment_id': 'exp_20240620_203711', 'client_id': '0'}
[2024-06-20 20:38:07,859][root][INFO] - Added data to batch for client 0: {'round': 4, 'step_no': 276, 'loss': 0.13969945907592773, 'accuracy': 0.9294871687889099, 'l2_norm': 0.7870790362358093, 'computation_time': 0.041918039321899414, 'batch_time': 0.04439367547456641, 'rtc_check_time': 0.0013955999893369153, 'experiment_id': 'exp_20240620_203711', 'client_id': '0'}
[2024-06-20 20:38:07,860][root][INFO] - Added data to batch for client 0: {'round': 4, 'step_no': 277, 'loss': 0.25393491983413696, 'accuracy': 0.926562488079071, 'l2_norm': 0.8598795533180237, 'computation_time': 0.04318690299987793, 'batch_time': 0.04627379271551035, 'rtc_check_time': 0.0017917999939527363, 'experiment_id': 'exp_20240620_203711', 'client_id': '0'}
[2024-06-20 20:38:07,861][root][INFO] - Added data to batch for client 0: {'round': 4, 'step_no': 278, 'loss': 0.09344181418418884, 'accuracy': 0.9275914430618286, 'l2_norm': 0.8548833131790161, 'computation_time': 0.05149221420288086, 'batch_time': 0.054046418095822446, 'rtc_check_time': 0.0015085000050021335, 'experiment_id': 'exp_20240620_203711', 'client_id': '0'}
[2024-06-20 20:38:07,863][root][INFO] - Added data to batch for client 0: {'round': 4, 'step_no': 279, 'loss': 0.469679594039917, 'accuracy': 0.9263392686843872, 'l2_norm': 0.8565255403518677, 'computation_time': 0.045668840408325195, 'batch_time': 0.0490083207259886, 'rtc_check_time': 0.001949500001501292, 'experiment_id': 'exp_20240620_203711', 'client_id': '0'}
[2024-06-20 20:38:07,864][root][INFO] - Added data to batch for client 0: {'round': 4, 'step_no': 280, 'loss': 0.5495501160621643, 'accuracy': 0.9251453280448914, 'l2_norm': 0.8752832412719727, 'computation_time': 0.04616999626159668, 'batch_time': 0.051647079846588895, 'rtc_check_time': 0.004147900006501004, 'experiment_id': 'exp_20240620_203711', 'client_id': '0'}
[2024-06-20 20:38:07,865][root][INFO] - Added data to batch for client 0: {'round': 4, 'step_no': 281, 'loss': 0.4145441949367523, 'accuracy': 0.9247159361839294, 'l2_norm': 0.9195058941841125, 'computation_time': 0.046051025390625, 'batch_time': 0.04871608740359079, 'rtc_check_time': 0.0013869000104023144, 'experiment_id': 'exp_20240620_203711', 'client_id': '0'}
[2024-06-20 20:38:07,867][root][INFO] - Added data to batch for client 0: {'round': 4, 'step_no': 282, 'loss': 0.16237029433250427, 'accuracy': 0.925694465637207, 'l2_norm': 0.9161990880966187, 'computation_time': 0.040515899658203125, 'batch_time': 0.043600228469586, 'rtc_check_time': 0.0017982989957090467, 'experiment_id': 'exp_20240620_203711', 'client_id': '0'}
[2024-06-20 20:38:07,868][root][INFO] - Added data to batch for client 0: {'round': 4, 'step_no': 283, 'loss': 0.1362660527229309, 'accuracy': 0.926630437374115, 'l2_norm': 0.9388628005981445, 'computation_time': 0.038568973541259766, 'batch_time': 0.042046883958391845, 'rtc_check_time': 0.002345899003557861, 'experiment_id': 'exp_20240620_203711', 'client_id': '0'}
[2024-06-20 20:38:07,870][root][INFO] - Added data to batch for client 0: {'round': 4, 'step_no': 284, 'loss': 0.16406485438346863, 'accuracy': 0.927526593208313, 'l2_norm': 0.9701420664787292, 'computation_time': 0.03987407684326172, 'batch_time': 0.044791106978664175, 'rtc_check_time': 0.003809098998317495, 'experiment_id': 'exp_20240620_203711', 'client_id': '0'}
[2024-06-20 20:38:07,871][root][INFO] - Added data to batch for client 0: {'round': 4, 'step_no': 285, 'loss': 0.168021559715271, 'accuracy': 0.927734375, 'l2_norm': 0.9911375641822815, 'computation_time': 0.04053902626037598, 'batch_time': 0.044792647429858334, 'rtc_check_time': 0.0030476999963866547, 'experiment_id': 'exp_20240620_203711', 'client_id': '0'}
[2024-06-20 20:38:07,872][root][INFO] - Added data to batch for client 0: {'round': 4, 'step_no': 286, 'loss': 0.17131197452545166, 'accuracy': 0.9285714030265808, 'l2_norm': 1.0062187910079956, 'computation_time': 0.04545307159423828, 'batch_time': 0.0494294680247549, 'rtc_check_time': 0.0027185000071767718, 'experiment_id': 'exp_20240620_203711', 'client_id': '0'}
[2024-06-20 20:38:07,873][root][INFO] - Added data to batch for client 0: {'round': 4, 'step_no': 287, 'loss': 0.2551755905151367, 'accuracy': 0.9287499785423279, 'l2_norm': 1.0571317672729492, 'computation_time': 0.041903018951416016, 'batch_time': 0.04570562642766163, 'rtc_check_time': 0.0023925999994389713, 'experiment_id': 'exp_20240620_203711', 'client_id': '0'}
[2024-06-20 20:38:07,874][root][INFO] - Added data to batch for client 0: {'round': 4, 'step_no': 288, 'loss': 0.14773771166801453, 'accuracy': 0.9295343160629272, 'l2_norm': 1.0558726787567139, 'computation_time': 0.04419088363647461, 'batch_time': 0.046638351428555325, 'rtc_check_time': 0.0013722000003326684, 'experiment_id': 'exp_20240620_203711', 'client_id': '0'}
[2024-06-20 20:38:07,875][root][INFO] - Added data to batch for client 0: {'round': 4, 'step_no': 289, 'loss': 0.2423332929611206, 'accuracy': 0.9284855723381042, 'l2_norm': 1.0882983207702637, 'computation_time': 0.04638409614562988, 'batch_time': 0.05009897841955535, 'rtc_check_time': 0.0022559989884030074, 'experiment_id': 'exp_20240620_203711', 'client_id': '0'}
[2024-06-20 20:38:07,876][root][INFO] - Added data to batch for client 0: {'round': 4, 'step_no': 290, 'loss': 0.22644172608852386, 'accuracy': 0.9280660152435303, 'l2_norm': 1.140487790107727, 'computation_time': 0.04592299461364746, 'batch_time': 0.04901098248956259, 'rtc_check_time': 0.0018680000066524372, 'experiment_id': 'exp_20240620_203711', 'client_id': '0'}
[2024-06-20 20:38:07,877][root][INFO] - Added data to batch for client 0: {'round': 4, 'step_no': 291, 'loss': 0.38987812399864197, 'accuracy': 0.9276620149612427, 'l2_norm': 1.1905033588409424, 'computation_time': 0.04100990295410156, 'batch_time': 0.04674822266679257, 'rtc_check_time': 0.004487099009566009, 'experiment_id': 'exp_20240620_203711', 'client_id': '0'}
[2024-06-20 20:38:07,879][root][INFO] - Added data to batch for client 0: {'round': 4, 'step_no': 292, 'loss': 0.13148373365402222, 'accuracy': 0.9284090995788574, 'l2_norm': 1.1835898160934448, 'computation_time': 0.04103899002075195, 'batch_time': 0.04396251743310131, 'rtc_check_time': 0.001709500007564202, 'experiment_id': 'exp_20240620_203711', 'client_id': '0'}
[2024-06-20 20:38:07,880][root][INFO] - Added data to batch for client 0: {'round': 4, 'step_no': 293, 'loss': 0.19486767053604126, 'accuracy': 0.9285714030265808, 'l2_norm': 1.2080003023147583, 'computation_time': 0.04124307632446289, 'batch_time': 0.047347688625450246, 'rtc_check_time': 0.0043426990014268085, 'experiment_id': 'exp_20240620_203711', 'client_id': '0'}
[2024-06-20 20:38:07,881][root][INFO] - Added data to batch for client 0: {'round': 4, 'step_no': 294, 'loss': 0.43726441264152527, 'accuracy': 0.9270833134651184, 'l2_norm': 1.2667872905731201, 'computation_time': 0.05192995071411133, 'batch_time': 0.05479859551996924, 'rtc_check_time': 0.001500598998973146, 'experiment_id': 'exp_20240620_203711', 'client_id': '0'}
[2024-06-20 20:38:07,882][root][INFO] - Added data to batch for client 0: {'round': 4, 'step_no': 295, 'loss': 0.16140109300613403, 'accuracy': 0.9272629022598267, 'l2_norm': 1.2674723863601685, 'computation_time': 0.048681020736694336, 'batch_time': 0.05170761594490614, 'rtc_check_time': 0.0015967989893397316, 'experiment_id': 'exp_20240620_203711', 'client_id': '0'}
[2024-06-20 20:38:07,883][root][INFO] - Added data to batch for client 0: {'round': 4, 'step_no': 296, 'loss': 0.11947397887706757, 'accuracy': 0.9279661178588867, 'l2_norm': 1.2576409578323364, 'computation_time': 0.0445711612701416, 'batch_time': 0.04738504093256779, 'rtc_check_time': 0.0014629999932367355, 'experiment_id': 'exp_20240620_203711', 'client_id': '0'}
[2024-06-20 20:38:07,884][root][INFO] - Added data to batch for client 0: {'round': 4, 'step_no': 297, 'loss': 0.13789813220500946, 'accuracy': 0.9286458492279053, 'l2_norm': 1.292136549949646, 'computation_time': 0.039396047592163086, 'batch_time': 0.041934096690965816, 'rtc_check_time': 0.001487100002123043, 'experiment_id': 'exp_20240620_203711', 'client_id': '0'}
[2024-06-20 20:38:07,885][root][INFO] - Added data to batch for client 0: {'round': 4, 'step_no': 298, 'loss': 0.1998833566904068, 'accuracy': 0.9287909865379333, 'l2_norm': 1.3000081777572632, 'computation_time': 0.0435640811920166, 'batch_time': 0.04736382229020819, 'rtc_check_time': 0.002581898996140808, 'experiment_id': 'exp_20240620_203711', 'client_id': '0'}
[2024-06-20 20:38:07,886][root][INFO] - Added data to batch for client 0: {'round': 4, 'step_no': 299, 'loss': 0.1637493371963501, 'accuracy': 0.9294354915618896, 'l2_norm': 1.3413701057434082, 'computation_time': 0.046105146408081055, 'batch_time': 0.049535499812918715, 'rtc_check_time': 0.001677500011282973, 'experiment_id': 'exp_20240620_203711', 'client_id': '0'}
[2024-06-20 20:38:07,887][root][INFO] - Added data to batch for client 0: {'round': 4, 'step_no': 300, 'loss': 0.07921392470598221, 'accuracy': 0.930059552192688, 'l2_norm': 1.354745626449585, 'computation_time': 0.04432106018066406, 'batch_time': 0.057230313308537006, 'rtc_check_time': 0.011678298003971577, 'experiment_id': 'exp_20240620_203711', 'client_id': '0'}
[2024-06-20 20:38:07,888][root][INFO] - Added data to batch for client 0: {'round': 4, 'step_no': 301, 'loss': 0.017818626016378403, 'accuracy': 0.93115234375, 'l2_norm': 1.3566700220108032, 'computation_time': 0.03961896896362305, 'batch_time': 0.04392525562434457, 'rtc_check_time': 0.003122299996903166, 'experiment_id': 'exp_20240620_203711', 'client_id': '0'}
[2024-06-20 20:38:07,890][root][INFO] - Added data to batch for client 0: {'round': 4, 'step_no': 302, 'loss': 0.2515420615673065, 'accuracy': 0.9317307472229004, 'l2_norm': 1.385769248008728, 'computation_time': 0.038728952407836914, 'batch_time': 0.04221954400418326, 'rtc_check_time': 0.0023766999947838485, 'experiment_id': 'exp_20240620_203711', 'client_id': '0'}
[2024-06-20 20:38:07,891][root][INFO] - Added data to batch for client 0: {'round': 4, 'step_no': 303, 'loss': 0.387576699256897, 'accuracy': 0.9303977489471436, 'l2_norm': 1.4371461868286133, 'computation_time': 0.04265284538269043, 'batch_time': 0.04621222421701532, 'rtc_check_time': 0.002331999989110045, 'experiment_id': 'exp_20240620_203711', 'client_id': '0'}
[2024-06-20 20:38:07,892][root][INFO] - Added data to batch for client 0: {'round': 4, 'step_no': 304, 'loss': 0.15452459454536438, 'accuracy': 0.9309701323509216, 'l2_norm': 1.4194660186767578, 'computation_time': 0.05609893798828125, 'batch_time': 0.06094305125589017, 'rtc_check_time': 0.0028258999955141917, 'experiment_id': 'exp_20240620_203711', 'client_id': '0'}
[2024-06-20 20:38:07,893][root][INFO] - Added data to batch for client 0: {'round': 4, 'step_no': 305, 'loss': 0.4847574830055237, 'accuracy': 0.9310661554336548, 'l2_norm': 1.4354230165481567, 'computation_time': 0.046228885650634766, 'batch_time': 0.05273293527716305, 'rtc_check_time': 0.004991998997866176, 'experiment_id': 'exp_20240620_203711', 'client_id': '0'}
[2024-06-20 20:38:07,894][root][INFO] - Added data to batch for client 0: {'round': 4, 'step_no': 306, 'loss': 0.1349647492170334, 'accuracy': 0.9316123127937317, 'l2_norm': 1.4452121257781982, 'computation_time': 0.05074596405029297, 'batch_time': 0.060404645118978806, 'rtc_check_time': 0.008235798988607712, 'experiment_id': 'exp_20240620_203711', 'client_id': '0'}
[2024-06-20 20:38:07,895][root][INFO] - Added data to batch for client 0: {'round': 4, 'step_no': 307, 'loss': 0.164491206407547, 'accuracy': 0.9316964149475098, 'l2_norm': 1.47812020778656, 'computation_time': 0.04673004150390625, 'batch_time': 0.050595663124113344, 'rtc_check_time': 0.0024487000046065077, 'experiment_id': 'exp_20240620_203711', 'client_id': '0'}
[2024-06-20 20:38:07,896][root][INFO] - Added data to batch for client 0: {'round': 4, 'step_no': 308, 'loss': 0.19539672136306763, 'accuracy': 0.9317781925201416, 'l2_norm': 1.549855351448059, 'computation_time': 0.046170949935913086, 'batch_time': 0.05349686231056694, 'rtc_check_time': 0.006124997991719283, 'experiment_id': 'exp_20240620_203711', 'client_id': '0'}
[2024-06-20 20:38:07,897][root][INFO] - Added data to batch for client 0: {'round': 4, 'step_no': 309, 'loss': 0.15001064538955688, 'accuracy': 0.9322916865348816, 'l2_norm': 1.5346388816833496, 'computation_time': 0.050390005111694336, 'batch_time': 0.05761902200174518, 'rtc_check_time': 0.0048948990006465465, 'experiment_id': 'exp_20240620_203711', 'client_id': '0'}
[2024-06-20 20:38:07,898][root][INFO] - Added data to batch for client 0: {'round': 4, 'step_no': 310, 'loss': 0.12914100289344788, 'accuracy': 0.9327911138534546, 'l2_norm': 1.5653587579727173, 'computation_time': 0.055561065673828125, 'batch_time': 0.06028803666413296, 'rtc_check_time': 0.002991998990182765, 'experiment_id': 'exp_20240620_203711', 'client_id': '0'}
[2024-06-20 20:38:07,899][root][INFO] - Added data to batch for client 0: {'round': 4, 'step_no': 311, 'loss': 0.11013288795948029, 'accuracy': 0.9332770109176636, 'l2_norm': 1.5565651655197144, 'computation_time': 0.04195713996887207, 'batch_time': 0.04622231578105129, 'rtc_check_time': 0.0031972989963833243, 'experiment_id': 'exp_20240620_203711', 'client_id': '0'}
[2024-06-20 20:38:07,900][root][INFO] - Added data to batch for client 0: {'round': 4, 'step_no': 312, 'loss': 0.03969685733318329, 'accuracy': 0.934166669845581, 'l2_norm': 1.5738718509674072, 'computation_time': 0.03914499282836914, 'batch_time': 0.04520151672477368, 'rtc_check_time': 0.004956698991009034, 'experiment_id': 'exp_20240620_203711', 'client_id': '0'}
[2024-06-20 20:38:07,901][root][INFO] - Added data to batch for client 0: {'round': 4, 'step_no': 313, 'loss': 0.12924589216709137, 'accuracy': 0.9346216917037964, 'l2_norm': 1.6324210166931152, 'computation_time': 0.04030299186706543, 'batch_time': 0.04300524655263871, 'rtc_check_time': 0.001474399003200233, 'experiment_id': 'exp_20240620_203711', 'client_id': '0'}
[2024-06-20 20:38:07,902][root][INFO] - Added data to batch for client 0: {'round': 4, 'step_no': 314, 'loss': 0.1614401787519455, 'accuracy': 0.9342532753944397, 'l2_norm': 1.6571285724639893, 'computation_time': 0.0402069091796875, 'batch_time': 0.04421328500029631, 'rtc_check_time': 0.002938499004812911, 'experiment_id': 'exp_20240620_203711', 'client_id': '0'}
[2024-06-20 20:38:07,903][root][INFO] - Added data to batch for client 0: {'round': 4, 'step_no': 315, 'loss': 0.22798681259155273, 'accuracy': 0.9342948794364929, 'l2_norm': 1.67611825466156, 'computation_time': 0.046633005142211914, 'batch_time': 0.049307482258882374, 'rtc_check_time': 0.0015283990069292486, 'experiment_id': 'exp_20240620_203711', 'client_id': '0'}
[2024-06-20 20:38:07,904][root][INFO] - Added data to batch for client 0: {'round': 4, 'step_no': 316, 'loss': 0.3087877929210663, 'accuracy': 0.9347310066223145, 'l2_norm': 1.6881186962127686, 'computation_time': 0.04152798652648926, 'batch_time': 0.04527282247727271, 'rtc_check_time': 0.002492899991921149, 'experiment_id': 'exp_20240620_203711', 'client_id': '0'}
[2024-06-20 20:38:07,905][root][INFO] - Added data to batch for client 0: {'round': 4, 'step_no': 317, 'loss': 0.09027904272079468, 'accuracy': 0.9351562261581421, 'l2_norm': 1.7159380912780762, 'computation_time': 0.03999185562133789, 'batch_time': 0.04382944082317408, 'rtc_check_time': 0.002608299007988535, 'experiment_id': 'exp_20240620_203711', 'client_id': '0'}
[2024-06-20 20:38:07,906][root][INFO] - Added data to batch for client 0: {'round': 4, 'step_no': 318, 'loss': 0.5387978553771973, 'accuracy': 0.9344135522842407, 'l2_norm': 1.7808265686035156, 'computation_time': 0.03980088233947754, 'batch_time': 0.043914498324738815, 'rtc_check_time': 0.0030125989869702607, 'experiment_id': 'exp_20240620_203711', 'client_id': '0'}
[2024-06-20 20:38:07,907][root][INFO] - Added data to batch for client 0: {'round': 4, 'step_no': 319, 'loss': 0.09316390752792358, 'accuracy': 0.9348323345184326, 'l2_norm': 1.7841287851333618, 'computation_time': 0.06118011474609375, 'batch_time': 0.06363932888780255, 'rtc_check_time': 0.0014332989958347753, 'experiment_id': 'exp_20240620_203711', 'client_id': '0'}
[2024-06-20 20:38:07,908][root][INFO] - Added data to batch for client 0: {'round': 4, 'step_no': 320, 'loss': 0.3792724311351776, 'accuracy': 0.9341114163398743, 'l2_norm': 1.833300232887268, 'computation_time': 0.04601597785949707, 'batch_time': 0.05830675036122557, 'rtc_check_time': 0.011252698008320294, 'experiment_id': 'exp_20240620_203711', 'client_id': '0'}
[2024-06-20 20:38:07,909][root][INFO] - Added data to batch for client 0: {'round': 4, 'step_no': 321, 'loss': 0.07847218215465546, 'accuracy': 0.9345238208770752, 'l2_norm': 1.8685868978500366, 'computation_time': 0.04227495193481445, 'batch_time': 0.04503277713956777, 'rtc_check_time': 0.0015797990054124966, 'experiment_id': 'exp_20240620_203711', 'client_id': '0'}
[2024-06-20 20:38:07,910][root][INFO] - Added data to batch for client 0: {'round': 4, 'step_no': 322, 'loss': 0.5221569538116455, 'accuracy': 0.9330882430076599, 'l2_norm': 1.9819821119308472, 'computation_time': 0.03897285461425781, 'batch_time': 0.04437122055969667, 'rtc_check_time': 0.004190299005131237, 'experiment_id': 'exp_20240620_203711', 'client_id': '0'}
[2024-06-20 20:38:07,911][root][INFO] - Added data to batch for client 0: {'round': 4, 'step_no': 323, 'loss': 0.19646072387695312, 'accuracy': 0.9331395626068115, 'l2_norm': 1.9737613201141357, 'computation_time': 0.041383981704711914, 'batch_time': 0.04684770241146907, 'rtc_check_time': 0.0040045990026555955, 'experiment_id': 'exp_20240620_203711', 'client_id': '0'}
[2024-06-20 20:38:07,912][root][INFO] - Added data to batch for client 0: {'round': 4, 'step_no': 324, 'loss': 0.13528864085674286, 'accuracy': 0.9335488677024841, 'l2_norm': 2.0089352130889893, 'computation_time': 0.041723012924194336, 'batch_time': 0.04426593755488284, 'rtc_check_time': 0.0013617989898193628, 'experiment_id': 'exp_20240620_203711', 'client_id': '0'}
[2024-06-20 20:38:07,913][root][INFO] - Added data to batch for client 0: {'round': 4, 'step_no': 325, 'loss': 0.08862463384866714, 'accuracy': 0.9339488744735718, 'l2_norm': 2.007288694381714, 'computation_time': 0.039710044860839844, 'batch_time': 0.04339370456000324, 'rtc_check_time': 0.0024836989905452356, 'experiment_id': 'exp_20240620_203711', 'client_id': '0'}
[2024-06-20 20:38:07,914][root][INFO] - Added data to batch for client 0: {'round': 4, 'step_no': 326, 'loss': 0.06314786523580551, 'accuracy': 0.9346910119056702, 'l2_norm': 2.0354998111724854, 'computation_time': 0.042448997497558594, 'batch_time': 0.04529330135846976, 'rtc_check_time': 0.0015423000004375353, 'experiment_id': 'exp_20240620_203711', 'client_id': '0'}
[2024-06-20 20:38:07,915][root][INFO] - Added data to batch for client 0: {'round': 4, 'step_no': 327, 'loss': 0.1361004114151001, 'accuracy': 0.9354166388511658, 'l2_norm': 2.060753345489502, 'computation_time': 0.039083003997802734, 'batch_time': 0.0420469787059119, 'rtc_check_time': 0.0018898990092566237, 'experiment_id': 'exp_20240620_203711', 'client_id': '0'}
[2024-06-20 20:38:07,916][root][INFO] - Added data to batch for client 0: {'round': 4, 'step_no': 328, 'loss': 0.0915357917547226, 'accuracy': 0.9357829689979553, 'l2_norm': 2.0778117179870605, 'computation_time': 0.044545888900756836, 'batch_time': 0.04853842273587361, 'rtc_check_time': 0.0027343989931978285, 'experiment_id': 'exp_20240620_203711', 'client_id': '0'}
[2024-06-20 20:38:07,917][root][INFO] - Added data to batch for client 0: {'round': 4, 'step_no': 329, 'loss': 0.15349642932415009, 'accuracy': 0.93580162525177, 'l2_norm': 2.112758159637451, 'computation_time': 0.043337106704711914, 'batch_time': 0.04893236994394101, 'rtc_check_time': 0.004329499002778903, 'experiment_id': 'exp_20240620_203711', 'client_id': '0'}
[2024-06-20 20:38:07,918][root][INFO] - Added data to batch for client 0: {'round': 4, 'step_no': 330, 'loss': 0.32305818796157837, 'accuracy': 0.9354838728904724, 'l2_norm': 2.151710033416748, 'computation_time': 0.04117894172668457, 'batch_time': 0.04658207129978109, 'rtc_check_time': 0.00429209899448324, 'experiment_id': 'exp_20240620_203711', 'client_id': '0'}
[2024-06-20 20:38:07,919][root][INFO] - Added data to batch for client 0: {'round': 4, 'step_no': 331, 'loss': 0.17179125547409058, 'accuracy': 0.9358377456665039, 'l2_norm': 2.170466899871826, 'computation_time': 0.04249095916748047, 'batch_time': 0.045283288331120275, 'rtc_check_time': 0.0015453999949386343, 'experiment_id': 'exp_20240620_203711', 'client_id': '0'}
[2024-06-20 20:38:07,920][root][INFO] - Added data to batch for client 0: {'round': 4, 'step_no': 332, 'loss': 0.22256967425346375, 'accuracy': 0.9355263113975525, 'l2_norm': 2.202348232269287, 'computation_time': 0.04840803146362305, 'batch_time': 0.05214023568260018, 'rtc_check_time': 0.002261400004499592, 'experiment_id': 'exp_20240620_203711', 'client_id': '0'}
[2024-06-20 20:38:07,921][root][INFO] - Added data to batch for client 0: {'round': 4, 'step_no': 333, 'loss': 0.3215852677822113, 'accuracy': 0.9352213740348816, 'l2_norm': 2.269364595413208, 'computation_time': 0.04178500175476074, 'batch_time': 0.044830240120063536, 'rtc_check_time': 0.0017212999955518171, 'experiment_id': 'exp_20240620_203711', 'client_id': '0'}
[2024-06-20 20:38:07,922][root][INFO] - Added data to batch for client 0: {'round': 4, 'step_no': 334, 'loss': 0.042091887444257736, 'accuracy': 0.9358891844749451, 'l2_norm': 2.2690391540527344, 'computation_time': 0.03858590126037598, 'batch_time': 0.048308913843357004, 'rtc_check_time': 0.008693997995578684, 'experiment_id': 'exp_20240620_203711', 'client_id': '0'}
[2024-06-20 20:38:07,923][root][INFO] - Added data to batch for client 0: {'round': 4, 'step_no': 335, 'loss': 0.13984838128089905, 'accuracy': 0.9362244606018066, 'l2_norm': 2.2987842559814453, 'computation_time': 0.03965592384338379, 'batch_time': 0.057681400154251605, 'rtc_check_time': 0.01684339699568227, 'experiment_id': 'exp_20240620_203711', 'client_id': '0'}
[2024-06-20 20:38:07,924][root][INFO] - Added data to batch for client 0: {'round': 4, 'step_no': 336, 'loss': 0.44936487078666687, 'accuracy': 0.9362373948097229, 'l2_norm': 2.3389365673065186, 'computation_time': 0.040750980377197266, 'batch_time': 0.04402830437174998, 'rtc_check_time': 0.0021352990006562322, 'experiment_id': 'exp_20240620_203711', 'client_id': '0'}
[2024-06-20 20:38:07,925][root][INFO] - Added data to batch for client 0: {'round': 4, 'step_no': 337, 'loss': 0.04843398183584213, 'accuracy': 0.9368749856948853, 'l2_norm': 2.354053497314453, 'computation_time': 0.04224681854248047, 'batch_time': 0.046922281515435316, 'rtc_check_time': 0.0035362990020075813, 'experiment_id': 'exp_20240620_203711', 'client_id': '0'}
[2024-06-20 20:38:07,926][root][INFO] - Added data to batch for client 0: {'round': 4, 'step_no': 338, 'loss': 0.061441682279109955, 'accuracy': 0.9375, 'l2_norm': 2.3620409965515137, 'computation_time': 0.04050612449645996, 'batch_time': 0.045734941493719816, 'rtc_check_time': 0.00412779999896884, 'experiment_id': 'exp_20240620_203711', 'client_id': '0'}
[2024-06-20 20:38:07,927][root][INFO] - Added data to batch for client 0: {'round': 4, 'step_no': 339, 'loss': 0.2848932445049286, 'accuracy': 0.9371936321258545, 'l2_norm': 2.4868927001953125, 'computation_time': 0.0426180362701416, 'batch_time': 0.045267158842762, 'rtc_check_time': 0.0015790999896125868, 'experiment_id': 'exp_20240620_203711', 'client_id': '0'}
[2024-06-20 20:38:07,928][root][INFO] - Added data to batch for client 0: {'round': 4, 'step_no': 340, 'loss': 0.11470690369606018, 'accuracy': 0.9375, 'l2_norm': 2.495854377746582, 'computation_time': 0.05125594139099121, 'batch_time': 0.05912008957238868, 'rtc_check_time': 0.006770998996216804, 'experiment_id': 'exp_20240620_203711', 'client_id': '0'}
[2024-06-20 20:38:07,929][root][INFO] - Added data to batch for client 0: {'round': 4, 'step_no': 341, 'loss': 0.2958369851112366, 'accuracy': 0.9368990659713745, 'l2_norm': 2.503135919570923, 'computation_time': 0.04165315628051758, 'batch_time': 0.044148668166599236, 'rtc_check_time': 0.0014088000025367364, 'experiment_id': 'exp_20240620_203711', 'client_id': '0'}
[2024-06-20 20:38:07,930][root][INFO] - Added data to batch for client 0: {'round': 4, 'step_no': 342, 'loss': 0.3439687490463257, 'accuracy': 0.9366071224212646, 'l2_norm': 2.5536599159240723, 'computation_time': 0.04050588607788086, 'batch_time': 0.043287499545840546, 'rtc_check_time': 0.0015384989965241402, 'experiment_id': 'exp_20240620_203711', 'client_id': '0'}
[2024-06-20 20:38:07,931][root][INFO] - Added data to batch for client 0: {'round': 4, 'step_no': 343, 'loss': 0.14801809191703796, 'accuracy': 0.9366155862808228, 'l2_norm': 2.579822540283203, 'computation_time': 0.04076409339904785, 'batch_time': 0.04482911301602144, 'rtc_check_time': 0.002855999002349563, 'experiment_id': 'exp_20240620_203711', 'client_id': '0'}
[2024-06-20 20:38:07,932][root][INFO] - Added data to batch for client 0: {'round': 4, 'step_no': 344, 'loss': 0.3070792555809021, 'accuracy': 0.9360397458076477, 'l2_norm': 2.7211220264434814, 'computation_time': 0.040632009506225586, 'batch_time': 0.04351014546409715, 'rtc_check_time': 0.001626199999009259, 'experiment_id': 'exp_20240620_203711', 'client_id': '0'}
[2024-06-20 20:38:07,933][root][INFO] - Added data to batch for client 0: {'round': 4, 'step_no': 345, 'loss': 0.06800141930580139, 'accuracy': 0.9366319179534912, 'l2_norm': 2.6925137042999268, 'computation_time': 0.04282116889953613, 'batch_time': 0.045595948133268394, 'rtc_check_time': 0.0016349000070476905, 'experiment_id': 'exp_20240620_203711', 'client_id': '0'}
[2024-06-20 20:38:07,934][root][INFO] - Added data to batch for client 0: {'round': 4, 'step_no': 346, 'loss': 0.35464996099472046, 'accuracy': 0.9366399049758911, 'l2_norm': 2.6837515830993652, 'computation_time': 0.04243302345275879, 'batch_time': 0.04768149739538785, 'rtc_check_time': 0.003999399006715976, 'experiment_id': 'exp_20240620_203711', 'client_id': '0'}
[2024-06-20 20:38:07,935][root][INFO] - Added data to batch for client 0: {'round': 4, 'step_no': 347, 'loss': 0.21169394254684448, 'accuracy': 0.9363636374473572, 'l2_norm': 2.742222785949707, 'computation_time': 0.041124820709228516, 'batch_time': 0.04396207435638644, 'rtc_check_time': 0.0015609989932272583, 'experiment_id': 'exp_20240620_203711', 'client_id': '0'}
[2024-06-20 20:38:07,936][root][INFO] - Added data to batch for client 0: {'round': 4, 'step_no': 348, 'loss': 0.05802376568317413, 'accuracy': 0.9366554021835327, 'l2_norm': 2.734508514404297, 'computation_time': 0.043421030044555664, 'batch_time': 0.048000296534155495, 'rtc_check_time': 0.0033742989908205345, 'experiment_id': 'exp_20240620_203711', 'client_id': '0'}
[2024-06-20 20:38:07,937][root][INFO] - Added data to batch for client 0: {'round': 4, 'step_no': 349, 'loss': 0.1881900429725647, 'accuracy': 0.9363839030265808, 'l2_norm': 2.7500064373016357, 'computation_time': 0.04701709747314453, 'batch_time': 0.05168982138275169, 'rtc_check_time': 0.002969699999084696, 'experiment_id': 'exp_20240620_203711', 'client_id': '0'}
[2024-06-20 20:38:07,938][root][INFO] - Added data to batch for client 0: {'round': 4, 'step_no': 350, 'loss': 0.3279308080673218, 'accuracy': 0.9361172318458557, 'l2_norm': 2.7650089263916016, 'computation_time': 0.0443120002746582, 'batch_time': 0.0475814325036481, 'rtc_check_time': 0.0019114000024273992, 'experiment_id': 'exp_20240620_203711', 'client_id': '0'}
[2024-06-20 20:38:07,939][root][INFO] - Added data to batch for client 0: {'round': 4, 'step_no': 351, 'loss': 0.36072829365730286, 'accuracy': 0.9353070259094238, 'l2_norm': 2.82027530670166, 'computation_time': 0.05279898643493652, 'batch_time': 0.057384094208828174, 'rtc_check_time': 0.003096899003139697, 'experiment_id': 'exp_20240620_203711', 'client_id': '0'}
[2024-06-20 20:38:07,940][root][INFO] - Added data to batch for client 0: {'round': 4, 'step_no': 352, 'loss': 0.20507222414016724, 'accuracy': 0.935326099395752, 'l2_norm': 2.8091955184936523, 'computation_time': 0.046697139739990234, 'batch_time': 0.0527413771051215, 'rtc_check_time': 0.00472029899538029, 'experiment_id': 'exp_20240620_203711', 'client_id': '0'}
[2024-06-20 20:38:07,941][root][INFO] - Added data to batch for client 0: {'round': 4, 'step_no': 353, 'loss': 0.20831970870494843, 'accuracy': 0.9353448152542114, 'l2_norm': 2.818570613861084, 'computation_time': 0.04427003860473633, 'batch_time': 0.047840460669249296, 'rtc_check_time': 0.0019425000064074993, 'experiment_id': 'exp_20240620_203711', 'client_id': '0'}
[2024-06-20 20:38:07,942][root][INFO] - Added data to batch for client 0: {'round': 4, 'step_no': 354, 'loss': 0.11979200690984726, 'accuracy': 0.935363233089447, 'l2_norm': 2.8361656665802, 'computation_time': 0.05168509483337402, 'batch_time': 0.05534891798743047, 'rtc_check_time': 0.00238899901160039, 'experiment_id': 'exp_20240620_203711', 'client_id': '0'}
[2024-06-20 20:38:07,943][root][INFO] - Added data to batch for client 0: {'round': 4, 'step_no': 355, 'loss': 0.30169573426246643, 'accuracy': 0.9345868825912476, 'l2_norm': 2.9074769020080566, 'computation_time': 0.03807497024536133, 'batch_time': 0.041329380008392036, 'rtc_check_time': 0.0021614989964291453, 'experiment_id': 'exp_20240620_203711', 'client_id': '0'}
[2024-06-20 20:38:07,944][root][INFO] - Added data to batch for client 0: {'round': 4, 'step_no': 356, 'loss': 0.02817867323756218, 'accuracy': 0.9351365566253662, 'l2_norm': 2.9105656147003174, 'computation_time': 0.040550947189331055, 'batch_time': 0.04377264411596116, 'rtc_check_time': 0.0020574990048771724, 'experiment_id': 'exp_20240620_203711', 'client_id': '0'}
[2024-06-20 20:38:07,945][root][INFO] - Added data to batch for client 0: {'round': 4, 'step_no': 357, 'loss': 0.03424251079559326, 'accuracy': 0.9356771111488342, 'l2_norm': 2.9111697673797607, 'computation_time': 0.041912078857421875, 'batch_time': 0.04488564746861812, 'rtc_check_time': 0.001774799995473586, 'experiment_id': 'exp_20240620_203711', 'client_id': '0'}
[2024-06-20 20:38:07,946][root][INFO] - Added data to batch for client 0: {'round': 4, 'step_no': 358, 'loss': 0.105745330452919, 'accuracy': 0.9359503984451294, 'l2_norm': 2.9251039028167725, 'computation_time': 0.04052901268005371, 'batch_time': 0.043198107450734824, 'rtc_check_time': 0.0014502989943139255, 'experiment_id': 'exp_20240620_203711', 'client_id': '0'}
[2024-06-20 20:38:07,947][root][INFO] - Added data to batch for client 0: {'round': 4, 'step_no': 359, 'loss': 0.15901903808116913, 'accuracy': 0.9362192749977112, 'l2_norm': 2.9581785202026367, 'computation_time': 0.044911861419677734, 'batch_time': 0.048973773591569625, 'rtc_check_time': 0.002293799989274703, 'experiment_id': 'exp_20240620_203711', 'client_id': '0'}
[2024-06-20 20:38:07,948][root][INFO] - Added data to batch for client 0: {'round': 4, 'step_no': 360, 'loss': 0.42485511302948, 'accuracy': 0.9354674816131592, 'l2_norm': 3.0183656215667725, 'computation_time': 0.04340314865112305, 'batch_time': 0.0463684085116256, 'rtc_check_time': 0.0016325000033248216, 'experiment_id': 'exp_20240620_203711', 'client_id': '0'}
[2024-06-20 20:38:07,949][root][INFO] - Added data to batch for client 0: {'round': 4, 'step_no': 361, 'loss': 0.15437643229961395, 'accuracy': 0.9357358813285828, 'l2_norm': 3.0775392055511475, 'computation_time': 0.041700124740600586, 'batch_time': 0.04499490055604838, 'rtc_check_time': 0.002226898999651894, 'experiment_id': 'exp_20240620_203711', 'client_id': '0'}
[2024-06-20 20:38:07,950][root][INFO] - Added data to batch for client 0: {'round': 4, 'step_no': 362, 'loss': 0.03907514363527298, 'accuracy': 0.9362499713897705, 'l2_norm': 3.0846238136291504, 'computation_time': 0.04557299613952637, 'batch_time': 0.048515444475924596, 'rtc_check_time': 0.0017165000026579946, 'experiment_id': 'exp_20240620_203711', 'client_id': '0'}
[2024-06-20 20:38:07,951][root][INFO] - Added data to batch for client 0: {'round': 4, 'step_no': 363, 'loss': 0.1763969212770462, 'accuracy': 0.936259925365448, 'l2_norm': 3.1140410900115967, 'computation_time': 0.045684099197387695, 'batch_time': 0.048379058702266775, 'rtc_check_time': 0.0015310000017052516, 'experiment_id': 'exp_20240620_203711', 'client_id': '0'}
[2024-06-20 20:38:07,952][root][INFO] - Added data to batch for client 0: {'round': 4, 'step_no': 364, 'loss': 0.05545724928379059, 'accuracy': 0.936515748500824, 'l2_norm': 3.1122703552246094, 'computation_time': 0.04284381866455078, 'batch_time': 0.046079909487161785, 'rtc_check_time': 0.0016909000114537776, 'experiment_id': 'exp_20240620_203711', 'client_id': '0'}
[2024-06-20 20:38:07,953][root][INFO] - Added data to batch for client 0: {'round': 4, 'step_no': 365, 'loss': 0.07899478822946548, 'accuracy': 0.936767578125, 'l2_norm': 3.1206417083740234, 'computation_time': 0.039839982986450195, 'batch_time': 0.0528950617153896, 'rtc_check_time': 0.01200889800384175, 'experiment_id': 'exp_20240620_203711', 'client_id': '0'}
[2024-06-20 20:38:07,954][root][INFO] - Added data to batch for client 0: {'round': 4, 'step_no': 366, 'loss': 0.04886862635612488, 'accuracy': 0.9372577667236328, 'l2_norm': 3.1447019577026367, 'computation_time': 0.042755126953125, 'batch_time': 0.046235639485530555, 'rtc_check_time': 0.002354700001887977, 'experiment_id': 'exp_20240620_203711', 'client_id': '0'}
[2024-06-20 20:38:07,955][root][INFO] - Added data to batch for client 0: {'round': 4, 'step_no': 367, 'loss': 0.21043317019939423, 'accuracy': 0.9372596144676208, 'l2_norm': 3.2114768028259277, 'computation_time': 0.04120302200317383, 'batch_time': 0.04416423743532505, 'rtc_check_time': 0.0018570989923318848, 'experiment_id': 'exp_20240620_203711', 'client_id': '0'}
[2024-06-20 20:38:07,956][root][INFO] - Added data to batch for client 0: {'round': 4, 'step_no': 368, 'loss': 0.350330114364624, 'accuracy': 0.9370229244232178, 'l2_norm': 3.274791717529297, 'computation_time': 0.0390620231628418, 'batch_time': 0.04393339459784329, 'rtc_check_time': 0.003736498998478055, 'experiment_id': 'exp_20240620_203711', 'client_id': '0'}
[2024-06-20 20:38:07,957][root][INFO] - Added data to batch for client 0: {'round': 4, 'step_no': 369, 'loss': 0.2746219336986542, 'accuracy': 0.9367897510528564, 'l2_norm': 3.343254327774048, 'computation_time': 0.04587197303771973, 'batch_time': 0.05060091720952187, 'rtc_check_time': 0.0033999990118900314, 'experiment_id': 'exp_20240620_203711', 'client_id': '0'}
[2024-06-20 20:38:07,958][root][INFO] - Added data to batch for client 0: {'round': 4, 'step_no': 370, 'loss': 0.23287110030651093, 'accuracy': 0.9365601539611816, 'l2_norm': 3.360724687576294, 'computation_time': 0.04369688034057617, 'batch_time': 0.04641866021847818, 'rtc_check_time': 0.001542800004244782, 'experiment_id': 'exp_20240620_203711', 'client_id': '0'}
[2024-06-20 20:38:07,959][root][INFO] - Added data to batch for client 0: {'round': 4, 'step_no': 371, 'loss': 0.3105776607990265, 'accuracy': 0.9368003606796265, 'l2_norm': 3.3917229175567627, 'computation_time': 0.04162406921386719, 'batch_time': 0.04454804185661487, 'rtc_check_time': 0.0017530990007799119, 'experiment_id': 'exp_20240620_203711', 'client_id': '0'}
[2024-06-20 20:38:07,960][root][INFO] - Added data to batch for client 0: {'round': 4, 'step_no': 372, 'loss': 0.09037843346595764, 'accuracy': 0.9368055462837219, 'l2_norm': 3.4332869052886963, 'computation_time': 0.0397188663482666, 'batch_time': 0.04256318978150375, 'rtc_check_time': 0.0016991989978123456, 'experiment_id': 'exp_20240620_203711', 'client_id': '0'}
[2024-06-20 20:38:07,961][root][INFO] - Added data to batch for client 0: {'round': 4, 'step_no': 373, 'loss': 0.14110057055950165, 'accuracy': 0.9370404481887817, 'l2_norm': 3.424574375152588, 'computation_time': 0.04173612594604492, 'batch_time': 0.044575833540875465, 'rtc_check_time': 0.0016438000020571053, 'experiment_id': 'exp_20240620_203711', 'client_id': '0'}
[2024-06-20 20:38:07,962][root][INFO] - Added data to batch for client 0: {'round': 4, 'step_no': 374, 'loss': 0.35249239206314087, 'accuracy': 0.9368156790733337, 'l2_norm': 3.4202964305877686, 'computation_time': 0.04147791862487793, 'batch_time': 0.04454134008847177, 'rtc_check_time': 0.001779298996552825, 'experiment_id': 'exp_20240620_203711', 'client_id': '0'}
[2024-06-20 20:38:07,963][root][INFO] - Added data to batch for client 0: {'round': 4, 'step_no': 375, 'loss': 0.12858104705810547, 'accuracy': 0.9370471239089966, 'l2_norm': 3.44451642036438, 'computation_time': 0.04087400436401367, 'batch_time': 0.04356471632490866, 'rtc_check_time': 0.0015617999888490885, 'experiment_id': 'exp_20240620_203711', 'client_id': '0'}
[2024-06-20 20:38:07,964][root][INFO] - Added data to batch for client 0: {'round': 4, 'step_no': 376, 'loss': 0.5521790981292725, 'accuracy': 0.9361510872840881, 'l2_norm': 3.5486807823181152, 'computation_time': 0.040437936782836914, 'batch_time': 0.044786709171603434, 'rtc_check_time': 0.003304499012301676, 'experiment_id': 'exp_20240620_203711', 'client_id': '0'}
[2024-06-20 20:38:07,965][root][INFO] - Added data to batch for client 0: {'round': 4, 'step_no': 377, 'loss': 0.1671471744775772, 'accuracy': 0.9359375238418579, 'l2_norm': 3.5531914234161377, 'computation_time': 0.04722404479980469, 'batch_time': 0.05009042829624377, 'rtc_check_time': 0.00157940000644885, 'experiment_id': 'exp_20240620_203711', 'client_id': '0'}
[2024-06-20 20:38:07,966][root][INFO] - Added data to batch for client 0: {'round': 4, 'step_no': 378, 'loss': 0.3519562780857086, 'accuracy': 0.9357269406318665, 'l2_norm': 3.583118200302124, 'computation_time': 0.04015994071960449, 'batch_time': 0.045354196248808876, 'rtc_check_time': 0.004099198995390907, 'experiment_id': 'exp_20240620_203711', 'client_id': '0'}
[2024-06-20 20:38:07,967][root][INFO] - Added data to batch for client 0: {'round': 4, 'step_no': 379, 'loss': 0.08651383966207504, 'accuracy': 0.9361795783042908, 'l2_norm': 3.593140125274658, 'computation_time': 0.044985055923461914, 'batch_time': 0.048902222551987506, 'rtc_check_time': 0.002115199007675983, 'experiment_id': 'exp_20240620_203711', 'client_id': '0'}
[2024-06-20 20:38:07,967][root][INFO] - Added data to batch for client 0: {'round': 4, 'step_no': 380, 'loss': 0.5034694671630859, 'accuracy': 0.935751736164093, 'l2_norm': 3.703599691390991, 'computation_time': 0.041374921798706055, 'batch_time': 0.04538727580802515, 'rtc_check_time': 0.002775200002361089, 'experiment_id': 'exp_20240620_203711', 'client_id': '0'}
[2024-06-20 20:38:07,968][root][INFO] - Added data to batch for client 0: {'round': 4, 'step_no': 381, 'loss': 0.23404909670352936, 'accuracy': 0.9357638955116272, 'l2_norm': 3.7473886013031006, 'computation_time': 0.041587114334106445, 'batch_time': 0.046921617758926004, 'rtc_check_time': 0.004035599005874246, 'experiment_id': 'exp_20240620_203711', 'client_id': '0'}
[2024-06-20 20:38:07,969][root][INFO] - Added data to batch for client 0: {'round': 4, 'step_no': 382, 'loss': 0.0410916730761528, 'accuracy': 0.9362068772315979, 'l2_norm': 3.7668614387512207, 'computation_time': 0.04301786422729492, 'batch_time': 0.04575334418041166, 'rtc_check_time': 0.0015142999909585342, 'experiment_id': 'exp_20240620_203711', 'client_id': '0'}
[2024-06-20 20:38:07,970][root][INFO] - Added data to batch for client 0: {'round': 4, 'step_no': 383, 'loss': 0.10664114356040955, 'accuracy': 0.9364297986030579, 'l2_norm': 3.792813777923584, 'computation_time': 0.044120073318481445, 'batch_time': 0.047035330775543116, 'rtc_check_time': 0.0016545000107726082, 'experiment_id': 'exp_20240620_203711', 'client_id': '0'}
[2024-06-20 20:38:07,971][root][INFO] - Added data to batch for client 0: {'round': 4, 'step_no': 384, 'loss': 0.04771289974451065, 'accuracy': 0.9368622303009033, 'l2_norm': 3.7978429794311523, 'computation_time': 0.04224896430969238, 'batch_time': 0.0478387694893172, 'rtc_check_time': 0.00425799899676349, 'experiment_id': 'exp_20240620_203711', 'client_id': '0'}
[2024-06-20 20:38:07,972][root][INFO] - Added data to batch for client 0: {'round': 4, 'step_no': 385, 'loss': 0.1148524060845375, 'accuracy': 0.9370777010917664, 'l2_norm': 3.875706195831299, 'computation_time': 0.04137301445007324, 'batch_time': 0.04489175620255992, 'rtc_check_time': 0.0022617990034632385, 'experiment_id': 'exp_20240620_203711', 'client_id': '0'}
[2024-06-20 20:38:07,973][root][INFO] - Added data to batch for client 0: {'round': 4, 'step_no': 386, 'loss': 0.2379656732082367, 'accuracy': 0.9370805621147156, 'l2_norm': 3.898346424102783, 'computation_time': 0.041975975036621094, 'batch_time': 0.04493923211703077, 'rtc_check_time': 0.0018712999881245196, 'experiment_id': 'exp_20240620_203711', 'client_id': '0'}
[2024-06-20 20:38:07,974][root][INFO] - Added data to batch for client 0: {'round': 4, 'step_no': 387, 'loss': 0.08942525088787079, 'accuracy': 0.93729168176651, 'l2_norm': 3.9622700214385986, 'computation_time': 0.043287038803100586, 'batch_time': 0.05222241691080853, 'rtc_check_time': 0.007581398996990174, 'experiment_id': 'exp_20240620_203711', 'client_id': '0'}
[2024-06-20 20:38:07,975][root][INFO] - Added data to batch for client 0: {'round': 4, 'step_no': 388, 'loss': 0.04711390286684036, 'accuracy': 0.9377069473266602, 'l2_norm': 4.015758991241455, 'computation_time': 0.04374504089355469, 'batch_time': 0.048073387384647503, 'rtc_check_time': 0.0029695990087930113, 'experiment_id': 'exp_20240620_203711', 'client_id': '0'}
[2024-06-20 20:38:07,976][root][INFO] - Added data to batch for client 0: {'round': 4, 'step_no': 389, 'loss': 0.13742730021476746, 'accuracy': 0.9379112124443054, 'l2_norm': 4.033680438995361, 'computation_time': 0.04492306709289551, 'batch_time': 0.04906058730557561, 'rtc_check_time': 0.002584700006991625, 'experiment_id': 'exp_20240620_203711', 'client_id': '0'}
[2024-06-20 20:38:07,977][root][INFO] - Added data to batch for client 0: {'round': 4, 'step_no': 390, 'loss': 0.20044510066509247, 'accuracy': 0.9377042651176453, 'l2_norm': 4.052337169647217, 'computation_time': 0.040949106216430664, 'batch_time': 0.043512039876077324, 'rtc_check_time': 0.001389198994729668, 'experiment_id': 'exp_20240620_203711', 'client_id': '0'}
[2024-06-20 20:38:07,978][root][INFO] - Added data to batch for client 0: {'round': 4, 'step_no': 391, 'loss': 0.12575730681419373, 'accuracy': 0.9375, 'l2_norm': 4.08316707611084, 'computation_time': 0.04086112976074219, 'batch_time': 0.05788938385376241, 'rtc_check_time': 0.015936297000735067, 'experiment_id': 'exp_20240620_203711', 'client_id': '0'}
[2024-06-20 20:38:07,979][root][INFO] - Added data to batch for client 0: {'round': 4, 'step_no': 392, 'loss': 0.3556210398674011, 'accuracy': 0.9372983574867249, 'l2_norm': 4.164374351501465, 'computation_time': 0.042778968811035156, 'batch_time': 0.04580106162757147, 'rtc_check_time': 0.0016642990085529163, 'experiment_id': 'exp_20240620_203711', 'client_id': '0'}
[2024-06-20 20:38:07,980][root][INFO] - Added data to batch for client 0: {'round': 4, 'step_no': 393, 'loss': 0.31562453508377075, 'accuracy': 0.9368990659713745, 'l2_norm': 4.181725025177002, 'computation_time': 0.04021787643432617, 'batch_time': 0.04405588969530072, 'rtc_check_time': 0.002630899994983338, 'experiment_id': 'exp_20240620_203711', 'client_id': '0'}
[2024-06-20 20:38:07,981][root][INFO] - Added data to batch for client 0: {'round': 4, 'step_no': 394, 'loss': 0.22081483900547028, 'accuracy': 0.9367038011550903, 'l2_norm': 4.233432769775391, 'computation_time': 0.04161810874938965, 'batch_time': 0.044392057199729607, 'rtc_check_time': 0.0015541989996563643, 'experiment_id': 'exp_20240620_203711', 'client_id': '0'}
[2024-06-20 20:38:07,982][root][INFO] - Added data to batch for client 0: {'round': 4, 'step_no': 395, 'loss': 0.5679922103881836, 'accuracy': 0.936313271522522, 'l2_norm': 4.290388107299805, 'computation_time': 0.04439401626586914, 'batch_time': 0.04811462789075449, 'rtc_check_time': 0.0017414989997632802, 'experiment_id': 'exp_20240620_203711', 'client_id': '0'}
[2024-06-20 20:38:07,983][root][INFO] - Added data to batch for client 0: {'round': 4, 'step_no': 396, 'loss': 0.23348486423492432, 'accuracy': 0.9361242055892944, 'l2_norm': 4.292248249053955, 'computation_time': 0.043105125427246094, 'batch_time': 0.04585153266089037, 'rtc_check_time': 0.001511398993898183, 'experiment_id': 'exp_20240620_203711', 'client_id': '0'}
[2024-06-20 20:38:07,984][root][INFO] - Added data to batch for client 0: {'round': 4, 'step_no': 397, 'loss': 0.10966908931732178, 'accuracy': 0.9365234375, 'l2_norm': 4.298899173736572, 'computation_time': 0.047518014907836914, 'batch_time': 0.05140180225134827, 'rtc_check_time': 0.0018979989981744438, 'experiment_id': 'exp_20240620_203711', 'client_id': '0'}
[2024-06-20 20:38:07,985][root][INFO] - Added data to batch for client 0: {'round': 4, 'step_no': 398, 'loss': 0.194646954536438, 'accuracy': 0.9365295171737671, 'l2_norm': 4.370486736297607, 'computation_time': 0.04869699478149414, 'batch_time': 0.051920241909101605, 'rtc_check_time': 0.0018253989983350039, 'experiment_id': 'exp_20240620_203711', 'client_id': '0'}
[2024-06-20 20:38:07,986][root][INFO] - Added data to batch for client 0: {'round': 4, 'step_no': 399, 'loss': 0.30201828479766846, 'accuracy': 0.9363425970077515, 'l2_norm': 4.392688751220703, 'computation_time': 0.05310511589050293, 'batch_time': 0.05827936915738974, 'rtc_check_time': 0.0038104989944258705, 'experiment_id': 'exp_20240620_203711', 'client_id': '0'}
[2024-06-20 20:38:07,987][root][INFO] - Added data to batch for client 0: {'round': 4, 'step_no': 400, 'loss': 0.15288211405277252, 'accuracy': 0.9365414381027222, 'l2_norm': 4.407787322998047, 'computation_time': 0.04902291297912598, 'batch_time': 0.056162108056014404, 'rtc_check_time': 0.005238999001448974, 'experiment_id': 'exp_20240620_203711', 'client_id': '0'}
[2024-06-20 20:38:07,988][root][INFO] - Added data to batch for client 0: {'round': 4, 'step_no': 401, 'loss': 0.24799272418022156, 'accuracy': 0.9365472793579102, 'l2_norm': 4.433910369873047, 'computation_time': 0.04737281799316406, 'batch_time': 0.05130200913117733, 'rtc_check_time': 0.0025620990054449067, 'experiment_id': 'exp_20240620_203711', 'client_id': '0'}
[2024-06-20 20:38:07,989][root][INFO] - Added data to batch for client 0: {'round': 4, 'step_no': 402, 'loss': 0.2534533143043518, 'accuracy': 0.9367424249649048, 'l2_norm': 4.480599403381348, 'computation_time': 0.048822879791259766, 'batch_time': 0.05723386390309315, 'rtc_check_time': 0.0072238980064867064, 'experiment_id': 'exp_20240620_203711', 'client_id': '0'}
[2024-06-20 20:38:07,991][root][INFO] - Added data to batch for client 0: {'round': 4, 'step_no': 403, 'loss': 0.1349942982196808, 'accuracy': 0.9369352459907532, 'l2_norm': 4.527037620544434, 'computation_time': 0.040640830993652344, 'batch_time': 0.04366884840419516, 'rtc_check_time': 0.0014596999972127378, 'experiment_id': 'exp_20240620_203711', 'client_id': '0'}
[2024-06-20 20:38:07,992][root][INFO] - Added data to batch for client 0: {'round': 4, 'step_no': 404, 'loss': 0.14730696380138397, 'accuracy': 0.9371257424354553, 'l2_norm': 4.577271938323975, 'computation_time': 0.04265093803405762, 'batch_time': 0.04648706664738711, 'rtc_check_time': 0.002378199002123438, 'experiment_id': 'exp_20240620_203711', 'client_id': '0'}
[2024-06-20 20:38:07,993][root][INFO] - Added data to batch for client 0: {'round': 4, 'step_no': 405, 'loss': 0.2929721176624298, 'accuracy': 0.9369419813156128, 'l2_norm': 4.595796585083008, 'computation_time': 0.04112601280212402, 'batch_time': 0.04685653185879346, 'rtc_check_time': 0.004518399000517093, 'experiment_id': 'exp_20240620_203711', 'client_id': '0'}
[2024-06-20 20:38:07,994][root][INFO] - Added data to batch for client 0: {'round': 4, 'step_no': 406, 'loss': 0.024056516587734222, 'accuracy': 0.9373151063919067, 'l2_norm': 4.599381446838379, 'computation_time': 0.04258298873901367, 'batch_time': 0.04544886705116369, 'rtc_check_time': 0.0016837989969644696, 'experiment_id': 'exp_20240620_203711', 'client_id': '0'}
[2024-06-20 20:38:07,995][root][INFO] - Added data to batch for client 0: {'round': 4, 'step_no': 407, 'loss': 0.10612624883651733, 'accuracy': 0.9375, 'l2_norm': 4.5974249839782715, 'computation_time': 0.04085111618041992, 'batch_time': 0.043835307224071585, 'rtc_check_time': 0.0018672000005608425, 'experiment_id': 'exp_20240620_203711', 'client_id': '0'}
[2024-06-20 20:38:07,996][root][INFO] - Added data to batch for client 0: {'round': 4, 'step_no': 408, 'loss': 0.0761166363954544, 'accuracy': 0.9376827478408813, 'l2_norm': 4.62321662902832, 'computation_time': 0.04261612892150879, 'batch_time': 0.045754364648018964, 'rtc_check_time': 0.0020612990047084168, 'experiment_id': 'exp_20240620_203711', 'client_id': '0'}
[2024-06-20 20:38:07,997][root][INFO] - Added data to batch for client 0: {'round': 4, 'step_no': 409, 'loss': 0.1436891108751297, 'accuracy': 0.9376816749572754, 'l2_norm': 4.6494975090026855, 'computation_time': 0.04828000068664551, 'batch_time': 0.05135810555657372, 'rtc_check_time': 0.0015682000084780157, 'experiment_id': 'exp_20240620_203711', 'client_id': '0'}
[2024-06-20 20:38:07,998][root][INFO] - Added data to batch for client 0: {'round': 4, 'step_no': 410, 'loss': 0.1555279791355133, 'accuracy': 0.9378612637519836, 'l2_norm': 4.700009346008301, 'computation_time': 0.052600860595703125, 'batch_time': 0.05650382480234839, 'rtc_check_time': 0.0023808999976608902, 'experiment_id': 'exp_20240620_203711', 'client_id': '0'}
[2024-06-20 20:38:07,999][root][INFO] - Added data to batch for client 0: {'round': 4, 'step_no': 411, 'loss': 0.028187261894345284, 'accuracy': 0.9382184147834778, 'l2_norm': 4.693286418914795, 'computation_time': 0.05654716491699219, 'batch_time': 0.06026025729079265, 'rtc_check_time': 0.0019631000031949952, 'experiment_id': 'exp_20240620_203711', 'client_id': '0'}
[2024-06-20 20:38:08,000][root][INFO] - Added data to batch for client 0: {'round': 4, 'step_no': 412, 'loss': 0.10414610803127289, 'accuracy': 0.9382143020629883, 'l2_norm': 4.687232494354248, 'computation_time': 0.057237863540649414, 'batch_time': 0.06061281426809728, 'rtc_check_time': 0.0018207000102847815, 'experiment_id': 'exp_20240620_203711', 'client_id': '0'}
[2024-06-20 20:38:08,001][root][INFO] - Added data to batch for client 0: {'round': 4, 'step_no': 413, 'loss': 0.29198962450027466, 'accuracy': 0.9380326867103577, 'l2_norm': 4.751546382904053, 'computation_time': 0.04440188407897949, 'batch_time': 0.04850370237545576, 'rtc_check_time': 0.0027146990032633767, 'experiment_id': 'exp_20240620_203711', 'client_id': '0'}
[2024-06-20 20:38:08,002][root][INFO] - Added data to batch for client 0: {'round': 4, 'step_no': 414, 'loss': 0.15167397260665894, 'accuracy': 0.9382061958312988, 'l2_norm': 4.806151866912842, 'computation_time': 0.040389060974121094, 'batch_time': 0.04451422824058682, 'rtc_check_time': 0.0030951990047469735, 'experiment_id': 'exp_20240620_203711', 'client_id': '0'}
[2024-06-20 20:38:08,003][root][INFO] - Added batch data list for client 0. New Data Added: 177
[2024-06-20 20:38:08,007][root][INFO] - Batch data saved to /home/psklavos/fl/geom_aio/csv_logs/exp_20240620_203711/clients/client_0/batch.csv
[2024-06-20 20:38:08,007][root][INFO] - Appended data to last row of column distributed_loss in server data for client None
[2024-06-20 20:38:08,007][root][INFO] - Appended data to last row of column distributed_acc in server data for client None
[2024-06-20 20:38:08,007][root][INFO] - Appended {'distributed_loss': 0.13712764283021292, 'distributed_acc': 0.9570000171661377} to the last row of server data
[2024-06-20 20:38:08,008][root][INFO] - Server data saved to /home/psklavos/fl/geom_aio/csv_logs/exp_20240620_203711/server/server.csv
[2024-06-20 20:38:12,325][flwr][DEBUG] - fit_round 5: strategy sampled 3 clients (out of 3)
[2024-06-20 20:38:23,498][flwr][DEBUG] - fit_round 5 received 3 results and 0 failures
[2024-06-20 20:38:23,504][root][INFO] - Added data to server for client None: {'round': 5, 'average_norm': 5.011861801147461, 'round_time': 12.209485188731934, 'average_downlink_time': 0.622801674, 'average_rtc_check_time': 0.7576661200534242, 'average_uplink_time': 0.30340247033333334, 'average_computation_time': 9.707720279693604, 'average_communication_time': 1.6838702643867576, 'average_fit_time': 11.150798718134562, 'average_throughput': 8.172930061072657, 'dropouts': 0, 'experiment_id': 'exp_20240620_203711'}
[2024-06-20 20:38:23,505][root][INFO] - Added server data: {'round': 5, 'average_norm': 5.011861801147461, 'round_time': 12.209485188731934, 'average_downlink_time': 0.622801674, 'average_rtc_check_time': 0.7576661200534242, 'average_uplink_time': 0.30340247033333334, 'average_computation_time': 9.707720279693604, 'average_communication_time': 1.6838702643867576, 'average_fit_time': 11.150798718134562, 'average_throughput': 8.172930061072657, 'dropouts': 0, 'experiment_id': 'exp_20240620_203711'}
[2024-06-20 20:38:23,685][utils.model][INFO] - LeNet model built
[2024-06-20 20:38:23,799][utils.model][INFO] - Size of serialized model: 279.0341796875 kbytes
[2024-06-20 20:38:23,845][utils.model][INFO] - Step 1/40 - val_loss: 0.0356 - val_accuracy: 0.9961
[2024-06-20 20:38:23,865][utils.model][INFO] - Step 2/40 - val_loss: 0.0594 - val_accuracy: 0.9824
[2024-06-20 20:38:23,884][utils.model][INFO] - Step 3/40 - val_loss: 0.0716 - val_accuracy: 0.9779
[2024-06-20 20:38:23,903][utils.model][INFO] - Step 4/40 - val_loss: 0.0776 - val_accuracy: 0.9766
[2024-06-20 20:38:23,921][utils.model][INFO] - Step 5/40 - val_loss: 0.0893 - val_accuracy: 0.9711
[2024-06-20 20:38:23,941][utils.model][INFO] - Step 6/40 - val_loss: 0.0937 - val_accuracy: 0.9701
[2024-06-20 20:38:23,961][utils.model][INFO] - Step 7/40 - val_loss: 0.1032 - val_accuracy: 0.9671
[2024-06-20 20:38:23,980][utils.model][INFO] - Step 8/40 - val_loss: 0.1056 - val_accuracy: 0.9668
[2024-06-20 20:38:24,000][utils.model][INFO] - Step 9/40 - val_loss: 0.1101 - val_accuracy: 0.9648
[2024-06-20 20:38:24,019][utils.model][INFO] - Step 10/40 - val_loss: 0.1059 - val_accuracy: 0.9664
[2024-06-20 20:38:24,039][utils.model][INFO] - Step 11/40 - val_loss: 0.1026 - val_accuracy: 0.9684
[2024-06-20 20:38:24,057][utils.model][INFO] - Step 12/40 - val_loss: 0.1018 - val_accuracy: 0.9688
[2024-06-20 20:38:24,078][utils.model][INFO] - Step 13/40 - val_loss: 0.0996 - val_accuracy: 0.9694
[2024-06-20 20:38:24,097][utils.model][INFO] - Step 14/40 - val_loss: 0.1003 - val_accuracy: 0.9690
[2024-06-20 20:38:24,115][utils.model][INFO] - Step 15/40 - val_loss: 0.1033 - val_accuracy: 0.9682
[2024-06-20 20:38:24,134][utils.model][INFO] - Step 16/40 - val_loss: 0.1049 - val_accuracy: 0.9680
[2024-06-20 20:38:24,154][utils.model][INFO] - Step 17/40 - val_loss: 0.1060 - val_accuracy: 0.9669
[2024-06-20 20:38:24,173][utils.model][INFO] - Step 18/40 - val_loss: 0.1054 - val_accuracy: 0.9666
[2024-06-20 20:38:24,192][utils.model][INFO] - Step 19/40 - val_loss: 0.1049 - val_accuracy: 0.9663
[2024-06-20 20:38:24,211][utils.model][INFO] - Step 20/40 - val_loss: 0.1021 - val_accuracy: 0.9670
[2024-06-20 20:38:24,229][utils.model][INFO] - Step 21/40 - val_loss: 0.0985 - val_accuracy: 0.9682
[2024-06-20 20:38:24,249][utils.model][INFO] - Step 22/40 - val_loss: 0.0952 - val_accuracy: 0.9693
[2024-06-20 20:38:24,269][utils.model][INFO] - Step 23/40 - val_loss: 0.0952 - val_accuracy: 0.9693
[2024-06-20 20:38:24,290][utils.model][INFO] - Step 24/40 - val_loss: 0.0961 - val_accuracy: 0.9688
[2024-06-20 20:38:24,312][utils.model][INFO] - Step 25/40 - val_loss: 0.0932 - val_accuracy: 0.9697
[2024-06-20 20:38:24,339][utils.model][INFO] - Step 26/40 - val_loss: 0.0943 - val_accuracy: 0.9697
[2024-06-20 20:38:24,362][utils.model][INFO] - Step 27/40 - val_loss: 0.0922 - val_accuracy: 0.9702
[2024-06-20 20:38:24,386][utils.model][INFO] - Step 28/40 - val_loss: 0.0894 - val_accuracy: 0.9711
[2024-06-20 20:38:24,405][utils.model][INFO] - Step 29/40 - val_loss: 0.0870 - val_accuracy: 0.9721
[2024-06-20 20:38:24,424][utils.model][INFO] - Step 30/40 - val_loss: 0.0857 - val_accuracy: 0.9724
[2024-06-20 20:38:24,444][utils.model][INFO] - Step 31/40 - val_loss: 0.0846 - val_accuracy: 0.9727
[2024-06-20 20:38:24,464][utils.model][INFO] - Step 32/40 - val_loss: 0.0834 - val_accuracy: 0.9731
[2024-06-20 20:38:24,482][utils.model][INFO] - Step 33/40 - val_loss: 0.0816 - val_accuracy: 0.9737
[2024-06-20 20:38:24,503][utils.model][INFO] - Step 34/40 - val_loss: 0.0796 - val_accuracy: 0.9745
[2024-06-20 20:38:24,523][utils.model][INFO] - Step 35/40 - val_loss: 0.0774 - val_accuracy: 0.9752
[2024-06-20 20:38:24,541][utils.model][INFO] - Step 36/40 - val_loss: 0.0770 - val_accuracy: 0.9753
[2024-06-20 20:38:24,561][utils.model][INFO] - Step 37/40 - val_loss: 0.0754 - val_accuracy: 0.9757
[2024-06-20 20:38:24,582][utils.model][INFO] - Step 38/40 - val_loss: 0.0752 - val_accuracy: 0.9757
[2024-06-20 20:38:24,604][utils.model][INFO] - Step 39/40 - val_loss: 0.0780 - val_accuracy: 0.9749
[2024-06-20 20:38:24,614][utils.model][INFO] - Step 40/40 - val_loss: 0.0761 - val_accuracy: 0.9749
[2024-06-20 20:38:24,616][utils.model][INFO] - Evaluation Results - Val Loss: 0.0761, Val Accuracy: 0.9749 in 40 steps
[2024-06-20 20:38:24,617][root][INFO] - Appended data to last row of column centralized_loss in server data for client None
[2024-06-20 20:38:24,618][root][INFO] - Appended data to last row of column centralized_acc in server data for client None
[2024-06-20 20:38:24,618][root][INFO] - Appended {'centralized_loss': 0.07614353, 'centralized_acc': 0.9749} to the last row of server data
[2024-06-20 20:38:24,618][flwr][INFO] - fit progress: (5, 0.07614353, {'accuracy': 0.9749}, 63.08961549200467)
[2024-06-20 20:38:24,618][flwr][DEBUG] - evaluate_round 5: strategy sampled 3 clients (out of 3)
[2024-06-20 20:38:25,242][flwr][DEBUG] - evaluate_round 5 received 3 results and 0 failures
[2024-06-20 20:38:25,245][root][INFO] - Added data to epoch for client 0: {'round': 5, 'epoch_steps': 218, 'total_steps': 632, 'l2_norm': 4.920355796813965, 'total_computation_time': 9.788309097290039, 'total_rtc_check_time': 0.6648659690836212, 'total_duration': 11.150938987731934, 'val_loss': 0.08670433610677719, 'val_accuracy': 0.968999981880188, 'experiment_id': 'exp_20240620_203711', 'client_id': '0'}
[2024-06-20 20:38:25,245][root][INFO] - Added epoch data for client 0: {'round': 5, 'epoch_steps': 218, 'total_steps': 632, 'l2_norm': 4.920355796813965, 'total_computation_time': 9.788309097290039, 'total_rtc_check_time': 0.6648659690836212, 'total_duration': 11.150938987731934, 'val_loss': 0.08670433610677719, 'val_accuracy': 0.968999981880188, 'experiment_id': 'exp_20240620_203711', 'client_id': '0'}
[2024-06-20 20:38:25,246][root][INFO] - Epoch data saved to /home/psklavos/fl/geom_aio/csv_logs/exp_20240620_203711/clients/client_0/epoch.csv
[2024-06-20 20:38:25,247][root][INFO] - Added data to batch for client 0: {'round': 5, 'step_no': 415, 'loss': 0.21190467476844788, 'accuracy': 0.9375, 'l2_norm': 0.06150509789586067, 'computation_time': 0.05221915245056152, 'batch_time': 0.05490997419110499, 'rtc_check_time': 0.001488000008976087, 'experiment_id': 'exp_20240620_203711', 'client_id': '0'}
[2024-06-20 20:38:25,249][root][INFO] - Added data to batch for client 0: {'round': 5, 'step_no': 416, 'loss': 0.03342965990304947, 'accuracy': 0.96875, 'l2_norm': 0.05693363398313522, 'computation_time': 0.04978799819946289, 'batch_time': 0.052981690532760695, 'rtc_check_time': 0.0017905989952851087, 'experiment_id': 'exp_20240620_203711', 'client_id': '0'}
[2024-06-20 20:38:25,250][root][INFO] - Added data to batch for client 0: {'round': 5, 'step_no': 417, 'loss': 0.23724138736724854, 'accuracy': 0.9479166865348816, 'l2_norm': 0.10344131290912628, 'computation_time': 0.05286216735839844, 'batch_time': 0.060732255384209566, 'rtc_check_time': 0.005290398999932222, 'experiment_id': 'exp_20240620_203711', 'client_id': '0'}
[2024-06-20 20:38:25,251][root][INFO] - Added data to batch for client 0: {'round': 5, 'step_no': 418, 'loss': 0.02034376561641693, 'accuracy': 0.9609375, 'l2_norm': 0.09663642942905426, 'computation_time': 0.039093971252441406, 'batch_time': 0.043405529082519934, 'rtc_check_time': 0.0029303990013431758, 'experiment_id': 'exp_20240620_203711', 'client_id': '0'}
[2024-06-20 20:38:25,252][root][INFO] - Added data to batch for client 0: {'round': 5, 'step_no': 419, 'loss': 0.016678370535373688, 'accuracy': 0.96875, 'l2_norm': 0.09795024245977402, 'computation_time': 0.03812694549560547, 'batch_time': 0.04911462633754127, 'rtc_check_time': 0.009947698999894783, 'experiment_id': 'exp_20240620_203711', 'client_id': '0'}
[2024-06-20 20:38:25,253][root][INFO] - Added data to batch for client 0: {'round': 5, 'step_no': 420, 'loss': 0.0762602910399437, 'accuracy': 0.96875, 'l2_norm': 0.10099239647388458, 'computation_time': 0.03900003433227539, 'batch_time': 0.04322451255575288, 'rtc_check_time': 0.00308459899679292, 'experiment_id': 'exp_20240620_203711', 'client_id': '0'}
[2024-06-20 20:38:25,254][root][INFO] - Added data to batch for client 0: {'round': 5, 'step_no': 421, 'loss': 0.12813973426818848, 'accuracy': 0.9642857313156128, 'l2_norm': 0.15227843821048737, 'computation_time': 0.0384221076965332, 'batch_time': 0.04326445054903161, 'rtc_check_time': 0.0037994999875081703, 'experiment_id': 'exp_20240620_203711', 'client_id': '0'}
[2024-06-20 20:38:25,256][root][INFO] - Added data to batch for client 0: {'round': 5, 'step_no': 422, 'loss': 0.06870289146900177, 'accuracy': 0.96484375, 'l2_norm': 0.17171499133110046, 'computation_time': 0.03954195976257324, 'batch_time': 0.04239914104982745, 'rtc_check_time': 0.0016061990027083084, 'experiment_id': 'exp_20240620_203711', 'client_id': '0'}
[2024-06-20 20:38:25,257][root][INFO] - Added data to batch for client 0: {'round': 5, 'step_no': 423, 'loss': 0.11690221726894379, 'accuracy': 0.9618055820465088, 'l2_norm': 0.21100114285945892, 'computation_time': 0.043129920959472656, 'batch_time': 0.045977856920217164, 'rtc_check_time': 0.001596000001882203, 'experiment_id': 'exp_20240620_203711', 'client_id': '0'}
[2024-06-20 20:38:25,258][root][INFO] - Added data to batch for client 0: {'round': 5, 'step_no': 424, 'loss': 0.12881439924240112, 'accuracy': 0.9593750238418579, 'l2_norm': 0.23550130426883698, 'computation_time': 0.039186954498291016, 'batch_time': 0.04274877050193027, 'rtc_check_time': 0.0024607990053482354, 'experiment_id': 'exp_20240620_203711', 'client_id': '0'}
[2024-06-20 20:38:25,259][root][INFO] - Added data to batch for client 0: {'round': 5, 'step_no': 425, 'loss': 0.3731303811073303, 'accuracy': 0.9573863744735718, 'l2_norm': 0.2897063195705414, 'computation_time': 0.03946805000305176, 'batch_time': 0.04297559583210386, 'rtc_check_time': 0.0023957999947015196, 'experiment_id': 'exp_20240620_203711', 'client_id': '0'}
[2024-06-20 20:38:25,260][root][INFO] - Added data to batch for client 0: {'round': 5, 'step_no': 426, 'loss': 0.09260134398937225, 'accuracy': 0.9583333134651184, 'l2_norm': 0.2898237705230713, 'computation_time': 0.04377412796020508, 'batch_time': 0.0467091288883239, 'rtc_check_time': 0.001750299008563161, 'experiment_id': 'exp_20240620_203711', 'client_id': '0'}
[2024-06-20 20:38:25,262][root][INFO] - Added data to batch for client 0: {'round': 5, 'step_no': 427, 'loss': 0.13375477492809296, 'accuracy': 0.9567307829856873, 'l2_norm': 0.276820570230484, 'computation_time': 0.03979802131652832, 'batch_time': 0.04791414148348849, 'rtc_check_time': 0.006910198993864469, 'experiment_id': 'exp_20240620_203711', 'client_id': '0'}
[2024-06-20 20:38:25,263][root][INFO] - Added data to batch for client 0: {'round': 5, 'step_no': 428, 'loss': 0.21369658410549164, 'accuracy': 0.9553571343421936, 'l2_norm': 0.34401199221611023, 'computation_time': 0.04062199592590332, 'batch_time': 0.04408813908230513, 'rtc_check_time': 0.002345098997466266, 'experiment_id': 'exp_20240620_203711', 'client_id': '0'}
[2024-06-20 20:38:25,264][root][INFO] - Added data to batch for client 0: {'round': 5, 'step_no': 429, 'loss': 0.24481531977653503, 'accuracy': 0.9541666507720947, 'l2_norm': 0.36449888348579407, 'computation_time': 0.03994393348693848, 'batch_time': 0.04356303012173157, 'rtc_check_time': 0.002533100006985478, 'experiment_id': 'exp_20240620_203711', 'client_id': '0'}
[2024-06-20 20:38:25,266][root][INFO] - Added data to batch for client 0: {'round': 5, 'step_no': 430, 'loss': 0.12484773993492126, 'accuracy': 0.955078125, 'l2_norm': 0.3556842505931854, 'computation_time': 0.04116201400756836, 'batch_time': 0.04506908720941283, 'rtc_check_time': 0.0027392990014050156, 'experiment_id': 'exp_20240620_203711', 'client_id': '0'}
[2024-06-20 20:38:25,267][root][INFO] - Added data to batch for client 0: {'round': 5, 'step_no': 431, 'loss': 0.10989192873239517, 'accuracy': 0.9558823704719543, 'l2_norm': 0.3648975193500519, 'computation_time': 0.04439711570739746, 'batch_time': 0.04834716493496671, 'rtc_check_time': 0.0023021000088192523, 'experiment_id': 'exp_20240620_203711', 'client_id': '0'}
[2024-06-20 20:38:25,268][root][INFO] - Added data to batch for client 0: {'round': 5, 'step_no': 432, 'loss': 0.13717560470104218, 'accuracy': 0.9548611044883728, 'l2_norm': 0.40682253241539, 'computation_time': 0.0420839786529541, 'batch_time': 0.04937226255424321, 'rtc_check_time': 0.006137199001386762, 'experiment_id': 'exp_20240620_203711', 'client_id': '0'}
[2024-06-20 20:38:25,269][root][INFO] - Added data to batch for client 0: {'round': 5, 'step_no': 433, 'loss': 0.11027480661869049, 'accuracy': 0.9555920958518982, 'l2_norm': 0.4033137559890747, 'computation_time': 0.04592084884643555, 'batch_time': 0.04941376058559399, 'rtc_check_time': 0.0019357999990461394, 'experiment_id': 'exp_20240620_203711', 'client_id': '0'}
[2024-06-20 20:38:25,270][root][INFO] - Added data to batch for client 0: {'round': 5, 'step_no': 434, 'loss': 0.08575340360403061, 'accuracy': 0.956250011920929, 'l2_norm': 0.4087526798248291, 'computation_time': 0.042122840881347656, 'batch_time': 0.04641804263519589, 'rtc_check_time': 0.0031949000112945214, 'experiment_id': 'exp_20240620_203711', 'client_id': '0'}
[2024-06-20 20:38:25,272][root][INFO] - Added data to batch for client 0: {'round': 5, 'step_no': 435, 'loss': 0.22465378046035767, 'accuracy': 0.9553571343421936, 'l2_norm': 0.44640329480171204, 'computation_time': 0.038748979568481445, 'batch_time': 0.04326958941237535, 'rtc_check_time': 0.003385498988791369, 'experiment_id': 'exp_20240620_203711', 'client_id': '0'}
[2024-06-20 20:38:25,273][root][INFO] - Added data to batch for client 0: {'round': 5, 'step_no': 436, 'loss': 0.01251831091940403, 'accuracy': 0.9573863744735718, 'l2_norm': 0.4465009570121765, 'computation_time': 0.042320966720581055, 'batch_time': 0.04695386873208918, 'rtc_check_time': 0.0034060000034514815, 'experiment_id': 'exp_20240620_203711', 'client_id': '0'}
[2024-06-20 20:38:25,274][root][INFO] - Added data to batch for client 0: {'round': 5, 'step_no': 437, 'loss': 0.07885203510522842, 'accuracy': 0.95923912525177, 'l2_norm': 0.47782444953918457, 'computation_time': 0.04484105110168457, 'batch_time': 0.04827418782224413, 'rtc_check_time': 0.0021482989977812394, 'experiment_id': 'exp_20240620_203711', 'client_id': '0'}
[2024-06-20 20:38:25,276][root][INFO] - Added data to batch for client 0: {'round': 5, 'step_no': 438, 'loss': 0.02548862434923649, 'accuracy': 0.9609375, 'l2_norm': 0.46851155161857605, 'computation_time': 0.04418611526489258, 'batch_time': 0.048359526685089804, 'rtc_check_time': 0.0030414000066230074, 'experiment_id': 'exp_20240620_203711', 'client_id': '0'}
[2024-06-20 20:38:25,277][root][INFO] - Added data to batch for client 0: {'round': 5, 'step_no': 439, 'loss': 0.14440691471099854, 'accuracy': 0.9587500095367432, 'l2_norm': 0.5144674777984619, 'computation_time': 0.04048299789428711, 'batch_time': 0.04475376087066252, 'rtc_check_time': 0.003131599005428143, 'experiment_id': 'exp_20240620_203711', 'client_id': '0'}
[2024-06-20 20:38:25,278][root][INFO] - Added data to batch for client 0: {'round': 5, 'step_no': 440, 'loss': 0.18523870408535004, 'accuracy': 0.957932710647583, 'l2_norm': 0.5453454256057739, 'computation_time': 0.04224991798400879, 'batch_time': 0.045147780096158385, 'rtc_check_time': 0.0016258989926427603, 'experiment_id': 'exp_20240620_203711', 'client_id': '0'}
[2024-06-20 20:38:25,279][root][INFO] - Added data to batch for client 0: {'round': 5, 'step_no': 441, 'loss': 0.25042593479156494, 'accuracy': 0.9571759104728699, 'l2_norm': 0.5950648188591003, 'computation_time': 0.048738956451416016, 'batch_time': 0.052422247812501155, 'rtc_check_time': 0.002141199991456233, 'experiment_id': 'exp_20240620_203711', 'client_id': '0'}
[2024-06-20 20:38:25,281][root][INFO] - Added data to batch for client 0: {'round': 5, 'step_no': 442, 'loss': 0.22021445631980896, 'accuracy': 0.9553571343421936, 'l2_norm': 0.5860336422920227, 'computation_time': 0.04007315635681152, 'batch_time': 0.04391648311866447, 'rtc_check_time': 0.00266840000404045, 'experiment_id': 'exp_20240620_203711', 'client_id': '0'}
[2024-06-20 20:38:25,282][root][INFO] - Added data to batch for client 0: {'round': 5, 'step_no': 443, 'loss': 0.060888148844242096, 'accuracy': 0.9558189511299133, 'l2_norm': 0.6068683862686157, 'computation_time': 0.04010581970214844, 'batch_time': 0.04263065932900645, 'rtc_check_time': 0.0014695989957544953, 'experiment_id': 'exp_20240620_203711', 'client_id': '0'}
[2024-06-20 20:38:25,283][root][INFO] - Added data to batch for client 0: {'round': 5, 'step_no': 444, 'loss': 0.16878682374954224, 'accuracy': 0.9552083611488342, 'l2_norm': 0.6428874135017395, 'computation_time': 0.0402371883392334, 'batch_time': 0.043844330648425967, 'rtc_check_time': 0.0025612000026740134, 'experiment_id': 'exp_20240620_203711', 'client_id': '0'}
[2024-06-20 20:38:25,284][root][INFO] - Added data to batch for client 0: {'round': 5, 'step_no': 445, 'loss': 0.15789766609668732, 'accuracy': 0.9556451439857483, 'l2_norm': 0.6867798566818237, 'computation_time': 0.04647397994995117, 'batch_time': 0.04922595609968994, 'rtc_check_time': 0.0014669000083813444, 'experiment_id': 'exp_20240620_203711', 'client_id': '0'}
[2024-06-20 20:38:25,286][root][INFO] - Added data to batch for client 0: {'round': 5, 'step_no': 446, 'loss': 0.48710644245147705, 'accuracy': 0.955078125, 'l2_norm': 0.7177380323410034, 'computation_time': 0.04456591606140137, 'batch_time': 0.04763248442031909, 'rtc_check_time': 0.001994400008697994, 'experiment_id': 'exp_20240620_203711', 'client_id': '0'}
[2024-06-20 20:38:25,288][root][INFO] - Added data to batch for client 0: {'round': 5, 'step_no': 447, 'loss': 0.3506370186805725, 'accuracy': 0.9535984992980957, 'l2_norm': 0.7651209235191345, 'computation_time': 0.04300093650817871, 'batch_time': 0.04564757442858536, 'rtc_check_time': 0.0015336999931605533, 'experiment_id': 'exp_20240620_203711', 'client_id': '0'}
[2024-06-20 20:38:25,289][root][INFO] - Added data to batch for client 0: {'round': 5, 'step_no': 448, 'loss': 0.04002871364355087, 'accuracy': 0.954963207244873, 'l2_norm': 0.7554447650909424, 'computation_time': 0.04556584358215332, 'batch_time': 0.04937696625711396, 'rtc_check_time': 0.0024909990024752915, 'experiment_id': 'exp_20240620_203711', 'client_id': '0'}
[2024-06-20 20:38:25,290][root][INFO] - Added data to batch for client 0: {'round': 5, 'step_no': 449, 'loss': 0.16677255928516388, 'accuracy': 0.9553571343421936, 'l2_norm': 0.7708864212036133, 'computation_time': 0.04438185691833496, 'batch_time': 0.05103249252715614, 'rtc_check_time': 0.005359599002986215, 'experiment_id': 'exp_20240620_203711', 'client_id': '0'}
[2024-06-20 20:38:25,291][root][INFO] - Added data to batch for client 0: {'round': 5, 'step_no': 450, 'loss': 0.2886161804199219, 'accuracy': 0.9539930820465088, 'l2_norm': 0.8021381497383118, 'computation_time': 0.041188955307006836, 'batch_time': 0.04366208468854893, 'rtc_check_time': 0.0013981000083731487, 'experiment_id': 'exp_20240620_203711', 'client_id': '0'}
[2024-06-20 20:38:25,292][root][INFO] - Added data to batch for client 0: {'round': 5, 'step_no': 451, 'loss': 0.10281696915626526, 'accuracy': 0.9543918967247009, 'l2_norm': 0.8167288899421692, 'computation_time': 0.04447793960571289, 'batch_time': 0.04736479007988237, 'rtc_check_time': 0.0015075989940669388, 'experiment_id': 'exp_20240620_203711', 'client_id': '0'}
[2024-06-20 20:38:25,293][root][INFO] - Added data to batch for client 0: {'round': 5, 'step_no': 452, 'loss': 0.05991136282682419, 'accuracy': 0.9555920958518982, 'l2_norm': 0.8204264044761658, 'computation_time': 0.05349612236022949, 'batch_time': 0.057539135217666626, 'rtc_check_time': 0.0022841989994049072, 'experiment_id': 'exp_20240620_203711', 'client_id': '0'}
[2024-06-20 20:38:25,295][root][INFO] - Added data to batch for client 0: {'round': 5, 'step_no': 453, 'loss': 0.12320686131715775, 'accuracy': 0.9559294581413269, 'l2_norm': 0.8182346224784851, 'computation_time': 0.046514034271240234, 'batch_time': 0.056556302748504095, 'rtc_check_time': 0.008768398009124212, 'experiment_id': 'exp_20240620_203711', 'client_id': '0'}
[2024-06-20 20:38:25,296][root][INFO] - Added data to batch for client 0: {'round': 5, 'step_no': 454, 'loss': 0.4909414052963257, 'accuracy': 0.9554687738418579, 'l2_norm': 0.8713325262069702, 'computation_time': 0.04748201370239258, 'batch_time': 0.051173344283597544, 'rtc_check_time': 0.002372399001615122, 'experiment_id': 'exp_20240620_203711', 'client_id': '0'}
[2024-06-20 20:38:25,297][root][INFO] - Added data to batch for client 0: {'round': 5, 'step_no': 455, 'loss': 0.17218080163002014, 'accuracy': 0.9550305008888245, 'l2_norm': 0.8717579245567322, 'computation_time': 0.042617082595825195, 'batch_time': 0.05882625388039742, 'rtc_check_time': 0.014999196995631792, 'experiment_id': 'exp_20240620_203711', 'client_id': '0'}
[2024-06-20 20:38:25,298][root][INFO] - Added data to batch for client 0: {'round': 5, 'step_no': 456, 'loss': 0.066291943192482, 'accuracy': 0.9553571343421936, 'l2_norm': 0.8686687350273132, 'computation_time': 0.0441129207611084, 'batch_time': 0.04804222492384724, 'rtc_check_time': 0.0025490990083198994, 'experiment_id': 'exp_20240620_203711', 'client_id': '0'}
[2024-06-20 20:38:25,300][root][INFO] - Added data to batch for client 0: {'round': 5, 'step_no': 457, 'loss': 0.06134031340479851, 'accuracy': 0.9556686282157898, 'l2_norm': 0.8749163150787354, 'computation_time': 0.04006505012512207, 'batch_time': 0.04564687282254454, 'rtc_check_time': 0.004517998997471295, 'experiment_id': 'exp_20240620_203711', 'client_id': '0'}
[2024-06-20 20:38:25,301][root][INFO] - Added data to batch for client 0: {'round': 5, 'step_no': 458, 'loss': 0.04870273917913437, 'accuracy': 0.9566761255264282, 'l2_norm': 0.876498818397522, 'computation_time': 0.03978896141052246, 'batch_time': 0.04256817162968218, 'rtc_check_time': 0.0016832000110298395, 'experiment_id': 'exp_20240620_203711', 'client_id': '0'}
[2024-06-20 20:38:25,304][root][INFO] - Added data to batch for client 0: {'round': 5, 'step_no': 459, 'loss': 0.20009654760360718, 'accuracy': 0.956250011920929, 'l2_norm': 0.9166271090507507, 'computation_time': 0.04450392723083496, 'batch_time': 0.04728098738996778, 'rtc_check_time': 0.0015740000089863315, 'experiment_id': 'exp_20240620_203711', 'client_id': '0'}
[2024-06-20 20:38:25,306][root][INFO] - Added data to batch for client 0: {'round': 5, 'step_no': 460, 'loss': 0.22433696687221527, 'accuracy': 0.9558423757553101, 'l2_norm': 0.9175640344619751, 'computation_time': 0.04007387161254883, 'batch_time': 0.04497550742235035, 'rtc_check_time': 0.0037824989994987845, 'experiment_id': 'exp_20240620_203711', 'client_id': '0'}
[2024-06-20 20:38:25,309][root][INFO] - Added data to batch for client 0: {'round': 5, 'step_no': 461, 'loss': 0.08683323115110397, 'accuracy': 0.9561170339584351, 'l2_norm': 0.924647331237793, 'computation_time': 0.04049801826477051, 'batch_time': 0.04436353250639513, 'rtc_check_time': 0.0027973990072496235, 'experiment_id': 'exp_20240620_203711', 'client_id': '0'}
[2024-06-20 20:38:25,311][root][INFO] - Added data to batch for client 0: {'round': 5, 'step_no': 462, 'loss': 0.30881085991859436, 'accuracy': 0.9544270634651184, 'l2_norm': 1.002105712890625, 'computation_time': 0.04333209991455078, 'batch_time': 0.04613825905835256, 'rtc_check_time': 0.0016030989936552942, 'experiment_id': 'exp_20240620_203711', 'client_id': '0'}
[2024-06-20 20:38:25,313][root][INFO] - Added data to batch for client 0: {'round': 5, 'step_no': 463, 'loss': 0.07255123555660248, 'accuracy': 0.9553571343421936, 'l2_norm': 1.011056661605835, 'computation_time': 0.042405128479003906, 'batch_time': 0.04517523551476188, 'rtc_check_time': 0.001571100001456216, 'experiment_id': 'exp_20240620_203711', 'client_id': '0'}
[2024-06-20 20:38:25,316][root][INFO] - Added data to batch for client 0: {'round': 5, 'step_no': 464, 'loss': 0.058489710092544556, 'accuracy': 0.9556249976158142, 'l2_norm': 1.0060820579528809, 'computation_time': 0.04685616493225098, 'batch_time': 0.0563681405474199, 'rtc_check_time': 0.008272199003840797, 'experiment_id': 'exp_20240620_203711', 'client_id': '0'}
[2024-06-20 20:38:25,317][root][INFO] - Added data to batch for client 0: {'round': 5, 'step_no': 465, 'loss': 0.22514976561069489, 'accuracy': 0.9552696347236633, 'l2_norm': 1.0435339212417603, 'computation_time': 0.048727989196777344, 'batch_time': 0.0590446427668212, 'rtc_check_time': 0.008874698003637604, 'experiment_id': 'exp_20240620_203711', 'client_id': '0'}
[2024-06-20 20:38:25,318][root][INFO] - Added data to batch for client 0: {'round': 5, 'step_no': 466, 'loss': 0.07810239493846893, 'accuracy': 0.9555288553237915, 'l2_norm': 1.0578663349151611, 'computation_time': 0.0629880428314209, 'batch_time': 0.07724062947090715, 'rtc_check_time': 0.01239649800118059, 'experiment_id': 'exp_20240620_203711', 'client_id': '0'}
[2024-06-20 20:38:25,320][root][INFO] - Added data to batch for client 0: {'round': 5, 'step_no': 467, 'loss': 0.17314457893371582, 'accuracy': 0.9545990824699402, 'l2_norm': 1.1230469942092896, 'computation_time': 0.04967999458312988, 'batch_time': 0.05906916361709591, 'rtc_check_time': 0.0073072980012511835, 'experiment_id': 'exp_20240620_203711', 'client_id': '0'}
[2024-06-20 20:38:25,321][root][INFO] - Added data to batch for client 0: {'round': 5, 'step_no': 468, 'loss': 0.14192412793636322, 'accuracy': 0.9542824029922485, 'l2_norm': 1.1527804136276245, 'computation_time': 0.050050973892211914, 'batch_time': 0.0542356813675724, 'rtc_check_time': 0.0027746999985538423, 'experiment_id': 'exp_20240620_203711', 'client_id': '0'}
[2024-06-20 20:38:25,322][root][INFO] - Added data to batch for client 0: {'round': 5, 'step_no': 469, 'loss': 0.2832134962081909, 'accuracy': 0.9534090757369995, 'l2_norm': 1.1766327619552612, 'computation_time': 0.04782605171203613, 'batch_time': 0.051925136605859734, 'rtc_check_time': 0.002740098992944695, 'experiment_id': 'exp_20240620_203711', 'client_id': '0'}
[2024-06-20 20:38:25,323][root][INFO] - Added data to batch for client 0: {'round': 5, 'step_no': 470, 'loss': 0.03407035022974014, 'accuracy': 0.9542410969734192, 'l2_norm': 1.1612228155136108, 'computation_time': 0.04805898666381836, 'batch_time': 0.05205057398416102, 'rtc_check_time': 0.002560599008575082, 'experiment_id': 'exp_20240620_203711', 'client_id': '0'}
[2024-06-20 20:38:25,325][root][INFO] - Added data to batch for client 0: {'round': 5, 'step_no': 471, 'loss': 0.06764428317546844, 'accuracy': 0.9544956088066101, 'l2_norm': 1.153793454170227, 'computation_time': 0.058218955993652344, 'batch_time': 0.06111636201967485, 'rtc_check_time': 0.001698398991720751, 'experiment_id': 'exp_20240620_203711', 'client_id': '0'}
[2024-06-20 20:38:25,327][root][INFO] - Added data to batch for client 0: {'round': 5, 'step_no': 472, 'loss': 0.06305763125419617, 'accuracy': 0.954741358757019, 'l2_norm': 1.1531418561935425, 'computation_time': 0.04844808578491211, 'batch_time': 0.05447745119454339, 'rtc_check_time': 0.004471299995202571, 'experiment_id': 'exp_20240620_203711', 'client_id': '0'}
[2024-06-20 20:38:25,328][root][INFO] - Added data to batch for client 0: {'round': 5, 'step_no': 473, 'loss': 0.1597720980644226, 'accuracy': 0.9549788236618042, 'l2_norm': 1.175842046737671, 'computation_time': 0.04977583885192871, 'batch_time': 0.05396944597305264, 'rtc_check_time': 0.0027444989973446354, 'experiment_id': 'exp_20240620_203711', 'client_id': '0'}
[2024-06-20 20:38:25,329][root][INFO] - Added data to batch for client 0: {'round': 5, 'step_no': 474, 'loss': 0.08746740221977234, 'accuracy': 0.9552083611488342, 'l2_norm': 1.187709927558899, 'computation_time': 0.0471959114074707, 'batch_time': 0.0537455091252923, 'rtc_check_time': 0.005213500000536442, 'experiment_id': 'exp_20240620_203711', 'client_id': '0'}
[2024-06-20 20:38:25,330][root][INFO] - Added data to batch for client 0: {'round': 5, 'step_no': 475, 'loss': 0.1577085256576538, 'accuracy': 0.9554303288459778, 'l2_norm': 1.2149354219436646, 'computation_time': 0.047428131103515625, 'batch_time': 0.05227878864388913, 'rtc_check_time': 0.0033397990046069026, 'experiment_id': 'exp_20240620_203711', 'client_id': '0'}
[2024-06-20 20:38:25,332][root][INFO] - Added data to batch for client 0: {'round': 5, 'step_no': 476, 'loss': 0.10721005499362946, 'accuracy': 0.9551411271095276, 'l2_norm': 1.2555665969848633, 'computation_time': 0.05515313148498535, 'batch_time': 0.058062481781234965, 'rtc_check_time': 0.0016144989931490272, 'experiment_id': 'exp_20240620_203711', 'client_id': '0'}
[2024-06-20 20:38:25,333][root][INFO] - Added data to batch for client 0: {'round': 5, 'step_no': 477, 'loss': 0.03880511224269867, 'accuracy': 0.9558531641960144, 'l2_norm': 1.2372517585754395, 'computation_time': 0.04637598991394043, 'batch_time': 0.05200917173351627, 'rtc_check_time': 0.004128999004024081, 'experiment_id': 'exp_20240620_203711', 'client_id': '0'}
[2024-06-20 20:38:25,333][root][INFO] - Added data to batch for client 0: {'round': 5, 'step_no': 478, 'loss': 0.15834778547286987, 'accuracy': 0.9560546875, 'l2_norm': 1.2790626287460327, 'computation_time': 0.05096077919006348, 'batch_time': 0.05924768641125411, 'rtc_check_time': 0.006795599008910358, 'experiment_id': 'exp_20240620_203711', 'client_id': '0'}
[2024-06-20 20:38:25,334][root][INFO] - Added data to batch for client 0: {'round': 5, 'step_no': 479, 'loss': 0.048194076865911484, 'accuracy': 0.956250011920929, 'l2_norm': 1.3338046073913574, 'computation_time': 0.04895901679992676, 'batch_time': 0.05786927715234924, 'rtc_check_time': 0.0074632979958551005, 'experiment_id': 'exp_20240620_203711', 'client_id': '0'}
[2024-06-20 20:38:25,335][root][INFO] - Added data to batch for client 0: {'round': 5, 'step_no': 480, 'loss': 0.08766615390777588, 'accuracy': 0.9564393758773804, 'l2_norm': 1.335096836090088, 'computation_time': 0.04801511764526367, 'batch_time': 0.05246840727340896, 'rtc_check_time': 0.0029924989939900115, 'experiment_id': 'exp_20240620_203711', 'client_id': '0'}
[2024-06-20 20:38:25,337][root][INFO] - Added data to batch for client 0: {'round': 5, 'step_no': 481, 'loss': 0.27417483925819397, 'accuracy': 0.9552238583564758, 'l2_norm': 1.339536428451538, 'computation_time': 0.051299095153808594, 'batch_time': 0.05455184589663986, 'rtc_check_time': 0.0017468989972257987, 'experiment_id': 'exp_20240620_203711', 'client_id': '0'}
[2024-06-20 20:38:25,338][root][INFO] - Added data to batch for client 0: {'round': 5, 'step_no': 482, 'loss': 0.2630343437194824, 'accuracy': 0.954963207244873, 'l2_norm': 1.369715929031372, 'computation_time': 0.06449604034423828, 'batch_time': 0.06780256160709541, 'rtc_check_time': 0.0018504990002838895, 'experiment_id': 'exp_20240620_203711', 'client_id': '0'}
[2024-06-20 20:38:25,339][root][INFO] - Added data to batch for client 0: {'round': 5, 'step_no': 483, 'loss': 0.4926939606666565, 'accuracy': 0.9542572498321533, 'l2_norm': 1.4744528532028198, 'computation_time': 0.06920695304870605, 'batch_time': 0.07232812722213566, 'rtc_check_time': 0.0016971000004559755, 'experiment_id': 'exp_20240620_203711', 'client_id': '0'}
[2024-06-20 20:38:25,340][root][INFO] - Added data to batch for client 0: {'round': 5, 'step_no': 484, 'loss': 0.2546950578689575, 'accuracy': 0.9544642567634583, 'l2_norm': 1.4789780378341675, 'computation_time': 0.056449174880981445, 'batch_time': 0.059301920598954894, 'rtc_check_time': 0.0015268999995896593, 'experiment_id': 'exp_20240620_203711', 'client_id': '0'}
[2024-06-20 20:38:25,341][root][INFO] - Added data to batch for client 0: {'round': 5, 'step_no': 485, 'loss': 0.10770564526319504, 'accuracy': 0.95466548204422, 'l2_norm': 1.468669056892395, 'computation_time': 0.05892205238342285, 'batch_time': 0.06369330635061488, 'rtc_check_time': 0.002210400009062141, 'experiment_id': 'exp_20240620_203711', 'client_id': '0'}
[2024-06-20 20:38:25,342][root][INFO] - Added data to batch for client 0: {'round': 5, 'step_no': 486, 'loss': 0.048172011971473694, 'accuracy': 0.9552951455116272, 'l2_norm': 1.461617112159729, 'computation_time': 0.06507301330566406, 'batch_time': 0.06804008888138924, 'rtc_check_time': 0.0016788999928394333, 'experiment_id': 'exp_20240620_203711', 'client_id': '0'}
[2024-06-20 20:38:25,343][root][INFO] - Added data to batch for client 0: {'round': 5, 'step_no': 487, 'loss': 0.06542894244194031, 'accuracy': 0.9554794430732727, 'l2_norm': 1.486230492591858, 'computation_time': 0.04993796348571777, 'batch_time': 0.05687687292811461, 'rtc_check_time': 0.005459998996229842, 'experiment_id': 'exp_20240620_203711', 'client_id': '0'}
[2024-06-20 20:38:25,344][root][INFO] - Added data to batch for client 0: {'round': 5, 'step_no': 488, 'loss': 0.056031934916973114, 'accuracy': 0.9556587934494019, 'l2_norm': 1.4789793491363525, 'computation_time': 0.04699206352233887, 'batch_time': 0.05051892205665354, 'rtc_check_time': 0.002015999998548068, 'experiment_id': 'exp_20240620_203711', 'client_id': '0'}
[2024-06-20 20:38:25,345][root][INFO] - Added data to batch for client 0: {'round': 5, 'step_no': 489, 'loss': 0.07490894198417664, 'accuracy': 0.9558333158493042, 'l2_norm': 1.4773926734924316, 'computation_time': 0.04958915710449219, 'batch_time': 0.05647803019382991, 'rtc_check_time': 0.005506999004865065, 'experiment_id': 'exp_20240620_203711', 'client_id': '0'}
[2024-06-20 20:38:25,346][root][INFO] - Added data to batch for client 0: {'round': 5, 'step_no': 490, 'loss': 0.03792385756969452, 'accuracy': 0.9564144611358643, 'l2_norm': 1.4880975484848022, 'computation_time': 0.061369895935058594, 'batch_time': 0.0658156022982439, 'rtc_check_time': 0.002218399997218512, 'experiment_id': 'exp_20240620_203711', 'client_id': '0'}
[2024-06-20 20:38:25,347][root][INFO] - Added data to batch for client 0: {'round': 5, 'step_no': 491, 'loss': 0.08856254816055298, 'accuracy': 0.9561688303947449, 'l2_norm': 1.5389049053192139, 'computation_time': 0.05818510055541992, 'batch_time': 0.06252438283991069, 'rtc_check_time': 0.002880398998968303, 'experiment_id': 'exp_20240620_203711', 'client_id': '0'}
[2024-06-20 20:38:25,348][root][INFO] - Added data to batch for client 0: {'round': 5, 'step_no': 492, 'loss': 0.11670704185962677, 'accuracy': 0.9563301205635071, 'l2_norm': 1.573439121246338, 'computation_time': 0.05653214454650879, 'batch_time': 0.06337631019414403, 'rtc_check_time': 0.005506399000296369, 'experiment_id': 'exp_20240620_203711', 'client_id': '0'}
[2024-06-20 20:38:25,349][root][INFO] - Added data to batch for client 0: {'round': 5, 'step_no': 493, 'loss': 0.2635875344276428, 'accuracy': 0.9553006291389465, 'l2_norm': 1.6376909017562866, 'computation_time': 0.061446189880371094, 'batch_time': 0.06661735661327839, 'rtc_check_time': 0.003583298996090889, 'experiment_id': 'exp_20240620_203711', 'client_id': '0'}
[2024-06-20 20:38:25,350][root][INFO] - Added data to batch for client 0: {'round': 5, 'step_no': 494, 'loss': 0.24374423921108246, 'accuracy': 0.9554687738418579, 'l2_norm': 1.651393175125122, 'computation_time': 0.05330204963684082, 'batch_time': 0.05652687836845871, 'rtc_check_time': 0.0019809990044450387, 'experiment_id': 'exp_20240620_203711', 'client_id': '0'}
[2024-06-20 20:38:25,351][root][INFO] - Added data to batch for client 0: {'round': 5, 'step_no': 495, 'loss': 0.2189711481332779, 'accuracy': 0.9540895223617554, 'l2_norm': 1.708980679512024, 'computation_time': 0.04449892044067383, 'batch_time': 0.0472249314916553, 'rtc_check_time': 0.0015548989904345945, 'experiment_id': 'exp_20240620_203711', 'client_id': '0'}
[2024-06-20 20:38:25,352][root][INFO] - Added data to batch for client 0: {'round': 5, 'step_no': 496, 'loss': 0.0735604390501976, 'accuracy': 0.9542682766914368, 'l2_norm': 1.7343528270721436, 'computation_time': 0.04453301429748535, 'batch_time': 0.047617788033676334, 'rtc_check_time': 0.0016637990047456697, 'experiment_id': 'exp_20240620_203711', 'client_id': '0'}
[2024-06-20 20:38:25,354][root][INFO] - Added data to batch for client 0: {'round': 5, 'step_no': 497, 'loss': 0.06276696175336838, 'accuracy': 0.9544427990913391, 'l2_norm': 1.7367335557937622, 'computation_time': 0.04821419715881348, 'batch_time': 0.05110289534786716, 'rtc_check_time': 0.001597900001797825, 'experiment_id': 'exp_20240620_203711', 'client_id': '0'}
[2024-06-20 20:38:25,355][root][INFO] - Added data to batch for client 0: {'round': 5, 'step_no': 498, 'loss': 0.17240335047245026, 'accuracy': 0.9546130895614624, 'l2_norm': 1.7585071325302124, 'computation_time': 0.03853011131286621, 'batch_time': 0.0416329424479045, 'rtc_check_time': 0.0019948999979533255, 'experiment_id': 'exp_20240620_203711', 'client_id': '0'}
[2024-06-20 20:38:25,356][root][INFO] - Added data to batch for client 0: {'round': 5, 'step_no': 499, 'loss': 0.022767269983887672, 'accuracy': 0.9551470875740051, 'l2_norm': 1.7634882926940918, 'computation_time': 0.03840899467468262, 'batch_time': 0.04126655856089201, 'rtc_check_time': 0.001760600003763102, 'experiment_id': 'exp_20240620_203711', 'client_id': '0'}
[2024-06-20 20:38:25,357][root][INFO] - Added data to batch for client 0: {'round': 5, 'step_no': 500, 'loss': 0.08503712713718414, 'accuracy': 0.9553052186965942, 'l2_norm': 1.7712268829345703, 'computation_time': 0.04046797752380371, 'batch_time': 0.05175448190129828, 'rtc_check_time': 0.010126597990165465, 'experiment_id': 'exp_20240620_203711', 'client_id': '0'}
[2024-06-20 20:38:25,358][root][INFO] - Added data to batch for client 0: {'round': 5, 'step_no': 501, 'loss': 0.26848793029785156, 'accuracy': 0.954741358757019, 'l2_norm': 1.805843710899353, 'computation_time': 0.04177284240722656, 'batch_time': 0.04460945808386896, 'rtc_check_time': 0.0015574999997625127, 'experiment_id': 'exp_20240620_203711', 'client_id': '0'}
[2024-06-20 20:38:25,359][root][INFO] - Added data to batch for client 0: {'round': 5, 'step_no': 502, 'loss': 0.028778135776519775, 'accuracy': 0.9552556872367859, 'l2_norm': 1.8168174028396606, 'computation_time': 0.045375823974609375, 'batch_time': 0.04844109779514838, 'rtc_check_time': 0.0018100000015692785, 'experiment_id': 'exp_20240620_203711', 'client_id': '0'}
[2024-06-20 20:38:25,360][root][INFO] - Added data to batch for client 0: {'round': 5, 'step_no': 503, 'loss': 0.09537108242511749, 'accuracy': 0.9554073214530945, 'l2_norm': 1.8356330394744873, 'computation_time': 0.041726112365722656, 'batch_time': 0.048311565289623104, 'rtc_check_time': 0.0053904990054434165, 'experiment_id': 'exp_20240620_203711', 'client_id': '0'}
[2024-06-20 20:38:25,361][root][INFO] - Added data to batch for client 0: {'round': 5, 'step_no': 504, 'loss': 0.07632893323898315, 'accuracy': 0.9555555582046509, 'l2_norm': 1.828956127166748, 'computation_time': 0.043627023696899414, 'batch_time': 0.04787066263088491, 'rtc_check_time': 0.002922800005762838, 'experiment_id': 'exp_20240620_203711', 'client_id': '0'}
[2024-06-20 20:38:25,362][root][INFO] - Added data to batch for client 0: {'round': 5, 'step_no': 505, 'loss': 0.20002220571041107, 'accuracy': 0.9553571343421936, 'l2_norm': 1.905119776725769, 'computation_time': 0.052551984786987305, 'batch_time': 0.05520017462549731, 'rtc_check_time': 0.0015672000008635223, 'experiment_id': 'exp_20240620_203711', 'client_id': '0'}
[2024-06-20 20:38:25,363][root][INFO] - Added data to batch for client 0: {'round': 5, 'step_no': 506, 'loss': 0.08487176895141602, 'accuracy': 0.9555026888847351, 'l2_norm': 1.8980517387390137, 'computation_time': 0.04407620429992676, 'batch_time': 0.04802392471174244, 'rtc_check_time': 0.002358899000682868, 'experiment_id': 'exp_20240620_203711', 'client_id': '0'}
[2024-06-20 20:38:25,364][root][INFO] - Added data to batch for client 0: {'round': 5, 'step_no': 507, 'loss': 0.03324320912361145, 'accuracy': 0.9559811949729919, 'l2_norm': 1.8957877159118652, 'computation_time': 0.04221701622009277, 'batch_time': 0.04631464036356192, 'rtc_check_time': 0.0028228000010130927, 'experiment_id': 'exp_20240620_203711', 'client_id': '0'}
[2024-06-20 20:38:25,365][root][INFO] - Added data to batch for client 0: {'round': 5, 'step_no': 508, 'loss': 0.025607548654079437, 'accuracy': 0.9564494490623474, 'l2_norm': 1.8913044929504395, 'computation_time': 0.03941702842712402, 'batch_time': 0.04414348899445031, 'rtc_check_time': 0.003659299007267691, 'experiment_id': 'exp_20240620_203711', 'client_id': '0'}
[2024-06-20 20:38:25,366][root][INFO] - Added data to batch for client 0: {'round': 5, 'step_no': 509, 'loss': 0.24907730519771576, 'accuracy': 0.956250011920929, 'l2_norm': 1.929006814956665, 'computation_time': 0.038671016693115234, 'batch_time': 0.04270725307287648, 'rtc_check_time': 0.0029201990109868348, 'experiment_id': 'exp_20240620_203711', 'client_id': '0'}
[2024-06-20 20:38:25,367][root][INFO] - Added data to batch for client 0: {'round': 5, 'step_no': 510, 'loss': 0.15180613100528717, 'accuracy': 0.9563801884651184, 'l2_norm': 1.9755128622055054, 'computation_time': 0.0396571159362793, 'batch_time': 0.044390578812453896, 'rtc_check_time': 0.00363649899372831, 'experiment_id': 'exp_20240620_203711', 'client_id': '0'}
[2024-06-20 20:38:25,368][root][INFO] - Added data to batch for client 0: {'round': 5, 'step_no': 511, 'loss': 0.04219651594758034, 'accuracy': 0.9568299055099487, 'l2_norm': 1.9633973836898804, 'computation_time': 0.05210995674133301, 'batch_time': 0.05466692807385698, 'rtc_check_time': 0.0014159000129438937, 'experiment_id': 'exp_20240620_203711', 'client_id': '0'}
[2024-06-20 20:38:25,369][root][INFO] - Added data to batch for client 0: {'round': 5, 'step_no': 512, 'loss': 0.06949691474437714, 'accuracy': 0.956632673740387, 'l2_norm': 1.9850444793701172, 'computation_time': 0.0412750244140625, 'batch_time': 0.04639383900212124, 'rtc_check_time': 0.0038818989996798337, 'experiment_id': 'exp_20240620_203711', 'client_id': '0'}
[2024-06-20 20:38:25,370][root][INFO] - Added data to batch for client 0: {'round': 5, 'step_no': 513, 'loss': 0.03906784951686859, 'accuracy': 0.9570707082748413, 'l2_norm': 1.980908989906311, 'computation_time': 0.04260993003845215, 'batch_time': 0.046003188006579876, 'rtc_check_time': 0.0018792999908328056, 'experiment_id': 'exp_20240620_203711', 'client_id': '0'}
[2024-06-20 20:38:25,371][root][INFO] - Added data to batch for client 0: {'round': 5, 'step_no': 514, 'loss': 0.01413451787084341, 'accuracy': 0.9574999809265137, 'l2_norm': 1.9810607433319092, 'computation_time': 0.0428309440612793, 'batch_time': 0.047865815824479796, 'rtc_check_time': 0.003682800001115538, 'experiment_id': 'exp_20240620_203711', 'client_id': '0'}
[2024-06-20 20:38:25,372][root][INFO] - Added data to batch for client 0: {'round': 5, 'step_no': 515, 'loss': 0.15549445152282715, 'accuracy': 0.9573019742965698, 'l2_norm': 2.0286076068878174, 'computation_time': 0.04235410690307617, 'batch_time': 0.04518145459587686, 'rtc_check_time': 0.0016405000060331076, 'experiment_id': 'exp_20240620_203711', 'client_id': '0'}
[2024-06-20 20:38:25,373][root][INFO] - Added data to batch for client 0: {'round': 5, 'step_no': 516, 'loss': 0.33289897441864014, 'accuracy': 0.9564951062202454, 'l2_norm': 2.142944574356079, 'computation_time': 0.0430600643157959, 'batch_time': 0.046507296661729924, 'rtc_check_time': 0.002303300003404729, 'experiment_id': 'exp_20240620_203711', 'client_id': '0'}
[2024-06-20 20:38:25,374][root][INFO] - Added data to batch for client 0: {'round': 5, 'step_no': 517, 'loss': 0.15336838364601135, 'accuracy': 0.9563106894493103, 'l2_norm': 2.1183865070343018, 'computation_time': 0.04166817665100098, 'batch_time': 0.05658182330080308, 'rtc_check_time': 0.013865796994650736, 'experiment_id': 'exp_20240620_203711', 'client_id': '0'}
[2024-06-20 20:38:25,375][root][INFO] - Added data to batch for client 0: {'round': 5, 'step_no': 518, 'loss': 0.5299527645111084, 'accuracy': 0.9552283883094788, 'l2_norm': 2.179311990737915, 'computation_time': 0.03829479217529297, 'batch_time': 0.0418895629409235, 'rtc_check_time': 0.00245060000452213, 'experiment_id': 'exp_20240620_203711', 'client_id': '0'}
[2024-06-20 20:38:25,376][root][INFO] - Added data to batch for client 0: {'round': 5, 'step_no': 519, 'loss': 0.2309677004814148, 'accuracy': 0.9547619223594666, 'l2_norm': 2.233602285385132, 'computation_time': 0.046427011489868164, 'batch_time': 0.049834960358566605, 'rtc_check_time': 0.0017208990029757842, 'experiment_id': 'exp_20240620_203711', 'client_id': '0'}
[2024-06-20 20:38:25,377][root][INFO] - Added data to batch for client 0: {'round': 5, 'step_no': 520, 'loss': 0.2636644244194031, 'accuracy': 0.9545990824699402, 'l2_norm': 2.2161717414855957, 'computation_time': 0.040535926818847656, 'batch_time': 0.043415308216935955, 'rtc_check_time': 0.0018424989975756034, 'experiment_id': 'exp_20240620_203711', 'client_id': '0'}
[2024-06-20 20:38:25,378][root][INFO] - Added data to batch for client 0: {'round': 5, 'step_no': 521, 'loss': 0.02753376215696335, 'accuracy': 0.9550233483314514, 'l2_norm': 2.2211334705352783, 'computation_time': 0.03807497024536133, 'batch_time': 0.04152931264252402, 'rtc_check_time': 0.002158299001166597, 'experiment_id': 'exp_20240620_203711', 'client_id': '0'}
[2024-06-20 20:38:25,378][root][INFO] - Added data to batch for client 0: {'round': 5, 'step_no': 522, 'loss': 0.24728599190711975, 'accuracy': 0.9545717835426331, 'l2_norm': 2.2727978229522705, 'computation_time': 0.038932085037231445, 'batch_time': 0.04244278836995363, 'rtc_check_time': 0.0024619000032544136, 'experiment_id': 'exp_20240620_203711', 'client_id': '0'}
[2024-06-20 20:38:25,379][root][INFO] - Added data to batch for client 0: {'round': 5, 'step_no': 523, 'loss': 0.013797788880765438, 'accuracy': 0.9549885392189026, 'l2_norm': 2.2797586917877197, 'computation_time': 0.0403749942779541, 'batch_time': 0.04524043219862506, 'rtc_check_time': 0.0035445989924483, 'experiment_id': 'exp_20240620_203711', 'client_id': '0'}
[2024-06-20 20:38:25,380][root][INFO] - Added data to batch for client 0: {'round': 5, 'step_no': 524, 'loss': 0.056976567953825, 'accuracy': 0.9553977251052856, 'l2_norm': 2.2721238136291504, 'computation_time': 0.03961610794067383, 'batch_time': 0.042069337228895165, 'rtc_check_time': 0.0014204000035533682, 'experiment_id': 'exp_20240620_203711', 'client_id': '0'}
[2024-06-20 20:38:25,381][root][INFO] - Added data to batch for client 0: {'round': 5, 'step_no': 525, 'loss': 0.052211321890354156, 'accuracy': 0.9555180072784424, 'l2_norm': 2.2705612182617188, 'computation_time': 0.040383100509643555, 'batch_time': 0.04382917041948531, 'rtc_check_time': 0.002169100000173785, 'experiment_id': 'exp_20240620_203711', 'client_id': '0'}
[2024-06-20 20:38:25,382][root][INFO] - Added data to batch for client 0: {'round': 5, 'step_no': 526, 'loss': 0.04760734364390373, 'accuracy': 0.9559151530265808, 'l2_norm': 2.269296884536743, 'computation_time': 0.053299903869628906, 'batch_time': 0.05710128443024587, 'rtc_check_time': 0.002028500006417744, 'experiment_id': 'exp_20240620_203711', 'client_id': '0'}
[2024-06-20 20:38:25,383][root][INFO] - Added data to batch for client 0: {'round': 5, 'step_no': 527, 'loss': 0.053446780890226364, 'accuracy': 0.9560287594795227, 'l2_norm': 2.29099440574646, 'computation_time': 0.04391598701477051, 'batch_time': 0.04712054837727919, 'rtc_check_time': 0.001965500006917864, 'experiment_id': 'exp_20240620_203711', 'client_id': '0'}
[2024-06-20 20:38:25,384][root][INFO] - Added data to batch for client 0: {'round': 5, 'step_no': 528, 'loss': 0.025846146047115326, 'accuracy': 0.9564144611358643, 'l2_norm': 2.303602933883667, 'computation_time': 0.049371957778930664, 'batch_time': 0.052140491621685214, 'rtc_check_time': 0.001510399000835605, 'experiment_id': 'exp_20240620_203711', 'client_id': '0'}
[2024-06-20 20:38:25,385][root][INFO] - Added data to batch for client 0: {'round': 5, 'step_no': 529, 'loss': 0.053237251937389374, 'accuracy': 0.956793487071991, 'l2_norm': 2.324298143386841, 'computation_time': 0.05236005783081055, 'batch_time': 0.05585486421477981, 'rtc_check_time': 0.0023348999966401607, 'experiment_id': 'exp_20240620_203711', 'client_id': '0'}
[2024-06-20 20:38:25,386][root][INFO] - Added data to batch for client 0: {'round': 5, 'step_no': 530, 'loss': 0.1935669183731079, 'accuracy': 0.9566271305084229, 'l2_norm': 2.3195853233337402, 'computation_time': 0.03881692886352539, 'batch_time': 0.04197094586561434, 'rtc_check_time': 0.0020530000037979335, 'experiment_id': 'exp_20240620_203711', 'client_id': '0'}
[2024-06-20 20:38:25,387][root][INFO] - Added data to batch for client 0: {'round': 5, 'step_no': 531, 'loss': 0.03171529620885849, 'accuracy': 0.9569978713989258, 'l2_norm': 2.3190722465515137, 'computation_time': 0.040637969970703125, 'batch_time': 0.046996427918202244, 'rtc_check_time': 0.00519139900279697, 'experiment_id': 'exp_20240620_203711', 'client_id': '0'}
[2024-06-20 20:38:25,388][root][INFO] - Added data to batch for client 0: {'round': 5, 'step_no': 532, 'loss': 0.1234893947839737, 'accuracy': 0.9570974707603455, 'l2_norm': 2.4028728008270264, 'computation_time': 0.0451200008392334, 'batch_time': 0.048780590572278015, 'rtc_check_time': 0.002157599010388367, 'experiment_id': 'exp_20240620_203711', 'client_id': '0'}
[2024-06-20 20:38:25,389][root][INFO] - Added data to batch for client 0: {'round': 5, 'step_no': 533, 'loss': 0.2040260136127472, 'accuracy': 0.9564075469970703, 'l2_norm': 2.4847819805145264, 'computation_time': 0.04631805419921875, 'batch_time': 0.0493448512715986, 'rtc_check_time': 0.0017298000020673499, 'experiment_id': 'exp_20240620_203711', 'client_id': '0'}
[2024-06-20 20:38:25,390][root][INFO] - Added data to batch for client 0: {'round': 5, 'step_no': 534, 'loss': 0.10892613977193832, 'accuracy': 0.9565104246139526, 'l2_norm': 2.4755349159240723, 'computation_time': 0.0461270809173584, 'batch_time': 0.04977307657827623, 'rtc_check_time': 0.002213100000517443, 'experiment_id': 'exp_20240620_203711', 'client_id': '0'}
[2024-06-20 20:38:25,391][root][INFO] - Added data to batch for client 0: {'round': 5, 'step_no': 535, 'loss': 0.06606114655733109, 'accuracy': 0.9566115736961365, 'l2_norm': 2.4998667240142822, 'computation_time': 0.03930306434631348, 'batch_time': 0.04194007937621791, 'rtc_check_time': 0.001396999999997206, 'experiment_id': 'exp_20240620_203711', 'client_id': '0'}
[2024-06-20 20:38:25,392][root][INFO] - Added data to batch for client 0: {'round': 5, 'step_no': 536, 'loss': 0.05221538245677948, 'accuracy': 0.9569672346115112, 'l2_norm': 2.5038259029388428, 'computation_time': 0.05046200752258301, 'batch_time': 0.05430092320602853, 'rtc_check_time': 0.0023518990055890754, 'experiment_id': 'exp_20240620_203711', 'client_id': '0'}
[2024-06-20 20:38:25,393][root][INFO] - Added data to batch for client 0: {'round': 5, 'step_no': 537, 'loss': 0.21782562136650085, 'accuracy': 0.9568089246749878, 'l2_norm': 2.5292763710021973, 'computation_time': 0.05064821243286133, 'batch_time': 0.05497496637690347, 'rtc_check_time': 0.0025769999920157716, 'experiment_id': 'exp_20240620_203711', 'client_id': '0'}
[2024-06-20 20:38:25,394][root][INFO] - Added data to batch for client 0: {'round': 5, 'step_no': 538, 'loss': 0.09080085158348083, 'accuracy': 0.9569052457809448, 'l2_norm': 2.5612475872039795, 'computation_time': 0.05798697471618652, 'batch_time': 0.06158470461377874, 'rtc_check_time': 0.0020615989924408495, 'experiment_id': 'exp_20240620_203711', 'client_id': '0'}
[2024-06-20 20:38:25,395][root][INFO] - Added data to batch for client 0: {'round': 5, 'step_no': 539, 'loss': 0.012852673418819904, 'accuracy': 0.9572499990463257, 'l2_norm': 2.564316511154175, 'computation_time': 0.05651712417602539, 'batch_time': 0.06210615913732909, 'rtc_check_time': 0.004337099002441391, 'experiment_id': 'exp_20240620_203711', 'client_id': '0'}
[2024-06-20 20:38:25,396][root][INFO] - Added data to batch for client 0: {'round': 5, 'step_no': 540, 'loss': 0.07760979235172272, 'accuracy': 0.9573412537574768, 'l2_norm': 2.574913740158081, 'computation_time': 0.041062116622924805, 'batch_time': 0.044908774812938645, 'rtc_check_time': 0.002296699007274583, 'experiment_id': 'exp_20240620_203711', 'client_id': '0'}
[2024-06-20 20:38:25,397][root][INFO] - Added data to batch for client 0: {'round': 5, 'step_no': 541, 'loss': 0.1580338329076767, 'accuracy': 0.9571850299835205, 'l2_norm': 2.6003775596618652, 'computation_time': 0.04236602783203125, 'batch_time': 0.045100029281456955, 'rtc_check_time': 0.0015039999998407438, 'experiment_id': 'exp_20240620_203711', 'client_id': '0'}
[2024-06-20 20:38:25,398][root][INFO] - Added data to batch for client 0: {'round': 5, 'step_no': 542, 'loss': 0.22828811407089233, 'accuracy': 0.95703125, 'l2_norm': 2.616184711456299, 'computation_time': 0.03957486152648926, 'batch_time': 0.04350196941231843, 'rtc_check_time': 0.0028609000000869855, 'experiment_id': 'exp_20240620_203711', 'client_id': '0'}
[2024-06-20 20:38:25,399][root][INFO] - Added data to batch for client 0: {'round': 5, 'step_no': 543, 'loss': 0.338295042514801, 'accuracy': 0.9568798542022705, 'l2_norm': 2.625023603439331, 'computation_time': 0.0431971549987793, 'batch_time': 0.04626413030200638, 'rtc_check_time': 0.0016491000133100897, 'experiment_id': 'exp_20240620_203711', 'client_id': '0'}
[2024-06-20 20:38:25,400][root][INFO] - Added data to batch for client 0: {'round': 5, 'step_no': 544, 'loss': 0.2735898196697235, 'accuracy': 0.956250011920929, 'l2_norm': 2.6938552856445312, 'computation_time': 0.043226003646850586, 'batch_time': 0.04594090585305821, 'rtc_check_time': 0.001451998992706649, 'experiment_id': 'exp_20240620_203711', 'client_id': '0'}
[2024-06-20 20:38:25,401][root][INFO] - Added data to batch for client 0: {'round': 5, 'step_no': 545, 'loss': 0.12178601324558258, 'accuracy': 0.9563454389572144, 'l2_norm': 2.7031912803649902, 'computation_time': 0.04359602928161621, 'batch_time': 0.048501261830097064, 'rtc_check_time': 0.0037252990005072206, 'experiment_id': 'exp_20240620_203711', 'client_id': '0'}
[2024-06-20 20:38:25,402][root][INFO] - Added data to batch for client 0: {'round': 5, 'step_no': 546, 'loss': 0.018405433744192123, 'accuracy': 0.9566761255264282, 'l2_norm': 2.7002387046813965, 'computation_time': 0.04211091995239258, 'batch_time': 0.046464149534585886, 'rtc_check_time': 0.0032421990035800263, 'experiment_id': 'exp_20240620_203711', 'client_id': '0'}
[2024-06-20 20:38:25,403][root][INFO] - Added data to batch for client 0: {'round': 5, 'step_no': 547, 'loss': 0.06507452577352524, 'accuracy': 0.9567669034004211, 'l2_norm': 2.7163593769073486, 'computation_time': 0.039939165115356445, 'batch_time': 0.04507268706220202, 'rtc_check_time': 0.0038946990098338574, 'experiment_id': 'exp_20240620_203711', 'client_id': '0'}
[2024-06-20 20:38:25,404][root][INFO] - Added data to batch for client 0: {'round': 5, 'step_no': 548, 'loss': 0.028076978400349617, 'accuracy': 0.9570895433425903, 'l2_norm': 2.72345232963562, 'computation_time': 0.04135489463806152, 'batch_time': 0.04408730549039319, 'rtc_check_time': 0.001597299997229129, 'experiment_id': 'exp_20240620_203711', 'client_id': '0'}
[2024-06-20 20:38:25,405][root][INFO] - Added data to batch for client 0: {'round': 5, 'step_no': 549, 'loss': 0.052641578018665314, 'accuracy': 0.9574074149131775, 'l2_norm': 2.7231569290161133, 'computation_time': 0.04214310646057129, 'batch_time': 0.044942356762476265, 'rtc_check_time': 0.0015043989988043904, 'experiment_id': 'exp_20240620_203711', 'client_id': '0'}
[2024-06-20 20:38:25,406][root][INFO] - Added data to batch for client 0: {'round': 5, 'step_no': 550, 'loss': 0.16175232827663422, 'accuracy': 0.95703125, 'l2_norm': 2.752904176712036, 'computation_time': 0.044599056243896484, 'batch_time': 0.04743433787371032, 'rtc_check_time': 0.0014154989912640303, 'experiment_id': 'exp_20240620_203711', 'client_id': '0'}
[2024-06-20 20:38:25,407][root][INFO] - Added data to batch for client 0: {'round': 5, 'step_no': 551, 'loss': 0.18495193123817444, 'accuracy': 0.9571167826652527, 'l2_norm': 2.7528738975524902, 'computation_time': 0.04085803031921387, 'batch_time': 0.04395650983497035, 'rtc_check_time': 0.0018803989951265976, 'experiment_id': 'exp_20240620_203711', 'client_id': '0'}
[2024-06-20 20:38:25,408][root][INFO] - Added data to batch for client 0: {'round': 5, 'step_no': 552, 'loss': 0.12706130743026733, 'accuracy': 0.9572010636329651, 'l2_norm': 2.795987844467163, 'computation_time': 0.042096853256225586, 'batch_time': 0.04480356092972215, 'rtc_check_time': 0.0014685999922221527, 'experiment_id': 'exp_20240620_203711', 'client_id': '0'}
[2024-06-20 20:38:25,409][root][INFO] - Added data to batch for client 0: {'round': 5, 'step_no': 553, 'loss': 0.08346251398324966, 'accuracy': 0.957284152507782, 'l2_norm': 2.871652126312256, 'computation_time': 0.040795087814331055, 'batch_time': 0.04581947403494269, 'rtc_check_time': 0.003843498998321593, 'experiment_id': 'exp_20240620_203711', 'client_id': '0'}
[2024-06-20 20:38:25,410][root][INFO] - Added data to batch for client 0: {'round': 5, 'step_no': 554, 'loss': 0.20154571533203125, 'accuracy': 0.9571428298950195, 'l2_norm': 2.9063704013824463, 'computation_time': 0.041059017181396484, 'batch_time': 0.04342352859384846, 'rtc_check_time': 0.0012324999988777563, 'experiment_id': 'exp_20240620_203711', 'client_id': '0'}
[2024-06-20 20:38:25,411][root][INFO] - Added data to batch for client 0: {'round': 5, 'step_no': 555, 'loss': 0.05523374676704407, 'accuracy': 0.9572252035140991, 'l2_norm': 2.9268429279327393, 'computation_time': 0.03846406936645508, 'batch_time': 0.0409964101127116, 'rtc_check_time': 0.0014832989982096478, 'experiment_id': 'exp_20240620_203711', 'client_id': '0'}
[2024-06-20 20:38:25,412][root][INFO] - Added data to batch for client 0: {'round': 5, 'step_no': 556, 'loss': 0.174090176820755, 'accuracy': 0.9568662047386169, 'l2_norm': 2.9854495525360107, 'computation_time': 0.04283595085144043, 'batch_time': 0.04743895382853225, 'rtc_check_time': 0.0035150990006513894, 'experiment_id': 'exp_20240620_203711', 'client_id': '0'}
[2024-06-20 20:38:25,413][root][INFO] - Added data to batch for client 0: {'round': 5, 'step_no': 557, 'loss': 0.2943670153617859, 'accuracy': 0.9562937021255493, 'l2_norm': 2.9832763671875, 'computation_time': 0.04248404502868652, 'batch_time': 0.04598246852401644, 'rtc_check_time': 0.002262699999846518, 'experiment_id': 'exp_20240620_203711', 'client_id': '0'}
[2024-06-20 20:38:25,414][root][INFO] - Added data to batch for client 0: {'round': 5, 'step_no': 558, 'loss': 0.10703236609697342, 'accuracy': 0.9563801884651184, 'l2_norm': 2.999751567840576, 'computation_time': 0.05088615417480469, 'batch_time': 0.05747883922595065, 'rtc_check_time': 0.004892999000730924, 'experiment_id': 'exp_20240620_203711', 'client_id': '0'}
[2024-06-20 20:38:25,415][root][INFO] - Added data to batch for client 0: {'round': 5, 'step_no': 559, 'loss': 0.12806889414787292, 'accuracy': 0.9564655423164368, 'l2_norm': 3.038435697555542, 'computation_time': 0.04029417037963867, 'batch_time': 0.04743995482567698, 'rtc_check_time': 0.005997798987664282, 'experiment_id': 'exp_20240620_203711', 'client_id': '0'}
[2024-06-20 20:38:25,416][root][INFO] - Added data to batch for client 0: {'round': 5, 'step_no': 560, 'loss': 0.04634380340576172, 'accuracy': 0.9567636847496033, 'l2_norm': 3.0714776515960693, 'computation_time': 0.038739919662475586, 'batch_time': 0.04339852373232134, 'rtc_check_time': 0.0035285000049043447, 'experiment_id': 'exp_20240620_203711', 'client_id': '0'}
[2024-06-20 20:38:25,417][root][INFO] - Added data to batch for client 0: {'round': 5, 'step_no': 561, 'loss': 0.024042662233114243, 'accuracy': 0.9570578336715698, 'l2_norm': 3.0713086128234863, 'computation_time': 0.043701171875, 'batch_time': 0.048205599188804626, 'rtc_check_time': 0.0033325999975204468, 'experiment_id': 'exp_20240620_203711', 'client_id': '0'}
[2024-06-20 20:38:25,418][root][INFO] - Added data to batch for client 0: {'round': 5, 'step_no': 562, 'loss': 0.1627853661775589, 'accuracy': 0.9571368098258972, 'l2_norm': 3.085664749145508, 'computation_time': 0.04105019569396973, 'batch_time': 0.04499967633455526, 'rtc_check_time': 0.002737599003012292, 'experiment_id': 'exp_20240620_203711', 'client_id': '0'}
[2024-06-20 20:38:25,420][root][INFO] - Added data to batch for client 0: {'round': 5, 'step_no': 563, 'loss': 0.16044354438781738, 'accuracy': 0.9570050239562988, 'l2_norm': 3.112079620361328, 'computation_time': 0.0396420955657959, 'batch_time': 0.04300995844823774, 'rtc_check_time': 0.002270898999995552, 'experiment_id': 'exp_20240620_203711', 'client_id': '0'}
[2024-06-20 20:38:25,421][root][INFO] - Added data to batch for client 0: {'round': 5, 'step_no': 564, 'loss': 0.12905065715312958, 'accuracy': 0.9566666483879089, 'l2_norm': 3.1459522247314453, 'computation_time': 0.04103803634643555, 'batch_time': 0.04391958030464593, 'rtc_check_time': 0.001588600003742613, 'experiment_id': 'exp_20240620_203711', 'client_id': '0'}
[2024-06-20 20:38:25,422][root][INFO] - Added data to batch for client 0: {'round': 5, 'step_no': 565, 'loss': 0.10463409125804901, 'accuracy': 0.9567466974258423, 'l2_norm': 3.166226625442505, 'computation_time': 0.03926491737365723, 'batch_time': 0.04292456776602194, 'rtc_check_time': 0.0025305000017397106, 'experiment_id': 'exp_20240620_203711', 'client_id': '0'}
[2024-06-20 20:38:25,423][root][INFO] - Added data to batch for client 0: {'round': 5, 'step_no': 566, 'loss': 0.03406019136309624, 'accuracy': 0.95703125, 'l2_norm': 3.1800687313079834, 'computation_time': 0.04298996925354004, 'batch_time': 0.04979408031795174, 'rtc_check_time': 0.005632999003864825, 'experiment_id': 'exp_20240620_203711', 'client_id': '0'}
[2024-06-20 20:38:25,424][root][INFO] - Added data to batch for client 0: {'round': 5, 'step_no': 567, 'loss': 0.20901687443256378, 'accuracy': 0.9566993713378906, 'l2_norm': 3.266500473022461, 'computation_time': 0.041665077209472656, 'batch_time': 0.04447595204692334, 'rtc_check_time': 0.0016039999900385737, 'experiment_id': 'exp_20240620_203711', 'client_id': '0'}
[2024-06-20 20:38:25,425][root][INFO] - Added data to batch for client 0: {'round': 5, 'step_no': 568, 'loss': 0.293198823928833, 'accuracy': 0.9561688303947449, 'l2_norm': 3.2649664878845215, 'computation_time': 0.04771590232849121, 'batch_time': 0.0507477122155251, 'rtc_check_time': 0.0015497999993385747, 'experiment_id': 'exp_20240620_203711', 'client_id': '0'}
[2024-06-20 20:38:25,426][root][INFO] - Added data to batch for client 0: {'round': 5, 'step_no': 569, 'loss': 0.08956567943096161, 'accuracy': 0.956250011920929, 'l2_norm': 3.2969274520874023, 'computation_time': 0.0388798713684082, 'batch_time': 0.043109787366120145, 'rtc_check_time': 0.003128898999420926, 'experiment_id': 'exp_20240620_203711', 'client_id': '0'}
[2024-06-20 20:38:25,427][root][INFO] - Added data to batch for client 0: {'round': 5, 'step_no': 570, 'loss': 0.13776683807373047, 'accuracy': 0.956129789352417, 'l2_norm': 3.324232339859009, 'computation_time': 0.04411792755126953, 'batch_time': 0.04809479996038135, 'rtc_check_time': 0.002585700000054203, 'experiment_id': 'exp_20240620_203711', 'client_id': '0'}
[2024-06-20 20:38:25,428][root][INFO] - Added data to batch for client 0: {'round': 5, 'step_no': 571, 'loss': 0.02819712460041046, 'accuracy': 0.956409215927124, 'l2_norm': 3.3438119888305664, 'computation_time': 0.04230999946594238, 'batch_time': 0.04638243968656752, 'rtc_check_time': 0.002673399998457171, 'experiment_id': 'exp_20240620_203711', 'client_id': '0'}
[2024-06-20 20:38:25,429][root][INFO] - Added data to batch for client 0: {'round': 5, 'step_no': 572, 'loss': 0.041431523859500885, 'accuracy': 0.9566851258277893, 'l2_norm': 3.3347208499908447, 'computation_time': 0.05353689193725586, 'batch_time': 0.0576504182536155, 'rtc_check_time': 0.0023384999949485064, 'experiment_id': 'exp_20240620_203711', 'client_id': '0'}
[2024-06-20 20:38:25,430][root][INFO] - Added data to batch for client 0: {'round': 5, 'step_no': 573, 'loss': 0.25020772218704224, 'accuracy': 0.9565644860267639, 'l2_norm': 3.3982865810394287, 'computation_time': 0.04781699180603027, 'batch_time': 0.0537539437355008, 'rtc_check_time': 0.00413879900588654, 'experiment_id': 'exp_20240620_203711', 'client_id': '0'}
[2024-06-20 20:38:25,431][root][INFO] - Added data to batch for client 0: {'round': 5, 'step_no': 574, 'loss': 0.04297700524330139, 'accuracy': 0.956835925579071, 'l2_norm': 3.385258436203003, 'computation_time': 0.03805398941040039, 'batch_time': 0.04156617647095118, 'rtc_check_time': 0.002464098986820318, 'experiment_id': 'exp_20240620_203711', 'client_id': '0'}
[2024-06-20 20:38:25,432][root][INFO] - Added data to batch for client 0: {'round': 5, 'step_no': 575, 'loss': 0.17505693435668945, 'accuracy': 0.9567158222198486, 'l2_norm': 3.4202003479003906, 'computation_time': 0.03943014144897461, 'batch_time': 0.04205702526087407, 'rtc_check_time': 0.0015179990004980937, 'experiment_id': 'exp_20240620_203711', 'client_id': '0'}
[2024-06-20 20:38:25,433][root][INFO] - Added data to batch for client 0: {'round': 5, 'step_no': 576, 'loss': 0.11046627163887024, 'accuracy': 0.9567901492118835, 'l2_norm': 3.436508893966675, 'computation_time': 0.05365395545959473, 'batch_time': 0.05769613706797827, 'rtc_check_time': 0.0023660989972995594, 'experiment_id': 'exp_20240620_203711', 'client_id': '0'}
[2024-06-20 20:38:25,434][root][INFO] - Added data to batch for client 0: {'round': 5, 'step_no': 577, 'loss': 0.2746010720729828, 'accuracy': 0.9566717743873596, 'l2_norm': 3.499847888946533, 'computation_time': 0.04100513458251953, 'batch_time': 0.04521161084994674, 'rtc_check_time': 0.0031355000101029873, 'experiment_id': 'exp_20240620_203711', 'client_id': '0'}
[2024-06-20 20:38:25,435][root][INFO] - Added data to batch for client 0: {'round': 5, 'step_no': 578, 'loss': 0.009731853380799294, 'accuracy': 0.9569360017776489, 'l2_norm': 3.5009121894836426, 'computation_time': 0.042128801345825195, 'batch_time': 0.04644844142603688, 'rtc_check_time': 0.0030533990066032857, 'experiment_id': 'exp_20240620_203711', 'client_id': '0'}
[2024-06-20 20:38:25,436][root][INFO] - Added data to batch for client 0: {'round': 5, 'step_no': 579, 'loss': 0.12956099212169647, 'accuracy': 0.9570075869560242, 'l2_norm': 3.5306758880615234, 'computation_time': 0.04168391227722168, 'batch_time': 0.045992533894605, 'rtc_check_time': 0.0028917000017827377, 'experiment_id': 'exp_20240620_203711', 'client_id': '0'}
[2024-06-20 20:38:25,437][root][INFO] - Added data to batch for client 0: {'round': 5, 'step_no': 580, 'loss': 0.42331287264823914, 'accuracy': 0.9563252925872803, 'l2_norm': 3.629880666732788, 'computation_time': 0.03818106651306152, 'batch_time': 0.0455082960834261, 'rtc_check_time': 0.006216198991751298, 'experiment_id': 'exp_20240620_203711', 'client_id': '0'}
[2024-06-20 20:38:25,438][root][INFO] - Added data to batch for client 0: {'round': 5, 'step_no': 581, 'loss': 0.1844233274459839, 'accuracy': 0.95639967918396, 'l2_norm': 3.6596431732177734, 'computation_time': 0.04097318649291992, 'batch_time': 0.04517726921767462, 'rtc_check_time': 0.0027420999977039173, 'experiment_id': 'exp_20240620_203711', 'client_id': '0'}
[2024-06-20 20:38:25,439][root][INFO] - Added data to batch for client 0: {'round': 5, 'step_no': 582, 'loss': 0.09808698296546936, 'accuracy': 0.9564732313156128, 'l2_norm': 3.683122396469116, 'computation_time': 0.04358482360839844, 'batch_time': 0.05278645359794609, 'rtc_check_time': 0.007623298995895311, 'experiment_id': 'exp_20240620_203711', 'client_id': '0'}
[2024-06-20 20:38:25,440][root][INFO] - Added data to batch for client 0: {'round': 5, 'step_no': 583, 'loss': 0.049167923629283905, 'accuracy': 0.9565458297729492, 'l2_norm': 3.680772304534912, 'computation_time': 0.060678958892822266, 'batch_time': 0.0640555693389615, 'rtc_check_time': 0.0018976999999722466, 'experiment_id': 'exp_20240620_203711', 'client_id': '0'}
[2024-06-20 20:38:25,441][root][INFO] - Added data to batch for client 0: {'round': 5, 'step_no': 584, 'loss': 0.2874818444252014, 'accuracy': 0.9558823704719543, 'l2_norm': 3.7427473068237305, 'computation_time': 0.05166006088256836, 'batch_time': 0.05956161316134967, 'rtc_check_time': 0.005934599001193419, 'experiment_id': 'exp_20240620_203711', 'client_id': '0'}
[2024-06-20 20:38:25,442][root][INFO] - Added data to batch for client 0: {'round': 5, 'step_no': 585, 'loss': 0.01752147451043129, 'accuracy': 0.9561403393745422, 'l2_norm': 3.751997947692871, 'computation_time': 0.059664011001586914, 'batch_time': 0.06576275757106487, 'rtc_check_time': 0.004697798998677172, 'experiment_id': 'exp_20240620_203711', 'client_id': '0'}
[2024-06-20 20:38:25,443][root][INFO] - Added data to batch for client 0: {'round': 5, 'step_no': 586, 'loss': 0.25053873658180237, 'accuracy': 0.9558503031730652, 'l2_norm': 3.792715072631836, 'computation_time': 0.05954289436340332, 'batch_time': 0.062210938733187504, 'rtc_check_time': 0.001510999005404301, 'experiment_id': 'exp_20240620_203711', 'client_id': '0'}
[2024-06-20 20:38:25,444][root][INFO] - Added data to batch for client 0: {'round': 5, 'step_no': 587, 'loss': 0.14628374576568604, 'accuracy': 0.9559248685836792, 'l2_norm': 3.8112637996673584, 'computation_time': 0.04637503623962402, 'batch_time': 0.04887015676649753, 'rtc_check_time': 0.0013283000007504597, 'experiment_id': 'exp_20240620_203711', 'client_id': '0'}
[2024-06-20 20:38:25,445][root][INFO] - Added data to batch for client 0: {'round': 5, 'step_no': 588, 'loss': 0.09366151690483093, 'accuracy': 0.9559985399246216, 'l2_norm': 3.8355424404144287, 'computation_time': 0.05104184150695801, 'batch_time': 0.05536121818295214, 'rtc_check_time': 0.002781100003630854, 'experiment_id': 'exp_20240620_203711', 'client_id': '0'}
[2024-06-20 20:38:25,446][root][INFO] - Added data to batch for client 0: {'round': 5, 'step_no': 589, 'loss': 0.044085338711738586, 'accuracy': 0.956250011920929, 'l2_norm': 3.8698859214782715, 'computation_time': 0.04153895378112793, 'batch_time': 0.04554094064224046, 'rtc_check_time': 0.0027819989918498322, 'experiment_id': 'exp_20240620_203711', 'client_id': '0'}
[2024-06-20 20:38:25,447][root][INFO] - Added data to batch for client 0: {'round': 5, 'step_no': 590, 'loss': 0.40380269289016724, 'accuracy': 0.9563210010528564, 'l2_norm': 3.886509895324707, 'computation_time': 0.04015302658081055, 'batch_time': 0.0427769364323467, 'rtc_check_time': 0.0014887989964336157, 'experiment_id': 'exp_20240620_203711', 'client_id': '0'}
[2024-06-20 20:38:25,448][root][INFO] - Added data to batch for client 0: {'round': 5, 'step_no': 591, 'loss': 0.1596921980381012, 'accuracy': 0.9562146663665771, 'l2_norm': 3.9327101707458496, 'computation_time': 0.04345107078552246, 'batch_time': 0.046383797976886854, 'rtc_check_time': 0.0015467999910470098, 'experiment_id': 'exp_20240620_203711', 'client_id': '0'}
[2024-06-20 20:38:25,449][root][INFO] - Added data to batch for client 0: {'round': 5, 'step_no': 592, 'loss': 0.28865304589271545, 'accuracy': 0.9557584524154663, 'l2_norm': 4.004852771759033, 'computation_time': 0.04614901542663574, 'batch_time': 0.04892481271235738, 'rtc_check_time': 0.0016507000109413639, 'experiment_id': 'exp_20240620_203711', 'client_id': '0'}
[2024-06-20 20:38:25,450][root][INFO] - Added data to batch for client 0: {'round': 5, 'step_no': 593, 'loss': 0.04208789020776749, 'accuracy': 0.9560055732727051, 'l2_norm': 3.9950249195098877, 'computation_time': 0.03892016410827637, 'batch_time': 0.042441576631972566, 'rtc_check_time': 0.002395599993178621, 'experiment_id': 'exp_20240620_203711', 'client_id': '0'}
[2024-06-20 20:38:25,451][root][INFO] - Added data to batch for client 0: {'round': 5, 'step_no': 594, 'loss': 0.10768046975135803, 'accuracy': 0.9559027552604675, 'l2_norm': 3.990882396697998, 'computation_time': 0.03866314888000488, 'batch_time': 0.04122206140891649, 'rtc_check_time': 0.0014330999983940274, 'experiment_id': 'exp_20240620_203711', 'client_id': '0'}
[2024-06-20 20:38:25,452][root][INFO] - Added data to batch for client 0: {'round': 5, 'step_no': 595, 'loss': 0.11167383193969727, 'accuracy': 0.955973744392395, 'l2_norm': 4.007062911987305, 'computation_time': 0.042333126068115234, 'batch_time': 0.04574303202389274, 'rtc_check_time': 0.0022530990099767223, 'experiment_id': 'exp_20240620_203711', 'client_id': '0'}
[2024-06-20 20:38:25,453][root][INFO] - Added data to batch for client 0: {'round': 5, 'step_no': 596, 'loss': 0.10235320776700974, 'accuracy': 0.9560439586639404, 'l2_norm': 4.047097206115723, 'computation_time': 0.045310020446777344, 'batch_time': 0.04864600546716247, 'rtc_check_time': 0.0015878999984124675, 'experiment_id': 'exp_20240620_203711', 'client_id': '0'}
[2024-06-20 20:38:25,454][root][INFO] - Added data to batch for client 0: {'round': 5, 'step_no': 597, 'loss': 0.1397298127412796, 'accuracy': 0.9561133980751038, 'l2_norm': 4.068052768707275, 'computation_time': 0.03949880599975586, 'batch_time': 0.04419646020687651, 'rtc_check_time': 0.0036323999956948683, 'experiment_id': 'exp_20240620_203711', 'client_id': '0'}
[2024-06-20 20:38:25,456][root][INFO] - Added data to batch for client 0: {'round': 5, 'step_no': 598, 'loss': 0.17838385701179504, 'accuracy': 0.9560122489929199, 'l2_norm': 4.091339111328125, 'computation_time': 0.04565906524658203, 'batch_time': 0.048633572514518164, 'rtc_check_time': 0.0013925999955972657, 'experiment_id': 'exp_20240620_203711', 'client_id': '0'}
[2024-06-20 20:38:25,457][root][INFO] - Added data to batch for client 0: {'round': 5, 'step_no': 599, 'loss': 0.22612254321575165, 'accuracy': 0.9557432532310486, 'l2_norm': 4.103176116943359, 'computation_time': 0.04190683364868164, 'batch_time': 0.045436511194566265, 'rtc_check_time': 0.0021725989936385304, 'experiment_id': 'exp_20240620_203711', 'client_id': '0'}
[2024-06-20 20:38:25,458][root][INFO] - Added data to batch for client 0: {'round': 5, 'step_no': 600, 'loss': 0.10194380581378937, 'accuracy': 0.9558131694793701, 'l2_norm': 4.133749485015869, 'computation_time': 0.04200005531311035, 'batch_time': 0.045754575927276164, 'rtc_check_time': 0.0025454999995417893, 'experiment_id': 'exp_20240620_203711', 'client_id': '0'}
[2024-06-20 20:38:25,459][root][INFO] - Added data to batch for client 0: {'round': 5, 'step_no': 601, 'loss': 0.31934893131256104, 'accuracy': 0.9553810358047485, 'l2_norm': 4.162052631378174, 'computation_time': 0.03984403610229492, 'batch_time': 0.04467688473232556, 'rtc_check_time': 0.0035286990023450926, 'experiment_id': 'exp_20240620_203711', 'client_id': '0'}
[2024-06-20 20:38:25,460][root][INFO] - Added data to batch for client 0: {'round': 5, 'step_no': 602, 'loss': 0.07327144593000412, 'accuracy': 0.9556183218955994, 'l2_norm': 4.1742072105407715, 'computation_time': 0.04061603546142578, 'batch_time': 0.04350991972023621, 'rtc_check_time': 0.0017819000058807433, 'experiment_id': 'exp_20240620_203711', 'client_id': '0'}
[2024-06-20 20:38:25,461][root][INFO] - Added data to batch for client 0: {'round': 5, 'step_no': 603, 'loss': 0.2226024866104126, 'accuracy': 0.9553571343421936, 'l2_norm': 4.208949089050293, 'computation_time': 0.04042696952819824, 'batch_time': 0.04436682409141213, 'rtc_check_time': 0.0027057999977841973, 'experiment_id': 'exp_20240620_203711', 'client_id': '0'}
[2024-06-20 20:38:25,462][root][INFO] - Added data to batch for client 0: {'round': 5, 'step_no': 604, 'loss': 0.08230575919151306, 'accuracy': 0.9554276466369629, 'l2_norm': 4.222774982452393, 'computation_time': 0.04243803024291992, 'batch_time': 0.04635128939116839, 'rtc_check_time': 0.002710198998101987, 'experiment_id': 'exp_20240620_203711', 'client_id': '0'}
[2024-06-20 20:38:25,464][root][INFO] - Added data to batch for client 0: {'round': 5, 'step_no': 605, 'loss': 0.13317584991455078, 'accuracy': 0.9554973840713501, 'l2_norm': 4.288564205169678, 'computation_time': 0.0467531681060791, 'batch_time': 0.049631467496510595, 'rtc_check_time': 0.0015514999977312982, 'experiment_id': 'exp_20240620_203711', 'client_id': '0'}
[2024-06-20 20:38:25,466][root][INFO] - Added data to batch for client 0: {'round': 5, 'step_no': 606, 'loss': 0.2257288545370102, 'accuracy': 0.9554036259651184, 'l2_norm': 4.343250274658203, 'computation_time': 0.042344093322753906, 'batch_time': 0.0463963180227438, 'rtc_check_time': 0.002780499999062158, 'experiment_id': 'exp_20240620_203711', 'client_id': '0'}
[2024-06-20 20:38:25,467][root][INFO] - Added data to batch for client 0: {'round': 5, 'step_no': 607, 'loss': 0.04346022754907608, 'accuracy': 0.9556347131729126, 'l2_norm': 4.346067905426025, 'computation_time': 0.041036128997802734, 'batch_time': 0.04401102301198989, 'rtc_check_time': 0.0017890000017359853, 'experiment_id': 'exp_20240620_203711', 'client_id': '0'}
[2024-06-20 20:38:25,468][root][INFO] - Added data to batch for client 0: {'round': 5, 'step_no': 608, 'loss': 0.18080872297286987, 'accuracy': 0.9553801417350769, 'l2_norm': 4.410146713256836, 'computation_time': 0.046339988708496094, 'batch_time': 0.04894956144562457, 'rtc_check_time': 0.0013964990066597238, 'experiment_id': 'exp_20240620_203711', 'client_id': '0'}
[2024-06-20 20:38:25,469][root][INFO] - Added data to batch for client 0: {'round': 5, 'step_no': 609, 'loss': 0.020174149423837662, 'accuracy': 0.9556089639663696, 'l2_norm': 4.406205177307129, 'computation_time': 0.0390927791595459, 'batch_time': 0.042704884079284966, 'rtc_check_time': 0.002406899002380669, 'experiment_id': 'exp_20240620_203711', 'client_id': '0'}
[2024-06-20 20:38:25,470][root][INFO] - Added data to batch for client 0: {'round': 5, 'step_no': 610, 'loss': 0.27591073513031006, 'accuracy': 0.9555165767669678, 'l2_norm': 4.458231449127197, 'computation_time': 0.040025949478149414, 'batch_time': 0.04371486109448597, 'rtc_check_time': 0.0025208989973179996, 'experiment_id': 'exp_20240620_203711', 'client_id': '0'}
[2024-06-20 20:38:25,472][root][INFO] - Added data to batch for client 0: {'round': 5, 'step_no': 611, 'loss': 0.14324204623699188, 'accuracy': 0.9552664756774902, 'l2_norm': 4.4588236808776855, 'computation_time': 0.03943514823913574, 'batch_time': 0.04412768808833789, 'rtc_check_time': 0.002394900002400391, 'experiment_id': 'exp_20240620_203711', 'client_id': '0'}
[2024-06-20 20:38:25,473][root][INFO] - Added data to batch for client 0: {'round': 5, 'step_no': 612, 'loss': 0.0992305725812912, 'accuracy': 0.9553346037864685, 'l2_norm': 4.467642784118652, 'computation_time': 0.04508495330810547, 'batch_time': 0.048473478193045594, 'rtc_check_time': 0.0020324000070104375, 'experiment_id': 'exp_20240620_203711', 'client_id': '0'}
[2024-06-20 20:38:25,474][root][INFO] - Added data to batch for client 0: {'round': 5, 'step_no': 613, 'loss': 0.02849530801177025, 'accuracy': 0.9555590748786926, 'l2_norm': 4.458198070526123, 'computation_time': 0.047454118728637695, 'batch_time': 0.052065916563151404, 'rtc_check_time': 0.0032818990002851933, 'experiment_id': 'exp_20240620_203711', 'client_id': '0'}
[2024-06-20 20:38:25,475][root][INFO] - Added data to batch for client 0: {'round': 5, 'step_no': 614, 'loss': 0.28769341111183167, 'accuracy': 0.9554687738418579, 'l2_norm': 4.503591060638428, 'computation_time': 0.04230308532714844, 'batch_time': 0.04491085962217767, 'rtc_check_time': 0.0013978000060888007, 'experiment_id': 'exp_20240620_203711', 'client_id': '0'}
[2024-06-20 20:38:25,476][root][INFO] - Added data to batch for client 0: {'round': 5, 'step_no': 615, 'loss': 0.09362219274044037, 'accuracy': 0.955534815788269, 'l2_norm': 4.529621124267578, 'computation_time': 0.03815197944641113, 'batch_time': 0.04310462196008302, 'rtc_check_time': 0.0038706990017089993, 'experiment_id': 'exp_20240620_203711', 'client_id': '0'}
[2024-06-20 20:38:25,478][root][INFO] - Added data to batch for client 0: {'round': 5, 'step_no': 616, 'loss': 0.034807510673999786, 'accuracy': 0.9557549357414246, 'l2_norm': 4.540637969970703, 'computation_time': 0.0515289306640625, 'batch_time': 0.05596797812904697, 'rtc_check_time': 0.002012900004046969, 'experiment_id': 'exp_20240620_203711', 'client_id': '0'}
[2024-06-20 20:38:25,479][root][INFO] - Added data to batch for client 0: {'round': 5, 'step_no': 617, 'loss': 0.013281593099236488, 'accuracy': 0.9559729099273682, 'l2_norm': 4.541287899017334, 'computation_time': 0.046421051025390625, 'batch_time': 0.050248237341293134, 'rtc_check_time': 0.002604099005111493, 'experiment_id': 'exp_20240620_203711', 'client_id': '0'}
[2024-06-20 20:38:25,480][root][INFO] - Added data to batch for client 0: {'round': 5, 'step_no': 618, 'loss': 0.25363364815711975, 'accuracy': 0.9557291865348816, 'l2_norm': 4.584665298461914, 'computation_time': 0.04039192199707031, 'batch_time': 0.04406846403435338, 'rtc_check_time': 0.002549298995290883, 'experiment_id': 'exp_20240620_203711', 'client_id': '0'}
[2024-06-20 20:38:25,481][root][INFO] - Added data to batch for client 0: {'round': 5, 'step_no': 619, 'loss': 0.06421138346195221, 'accuracy': 0.9559451341629028, 'l2_norm': 4.581428050994873, 'computation_time': 0.04264497756958008, 'batch_time': 0.04570634747506119, 'rtc_check_time': 0.0017843999958131462, 'experiment_id': 'exp_20240620_203711', 'client_id': '0'}
[2024-06-20 20:38:25,483][root][INFO] - Added data to batch for client 0: {'round': 5, 'step_no': 620, 'loss': 0.18084460496902466, 'accuracy': 0.9558556079864502, 'l2_norm': 4.627961158752441, 'computation_time': 0.04366898536682129, 'batch_time': 0.04623801035631914, 'rtc_check_time': 0.0014269999956013635, 'experiment_id': 'exp_20240620_203711', 'client_id': '0'}
[2024-06-20 20:38:25,484][root][INFO] - Added data to batch for client 0: {'round': 5, 'step_no': 621, 'loss': 0.09660972654819489, 'accuracy': 0.9557669162750244, 'l2_norm': 4.665365219116211, 'computation_time': 0.04050111770629883, 'batch_time': 0.044678391350316815, 'rtc_check_time': 0.0030064000020502135, 'experiment_id': 'exp_20240620_203711', 'client_id': '0'}
[2024-06-20 20:38:25,485][root][INFO] - Added data to batch for client 0: {'round': 5, 'step_no': 622, 'loss': 0.09147442877292633, 'accuracy': 0.9558293223381042, 'l2_norm': 4.6864094734191895, 'computation_time': 0.04023289680480957, 'batch_time': 0.042759482268593274, 'rtc_check_time': 0.0013786000054096803, 'experiment_id': 'exp_20240620_203711', 'client_id': '0'}
[2024-06-20 20:38:25,487][root][INFO] - Added data to batch for client 0: {'round': 5, 'step_no': 623, 'loss': 0.2147092968225479, 'accuracy': 0.9555920958518982, 'l2_norm': 4.740357875823975, 'computation_time': 0.05131387710571289, 'batch_time': 0.054312596388626844, 'rtc_check_time': 0.0016115999897010624, 'experiment_id': 'exp_20240620_203711', 'client_id': '0'}
[2024-06-20 20:38:25,488][root][INFO] - Added data to batch for client 0: {'round': 5, 'step_no': 624, 'loss': 0.11527780443429947, 'accuracy': 0.9555059671401978, 'l2_norm': 4.785080909729004, 'computation_time': 0.03995013236999512, 'batch_time': 0.04329981356568169, 'rtc_check_time': 0.0021408989996416494, 'experiment_id': 'exp_20240620_203711', 'client_id': '0'}
[2024-06-20 20:38:25,489][root][INFO] - Added data to batch for client 0: {'round': 5, 'step_no': 625, 'loss': 0.04874897748231888, 'accuracy': 0.9555687308311462, 'l2_norm': 4.797152996063232, 'computation_time': 0.039711952209472656, 'batch_time': 0.04552279974450357, 'rtc_check_time': 0.003945698990719393, 'experiment_id': 'exp_20240620_203711', 'client_id': '0'}
[2024-06-20 20:38:25,490][root][INFO] - Added data to batch for client 0: {'round': 5, 'step_no': 626, 'loss': 0.21134060621261597, 'accuracy': 0.9554834961891174, 'l2_norm': 4.816195011138916, 'computation_time': 0.042281150817871094, 'batch_time': 0.0559634561650455, 'rtc_check_time': 0.012661396991461515, 'experiment_id': 'exp_20240620_203711', 'client_id': '0'}
[2024-06-20 20:38:25,491][root][INFO] - Added data to batch for client 0: {'round': 5, 'step_no': 627, 'loss': 0.028678912669420242, 'accuracy': 0.9556924700737, 'l2_norm': 4.808481216430664, 'computation_time': 0.03905916213989258, 'batch_time': 0.042320077496697195, 'rtc_check_time': 0.0021989990054862574, 'experiment_id': 'exp_20240620_203711', 'client_id': '0'}
[2024-06-20 20:38:25,492][root][INFO] - Added data to batch for client 0: {'round': 5, 'step_no': 628, 'loss': 0.2227194905281067, 'accuracy': 0.9556074738502502, 'l2_norm': 4.874995708465576, 'computation_time': 0.04578900337219238, 'batch_time': 0.051607314133434556, 'rtc_check_time': 0.004517498993664049, 'experiment_id': 'exp_20240620_203711', 'client_id': '0'}
[2024-06-20 20:38:25,493][root][INFO] - Added data to batch for client 0: {'round': 5, 'step_no': 629, 'loss': 0.02200714498758316, 'accuracy': 0.9558139443397522, 'l2_norm': 4.870831489562988, 'computation_time': 0.04720306396484375, 'batch_time': 0.052302389522083104, 'rtc_check_time': 0.003752499003894627, 'experiment_id': 'exp_20240620_203711', 'client_id': '0'}
[2024-06-20 20:38:25,495][root][INFO] - Added data to batch for client 0: {'round': 5, 'step_no': 630, 'loss': 0.09183844923973083, 'accuracy': 0.9558738470077515, 'l2_norm': 4.89788818359375, 'computation_time': 0.044116973876953125, 'batch_time': 0.04794429350295104, 'rtc_check_time': 0.0026182990113738924, 'experiment_id': 'exp_20240620_203711', 'client_id': '0'}
[2024-06-20 20:38:25,496][root][INFO] - Added data to batch for client 0: {'round': 5, 'step_no': 631, 'loss': 0.027655908837914467, 'accuracy': 0.9560772180557251, 'l2_norm': 4.894552707672119, 'computation_time': 0.04917192459106445, 'batch_time': 0.05427628768666182, 'rtc_check_time': 0.003368199002579786, 'experiment_id': 'exp_20240620_203711', 'client_id': '0'}
[2024-06-20 20:38:25,498][root][INFO] - Added data to batch for client 0: {'round': 5, 'step_no': 632, 'loss': 0.08993833512067795, 'accuracy': 0.9561353325843811, 'l2_norm': 4.920355796813965, 'computation_time': 0.04643082618713379, 'batch_time': 0.04941430679173209, 'rtc_check_time': 0.0017231999954674393, 'experiment_id': 'exp_20240620_203711', 'client_id': '0'}
[2024-06-20 20:38:25,498][root][INFO] - Added batch data list for client 0. New Data Added: 218
[2024-06-20 20:38:25,504][root][INFO] - Batch data saved to /home/psklavos/fl/geom_aio/csv_logs/exp_20240620_203711/clients/client_0/batch.csv
[2024-06-20 20:38:25,505][root][INFO] - Appended data to last row of column distributed_loss in server data for client None
[2024-06-20 20:38:25,505][root][INFO] - Appended data to last row of column distributed_acc in server data for client None
[2024-06-20 20:38:25,505][root][INFO] - Appended {'distributed_loss': 0.09448604782422383, 'distributed_acc': 0.9709999958674113} to the last row of server data
[2024-06-20 20:38:25,506][root][INFO] - Server data saved to /home/psklavos/fl/geom_aio/csv_logs/exp_20240620_203711/server/server.csv
[2024-06-20 20:38:25,506][flwr][INFO] - FL finished in 63.977865627006395
[2024-06-20 20:38:25,506][flwr][INFO] - app_fit: losses_distributed [(1, 1.2930874824523926), (2, 0.3732902407646179), (3, 0.2079603224992752), (4, 0.13712764283021292), (5, 0.09448604782422383)]
[2024-06-20 20:38:25,506][flwr][INFO] - app_fit: metrics_distributed_fit {'average_norm': [(1, 5.111891587575276), (2, 5.064964056015015), (3, 5.0068427721659345), (4, 5.010250886281331), (5, 5.011861801147461)], 'round_time': [(1, 2.7315350917144774), (2, 4.481528963944702), (3, 8.512406250575806), (4, 10.433055699539674), (5, 12.209485188731934)], 'average_downlink_time': [(1, 0.5941698603333333), (2, 0.3969255865), (3, 0.617089746), (4, 0.5235694493333334), (5, 0.622801674)], 'average_rtc_check_time': [(1, 0.08989151233011701), (2, 0.22813820150622632), (3, 0.5121959259704454), (4, 0.6373179970299437), (5, 0.7576661200534242)], 'average_uplink_time': [(1, 0.31739010100000004), (2, 0.2803692355), (3, 0.2852452696666667), (4, 0.5071108823333333), (5, 0.30340247033333334)], 'average_computation_time': [(1, 1.3973790009816487), (2, 3.2750359773635864), (3, 6.399592955907186), (4, 8.137441635131836), (5, 9.707720279693604)], 'average_communication_time': [(1, 1.0014514736634503), (2, 0.9054330235062262), (3, 1.4145309416371121), (4, 1.6679983286966105), (5, 1.6838702643867576)], 'average_fit_time': [(1, 1.668075720469157), (2, 3.7663785219192505), (3, 7.372836987177531), (4, 9.370730002721151), (5, 11.150798718134562)], 'average_throughput': [(1, 7.5408378997244485), (2, 7.962428362411451), (3, 8.909044587748296), (4, 4.4166289620901), (5, 8.172930061072657)], 'dropouts': [(1, 0), (2, 1), (3, 0), (4, 0), (5, 0)]}
[2024-06-20 20:38:25,507][flwr][INFO] - app_fit: metrics_distributed {'accuracy': [(1, 0.6983333428700765), (2, 0.8840000033378601), (3, 0.937166670958201), (4, 0.9570000171661377), (5, 0.9709999958674113)]}
[2024-06-20 20:38:25,507][flwr][INFO] - app_fit: losses_centralized [(0, 2.3184972), (1, 1.2706405), (2, 0.35082144), (3, 0.18894704), (4, 0.116592586), (5, 0.07614353)]
[2024-06-20 20:38:25,507][flwr][INFO] - app_fit: metrics_centralized {'accuracy': [(0, 0.1215), (1, 0.6986), (2, 0.8939), (3, 0.9426), (4, 0.9633), (5, 0.9749)]}
