[2024-06-19 20:41:11,364][utils.model][INFO] - LeNet model built
[2024-06-19 20:41:11,661][utils.model][INFO] - Size of serialized model: 279.0341796875 kbytes
[2024-06-19 20:41:11,678][flwr][INFO] - Opened insecure gRPC connection (no certificates were passed)
[2024-06-19 20:41:11,681][flwr][DEBUG] - ChannelConnectivity.IDLE
[2024-06-19 20:41:11,682][flwr][DEBUG] - ChannelConnectivity.CONNECTING
[2024-06-19 20:41:11,684][flwr][DEBUG] - ChannelConnectivity.READY
[2024-06-19 20:41:16,367][utils.model][INFO] - ========================== Epoch Start ==========================
[2024-06-19 20:41:16,812][utils.model][INFO] - (In epoch/Overall): (1/1)| inst_loss: 0.4433 - Mean loss: 2.2675 - acc: 0.2812 - norm: 0.18 - 2.27s
[2024-06-19 20:41:16,816][utils.model][INFO] - Epoch Results:
[2024-06-19 20:41:16,820][utils.model][INFO] - (In epoch/Overall): (1/1)| inst_loss: 2.2675 - Mean loss: 2.2675 - acc: 0.2812 - norm: 0.18 - 0.45s
[2024-06-19 20:41:18,319][utils.model][INFO] - Evaluation Results - Val Loss: 2.2734, Val Accuracy: 0.1310 in 32 steps
[2024-06-19 20:41:22,743][utils.model][INFO] - ========================== Epoch Start ==========================
[2024-06-19 20:41:22,853][utils.model][INFO] - (In epoch/Overall): (1/2)| inst_loss: 0.1085 - Mean loss: 2.2589 - acc: 0.2188 - norm: 0.12 - 2.26s
[2024-06-19 20:41:22,860][utils.model][INFO] - Epoch Results:
[2024-06-19 20:41:22,863][utils.model][INFO] - (In epoch/Overall): (1/2)| inst_loss: 2.2589 - Mean loss: 2.2589 - acc: 0.2188 - norm: 0.12 - 0.12s
[2024-06-19 20:41:24,371][utils.model][INFO] - Evaluation Results - Val Loss: 2.2415, Val Accuracy: 0.1160 in 32 steps
[2024-06-19 20:41:28,605][utils.model][INFO] - ========================== Epoch Start ==========================
[2024-06-19 20:41:28,695][utils.model][INFO] - (In epoch/Overall): (1/3)| inst_loss: 0.0893 - Mean loss: 2.2271 - acc: 0.0938 - norm: 0.12 - 2.23s
[2024-06-19 20:41:28,701][utils.model][INFO] - Epoch Results:
[2024-06-19 20:41:28,704][utils.model][INFO] - (In epoch/Overall): (1/3)| inst_loss: 2.2271 - Mean loss: 2.2271 - acc: 0.0938 - norm: 0.12 - 0.10s
[2024-06-19 20:41:30,191][utils.model][INFO] - Evaluation Results - Val Loss: 2.2004, Val Accuracy: 0.3190 in 32 steps
[2024-06-19 20:41:34,510][utils.model][INFO] - ========================== Epoch Start ==========================
[2024-06-19 20:41:34,646][utils.model][INFO] - (In epoch/Overall): (1/4)| inst_loss: 0.1336 - Mean loss: 2.1986 - acc: 0.3750 - norm: 0.08 - 2.20s
[2024-06-19 20:41:34,652][utils.model][INFO] - Epoch Results:
[2024-06-19 20:41:34,657][utils.model][INFO] - (In epoch/Overall): (1/4)| inst_loss: 2.1986 - Mean loss: 2.1986 - acc: 0.3750 - norm: 0.08 - 0.14s
[2024-06-19 20:41:36,332][utils.model][INFO] - Evaluation Results - Val Loss: 2.1611, Val Accuracy: 0.2270 in 32 steps
[2024-06-19 20:41:40,442][utils.model][INFO] - ========================== Epoch Start ==========================
[2024-06-19 20:41:40,552][utils.model][INFO] - (In epoch/Overall): (1/5)| inst_loss: 0.1084 - Mean loss: 2.1646 - acc: 0.2188 - norm: 0.10 - 2.16s
[2024-06-19 20:41:40,557][utils.model][INFO] - Epoch Results:
[2024-06-19 20:41:40,560][utils.model][INFO] - (In epoch/Overall): (1/5)| inst_loss: 2.1646 - Mean loss: 2.1646 - acc: 0.2188 - norm: 0.10 - 0.12s
[2024-06-19 20:41:42,180][utils.model][INFO] - Evaluation Results - Val Loss: 2.1088, Val Accuracy: 0.4655 in 32 steps
[2024-06-19 20:41:46,706][utils.model][INFO] - ========================== Epoch Start ==========================
[2024-06-19 20:41:46,806][utils.model][INFO] - (In epoch/Overall): (1/6)| inst_loss: 0.0990 - Mean loss: 2.1211 - acc: 0.3125 - norm: 0.11 - 2.12s
[2024-06-19 20:41:46,812][utils.model][INFO] - Epoch Results:
[2024-06-19 20:41:46,814][utils.model][INFO] - (In epoch/Overall): (1/6)| inst_loss: 2.1211 - Mean loss: 2.1211 - acc: 0.3125 - norm: 0.11 - 0.11s
[2024-06-19 20:41:48,473][utils.model][INFO] - Evaluation Results - Val Loss: 2.0651, Val Accuracy: 0.3225 in 32 steps
[2024-06-19 20:41:52,774][utils.model][INFO] - ========================== Epoch Start ==========================
[2024-06-19 20:41:52,881][utils.model][INFO] - (In epoch/Overall): (1/7)| inst_loss: 0.1049 - Mean loss: 2.0264 - acc: 0.4688 - norm: 0.12 - 2.03s
[2024-06-19 20:41:52,886][utils.model][INFO] - Epoch Results:
[2024-06-19 20:41:52,890][utils.model][INFO] - (In epoch/Overall): (1/7)| inst_loss: 2.0264 - Mean loss: 2.0264 - acc: 0.4688 - norm: 0.12 - 0.11s
[2024-06-19 20:41:54,381][utils.model][INFO] - Evaluation Results - Val Loss: 1.9854, Val Accuracy: 0.4435 in 32 steps
[2024-06-19 20:41:58,048][utils.model][INFO] - ========================== Epoch Start ==========================
[2024-06-19 20:41:58,142][utils.model][INFO] - (In epoch/Overall): (1/8)| inst_loss: 0.0926 - Mean loss: 1.8833 - acc: 0.5312 - norm: 0.14 - 1.88s
[2024-06-19 20:41:58,148][utils.model][INFO] - Epoch Results:
[2024-06-19 20:41:58,151][utils.model][INFO] - (In epoch/Overall): (1/8)| inst_loss: 1.8833 - Mean loss: 1.8833 - acc: 0.5312 - norm: 0.14 - 0.10s
[2024-06-19 20:41:59,791][utils.model][INFO] - Evaluation Results - Val Loss: 1.9888, Val Accuracy: 0.2590 in 32 steps
[2024-06-19 20:42:04,185][utils.model][INFO] - ========================== Epoch Start ==========================
[2024-06-19 20:42:04,294][utils.model][INFO] - (In epoch/Overall): (1/9)| inst_loss: 0.1075 - Mean loss: 2.0216 - acc: 0.2188 - norm: 0.19 - 2.02s
[2024-06-19 20:42:04,300][utils.model][INFO] - Epoch Results:
[2024-06-19 20:42:04,303][utils.model][INFO] - (In epoch/Overall): (1/9)| inst_loss: 2.0216 - Mean loss: 2.0216 - acc: 0.2188 - norm: 0.19 - 0.12s
[2024-06-19 20:42:05,860][utils.model][INFO] - Evaluation Results - Val Loss: 1.8894, Val Accuracy: 0.5720 in 32 steps
[2024-06-19 20:42:10,185][utils.model][INFO] - ========================== Epoch Start ==========================
[2024-06-19 20:42:10,311][utils.model][INFO] - (In epoch/Overall): (1/10)| inst_loss: 0.1240 - Mean loss: 1.9540 - acc: 0.5938 - norm: 0.09 - 1.95s
[2024-06-19 20:42:10,320][utils.model][INFO] - Epoch Results:
[2024-06-19 20:42:10,324][utils.model][INFO] - (In epoch/Overall): (1/10)| inst_loss: 1.9540 - Mean loss: 1.9540 - acc: 0.5938 - norm: 0.09 - 0.14s
[2024-06-19 20:42:12,143][utils.model][INFO] - Evaluation Results - Val Loss: 1.8025, Val Accuracy: 0.6795 in 32 steps
[2024-06-19 20:42:16,481][utils.model][INFO] - ========================== Epoch Start ==========================
[2024-06-19 20:42:16,589][utils.model][INFO] - (In epoch/Overall): (1/11)| inst_loss: 0.1059 - Mean loss: 1.7713 - acc: 0.6875 - norm: 0.09 - 1.77s
[2024-06-19 20:42:16,595][utils.model][INFO] - Epoch Results:
[2024-06-19 20:42:16,597][utils.model][INFO] - (In epoch/Overall): (1/11)| inst_loss: 1.7713 - Mean loss: 1.7713 - acc: 0.6875 - norm: 0.09 - 0.12s
[2024-06-19 20:42:18,189][utils.model][INFO] - Evaluation Results - Val Loss: 1.7519, Val Accuracy: 0.5490 in 32 steps
[2024-06-19 20:42:22,310][utils.model][INFO] - ========================== Epoch Start ==========================
[2024-06-19 20:42:22,414][utils.model][INFO] - (In epoch/Overall): (1/12)| inst_loss: 0.1023 - Mean loss: 1.8756 - acc: 0.5625 - norm: 0.11 - 1.88s
[2024-06-19 20:42:22,420][utils.model][INFO] - Epoch Results:
[2024-06-19 20:42:22,423][utils.model][INFO] - (In epoch/Overall): (1/12)| inst_loss: 1.8756 - Mean loss: 1.8756 - acc: 0.5625 - norm: 0.11 - 0.11s
[2024-06-19 20:42:23,956][utils.model][INFO] - Evaluation Results - Val Loss: 1.6506, Val Accuracy: 0.6605 in 32 steps
[2024-06-19 20:42:28,483][utils.model][INFO] - ========================== Epoch Start ==========================
[2024-06-19 20:42:28,599][utils.model][INFO] - (In epoch/Overall): (1/13)| inst_loss: 0.1144 - Mean loss: 1.6037 - acc: 0.6562 - norm: 0.10 - 1.60s
[2024-06-19 20:42:28,607][utils.model][INFO] - Epoch Results:
[2024-06-19 20:42:28,611][utils.model][INFO] - (In epoch/Overall): (1/13)| inst_loss: 1.6037 - Mean loss: 1.6037 - acc: 0.6562 - norm: 0.10 - 0.13s
[2024-06-19 20:42:30,156][utils.model][INFO] - Evaluation Results - Val Loss: 1.5941, Val Accuracy: 0.6415 in 32 steps
[2024-06-19 20:42:34,512][utils.model][INFO] - ========================== Epoch Start ==========================
[2024-06-19 20:42:34,634][utils.model][INFO] - (In epoch/Overall): (1/14)| inst_loss: 0.1207 - Mean loss: 1.5648 - acc: 0.6250 - norm: 0.09 - 1.56s
[2024-06-19 20:42:34,642][utils.model][INFO] - Epoch Results:
[2024-06-19 20:42:34,646][utils.model][INFO] - (In epoch/Overall): (1/14)| inst_loss: 1.5648 - Mean loss: 1.5648 - acc: 0.6250 - norm: 0.09 - 0.13s
[2024-06-19 20:42:36,521][utils.model][INFO] - Evaluation Results - Val Loss: 1.5109, Val Accuracy: 0.6085 in 32 steps
[2024-06-19 20:42:40,687][utils.model][INFO] - ========================== Epoch Start ==========================
[2024-06-19 20:42:40,797][utils.model][INFO] - (In epoch/Overall): (1/15)| inst_loss: 0.1087 - Mean loss: 1.5010 - acc: 0.7500 - norm: 0.10 - 1.50s
[2024-06-19 20:42:40,803][utils.model][INFO] - Epoch Results:
[2024-06-19 20:42:40,806][utils.model][INFO] - (In epoch/Overall): (1/15)| inst_loss: 1.5010 - Mean loss: 1.5010 - acc: 0.7500 - norm: 0.10 - 0.12s
[2024-06-19 20:42:42,386][utils.model][INFO] - Evaluation Results - Val Loss: 1.4433, Val Accuracy: 0.6470 in 32 steps
[2024-06-19 20:42:46,884][utils.model][INFO] - ========================== Epoch Start ==========================
[2024-06-19 20:42:46,999][utils.model][INFO] - (In epoch/Overall): (1/16)| inst_loss: 0.1137 - Mean loss: 1.6068 - acc: 0.4688 - norm: 0.11 - 1.61s
[2024-06-19 20:42:47,004][utils.model][INFO] - Epoch Results:
[2024-06-19 20:42:47,007][utils.model][INFO] - (In epoch/Overall): (1/16)| inst_loss: 1.6068 - Mean loss: 1.6068 - acc: 0.4688 - norm: 0.11 - 0.12s
[2024-06-19 20:42:48,608][utils.model][INFO] - Evaluation Results - Val Loss: 1.3996, Val Accuracy: 0.6160 in 32 steps
[2024-06-19 20:42:53,291][utils.model][INFO] - ========================== Epoch Start ==========================
[2024-06-19 20:42:53,398][utils.model][INFO] - (In epoch/Overall): (1/17)| inst_loss: 0.1060 - Mean loss: 1.5161 - acc: 0.5938 - norm: 0.11 - 1.52s
[2024-06-19 20:42:53,405][utils.model][INFO] - Epoch Results:
[2024-06-19 20:42:53,408][utils.model][INFO] - (In epoch/Overall): (1/17)| inst_loss: 1.5161 - Mean loss: 1.5161 - acc: 0.5938 - norm: 0.11 - 0.12s
[2024-06-19 20:42:54,978][utils.model][INFO] - Evaluation Results - Val Loss: 1.4084, Val Accuracy: 0.6585 in 32 steps
[2024-06-19 20:42:59,451][utils.model][INFO] - ========================== Epoch Start ==========================
[2024-06-19 20:42:59,561][utils.model][INFO] - (In epoch/Overall): (1/18)| inst_loss: 0.1091 - Mean loss: 1.4371 - acc: 0.5938 - norm: 0.08 - 1.44s
[2024-06-19 20:42:59,567][utils.model][INFO] - Epoch Results:
[2024-06-19 20:42:59,570][utils.model][INFO] - (In epoch/Overall): (1/18)| inst_loss: 1.4371 - Mean loss: 1.4371 - acc: 0.5938 - norm: 0.08 - 0.12s
[2024-06-19 20:43:01,179][utils.model][INFO] - Evaluation Results - Val Loss: 1.3020, Val Accuracy: 0.6705 in 32 steps
[2024-06-19 20:43:05,545][utils.model][INFO] - ========================== Epoch Start ==========================
[2024-06-19 20:43:05,678][utils.model][INFO] - (In epoch/Overall): (1/19)| inst_loss: 0.1307 - Mean loss: 1.2090 - acc: 0.7500 - norm: 0.05 - 1.21s
[2024-06-19 20:43:05,685][utils.model][INFO] - Epoch Results:
[2024-06-19 20:43:05,690][utils.model][INFO] - (In epoch/Overall): (1/19)| inst_loss: 1.2090 - Mean loss: 1.2090 - acc: 0.7500 - norm: 0.05 - 0.14s
[2024-06-19 20:43:07,498][utils.model][INFO] - Evaluation Results - Val Loss: 1.2038, Val Accuracy: 0.7470 in 32 steps
[2024-06-19 20:43:11,950][utils.model][INFO] - ========================== Epoch Start ==========================
[2024-06-19 20:43:12,081][utils.model][INFO] - (In epoch/Overall): (1/20)| inst_loss: 0.1292 - Mean loss: 1.3553 - acc: 0.6562 - norm: 0.09 - 1.36s
[2024-06-19 20:43:12,088][utils.model][INFO] - Epoch Results:
[2024-06-19 20:43:12,091][utils.model][INFO] - (In epoch/Overall): (1/20)| inst_loss: 1.3553 - Mean loss: 1.3553 - acc: 0.6562 - norm: 0.09 - 0.14s
[2024-06-19 20:43:13,798][utils.model][INFO] - Evaluation Results - Val Loss: 1.2536, Val Accuracy: 0.6340 in 32 steps
[2024-06-19 20:43:18,915][utils.model][INFO] - Evaluation Results - Val Loss: 1.1749, Val Accuracy: 0.6515 in 32 steps
[2024-06-19 20:43:23,366][utils.model][INFO] - ========================== Epoch Start ==========================
[2024-06-19 20:43:23,486][utils.model][INFO] - (In epoch/Overall): (1/21)| inst_loss: 0.1189 - Mean loss: 0.8044 - acc: 0.8125 - norm: 0.06 - 0.80s
[2024-06-19 20:43:23,492][utils.model][INFO] - Epoch Results:
[2024-06-19 20:43:23,495][utils.model][INFO] - (In epoch/Overall): (1/21)| inst_loss: 0.8044 - Mean loss: 0.8044 - acc: 0.8125 - norm: 0.06 - 0.13s
[2024-06-19 20:43:25,084][utils.model][INFO] - Evaluation Results - Val Loss: 1.0317, Val Accuracy: 0.7560 in 32 steps
[2024-06-19 20:43:29,395][utils.model][INFO] - ========================== Epoch Start ==========================
[2024-06-19 20:43:29,502][utils.model][INFO] - (In epoch/Overall): (1/22)| inst_loss: 0.1047 - Mean loss: 1.0800 - acc: 0.8125 - norm: 0.06 - 1.08s
[2024-06-19 20:43:29,508][utils.model][INFO] - Epoch Results:
[2024-06-19 20:43:29,511][utils.model][INFO] - (In epoch/Overall): (1/22)| inst_loss: 1.0800 - Mean loss: 1.0800 - acc: 0.8125 - norm: 0.06 - 0.11s
[2024-06-19 20:43:31,072][utils.model][INFO] - Evaluation Results - Val Loss: 0.9737, Val Accuracy: 0.7570 in 32 steps
[2024-06-19 20:43:35,317][utils.model][INFO] - ========================== Epoch Start ==========================
[2024-06-19 20:43:35,424][utils.model][INFO] - (In epoch/Overall): (1/23)| inst_loss: 0.1059 - Mean loss: 0.9636 - acc: 0.7500 - norm: 0.05 - 0.96s
[2024-06-19 20:43:35,430][utils.model][INFO] - Epoch Results:
[2024-06-19 20:43:35,434][utils.model][INFO] - (In epoch/Overall): (1/23)| inst_loss: 0.9636 - Mean loss: 0.9636 - acc: 0.7500 - norm: 0.05 - 0.11s
[2024-06-19 20:43:36,972][utils.model][INFO] - Evaluation Results - Val Loss: 0.9111, Val Accuracy: 0.7895 in 32 steps
[2024-06-19 20:43:41,468][utils.model][INFO] - ========================== Epoch Start ==========================
[2024-06-19 20:43:41,601][utils.model][INFO] - (In epoch/Overall): (1/24)| inst_loss: 0.1300 - Mean loss: 0.9373 - acc: 0.6875 - norm: 0.05 - 0.94s
[2024-06-19 20:43:41,608][utils.model][INFO] - Epoch Results:
[2024-06-19 20:43:41,612][utils.model][INFO] - (In epoch/Overall): (1/24)| inst_loss: 0.9373 - Mean loss: 0.9373 - acc: 0.6875 - norm: 0.05 - 0.14s
[2024-06-19 20:43:43,186][utils.model][INFO] - Evaluation Results - Val Loss: 0.9297, Val Accuracy: 0.7635 in 32 steps
[2024-06-19 20:43:47,844][utils.model][INFO] - ========================== Epoch Start ==========================
[2024-06-19 20:43:47,952][utils.model][INFO] - (In epoch/Overall): (1/25)| inst_loss: 0.1072 - Mean loss: 0.7357 - acc: 0.7812 - norm: 0.06 - 0.74s
[2024-06-19 20:43:47,958][utils.model][INFO] - Epoch Results:
[2024-06-19 20:43:47,962][utils.model][INFO] - (In epoch/Overall): (1/25)| inst_loss: 0.7357 - Mean loss: 0.7357 - acc: 0.7812 - norm: 0.06 - 0.12s
[2024-06-19 20:43:49,583][utils.model][INFO] - Evaluation Results - Val Loss: 0.9917, Val Accuracy: 0.6715 in 32 steps
[2024-06-19 20:43:53,820][utils.model][INFO] - ========================== Epoch Start ==========================
[2024-06-19 20:43:53,931][utils.model][INFO] - (In epoch/Overall): (1/26)| inst_loss: 0.1092 - Mean loss: 0.9311 - acc: 0.7500 - norm: 0.13 - 0.93s
[2024-06-19 20:43:53,939][utils.model][INFO] - Epoch Results:
[2024-06-19 20:43:53,942][utils.model][INFO] - (In epoch/Overall): (1/26)| inst_loss: 0.9311 - Mean loss: 0.9311 - acc: 0.7500 - norm: 0.13 - 0.12s
[2024-06-19 20:43:55,521][utils.model][INFO] - Evaluation Results - Val Loss: 1.1700, Val Accuracy: 0.6320 in 32 steps
[2024-06-19 20:43:59,623][utils.model][INFO] - ========================== Epoch Start ==========================
[2024-06-19 20:43:59,737][utils.model][INFO] - (In epoch/Overall): (1/27)| inst_loss: 0.1126 - Mean loss: 1.2396 - acc: 0.6250 - norm: 0.14 - 1.24s
[2024-06-19 20:43:59,743][utils.model][INFO] - Epoch Results:
[2024-06-19 20:43:59,746][utils.model][INFO] - (In epoch/Overall): (1/27)| inst_loss: 1.2396 - Mean loss: 1.2396 - acc: 0.6250 - norm: 0.14 - 0.12s
[2024-06-19 20:44:01,357][utils.model][INFO] - Evaluation Results - Val Loss: 0.8940, Val Accuracy: 0.7615 in 32 steps
[2024-06-19 20:44:05,579][utils.model][INFO] - ========================== Epoch Start ==========================
[2024-06-19 20:44:05,721][utils.model][INFO] - (In epoch/Overall): (1/28)| inst_loss: 0.1396 - Mean loss: 0.7543 - acc: 0.8125 - norm: 0.04 - 0.75s
[2024-06-19 20:44:05,729][utils.model][INFO] - Epoch Results:
[2024-06-19 20:44:05,734][utils.model][INFO] - (In epoch/Overall): (1/28)| inst_loss: 0.7543 - Mean loss: 0.7543 - acc: 0.8125 - norm: 0.04 - 0.15s
[2024-06-19 20:44:07,536][utils.model][INFO] - Evaluation Results - Val Loss: 0.7880, Val Accuracy: 0.8025 in 32 steps
[2024-06-19 20:44:11,747][utils.model][INFO] - ========================== Epoch Start ==========================
[2024-06-19 20:44:11,854][utils.model][INFO] - (In epoch/Overall): (1/29)| inst_loss: 0.1046 - Mean loss: 1.2287 - acc: 0.6250 - norm: 0.05 - 1.23s
[2024-06-19 20:44:11,861][utils.model][INFO] - Epoch Results:
[2024-06-19 20:44:11,864][utils.model][INFO] - (In epoch/Overall): (1/29)| inst_loss: 1.2287 - Mean loss: 1.2287 - acc: 0.6250 - norm: 0.05 - 0.12s
[2024-06-19 20:44:13,754][utils.model][INFO] - Evaluation Results - Val Loss: 0.7775, Val Accuracy: 0.7935 in 32 steps
[2024-06-19 20:44:18,144][utils.model][INFO] - ========================== Epoch Start ==========================
[2024-06-19 20:44:18,248][utils.model][INFO] - (In epoch/Overall): (1/30)| inst_loss: 0.1027 - Mean loss: 0.7158 - acc: 0.7500 - norm: 0.03 - 0.72s
[2024-06-19 20:44:18,255][utils.model][INFO] - Epoch Results:
[2024-06-19 20:44:18,258][utils.model][INFO] - (In epoch/Overall): (1/30)| inst_loss: 0.7158 - Mean loss: 0.7158 - acc: 0.7500 - norm: 0.03 - 0.12s
[2024-06-19 20:44:19,860][utils.model][INFO] - Evaluation Results - Val Loss: 0.7196, Val Accuracy: 0.8135 in 32 steps
[2024-06-19 20:44:24,438][utils.model][INFO] - ========================== Epoch Start ==========================
[2024-06-19 20:44:24,572][utils.model][INFO] - (In epoch/Overall): (1/31)| inst_loss: 0.1319 - Mean loss: 0.6181 - acc: 0.7812 - norm: 0.02 - 0.62s
[2024-06-19 20:44:24,580][utils.model][INFO] - Epoch Results:
[2024-06-19 20:44:24,583][utils.model][INFO] - (In epoch/Overall): (1/31)| inst_loss: 0.6181 - Mean loss: 0.6181 - acc: 0.7812 - norm: 0.02 - 0.14s
[2024-06-19 20:44:26,203][utils.model][INFO] - Evaluation Results - Val Loss: 0.7129, Val Accuracy: 0.8155 in 32 steps
[2024-06-19 20:44:30,373][utils.model][INFO] - ========================== Epoch Start ==========================
[2024-06-19 20:44:30,484][utils.model][INFO] - (In epoch/Overall): (1/32)| inst_loss: 0.1086 - Mean loss: 0.7364 - acc: 0.9062 - norm: 0.05 - 0.74s
[2024-06-19 20:44:30,490][utils.model][INFO] - Epoch Results:
[2024-06-19 20:44:30,493][utils.model][INFO] - (In epoch/Overall): (1/32)| inst_loss: 0.7364 - Mean loss: 0.7364 - acc: 0.9062 - norm: 0.05 - 0.12s
[2024-06-19 20:44:32,209][utils.model][INFO] - Evaluation Results - Val Loss: 0.6812, Val Accuracy: 0.8290 in 32 steps
[2024-06-19 20:44:36,615][utils.model][INFO] - ========================== Epoch Start ==========================
[2024-06-19 20:44:36,760][utils.model][INFO] - (In epoch/Overall): (1/33)| inst_loss: 0.1427 - Mean loss: 0.5588 - acc: 0.8438 - norm: 0.06 - 0.56s
[2024-06-19 20:44:36,768][utils.model][INFO] - Epoch Results:
[2024-06-19 20:44:36,772][utils.model][INFO] - (In epoch/Overall): (1/33)| inst_loss: 0.5588 - Mean loss: 0.5588 - acc: 0.8438 - norm: 0.06 - 0.15s
[2024-06-19 20:44:38,584][utils.model][INFO] - Evaluation Results - Val Loss: 0.7474, Val Accuracy: 0.7665 in 32 steps
[2024-06-19 20:44:42,712][utils.model][INFO] - ========================== Epoch Start ==========================
[2024-06-19 20:44:42,818][utils.model][INFO] - (In epoch/Overall): (1/34)| inst_loss: 0.1047 - Mean loss: 0.5831 - acc: 0.8125 - norm: 0.06 - 0.58s
[2024-06-19 20:44:42,824][utils.model][INFO] - Epoch Results:
[2024-06-19 20:44:42,827][utils.model][INFO] - (In epoch/Overall): (1/34)| inst_loss: 0.5831 - Mean loss: 0.5831 - acc: 0.8125 - norm: 0.06 - 0.11s
[2024-06-19 20:44:44,441][utils.model][INFO] - Evaluation Results - Val Loss: 0.6592, Val Accuracy: 0.8005 in 32 steps
[2024-06-19 20:44:49,097][utils.model][INFO] - ========================== Epoch Start ==========================
[2024-06-19 20:44:49,221][utils.model][INFO] - (In epoch/Overall): (1/35)| inst_loss: 0.1221 - Mean loss: 0.6477 - acc: 0.7188 - norm: 0.06 - 0.65s
[2024-06-19 20:44:49,228][utils.model][INFO] - Epoch Results:
[2024-06-19 20:44:49,233][utils.model][INFO] - (In epoch/Overall): (1/35)| inst_loss: 0.6477 - Mean loss: 0.6477 - acc: 0.7188 - norm: 0.06 - 0.13s
[2024-06-19 20:44:50,851][utils.model][INFO] - Evaluation Results - Val Loss: 0.7596, Val Accuracy: 0.7585 in 32 steps
[2024-06-19 20:44:55,062][utils.model][INFO] - ========================== Epoch Start ==========================
[2024-06-19 20:44:55,177][utils.model][INFO] - (In epoch/Overall): (1/36)| inst_loss: 0.1136 - Mean loss: 0.9682 - acc: 0.6562 - norm: 0.08 - 0.97s
[2024-06-19 20:44:55,183][utils.model][INFO] - Epoch Results:
[2024-06-19 20:44:55,186][utils.model][INFO] - (In epoch/Overall): (1/36)| inst_loss: 0.9682 - Mean loss: 0.9682 - acc: 0.6562 - norm: 0.08 - 0.12s
[2024-06-19 20:44:56,733][utils.model][INFO] - Evaluation Results - Val Loss: 0.8062, Val Accuracy: 0.7515 in 32 steps
[2024-06-19 20:45:00,085][utils.model][INFO] - ========================== Epoch Start ==========================
[2024-06-19 20:45:00,172][utils.model][INFO] - (In epoch/Overall): (1/37)| inst_loss: 0.0859 - Mean loss: 0.9717 - acc: 0.6875 - norm: 0.09 - 0.97s
[2024-06-19 20:45:00,177][utils.model][INFO] - Epoch Results:
[2024-06-19 20:45:00,179][utils.model][INFO] - (In epoch/Overall): (1/37)| inst_loss: 0.9717 - Mean loss: 0.9717 - acc: 0.6875 - norm: 0.09 - 0.09s
[2024-06-19 20:45:01,768][utils.model][INFO] - Evaluation Results - Val Loss: 0.7178, Val Accuracy: 0.7895 in 32 steps
[2024-06-19 20:45:05,863][utils.model][INFO] - ========================== Epoch Start ==========================
[2024-06-19 20:45:05,994][utils.model][INFO] - (In epoch/Overall): (1/38)| inst_loss: 0.1281 - Mean loss: 0.7411 - acc: 0.8438 - norm: 0.06 - 0.74s
[2024-06-19 20:45:06,003][utils.model][INFO] - Epoch Results:
[2024-06-19 20:45:06,007][utils.model][INFO] - (In epoch/Overall): (1/38)| inst_loss: 0.7411 - Mean loss: 0.7411 - acc: 0.8438 - norm: 0.06 - 0.14s
[2024-06-19 20:45:07,810][utils.model][INFO] - Evaluation Results - Val Loss: 0.6177, Val Accuracy: 0.8290 in 32 steps
[2024-06-19 20:45:12,131][utils.model][INFO] - ========================== Epoch Start ==========================
[2024-06-19 20:45:12,285][utils.model][INFO] - (In epoch/Overall): (1/39)| inst_loss: 0.1513 - Mean loss: 0.3791 - acc: 1.0000 - norm: 0.02 - 0.38s
[2024-06-19 20:45:12,292][utils.model][INFO] - Epoch Results:
[2024-06-19 20:45:12,296][utils.model][INFO] - (In epoch/Overall): (1/39)| inst_loss: 0.3791 - Mean loss: 0.3791 - acc: 1.0000 - norm: 0.02 - 0.16s
[2024-06-19 20:45:14,142][utils.model][INFO] - Evaluation Results - Val Loss: 0.5831, Val Accuracy: 0.8400 in 32 steps
[2024-06-19 20:45:18,422][utils.model][INFO] - ========================== Epoch Start ==========================
[2024-06-19 20:45:18,528][utils.model][INFO] - (In epoch/Overall): (1/40)| inst_loss: 0.1046 - Mean loss: 0.5029 - acc: 0.8438 - norm: 0.03 - 0.50s
[2024-06-19 20:45:18,535][utils.model][INFO] - Epoch Results:
[2024-06-19 20:45:18,538][utils.model][INFO] - (In epoch/Overall): (1/40)| inst_loss: 0.5029 - Mean loss: 0.5029 - acc: 0.8438 - norm: 0.03 - 0.11s
[2024-06-19 20:45:20,127][utils.model][INFO] - Evaluation Results - Val Loss: 0.6041, Val Accuracy: 0.8385 in 32 steps
[2024-06-19 20:45:24,567][utils.model][INFO] - ========================== Epoch Start ==========================
[2024-06-19 20:45:24,679][utils.model][INFO] - (In epoch/Overall): (1/41)| inst_loss: 0.1104 - Mean loss: 0.6850 - acc: 0.8438 - norm: 0.06 - 0.68s
[2024-06-19 20:45:24,685][utils.model][INFO] - Epoch Results:
[2024-06-19 20:45:24,688][utils.model][INFO] - (In epoch/Overall): (1/41)| inst_loss: 0.6850 - Mean loss: 0.6850 - acc: 0.8438 - norm: 0.06 - 0.12s
[2024-06-19 20:45:26,296][utils.model][INFO] - Evaluation Results - Val Loss: 0.6485, Val Accuracy: 0.7990 in 32 steps
[2024-06-19 20:45:30,517][utils.model][INFO] - ========================== Epoch Start ==========================
[2024-06-19 20:45:30,625][utils.model][INFO] - (In epoch/Overall): (1/42)| inst_loss: 0.1061 - Mean loss: 0.6371 - acc: 0.8438 - norm: 0.07 - 0.64s
[2024-06-19 20:45:30,631][utils.model][INFO] - Epoch Results:
[2024-06-19 20:45:30,634][utils.model][INFO] - (In epoch/Overall): (1/42)| inst_loss: 0.6371 - Mean loss: 0.6371 - acc: 0.8438 - norm: 0.07 - 0.12s
[2024-06-19 20:45:32,198][utils.model][INFO] - Evaluation Results - Val Loss: 0.6605, Val Accuracy: 0.8015 in 32 steps
[2024-06-19 20:45:36,461][utils.model][INFO] - ========================== Epoch Start ==========================
[2024-06-19 20:45:36,606][utils.model][INFO] - (In epoch/Overall): (1/43)| inst_loss: 0.1407 - Mean loss: 0.8285 - acc: 0.7812 - norm: 0.10 - 0.83s
[2024-06-19 20:45:36,614][utils.model][INFO] - Epoch Results:
[2024-06-19 20:45:36,619][utils.model][INFO] - (In epoch/Overall): (1/43)| inst_loss: 0.8285 - Mean loss: 0.8285 - acc: 0.7812 - norm: 0.10 - 0.16s
[2024-06-19 20:45:38,448][utils.model][INFO] - Evaluation Results - Val Loss: 0.5867, Val Accuracy: 0.8255 in 32 steps
[2024-06-19 20:45:42,676][utils.model][INFO] - ========================== Epoch Start ==========================
[2024-06-19 20:45:42,813][utils.model][INFO] - (In epoch/Overall): (1/44)| inst_loss: 0.1347 - Mean loss: 0.3908 - acc: 0.9375 - norm: 0.04 - 0.39s
[2024-06-19 20:45:42,821][utils.model][INFO] - Epoch Results:
[2024-06-19 20:45:42,825][utils.model][INFO] - (In epoch/Overall): (1/44)| inst_loss: 0.3908 - Mean loss: 0.3908 - acc: 0.9375 - norm: 0.04 - 0.15s
[2024-06-19 20:45:44,470][utils.model][INFO] - Evaluation Results - Val Loss: 0.5456, Val Accuracy: 0.8400 in 32 steps
[2024-06-19 20:45:48,890][utils.model][INFO] - ========================== Epoch Start ==========================
[2024-06-19 20:45:49,034][utils.model][INFO] - (In epoch/Overall): (1/45)| inst_loss: 0.1425 - Mean loss: 0.4881 - acc: 0.8125 - norm: 0.03 - 0.49s
[2024-06-19 20:45:49,040][utils.model][INFO] - Epoch Results:
[2024-06-19 20:45:49,043][utils.model][INFO] - (In epoch/Overall): (1/45)| inst_loss: 0.4881 - Mean loss: 0.4881 - acc: 0.8125 - norm: 0.03 - 0.15s
[2024-06-19 20:45:50,752][utils.model][INFO] - Evaluation Results - Val Loss: 0.6067, Val Accuracy: 0.8255 in 32 steps
[2024-06-19 20:45:55,066][utils.model][INFO] - ========================== Epoch Start ==========================
[2024-06-19 20:45:55,177][utils.model][INFO] - (In epoch/Overall): (1/46)| inst_loss: 0.1100 - Mean loss: 0.5098 - acc: 0.9062 - norm: 0.04 - 0.51s
[2024-06-19 20:45:55,183][utils.model][INFO] - Epoch Results:
[2024-06-19 20:45:55,186][utils.model][INFO] - (In epoch/Overall): (1/46)| inst_loss: 0.5098 - Mean loss: 0.5098 - acc: 0.9062 - norm: 0.04 - 0.12s
[2024-06-19 20:45:56,807][utils.model][INFO] - Evaluation Results - Val Loss: 0.5507, Val Accuracy: 0.8445 in 32 steps
[2024-06-19 20:46:01,035][utils.model][INFO] - ========================== Epoch Start ==========================
[2024-06-19 20:46:01,141][utils.model][INFO] - (In epoch/Overall): (1/47)| inst_loss: 0.1055 - Mean loss: 0.3082 - acc: 0.9375 - norm: 0.03 - 0.31s
[2024-06-19 20:46:01,147][utils.model][INFO] - Epoch Results:
[2024-06-19 20:46:01,150][utils.model][INFO] - (In epoch/Overall): (1/47)| inst_loss: 0.3082 - Mean loss: 0.3082 - acc: 0.9375 - norm: 0.03 - 0.11s
[2024-06-19 20:46:02,699][utils.model][INFO] - Evaluation Results - Val Loss: 0.5470, Val Accuracy: 0.8445 in 32 steps
[2024-06-19 20:46:07,048][utils.model][INFO] - ========================== Epoch Start ==========================
[2024-06-19 20:46:07,162][utils.model][INFO] - (In epoch/Overall): (1/48)| inst_loss: 0.1120 - Mean loss: 0.3888 - acc: 0.8438 - norm: 0.04 - 0.39s
[2024-06-19 20:46:07,168][utils.model][INFO] - Epoch Results:
[2024-06-19 20:46:07,171][utils.model][INFO] - (In epoch/Overall): (1/48)| inst_loss: 0.3888 - Mean loss: 0.3888 - acc: 0.8438 - norm: 0.04 - 0.12s
[2024-06-19 20:46:08,713][utils.model][INFO] - Evaluation Results - Val Loss: 0.6392, Val Accuracy: 0.7930 in 32 steps
[2024-06-19 20:46:13,305][utils.model][INFO] - ========================== Epoch Start ==========================
[2024-06-19 20:46:13,459][utils.model][INFO] - (In epoch/Overall): (1/49)| inst_loss: 0.1526 - Mean loss: 0.5061 - acc: 0.7812 - norm: 0.05 - 0.51s
[2024-06-19 20:46:13,465][utils.model][INFO] - Epoch Results:
[2024-06-19 20:46:13,468][utils.model][INFO] - (In epoch/Overall): (1/49)| inst_loss: 0.5061 - Mean loss: 0.5061 - acc: 0.7812 - norm: 0.05 - 0.16s
[2024-06-19 20:46:15,104][utils.model][INFO] - Evaluation Results - Val Loss: 0.6421, Val Accuracy: 0.8110 in 32 steps
[2024-06-19 20:46:19,503][utils.model][INFO] - ========================== Epoch Start ==========================
[2024-06-19 20:46:19,618][utils.model][INFO] - (In epoch/Overall): (1/50)| inst_loss: 0.1132 - Mean loss: 0.6486 - acc: 0.7188 - norm: 0.04 - 0.65s
[2024-06-19 20:46:19,625][utils.model][INFO] - Epoch Results:
[2024-06-19 20:46:19,629][utils.model][INFO] - (In epoch/Overall): (1/50)| inst_loss: 0.6486 - Mean loss: 0.6486 - acc: 0.7188 - norm: 0.04 - 0.12s
[2024-06-19 20:46:21,648][utils.model][INFO] - Evaluation Results - Val Loss: 0.5514, Val Accuracy: 0.8315 in 32 steps
[2024-06-19 20:46:25,993][utils.model][INFO] - ========================== Epoch Start ==========================
[2024-06-19 20:46:26,136][utils.model][INFO] - (In epoch/Overall): (1/51)| inst_loss: 0.1406 - Mean loss: 0.7156 - acc: 0.8125 - norm: 0.05 - 0.72s
[2024-06-19 20:46:26,144][utils.model][INFO] - Epoch Results:
[2024-06-19 20:46:26,148][utils.model][INFO] - (In epoch/Overall): (1/51)| inst_loss: 0.7156 - Mean loss: 0.7156 - acc: 0.8125 - norm: 0.05 - 0.15s
[2024-06-19 20:46:27,790][utils.model][INFO] - Evaluation Results - Val Loss: 0.5085, Val Accuracy: 0.8575 in 32 steps
[2024-06-19 20:46:31,969][utils.model][INFO] - ========================== Epoch Start ==========================
[2024-06-19 20:46:32,107][utils.model][INFO] - (In epoch/Overall): (1/52)| inst_loss: 0.1366 - Mean loss: 0.4684 - acc: 0.9062 - norm: 0.03 - 0.47s
[2024-06-19 20:46:32,113][utils.model][INFO] - Epoch Results:
[2024-06-19 20:46:32,117][utils.model][INFO] - (In epoch/Overall): (1/52)| inst_loss: 0.4684 - Mean loss: 0.4684 - acc: 0.9062 - norm: 0.03 - 0.15s
[2024-06-19 20:46:33,657][utils.model][INFO] - Evaluation Results - Val Loss: 0.4799, Val Accuracy: 0.8650 in 32 steps
[2024-06-19 20:46:37,990][utils.model][INFO] - ========================== Epoch Start ==========================
[2024-06-19 20:46:38,102][utils.model][INFO] - (In epoch/Overall): (1/53)| inst_loss: 0.1108 - Mean loss: 0.3233 - acc: 0.9375 - norm: 0.01 - 0.32s
[2024-06-19 20:46:38,108][utils.model][INFO] - Epoch Results:
[2024-06-19 20:46:38,111][utils.model][INFO] - (In epoch/Overall): (1/53)| inst_loss: 0.3233 - Mean loss: 0.3233 - acc: 0.9375 - norm: 0.01 - 0.12s
[2024-06-19 20:46:39,699][utils.model][INFO] - Evaluation Results - Val Loss: 0.4778, Val Accuracy: 0.8515 in 32 steps
[2024-06-19 20:46:44,104][utils.model][INFO] - ========================== Epoch Start ==========================
[2024-06-19 20:46:44,252][utils.model][INFO] - (In epoch/Overall): (1/54)| inst_loss: 0.1469 - Mean loss: 0.4611 - acc: 0.8125 - norm: 0.04 - 0.46s
[2024-06-19 20:46:44,258][utils.model][INFO] - Epoch Results:
[2024-06-19 20:46:44,261][utils.model][INFO] - (In epoch/Overall): (1/54)| inst_loss: 0.4611 - Mean loss: 0.4611 - acc: 0.8125 - norm: 0.04 - 0.16s
[2024-06-19 20:46:45,894][utils.model][INFO] - Evaluation Results - Val Loss: 0.4734, Val Accuracy: 0.8560 in 32 steps
[2024-06-19 20:46:49,205][utils.model][INFO] - ========================== Epoch Start ==========================
[2024-06-19 20:46:49,295][utils.model][INFO] - (In epoch/Overall): (1/55)| inst_loss: 0.0883 - Mean loss: 0.5525 - acc: 0.9062 - norm: 0.04 - 0.55s
[2024-06-19 20:46:49,300][utils.model][INFO] - Epoch Results:
[2024-06-19 20:46:49,303][utils.model][INFO] - (In epoch/Overall): (1/55)| inst_loss: 0.5525 - Mean loss: 0.5525 - acc: 0.9062 - norm: 0.04 - 0.10s
[2024-06-19 20:46:50,888][utils.model][INFO] - Evaluation Results - Val Loss: 0.6406, Val Accuracy: 0.7895 in 32 steps
[2024-06-19 20:46:54,274][utils.model][INFO] - ========================== Epoch Start ==========================
[2024-06-19 20:46:54,372][utils.model][INFO] - (In epoch/Overall): (1/56)| inst_loss: 0.0968 - Mean loss: 0.5734 - acc: 0.7500 - norm: 0.07 - 0.57s
[2024-06-19 20:46:54,377][utils.model][INFO] - Epoch Results:
[2024-06-19 20:46:54,381][utils.model][INFO] - (In epoch/Overall): (1/56)| inst_loss: 0.5734 - Mean loss: 0.5734 - acc: 0.7500 - norm: 0.07 - 0.10s
[2024-06-19 20:46:56,092][utils.model][INFO] - Evaluation Results - Val Loss: 0.5995, Val Accuracy: 0.8035 in 32 steps
[2024-06-19 20:47:01,310][utils.model][INFO] - Evaluation Results - Val Loss: 0.5183, Val Accuracy: 0.8380 in 32 steps
[2024-06-19 20:47:06,395][utils.model][INFO] - Evaluation Results - Val Loss: 0.5449, Val Accuracy: 0.8475 in 32 steps
[2024-06-19 20:47:10,693][utils.model][INFO] - ========================== Epoch Start ==========================
[2024-06-19 20:47:10,802][utils.model][INFO] - (In epoch/Overall): (1/57)| inst_loss: 0.1076 - Mean loss: 0.5185 - acc: 0.7812 - norm: 0.05 - 0.52s
[2024-06-19 20:47:10,808][utils.model][INFO] - Epoch Results:
[2024-06-19 20:47:10,811][utils.model][INFO] - (In epoch/Overall): (1/57)| inst_loss: 0.5185 - Mean loss: 0.5185 - acc: 0.7812 - norm: 0.05 - 0.12s
[2024-06-19 20:47:12,767][utils.model][INFO] - Evaluation Results - Val Loss: 0.5433, Val Accuracy: 0.8215 in 32 steps
[2024-06-19 20:47:17,046][utils.model][INFO] - ========================== Epoch Start ==========================
[2024-06-19 20:47:17,182][utils.model][INFO] - (In epoch/Overall): (1/58)| inst_loss: 0.1344 - Mean loss: 0.5390 - acc: 0.8125 - norm: 0.04 - 0.54s
[2024-06-19 20:47:17,187][utils.model][INFO] - Epoch Results:
[2024-06-19 20:47:17,190][utils.model][INFO] - (In epoch/Overall): (1/58)| inst_loss: 0.5390 - Mean loss: 0.5390 - acc: 0.8125 - norm: 0.04 - 0.14s
[2024-06-19 20:47:18,737][utils.model][INFO] - Evaluation Results - Val Loss: 0.4415, Val Accuracy: 0.8715 in 32 steps
[2024-06-19 20:47:22,921][utils.model][INFO] - ========================== Epoch Start ==========================
[2024-06-19 20:47:23,037][utils.model][INFO] - (In epoch/Overall): (1/59)| inst_loss: 0.1146 - Mean loss: 0.4021 - acc: 0.9062 - norm: 0.02 - 0.40s
[2024-06-19 20:47:23,043][utils.model][INFO] - Epoch Results:
[2024-06-19 20:47:23,045][utils.model][INFO] - (In epoch/Overall): (1/59)| inst_loss: 0.4021 - Mean loss: 0.4021 - acc: 0.9062 - norm: 0.02 - 0.12s
[2024-06-19 20:47:24,607][utils.model][INFO] - Evaluation Results - Val Loss: 0.4459, Val Accuracy: 0.8715 in 32 steps
[2024-06-19 20:47:28,762][utils.model][INFO] - ========================== Epoch Start ==========================
[2024-06-19 20:47:28,871][utils.model][INFO] - (In epoch/Overall): (1/60)| inst_loss: 0.1070 - Mean loss: 0.4100 - acc: 0.9062 - norm: 0.03 - 0.41s
[2024-06-19 20:47:28,879][utils.model][INFO] - Epoch Results:
[2024-06-19 20:47:28,882][utils.model][INFO] - (In epoch/Overall): (1/60)| inst_loss: 0.4100 - Mean loss: 0.4100 - acc: 0.9062 - norm: 0.03 - 0.12s
[2024-06-19 20:47:30,468][utils.model][INFO] - Evaluation Results - Val Loss: 0.4320, Val Accuracy: 0.8705 in 32 steps
[2024-06-19 20:47:34,875][utils.model][INFO] - ========================== Epoch Start ==========================
[2024-06-19 20:47:35,000][utils.model][INFO] - (In epoch/Overall): (1/61)| inst_loss: 0.1232 - Mean loss: 0.4068 - acc: 0.9062 - norm: 0.04 - 0.41s
[2024-06-19 20:47:35,009][utils.model][INFO] - Epoch Results:
[2024-06-19 20:47:35,014][utils.model][INFO] - (In epoch/Overall): (1/61)| inst_loss: 0.4068 - Mean loss: 0.4068 - acc: 0.9062 - norm: 0.04 - 0.13s
[2024-06-19 20:47:36,902][utils.model][INFO] - Evaluation Results - Val Loss: 0.4841, Val Accuracy: 0.8635 in 32 steps
[2024-06-19 20:47:41,219][utils.model][INFO] - ========================== Epoch Start ==========================
[2024-06-19 20:47:41,360][utils.model][INFO] - (In epoch/Overall): (1/62)| inst_loss: 0.1396 - Mean loss: 0.3461 - acc: 0.8750 - norm: 0.04 - 0.35s
[2024-06-19 20:47:41,366][utils.model][INFO] - Epoch Results:
[2024-06-19 20:47:41,370][utils.model][INFO] - (In epoch/Overall): (1/62)| inst_loss: 0.3461 - Mean loss: 0.3461 - acc: 0.8750 - norm: 0.04 - 0.15s
[2024-06-19 20:47:43,305][utils.model][INFO] - Evaluation Results - Val Loss: 0.4013, Val Accuracy: 0.8850 in 32 steps
[2024-06-19 20:47:47,657][utils.model][INFO] - ========================== Epoch Start ==========================
[2024-06-19 20:47:47,781][utils.model][INFO] - (In epoch/Overall): (1/63)| inst_loss: 0.1223 - Mean loss: 0.5064 - acc: 0.8125 - norm: 0.04 - 0.51s
[2024-06-19 20:47:47,786][utils.model][INFO] - Epoch Results:
[2024-06-19 20:47:47,790][utils.model][INFO] - (In epoch/Overall): (1/63)| inst_loss: 0.5064 - Mean loss: 0.5064 - acc: 0.8125 - norm: 0.04 - 0.13s
[2024-06-19 20:47:49,375][utils.model][INFO] - Evaluation Results - Val Loss: 0.4912, Val Accuracy: 0.8580 in 32 steps
[2024-06-19 20:47:53,672][utils.model][INFO] - ========================== Epoch Start ==========================
[2024-06-19 20:47:53,780][utils.model][INFO] - (In epoch/Overall): (1/64)| inst_loss: 0.1063 - Mean loss: 0.5935 - acc: 0.7812 - norm: 0.04 - 0.59s
[2024-06-19 20:47:53,785][utils.model][INFO] - Epoch Results:
[2024-06-19 20:47:53,788][utils.model][INFO] - (In epoch/Overall): (1/64)| inst_loss: 0.5935 - Mean loss: 0.5935 - acc: 0.7812 - norm: 0.04 - 0.11s
[2024-06-19 20:47:55,359][utils.model][INFO] - Evaluation Results - Val Loss: 0.4598, Val Accuracy: 0.8655 in 32 steps
[2024-06-19 20:48:00,642][utils.model][INFO] - Evaluation Results - Val Loss: 0.4406, Val Accuracy: 0.8685 in 32 steps
[2024-06-19 20:48:04,903][utils.model][INFO] - ========================== Epoch Start ==========================
[2024-06-19 20:48:05,017][utils.model][INFO] - (In epoch/Overall): (1/65)| inst_loss: 0.1122 - Mean loss: 0.5268 - acc: 0.8438 - norm: 0.05 - 0.53s
[2024-06-19 20:48:05,024][utils.model][INFO] - Epoch Results:
[2024-06-19 20:48:05,028][utils.model][INFO] - (In epoch/Overall): (1/65)| inst_loss: 0.5268 - Mean loss: 0.5268 - acc: 0.8438 - norm: 0.05 - 0.12s
[2024-06-19 20:48:06,584][utils.model][INFO] - Evaluation Results - Val Loss: 0.3981, Val Accuracy: 0.8840 in 32 steps
[2024-06-19 20:48:10,723][utils.model][INFO] - ========================== Epoch Start ==========================
[2024-06-19 20:48:10,834][utils.model][INFO] - (In epoch/Overall): (1/66)| inst_loss: 0.1096 - Mean loss: 0.4133 - acc: 0.9375 - norm: 0.03 - 0.41s
[2024-06-19 20:48:10,840][utils.model][INFO] - Epoch Results:
[2024-06-19 20:48:10,843][utils.model][INFO] - (In epoch/Overall): (1/66)| inst_loss: 0.4133 - Mean loss: 0.4133 - acc: 0.9375 - norm: 0.03 - 0.12s
[2024-06-19 20:48:12,559][utils.model][INFO] - Evaluation Results - Val Loss: 0.4113, Val Accuracy: 0.8805 in 32 steps
[2024-06-19 20:48:17,313][utils.model][INFO] - ========================== Epoch Start ==========================
[2024-06-19 20:48:17,452][utils.model][INFO] - (In epoch/Overall): (1/67)| inst_loss: 0.1377 - Mean loss: 0.2873 - acc: 0.9062 - norm: 0.02 - 0.29s
[2024-06-19 20:48:17,458][utils.model][INFO] - Epoch Results:
[2024-06-19 20:48:17,461][utils.model][INFO] - (In epoch/Overall): (1/67)| inst_loss: 0.2873 - Mean loss: 0.2873 - acc: 0.9062 - norm: 0.02 - 0.15s
[2024-06-19 20:48:19,037][utils.model][INFO] - Evaluation Results - Val Loss: 0.4014, Val Accuracy: 0.8850 in 32 steps
[2024-06-19 20:48:23,560][utils.model][INFO] - ========================== Epoch Start ==========================
[2024-06-19 20:48:23,679][utils.model][INFO] - (In epoch/Overall): (1/68)| inst_loss: 0.1173 - Mean loss: 0.1507 - acc: 1.0000 - norm: 0.01 - 0.15s
[2024-06-19 20:48:23,687][utils.model][INFO] - Epoch Results:
[2024-06-19 20:48:23,690][utils.model][INFO] - (In epoch/Overall): (1/68)| inst_loss: 0.1507 - Mean loss: 0.1507 - acc: 1.0000 - norm: 0.01 - 0.13s
[2024-06-19 20:48:25,288][utils.model][INFO] - Evaluation Results - Val Loss: 0.3912, Val Accuracy: 0.8775 in 32 steps
[2024-06-19 20:48:29,555][utils.model][INFO] - ========================== Epoch Start ==========================
[2024-06-19 20:48:29,682][utils.model][INFO] - (In epoch/Overall): (1/69)| inst_loss: 0.1245 - Mean loss: 0.2799 - acc: 0.9062 - norm: 0.05 - 0.28s
[2024-06-19 20:48:29,691][utils.model][INFO] - Epoch Results:
[2024-06-19 20:48:29,696][utils.model][INFO] - (In epoch/Overall): (1/69)| inst_loss: 0.2799 - Mean loss: 0.2799 - acc: 0.9062 - norm: 0.05 - 0.14s
[2024-06-19 20:48:31,503][utils.model][INFO] - Evaluation Results - Val Loss: 0.4148, Val Accuracy: 0.8800 in 32 steps
[2024-06-19 20:48:35,697][utils.model][INFO] - ========================== Epoch Start ==========================
[2024-06-19 20:48:35,822][utils.model][INFO] - (In epoch/Overall): (1/70)| inst_loss: 0.1223 - Mean loss: 0.4883 - acc: 0.8750 - norm: 0.04 - 0.49s
[2024-06-19 20:48:35,829][utils.model][INFO] - Epoch Results:
[2024-06-19 20:48:35,834][utils.model][INFO] - (In epoch/Overall): (1/70)| inst_loss: 0.4883 - Mean loss: 0.4883 - acc: 0.8750 - norm: 0.04 - 0.13s
[2024-06-19 20:48:37,684][utils.model][INFO] - Evaluation Results - Val Loss: 0.4309, Val Accuracy: 0.8730 in 32 steps
[2024-06-19 20:48:41,833][utils.model][INFO] - ========================== Epoch Start ==========================
[2024-06-19 20:48:41,948][utils.model][INFO] - (In epoch/Overall): (1/71)| inst_loss: 0.1136 - Mean loss: 0.7692 - acc: 0.7500 - norm: 0.10 - 0.77s
[2024-06-19 20:48:41,954][utils.model][INFO] - Epoch Results:
[2024-06-19 20:48:41,957][utils.model][INFO] - (In epoch/Overall): (1/71)| inst_loss: 0.7692 - Mean loss: 0.7692 - acc: 0.7500 - norm: 0.10 - 0.12s
[2024-06-19 20:48:43,525][utils.model][INFO] - Evaluation Results - Val Loss: 0.5300, Val Accuracy: 0.8240 in 32 steps
[2024-06-19 20:48:47,707][utils.model][INFO] - ========================== Epoch Start ==========================
[2024-06-19 20:48:47,850][utils.model][INFO] - (In epoch/Overall): (1/72)| inst_loss: 0.1405 - Mean loss: 0.6872 - acc: 0.8125 - norm: 0.07 - 0.69s
[2024-06-19 20:48:47,858][utils.model][INFO] - Epoch Results:
[2024-06-19 20:48:47,862][utils.model][INFO] - (In epoch/Overall): (1/72)| inst_loss: 0.6872 - Mean loss: 0.6872 - acc: 0.8125 - norm: 0.07 - 0.15s
[2024-06-19 20:48:49,401][utils.model][INFO] - Evaluation Results - Val Loss: 0.4755, Val Accuracy: 0.8495 in 32 steps
[2024-06-19 20:48:54,071][utils.model][INFO] - ========================== Epoch Start ==========================
[2024-06-19 20:48:54,189][utils.model][INFO] - (In epoch/Overall): (1/73)| inst_loss: 0.1165 - Mean loss: 0.6631 - acc: 0.8438 - norm: 0.07 - 0.66s
[2024-06-19 20:48:54,195][utils.model][INFO] - Epoch Results:
[2024-06-19 20:48:54,198][utils.model][INFO] - (In epoch/Overall): (1/73)| inst_loss: 0.6631 - Mean loss: 0.6631 - acc: 0.8438 - norm: 0.07 - 0.13s
[2024-06-19 20:48:55,775][utils.model][INFO] - Evaluation Results - Val Loss: 0.4640, Val Accuracy: 0.8540 in 32 steps
[2024-06-19 20:49:00,104][utils.model][INFO] - ========================== Epoch Start ==========================
[2024-06-19 20:49:00,217][utils.model][INFO] - (In epoch/Overall): (1/74)| inst_loss: 0.1102 - Mean loss: 0.5366 - acc: 0.8125 - norm: 0.09 - 0.54s
[2024-06-19 20:49:00,225][utils.model][INFO] - Epoch Results:
[2024-06-19 20:49:00,229][utils.model][INFO] - (In epoch/Overall): (1/74)| inst_loss: 0.5366 - Mean loss: 0.5366 - acc: 0.8125 - norm: 0.09 - 0.12s
[2024-06-19 20:49:01,804][utils.model][INFO] - Evaluation Results - Val Loss: 0.6122, Val Accuracy: 0.8040 in 32 steps
[2024-06-19 20:49:06,323][utils.model][INFO] - ========================== Epoch Start ==========================
[2024-06-19 20:49:06,458][utils.model][INFO] - (In epoch/Overall): (1/75)| inst_loss: 0.1321 - Mean loss: 0.4074 - acc: 0.9062 - norm: 0.03 - 0.41s
[2024-06-19 20:49:06,465][utils.model][INFO] - Epoch Results:
[2024-06-19 20:49:06,469][utils.model][INFO] - (In epoch/Overall): (1/75)| inst_loss: 0.4074 - Mean loss: 0.4074 - acc: 0.9062 - norm: 0.03 - 0.14s
[2024-06-19 20:49:08,071][utils.model][INFO] - Evaluation Results - Val Loss: 0.4298, Val Accuracy: 0.8595 in 32 steps
[2024-06-19 20:49:10,681][utils.model][INFO] - ========================== Epoch Start ==========================
[2024-06-19 20:49:10,762][utils.model][INFO] - (In epoch/Overall): (1/76)| inst_loss: 0.0795 - Mean loss: 0.2977 - acc: 0.9062 - norm: 0.02 - 0.30s
[2024-06-19 20:49:10,766][utils.model][INFO] - Epoch Results:
[2024-06-19 20:49:10,768][utils.model][INFO] - (In epoch/Overall): (1/76)| inst_loss: 0.2977 - Mean loss: 0.2977 - acc: 0.9062 - norm: 0.02 - 0.09s
[2024-06-19 20:49:12,833][utils.model][INFO] - Evaluation Results - Val Loss: 0.4127, Val Accuracy: 0.8720 in 32 steps
[2024-06-19 20:49:17,277][utils.model][INFO] - ========================== Epoch Start ==========================
[2024-06-19 20:49:17,393][utils.model][INFO] - (In epoch/Overall): (1/77)| inst_loss: 0.1146 - Mean loss: 0.3924 - acc: 0.7812 - norm: 0.04 - 0.39s
[2024-06-19 20:49:17,400][utils.model][INFO] - Epoch Results:
[2024-06-19 20:49:17,403][utils.model][INFO] - (In epoch/Overall): (1/77)| inst_loss: 0.3924 - Mean loss: 0.3924 - acc: 0.7812 - norm: 0.04 - 0.12s
[2024-06-19 20:49:18,963][utils.model][INFO] - Evaluation Results - Val Loss: 0.3740, Val Accuracy: 0.8915 in 32 steps
[2024-06-19 20:49:23,211][utils.model][INFO] - ========================== Epoch Start ==========================
[2024-06-19 20:49:23,339][utils.model][INFO] - (In epoch/Overall): (1/78)| inst_loss: 0.1260 - Mean loss: 0.5017 - acc: 0.8438 - norm: 0.05 - 0.50s
[2024-06-19 20:49:23,346][utils.model][INFO] - Epoch Results:
[2024-06-19 20:49:23,350][utils.model][INFO] - (In epoch/Overall): (1/78)| inst_loss: 0.5017 - Mean loss: 0.5017 - acc: 0.8438 - norm: 0.05 - 0.14s
[2024-06-19 20:49:24,872][utils.model][INFO] - Evaluation Results - Val Loss: 0.3597, Val Accuracy: 0.9005 in 32 steps
[2024-06-19 20:49:29,270][utils.model][INFO] - ========================== Epoch Start ==========================
[2024-06-19 20:49:29,376][utils.model][INFO] - (In epoch/Overall): (1/79)| inst_loss: 0.1040 - Mean loss: 0.3205 - acc: 0.9062 - norm: 0.02 - 0.32s
[2024-06-19 20:49:29,381][utils.model][INFO] - Epoch Results:
[2024-06-19 20:49:29,384][utils.model][INFO] - (In epoch/Overall): (1/79)| inst_loss: 0.3205 - Mean loss: 0.3205 - acc: 0.9062 - norm: 0.02 - 0.11s
[2024-06-19 20:49:30,974][utils.model][INFO] - Evaluation Results - Val Loss: 0.3638, Val Accuracy: 0.8905 in 32 steps
[2024-06-19 20:49:35,378][utils.model][INFO] - ========================== Epoch Start ==========================
[2024-06-19 20:49:35,510][utils.model][INFO] - (In epoch/Overall): (1/80)| inst_loss: 0.1291 - Mean loss: 0.2021 - acc: 0.9688 - norm: 0.02 - 0.20s
[2024-06-19 20:49:35,519][utils.model][INFO] - Epoch Results:
[2024-06-19 20:49:35,524][utils.model][INFO] - (In epoch/Overall): (1/80)| inst_loss: 0.2021 - Mean loss: 0.2021 - acc: 0.9688 - norm: 0.02 - 0.14s
[2024-06-19 20:49:37,357][utils.model][INFO] - Evaluation Results - Val Loss: 0.3788, Val Accuracy: 0.8850 in 32 steps
[2024-06-19 20:49:41,738][utils.model][INFO] - ========================== Epoch Start ==========================
[2024-06-19 20:49:41,852][utils.model][INFO] - (In epoch/Overall): (1/81)| inst_loss: 0.1123 - Mean loss: 0.4625 - acc: 0.8438 - norm: 0.04 - 0.46s
[2024-06-19 20:49:41,860][utils.model][INFO] - Epoch Results:
[2024-06-19 20:49:41,863][utils.model][INFO] - (In epoch/Overall): (1/81)| inst_loss: 0.4625 - Mean loss: 0.4625 - acc: 0.8438 - norm: 0.04 - 0.12s
[2024-06-19 20:49:43,708][utils.model][INFO] - Evaluation Results - Val Loss: 0.4117, Val Accuracy: 0.8755 in 32 steps
[2024-06-19 20:49:47,838][utils.model][INFO] - ========================== Epoch Start ==========================
[2024-06-19 20:49:47,952][utils.model][INFO] - (In epoch/Overall): (1/82)| inst_loss: 0.1129 - Mean loss: 0.3718 - acc: 0.9375 - norm: 0.04 - 0.37s
[2024-06-19 20:49:47,958][utils.model][INFO] - Epoch Results:
[2024-06-19 20:49:47,961][utils.model][INFO] - (In epoch/Overall): (1/82)| inst_loss: 0.3718 - Mean loss: 0.3718 - acc: 0.9375 - norm: 0.04 - 0.12s
[2024-06-19 20:49:49,519][utils.model][INFO] - Evaluation Results - Val Loss: 0.4670, Val Accuracy: 0.8485 in 32 steps
[2024-06-19 20:49:53,850][utils.model][INFO] - ========================== Epoch Start ==========================
[2024-06-19 20:49:53,965][utils.model][INFO] - (In epoch/Overall): (1/83)| inst_loss: 0.1143 - Mean loss: 0.5013 - acc: 0.7812 - norm: 0.07 - 0.50s
[2024-06-19 20:49:53,971][utils.model][INFO] - Epoch Results:
[2024-06-19 20:49:53,974][utils.model][INFO] - (In epoch/Overall): (1/83)| inst_loss: 0.5013 - Mean loss: 0.5013 - acc: 0.7812 - norm: 0.07 - 0.12s
[2024-06-19 20:49:55,552][utils.model][INFO] - Evaluation Results - Val Loss: 0.4250, Val Accuracy: 0.8670 in 32 steps
[2024-06-19 20:49:59,823][utils.model][INFO] - ========================== Epoch Start ==========================
[2024-06-19 20:49:59,922][utils.model][INFO] - (In epoch/Overall): (1/84)| inst_loss: 0.0972 - Mean loss: 0.4655 - acc: 0.8125 - norm: 0.05 - 0.47s
[2024-06-19 20:49:59,928][utils.model][INFO] - Epoch Results:
[2024-06-19 20:49:59,931][utils.model][INFO] - (In epoch/Overall): (1/84)| inst_loss: 0.4655 - Mean loss: 0.4655 - acc: 0.8125 - norm: 0.05 - 0.11s
[2024-06-19 20:50:01,590][utils.model][INFO] - Evaluation Results - Val Loss: 0.3562, Val Accuracy: 0.9010 in 32 steps
[2024-06-19 20:50:05,851][utils.model][INFO] - ========================== Epoch Start ==========================
[2024-06-19 20:50:05,965][utils.model][INFO] - (In epoch/Overall): (1/85)| inst_loss: 0.1113 - Mean loss: 0.1701 - acc: 0.9688 - norm: 0.01 - 0.17s
[2024-06-19 20:50:05,973][utils.model][INFO] - Epoch Results:
[2024-06-19 20:50:05,977][utils.model][INFO] - (In epoch/Overall): (1/85)| inst_loss: 0.1701 - Mean loss: 0.1701 - acc: 0.9688 - norm: 0.01 - 0.12s
[2024-06-19 20:50:07,852][utils.model][INFO] - Evaluation Results - Val Loss: 0.3436, Val Accuracy: 0.9075 in 32 steps
[2024-06-19 20:50:12,132][utils.model][INFO] - ========================== Epoch Start ==========================
[2024-06-19 20:50:12,265][utils.model][INFO] - (In epoch/Overall): (1/86)| inst_loss: 0.1307 - Mean loss: 0.2351 - acc: 0.9375 - norm: 0.03 - 0.24s
[2024-06-19 20:50:12,272][utils.model][INFO] - Epoch Results:
[2024-06-19 20:50:12,277][utils.model][INFO] - (In epoch/Overall): (1/86)| inst_loss: 0.2351 - Mean loss: 0.2351 - acc: 0.9375 - norm: 0.03 - 0.14s
[2024-06-19 20:50:14,124][utils.model][INFO] - Evaluation Results - Val Loss: 0.3593, Val Accuracy: 0.8960 in 32 steps
[2024-06-19 20:50:18,523][utils.model][INFO] - ========================== Epoch Start ==========================
[2024-06-19 20:50:18,654][utils.model][INFO] - (In epoch/Overall): (1/87)| inst_loss: 0.1288 - Mean loss: 0.5273 - acc: 0.8438 - norm: 0.05 - 0.53s
[2024-06-19 20:50:18,661][utils.model][INFO] - Epoch Results:
[2024-06-19 20:50:18,665][utils.model][INFO] - (In epoch/Overall): (1/87)| inst_loss: 0.5273 - Mean loss: 0.5273 - acc: 0.8438 - norm: 0.05 - 0.14s
[2024-06-19 20:50:20,247][utils.model][INFO] - Evaluation Results - Val Loss: 0.3701, Val Accuracy: 0.8930 in 32 steps
[2024-06-19 20:50:24,529][utils.model][INFO] - ========================== Epoch Start ==========================
[2024-06-19 20:50:24,648][utils.model][INFO] - (In epoch/Overall): (1/88)| inst_loss: 0.1175 - Mean loss: 0.3486 - acc: 0.9375 - norm: 0.04 - 0.35s
[2024-06-19 20:50:24,657][utils.model][INFO] - Epoch Results:
[2024-06-19 20:50:24,661][utils.model][INFO] - (In epoch/Overall): (1/88)| inst_loss: 0.3486 - Mean loss: 0.3486 - acc: 0.9375 - norm: 0.04 - 0.13s
[2024-06-19 20:50:26,360][utils.model][INFO] - Evaluation Results - Val Loss: 0.3451, Val Accuracy: 0.8965 in 32 steps
[2024-06-19 20:50:30,558][utils.model][INFO] - ========================== Epoch Start ==========================
[2024-06-19 20:50:30,672][utils.model][INFO] - (In epoch/Overall): (1/89)| inst_loss: 0.1124 - Mean loss: 0.2543 - acc: 0.9062 - norm: 0.03 - 0.25s
[2024-06-19 20:50:30,679][utils.model][INFO] - Epoch Results:
[2024-06-19 20:50:30,683][utils.model][INFO] - (In epoch/Overall): (1/89)| inst_loss: 0.2543 - Mean loss: 0.2543 - acc: 0.9062 - norm: 0.03 - 0.12s
[2024-06-19 20:50:32,497][utils.model][INFO] - Evaluation Results - Val Loss: 0.3326, Val Accuracy: 0.9040 in 32 steps
[2024-06-19 20:50:37,231][utils.model][INFO] - ========================== Epoch Start ==========================
[2024-06-19 20:50:37,395][utils.model][INFO] - (In epoch/Overall): (1/90)| inst_loss: 0.1617 - Mean loss: 0.1270 - acc: 0.9688 - norm: 0.01 - 0.13s
[2024-06-19 20:50:37,402][utils.model][INFO] - Epoch Results:
[2024-06-19 20:50:37,406][utils.model][INFO] - (In epoch/Overall): (1/90)| inst_loss: 0.1270 - Mean loss: 0.1270 - acc: 0.9688 - norm: 0.01 - 0.17s
[2024-06-19 20:50:39,211][utils.model][INFO] - Evaluation Results - Val Loss: 0.3364, Val Accuracy: 0.9050 in 32 steps
[2024-06-19 20:50:43,554][utils.model][INFO] - ========================== Epoch Start ==========================
[2024-06-19 20:50:43,694][utils.model][INFO] - (In epoch/Overall): (1/91)| inst_loss: 0.1378 - Mean loss: 0.1869 - acc: 0.9688 - norm: 0.02 - 0.19s
[2024-06-19 20:50:43,701][utils.model][INFO] - Epoch Results:
[2024-06-19 20:50:43,706][utils.model][INFO] - (In epoch/Overall): (1/91)| inst_loss: 0.1869 - Mean loss: 0.1869 - acc: 0.9688 - norm: 0.02 - 0.15s
[2024-06-19 20:50:45,410][utils.model][INFO] - Evaluation Results - Val Loss: 0.3453, Val Accuracy: 0.9005 in 32 steps
[2024-06-19 20:50:49,427][utils.model][INFO] - ========================== Epoch Start ==========================
[2024-06-19 20:50:49,542][utils.model][INFO] - (In epoch/Overall): (1/92)| inst_loss: 0.1135 - Mean loss: 0.1142 - acc: 1.0000 - norm: 0.01 - 0.11s
[2024-06-19 20:50:49,548][utils.model][INFO] - Epoch Results:
[2024-06-19 20:50:49,552][utils.model][INFO] - (In epoch/Overall): (1/92)| inst_loss: 0.1142 - Mean loss: 0.1142 - acc: 1.0000 - norm: 0.01 - 0.12s
[2024-06-19 20:50:51,117][utils.model][INFO] - Evaluation Results - Val Loss: 0.3579, Val Accuracy: 0.8890 in 32 steps
[2024-06-19 20:50:55,326][utils.model][INFO] - ========================== Epoch Start ==========================
[2024-06-19 20:50:55,456][utils.model][INFO] - (In epoch/Overall): (1/93)| inst_loss: 0.1273 - Mean loss: 0.2309 - acc: 0.9375 - norm: 0.04 - 0.23s
[2024-06-19 20:50:55,464][utils.model][INFO] - Epoch Results:
[2024-06-19 20:50:55,469][utils.model][INFO] - (In epoch/Overall): (1/93)| inst_loss: 0.2309 - Mean loss: 0.2309 - acc: 0.9375 - norm: 0.04 - 0.14s
[2024-06-19 20:50:57,010][utils.model][INFO] - Evaluation Results - Val Loss: 0.3332, Val Accuracy: 0.9055 in 32 steps
[2024-06-19 20:51:01,107][utils.model][INFO] - ========================== Epoch Start ==========================
[2024-06-19 20:51:01,241][utils.model][INFO] - (In epoch/Overall): (1/94)| inst_loss: 0.1314 - Mean loss: 0.4213 - acc: 0.8750 - norm: 0.06 - 0.42s
[2024-06-19 20:51:01,248][utils.model][INFO] - Epoch Results:
[2024-06-19 20:51:01,253][utils.model][INFO] - (In epoch/Overall): (1/94)| inst_loss: 0.4213 - Mean loss: 0.4213 - acc: 0.8750 - norm: 0.06 - 0.14s
[2024-06-19 20:51:03,060][utils.model][INFO] - Evaluation Results - Val Loss: 0.3320, Val Accuracy: 0.9065 in 32 steps
[2024-06-19 20:51:07,503][utils.model][INFO] - ========================== Epoch Start ==========================
[2024-06-19 20:51:07,640][utils.model][INFO] - (In epoch/Overall): (1/95)| inst_loss: 0.1343 - Mean loss: 0.3369 - acc: 0.9375 - norm: 0.03 - 0.34s
[2024-06-19 20:51:07,648][utils.model][INFO] - Epoch Results:
[2024-06-19 20:51:07,652][utils.model][INFO] - (In epoch/Overall): (1/95)| inst_loss: 0.3369 - Mean loss: 0.3369 - acc: 0.9375 - norm: 0.03 - 0.15s
[2024-06-19 20:51:09,494][utils.model][INFO] - Evaluation Results - Val Loss: 0.3256, Val Accuracy: 0.9030 in 32 steps
[2024-06-19 20:51:13,818][utils.model][INFO] - ========================== Epoch Start ==========================
[2024-06-19 20:51:13,958][utils.model][INFO] - (In epoch/Overall): (1/96)| inst_loss: 0.1384 - Mean loss: 0.4616 - acc: 0.7812 - norm: 0.11 - 0.46s
[2024-06-19 20:51:13,967][utils.model][INFO] - Epoch Results:
[2024-06-19 20:51:13,971][utils.model][INFO] - (In epoch/Overall): (1/96)| inst_loss: 0.4616 - Mean loss: 0.4616 - acc: 0.7812 - norm: 0.11 - 0.15s
[2024-06-19 20:51:15,530][utils.model][INFO] - Evaluation Results - Val Loss: 0.4323, Val Accuracy: 0.8740 in 32 steps
[2024-06-19 20:51:19,854][utils.model][INFO] - ========================== Epoch Start ==========================
[2024-06-19 20:51:19,984][utils.model][INFO] - (In epoch/Overall): (1/97)| inst_loss: 0.1286 - Mean loss: 0.3665 - acc: 0.9062 - norm: 0.06 - 0.37s
[2024-06-19 20:51:19,993][utils.model][INFO] - Epoch Results:
[2024-06-19 20:51:19,997][utils.model][INFO] - (In epoch/Overall): (1/97)| inst_loss: 0.3665 - Mean loss: 0.3665 - acc: 0.9062 - norm: 0.06 - 0.14s
[2024-06-19 20:51:21,730][utils.model][INFO] - Evaluation Results - Val Loss: 0.3514, Val Accuracy: 0.8925 in 32 steps
[2024-06-19 20:51:26,209][utils.model][INFO] - ========================== Epoch Start ==========================
[2024-06-19 20:51:26,318][utils.model][INFO] - (In epoch/Overall): (1/98)| inst_loss: 0.1063 - Mean loss: 0.3630 - acc: 0.9062 - norm: 0.06 - 0.36s
[2024-06-19 20:51:26,325][utils.model][INFO] - Epoch Results:
[2024-06-19 20:51:26,329][utils.model][INFO] - (In epoch/Overall): (1/98)| inst_loss: 0.3630 - Mean loss: 0.3630 - acc: 0.9062 - norm: 0.06 - 0.12s
[2024-06-19 20:51:27,901][utils.model][INFO] - Evaluation Results - Val Loss: 0.3134, Val Accuracy: 0.9115 in 32 steps
[2024-06-19 20:51:32,439][utils.model][INFO] - ========================== Epoch Start ==========================
[2024-06-19 20:51:32,578][utils.model][INFO] - (In epoch/Overall): (1/99)| inst_loss: 0.1350 - Mean loss: 0.2546 - acc: 0.9062 - norm: 0.04 - 0.25s
[2024-06-19 20:51:32,587][utils.model][INFO] - Epoch Results:
[2024-06-19 20:51:32,591][utils.model][INFO] - (In epoch/Overall): (1/99)| inst_loss: 0.2546 - Mean loss: 0.2546 - acc: 0.9062 - norm: 0.04 - 0.15s
[2024-06-19 20:51:34,446][utils.model][INFO] - Evaluation Results - Val Loss: 0.3173, Val Accuracy: 0.9140 in 32 steps
[2024-06-19 20:51:38,820][utils.model][INFO] - ========================== Epoch Start ==========================
[2024-06-19 20:51:38,962][utils.model][INFO] - (In epoch/Overall): (1/100)| inst_loss: 0.1403 - Mean loss: 0.5485 - acc: 0.8438 - norm: 0.05 - 0.55s
[2024-06-19 20:51:38,971][utils.model][INFO] - Epoch Results:
[2024-06-19 20:51:38,975][utils.model][INFO] - (In epoch/Overall): (1/100)| inst_loss: 0.5485 - Mean loss: 0.5485 - acc: 0.8438 - norm: 0.05 - 0.15s
[2024-06-19 20:51:40,901][utils.model][INFO] - Evaluation Results - Val Loss: 0.3014, Val Accuracy: 0.9115 in 32 steps
[2024-06-19 20:51:45,060][utils.model][INFO] - ========================== Epoch Start ==========================
[2024-06-19 20:51:45,196][utils.model][INFO] - (In epoch/Overall): (1/101)| inst_loss: 0.1348 - Mean loss: 0.1042 - acc: 0.9688 - norm: 0.01 - 0.10s
[2024-06-19 20:51:45,202][utils.model][INFO] - Epoch Results:
[2024-06-19 20:51:45,205][utils.model][INFO] - (In epoch/Overall): (1/101)| inst_loss: 0.1042 - Mean loss: 0.1042 - acc: 0.9688 - norm: 0.01 - 0.14s
[2024-06-19 20:51:46,769][utils.model][INFO] - Evaluation Results - Val Loss: 0.2862, Val Accuracy: 0.9200 in 32 steps
[2024-06-19 20:51:51,104][utils.model][INFO] - ========================== Epoch Start ==========================
[2024-06-19 20:51:51,213][utils.model][INFO] - (In epoch/Overall): (1/102)| inst_loss: 0.1078 - Mean loss: 1.0073 - acc: 0.7812 - norm: 0.08 - 1.01s
[2024-06-19 20:51:51,219][utils.model][INFO] - Epoch Results:
[2024-06-19 20:51:51,222][utils.model][INFO] - (In epoch/Overall): (1/102)| inst_loss: 1.0073 - Mean loss: 1.0073 - acc: 0.7812 - norm: 0.08 - 0.12s
[2024-06-19 20:51:52,795][utils.model][INFO] - Evaluation Results - Val Loss: 0.3449, Val Accuracy: 0.8940 in 32 steps
[2024-06-19 20:51:57,168][utils.model][INFO] - ========================== Epoch Start ==========================
[2024-06-19 20:51:57,996][utils.model][INFO] - (In epoch/Overall): (1/103)| inst_loss: 0.8267 - Mean loss: 0.1949 - acc: 0.9688 - norm: 0.02 - 0.19s
[2024-06-19 20:51:58,003][utils.model][INFO] - Epoch Results:
[2024-06-19 20:51:58,007][utils.model][INFO] - (In epoch/Overall): (1/103)| inst_loss: 0.1949 - Mean loss: 0.1949 - acc: 0.9688 - norm: 0.02 - 0.84s
[2024-06-19 20:51:59,944][utils.model][INFO] - Evaluation Results - Val Loss: 0.3043, Val Accuracy: 0.9105 in 32 steps
[2024-06-19 20:52:03,375][utils.model][INFO] - ========================== Epoch Start ==========================
[2024-06-19 20:52:03,480][utils.model][INFO] - (In epoch/Overall): (1/104)| inst_loss: 0.1035 - Mean loss: 0.0939 - acc: 0.9688 - norm: 0.01 - 0.09s
[2024-06-19 20:52:03,486][utils.model][INFO] - Epoch Results:
[2024-06-19 20:52:03,489][utils.model][INFO] - (In epoch/Overall): (1/104)| inst_loss: 0.0939 - Mean loss: 0.0939 - acc: 0.9688 - norm: 0.01 - 0.11s
[2024-06-19 20:52:05,077][utils.model][INFO] - Evaluation Results - Val Loss: 0.3707, Val Accuracy: 0.8890 in 32 steps
[2024-06-19 20:52:08,556][utils.model][INFO] - ========================== Epoch Start ==========================
[2024-06-19 20:52:08,670][utils.model][INFO] - (In epoch/Overall): (1/105)| inst_loss: 0.1119 - Mean loss: 0.5514 - acc: 0.8438 - norm: 0.06 - 0.55s
[2024-06-19 20:52:08,675][utils.model][INFO] - Epoch Results:
[2024-06-19 20:52:08,679][utils.model][INFO] - (In epoch/Overall): (1/105)| inst_loss: 0.5514 - Mean loss: 0.5514 - acc: 0.8438 - norm: 0.06 - 0.12s
[2024-06-19 20:52:10,370][utils.model][INFO] - Evaluation Results - Val Loss: 0.3526, Val Accuracy: 0.8910 in 32 steps
[2024-06-19 20:52:14,738][utils.model][INFO] - ========================== Epoch Start ==========================
[2024-06-19 20:52:14,854][utils.model][INFO] - (In epoch/Overall): (1/106)| inst_loss: 0.1145 - Mean loss: 0.2542 - acc: 0.9062 - norm: 0.04 - 0.25s
[2024-06-19 20:52:14,860][utils.model][INFO] - Epoch Results:
[2024-06-19 20:52:14,863][utils.model][INFO] - (In epoch/Overall): (1/106)| inst_loss: 0.2542 - Mean loss: 0.2542 - acc: 0.9062 - norm: 0.04 - 0.12s
[2024-06-19 20:52:16,437][utils.model][INFO] - Evaluation Results - Val Loss: 0.2868, Val Accuracy: 0.9200 in 32 steps
[2024-06-19 20:52:20,705][utils.model][INFO] - ========================== Epoch Start ==========================
[2024-06-19 20:52:20,818][utils.model][INFO] - (In epoch/Overall): (1/107)| inst_loss: 0.1121 - Mean loss: 0.4114 - acc: 0.9062 - norm: 0.04 - 0.41s
[2024-06-19 20:52:20,824][utils.model][INFO] - Epoch Results:
[2024-06-19 20:52:20,828][utils.model][INFO] - (In epoch/Overall): (1/107)| inst_loss: 0.4114 - Mean loss: 0.4114 - acc: 0.9062 - norm: 0.04 - 0.12s
[2024-06-19 20:52:22,369][utils.model][INFO] - Evaluation Results - Val Loss: 0.3557, Val Accuracy: 0.8925 in 32 steps
[2024-06-19 20:52:26,692][utils.model][INFO] - ========================== Epoch Start ==========================
[2024-06-19 20:52:26,807][utils.model][INFO] - (In epoch/Overall): (1/108)| inst_loss: 0.1136 - Mean loss: 0.1389 - acc: 1.0000 - norm: 0.02 - 0.14s
[2024-06-19 20:52:26,813][utils.model][INFO] - Epoch Results:
[2024-06-19 20:52:26,817][utils.model][INFO] - (In epoch/Overall): (1/108)| inst_loss: 0.1389 - Mean loss: 0.1389 - acc: 1.0000 - norm: 0.02 - 0.12s
[2024-06-19 20:52:28,396][utils.model][INFO] - Evaluation Results - Val Loss: 0.3968, Val Accuracy: 0.8735 in 32 steps
[2024-06-19 20:52:31,814][utils.model][INFO] - ========================== Epoch Start ==========================
[2024-06-19 20:52:31,916][utils.model][INFO] - (In epoch/Overall): (1/109)| inst_loss: 0.0997 - Mean loss: 0.4277 - acc: 0.8125 - norm: 0.10 - 0.43s
[2024-06-19 20:52:31,920][utils.model][INFO] - Epoch Results:
[2024-06-19 20:52:31,924][utils.model][INFO] - (In epoch/Overall): (1/109)| inst_loss: 0.4277 - Mean loss: 0.4277 - acc: 0.8125 - norm: 0.10 - 0.11s
[2024-06-19 20:52:33,494][utils.model][INFO] - Evaluation Results - Val Loss: 0.5969, Val Accuracy: 0.8155 in 32 steps
[2024-06-19 20:52:37,699][utils.model][INFO] - ========================== Epoch Start ==========================
[2024-06-19 20:52:37,820][utils.model][INFO] - (In epoch/Overall): (1/110)| inst_loss: 0.1189 - Mean loss: 0.4874 - acc: 0.8125 - norm: 0.07 - 0.49s
[2024-06-19 20:52:37,828][utils.model][INFO] - Epoch Results:
[2024-06-19 20:52:37,834][utils.model][INFO] - (In epoch/Overall): (1/110)| inst_loss: 0.4874 - Mean loss: 0.4874 - acc: 0.8125 - norm: 0.07 - 0.13s
[2024-06-19 20:52:39,678][utils.model][INFO] - Evaluation Results - Val Loss: 0.3199, Val Accuracy: 0.8905 in 32 steps
[2024-06-19 20:52:44,133][utils.model][INFO] - ========================== Epoch Start ==========================
[2024-06-19 20:52:44,273][utils.model][INFO] - (In epoch/Overall): (1/111)| inst_loss: 0.1387 - Mean loss: 0.4103 - acc: 0.8438 - norm: 0.05 - 0.41s
[2024-06-19 20:52:44,280][utils.model][INFO] - Epoch Results:
[2024-06-19 20:52:44,284][utils.model][INFO] - (In epoch/Overall): (1/111)| inst_loss: 0.4103 - Mean loss: 0.4103 - acc: 0.8438 - norm: 0.05 - 0.15s
[2024-06-19 20:52:46,162][utils.model][INFO] - Evaluation Results - Val Loss: 0.3141, Val Accuracy: 0.9085 in 32 steps
[2024-06-19 20:52:50,265][utils.model][INFO] - ========================== Epoch Start ==========================
[2024-06-19 20:52:50,382][utils.model][INFO] - (In epoch/Overall): (1/112)| inst_loss: 0.1157 - Mean loss: 0.3693 - acc: 0.9062 - norm: 0.03 - 0.37s
[2024-06-19 20:52:50,388][utils.model][INFO] - Epoch Results:
[2024-06-19 20:52:50,391][utils.model][INFO] - (In epoch/Overall): (1/112)| inst_loss: 0.3693 - Mean loss: 0.3693 - acc: 0.9062 - norm: 0.03 - 0.12s
[2024-06-19 20:52:51,926][utils.model][INFO] - Evaluation Results - Val Loss: 0.3001, Val Accuracy: 0.9165 in 32 steps
[2024-06-19 20:52:56,127][utils.model][INFO] - ========================== Epoch Start ==========================
[2024-06-19 20:52:56,238][utils.model][INFO] - (In epoch/Overall): (1/113)| inst_loss: 0.1094 - Mean loss: 0.4506 - acc: 0.8125 - norm: 0.07 - 0.45s
[2024-06-19 20:52:56,244][utils.model][INFO] - Epoch Results:
[2024-06-19 20:52:56,247][utils.model][INFO] - (In epoch/Overall): (1/113)| inst_loss: 0.4506 - Mean loss: 0.4506 - acc: 0.8125 - norm: 0.07 - 0.12s
[2024-06-19 20:52:57,884][utils.model][INFO] - Evaluation Results - Val Loss: 0.3510, Val Accuracy: 0.8915 in 32 steps
[2024-06-19 20:53:02,061][utils.model][INFO] - ========================== Epoch Start ==========================
[2024-06-19 20:53:02,178][utils.model][INFO] - (In epoch/Overall): (1/114)| inst_loss: 0.1147 - Mean loss: 0.3345 - acc: 0.9062 - norm: 0.04 - 0.33s
[2024-06-19 20:53:02,185][utils.model][INFO] - Epoch Results:
[2024-06-19 20:53:02,189][utils.model][INFO] - (In epoch/Overall): (1/114)| inst_loss: 0.3345 - Mean loss: 0.3345 - acc: 0.9062 - norm: 0.04 - 0.13s
[2024-06-19 20:53:04,002][utils.model][INFO] - Evaluation Results - Val Loss: 0.2985, Val Accuracy: 0.9100 in 32 steps
[2024-06-19 20:53:08,209][utils.model][INFO] - ========================== Epoch Start ==========================
[2024-06-19 20:53:08,338][utils.model][INFO] - (In epoch/Overall): (1/115)| inst_loss: 0.1277 - Mean loss: 0.1727 - acc: 0.9375 - norm: 0.03 - 0.17s
[2024-06-19 20:53:08,347][utils.model][INFO] - Epoch Results:
[2024-06-19 20:53:08,351][utils.model][INFO] - (In epoch/Overall): (1/115)| inst_loss: 0.1727 - Mean loss: 0.1727 - acc: 0.9375 - norm: 0.03 - 0.14s
[2024-06-19 20:53:10,231][utils.model][INFO] - Evaluation Results - Val Loss: 0.3032, Val Accuracy: 0.9095 in 32 steps
[2024-06-19 20:53:14,565][utils.model][INFO] - ========================== Epoch Start ==========================
[2024-06-19 20:53:14,718][utils.model][INFO] - (In epoch/Overall): (1/116)| inst_loss: 0.1509 - Mean loss: 0.1674 - acc: 0.9688 - norm: 0.02 - 0.17s
[2024-06-19 20:53:14,726][utils.model][INFO] - Epoch Results:
[2024-06-19 20:53:14,732][utils.model][INFO] - (In epoch/Overall): (1/116)| inst_loss: 0.1674 - Mean loss: 0.1674 - acc: 0.9688 - norm: 0.02 - 0.16s
[2024-06-19 20:53:16,609][utils.model][INFO] - Evaluation Results - Val Loss: 0.2825, Val Accuracy: 0.9175 in 32 steps
[2024-06-19 20:53:21,094][utils.model][INFO] - ========================== Epoch Start ==========================
[2024-06-19 20:53:21,244][utils.model][INFO] - (In epoch/Overall): (1/117)| inst_loss: 0.1475 - Mean loss: 0.3170 - acc: 0.9375 - norm: 0.04 - 0.32s
[2024-06-19 20:53:21,252][utils.model][INFO] - Epoch Results:
[2024-06-19 20:53:21,256][utils.model][INFO] - (In epoch/Overall): (1/117)| inst_loss: 0.3170 - Mean loss: 0.3170 - acc: 0.9375 - norm: 0.04 - 0.16s
[2024-06-19 20:53:22,804][utils.model][INFO] - Evaluation Results - Val Loss: 0.3222, Val Accuracy: 0.9065 in 32 steps
[2024-06-19 20:53:27,079][utils.model][INFO] - ========================== Epoch Start ==========================
[2024-06-19 20:53:27,193][utils.model][INFO] - (In epoch/Overall): (1/118)| inst_loss: 0.1124 - Mean loss: 0.2862 - acc: 0.8750 - norm: 0.04 - 0.29s
[2024-06-19 20:53:27,200][utils.model][INFO] - Epoch Results:
[2024-06-19 20:53:27,204][utils.model][INFO] - (In epoch/Overall): (1/118)| inst_loss: 0.2862 - Mean loss: 0.2862 - acc: 0.8750 - norm: 0.04 - 0.12s
[2024-06-19 20:53:28,784][utils.model][INFO] - Evaluation Results - Val Loss: 0.2875, Val Accuracy: 0.9100 in 32 steps
[2024-06-19 20:53:32,916][utils.model][INFO] - ========================== Epoch Start ==========================
[2024-06-19 20:53:33,052][utils.model][INFO] - (In epoch/Overall): (1/119)| inst_loss: 0.1338 - Mean loss: 0.1566 - acc: 0.9688 - norm: 0.02 - 0.16s
[2024-06-19 20:53:33,059][utils.model][INFO] - Epoch Results:
[2024-06-19 20:53:33,063][utils.model][INFO] - (In epoch/Overall): (1/119)| inst_loss: 0.1566 - Mean loss: 0.1566 - acc: 0.9688 - norm: 0.02 - 0.14s
[2024-06-19 20:53:34,882][utils.model][INFO] - Evaluation Results - Val Loss: 0.2780, Val Accuracy: 0.9220 in 32 steps
[2024-06-19 20:53:39,404][utils.model][INFO] - ========================== Epoch Start ==========================
[2024-06-19 20:53:39,532][utils.model][INFO] - (In epoch/Overall): (1/120)| inst_loss: 0.1257 - Mean loss: 0.1855 - acc: 0.9375 - norm: 0.01 - 0.19s
[2024-06-19 20:53:39,540][utils.model][INFO] - Epoch Results:
[2024-06-19 20:53:39,544][utils.model][INFO] - (In epoch/Overall): (1/120)| inst_loss: 0.1855 - Mean loss: 0.1855 - acc: 0.9375 - norm: 0.01 - 0.14s
[2024-06-19 20:53:41,444][utils.model][INFO] - Evaluation Results - Val Loss: 0.2778, Val Accuracy: 0.9200 in 32 steps
[2024-06-19 20:53:45,648][utils.model][INFO] - ========================== Epoch Start ==========================
[2024-06-19 20:53:45,802][utils.model][INFO] - (In epoch/Overall): (1/121)| inst_loss: 0.1528 - Mean loss: 0.4128 - acc: 0.8438 - norm: 0.07 - 0.41s
[2024-06-19 20:53:45,811][utils.model][INFO] - Epoch Results:
[2024-06-19 20:53:45,815][utils.model][INFO] - (In epoch/Overall): (1/121)| inst_loss: 0.4128 - Mean loss: 0.4128 - acc: 0.8438 - norm: 0.07 - 0.16s
[2024-06-19 20:53:47,652][utils.model][INFO] - Evaluation Results - Val Loss: 0.3645, Val Accuracy: 0.8920 in 32 steps
[2024-06-19 20:53:52,132][utils.model][INFO] - ========================== Epoch Start ==========================
[2024-06-19 20:53:52,278][utils.model][INFO] - (In epoch/Overall): (1/122)| inst_loss: 0.1436 - Mean loss: 0.3023 - acc: 0.9062 - norm: 0.06 - 0.30s
[2024-06-19 20:53:52,285][utils.model][INFO] - Epoch Results:
[2024-06-19 20:53:52,290][utils.model][INFO] - (In epoch/Overall): (1/122)| inst_loss: 0.3023 - Mean loss: 0.3023 - acc: 0.9062 - norm: 0.06 - 0.15s
[2024-06-19 20:53:53,877][utils.model][INFO] - Evaluation Results - Val Loss: 0.2881, Val Accuracy: 0.9130 in 32 steps
[2024-06-19 20:53:58,904][utils.model][INFO] - Evaluation Results - Val Loss: 0.3320, Val Accuracy: 0.8975 in 32 steps
[2024-06-19 20:54:03,267][utils.model][INFO] - ========================== Epoch Start ==========================
[2024-06-19 20:54:03,407][utils.model][INFO] - (In epoch/Overall): (1/123)| inst_loss: 0.1381 - Mean loss: 0.4827 - acc: 0.7812 - norm: 0.07 - 0.48s
[2024-06-19 20:54:03,414][utils.model][INFO] - Epoch Results:
[2024-06-19 20:54:03,419][utils.model][INFO] - (In epoch/Overall): (1/123)| inst_loss: 0.4827 - Mean loss: 0.4827 - acc: 0.7812 - norm: 0.07 - 0.15s
[2024-06-19 20:54:05,215][utils.model][INFO] - Evaluation Results - Val Loss: 0.3490, Val Accuracy: 0.8965 in 32 steps
[2024-06-19 20:54:09,713][utils.model][INFO] - ========================== Epoch Start ==========================
[2024-06-19 20:54:09,859][utils.model][INFO] - (In epoch/Overall): (1/124)| inst_loss: 0.1432 - Mean loss: 0.4773 - acc: 0.8750 - norm: 0.04 - 0.48s
[2024-06-19 20:54:09,869][utils.model][INFO] - Epoch Results:
[2024-06-19 20:54:09,875][utils.model][INFO] - (In epoch/Overall): (1/124)| inst_loss: 0.4773 - Mean loss: 0.4773 - acc: 0.8750 - norm: 0.04 - 0.16s
[2024-06-19 20:54:11,823][utils.model][INFO] - Evaluation Results - Val Loss: 0.2640, Val Accuracy: 0.9255 in 32 steps
[2024-06-19 20:54:16,259][utils.model][INFO] - ========================== Epoch Start ==========================
[2024-06-19 20:54:16,382][utils.model][INFO] - (In epoch/Overall): (1/125)| inst_loss: 0.1211 - Mean loss: 0.7580 - acc: 0.7812 - norm: 0.06 - 0.76s
[2024-06-19 20:54:16,388][utils.model][INFO] - Epoch Results:
[2024-06-19 20:54:16,392][utils.model][INFO] - (In epoch/Overall): (1/125)| inst_loss: 0.7580 - Mean loss: 0.7580 - acc: 0.7812 - norm: 0.06 - 0.13s
[2024-06-19 20:54:17,969][utils.model][INFO] - Evaluation Results - Val Loss: 0.2663, Val Accuracy: 0.9195 in 32 steps
[2024-06-19 20:54:22,314][utils.model][INFO] - ========================== Epoch Start ==========================
[2024-06-19 20:54:22,425][utils.model][INFO] - (In epoch/Overall): (1/126)| inst_loss: 0.1097 - Mean loss: 0.1610 - acc: 0.9375 - norm: 0.02 - 0.16s
[2024-06-19 20:54:22,431][utils.model][INFO] - Epoch Results:
[2024-06-19 20:54:22,434][utils.model][INFO] - (In epoch/Overall): (1/126)| inst_loss: 0.1610 - Mean loss: 0.1610 - acc: 0.9375 - norm: 0.02 - 0.12s
[2024-06-19 20:54:24,014][utils.model][INFO] - Evaluation Results - Val Loss: 0.2945, Val Accuracy: 0.9170 in 32 steps
[2024-06-19 20:54:28,269][utils.model][INFO] - ========================== Epoch Start ==========================
[2024-06-19 20:54:28,383][utils.model][INFO] - (In epoch/Overall): (1/127)| inst_loss: 0.1119 - Mean loss: 0.3583 - acc: 0.8750 - norm: 0.06 - 0.36s
[2024-06-19 20:54:28,389][utils.model][INFO] - Epoch Results:
[2024-06-19 20:54:28,392][utils.model][INFO] - (In epoch/Overall): (1/127)| inst_loss: 0.3583 - Mean loss: 0.3583 - acc: 0.8750 - norm: 0.06 - 0.12s
[2024-06-19 20:54:29,974][utils.model][INFO] - Evaluation Results - Val Loss: 0.2804, Val Accuracy: 0.9175 in 32 steps
[2024-06-19 20:54:34,239][utils.model][INFO] - ========================== Epoch Start ==========================
[2024-06-19 20:54:34,377][utils.model][INFO] - (In epoch/Overall): (1/128)| inst_loss: 0.1356 - Mean loss: 0.4721 - acc: 0.8438 - norm: 0.06 - 0.47s
[2024-06-19 20:54:34,385][utils.model][INFO] - Epoch Results:
[2024-06-19 20:54:34,389][utils.model][INFO] - (In epoch/Overall): (1/128)| inst_loss: 0.4721 - Mean loss: 0.4721 - acc: 0.8438 - norm: 0.06 - 0.15s
[2024-06-19 20:54:36,412][utils.model][INFO] - Evaluation Results - Val Loss: 0.3113, Val Accuracy: 0.9025 in 32 steps
[2024-06-19 20:54:41,051][utils.model][INFO] - ========================== Epoch Start ==========================
[2024-06-19 20:54:41,181][utils.model][INFO] - (In epoch/Overall): (1/129)| inst_loss: 0.1284 - Mean loss: 0.3356 - acc: 0.9062 - norm: 0.04 - 0.34s
[2024-06-19 20:54:41,189][utils.model][INFO] - Epoch Results:
[2024-06-19 20:54:41,192][utils.model][INFO] - (In epoch/Overall): (1/129)| inst_loss: 0.3356 - Mean loss: 0.3356 - acc: 0.9062 - norm: 0.04 - 0.14s
[2024-06-19 20:54:42,780][utils.model][INFO] - Evaluation Results - Val Loss: 0.2671, Val Accuracy: 0.9220 in 32 steps
[2024-06-19 20:54:47,006][utils.model][INFO] - ========================== Epoch Start ==========================
[2024-06-19 20:54:47,114][utils.model][INFO] - (In epoch/Overall): (1/130)| inst_loss: 0.1064 - Mean loss: 0.4680 - acc: 0.8750 - norm: 0.06 - 0.47s
[2024-06-19 20:54:47,120][utils.model][INFO] - Epoch Results:
[2024-06-19 20:54:47,123][utils.model][INFO] - (In epoch/Overall): (1/130)| inst_loss: 0.4680 - Mean loss: 0.4680 - acc: 0.8750 - norm: 0.06 - 0.12s
[2024-06-19 20:54:48,676][utils.model][INFO] - Evaluation Results - Val Loss: 0.2914, Val Accuracy: 0.9135 in 32 steps
[2024-06-19 20:54:52,901][utils.model][INFO] - ========================== Epoch Start ==========================
[2024-06-19 20:54:53,017][utils.model][INFO] - (In epoch/Overall): (1/131)| inst_loss: 0.1139 - Mean loss: 0.1219 - acc: 0.9688 - norm: 0.01 - 0.12s
[2024-06-19 20:54:53,023][utils.model][INFO] - Epoch Results:
[2024-06-19 20:54:53,028][utils.model][INFO] - (In epoch/Overall): (1/131)| inst_loss: 0.1219 - Mean loss: 0.1219 - acc: 0.9688 - norm: 0.01 - 0.12s
[2024-06-19 20:54:54,614][utils.model][INFO] - Evaluation Results - Val Loss: 0.2781, Val Accuracy: 0.9095 in 32 steps
[2024-06-19 20:54:58,901][utils.model][INFO] - ========================== Epoch Start ==========================
[2024-06-19 20:54:59,025][utils.model][INFO] - (In epoch/Overall): (1/132)| inst_loss: 0.1221 - Mean loss: 0.3173 - acc: 0.9062 - norm: 0.04 - 0.32s
[2024-06-19 20:54:59,033][utils.model][INFO] - Epoch Results:
[2024-06-19 20:54:59,036][utils.model][INFO] - (In epoch/Overall): (1/132)| inst_loss: 0.3173 - Mean loss: 0.3173 - acc: 0.9062 - norm: 0.04 - 0.13s
[2024-06-19 20:55:00,622][utils.model][INFO] - Evaluation Results - Val Loss: 0.2438, Val Accuracy: 0.9270 in 32 steps
[2024-06-19 20:55:05,032][utils.model][INFO] - ========================== Epoch Start ==========================
[2024-06-19 20:55:05,175][utils.model][INFO] - (In epoch/Overall): (1/133)| inst_loss: 0.1407 - Mean loss: 0.1284 - acc: 0.9688 - norm: 0.01 - 0.13s
[2024-06-19 20:55:05,183][utils.model][INFO] - Epoch Results:
[2024-06-19 20:55:05,188][utils.model][INFO] - (In epoch/Overall): (1/133)| inst_loss: 0.1284 - Mean loss: 0.1284 - acc: 0.9688 - norm: 0.01 - 0.15s
[2024-06-19 20:55:07,034][utils.model][INFO] - Evaluation Results - Val Loss: 0.2783, Val Accuracy: 0.9180 in 32 steps
[2024-06-19 20:55:11,196][utils.model][INFO] - ========================== Epoch Start ==========================
[2024-06-19 20:55:11,344][utils.model][INFO] - (In epoch/Overall): (1/134)| inst_loss: 0.1461 - Mean loss: 0.1989 - acc: 0.9375 - norm: 0.05 - 0.20s
[2024-06-19 20:55:11,353][utils.model][INFO] - Epoch Results:
[2024-06-19 20:55:11,359][utils.model][INFO] - (In epoch/Overall): (1/134)| inst_loss: 0.1989 - Mean loss: 0.1989 - acc: 0.9375 - norm: 0.05 - 0.16s
[2024-06-19 20:55:13,299][utils.model][INFO] - Evaluation Results - Val Loss: 0.3373, Val Accuracy: 0.8970 in 32 steps
[2024-06-19 20:55:17,536][utils.model][INFO] - ========================== Epoch Start ==========================
[2024-06-19 20:55:17,657][utils.model][INFO] - (In epoch/Overall): (1/135)| inst_loss: 0.1196 - Mean loss: 0.4500 - acc: 0.9062 - norm: 0.06 - 0.45s
[2024-06-19 20:55:17,663][utils.model][INFO] - Epoch Results:
[2024-06-19 20:55:17,669][utils.model][INFO] - (In epoch/Overall): (1/135)| inst_loss: 0.4500 - Mean loss: 0.4500 - acc: 0.9062 - norm: 0.06 - 0.13s
[2024-06-19 20:55:19,279][utils.model][INFO] - Evaluation Results - Val Loss: 0.2618, Val Accuracy: 0.9175 in 32 steps
[2024-06-19 20:55:23,535][utils.model][INFO] - ========================== Epoch Start ==========================
[2024-06-19 20:55:23,652][utils.model][INFO] - (In epoch/Overall): (1/136)| inst_loss: 0.1153 - Mean loss: 0.2480 - acc: 0.9062 - norm: 0.05 - 0.25s
[2024-06-19 20:55:23,657][utils.model][INFO] - Epoch Results:
[2024-06-19 20:55:23,661][utils.model][INFO] - (In epoch/Overall): (1/136)| inst_loss: 0.2480 - Mean loss: 0.2480 - acc: 0.9062 - norm: 0.05 - 0.12s
[2024-06-19 20:55:25,269][utils.model][INFO] - Evaluation Results - Val Loss: 0.3775, Val Accuracy: 0.8850 in 32 steps
[2024-06-19 20:55:29,672][utils.model][INFO] - ========================== Epoch Start ==========================
[2024-06-19 20:55:29,797][utils.model][INFO] - (In epoch/Overall): (1/137)| inst_loss: 0.1233 - Mean loss: 0.3666 - acc: 0.8438 - norm: 0.07 - 0.37s
[2024-06-19 20:55:29,806][utils.model][INFO] - Epoch Results:
[2024-06-19 20:55:29,811][utils.model][INFO] - (In epoch/Overall): (1/137)| inst_loss: 0.3666 - Mean loss: 0.3666 - acc: 0.8438 - norm: 0.07 - 0.13s
[2024-06-19 20:55:31,649][utils.model][INFO] - Evaluation Results - Val Loss: 0.3312, Val Accuracy: 0.8905 in 32 steps
[2024-06-19 20:55:36,170][utils.model][INFO] - ========================== Epoch Start ==========================
[2024-06-19 20:55:36,313][utils.model][INFO] - (In epoch/Overall): (1/138)| inst_loss: 0.1419 - Mean loss: 0.4580 - acc: 0.9062 - norm: 0.05 - 0.46s
[2024-06-19 20:55:36,321][utils.model][INFO] - Epoch Results:
[2024-06-19 20:55:36,326][utils.model][INFO] - (In epoch/Overall): (1/138)| inst_loss: 0.4580 - Mean loss: 0.4580 - acc: 0.9062 - norm: 0.05 - 0.15s
[2024-06-19 20:55:38,203][utils.model][INFO] - Evaluation Results - Val Loss: 0.3453, Val Accuracy: 0.8910 in 32 steps
[2024-06-19 20:55:40,931][utils.model][INFO] - ========================== Epoch Start ==========================
[2024-06-19 20:55:41,035][utils.model][INFO] - (In epoch/Overall): (1/139)| inst_loss: 0.1025 - Mean loss: 0.2453 - acc: 0.9062 - norm: 0.03 - 0.25s
[2024-06-19 20:55:41,042][utils.model][INFO] - Epoch Results:
[2024-06-19 20:55:41,045][utils.model][INFO] - (In epoch/Overall): (1/139)| inst_loss: 0.2453 - Mean loss: 0.2453 - acc: 0.9062 - norm: 0.03 - 0.11s
[2024-06-19 20:55:42,913][utils.model][INFO] - Evaluation Results - Val Loss: 0.2935, Val Accuracy: 0.9070 in 32 steps
[2024-06-19 20:55:47,218][utils.model][INFO] - ========================== Epoch Start ==========================
[2024-06-19 20:55:47,340][utils.model][INFO] - (In epoch/Overall): (1/140)| inst_loss: 0.1203 - Mean loss: 0.3043 - acc: 0.8750 - norm: 0.05 - 0.30s
[2024-06-19 20:55:47,347][utils.model][INFO] - Epoch Results:
[2024-06-19 20:55:47,351][utils.model][INFO] - (In epoch/Overall): (1/140)| inst_loss: 0.3043 - Mean loss: 0.3043 - acc: 0.8750 - norm: 0.05 - 0.13s
[2024-06-19 20:55:48,975][utils.model][INFO] - Evaluation Results - Val Loss: 0.2671, Val Accuracy: 0.9155 in 32 steps
[2024-06-19 20:55:53,246][utils.model][INFO] - ========================== Epoch Start ==========================
[2024-06-19 20:55:53,362][utils.model][INFO] - (In epoch/Overall): (1/141)| inst_loss: 0.1139 - Mean loss: 0.4711 - acc: 0.8750 - norm: 0.04 - 0.47s
[2024-06-19 20:55:53,369][utils.model][INFO] - Epoch Results:
[2024-06-19 20:55:53,373][utils.model][INFO] - (In epoch/Overall): (1/141)| inst_loss: 0.4711 - Mean loss: 0.4711 - acc: 0.8750 - norm: 0.04 - 0.12s
[2024-06-19 20:55:54,977][utils.model][INFO] - Evaluation Results - Val Loss: 0.2627, Val Accuracy: 0.9200 in 32 steps
[2024-06-19 20:55:59,170][utils.model][INFO] - ========================== Epoch Start ==========================
[2024-06-19 20:55:59,285][utils.model][INFO] - (In epoch/Overall): (1/142)| inst_loss: 0.1132 - Mean loss: 0.1889 - acc: 0.9375 - norm: 0.03 - 0.19s
[2024-06-19 20:55:59,291][utils.model][INFO] - Epoch Results:
[2024-06-19 20:55:59,295][utils.model][INFO] - (In epoch/Overall): (1/142)| inst_loss: 0.1889 - Mean loss: 0.1889 - acc: 0.9375 - norm: 0.03 - 0.12s
[2024-06-19 20:56:00,940][utils.model][INFO] - Evaluation Results - Val Loss: 0.2798, Val Accuracy: 0.9105 in 32 steps
[2024-06-19 20:56:05,041][utils.model][INFO] - ========================== Epoch Start ==========================
[2024-06-19 20:56:05,160][utils.model][INFO] - (In epoch/Overall): (1/143)| inst_loss: 0.1173 - Mean loss: 0.3014 - acc: 0.8438 - norm: 0.06 - 0.30s
[2024-06-19 20:56:05,167][utils.model][INFO] - Epoch Results:
[2024-06-19 20:56:05,172][utils.model][INFO] - (In epoch/Overall): (1/143)| inst_loss: 0.3014 - Mean loss: 0.3014 - acc: 0.8438 - norm: 0.06 - 0.13s
[2024-06-19 20:56:07,057][utils.model][INFO] - Evaluation Results - Val Loss: 0.2559, Val Accuracy: 0.9215 in 32 steps
[2024-06-19 20:56:11,287][utils.model][INFO] - ========================== Epoch Start ==========================
[2024-06-19 20:56:11,447][utils.model][INFO] - (In epoch/Overall): (1/144)| inst_loss: 0.1571 - Mean loss: 0.1789 - acc: 0.9375 - norm: 0.03 - 0.18s
[2024-06-19 20:56:11,457][utils.model][INFO] - Epoch Results:
[2024-06-19 20:56:11,463][utils.model][INFO] - (In epoch/Overall): (1/144)| inst_loss: 0.1789 - Mean loss: 0.1789 - acc: 0.9375 - norm: 0.03 - 0.17s
[2024-06-19 20:56:13,398][utils.model][INFO] - Evaluation Results - Val Loss: 0.2663, Val Accuracy: 0.9205 in 32 steps
[2024-06-19 20:56:18,632][utils.model][INFO] - Evaluation Results - Val Loss: 0.2425, Val Accuracy: 0.9220 in 32 steps
[2024-06-19 20:56:22,041][utils.model][INFO] - ========================== Epoch Start ==========================
[2024-06-19 20:56:22,142][utils.model][INFO] - (In epoch/Overall): (1/145)| inst_loss: 0.1003 - Mean loss: 0.1312 - acc: 0.9688 - norm: 0.02 - 0.13s
[2024-06-19 20:56:22,147][utils.model][INFO] - Epoch Results:
[2024-06-19 20:56:22,150][utils.model][INFO] - (In epoch/Overall): (1/145)| inst_loss: 0.1312 - Mean loss: 0.1312 - acc: 0.9688 - norm: 0.02 - 0.11s
[2024-06-19 20:56:23,749][utils.model][INFO] - Evaluation Results - Val Loss: 0.2339, Val Accuracy: 0.9325 in 32 steps
[2024-06-19 20:56:28,125][utils.model][INFO] - ========================== Epoch Start ==========================
[2024-06-19 20:56:28,237][utils.model][INFO] - (In epoch/Overall): (1/146)| inst_loss: 0.1101 - Mean loss: 0.0845 - acc: 1.0000 - norm: 0.01 - 0.08s
[2024-06-19 20:56:28,243][utils.model][INFO] - Epoch Results:
[2024-06-19 20:56:28,246][utils.model][INFO] - (In epoch/Overall): (1/146)| inst_loss: 0.0845 - Mean loss: 0.0845 - acc: 1.0000 - norm: 0.01 - 0.12s
[2024-06-19 20:56:29,840][utils.model][INFO] - Evaluation Results - Val Loss: 0.2434, Val Accuracy: 0.9280 in 32 steps
[2024-06-19 20:56:33,442][utils.model][INFO] - ========================== Epoch Start ==========================
[2024-06-19 20:56:33,553][utils.model][INFO] - (In epoch/Overall): (1/147)| inst_loss: 0.1091 - Mean loss: 0.4382 - acc: 0.8125 - norm: 0.06 - 0.44s
[2024-06-19 20:56:33,560][utils.model][INFO] - Epoch Results:
[2024-06-19 20:56:33,563][utils.model][INFO] - (In epoch/Overall): (1/147)| inst_loss: 0.4382 - Mean loss: 0.4382 - acc: 0.8125 - norm: 0.06 - 0.12s
[2024-06-19 20:56:35,350][utils.model][INFO] - Evaluation Results - Val Loss: 0.2514, Val Accuracy: 0.9180 in 32 steps
[2024-06-19 20:56:39,719][utils.model][INFO] - ========================== Epoch Start ==========================
[2024-06-19 20:56:39,863][utils.model][INFO] - (In epoch/Overall): (1/148)| inst_loss: 0.1410 - Mean loss: 0.3410 - acc: 0.8750 - norm: 0.05 - 0.34s
[2024-06-19 20:56:39,872][utils.model][INFO] - Epoch Results:
[2024-06-19 20:56:39,876][utils.model][INFO] - (In epoch/Overall): (1/148)| inst_loss: 0.3410 - Mean loss: 0.3410 - acc: 0.8750 - norm: 0.05 - 0.15s
[2024-06-19 20:56:41,726][utils.model][INFO] - Evaluation Results - Val Loss: 0.2714, Val Accuracy: 0.9165 in 32 steps
[2024-06-19 20:56:45,953][utils.model][INFO] - ========================== Epoch Start ==========================
[2024-06-19 20:56:46,075][utils.model][INFO] - (In epoch/Overall): (1/149)| inst_loss: 0.1197 - Mean loss: 0.2478 - acc: 0.9062 - norm: 0.06 - 0.25s
[2024-06-19 20:56:46,081][utils.model][INFO] - Epoch Results:
[2024-06-19 20:56:46,084][utils.model][INFO] - (In epoch/Overall): (1/149)| inst_loss: 0.2478 - Mean loss: 0.2478 - acc: 0.9062 - norm: 0.06 - 0.13s
[2024-06-19 20:56:47,662][utils.model][INFO] - Evaluation Results - Val Loss: 0.2695, Val Accuracy: 0.9180 in 32 steps
[2024-06-19 20:56:51,870][utils.model][INFO] - ========================== Epoch Start ==========================
[2024-06-19 20:56:51,983][utils.model][INFO] - (In epoch/Overall): (1/150)| inst_loss: 0.1111 - Mean loss: 0.6543 - acc: 0.8750 - norm: 0.06 - 0.65s
[2024-06-19 20:56:51,989][utils.model][INFO] - Epoch Results:
[2024-06-19 20:56:51,992][utils.model][INFO] - (In epoch/Overall): (1/150)| inst_loss: 0.6543 - Mean loss: 0.6543 - acc: 0.8750 - norm: 0.06 - 0.12s
[2024-06-19 20:56:53,751][utils.model][INFO] - Evaluation Results - Val Loss: 0.2629, Val Accuracy: 0.9190 in 32 steps
[2024-06-19 20:56:58,255][utils.model][INFO] - ========================== Epoch Start ==========================
[2024-06-19 20:56:59,069][utils.model][INFO] - (In epoch/Overall): (1/151)| inst_loss: 0.8125 - Mean loss: 0.2682 - acc: 0.9375 - norm: 0.04 - 0.27s
[2024-06-19 20:56:59,077][utils.model][INFO] - Epoch Results:
[2024-06-19 20:56:59,081][utils.model][INFO] - (In epoch/Overall): (1/151)| inst_loss: 0.2682 - Mean loss: 0.2682 - acc: 0.9375 - norm: 0.04 - 0.82s
[2024-06-19 20:57:00,955][utils.model][INFO] - Evaluation Results - Val Loss: 0.2738, Val Accuracy: 0.9175 in 32 steps
[2024-06-19 20:57:05,292][utils.model][INFO] - ========================== Epoch Start ==========================
[2024-06-19 20:57:05,427][utils.model][INFO] - (In epoch/Overall): (1/152)| inst_loss: 0.1319 - Mean loss: 0.5184 - acc: 0.9375 - norm: 0.05 - 0.52s
[2024-06-19 20:57:05,437][utils.model][INFO] - Epoch Results:
[2024-06-19 20:57:05,444][utils.model][INFO] - (In epoch/Overall): (1/152)| inst_loss: 0.5184 - Mean loss: 0.5184 - acc: 0.9375 - norm: 0.05 - 0.15s
[2024-06-19 20:57:07,327][utils.model][INFO] - Evaluation Results - Val Loss: 0.2362, Val Accuracy: 0.9270 in 32 steps
[2024-06-19 20:57:11,809][utils.model][INFO] - ========================== Epoch Start ==========================
[2024-06-19 20:57:11,970][utils.model][INFO] - (In epoch/Overall): (1/153)| inst_loss: 0.1594 - Mean loss: 0.2100 - acc: 0.8750 - norm: 0.05 - 0.21s
[2024-06-19 20:57:11,978][utils.model][INFO] - Epoch Results:
[2024-06-19 20:57:11,984][utils.model][INFO] - (In epoch/Overall): (1/153)| inst_loss: 0.2100 - Mean loss: 0.2100 - acc: 0.8750 - norm: 0.05 - 0.17s
[2024-06-19 20:57:13,646][utils.model][INFO] - Evaluation Results - Val Loss: 0.2344, Val Accuracy: 0.9335 in 32 steps
[2024-06-19 20:57:17,775][utils.model][INFO] - ========================== Epoch Start ==========================
[2024-06-19 20:57:17,892][utils.model][INFO] - (In epoch/Overall): (1/154)| inst_loss: 0.1159 - Mean loss: 0.4864 - acc: 0.8438 - norm: 0.05 - 0.49s
[2024-06-19 20:57:17,899][utils.model][INFO] - Epoch Results:
[2024-06-19 20:57:17,903][utils.model][INFO] - (In epoch/Overall): (1/154)| inst_loss: 0.4864 - Mean loss: 0.4864 - acc: 0.8438 - norm: 0.05 - 0.13s
[2024-06-19 20:57:19,482][utils.model][INFO] - Evaluation Results - Val Loss: 0.2630, Val Accuracy: 0.9205 in 32 steps
[2024-06-19 20:57:23,790][utils.model][INFO] - ========================== Epoch Start ==========================
[2024-06-19 20:57:23,907][utils.model][INFO] - (In epoch/Overall): (1/155)| inst_loss: 0.1154 - Mean loss: 0.2056 - acc: 0.9062 - norm: 0.04 - 0.21s
[2024-06-19 20:57:23,914][utils.model][INFO] - Epoch Results:
[2024-06-19 20:57:23,918][utils.model][INFO] - (In epoch/Overall): (1/155)| inst_loss: 0.2056 - Mean loss: 0.2056 - acc: 0.9062 - norm: 0.04 - 0.13s
[2024-06-19 20:57:25,499][utils.model][INFO] - Evaluation Results - Val Loss: 0.2542, Val Accuracy: 0.9235 in 32 steps
[2024-06-19 20:57:29,608][utils.model][INFO] - ========================== Epoch Start ==========================
[2024-06-19 20:57:29,725][utils.model][INFO] - (In epoch/Overall): (1/156)| inst_loss: 0.1147 - Mean loss: 0.2892 - acc: 0.9375 - norm: 0.02 - 0.29s
[2024-06-19 20:57:29,732][utils.model][INFO] - Epoch Results:
[2024-06-19 20:57:29,736][utils.model][INFO] - (In epoch/Overall): (1/156)| inst_loss: 0.2892 - Mean loss: 0.2892 - acc: 0.9375 - norm: 0.02 - 0.13s
[2024-06-19 20:57:31,574][utils.model][INFO] - Evaluation Results - Val Loss: 0.2313, Val Accuracy: 0.9355 in 32 steps
[2024-06-19 20:57:35,773][utils.model][INFO] - ========================== Epoch Start ==========================
[2024-06-19 20:57:35,907][utils.model][INFO] - (In epoch/Overall): (1/157)| inst_loss: 0.1310 - Mean loss: 0.2259 - acc: 0.9062 - norm: 0.03 - 0.23s
[2024-06-19 20:57:35,919][utils.model][INFO] - Epoch Results:
[2024-06-19 20:57:35,924][utils.model][INFO] - (In epoch/Overall): (1/157)| inst_loss: 0.2259 - Mean loss: 0.2259 - acc: 0.9062 - norm: 0.03 - 0.15s
[2024-06-19 20:57:37,794][utils.model][INFO] - Evaluation Results - Val Loss: 0.2306, Val Accuracy: 0.9325 in 32 steps
[2024-06-19 20:57:41,982][utils.model][INFO] - ========================== Epoch Start ==========================
[2024-06-19 20:57:42,110][utils.model][INFO] - (In epoch/Overall): (1/158)| inst_loss: 0.1266 - Mean loss: 0.3652 - acc: 0.9688 - norm: 0.02 - 0.37s
[2024-06-19 20:57:42,119][utils.model][INFO] - Epoch Results:
[2024-06-19 20:57:42,122][utils.model][INFO] - (In epoch/Overall): (1/158)| inst_loss: 0.3652 - Mean loss: 0.3652 - acc: 0.9688 - norm: 0.02 - 0.14s
[2024-06-19 20:57:43,994][utils.model][INFO] - Evaluation Results - Val Loss: 0.2524, Val Accuracy: 0.9215 in 32 steps
[2024-06-19 20:57:48,436][utils.model][INFO] - ========================== Epoch Start ==========================
[2024-06-19 20:57:48,555][utils.model][INFO] - (In epoch/Overall): (1/159)| inst_loss: 0.1176 - Mean loss: 0.1569 - acc: 0.9688 - norm: 0.03 - 0.16s
[2024-06-19 20:57:48,561][utils.model][INFO] - Epoch Results:
[2024-06-19 20:57:48,564][utils.model][INFO] - (In epoch/Overall): (1/159)| inst_loss: 0.1569 - Mean loss: 0.1569 - acc: 0.9688 - norm: 0.03 - 0.13s
[2024-06-19 20:57:50,130][utils.model][INFO] - Evaluation Results - Val Loss: 0.2258, Val Accuracy: 0.9345 in 32 steps
[2024-06-19 20:57:54,455][utils.model][INFO] - ========================== Epoch Start ==========================
[2024-06-19 20:57:54,567][utils.model][INFO] - (In epoch/Overall): (1/160)| inst_loss: 0.1105 - Mean loss: 0.1527 - acc: 0.9688 - norm: 0.01 - 0.15s
[2024-06-19 20:57:54,573][utils.model][INFO] - Epoch Results:
[2024-06-19 20:57:54,576][utils.model][INFO] - (In epoch/Overall): (1/160)| inst_loss: 0.1527 - Mean loss: 0.1527 - acc: 0.9688 - norm: 0.01 - 0.12s
[2024-06-19 20:57:56,115][utils.model][INFO] - Evaluation Results - Val Loss: 0.2327, Val Accuracy: 0.9290 in 32 steps
[2024-06-19 20:58:00,415][utils.model][INFO] - ========================== Epoch Start ==========================
[2024-06-19 20:58:00,538][utils.model][INFO] - (In epoch/Overall): (1/161)| inst_loss: 0.1206 - Mean loss: 0.1066 - acc: 0.9688 - norm: 0.02 - 0.11s
[2024-06-19 20:58:00,549][utils.model][INFO] - Epoch Results:
[2024-06-19 20:58:00,553][utils.model][INFO] - (In epoch/Overall): (1/161)| inst_loss: 0.1066 - Mean loss: 0.1066 - acc: 0.9688 - norm: 0.02 - 0.14s
[2024-06-19 20:58:02,384][utils.model][INFO] - Evaluation Results - Val Loss: 0.2829, Val Accuracy: 0.9190 in 32 steps
[2024-06-19 20:58:06,607][utils.model][INFO] - ========================== Epoch Start ==========================
[2024-06-19 20:58:06,737][utils.model][INFO] - (In epoch/Overall): (1/162)| inst_loss: 0.1277 - Mean loss: 0.5191 - acc: 0.9375 - norm: 0.06 - 0.52s
[2024-06-19 20:58:06,745][utils.model][INFO] - Epoch Results:
[2024-06-19 20:58:06,750][utils.model][INFO] - (In epoch/Overall): (1/162)| inst_loss: 0.5191 - Mean loss: 0.5191 - acc: 0.9375 - norm: 0.06 - 0.14s
[2024-06-19 20:58:08,611][utils.model][INFO] - Evaluation Results - Val Loss: 0.2304, Val Accuracy: 0.9305 in 32 steps
[2024-06-19 20:58:13,195][utils.model][INFO] - ========================== Epoch Start ==========================
[2024-06-19 20:58:13,336][utils.model][INFO] - (In epoch/Overall): (1/163)| inst_loss: 0.1394 - Mean loss: 0.1158 - acc: 0.9688 - norm: 0.02 - 0.12s
[2024-06-19 20:58:13,344][utils.model][INFO] - Epoch Results:
[2024-06-19 20:58:13,348][utils.model][INFO] - (In epoch/Overall): (1/163)| inst_loss: 0.1158 - Mean loss: 0.1158 - acc: 0.9688 - norm: 0.02 - 0.15s
[2024-06-19 20:58:15,240][utils.model][INFO] - Evaluation Results - Val Loss: 0.2626, Val Accuracy: 0.9160 in 32 steps
[2024-06-19 20:58:19,448][utils.model][INFO] - ========================== Epoch Start ==========================
[2024-06-19 20:58:19,565][utils.model][INFO] - (In epoch/Overall): (1/164)| inst_loss: 0.1149 - Mean loss: 0.2187 - acc: 0.9688 - norm: 0.03 - 0.22s
[2024-06-19 20:58:19,573][utils.model][INFO] - Epoch Results:
[2024-06-19 20:58:19,577][utils.model][INFO] - (In epoch/Overall): (1/164)| inst_loss: 0.2187 - Mean loss: 0.2187 - acc: 0.9688 - norm: 0.03 - 0.13s
[2024-06-19 20:58:21,181][utils.model][INFO] - Evaluation Results - Val Loss: 0.2174, Val Accuracy: 0.9325 in 32 steps
[2024-06-19 20:58:26,340][utils.model][INFO] - Evaluation Results - Val Loss: 0.2425, Val Accuracy: 0.9175 in 32 steps
[2024-06-19 20:58:31,740][utils.model][INFO] - Evaluation Results - Val Loss: 0.2237, Val Accuracy: 0.9275 in 32 steps
[2024-06-19 20:58:37,184][utils.model][INFO] - Evaluation Results - Val Loss: 0.2079, Val Accuracy: 0.9355 in 32 steps
[2024-06-19 20:58:42,706][utils.model][INFO] - Evaluation Results - Val Loss: 0.2663, Val Accuracy: 0.9165 in 32 steps
[2024-06-19 20:58:47,086][utils.model][INFO] - ========================== Epoch Start ==========================
[2024-06-19 20:58:47,224][utils.model][INFO] - (In epoch/Overall): (1/165)| inst_loss: 0.1364 - Mean loss: 0.4803 - acc: 0.8438 - norm: 0.07 - 0.48s
[2024-06-19 20:58:47,232][utils.model][INFO] - Epoch Results:
[2024-06-19 20:58:47,238][utils.model][INFO] - (In epoch/Overall): (1/165)| inst_loss: 0.4803 - Mean loss: 0.4803 - acc: 0.8438 - norm: 0.07 - 0.15s
[2024-06-19 20:58:49,114][utils.model][INFO] - Evaluation Results - Val Loss: 0.2408, Val Accuracy: 0.9280 in 32 steps
[2024-06-19 20:58:53,476][utils.model][INFO] - ========================== Epoch Start ==========================
[2024-06-19 20:58:53,598][utils.model][INFO] - (In epoch/Overall): (1/166)| inst_loss: 0.1194 - Mean loss: 0.3884 - acc: 0.8438 - norm: 0.06 - 0.39s
[2024-06-19 20:58:53,605][utils.model][INFO] - Epoch Results:
[2024-06-19 20:58:53,609][utils.model][INFO] - (In epoch/Overall): (1/166)| inst_loss: 0.3884 - Mean loss: 0.3884 - acc: 0.8438 - norm: 0.06 - 0.13s
[2024-06-19 20:58:55,187][utils.model][INFO] - Evaluation Results - Val Loss: 0.2431, Val Accuracy: 0.9280 in 32 steps
[2024-06-19 20:58:59,445][utils.model][INFO] - ========================== Epoch Start ==========================
[2024-06-19 20:58:59,560][utils.model][INFO] - (In epoch/Overall): (1/167)| inst_loss: 0.1137 - Mean loss: 0.8327 - acc: 0.7500 - norm: 0.14 - 0.83s
[2024-06-19 20:58:59,568][utils.model][INFO] - Epoch Results:
[2024-06-19 20:58:59,573][utils.model][INFO] - (In epoch/Overall): (1/167)| inst_loss: 0.8327 - Mean loss: 0.8327 - acc: 0.7500 - norm: 0.14 - 0.13s
[2024-06-19 20:59:01,471][utils.model][INFO] - Evaluation Results - Val Loss: 0.2781, Val Accuracy: 0.9065 in 32 steps
[2024-06-19 20:59:05,901][utils.model][INFO] - ========================== Epoch Start ==========================
[2024-06-19 20:59:06,037][utils.model][INFO] - (In epoch/Overall): (1/168)| inst_loss: 0.1331 - Mean loss: 0.2792 - acc: 0.9062 - norm: 0.05 - 0.28s
[2024-06-19 20:59:06,044][utils.model][INFO] - Epoch Results:
[2024-06-19 20:59:06,050][utils.model][INFO] - (In epoch/Overall): (1/168)| inst_loss: 0.2792 - Mean loss: 0.2792 - acc: 0.9062 - norm: 0.05 - 0.14s
[2024-06-19 20:59:07,891][utils.model][INFO] - Evaluation Results - Val Loss: 0.2506, Val Accuracy: 0.9265 in 32 steps
[2024-06-19 20:59:13,592][utils.model][INFO] - Evaluation Results - Val Loss: 0.2134, Val Accuracy: 0.9325 in 32 steps
[2024-06-19 20:59:17,074][utils.model][INFO] - ========================== Epoch Start ==========================
[2024-06-19 20:59:17,174][utils.model][INFO] - (In epoch/Overall): (1/169)| inst_loss: 0.0980 - Mean loss: 0.1437 - acc: 0.9375 - norm: 0.03 - 0.14s
[2024-06-19 20:59:17,178][utils.model][INFO] - Epoch Results:
[2024-06-19 20:59:17,181][utils.model][INFO] - (In epoch/Overall): (1/169)| inst_loss: 0.1437 - Mean loss: 0.1437 - acc: 0.9375 - norm: 0.03 - 0.11s
[2024-06-19 20:59:18,765][utils.model][INFO] - Evaluation Results - Val Loss: 0.2660, Val Accuracy: 0.9145 in 32 steps
[2024-06-19 20:59:23,310][utils.model][INFO] - ========================== Epoch Start ==========================
[2024-06-19 20:59:23,424][utils.model][INFO] - (In epoch/Overall): (1/170)| inst_loss: 0.1117 - Mean loss: 0.2991 - acc: 0.8438 - norm: 0.05 - 0.30s
[2024-06-19 20:59:23,431][utils.model][INFO] - Epoch Results:
[2024-06-19 20:59:23,435][utils.model][INFO] - (In epoch/Overall): (1/170)| inst_loss: 0.2991 - Mean loss: 0.2991 - acc: 0.8438 - norm: 0.05 - 0.12s
[2024-06-19 20:59:24,990][utils.model][INFO] - Evaluation Results - Val Loss: 0.2314, Val Accuracy: 0.9255 in 32 steps
[2024-06-19 20:59:29,459][utils.model][INFO] - ========================== Epoch Start ==========================
[2024-06-19 20:59:29,581][utils.model][INFO] - (In epoch/Overall): (1/171)| inst_loss: 0.1205 - Mean loss: 0.1533 - acc: 0.9375 - norm: 0.03 - 0.15s
[2024-06-19 20:59:29,587][utils.model][INFO] - Epoch Results:
[2024-06-19 20:59:29,591][utils.model][INFO] - (In epoch/Overall): (1/171)| inst_loss: 0.1533 - Mean loss: 0.1533 - acc: 0.9375 - norm: 0.03 - 0.13s
[2024-06-19 20:59:31,137][utils.model][INFO] - Evaluation Results - Val Loss: 0.2579, Val Accuracy: 0.9165 in 32 steps
[2024-06-19 20:59:35,658][utils.model][INFO] - ========================== Epoch Start ==========================
[2024-06-19 20:59:35,785][utils.model][INFO] - (In epoch/Overall): (1/172)| inst_loss: 0.1257 - Mean loss: 0.3914 - acc: 0.8125 - norm: 0.04 - 0.39s
[2024-06-19 20:59:35,792][utils.model][INFO] - Epoch Results:
[2024-06-19 20:59:35,796][utils.model][INFO] - (In epoch/Overall): (1/172)| inst_loss: 0.3914 - Mean loss: 0.3914 - acc: 0.8125 - norm: 0.04 - 0.14s
[2024-06-19 20:59:37,651][utils.model][INFO] - Evaluation Results - Val Loss: 0.2035, Val Accuracy: 0.9420 in 32 steps
[2024-06-19 20:59:41,855][utils.model][INFO] - ========================== Epoch Start ==========================
[2024-06-19 20:59:41,997][utils.model][INFO] - (In epoch/Overall): (1/173)| inst_loss: 0.1388 - Mean loss: 0.1188 - acc: 0.9688 - norm: 0.02 - 0.12s
[2024-06-19 20:59:42,005][utils.model][INFO] - Epoch Results:
[2024-06-19 20:59:42,010][utils.model][INFO] - (In epoch/Overall): (1/173)| inst_loss: 0.1188 - Mean loss: 0.1188 - acc: 0.9688 - norm: 0.02 - 0.15s
[2024-06-19 20:59:43,880][utils.model][INFO] - Evaluation Results - Val Loss: 0.2131, Val Accuracy: 0.9365 in 32 steps
[2024-06-19 20:59:48,075][utils.model][INFO] - ========================== Epoch Start ==========================
[2024-06-19 20:59:48,192][utils.model][INFO] - (In epoch/Overall): (1/174)| inst_loss: 0.1152 - Mean loss: 0.1418 - acc: 0.9375 - norm: 0.02 - 0.14s
[2024-06-19 20:59:48,198][utils.model][INFO] - Epoch Results:
[2024-06-19 20:59:48,200][utils.model][INFO] - (In epoch/Overall): (1/174)| inst_loss: 0.1418 - Mean loss: 0.1418 - acc: 0.9375 - norm: 0.02 - 0.12s
[2024-06-19 20:59:49,785][utils.model][INFO] - Evaluation Results - Val Loss: 0.2029, Val Accuracy: 0.9400 in 32 steps
[2024-06-19 20:59:53,759][utils.model][INFO] - ========================== Epoch Start ==========================
[2024-06-19 20:59:53,887][utils.model][INFO] - (In epoch/Overall): (1/175)| inst_loss: 0.1262 - Mean loss: 0.3010 - acc: 0.8750 - norm: 0.04 - 0.30s
[2024-06-19 20:59:53,894][utils.model][INFO] - Epoch Results:
[2024-06-19 20:59:53,897][utils.model][INFO] - (In epoch/Overall): (1/175)| inst_loss: 0.3010 - Mean loss: 0.3010 - acc: 0.8750 - norm: 0.04 - 0.14s
[2024-06-19 20:59:55,439][utils.model][INFO] - Evaluation Results - Val Loss: 0.2834, Val Accuracy: 0.9105 in 32 steps
[2024-06-19 20:59:59,547][utils.model][INFO] - ========================== Epoch Start ==========================
[2024-06-19 20:59:59,663][utils.model][INFO] - (In epoch/Overall): (1/176)| inst_loss: 0.1149 - Mean loss: 0.1326 - acc: 0.9688 - norm: 0.02 - 0.13s
[2024-06-19 20:59:59,670][utils.model][INFO] - Epoch Results:
[2024-06-19 20:59:59,679][utils.model][INFO] - (In epoch/Overall): (1/176)| inst_loss: 0.1326 - Mean loss: 0.1326 - acc: 0.9688 - norm: 0.02 - 0.12s
[2024-06-19 21:00:01,284][utils.model][INFO] - Evaluation Results - Val Loss: 0.2333, Val Accuracy: 0.9265 in 32 steps
[2024-06-19 21:00:05,443][utils.model][INFO] - ========================== Epoch Start ==========================
[2024-06-19 21:00:05,581][utils.model][INFO] - (In epoch/Overall): (1/177)| inst_loss: 0.1368 - Mean loss: 0.3444 - acc: 0.8438 - norm: 0.07 - 0.34s
[2024-06-19 21:00:05,589][utils.model][INFO] - Epoch Results:
[2024-06-19 21:00:05,593][utils.model][INFO] - (In epoch/Overall): (1/177)| inst_loss: 0.3444 - Mean loss: 0.3444 - acc: 0.8438 - norm: 0.07 - 0.15s
[2024-06-19 21:00:07,434][utils.model][INFO] - Evaluation Results - Val Loss: 0.2725, Val Accuracy: 0.9165 in 32 steps
[2024-06-19 21:00:11,751][utils.model][INFO] - ========================== Epoch Start ==========================
[2024-06-19 21:00:11,893][utils.model][INFO] - (In epoch/Overall): (1/178)| inst_loss: 0.1399 - Mean loss: 0.2263 - acc: 0.9375 - norm: 0.04 - 0.23s
[2024-06-19 21:00:11,903][utils.model][INFO] - Epoch Results:
[2024-06-19 21:00:11,907][utils.model][INFO] - (In epoch/Overall): (1/178)| inst_loss: 0.2263 - Mean loss: 0.2263 - acc: 0.9375 - norm: 0.04 - 0.15s
[2024-06-19 21:00:13,807][utils.model][INFO] - Evaluation Results - Val Loss: 0.2002, Val Accuracy: 0.9455 in 32 steps
[2024-06-19 21:00:18,130][utils.model][INFO] - ========================== Epoch Start ==========================
[2024-06-19 21:00:18,267][utils.model][INFO] - (In epoch/Overall): (1/179)| inst_loss: 0.1345 - Mean loss: 0.1978 - acc: 0.9688 - norm: 0.02 - 0.20s
[2024-06-19 21:00:18,274][utils.model][INFO] - Epoch Results:
[2024-06-19 21:00:18,279][utils.model][INFO] - (In epoch/Overall): (1/179)| inst_loss: 0.1978 - Mean loss: 0.1978 - acc: 0.9688 - norm: 0.02 - 0.15s
[2024-06-19 21:00:19,854][utils.model][INFO] - Evaluation Results - Val Loss: 0.1949, Val Accuracy: 0.9395 in 32 steps
[2024-06-19 21:00:24,125][utils.model][INFO] - ========================== Epoch Start ==========================
[2024-06-19 21:00:24,246][utils.model][INFO] - (In epoch/Overall): (1/180)| inst_loss: 0.1204 - Mean loss: 0.5243 - acc: 0.8438 - norm: 0.06 - 0.52s
[2024-06-19 21:00:24,252][utils.model][INFO] - Epoch Results:
[2024-06-19 21:00:24,255][utils.model][INFO] - (In epoch/Overall): (1/180)| inst_loss: 0.5243 - Mean loss: 0.5243 - acc: 0.8438 - norm: 0.06 - 0.13s
[2024-06-19 21:00:25,820][utils.model][INFO] - Evaluation Results - Val Loss: 0.2161, Val Accuracy: 0.9320 in 32 steps
[2024-06-19 21:00:30,080][utils.model][INFO] - ========================== Epoch Start ==========================
[2024-06-19 21:00:30,193][utils.model][INFO] - (In epoch/Overall): (1/181)| inst_loss: 0.1116 - Mean loss: 0.2718 - acc: 0.9062 - norm: 0.05 - 0.27s
[2024-06-19 21:00:30,199][utils.model][INFO] - Epoch Results:
[2024-06-19 21:00:30,202][utils.model][INFO] - (In epoch/Overall): (1/181)| inst_loss: 0.2718 - Mean loss: 0.2718 - acc: 0.9062 - norm: 0.05 - 0.12s
[2024-06-19 21:00:31,771][utils.model][INFO] - Evaluation Results - Val Loss: 0.2190, Val Accuracy: 0.9325 in 32 steps
[2024-06-19 21:00:35,221][utils.model][INFO] - ========================== Epoch Start ==========================
[2024-06-19 21:00:35,325][utils.model][INFO] - (In epoch/Overall): (1/182)| inst_loss: 0.1030 - Mean loss: 0.2924 - acc: 0.9375 - norm: 0.04 - 0.29s
[2024-06-19 21:00:35,333][utils.model][INFO] - Epoch Results:
[2024-06-19 21:00:35,338][utils.model][INFO] - (In epoch/Overall): (1/182)| inst_loss: 0.2924 - Mean loss: 0.2924 - acc: 0.9375 - norm: 0.04 - 0.11s
[2024-06-19 21:00:37,229][utils.model][INFO] - Evaluation Results - Val Loss: 0.2380, Val Accuracy: 0.9215 in 32 steps
[2024-06-19 21:00:41,603][utils.model][INFO] - ========================== Epoch Start ==========================
[2024-06-19 21:00:41,740][utils.model][INFO] - (In epoch/Overall): (1/183)| inst_loss: 0.1355 - Mean loss: 0.2181 - acc: 0.9062 - norm: 0.06 - 0.22s
[2024-06-19 21:00:41,749][utils.model][INFO] - Epoch Results:
[2024-06-19 21:00:41,753][utils.model][INFO] - (In epoch/Overall): (1/183)| inst_loss: 0.2181 - Mean loss: 0.2181 - acc: 0.9062 - norm: 0.06 - 0.15s
[2024-06-19 21:00:43,603][utils.model][INFO] - Evaluation Results - Val Loss: 0.1921, Val Accuracy: 0.9355 in 32 steps
[2024-06-19 21:00:48,089][utils.model][INFO] - ========================== Epoch Start ==========================
[2024-06-19 21:00:48,213][utils.model][INFO] - (In epoch/Overall): (1/184)| inst_loss: 0.1216 - Mean loss: 0.2635 - acc: 0.9062 - norm: 0.04 - 0.26s
[2024-06-19 21:00:48,221][utils.model][INFO] - Epoch Results:
[2024-06-19 21:00:48,224][utils.model][INFO] - (In epoch/Overall): (1/184)| inst_loss: 0.2635 - Mean loss: 0.2635 - acc: 0.9062 - norm: 0.04 - 0.13s
[2024-06-19 21:00:49,811][utils.model][INFO] - Evaluation Results - Val Loss: 0.1972, Val Accuracy: 0.9375 in 32 steps
[2024-06-19 21:00:54,369][utils.model][INFO] - ========================== Epoch Start ==========================
[2024-06-19 21:00:54,481][utils.model][INFO] - (In epoch/Overall): (1/185)| inst_loss: 0.1099 - Mean loss: 0.1799 - acc: 0.9375 - norm: 0.03 - 0.18s
[2024-06-19 21:00:54,487][utils.model][INFO] - Epoch Results:
[2024-06-19 21:00:54,490][utils.model][INFO] - (In epoch/Overall): (1/185)| inst_loss: 0.1799 - Mean loss: 0.1799 - acc: 0.9375 - norm: 0.03 - 0.12s
[2024-06-19 21:00:56,028][utils.model][INFO] - Evaluation Results - Val Loss: 0.2216, Val Accuracy: 0.9305 in 32 steps
[2024-06-19 21:01:00,320][utils.model][INFO] - ========================== Epoch Start ==========================
[2024-06-19 21:01:00,470][utils.model][INFO] - (In epoch/Overall): (1/186)| inst_loss: 0.1478 - Mean loss: 0.2348 - acc: 0.9375 - norm: 0.05 - 0.23s
[2024-06-19 21:01:00,481][utils.model][INFO] - Epoch Results:
[2024-06-19 21:01:00,487][utils.model][INFO] - (In epoch/Overall): (1/186)| inst_loss: 0.2348 - Mean loss: 0.2348 - acc: 0.9375 - norm: 0.05 - 0.16s
[2024-06-19 21:01:02,348][utils.model][INFO] - Evaluation Results - Val Loss: 0.2200, Val Accuracy: 0.9360 in 32 steps
[2024-06-19 21:01:06,787][utils.model][INFO] - ========================== Epoch Start ==========================
[2024-06-19 21:01:06,930][utils.model][INFO] - (In epoch/Overall): (1/187)| inst_loss: 0.1409 - Mean loss: 0.1769 - acc: 0.9688 - norm: 0.04 - 0.18s
[2024-06-19 21:01:06,938][utils.model][INFO] - Epoch Results:
[2024-06-19 21:01:06,943][utils.model][INFO] - (In epoch/Overall): (1/187)| inst_loss: 0.1769 - Mean loss: 0.1769 - acc: 0.9688 - norm: 0.04 - 0.15s
[2024-06-19 21:01:08,789][utils.model][INFO] - Evaluation Results - Val Loss: 0.2616, Val Accuracy: 0.9210 in 32 steps
[2024-06-19 21:01:13,140][utils.model][INFO] - ========================== Epoch Start ==========================
[2024-06-19 21:01:13,288][utils.model][INFO] - (In epoch/Overall): (1/188)| inst_loss: 0.1462 - Mean loss: 0.1399 - acc: 0.9688 - norm: 0.03 - 0.14s
[2024-06-19 21:01:13,297][utils.model][INFO] - Epoch Results:
[2024-06-19 21:01:13,302][utils.model][INFO] - (In epoch/Overall): (1/188)| inst_loss: 0.1399 - Mean loss: 0.1399 - acc: 0.9688 - norm: 0.03 - 0.16s
[2024-06-19 21:01:15,181][utils.model][INFO] - Evaluation Results - Val Loss: 0.1937, Val Accuracy: 0.9495 in 32 steps
[2024-06-19 21:01:19,311][utils.model][INFO] - ========================== Epoch Start ==========================
[2024-06-19 21:01:19,435][utils.model][INFO] - (In epoch/Overall): (1/189)| inst_loss: 0.1225 - Mean loss: 0.4489 - acc: 0.9062 - norm: 0.05 - 0.45s
[2024-06-19 21:01:19,441][utils.model][INFO] - Epoch Results:
[2024-06-19 21:01:19,444][utils.model][INFO] - (In epoch/Overall): (1/189)| inst_loss: 0.4489 - Mean loss: 0.4489 - acc: 0.9062 - norm: 0.05 - 0.13s
[2024-06-19 21:01:21,017][utils.model][INFO] - Evaluation Results - Val Loss: 0.2381, Val Accuracy: 0.9190 in 32 steps
[2024-06-19 21:01:25,259][utils.model][INFO] - ========================== Epoch Start ==========================
[2024-06-19 21:01:25,375][utils.model][INFO] - (In epoch/Overall): (1/190)| inst_loss: 0.1152 - Mean loss: 0.5905 - acc: 0.8125 - norm: 0.14 - 0.59s
[2024-06-19 21:01:25,382][utils.model][INFO] - Epoch Results:
[2024-06-19 21:01:25,386][utils.model][INFO] - (In epoch/Overall): (1/190)| inst_loss: 0.5905 - Mean loss: 0.5905 - acc: 0.8125 - norm: 0.14 - 0.12s
[2024-06-19 21:01:26,969][utils.model][INFO] - Evaluation Results - Val Loss: 0.3093, Val Accuracy: 0.9035 in 32 steps
[2024-06-19 21:01:31,272][utils.model][INFO] - ========================== Epoch Start ==========================
[2024-06-19 21:01:31,424][utils.model][INFO] - (In epoch/Overall): (1/191)| inst_loss: 0.1499 - Mean loss: 0.4424 - acc: 0.8125 - norm: 0.09 - 0.44s
[2024-06-19 21:01:31,433][utils.model][INFO] - Epoch Results:
[2024-06-19 21:01:31,440][utils.model][INFO] - (In epoch/Overall): (1/191)| inst_loss: 0.4424 - Mean loss: 0.4424 - acc: 0.8125 - norm: 0.09 - 0.16s
[2024-06-19 21:01:33,214][utils.model][INFO] - Evaluation Results - Val Loss: 0.2279, Val Accuracy: 0.9280 in 32 steps
[2024-06-19 21:01:36,605][utils.model][INFO] - ========================== Epoch Start ==========================
[2024-06-19 21:01:36,721][utils.model][INFO] - (In epoch/Overall): (1/192)| inst_loss: 0.1136 - Mean loss: 0.3808 - acc: 0.9062 - norm: 0.06 - 0.38s
[2024-06-19 21:01:36,728][utils.model][INFO] - Epoch Results:
[2024-06-19 21:01:36,732][utils.model][INFO] - (In epoch/Overall): (1/192)| inst_loss: 0.3808 - Mean loss: 0.3808 - acc: 0.9062 - norm: 0.06 - 0.12s
[2024-06-19 21:01:38,562][utils.model][INFO] - Evaluation Results - Val Loss: 0.2309, Val Accuracy: 0.9330 in 32 steps
[2024-06-19 21:01:42,945][utils.model][INFO] - ========================== Epoch Start ==========================
[2024-06-19 21:01:43,086][utils.model][INFO] - (In epoch/Overall): (1/193)| inst_loss: 0.1385 - Mean loss: 0.1600 - acc: 0.9375 - norm: 0.03 - 0.16s
[2024-06-19 21:01:43,094][utils.model][INFO] - Epoch Results:
[2024-06-19 21:01:43,099][utils.model][INFO] - (In epoch/Overall): (1/193)| inst_loss: 0.1600 - Mean loss: 0.1600 - acc: 0.9375 - norm: 0.03 - 0.15s
[2024-06-19 21:01:44,951][utils.model][INFO] - Evaluation Results - Val Loss: 0.2192, Val Accuracy: 0.9380 in 32 steps
[2024-06-19 21:01:49,217][utils.model][INFO] - ========================== Epoch Start ==========================
[2024-06-19 21:01:49,368][utils.model][INFO] - (In epoch/Overall): (1/194)| inst_loss: 0.1499 - Mean loss: 0.1571 - acc: 0.9688 - norm: 0.02 - 0.16s
[2024-06-19 21:01:49,376][utils.model][INFO] - Epoch Results:
[2024-06-19 21:01:49,380][utils.model][INFO] - (In epoch/Overall): (1/194)| inst_loss: 0.1571 - Mean loss: 0.1571 - acc: 0.9688 - norm: 0.02 - 0.16s
[2024-06-19 21:01:51,223][utils.model][INFO] - Evaluation Results - Val Loss: 0.2030, Val Accuracy: 0.9365 in 32 steps
[2024-06-19 21:01:54,759][utils.model][INFO] - ========================== Epoch Start ==========================
[2024-06-19 21:01:54,864][utils.model][INFO] - (In epoch/Overall): (1/195)| inst_loss: 0.1029 - Mean loss: 0.3906 - acc: 0.9062 - norm: 0.03 - 0.39s
[2024-06-19 21:01:54,870][utils.model][INFO] - Epoch Results:
[2024-06-19 21:01:54,874][utils.model][INFO] - (In epoch/Overall): (1/195)| inst_loss: 0.3906 - Mean loss: 0.3906 - acc: 0.9062 - norm: 0.03 - 0.11s
[2024-06-19 21:01:56,590][utils.model][INFO] - Evaluation Results - Val Loss: 0.1877, Val Accuracy: 0.9445 in 32 steps
[2024-06-19 21:02:00,988][utils.model][INFO] - ========================== Epoch Start ==========================
[2024-06-19 21:02:01,134][utils.model][INFO] - (In epoch/Overall): (1/196)| inst_loss: 0.1438 - Mean loss: 0.1363 - acc: 0.9688 - norm: 0.03 - 0.14s
[2024-06-19 21:02:01,141][utils.model][INFO] - Epoch Results:
[2024-06-19 21:02:01,147][utils.model][INFO] - (In epoch/Overall): (1/196)| inst_loss: 0.1363 - Mean loss: 0.1363 - acc: 0.9688 - norm: 0.03 - 0.15s
[2024-06-19 21:02:02,947][utils.model][INFO] - Evaluation Results - Val Loss: 0.1901, Val Accuracy: 0.9395 in 32 steps
[2024-06-19 21:02:07,372][utils.model][INFO] - ========================== Epoch Start ==========================
[2024-06-19 21:02:07,534][utils.model][INFO] - (In epoch/Overall): (1/197)| inst_loss: 0.1589 - Mean loss: 0.1230 - acc: 0.9375 - norm: 0.02 - 0.12s
[2024-06-19 21:02:07,544][utils.model][INFO] - Epoch Results:
[2024-06-19 21:02:07,549][utils.model][INFO] - (In epoch/Overall): (1/197)| inst_loss: 0.1230 - Mean loss: 0.1230 - acc: 0.9375 - norm: 0.02 - 0.17s
[2024-06-19 21:02:09,377][utils.model][INFO] - Evaluation Results - Val Loss: 0.1995, Val Accuracy: 0.9380 in 32 steps
[2024-06-19 21:02:14,149][utils.model][INFO] - ========================== Epoch Start ==========================
[2024-06-19 21:02:14,308][utils.model][INFO] - (In epoch/Overall): (1/198)| inst_loss: 0.1568 - Mean loss: 0.2983 - acc: 0.9688 - norm: 0.03 - 0.30s
[2024-06-19 21:02:14,316][utils.model][INFO] - Epoch Results:
[2024-06-19 21:02:14,320][utils.model][INFO] - (In epoch/Overall): (1/198)| inst_loss: 0.2983 - Mean loss: 0.2983 - acc: 0.9688 - norm: 0.03 - 0.17s
[2024-06-19 21:02:15,898][utils.model][INFO] - Evaluation Results - Val Loss: 0.2124, Val Accuracy: 0.9395 in 32 steps
[2024-06-19 21:02:20,164][utils.model][INFO] - ========================== Epoch Start ==========================
[2024-06-19 21:02:20,281][utils.model][INFO] - (In epoch/Overall): (1/199)| inst_loss: 0.1161 - Mean loss: 0.2009 - acc: 0.9062 - norm: 0.03 - 0.20s
[2024-06-19 21:02:20,287][utils.model][INFO] - Epoch Results:
[2024-06-19 21:02:20,289][utils.model][INFO] - (In epoch/Overall): (1/199)| inst_loss: 0.2009 - Mean loss: 0.2009 - acc: 0.9062 - norm: 0.03 - 0.12s
[2024-06-19 21:02:21,859][utils.model][INFO] - Evaluation Results - Val Loss: 0.1961, Val Accuracy: 0.9400 in 32 steps
[2024-06-19 21:02:26,401][utils.model][INFO] - ========================== Epoch Start ==========================
[2024-06-19 21:02:26,540][utils.model][INFO] - (In epoch/Overall): (1/200)| inst_loss: 0.1374 - Mean loss: 0.3131 - acc: 0.9062 - norm: 0.06 - 0.31s
[2024-06-19 21:02:26,548][utils.model][INFO] - Epoch Results:
[2024-06-19 21:02:26,552][utils.model][INFO] - (In epoch/Overall): (1/200)| inst_loss: 0.3131 - Mean loss: 0.3131 - acc: 0.9062 - norm: 0.06 - 0.15s
[2024-06-19 21:02:28,454][utils.model][INFO] - Evaluation Results - Val Loss: 0.1961, Val Accuracy: 0.9415 in 32 steps
[2024-06-19 21:02:32,730][utils.model][INFO] - ========================== Epoch Start ==========================
[2024-06-19 21:02:32,877][utils.model][INFO] - (In epoch/Overall): (1/201)| inst_loss: 0.1444 - Mean loss: 0.1280 - acc: 0.9375 - norm: 0.02 - 0.13s
[2024-06-19 21:02:32,885][utils.model][INFO] - Epoch Results:
[2024-06-19 21:02:32,889][utils.model][INFO] - (In epoch/Overall): (1/201)| inst_loss: 0.1280 - Mean loss: 0.1280 - acc: 0.9375 - norm: 0.02 - 0.16s
[2024-06-19 21:02:34,721][utils.model][INFO] - Evaluation Results - Val Loss: 0.1840, Val Accuracy: 0.9410 in 32 steps
[2024-06-19 21:02:39,264][utils.model][INFO] - ========================== Epoch Start ==========================
[2024-06-19 21:02:39,416][utils.model][INFO] - (In epoch/Overall): (1/202)| inst_loss: 0.1490 - Mean loss: 0.1907 - acc: 0.9062 - norm: 0.06 - 0.19s
[2024-06-19 21:02:39,426][utils.model][INFO] - Epoch Results:
[2024-06-19 21:02:39,431][utils.model][INFO] - (In epoch/Overall): (1/202)| inst_loss: 0.1907 - Mean loss: 0.1907 - acc: 0.9062 - norm: 0.06 - 0.16s
[2024-06-19 21:02:41,307][utils.model][INFO] - Evaluation Results - Val Loss: 0.2341, Val Accuracy: 0.9340 in 32 steps
[2024-06-19 21:02:45,640][utils.model][INFO] - ========================== Epoch Start ==========================
[2024-06-19 21:02:45,789][utils.model][INFO] - (In epoch/Overall): (1/203)| inst_loss: 0.1467 - Mean loss: 0.2765 - acc: 0.9375 - norm: 0.05 - 0.28s
[2024-06-19 21:02:45,798][utils.model][INFO] - Epoch Results:
[2024-06-19 21:02:45,802][utils.model][INFO] - (In epoch/Overall): (1/203)| inst_loss: 0.2765 - Mean loss: 0.2765 - acc: 0.9375 - norm: 0.05 - 0.16s
[2024-06-19 21:02:47,668][utils.model][INFO] - Evaluation Results - Val Loss: 0.2312, Val Accuracy: 0.9260 in 32 steps
[2024-06-19 21:02:52,055][utils.model][INFO] - ========================== Epoch Start ==========================
[2024-06-19 21:02:52,209][utils.model][INFO] - (In epoch/Overall): (1/204)| inst_loss: 0.1514 - Mean loss: 0.0827 - acc: 1.0000 - norm: 0.01 - 0.08s
[2024-06-19 21:02:52,216][utils.model][INFO] - Epoch Results:
[2024-06-19 21:02:52,221][utils.model][INFO] - (In epoch/Overall): (1/204)| inst_loss: 0.0827 - Mean loss: 0.0827 - acc: 1.0000 - norm: 0.01 - 0.16s
[2024-06-19 21:02:54,044][utils.model][INFO] - Evaluation Results - Val Loss: 0.1815, Val Accuracy: 0.9400 in 32 steps
[2024-06-19 21:02:58,254][utils.model][INFO] - ========================== Epoch Start ==========================
[2024-06-19 21:02:58,375][utils.model][INFO] - (In epoch/Overall): (1/205)| inst_loss: 0.1196 - Mean loss: 0.0561 - acc: 1.0000 - norm: 0.01 - 0.06s
[2024-06-19 21:02:58,381][utils.model][INFO] - Epoch Results:
[2024-06-19 21:02:58,384][utils.model][INFO] - (In epoch/Overall): (1/205)| inst_loss: 0.0561 - Mean loss: 0.0561 - acc: 1.0000 - norm: 0.01 - 0.13s
[2024-06-19 21:03:00,000][utils.model][INFO] - Evaluation Results - Val Loss: 0.1988, Val Accuracy: 0.9400 in 32 steps
[2024-06-19 21:03:04,448][utils.model][INFO] - ========================== Epoch Start ==========================
[2024-06-19 21:03:04,575][utils.model][INFO] - (In epoch/Overall): (1/206)| inst_loss: 0.1249 - Mean loss: 0.2672 - acc: 0.9062 - norm: 0.04 - 0.27s
[2024-06-19 21:03:04,583][utils.model][INFO] - Epoch Results:
[2024-06-19 21:03:04,589][utils.model][INFO] - (In epoch/Overall): (1/206)| inst_loss: 0.2672 - Mean loss: 0.2672 - acc: 0.9062 - norm: 0.04 - 0.14s
[2024-06-19 21:03:06,679][utils.model][INFO] - Evaluation Results - Val Loss: 0.1871, Val Accuracy: 0.9445 in 32 steps
[2024-06-19 21:03:11,066][utils.model][INFO] - ========================== Epoch Start ==========================
[2024-06-19 21:03:11,228][utils.model][INFO] - (In epoch/Overall): (1/207)| inst_loss: 0.1600 - Mean loss: 0.3701 - acc: 0.8750 - norm: 0.09 - 0.37s
[2024-06-19 21:03:11,236][utils.model][INFO] - Epoch Results:
[2024-06-19 21:03:11,241][utils.model][INFO] - (In epoch/Overall): (1/207)| inst_loss: 0.3701 - Mean loss: 0.3701 - acc: 0.8750 - norm: 0.09 - 0.17s
[2024-06-19 21:03:13,209][utils.model][INFO] - Evaluation Results - Val Loss: 0.2282, Val Accuracy: 0.9280 in 32 steps
[2024-06-19 21:03:16,620][utils.model][INFO] - ========================== Epoch Start ==========================
[2024-06-19 21:03:16,745][utils.model][INFO] - (In epoch/Overall): (1/208)| inst_loss: 0.1221 - Mean loss: 0.2369 - acc: 0.9375 - norm: 0.05 - 0.24s
[2024-06-19 21:03:16,754][utils.model][INFO] - Epoch Results:
[2024-06-19 21:03:16,758][utils.model][INFO] - (In epoch/Overall): (1/208)| inst_loss: 0.2369 - Mean loss: 0.2369 - acc: 0.9375 - norm: 0.05 - 0.13s
[2024-06-19 21:03:18,670][utils.model][INFO] - Evaluation Results - Val Loss: 0.2307, Val Accuracy: 0.9305 in 32 steps
[2024-06-19 21:03:23,167][utils.model][INFO] - ========================== Epoch Start ==========================
[2024-06-19 21:03:23,295][utils.model][INFO] - (In epoch/Overall): (1/209)| inst_loss: 0.1258 - Mean loss: 0.0803 - acc: 0.9688 - norm: 0.01 - 0.08s
[2024-06-19 21:03:23,303][utils.model][INFO] - Epoch Results:
[2024-06-19 21:03:23,306][utils.model][INFO] - (In epoch/Overall): (1/209)| inst_loss: 0.0803 - Mean loss: 0.0803 - acc: 0.9688 - norm: 0.01 - 0.14s
[2024-06-19 21:03:24,896][utils.model][INFO] - Evaluation Results - Val Loss: 0.1920, Val Accuracy: 0.9430 in 32 steps
[2024-06-19 21:03:29,260][utils.model][INFO] - ========================== Epoch Start ==========================
[2024-06-19 21:03:29,402][utils.model][INFO] - (In epoch/Overall): (1/210)| inst_loss: 0.1394 - Mean loss: 0.2980 - acc: 0.9688 - norm: 0.04 - 0.30s
[2024-06-19 21:03:29,412][utils.model][INFO] - Epoch Results:
[2024-06-19 21:03:29,416][utils.model][INFO] - (In epoch/Overall): (1/210)| inst_loss: 0.2980 - Mean loss: 0.2980 - acc: 0.9688 - norm: 0.04 - 0.15s
[2024-06-19 21:03:31,348][utils.model][INFO] - Evaluation Results - Val Loss: 0.1883, Val Accuracy: 0.9435 in 32 steps
[2024-06-19 21:03:35,942][utils.model][INFO] - ========================== Epoch Start ==========================
[2024-06-19 21:03:36,102][utils.model][INFO] - (In epoch/Overall): (1/211)| inst_loss: 0.1583 - Mean loss: 0.3253 - acc: 0.9062 - norm: 0.05 - 0.33s
[2024-06-19 21:03:36,111][utils.model][INFO] - Epoch Results:
[2024-06-19 21:03:36,115][utils.model][INFO] - (In epoch/Overall): (1/211)| inst_loss: 0.3253 - Mean loss: 0.3253 - acc: 0.9062 - norm: 0.05 - 0.17s
[2024-06-19 21:03:38,045][utils.model][INFO] - Evaluation Results - Val Loss: 0.1812, Val Accuracy: 0.9485 in 32 steps
[2024-06-19 21:03:44,082][utils.model][INFO] - ========================== Epoch Start ==========================
[2024-06-19 21:03:44,227][utils.model][INFO] - (In epoch/Overall): (1/212)| inst_loss: 0.1431 - Mean loss: 0.0435 - acc: 1.0000 - norm: 0.01 - 0.04s
[2024-06-19 21:03:44,234][utils.model][INFO] - Epoch Results:
[2024-06-19 21:03:44,238][utils.model][INFO] - (In epoch/Overall): (1/212)| inst_loss: 0.0435 - Mean loss: 0.0435 - acc: 1.0000 - norm: 0.01 - 0.16s
[2024-06-19 21:03:45,875][utils.model][INFO] - Evaluation Results - Val Loss: 0.2175, Val Accuracy: 0.9360 in 32 steps
[2024-06-19 21:03:50,304][utils.model][INFO] - ========================== Epoch Start ==========================
[2024-06-19 21:03:50,423][utils.model][INFO] - (In epoch/Overall): (1/213)| inst_loss: 0.1180 - Mean loss: 0.3566 - acc: 0.9062 - norm: 0.06 - 0.36s
[2024-06-19 21:03:50,428][utils.model][INFO] - Epoch Results:
[2024-06-19 21:03:50,431][utils.model][INFO] - (In epoch/Overall): (1/213)| inst_loss: 0.3566 - Mean loss: 0.3566 - acc: 0.9062 - norm: 0.06 - 0.13s
[2024-06-19 21:03:52,036][utils.model][INFO] - Evaluation Results - Val Loss: 0.2011, Val Accuracy: 0.9400 in 32 steps
[2024-06-19 21:03:56,528][utils.model][INFO] - ========================== Epoch Start ==========================
[2024-06-19 21:03:56,639][utils.model][INFO] - (In epoch/Overall): (1/214)| inst_loss: 0.1101 - Mean loss: 0.0664 - acc: 1.0000 - norm: 0.01 - 0.07s
[2024-06-19 21:03:56,645][utils.model][INFO] - Epoch Results:
[2024-06-19 21:03:56,648][utils.model][INFO] - (In epoch/Overall): (1/214)| inst_loss: 0.0664 - Mean loss: 0.0664 - acc: 1.0000 - norm: 0.01 - 0.12s
[2024-06-19 21:03:58,203][utils.model][INFO] - Evaluation Results - Val Loss: 0.1781, Val Accuracy: 0.9460 in 32 steps
[2024-06-19 21:04:02,613][utils.model][INFO] - ========================== Epoch Start ==========================
[2024-06-19 21:04:02,738][utils.model][INFO] - (In epoch/Overall): (1/215)| inst_loss: 0.1225 - Mean loss: 0.2189 - acc: 0.9688 - norm: 0.04 - 0.22s
[2024-06-19 21:04:02,751][utils.model][INFO] - Epoch Results:
[2024-06-19 21:04:02,757][utils.model][INFO] - (In epoch/Overall): (1/215)| inst_loss: 0.2189 - Mean loss: 0.2189 - acc: 0.9688 - norm: 0.04 - 0.14s
[2024-06-19 21:04:04,645][utils.model][INFO] - Evaluation Results - Val Loss: 0.2289, Val Accuracy: 0.9315 in 32 steps
[2024-06-19 21:04:10,090][utils.model][INFO] - Evaluation Results - Val Loss: 0.1982, Val Accuracy: 0.9380 in 32 steps
[2024-06-19 21:04:14,639][utils.model][INFO] - ========================== Epoch Start ==========================
[2024-06-19 21:04:14,773][utils.model][INFO] - (In epoch/Overall): (1/216)| inst_loss: 0.1327 - Mean loss: 0.1441 - acc: 0.9688 - norm: 0.04 - 0.14s
[2024-06-19 21:04:14,779][utils.model][INFO] - Epoch Results:
[2024-06-19 21:04:14,782][utils.model][INFO] - (In epoch/Overall): (1/216)| inst_loss: 0.1441 - Mean loss: 0.1441 - acc: 0.9688 - norm: 0.04 - 0.14s
[2024-06-19 21:04:16,459][utils.model][INFO] - Evaluation Results - Val Loss: 0.1834, Val Accuracy: 0.9480 in 32 steps
[2024-06-19 21:04:20,857][utils.model][INFO] - ========================== Epoch Start ==========================
[2024-06-19 21:04:20,982][utils.model][INFO] - (In epoch/Overall): (1/217)| inst_loss: 0.1241 - Mean loss: 0.3816 - acc: 0.8750 - norm: 0.08 - 0.38s
[2024-06-19 21:04:20,989][utils.model][INFO] - Epoch Results:
[2024-06-19 21:04:20,993][utils.model][INFO] - (In epoch/Overall): (1/217)| inst_loss: 0.3816 - Mean loss: 0.3816 - acc: 0.8750 - norm: 0.08 - 0.13s
[2024-06-19 21:04:22,553][utils.model][INFO] - Evaluation Results - Val Loss: 0.2568, Val Accuracy: 0.9200 in 32 steps
[2024-06-19 21:04:26,818][utils.model][INFO] - ========================== Epoch Start ==========================
[2024-06-19 21:04:26,934][utils.model][INFO] - (In epoch/Overall): (1/218)| inst_loss: 0.1143 - Mean loss: 0.4069 - acc: 0.8750 - norm: 0.08 - 0.41s
[2024-06-19 21:04:26,942][utils.model][INFO] - Epoch Results:
[2024-06-19 21:04:26,945][utils.model][INFO] - (In epoch/Overall): (1/218)| inst_loss: 0.4069 - Mean loss: 0.4069 - acc: 0.8750 - norm: 0.08 - 0.13s
[2024-06-19 21:04:28,494][utils.model][INFO] - Evaluation Results - Val Loss: 0.1879, Val Accuracy: 0.9455 in 32 steps
[2024-06-19 21:04:32,991][utils.model][INFO] - ========================== Epoch Start ==========================
[2024-06-19 21:04:33,118][utils.model][INFO] - (In epoch/Overall): (1/219)| inst_loss: 0.1253 - Mean loss: 0.2669 - acc: 0.9062 - norm: 0.05 - 0.27s
[2024-06-19 21:04:33,130][utils.model][INFO] - Epoch Results:
[2024-06-19 21:04:33,134][utils.model][INFO] - (In epoch/Overall): (1/219)| inst_loss: 0.2669 - Mean loss: 0.2669 - acc: 0.9062 - norm: 0.05 - 0.14s
[2024-06-19 21:04:34,953][utils.model][INFO] - Evaluation Results - Val Loss: 0.1769, Val Accuracy: 0.9470 in 32 steps
[2024-06-19 21:04:39,373][utils.model][INFO] - ========================== Epoch Start ==========================
[2024-06-19 21:04:39,515][utils.model][INFO] - (In epoch/Overall): (1/220)| inst_loss: 0.1403 - Mean loss: 0.0742 - acc: 1.0000 - norm: 0.02 - 0.07s
[2024-06-19 21:04:39,520][utils.model][INFO] - Epoch Results:
[2024-06-19 21:04:39,523][utils.model][INFO] - (In epoch/Overall): (1/220)| inst_loss: 0.0742 - Mean loss: 0.0742 - acc: 1.0000 - norm: 0.02 - 0.15s
[2024-06-19 21:04:41,140][utils.model][INFO] - Evaluation Results - Val Loss: 0.1783, Val Accuracy: 0.9485 in 32 steps
[2024-06-19 21:04:45,377][utils.model][INFO] - ========================== Epoch Start ==========================
[2024-06-19 21:04:45,495][utils.model][INFO] - (In epoch/Overall): (1/221)| inst_loss: 0.1167 - Mean loss: 0.0867 - acc: 0.9688 - norm: 0.03 - 0.09s
[2024-06-19 21:04:45,501][utils.model][INFO] - Epoch Results:
[2024-06-19 21:04:45,505][utils.model][INFO] - (In epoch/Overall): (1/221)| inst_loss: 0.0867 - Mean loss: 0.0867 - acc: 0.9688 - norm: 0.03 - 0.13s
[2024-06-19 21:04:47,068][utils.model][INFO] - Evaluation Results - Val Loss: 0.1993, Val Accuracy: 0.9410 in 32 steps
[2024-06-19 21:04:51,168][utils.model][INFO] - ========================== Epoch Start ==========================
[2024-06-19 21:04:51,292][utils.model][INFO] - (In epoch/Overall): (1/222)| inst_loss: 0.1225 - Mean loss: 0.1329 - acc: 0.9688 - norm: 0.04 - 0.13s
[2024-06-19 21:04:51,299][utils.model][INFO] - Epoch Results:
[2024-06-19 21:04:51,303][utils.model][INFO] - (In epoch/Overall): (1/222)| inst_loss: 0.1329 - Mean loss: 0.1329 - acc: 0.9688 - norm: 0.04 - 0.13s
[2024-06-19 21:04:52,900][utils.model][INFO] - Evaluation Results - Val Loss: 0.1757, Val Accuracy: 0.9515 in 32 steps
[2024-06-19 21:04:57,165][utils.model][INFO] - ========================== Epoch Start ==========================
[2024-06-19 21:04:57,279][utils.model][INFO] - (In epoch/Overall): (1/223)| inst_loss: 0.1120 - Mean loss: 0.1002 - acc: 0.9375 - norm: 0.03 - 0.10s
[2024-06-19 21:04:57,285][utils.model][INFO] - Epoch Results:
[2024-06-19 21:04:57,288][utils.model][INFO] - (In epoch/Overall): (1/223)| inst_loss: 0.1002 - Mean loss: 0.1002 - acc: 0.9375 - norm: 0.03 - 0.12s
[2024-06-19 21:04:58,858][utils.model][INFO] - Evaluation Results - Val Loss: 0.1830, Val Accuracy: 0.9445 in 32 steps
[2024-06-19 21:05:03,091][utils.model][INFO] - ========================== Epoch Start ==========================
[2024-06-19 21:05:03,215][utils.model][INFO] - (In epoch/Overall): (1/224)| inst_loss: 0.1228 - Mean loss: 0.1358 - acc: 0.9688 - norm: 0.04 - 0.14s
[2024-06-19 21:05:03,224][utils.model][INFO] - Epoch Results:
[2024-06-19 21:05:03,230][utils.model][INFO] - (In epoch/Overall): (1/224)| inst_loss: 0.1358 - Mean loss: 0.1358 - acc: 0.9688 - norm: 0.04 - 0.13s
[2024-06-19 21:05:05,086][utils.model][INFO] - Evaluation Results - Val Loss: 0.1670, Val Accuracy: 0.9505 in 32 steps
[2024-06-19 21:05:09,193][utils.model][INFO] - ========================== Epoch Start ==========================
[2024-06-19 21:05:09,352][utils.model][INFO] - (In epoch/Overall): (1/225)| inst_loss: 0.1566 - Mean loss: 0.5966 - acc: 0.8750 - norm: 0.08 - 0.60s
[2024-06-19 21:05:09,362][utils.model][INFO] - Epoch Results:
[2024-06-19 21:05:09,367][utils.model][INFO] - (In epoch/Overall): (1/225)| inst_loss: 0.5966 - Mean loss: 0.5966 - acc: 0.8750 - norm: 0.08 - 0.17s
[2024-06-19 21:05:11,337][utils.model][INFO] - Evaluation Results - Val Loss: 0.1932, Val Accuracy: 0.9410 in 32 steps
[2024-06-19 21:05:15,822][utils.model][INFO] - ========================== Epoch Start ==========================
[2024-06-19 21:05:15,997][utils.model][INFO] - (In epoch/Overall): (1/226)| inst_loss: 0.1732 - Mean loss: 0.3825 - acc: 0.8438 - norm: 0.07 - 0.38s
[2024-06-19 21:05:16,009][utils.model][INFO] - Epoch Results:
[2024-06-19 21:05:16,014][utils.model][INFO] - (In epoch/Overall): (1/226)| inst_loss: 0.3825 - Mean loss: 0.3825 - acc: 0.8438 - norm: 0.07 - 0.19s
[2024-06-19 21:05:17,883][utils.model][INFO] - Evaluation Results - Val Loss: 0.1721, Val Accuracy: 0.9495 in 32 steps
[2024-06-19 21:05:22,157][utils.model][INFO] - ========================== Epoch Start ==========================
[2024-06-19 21:05:22,307][utils.model][INFO] - (In epoch/Overall): (1/227)| inst_loss: 0.1469 - Mean loss: 0.1350 - acc: 0.9375 - norm: 0.02 - 0.13s
[2024-06-19 21:05:22,316][utils.model][INFO] - Epoch Results:
[2024-06-19 21:05:22,321][utils.model][INFO] - (In epoch/Overall): (1/227)| inst_loss: 0.1350 - Mean loss: 0.1350 - acc: 0.9375 - norm: 0.02 - 0.16s
[2024-06-19 21:05:24,176][utils.model][INFO] - Evaluation Results - Val Loss: 0.2095, Val Accuracy: 0.9350 in 32 steps
[2024-06-19 21:05:28,408][utils.model][INFO] - ========================== Epoch Start ==========================
[2024-06-19 21:05:28,550][utils.model][INFO] - (In epoch/Overall): (1/228)| inst_loss: 0.1406 - Mean loss: 0.2338 - acc: 0.9062 - norm: 0.05 - 0.23s
[2024-06-19 21:05:28,558][utils.model][INFO] - Epoch Results:
[2024-06-19 21:05:28,562][utils.model][INFO] - (In epoch/Overall): (1/228)| inst_loss: 0.2338 - Mean loss: 0.2338 - acc: 0.9062 - norm: 0.05 - 0.15s
[2024-06-19 21:05:30,486][utils.model][INFO] - Evaluation Results - Val Loss: 0.1972, Val Accuracy: 0.9420 in 32 steps
[2024-06-19 21:05:34,762][utils.model][INFO] - ========================== Epoch Start ==========================
[2024-06-19 21:05:34,892][utils.model][INFO] - (In epoch/Overall): (1/229)| inst_loss: 0.1285 - Mean loss: 0.1128 - acc: 0.9688 - norm: 0.02 - 0.11s
[2024-06-19 21:05:34,900][utils.model][INFO] - Epoch Results:
[2024-06-19 21:05:34,905][utils.model][INFO] - (In epoch/Overall): (1/229)| inst_loss: 0.1128 - Mean loss: 0.1128 - acc: 0.9688 - norm: 0.02 - 0.14s
[2024-06-19 21:05:36,801][utils.model][INFO] - Evaluation Results - Val Loss: 0.1769, Val Accuracy: 0.9450 in 32 steps
[2024-06-19 21:05:41,250][utils.model][INFO] - ========================== Epoch Start ==========================
[2024-06-19 21:05:41,375][utils.model][INFO] - (In epoch/Overall): (1/230)| inst_loss: 0.1228 - Mean loss: 0.0999 - acc: 1.0000 - norm: 0.01 - 0.10s
[2024-06-19 21:05:41,381][utils.model][INFO] - Epoch Results:
[2024-06-19 21:05:41,385][utils.model][INFO] - (In epoch/Overall): (1/230)| inst_loss: 0.0999 - Mean loss: 0.0999 - acc: 1.0000 - norm: 0.01 - 0.13s
[2024-06-19 21:05:43,022][utils.model][INFO] - Evaluation Results - Val Loss: 0.1723, Val Accuracy: 0.9465 in 32 steps
[2024-06-19 21:05:47,234][utils.model][INFO] - ========================== Epoch Start ==========================
[2024-06-19 21:05:47,367][utils.model][INFO] - (In epoch/Overall): (1/231)| inst_loss: 0.1310 - Mean loss: 0.1225 - acc: 0.9688 - norm: 0.03 - 0.12s
[2024-06-19 21:05:47,375][utils.model][INFO] - Epoch Results:
[2024-06-19 21:05:47,379][utils.model][INFO] - (In epoch/Overall): (1/231)| inst_loss: 0.1225 - Mean loss: 0.1225 - acc: 0.9688 - norm: 0.03 - 0.14s
[2024-06-19 21:05:49,299][utils.model][INFO] - Evaluation Results - Val Loss: 0.1640, Val Accuracy: 0.9505 in 32 steps
[2024-06-19 21:05:53,677][utils.model][INFO] - ========================== Epoch Start ==========================
[2024-06-19 21:05:53,825][utils.model][INFO] - (In epoch/Overall): (1/232)| inst_loss: 0.1466 - Mean loss: 0.2419 - acc: 0.9375 - norm: 0.05 - 0.24s
[2024-06-19 21:05:53,896][utils.model][INFO] - Epoch Results:
[2024-06-19 21:05:53,900][utils.model][INFO] - (In epoch/Overall): (1/232)| inst_loss: 0.2419 - Mean loss: 0.2419 - acc: 0.9375 - norm: 0.05 - 0.22s
[2024-06-19 21:05:55,759][utils.model][INFO] - Evaluation Results - Val Loss: 0.1826, Val Accuracy: 0.9465 in 32 steps
[2024-06-19 21:06:00,097][utils.model][INFO] - ========================== Epoch Start ==========================
[2024-06-19 21:06:00,284][utils.model][INFO] - (In epoch/Overall): (1/233)| inst_loss: 0.1837 - Mean loss: 0.0742 - acc: 1.0000 - norm: 0.02 - 0.07s
[2024-06-19 21:06:00,294][utils.model][INFO] - Epoch Results:
[2024-06-19 21:06:00,300][utils.model][INFO] - (In epoch/Overall): (1/233)| inst_loss: 0.0742 - Mean loss: 0.0742 - acc: 1.0000 - norm: 0.02 - 0.20s
[2024-06-19 21:06:02,193][utils.model][INFO] - Evaluation Results - Val Loss: 0.1776, Val Accuracy: 0.9450 in 32 steps
[2024-06-19 21:06:06,520][utils.model][INFO] - ========================== Epoch Start ==========================
[2024-06-19 21:06:06,682][utils.model][INFO] - (In epoch/Overall): (1/234)| inst_loss: 0.1601 - Mean loss: 0.1313 - acc: 0.9688 - norm: 0.04 - 0.13s
[2024-06-19 21:06:06,690][utils.model][INFO] - Epoch Results:
[2024-06-19 21:06:06,696][utils.model][INFO] - (In epoch/Overall): (1/234)| inst_loss: 0.1313 - Mean loss: 0.1313 - acc: 0.9688 - norm: 0.04 - 0.17s
[2024-06-19 21:06:08,558][utils.model][INFO] - Evaluation Results - Val Loss: 0.1813, Val Accuracy: 0.9485 in 32 steps
[2024-06-19 21:06:12,844][utils.model][INFO] - ========================== Epoch Start ==========================
[2024-06-19 21:06:12,998][utils.model][INFO] - (In epoch/Overall): (1/235)| inst_loss: 0.1508 - Mean loss: 0.2169 - acc: 0.9375 - norm: 0.04 - 0.22s
[2024-06-19 21:06:13,007][utils.model][INFO] - Epoch Results:
[2024-06-19 21:06:13,012][utils.model][INFO] - (In epoch/Overall): (1/235)| inst_loss: 0.2169 - Mean loss: 0.2169 - acc: 0.9375 - norm: 0.04 - 0.16s
[2024-06-19 21:06:14,904][utils.model][INFO] - Evaluation Results - Val Loss: 0.1778, Val Accuracy: 0.9450 in 32 steps
[2024-06-19 21:06:19,325][utils.model][INFO] - ========================== Epoch Start ==========================
[2024-06-19 21:06:19,479][utils.model][INFO] - (In epoch/Overall): (1/236)| inst_loss: 0.1523 - Mean loss: 0.1574 - acc: 0.9375 - norm: 0.04 - 0.16s
[2024-06-19 21:06:19,488][utils.model][INFO] - Epoch Results:
[2024-06-19 21:06:19,492][utils.model][INFO] - (In epoch/Overall): (1/236)| inst_loss: 0.1574 - Mean loss: 0.1574 - acc: 0.9375 - norm: 0.04 - 0.16s
[2024-06-19 21:06:21,415][utils.model][INFO] - Evaluation Results - Val Loss: 0.1697, Val Accuracy: 0.9510 in 32 steps
[2024-06-19 21:06:25,710][utils.model][INFO] - ========================== Epoch Start ==========================
[2024-06-19 21:06:25,863][utils.model][INFO] - (In epoch/Overall): (1/237)| inst_loss: 0.1489 - Mean loss: 0.1938 - acc: 0.9375 - norm: 0.06 - 0.19s
[2024-06-19 21:06:25,873][utils.model][INFO] - Epoch Results:
[2024-06-19 21:06:25,877][utils.model][INFO] - (In epoch/Overall): (1/237)| inst_loss: 0.1938 - Mean loss: 0.1938 - acc: 0.9375 - norm: 0.06 - 0.16s
[2024-06-19 21:06:27,792][utils.model][INFO] - Evaluation Results - Val Loss: 0.1871, Val Accuracy: 0.9440 in 32 steps
[2024-06-19 21:06:32,041][utils.model][INFO] - ========================== Epoch Start ==========================
[2024-06-19 21:06:32,184][utils.model][INFO] - (In epoch/Overall): (1/238)| inst_loss: 0.1408 - Mean loss: 0.0918 - acc: 0.9375 - norm: 0.03 - 0.09s
[2024-06-19 21:06:32,191][utils.model][INFO] - Epoch Results:
[2024-06-19 21:06:32,195][utils.model][INFO] - (In epoch/Overall): (1/238)| inst_loss: 0.0918 - Mean loss: 0.0918 - acc: 0.9375 - norm: 0.03 - 0.15s
[2024-06-19 21:06:34,090][utils.model][INFO] - Evaluation Results - Val Loss: 0.1621, Val Accuracy: 0.9555 in 32 steps
[2024-06-19 21:06:38,617][utils.model][INFO] - ========================== Epoch Start ==========================
[2024-06-19 21:06:38,764][utils.model][INFO] - (In epoch/Overall): (1/239)| inst_loss: 0.1446 - Mean loss: 0.1306 - acc: 0.9688 - norm: 0.03 - 0.13s
[2024-06-19 21:06:38,773][utils.model][INFO] - Epoch Results:
[2024-06-19 21:06:38,777][utils.model][INFO] - (In epoch/Overall): (1/239)| inst_loss: 0.1306 - Mean loss: 0.1306 - acc: 0.9688 - norm: 0.03 - 0.16s
[2024-06-19 21:06:40,481][utils.model][INFO] - Evaluation Results - Val Loss: 0.1729, Val Accuracy: 0.9505 in 32 steps
[2024-06-19 21:06:44,927][utils.model][INFO] - ========================== Epoch Start ==========================
[2024-06-19 21:06:45,057][utils.model][INFO] - (In epoch/Overall): (1/240)| inst_loss: 0.1280 - Mean loss: 0.1048 - acc: 0.9688 - norm: 0.05 - 0.10s
[2024-06-19 21:06:45,064][utils.model][INFO] - Epoch Results:
[2024-06-19 21:06:45,069][utils.model][INFO] - (In epoch/Overall): (1/240)| inst_loss: 0.1048 - Mean loss: 0.1048 - acc: 0.9688 - norm: 0.05 - 0.14s
[2024-06-19 21:06:46,686][utils.model][INFO] - Evaluation Results - Val Loss: 0.1778, Val Accuracy: 0.9435 in 32 steps
[2024-06-19 21:06:50,762][utils.model][INFO] - ========================== Epoch Start ==========================
[2024-06-19 21:06:50,883][utils.model][INFO] - (In epoch/Overall): (1/241)| inst_loss: 0.1196 - Mean loss: 0.4074 - acc: 0.8750 - norm: 0.11 - 0.41s
[2024-06-19 21:06:50,888][utils.model][INFO] - Epoch Results:
[2024-06-19 21:06:50,892][utils.model][INFO] - (In epoch/Overall): (1/241)| inst_loss: 0.4074 - Mean loss: 0.4074 - acc: 0.8750 - norm: 0.11 - 0.13s
[2024-06-19 21:06:52,515][utils.model][INFO] - Evaluation Results - Val Loss: 0.2092, Val Accuracy: 0.9310 in 32 steps
[2024-06-19 21:06:56,979][utils.model][INFO] - ========================== Epoch Start ==========================
[2024-06-19 21:06:57,538][utils.model][INFO] - (In epoch/Overall): (1/242)| inst_loss: 0.5582 - Mean loss: 0.6403 - acc: 0.8750 - norm: 0.08 - 0.64s
[2024-06-19 21:06:57,546][utils.model][INFO] - Epoch Results:
[2024-06-19 21:06:57,551][utils.model][INFO] - (In epoch/Overall): (1/242)| inst_loss: 0.6403 - Mean loss: 0.6403 - acc: 0.8750 - norm: 0.08 - 0.57s
[2024-06-19 21:06:59,425][utils.model][INFO] - Evaluation Results - Val Loss: 0.1985, Val Accuracy: 0.9355 in 32 steps
[2024-06-19 21:07:03,956][utils.model][INFO] - ========================== Epoch Start ==========================
[2024-06-19 21:07:04,103][utils.model][INFO] - (In epoch/Overall): (1/243)| inst_loss: 0.1461 - Mean loss: 0.3741 - acc: 0.9375 - norm: 0.09 - 0.37s
[2024-06-19 21:07:04,110][utils.model][INFO] - Epoch Results:
[2024-06-19 21:07:04,115][utils.model][INFO] - (In epoch/Overall): (1/243)| inst_loss: 0.3741 - Mean loss: 0.3741 - acc: 0.9375 - norm: 0.09 - 0.16s
[2024-06-19 21:07:05,987][utils.model][INFO] - Evaluation Results - Val Loss: 0.1688, Val Accuracy: 0.9500 in 32 steps
[2024-06-19 21:07:10,641][utils.model][INFO] - ========================== Epoch Start ==========================
[2024-06-19 21:07:10,800][utils.model][INFO] - (In epoch/Overall): (1/244)| inst_loss: 0.1556 - Mean loss: 0.1933 - acc: 0.9375 - norm: 0.04 - 0.19s
[2024-06-19 21:07:10,809][utils.model][INFO] - Epoch Results:
[2024-06-19 21:07:10,815][utils.model][INFO] - (In epoch/Overall): (1/244)| inst_loss: 0.1933 - Mean loss: 0.1933 - acc: 0.9375 - norm: 0.04 - 0.17s
[2024-06-19 21:07:12,760][utils.model][INFO] - Evaluation Results - Val Loss: 0.1705, Val Accuracy: 0.9525 in 32 steps
[2024-06-19 21:07:17,910][utils.model][INFO] - ========================== Epoch Start ==========================
[2024-06-19 21:07:18,039][utils.model][INFO] - (In epoch/Overall): (1/245)| inst_loss: 0.1275 - Mean loss: 0.0747 - acc: 1.0000 - norm: 0.01 - 0.07s
[2024-06-19 21:07:18,045][utils.model][INFO] - Epoch Results:
[2024-06-19 21:07:18,049][utils.model][INFO] - (In epoch/Overall): (1/245)| inst_loss: 0.0747 - Mean loss: 0.0747 - acc: 1.0000 - norm: 0.01 - 0.14s
[2024-06-19 21:07:19,670][utils.model][INFO] - Evaluation Results - Val Loss: 0.1592, Val Accuracy: 0.9525 in 32 steps
[2024-06-19 21:07:24,402][utils.model][INFO] - ========================== Epoch Start ==========================
[2024-06-19 21:07:24,543][utils.model][INFO] - (In epoch/Overall): (1/246)| inst_loss: 0.1375 - Mean loss: 0.1508 - acc: 0.9375 - norm: 0.03 - 0.15s
[2024-06-19 21:07:24,551][utils.model][INFO] - Epoch Results:
[2024-06-19 21:07:24,556][utils.model][INFO] - (In epoch/Overall): (1/246)| inst_loss: 0.1508 - Mean loss: 0.1508 - acc: 0.9375 - norm: 0.03 - 0.15s
[2024-06-19 21:07:26,491][utils.model][INFO] - Evaluation Results - Val Loss: 0.1647, Val Accuracy: 0.9520 in 32 steps
[2024-06-19 21:07:30,909][utils.model][INFO] - ========================== Epoch Start ==========================
[2024-06-19 21:07:31,048][utils.model][INFO] - (In epoch/Overall): (1/247)| inst_loss: 0.1379 - Mean loss: 0.0292 - acc: 1.0000 - norm: 0.00 - 0.03s
[2024-06-19 21:07:31,055][utils.model][INFO] - Epoch Results:
[2024-06-19 21:07:31,059][utils.model][INFO] - (In epoch/Overall): (1/247)| inst_loss: 0.0292 - Mean loss: 0.0292 - acc: 1.0000 - norm: 0.00 - 0.15s
[2024-06-19 21:07:32,974][utils.model][INFO] - Evaluation Results - Val Loss: 0.1715, Val Accuracy: 0.9535 in 32 steps
[2024-06-19 21:07:36,304][utils.model][INFO] - ========================== Epoch Start ==========================
[2024-06-19 21:07:36,450][utils.model][INFO] - (In epoch/Overall): (1/248)| inst_loss: 0.1438 - Mean loss: 0.1959 - acc: 0.9688 - norm: 0.05 - 0.20s
[2024-06-19 21:07:36,457][utils.model][INFO] - Epoch Results:
[2024-06-19 21:07:36,460][utils.model][INFO] - (In epoch/Overall): (1/248)| inst_loss: 0.1959 - Mean loss: 0.1959 - acc: 0.9688 - norm: 0.05 - 0.15s
[2024-06-19 21:07:38,327][utils.model][INFO] - Evaluation Results - Val Loss: 0.1832, Val Accuracy: 0.9450 in 32 steps
[2024-06-19 21:07:42,881][utils.model][INFO] - ========================== Epoch Start ==========================
[2024-06-19 21:07:43,084][utils.model][INFO] - (In epoch/Overall): (1/249)| inst_loss: 0.2004 - Mean loss: 0.1361 - acc: 0.9375 - norm: 0.05 - 0.14s
[2024-06-19 21:07:43,091][utils.model][INFO] - Epoch Results:
[2024-06-19 21:07:43,094][utils.model][INFO] - (In epoch/Overall): (1/249)| inst_loss: 0.1361 - Mean loss: 0.1361 - acc: 0.9375 - norm: 0.05 - 0.21s
[2024-06-19 21:07:44,713][utils.model][INFO] - Evaluation Results - Val Loss: 0.1769, Val Accuracy: 0.9470 in 32 steps
[2024-06-19 21:07:48,963][utils.model][INFO] - ========================== Epoch Start ==========================
[2024-06-19 21:07:49,104][utils.model][INFO] - (In epoch/Overall): (1/250)| inst_loss: 0.1389 - Mean loss: 0.4145 - acc: 0.9062 - norm: 0.06 - 0.41s
[2024-06-19 21:07:49,113][utils.model][INFO] - Epoch Results:
[2024-06-19 21:07:49,118][utils.model][INFO] - (In epoch/Overall): (1/250)| inst_loss: 0.4145 - Mean loss: 0.4145 - acc: 0.9062 - norm: 0.06 - 0.15s
[2024-06-19 21:07:50,994][utils.model][INFO] - Evaluation Results - Val Loss: 0.1715, Val Accuracy: 0.9455 in 32 steps
[2024-06-19 21:07:55,184][utils.model][INFO] - ========================== Epoch Start ==========================
[2024-06-19 21:07:55,348][utils.model][INFO] - (In epoch/Overall): (1/251)| inst_loss: 0.1609 - Mean loss: 0.1138 - acc: 0.9688 - norm: 0.02 - 0.11s
[2024-06-19 21:07:55,357][utils.model][INFO] - Epoch Results:
[2024-06-19 21:07:55,362][utils.model][INFO] - (In epoch/Overall): (1/251)| inst_loss: 0.1138 - Mean loss: 0.1138 - acc: 0.9688 - norm: 0.02 - 0.17s
[2024-06-19 21:07:57,260][utils.model][INFO] - Evaluation Results - Val Loss: 0.1896, Val Accuracy: 0.9445 in 32 steps
[2024-06-19 21:08:01,774][utils.model][INFO] - ========================== Epoch Start ==========================
[2024-06-19 21:08:01,916][utils.model][INFO] - (In epoch/Overall): (1/252)| inst_loss: 0.1405 - Mean loss: 0.0777 - acc: 0.9688 - norm: 0.02 - 0.08s
[2024-06-19 21:08:01,924][utils.model][INFO] - Epoch Results:
[2024-06-19 21:08:01,927][utils.model][INFO] - (In epoch/Overall): (1/252)| inst_loss: 0.0777 - Mean loss: 0.0777 - acc: 0.9688 - norm: 0.02 - 0.15s
[2024-06-19 21:08:03,702][utils.model][INFO] - Evaluation Results - Val Loss: 0.1771, Val Accuracy: 0.9435 in 32 steps
[2024-06-19 21:08:08,231][utils.model][INFO] - ========================== Epoch Start ==========================
[2024-06-19 21:08:08,384][utils.model][INFO] - (In epoch/Overall): (1/253)| inst_loss: 0.1510 - Mean loss: 0.1587 - acc: 0.9062 - norm: 0.06 - 0.16s
[2024-06-19 21:08:08,393][utils.model][INFO] - Epoch Results:
[2024-06-19 21:08:08,397][utils.model][INFO] - (In epoch/Overall): (1/253)| inst_loss: 0.1587 - Mean loss: 0.1587 - acc: 0.9062 - norm: 0.06 - 0.16s
[2024-06-19 21:08:10,266][utils.model][INFO] - Evaluation Results - Val Loss: 0.1802, Val Accuracy: 0.9450 in 32 steps
[2024-06-19 21:08:14,899][utils.model][INFO] - ========================== Epoch Start ==========================
[2024-06-19 21:08:15,041][utils.model][INFO] - (In epoch/Overall): (1/254)| inst_loss: 0.1393 - Mean loss: 0.4569 - acc: 0.9375 - norm: 0.06 - 0.46s
[2024-06-19 21:08:15,049][utils.model][INFO] - Epoch Results:
[2024-06-19 21:08:15,052][utils.model][INFO] - (In epoch/Overall): (1/254)| inst_loss: 0.4569 - Mean loss: 0.4569 - acc: 0.9375 - norm: 0.06 - 0.15s
[2024-06-19 21:08:16,643][utils.model][INFO] - Evaluation Results - Val Loss: 0.1701, Val Accuracy: 0.9490 in 32 steps
[2024-06-19 21:08:20,929][utils.model][INFO] - ========================== Epoch Start ==========================
[2024-06-19 21:08:21,050][utils.model][INFO] - (In epoch/Overall): (1/255)| inst_loss: 0.1197 - Mean loss: 0.1731 - acc: 0.9062 - norm: 0.04 - 0.17s
[2024-06-19 21:08:21,056][utils.model][INFO] - Epoch Results:
[2024-06-19 21:08:21,059][utils.model][INFO] - (In epoch/Overall): (1/255)| inst_loss: 0.1731 - Mean loss: 0.1731 - acc: 0.9062 - norm: 0.04 - 0.13s
[2024-06-19 21:08:22,590][utils.model][INFO] - Evaluation Results - Val Loss: 0.1703, Val Accuracy: 0.9475 in 32 steps
[2024-06-19 21:08:26,728][utils.model][INFO] - ========================== Epoch Start ==========================
[2024-06-19 21:08:26,860][utils.model][INFO] - (In epoch/Overall): (1/256)| inst_loss: 0.1298 - Mean loss: 0.1050 - acc: 0.9688 - norm: 0.02 - 0.10s
[2024-06-19 21:08:26,867][utils.model][INFO] - Epoch Results:
[2024-06-19 21:08:26,872][utils.model][INFO] - (In epoch/Overall): (1/256)| inst_loss: 0.1050 - Mean loss: 0.1050 - acc: 0.9688 - norm: 0.02 - 0.14s
[2024-06-19 21:08:28,423][utils.model][INFO] - Evaluation Results - Val Loss: 0.1825, Val Accuracy: 0.9480 in 32 steps
[2024-06-19 21:08:32,721][utils.model][INFO] - ========================== Epoch Start ==========================
[2024-06-19 21:08:32,842][utils.model][INFO] - (In epoch/Overall): (1/257)| inst_loss: 0.1184 - Mean loss: 0.1597 - acc: 0.9375 - norm: 0.04 - 0.16s
[2024-06-19 21:08:32,850][utils.model][INFO] - Epoch Results:
[2024-06-19 21:08:32,853][utils.model][INFO] - (In epoch/Overall): (1/257)| inst_loss: 0.1597 - Mean loss: 0.1597 - acc: 0.9375 - norm: 0.04 - 0.13s
[2024-06-19 21:08:34,676][utils.model][INFO] - Evaluation Results - Val Loss: 0.1935, Val Accuracy: 0.9455 in 32 steps
[2024-06-19 21:08:39,239][utils.model][INFO] - ========================== Epoch Start ==========================
[2024-06-19 21:08:39,386][utils.model][INFO] - (In epoch/Overall): (1/258)| inst_loss: 0.1463 - Mean loss: 0.1426 - acc: 0.9688 - norm: 0.04 - 0.14s
[2024-06-19 21:08:39,392][utils.model][INFO] - Epoch Results:
[2024-06-19 21:08:39,396][utils.model][INFO] - (In epoch/Overall): (1/258)| inst_loss: 0.1426 - Mean loss: 0.1426 - acc: 0.9688 - norm: 0.04 - 0.16s
[2024-06-19 21:08:40,982][utils.model][INFO] - Evaluation Results - Val Loss: 0.1540, Val Accuracy: 0.9555 in 32 steps
[2024-06-19 21:08:45,392][utils.model][INFO] - ========================== Epoch Start ==========================
[2024-06-19 21:08:45,534][utils.model][INFO] - (In epoch/Overall): (1/259)| inst_loss: 0.1397 - Mean loss: 0.0426 - acc: 1.0000 - norm: 0.01 - 0.04s
[2024-06-19 21:08:45,541][utils.model][INFO] - Epoch Results:
[2024-06-19 21:08:45,544][utils.model][INFO] - (In epoch/Overall): (1/259)| inst_loss: 0.0426 - Mean loss: 0.0426 - acc: 1.0000 - norm: 0.01 - 0.15s
[2024-06-19 21:08:47,080][utils.model][INFO] - Evaluation Results - Val Loss: 0.1772, Val Accuracy: 0.9480 in 32 steps
[2024-06-19 21:08:51,331][utils.model][INFO] - ========================== Epoch Start ==========================
[2024-06-19 21:08:51,457][utils.model][INFO] - (In epoch/Overall): (1/260)| inst_loss: 0.1246 - Mean loss: 0.0850 - acc: 1.0000 - norm: 0.02 - 0.08s
[2024-06-19 21:08:51,463][utils.model][INFO] - Epoch Results:
[2024-06-19 21:08:51,467][utils.model][INFO] - (In epoch/Overall): (1/260)| inst_loss: 0.0850 - Mean loss: 0.0850 - acc: 1.0000 - norm: 0.02 - 0.13s
[2024-06-19 21:08:53,011][utils.model][INFO] - Evaluation Results - Val Loss: 0.1776, Val Accuracy: 0.9420 in 32 steps
[2024-06-19 21:08:57,550][utils.model][INFO] - ========================== Epoch Start ==========================
[2024-06-19 21:08:57,684][utils.model][INFO] - (In epoch/Overall): (1/261)| inst_loss: 0.1322 - Mean loss: 0.1830 - acc: 0.9375 - norm: 0.05 - 0.18s
[2024-06-19 21:08:57,692][utils.model][INFO] - Epoch Results:
[2024-06-19 21:08:57,696][utils.model][INFO] - (In epoch/Overall): (1/261)| inst_loss: 0.1830 - Mean loss: 0.1830 - acc: 0.9375 - norm: 0.05 - 0.14s
[2024-06-19 21:08:59,554][utils.model][INFO] - Evaluation Results - Val Loss: 0.1671, Val Accuracy: 0.9550 in 32 steps
[2024-06-19 21:09:04,075][utils.model][INFO] - ========================== Epoch Start ==========================
[2024-06-19 21:09:04,213][utils.model][INFO] - (In epoch/Overall): (1/262)| inst_loss: 0.1361 - Mean loss: 0.0489 - acc: 0.9688 - norm: 0.02 - 0.05s
[2024-06-19 21:09:04,221][utils.model][INFO] - Epoch Results:
[2024-06-19 21:09:04,224][utils.model][INFO] - (In epoch/Overall): (1/262)| inst_loss: 0.0489 - Mean loss: 0.0489 - acc: 0.9688 - norm: 0.02 - 0.15s
[2024-06-19 21:09:06,052][utils.model][INFO] - Evaluation Results - Val Loss: 0.1751, Val Accuracy: 0.9465 in 32 steps
[2024-06-19 21:09:10,556][utils.model][INFO] - ========================== Epoch Start ==========================
[2024-06-19 21:09:10,720][utils.model][INFO] - (In epoch/Overall): (1/263)| inst_loss: 0.1623 - Mean loss: 0.3887 - acc: 0.8438 - norm: 0.10 - 0.39s
[2024-06-19 21:09:10,728][utils.model][INFO] - Epoch Results:
[2024-06-19 21:09:10,732][utils.model][INFO] - (In epoch/Overall): (1/263)| inst_loss: 0.3887 - Mean loss: 0.3887 - acc: 0.8438 - norm: 0.10 - 0.18s
[2024-06-19 21:09:12,680][utils.model][INFO] - Evaluation Results - Val Loss: 0.2237, Val Accuracy: 0.9360 in 32 steps
[2024-06-19 21:09:17,079][utils.model][INFO] - ========================== Epoch Start ==========================
[2024-06-19 21:09:17,225][utils.model][INFO] - (In epoch/Overall): (1/264)| inst_loss: 0.1437 - Mean loss: 0.0655 - acc: 1.0000 - norm: 0.02 - 0.07s
[2024-06-19 21:09:17,233][utils.model][INFO] - Epoch Results:
[2024-06-19 21:09:17,237][utils.model][INFO] - (In epoch/Overall): (1/264)| inst_loss: 0.0655 - Mean loss: 0.0655 - acc: 1.0000 - norm: 0.02 - 0.15s
[2024-06-19 21:09:19,197][utils.model][INFO] - Evaluation Results - Val Loss: 0.1965, Val Accuracy: 0.9385 in 32 steps
[2024-06-19 21:09:23,391][utils.model][INFO] - ========================== Epoch Start ==========================
[2024-06-19 21:09:23,551][utils.model][INFO] - (In epoch/Overall): (1/265)| inst_loss: 0.1586 - Mean loss: 0.2587 - acc: 0.9062 - norm: 0.06 - 0.26s
[2024-06-19 21:09:23,559][utils.model][INFO] - Epoch Results:
[2024-06-19 21:09:23,563][utils.model][INFO] - (In epoch/Overall): (1/265)| inst_loss: 0.2587 - Mean loss: 0.2587 - acc: 0.9062 - norm: 0.06 - 0.17s
[2024-06-19 21:09:25,441][utils.model][INFO] - Evaluation Results - Val Loss: 0.1872, Val Accuracy: 0.9405 in 32 steps
[2024-06-19 21:09:29,802][utils.model][INFO] - ========================== Epoch Start ==========================
[2024-06-19 21:09:29,949][utils.model][INFO] - (In epoch/Overall): (1/266)| inst_loss: 0.1450 - Mean loss: 0.3052 - acc: 0.8750 - norm: 0.11 - 0.31s
[2024-06-19 21:09:29,956][utils.model][INFO] - Epoch Results:
[2024-06-19 21:09:29,960][utils.model][INFO] - (In epoch/Overall): (1/266)| inst_loss: 0.3052 - Mean loss: 0.3052 - acc: 0.8750 - norm: 0.11 - 0.16s
[2024-06-19 21:09:31,873][utils.model][INFO] - Evaluation Results - Val Loss: 0.1665, Val Accuracy: 0.9500 in 32 steps
[2024-06-19 21:09:36,320][utils.model][INFO] - ========================== Epoch Start ==========================
[2024-06-19 21:09:36,463][utils.model][INFO] - (In epoch/Overall): (1/267)| inst_loss: 0.1420 - Mean loss: 0.4478 - acc: 0.8750 - norm: 0.09 - 0.45s
[2024-06-19 21:09:36,471][utils.model][INFO] - Epoch Results:
[2024-06-19 21:09:36,475][utils.model][INFO] - (In epoch/Overall): (1/267)| inst_loss: 0.4478 - Mean loss: 0.4478 - acc: 0.8750 - norm: 0.09 - 0.15s
[2024-06-19 21:09:38,337][utils.model][INFO] - Evaluation Results - Val Loss: 0.1616, Val Accuracy: 0.9550 in 32 steps
[2024-06-19 21:09:42,885][utils.model][INFO] - ========================== Epoch Start ==========================
[2024-06-19 21:09:43,044][utils.model][INFO] - (In epoch/Overall): (1/268)| inst_loss: 0.1569 - Mean loss: 0.2858 - acc: 0.9375 - norm: 0.05 - 0.29s
[2024-06-19 21:09:43,052][utils.model][INFO] - Epoch Results:
[2024-06-19 21:09:43,056][utils.model][INFO] - (In epoch/Overall): (1/268)| inst_loss: 0.2858 - Mean loss: 0.2858 - acc: 0.9375 - norm: 0.05 - 0.17s
[2024-06-19 21:09:44,912][utils.model][INFO] - Evaluation Results - Val Loss: 0.1560, Val Accuracy: 0.9585 in 32 steps
[2024-06-19 21:09:49,154][utils.model][INFO] - ========================== Epoch Start ==========================
[2024-06-19 21:09:49,326][utils.model][INFO] - (In epoch/Overall): (1/269)| inst_loss: 0.1703 - Mean loss: 0.1789 - acc: 0.9375 - norm: 0.04 - 0.18s
[2024-06-19 21:09:49,335][utils.model][INFO] - Epoch Results:
[2024-06-19 21:09:49,340][utils.model][INFO] - (In epoch/Overall): (1/269)| inst_loss: 0.1789 - Mean loss: 0.1789 - acc: 0.9375 - norm: 0.04 - 0.18s
[2024-06-19 21:09:51,245][utils.model][INFO] - Evaluation Results - Val Loss: 0.1658, Val Accuracy: 0.9530 in 32 steps
[2024-06-19 21:09:55,515][utils.model][INFO] - ========================== Epoch Start ==========================
[2024-06-19 21:09:55,665][utils.model][INFO] - (In epoch/Overall): (1/270)| inst_loss: 0.1481 - Mean loss: 0.2458 - acc: 0.9375 - norm: 0.04 - 0.25s
[2024-06-19 21:09:55,673][utils.model][INFO] - Epoch Results:
[2024-06-19 21:09:55,679][utils.model][INFO] - (In epoch/Overall): (1/270)| inst_loss: 0.2458 - Mean loss: 0.2458 - acc: 0.9375 - norm: 0.04 - 0.16s
[2024-06-19 21:09:57,558][utils.model][INFO] - Evaluation Results - Val Loss: 0.1589, Val Accuracy: 0.9495 in 32 steps
[2024-06-19 21:10:01,983][utils.model][INFO] - ========================== Epoch Start ==========================
[2024-06-19 21:10:02,128][utils.model][INFO] - (In epoch/Overall): (1/271)| inst_loss: 0.1436 - Mean loss: 0.0345 - acc: 1.0000 - norm: 0.00 - 0.03s
[2024-06-19 21:10:02,136][utils.model][INFO] - Epoch Results:
[2024-06-19 21:10:02,141][utils.model][INFO] - (In epoch/Overall): (1/271)| inst_loss: 0.0345 - Mean loss: 0.0345 - acc: 1.0000 - norm: 0.00 - 0.16s
[2024-06-19 21:10:04,285][utils.model][INFO] - Evaluation Results - Val Loss: 0.1540, Val Accuracy: 0.9550 in 32 steps
[2024-06-19 21:10:08,655][utils.model][INFO] - ========================== Epoch Start ==========================
[2024-06-19 21:10:08,801][utils.model][INFO] - (In epoch/Overall): (1/272)| inst_loss: 0.1441 - Mean loss: 0.1814 - acc: 0.9688 - norm: 0.02 - 0.18s
[2024-06-19 21:10:08,812][utils.model][INFO] - Epoch Results:
[2024-06-19 21:10:08,816][utils.model][INFO] - (In epoch/Overall): (1/272)| inst_loss: 0.1814 - Mean loss: 0.1814 - acc: 0.9688 - norm: 0.02 - 0.16s
[2024-06-19 21:10:10,711][utils.model][INFO] - Evaluation Results - Val Loss: 0.1563, Val Accuracy: 0.9565 in 32 steps
[2024-06-19 21:10:15,349][utils.model][INFO] - ========================== Epoch Start ==========================
[2024-06-19 21:10:15,484][utils.model][INFO] - (In epoch/Overall): (1/273)| inst_loss: 0.1336 - Mean loss: 0.1052 - acc: 0.9688 - norm: 0.02 - 0.11s
[2024-06-19 21:10:15,489][utils.model][INFO] - Epoch Results:
[2024-06-19 21:10:15,494][utils.model][INFO] - (In epoch/Overall): (1/273)| inst_loss: 0.1052 - Mean loss: 0.1052 - acc: 0.9688 - norm: 0.02 - 0.14s
[2024-06-19 21:10:17,153][utils.model][INFO] - Evaluation Results - Val Loss: 0.1466, Val Accuracy: 0.9565 in 32 steps
[2024-06-19 21:10:21,357][utils.model][INFO] - ========================== Epoch Start ==========================
[2024-06-19 21:10:21,483][utils.model][INFO] - (In epoch/Overall): (1/274)| inst_loss: 0.1246 - Mean loss: 0.1603 - acc: 0.9688 - norm: 0.04 - 0.16s
[2024-06-19 21:10:21,491][utils.model][INFO] - Epoch Results:
[2024-06-19 21:10:21,495][utils.model][INFO] - (In epoch/Overall): (1/274)| inst_loss: 0.1603 - Mean loss: 0.1603 - acc: 0.9688 - norm: 0.04 - 0.14s
[2024-06-19 21:10:23,126][utils.model][INFO] - Evaluation Results - Val Loss: 0.1523, Val Accuracy: 0.9570 in 32 steps
[2024-06-19 21:10:27,470][utils.model][INFO] - ========================== Epoch Start ==========================
[2024-06-19 21:10:27,585][utils.model][INFO] - (In epoch/Overall): (1/275)| inst_loss: 0.1138 - Mean loss: 0.0548 - acc: 1.0000 - norm: 0.01 - 0.05s
[2024-06-19 21:10:27,590][utils.model][INFO] - Epoch Results:
[2024-06-19 21:10:27,594][utils.model][INFO] - (In epoch/Overall): (1/275)| inst_loss: 0.0548 - Mean loss: 0.0548 - acc: 1.0000 - norm: 0.01 - 0.12s
[2024-06-19 21:10:29,164][utils.model][INFO] - Evaluation Results - Val Loss: 0.1449, Val Accuracy: 0.9600 in 32 steps
[2024-06-19 21:10:33,403][utils.model][INFO] - ========================== Epoch Start ==========================
[2024-06-19 21:10:33,553][utils.model][INFO] - (In epoch/Overall): (1/276)| inst_loss: 0.1483 - Mean loss: 0.0835 - acc: 1.0000 - norm: 0.02 - 0.08s
[2024-06-19 21:10:33,562][utils.model][INFO] - Epoch Results:
[2024-06-19 21:10:33,567][utils.model][INFO] - (In epoch/Overall): (1/276)| inst_loss: 0.0835 - Mean loss: 0.0835 - acc: 1.0000 - norm: 0.02 - 0.16s
[2024-06-19 21:10:35,422][utils.model][INFO] - Evaluation Results - Val Loss: 0.1369, Val Accuracy: 0.9630 in 32 steps
[2024-06-19 21:10:39,893][utils.model][INFO] - ========================== Epoch Start ==========================
[2024-06-19 21:10:40,027][utils.model][INFO] - (In epoch/Overall): (1/277)| inst_loss: 0.1325 - Mean loss: 0.0921 - acc: 0.9688 - norm: 0.04 - 0.09s
[2024-06-19 21:10:40,035][utils.model][INFO] - Epoch Results:
[2024-06-19 21:10:40,040][utils.model][INFO] - (In epoch/Overall): (1/277)| inst_loss: 0.0921 - Mean loss: 0.0921 - acc: 0.9688 - norm: 0.04 - 0.14s
[2024-06-19 21:10:41,669][utils.model][INFO] - Evaluation Results - Val Loss: 0.1466, Val Accuracy: 0.9565 in 32 steps
[2024-06-19 21:10:46,127][utils.model][INFO] - ========================== Epoch Start ==========================
[2024-06-19 21:10:46,252][utils.model][INFO] - (In epoch/Overall): (1/278)| inst_loss: 0.1230 - Mean loss: 0.0324 - acc: 1.0000 - norm: 0.01 - 0.03s
[2024-06-19 21:10:46,260][utils.model][INFO] - Epoch Results:
[2024-06-19 21:10:46,263][utils.model][INFO] - (In epoch/Overall): (1/278)| inst_loss: 0.0324 - Mean loss: 0.0324 - acc: 1.0000 - norm: 0.01 - 0.13s
[2024-06-19 21:10:47,874][utils.model][INFO] - Evaluation Results - Val Loss: 0.1397, Val Accuracy: 0.9605 in 32 steps
[2024-06-19 21:10:52,381][utils.model][INFO] - ========================== Epoch Start ==========================
[2024-06-19 21:10:52,497][utils.model][INFO] - (In epoch/Overall): (1/279)| inst_loss: 0.1145 - Mean loss: 0.1713 - acc: 0.9688 - norm: 0.05 - 0.17s
[2024-06-19 21:10:52,503][utils.model][INFO] - Epoch Results:
[2024-06-19 21:10:52,506][utils.model][INFO] - (In epoch/Overall): (1/279)| inst_loss: 0.1713 - Mean loss: 0.1713 - acc: 0.9688 - norm: 0.05 - 0.12s
[2024-06-19 21:10:54,121][utils.model][INFO] - Evaluation Results - Val Loss: 0.1984, Val Accuracy: 0.9380 in 32 steps
[2024-06-19 21:10:58,565][utils.model][INFO] - ========================== Epoch Start ==========================
[2024-06-19 21:10:58,701][utils.model][INFO] - (In epoch/Overall): (1/280)| inst_loss: 0.1338 - Mean loss: 0.1831 - acc: 0.9688 - norm: 0.05 - 0.18s
[2024-06-19 21:10:58,709][utils.model][INFO] - Epoch Results:
[2024-06-19 21:10:58,714][utils.model][INFO] - (In epoch/Overall): (1/280)| inst_loss: 0.1831 - Mean loss: 0.1831 - acc: 0.9688 - norm: 0.05 - 0.15s
[2024-06-19 21:11:00,658][utils.model][INFO] - Evaluation Results - Val Loss: 0.1667, Val Accuracy: 0.9450 in 32 steps
[2024-06-19 21:11:05,165][utils.model][INFO] - ========================== Epoch Start ==========================
[2024-06-19 21:11:05,312][utils.model][INFO] - (In epoch/Overall): (1/281)| inst_loss: 0.1461 - Mean loss: 0.2003 - acc: 0.9688 - norm: 0.06 - 0.20s
[2024-06-19 21:11:05,320][utils.model][INFO] - Epoch Results:
[2024-06-19 21:11:05,323][utils.model][INFO] - (In epoch/Overall): (1/281)| inst_loss: 0.2003 - Mean loss: 0.2003 - acc: 0.9688 - norm: 0.06 - 0.16s
[2024-06-19 21:11:07,187][utils.model][INFO] - Evaluation Results - Val Loss: 0.2157, Val Accuracy: 0.9410 in 32 steps
[2024-06-19 21:11:11,789][utils.model][INFO] - ========================== Epoch Start ==========================
[2024-06-19 21:11:11,957][utils.model][INFO] - (In epoch/Overall): (1/282)| inst_loss: 0.1659 - Mean loss: 0.3263 - acc: 0.8438 - norm: 0.10 - 0.33s
[2024-06-19 21:11:11,966][utils.model][INFO] - Epoch Results:
[2024-06-19 21:11:11,971][utils.model][INFO] - (In epoch/Overall): (1/282)| inst_loss: 0.3263 - Mean loss: 0.3263 - acc: 0.8438 - norm: 0.10 - 0.18s
[2024-06-19 21:11:13,720][utils.model][INFO] - Evaluation Results - Val Loss: 0.1814, Val Accuracy: 0.9420 in 32 steps
[2024-06-19 21:11:18,345][utils.model][INFO] - ========================== Epoch Start ==========================
[2024-06-19 21:11:18,493][utils.model][INFO] - (In epoch/Overall): (1/283)| inst_loss: 0.1462 - Mean loss: 0.3521 - acc: 0.9375 - norm: 0.07 - 0.35s
[2024-06-19 21:11:18,502][utils.model][INFO] - Epoch Results:
[2024-06-19 21:11:18,509][utils.model][INFO] - (In epoch/Overall): (1/283)| inst_loss: 0.3521 - Mean loss: 0.3521 - acc: 0.9375 - norm: 0.07 - 0.16s
[2024-06-19 21:11:20,393][utils.model][INFO] - Evaluation Results - Val Loss: 0.1791, Val Accuracy: 0.9510 in 32 steps
[2024-06-19 21:11:24,807][utils.model][INFO] - ========================== Epoch Start ==========================
[2024-06-19 21:11:24,954][utils.model][INFO] - (In epoch/Overall): (1/284)| inst_loss: 0.1452 - Mean loss: 0.1005 - acc: 1.0000 - norm: 0.03 - 0.10s
[2024-06-19 21:11:24,962][utils.model][INFO] - Epoch Results:
[2024-06-19 21:11:24,967][utils.model][INFO] - (In epoch/Overall): (1/284)| inst_loss: 0.1005 - Mean loss: 0.1005 - acc: 1.0000 - norm: 0.03 - 0.16s
[2024-06-19 21:11:26,871][utils.model][INFO] - Evaluation Results - Val Loss: 0.1807, Val Accuracy: 0.9410 in 32 steps
[2024-06-19 21:11:31,321][utils.model][INFO] - ========================== Epoch Start ==========================
[2024-06-19 21:11:31,454][utils.model][INFO] - (In epoch/Overall): (1/285)| inst_loss: 0.1314 - Mean loss: 0.1898 - acc: 0.9375 - norm: 0.05 - 0.19s
[2024-06-19 21:11:31,460][utils.model][INFO] - Epoch Results:
[2024-06-19 21:11:31,463][utils.model][INFO] - (In epoch/Overall): (1/285)| inst_loss: 0.1898 - Mean loss: 0.1898 - acc: 0.9375 - norm: 0.05 - 0.14s
[2024-06-19 21:11:33,058][utils.model][INFO] - Evaluation Results - Val Loss: 0.1731, Val Accuracy: 0.9490 in 32 steps
[2024-06-19 21:11:37,370][utils.model][INFO] - ========================== Epoch Start ==========================
[2024-06-19 21:11:37,516][utils.model][INFO] - (In epoch/Overall): (1/286)| inst_loss: 0.1429 - Mean loss: 0.0457 - acc: 1.0000 - norm: 0.01 - 0.05s
[2024-06-19 21:11:37,524][utils.model][INFO] - Epoch Results:
[2024-06-19 21:11:37,528][utils.model][INFO] - (In epoch/Overall): (1/286)| inst_loss: 0.0457 - Mean loss: 0.0457 - acc: 1.0000 - norm: 0.01 - 0.16s
[2024-06-19 21:11:39,397][utils.model][INFO] - Evaluation Results - Val Loss: 0.1734, Val Accuracy: 0.9475 in 32 steps
[2024-06-19 21:11:43,801][utils.model][INFO] - ========================== Epoch Start ==========================
[2024-06-19 21:11:43,958][utils.model][INFO] - (In epoch/Overall): (1/287)| inst_loss: 0.1554 - Mean loss: 0.1333 - acc: 0.9375 - norm: 0.04 - 0.13s
[2024-06-19 21:11:43,967][utils.model][INFO] - Epoch Results:
[2024-06-19 21:11:43,971][utils.model][INFO] - (In epoch/Overall): (1/287)| inst_loss: 0.1333 - Mean loss: 0.1333 - acc: 0.9375 - norm: 0.04 - 0.17s
[2024-06-19 21:11:45,853][utils.model][INFO] - Evaluation Results - Val Loss: 0.1412, Val Accuracy: 0.9595 in 32 steps
[2024-06-19 21:11:50,314][utils.model][INFO] - ========================== Epoch Start ==========================
[2024-06-19 21:11:50,476][utils.model][INFO] - (In epoch/Overall): (1/288)| inst_loss: 0.1590 - Mean loss: 0.1143 - acc: 0.9688 - norm: 0.03 - 0.11s
[2024-06-19 21:11:50,484][utils.model][INFO] - Epoch Results:
[2024-06-19 21:11:50,488][utils.model][INFO] - (In epoch/Overall): (1/288)| inst_loss: 0.1143 - Mean loss: 0.1143 - acc: 0.9688 - norm: 0.03 - 0.17s
[2024-06-19 21:11:52,370][utils.model][INFO] - Evaluation Results - Val Loss: 0.1513, Val Accuracy: 0.9565 in 32 steps
[2024-06-19 21:11:56,642][utils.model][INFO] - ========================== Epoch Start ==========================
[2024-06-19 21:11:57,257][utils.model][INFO] - (In epoch/Overall): (1/289)| inst_loss: 0.6137 - Mean loss: 0.1472 - acc: 0.9062 - norm: 0.07 - 0.15s
[2024-06-19 21:11:57,264][utils.model][INFO] - Epoch Results:
[2024-06-19 21:11:57,268][utils.model][INFO] - (In epoch/Overall): (1/289)| inst_loss: 0.1472 - Mean loss: 0.1472 - acc: 0.9062 - norm: 0.07 - 0.62s
[2024-06-19 21:11:59,104][utils.model][INFO] - Evaluation Results - Val Loss: 0.1434, Val Accuracy: 0.9590 in 32 steps
[2024-06-19 21:12:03,369][utils.model][INFO] - ========================== Epoch Start ==========================
[2024-06-19 21:12:03,501][utils.model][INFO] - (In epoch/Overall): (1/290)| inst_loss: 0.1301 - Mean loss: 0.4626 - acc: 0.9375 - norm: 0.06 - 0.46s
[2024-06-19 21:12:03,508][utils.model][INFO] - Epoch Results:
[2024-06-19 21:12:03,512][utils.model][INFO] - (In epoch/Overall): (1/290)| inst_loss: 0.4626 - Mean loss: 0.4626 - acc: 0.9375 - norm: 0.06 - 0.14s
[2024-06-19 21:12:05,358][utils.model][INFO] - Evaluation Results - Val Loss: 0.1478, Val Accuracy: 0.9525 in 32 steps
[2024-06-19 21:12:09,804][utils.model][INFO] - ========================== Epoch Start ==========================
[2024-06-19 21:12:09,953][utils.model][INFO] - (In epoch/Overall): (1/291)| inst_loss: 0.1461 - Mean loss: 0.0791 - acc: 1.0000 - norm: 0.02 - 0.08s
[2024-06-19 21:12:09,961][utils.model][INFO] - Epoch Results:
[2024-06-19 21:12:09,965][utils.model][INFO] - (In epoch/Overall): (1/291)| inst_loss: 0.0791 - Mean loss: 0.0791 - acc: 1.0000 - norm: 0.02 - 0.16s
[2024-06-19 21:12:11,692][utils.model][INFO] - Evaluation Results - Val Loss: 0.1444, Val Accuracy: 0.9545 in 32 steps
[2024-06-19 21:12:16,277][utils.model][INFO] - ========================== Epoch Start ==========================
[2024-06-19 21:12:16,416][utils.model][INFO] - (In epoch/Overall): (1/292)| inst_loss: 0.1374 - Mean loss: 0.1082 - acc: 0.9688 - norm: 0.03 - 0.11s
[2024-06-19 21:12:16,422][utils.model][INFO] - Epoch Results:
[2024-06-19 21:12:16,425][utils.model][INFO] - (In epoch/Overall): (1/292)| inst_loss: 0.1082 - Mean loss: 0.1082 - acc: 0.9688 - norm: 0.03 - 0.15s
[2024-06-19 21:12:18,024][utils.model][INFO] - Evaluation Results - Val Loss: 0.1388, Val Accuracy: 0.9580 in 32 steps
[2024-06-19 21:12:22,472][utils.model][INFO] - ========================== Epoch Start ==========================
[2024-06-19 21:12:22,596][utils.model][INFO] - (In epoch/Overall): (1/293)| inst_loss: 0.1230 - Mean loss: 0.2194 - acc: 0.9375 - norm: 0.06 - 0.22s
[2024-06-19 21:12:22,603][utils.model][INFO] - Epoch Results:
[2024-06-19 21:12:22,609][utils.model][INFO] - (In epoch/Overall): (1/293)| inst_loss: 0.2194 - Mean loss: 0.2194 - acc: 0.9375 - norm: 0.06 - 0.13s
[2024-06-19 21:12:24,186][utils.model][INFO] - Evaluation Results - Val Loss: 0.1531, Val Accuracy: 0.9505 in 32 steps
[2024-06-19 21:12:28,655][utils.model][INFO] - ========================== Epoch Start ==========================
[2024-06-19 21:12:28,770][utils.model][INFO] - (In epoch/Overall): (1/294)| inst_loss: 0.1130 - Mean loss: 0.0620 - acc: 0.9688 - norm: 0.01 - 0.06s
[2024-06-19 21:12:28,776][utils.model][INFO] - Epoch Results:
[2024-06-19 21:12:28,779][utils.model][INFO] - (In epoch/Overall): (1/294)| inst_loss: 0.0620 - Mean loss: 0.0620 - acc: 0.9688 - norm: 0.01 - 0.12s
[2024-06-19 21:12:30,364][utils.model][INFO] - Evaluation Results - Val Loss: 0.1773, Val Accuracy: 0.9490 in 32 steps
[2024-06-19 21:12:34,467][utils.model][INFO] - ========================== Epoch Start ==========================
[2024-06-19 21:12:34,608][utils.model][INFO] - (In epoch/Overall): (1/295)| inst_loss: 0.1391 - Mean loss: 0.0886 - acc: 0.9688 - norm: 0.03 - 0.09s
[2024-06-19 21:12:34,616][utils.model][INFO] - Epoch Results:
[2024-06-19 21:12:34,621][utils.model][INFO] - (In epoch/Overall): (1/295)| inst_loss: 0.0886 - Mean loss: 0.0886 - acc: 0.9688 - norm: 0.03 - 0.15s
[2024-06-19 21:12:36,437][utils.model][INFO] - Evaluation Results - Val Loss: 0.1600, Val Accuracy: 0.9520 in 32 steps
[2024-06-19 21:12:40,282][utils.model][INFO] - ========================== Epoch Start ==========================
[2024-06-19 21:12:40,412][utils.model][INFO] - (In epoch/Overall): (1/296)| inst_loss: 0.1280 - Mean loss: 0.2085 - acc: 0.8750 - norm: 0.07 - 0.21s
[2024-06-19 21:12:40,418][utils.model][INFO] - Epoch Results:
[2024-06-19 21:12:40,422][utils.model][INFO] - (In epoch/Overall): (1/296)| inst_loss: 0.2085 - Mean loss: 0.2085 - acc: 0.8750 - norm: 0.07 - 0.14s
[2024-06-19 21:12:42,037][utils.model][INFO] - Evaluation Results - Val Loss: 0.1520, Val Accuracy: 0.9540 in 32 steps
[2024-06-19 21:12:46,326][utils.model][INFO] - ========================== Epoch Start ==========================
[2024-06-19 21:12:46,456][utils.model][INFO] - (In epoch/Overall): (1/297)| inst_loss: 0.1275 - Mean loss: 0.0875 - acc: 0.9688 - norm: 0.03 - 0.09s
[2024-06-19 21:12:46,464][utils.model][INFO] - Epoch Results:
[2024-06-19 21:12:46,468][utils.model][INFO] - (In epoch/Overall): (1/297)| inst_loss: 0.0875 - Mean loss: 0.0875 - acc: 0.9688 - norm: 0.03 - 0.14s
[2024-06-19 21:12:48,058][utils.model][INFO] - Evaluation Results - Val Loss: 0.1425, Val Accuracy: 0.9550 in 32 steps
[2024-06-19 21:12:52,411][utils.model][INFO] - ========================== Epoch Start ==========================
[2024-06-19 21:12:52,535][utils.model][INFO] - (In epoch/Overall): (1/298)| inst_loss: 0.1219 - Mean loss: 0.0127 - acc: 1.0000 - norm: 0.00 - 0.01s
[2024-06-19 21:12:52,542][utils.model][INFO] - Epoch Results:
[2024-06-19 21:12:52,546][utils.model][INFO] - (In epoch/Overall): (1/298)| inst_loss: 0.0127 - Mean loss: 0.0127 - acc: 1.0000 - norm: 0.00 - 0.13s
[2024-06-19 21:12:54,131][utils.model][INFO] - Evaluation Results - Val Loss: 0.1423, Val Accuracy: 0.9580 in 32 steps
[2024-06-19 21:12:57,670][utils.model][INFO] - ========================== Epoch Start ==========================
[2024-06-19 21:12:57,775][utils.model][INFO] - (In epoch/Overall): (1/299)| inst_loss: 0.1023 - Mean loss: 0.1775 - acc: 0.9375 - norm: 0.04 - 0.18s
[2024-06-19 21:12:57,782][utils.model][INFO] - Epoch Results:
[2024-06-19 21:12:57,785][utils.model][INFO] - (In epoch/Overall): (1/299)| inst_loss: 0.1775 - Mean loss: 0.1775 - acc: 0.9375 - norm: 0.04 - 0.11s
[2024-06-19 21:12:59,348][utils.model][INFO] - Evaluation Results - Val Loss: 0.1968, Val Accuracy: 0.9340 in 32 steps
[2024-06-19 21:13:03,606][utils.model][INFO] - ========================== Epoch Start ==========================
[2024-06-19 21:13:03,735][utils.model][INFO] - (In epoch/Overall): (1/300)| inst_loss: 0.1276 - Mean loss: 0.1373 - acc: 0.9688 - norm: 0.04 - 0.14s
[2024-06-19 21:13:03,744][utils.model][INFO] - Epoch Results:
[2024-06-19 21:13:03,748][utils.model][INFO] - (In epoch/Overall): (1/300)| inst_loss: 0.1373 - Mean loss: 0.1373 - acc: 0.9688 - norm: 0.04 - 0.14s
[2024-06-19 21:13:05,584][utils.model][INFO] - Evaluation Results - Val Loss: 0.1524, Val Accuracy: 0.9570 in 32 steps
[2024-06-19 21:13:10,007][utils.model][INFO] - ========================== Epoch Start ==========================
[2024-06-19 21:13:10,155][utils.model][INFO] - (In epoch/Overall): (1/301)| inst_loss: 0.1455 - Mean loss: 0.0535 - acc: 1.0000 - norm: 0.01 - 0.05s
[2024-06-19 21:13:10,164][utils.model][INFO] - Epoch Results:
[2024-06-19 21:13:10,168][utils.model][INFO] - (In epoch/Overall): (1/301)| inst_loss: 0.0535 - Mean loss: 0.0535 - acc: 1.0000 - norm: 0.01 - 0.16s
[2024-06-19 21:13:12,110][utils.model][INFO] - Evaluation Results - Val Loss: 0.1476, Val Accuracy: 0.9530 in 32 steps
[2024-06-19 21:13:16,769][utils.model][INFO] - ========================== Epoch Start ==========================
[2024-06-19 21:13:16,903][utils.model][INFO] - (In epoch/Overall): (1/302)| inst_loss: 0.1323 - Mean loss: 0.1441 - acc: 0.9375 - norm: 0.04 - 0.14s
[2024-06-19 21:13:16,909][utils.model][INFO] - Epoch Results:
[2024-06-19 21:13:16,912][utils.model][INFO] - (In epoch/Overall): (1/302)| inst_loss: 0.1441 - Mean loss: 0.1441 - acc: 0.9375 - norm: 0.04 - 0.14s
[2024-06-19 21:13:18,538][utils.model][INFO] - Evaluation Results - Val Loss: 0.1385, Val Accuracy: 0.9615 in 32 steps
[2024-06-19 21:13:22,848][utils.model][INFO] - ========================== Epoch Start ==========================
[2024-06-19 21:13:22,963][utils.model][INFO] - (In epoch/Overall): (1/303)| inst_loss: 0.1132 - Mean loss: 0.0555 - acc: 1.0000 - norm: 0.02 - 0.06s
[2024-06-19 21:13:22,969][utils.model][INFO] - Epoch Results:
[2024-06-19 21:13:22,972][utils.model][INFO] - (In epoch/Overall): (1/303)| inst_loss: 0.0555 - Mean loss: 0.0555 - acc: 1.0000 - norm: 0.02 - 0.12s
[2024-06-19 21:13:24,554][utils.model][INFO] - Evaluation Results - Val Loss: 0.1419, Val Accuracy: 0.9605 in 32 steps
[2024-06-19 21:13:28,921][utils.model][INFO] - ========================== Epoch Start ==========================
[2024-06-19 21:13:29,057][utils.model][INFO] - (In epoch/Overall): (1/304)| inst_loss: 0.1336 - Mean loss: 0.0822 - acc: 0.9688 - norm: 0.03 - 0.08s
[2024-06-19 21:13:29,063][utils.model][INFO] - Epoch Results:
[2024-06-19 21:13:29,066][utils.model][INFO] - (In epoch/Overall): (1/304)| inst_loss: 0.0822 - Mean loss: 0.0822 - acc: 0.9688 - norm: 0.03 - 0.14s
[2024-06-19 21:13:30,644][utils.model][INFO] - Evaluation Results - Val Loss: 0.1497, Val Accuracy: 0.9620 in 32 steps
[2024-06-19 21:13:34,105][utils.model][INFO] - ========================== Epoch Start ==========================
[2024-06-19 21:13:34,210][utils.model][INFO] - (In epoch/Overall): (1/305)| inst_loss: 0.1030 - Mean loss: 0.2187 - acc: 0.9062 - norm: 0.05 - 0.22s
[2024-06-19 21:13:34,216][utils.model][INFO] - Epoch Results:
[2024-06-19 21:13:34,219][utils.model][INFO] - (In epoch/Overall): (1/305)| inst_loss: 0.2187 - Mean loss: 0.2187 - acc: 0.9062 - norm: 0.05 - 0.11s
[2024-06-19 21:13:36,043][utils.model][INFO] - Evaluation Results - Val Loss: 0.1759, Val Accuracy: 0.9495 in 32 steps
[2024-06-19 21:13:40,250][utils.model][INFO] - ========================== Epoch Start ==========================
[2024-06-19 21:13:40,422][utils.model][INFO] - (In epoch/Overall): (1/306)| inst_loss: 0.1692 - Mean loss: 0.0655 - acc: 1.0000 - norm: 0.04 - 0.07s
[2024-06-19 21:13:40,430][utils.model][INFO] - Epoch Results:
[2024-06-19 21:13:40,434][utils.model][INFO] - (In epoch/Overall): (1/306)| inst_loss: 0.0655 - Mean loss: 0.0655 - acc: 1.0000 - norm: 0.04 - 0.18s
[2024-06-19 21:13:42,271][utils.model][INFO] - Evaluation Results - Val Loss: 0.1407, Val Accuracy: 0.9570 in 32 steps
[2024-06-19 21:13:46,626][utils.model][INFO] - ========================== Epoch Start ==========================
[2024-06-19 21:13:46,759][utils.model][INFO] - (In epoch/Overall): (1/307)| inst_loss: 0.1312 - Mean loss: 0.0776 - acc: 0.9688 - norm: 0.05 - 0.08s
[2024-06-19 21:13:46,765][utils.model][INFO] - Epoch Results:
[2024-06-19 21:13:46,768][utils.model][INFO] - (In epoch/Overall): (1/307)| inst_loss: 0.0776 - Mean loss: 0.0776 - acc: 0.9688 - norm: 0.05 - 0.14s
[2024-06-19 21:13:48,431][utils.model][INFO] - Evaluation Results - Val Loss: 0.1566, Val Accuracy: 0.9540 in 32 steps
[2024-06-19 21:13:52,728][utils.model][INFO] - ========================== Epoch Start ==========================
[2024-06-19 21:13:52,852][utils.model][INFO] - (In epoch/Overall): (1/308)| inst_loss: 0.1226 - Mean loss: 0.0925 - acc: 0.9688 - norm: 0.05 - 0.09s
[2024-06-19 21:13:52,857][utils.model][INFO] - Epoch Results:
[2024-06-19 21:13:52,861][utils.model][INFO] - (In epoch/Overall): (1/308)| inst_loss: 0.0925 - Mean loss: 0.0925 - acc: 0.9688 - norm: 0.05 - 0.13s
[2024-06-19 21:13:54,449][utils.model][INFO] - Evaluation Results - Val Loss: 0.2118, Val Accuracy: 0.9365 in 32 steps
[2024-06-19 21:13:59,647][utils.model][INFO] - Evaluation Results - Val Loss: 0.1792, Val Accuracy: 0.9425 in 32 steps
[2024-06-19 21:14:03,945][utils.model][INFO] - ========================== Epoch Start ==========================
[2024-06-19 21:14:04,080][utils.model][INFO] - (In epoch/Overall): (1/309)| inst_loss: 0.1317 - Mean loss: 0.2682 - acc: 0.8750 - norm: 0.12 - 0.27s
[2024-06-19 21:14:04,088][utils.model][INFO] - Epoch Results:
[2024-06-19 21:14:04,093][utils.model][INFO] - (In epoch/Overall): (1/309)| inst_loss: 0.2682 - Mean loss: 0.2682 - acc: 0.8750 - norm: 0.12 - 0.15s
[2024-06-19 21:14:06,119][utils.model][INFO] - Evaluation Results - Val Loss: 0.2285, Val Accuracy: 0.9280 in 32 steps
[2024-06-19 21:14:09,731][utils.model][INFO] - ========================== Epoch Start ==========================
[2024-06-19 21:14:09,854][utils.model][INFO] - (In epoch/Overall): (1/310)| inst_loss: 0.1222 - Mean loss: 0.1849 - acc: 0.9375 - norm: 0.07 - 0.18s
[2024-06-19 21:14:09,859][utils.model][INFO] - Epoch Results:
[2024-06-19 21:14:09,863][utils.model][INFO] - (In epoch/Overall): (1/310)| inst_loss: 0.1849 - Mean loss: 0.1849 - acc: 0.9375 - norm: 0.07 - 0.13s
[2024-06-19 21:14:11,522][utils.model][INFO] - Evaluation Results - Val Loss: 0.1513, Val Accuracy: 0.9575 in 32 steps
[2024-06-19 21:14:15,911][utils.model][INFO] - ========================== Epoch Start ==========================
[2024-06-19 21:14:16,052][utils.model][INFO] - (In epoch/Overall): (1/311)| inst_loss: 0.1398 - Mean loss: 0.3000 - acc: 0.9062 - norm: 0.07 - 0.30s
[2024-06-19 21:14:16,060][utils.model][INFO] - Epoch Results:
[2024-06-19 21:14:16,064][utils.model][INFO] - (In epoch/Overall): (1/311)| inst_loss: 0.3000 - Mean loss: 0.3000 - acc: 0.9062 - norm: 0.07 - 0.15s
[2024-06-19 21:14:18,062][utils.model][INFO] - Evaluation Results - Val Loss: 0.1698, Val Accuracy: 0.9510 in 32 steps
[2024-06-19 21:14:22,436][utils.model][INFO] - ========================== Epoch Start ==========================
[2024-06-19 21:14:22,582][utils.model][INFO] - (In epoch/Overall): (1/312)| inst_loss: 0.1442 - Mean loss: 0.2121 - acc: 0.9375 - norm: 0.05 - 0.21s
[2024-06-19 21:14:22,588][utils.model][INFO] - Epoch Results:
[2024-06-19 21:14:22,592][utils.model][INFO] - (In epoch/Overall): (1/312)| inst_loss: 0.2121 - Mean loss: 0.2121 - acc: 0.9375 - norm: 0.05 - 0.15s
[2024-06-19 21:14:24,165][utils.model][INFO] - Evaluation Results - Val Loss: 0.1432, Val Accuracy: 0.9600 in 32 steps
[2024-06-19 21:14:28,515][utils.model][INFO] - ========================== Epoch Start ==========================
[2024-06-19 21:14:28,639][utils.model][INFO] - (In epoch/Overall): (1/313)| inst_loss: 0.1230 - Mean loss: 0.0782 - acc: 0.9688 - norm: 0.02 - 0.08s
[2024-06-19 21:14:28,645][utils.model][INFO] - Epoch Results:
[2024-06-19 21:14:28,649][utils.model][INFO] - (In epoch/Overall): (1/313)| inst_loss: 0.0782 - Mean loss: 0.0782 - acc: 0.9688 - norm: 0.02 - 0.13s
[2024-06-19 21:14:30,213][utils.model][INFO] - Evaluation Results - Val Loss: 0.1342, Val Accuracy: 0.9625 in 32 steps
[2024-06-19 21:14:34,806][utils.model][INFO] - ========================== Epoch Start ==========================
[2024-06-19 21:14:34,939][utils.model][INFO] - (In epoch/Overall): (1/314)| inst_loss: 0.1310 - Mean loss: 0.2356 - acc: 0.9062 - norm: 0.05 - 0.24s
[2024-06-19 21:14:34,946][utils.model][INFO] - Epoch Results:
[2024-06-19 21:14:34,950][utils.model][INFO] - (In epoch/Overall): (1/314)| inst_loss: 0.2356 - Mean loss: 0.2356 - acc: 0.9062 - norm: 0.05 - 0.14s
[2024-06-19 21:14:36,793][utils.model][INFO] - Evaluation Results - Val Loss: 0.1532, Val Accuracy: 0.9550 in 32 steps
[2024-06-19 21:14:40,974][utils.model][INFO] - ========================== Epoch Start ==========================
[2024-06-19 21:14:41,121][utils.model][INFO] - (In epoch/Overall): (1/315)| inst_loss: 0.1458 - Mean loss: 0.3769 - acc: 0.8750 - norm: 0.10 - 0.38s
[2024-06-19 21:14:41,129][utils.model][INFO] - Epoch Results:
[2024-06-19 21:14:41,133][utils.model][INFO] - (In epoch/Overall): (1/315)| inst_loss: 0.3769 - Mean loss: 0.3769 - acc: 0.8750 - norm: 0.10 - 0.16s
[2024-06-19 21:14:42,996][utils.model][INFO] - Evaluation Results - Val Loss: 0.1667, Val Accuracy: 0.9525 in 32 steps
[2024-06-19 21:14:47,499][utils.model][INFO] - ========================== Epoch Start ==========================
[2024-06-19 21:14:47,649][utils.model][INFO] - (In epoch/Overall): (1/316)| inst_loss: 0.1484 - Mean loss: 0.0860 - acc: 0.9688 - norm: 0.02 - 0.09s
[2024-06-19 21:14:47,655][utils.model][INFO] - Epoch Results:
[2024-06-19 21:14:47,659][utils.model][INFO] - (In epoch/Overall): (1/316)| inst_loss: 0.0860 - Mean loss: 0.0860 - acc: 0.9688 - norm: 0.02 - 0.16s
[2024-06-19 21:14:49,289][utils.model][INFO] - Evaluation Results - Val Loss: 0.1593, Val Accuracy: 0.9505 in 32 steps
[2024-06-19 21:14:53,479][utils.model][INFO] - ========================== Epoch Start ==========================
[2024-06-19 21:14:53,599][utils.model][INFO] - (In epoch/Overall): (1/317)| inst_loss: 0.1189 - Mean loss: 0.4652 - acc: 0.8750 - norm: 0.09 - 0.47s
[2024-06-19 21:14:53,605][utils.model][INFO] - Epoch Results:
[2024-06-19 21:14:53,608][utils.model][INFO] - (In epoch/Overall): (1/317)| inst_loss: 0.4652 - Mean loss: 0.4652 - acc: 0.8750 - norm: 0.09 - 0.13s
[2024-06-19 21:14:55,140][utils.model][INFO] - Evaluation Results - Val Loss: 0.1661, Val Accuracy: 0.9485 in 32 steps
[2024-06-19 21:14:59,256][utils.model][INFO] - ========================== Epoch Start ==========================
[2024-06-19 21:14:59,381][utils.model][INFO] - (In epoch/Overall): (1/318)| inst_loss: 0.1233 - Mean loss: 0.3014 - acc: 0.9375 - norm: 0.08 - 0.30s
[2024-06-19 21:14:59,387][utils.model][INFO] - Epoch Results:
[2024-06-19 21:14:59,391][utils.model][INFO] - (In epoch/Overall): (1/318)| inst_loss: 0.3014 - Mean loss: 0.3014 - acc: 0.9375 - norm: 0.08 - 0.13s
[2024-06-19 21:15:01,004][utils.model][INFO] - Evaluation Results - Val Loss: 0.1517, Val Accuracy: 0.9575 in 32 steps
[2024-06-19 21:15:05,270][utils.model][INFO] - ========================== Epoch Start ==========================
[2024-06-19 21:15:05,405][utils.model][INFO] - (In epoch/Overall): (1/319)| inst_loss: 0.1333 - Mean loss: 0.1723 - acc: 0.9375 - norm: 0.06 - 0.17s
[2024-06-19 21:15:05,412][utils.model][INFO] - Epoch Results:
[2024-06-19 21:15:05,416][utils.model][INFO] - (In epoch/Overall): (1/319)| inst_loss: 0.1723 - Mean loss: 0.1723 - acc: 0.9375 - norm: 0.06 - 0.14s
[2024-06-19 21:15:07,266][utils.model][INFO] - Evaluation Results - Val Loss: 0.1502, Val Accuracy: 0.9560 in 32 steps
[2024-06-19 21:15:11,736][utils.model][INFO] - ========================== Epoch Start ==========================
[2024-06-19 21:15:11,908][utils.model][INFO] - (In epoch/Overall): (1/320)| inst_loss: 0.1686 - Mean loss: 0.3040 - acc: 0.9375 - norm: 0.04 - 0.30s
[2024-06-19 21:15:11,918][utils.model][INFO] - Epoch Results:
[2024-06-19 21:15:11,922][utils.model][INFO] - (In epoch/Overall): (1/320)| inst_loss: 0.3040 - Mean loss: 0.3040 - acc: 0.9375 - norm: 0.04 - 0.18s
[2024-06-19 21:15:13,696][utils.model][INFO] - Evaluation Results - Val Loss: 0.1393, Val Accuracy: 0.9610 in 32 steps
[2024-06-19 21:15:17,159][utils.model][INFO] - ========================== Epoch Start ==========================
[2024-06-19 21:15:17,263][utils.model][INFO] - (In epoch/Overall): (1/321)| inst_loss: 0.1029 - Mean loss: 0.0109 - acc: 1.0000 - norm: 0.00 - 0.01s
[2024-06-19 21:15:17,269][utils.model][INFO] - Epoch Results:
[2024-06-19 21:15:17,272][utils.model][INFO] - (In epoch/Overall): (1/321)| inst_loss: 0.0109 - Mean loss: 0.0109 - acc: 1.0000 - norm: 0.00 - 0.11s
[2024-06-19 21:15:18,863][utils.model][INFO] - Evaluation Results - Val Loss: 0.1428, Val Accuracy: 0.9560 in 32 steps
[2024-06-19 21:15:23,038][utils.model][INFO] - ========================== Epoch Start ==========================
[2024-06-19 21:15:23,158][utils.model][INFO] - (In epoch/Overall): (1/322)| inst_loss: 0.1188 - Mean loss: 0.0775 - acc: 0.9688 - norm: 0.02 - 0.08s
[2024-06-19 21:15:23,164][utils.model][INFO] - Epoch Results:
[2024-06-19 21:15:23,168][utils.model][INFO] - (In epoch/Overall): (1/322)| inst_loss: 0.0775 - Mean loss: 0.0775 - acc: 0.9688 - norm: 0.02 - 0.13s
[2024-06-19 21:15:24,754][utils.model][INFO] - Evaluation Results - Val Loss: 0.1472, Val Accuracy: 0.9530 in 32 steps
[2024-06-19 21:15:28,962][utils.model][INFO] - ========================== Epoch Start ==========================
[2024-06-19 21:15:29,080][utils.model][INFO] - (In epoch/Overall): (1/323)| inst_loss: 0.1167 - Mean loss: 0.1082 - acc: 0.9688 - norm: 0.03 - 0.11s
[2024-06-19 21:15:29,086][utils.model][INFO] - Epoch Results:
[2024-06-19 21:15:29,089][utils.model][INFO] - (In epoch/Overall): (1/323)| inst_loss: 0.1082 - Mean loss: 0.1082 - acc: 0.9688 - norm: 0.03 - 0.13s
[2024-06-19 21:15:30,983][utils.model][INFO] - Evaluation Results - Val Loss: 0.1447, Val Accuracy: 0.9545 in 32 steps
[2024-06-19 21:15:35,251][utils.model][INFO] - ========================== Epoch Start ==========================
[2024-06-19 21:15:35,427][utils.model][INFO] - (In epoch/Overall): (1/324)| inst_loss: 0.1723 - Mean loss: 0.1433 - acc: 0.9688 - norm: 0.04 - 0.14s
[2024-06-19 21:15:35,436][utils.model][INFO] - Epoch Results:
[2024-06-19 21:15:35,441][utils.model][INFO] - (In epoch/Overall): (1/324)| inst_loss: 0.1433 - Mean loss: 0.1433 - acc: 0.9688 - norm: 0.04 - 0.19s
[2024-06-19 21:15:37,272][utils.model][INFO] - Evaluation Results - Val Loss: 0.1583, Val Accuracy: 0.9495 in 32 steps
[2024-06-19 21:15:41,795][utils.model][INFO] - ========================== Epoch Start ==========================
[2024-06-19 21:15:41,926][utils.model][INFO] - (In epoch/Overall): (1/325)| inst_loss: 0.1289 - Mean loss: 0.5422 - acc: 0.8750 - norm: 0.11 - 0.54s
[2024-06-19 21:15:41,934][utils.model][INFO] - Epoch Results:
[2024-06-19 21:15:41,938][utils.model][INFO] - (In epoch/Overall): (1/325)| inst_loss: 0.5422 - Mean loss: 0.5422 - acc: 0.8750 - norm: 0.11 - 0.14s
[2024-06-19 21:15:43,621][utils.model][INFO] - Evaluation Results - Val Loss: 0.1485, Val Accuracy: 0.9535 in 32 steps
[2024-06-19 21:15:47,898][utils.model][INFO] - ========================== Epoch Start ==========================
[2024-06-19 21:15:48,044][utils.model][INFO] - (In epoch/Overall): (1/326)| inst_loss: 0.1441 - Mean loss: 0.1027 - acc: 0.9688 - norm: 0.04 - 0.10s
[2024-06-19 21:15:48,052][utils.model][INFO] - Epoch Results:
[2024-06-19 21:15:48,056][utils.model][INFO] - (In epoch/Overall): (1/326)| inst_loss: 0.1027 - Mean loss: 0.1027 - acc: 0.9688 - norm: 0.04 - 0.16s
[2024-06-19 21:15:49,986][utils.model][INFO] - Evaluation Results - Val Loss: 0.1639, Val Accuracy: 0.9510 in 32 steps
[2024-06-19 21:15:54,258][utils.model][INFO] - ========================== Epoch Start ==========================
[2024-06-19 21:15:54,400][utils.model][INFO] - (In epoch/Overall): (1/327)| inst_loss: 0.1405 - Mean loss: 0.0351 - acc: 1.0000 - norm: 0.01 - 0.04s
[2024-06-19 21:15:54,409][utils.model][INFO] - Epoch Results:
[2024-06-19 21:15:54,413][utils.model][INFO] - (In epoch/Overall): (1/327)| inst_loss: 0.0351 - Mean loss: 0.0351 - acc: 1.0000 - norm: 0.01 - 0.15s
[2024-06-19 21:15:56,317][utils.model][INFO] - Evaluation Results - Val Loss: 0.1435, Val Accuracy: 0.9590 in 32 steps
[2024-06-19 21:16:00,594][utils.model][INFO] - ========================== Epoch Start ==========================
[2024-06-19 21:16:00,749][utils.model][INFO] - (In epoch/Overall): (1/328)| inst_loss: 0.1516 - Mean loss: 0.1493 - acc: 0.9688 - norm: 0.04 - 0.15s
[2024-06-19 21:16:00,757][utils.model][INFO] - Epoch Results:
[2024-06-19 21:16:00,762][utils.model][INFO] - (In epoch/Overall): (1/328)| inst_loss: 0.1493 - Mean loss: 0.1493 - acc: 0.9688 - norm: 0.04 - 0.16s
[2024-06-19 21:16:02,671][utils.model][INFO] - Evaluation Results - Val Loss: 0.1262, Val Accuracy: 0.9635 in 32 steps
[2024-06-19 21:16:06,955][utils.model][INFO] - ========================== Epoch Start ==========================
[2024-06-19 21:16:07,101][utils.model][INFO] - (In epoch/Overall): (1/329)| inst_loss: 0.1442 - Mean loss: 0.1299 - acc: 0.9375 - norm: 0.05 - 0.13s
[2024-06-19 21:16:07,108][utils.model][INFO] - Epoch Results:
[2024-06-19 21:16:07,113][utils.model][INFO] - (In epoch/Overall): (1/329)| inst_loss: 0.1299 - Mean loss: 0.1299 - acc: 0.9375 - norm: 0.05 - 0.16s
[2024-06-19 21:16:09,044][utils.model][INFO] - Evaluation Results - Val Loss: 0.1485, Val Accuracy: 0.9560 in 32 steps
[2024-06-19 21:16:13,615][utils.model][INFO] - ========================== Epoch Start ==========================
[2024-06-19 21:16:13,774][utils.model][INFO] - (In epoch/Overall): (1/330)| inst_loss: 0.1574 - Mean loss: 0.0918 - acc: 0.9375 - norm: 0.03 - 0.09s
[2024-06-19 21:16:13,782][utils.model][INFO] - Epoch Results:
[2024-06-19 21:16:13,785][utils.model][INFO] - (In epoch/Overall): (1/330)| inst_loss: 0.0918 - Mean loss: 0.0918 - acc: 0.9375 - norm: 0.03 - 0.17s
[2024-06-19 21:16:15,445][utils.model][INFO] - Evaluation Results - Val Loss: 0.1310, Val Accuracy: 0.9610 in 32 steps
[2024-06-19 21:16:19,805][utils.model][INFO] - ========================== Epoch Start ==========================
[2024-06-19 21:16:19,918][utils.model][INFO] - (In epoch/Overall): (1/331)| inst_loss: 0.1112 - Mean loss: 0.0336 - acc: 1.0000 - norm: 0.01 - 0.03s
[2024-06-19 21:16:19,926][utils.model][INFO] - Epoch Results:
[2024-06-19 21:16:19,929][utils.model][INFO] - (In epoch/Overall): (1/331)| inst_loss: 0.0336 - Mean loss: 0.0336 - acc: 1.0000 - norm: 0.01 - 0.12s
[2024-06-19 21:16:21,511][utils.model][INFO] - Evaluation Results - Val Loss: 0.1398, Val Accuracy: 0.9635 in 32 steps
[2024-06-19 21:16:25,960][utils.model][INFO] - ========================== Epoch Start ==========================
[2024-06-19 21:16:26,075][utils.model][INFO] - (In epoch/Overall): (1/332)| inst_loss: 0.1136 - Mean loss: 0.0499 - acc: 0.9688 - norm: 0.02 - 0.05s
[2024-06-19 21:16:26,081][utils.model][INFO] - Epoch Results:
[2024-06-19 21:16:26,084][utils.model][INFO] - (In epoch/Overall): (1/332)| inst_loss: 0.0499 - Mean loss: 0.0499 - acc: 0.9688 - norm: 0.02 - 0.12s
[2024-06-19 21:16:27,712][utils.model][INFO] - Evaluation Results - Val Loss: 0.1468, Val Accuracy: 0.9585 in 32 steps
[2024-06-19 21:16:32,160][utils.model][INFO] - ========================== Epoch Start ==========================
[2024-06-19 21:16:32,289][utils.model][INFO] - (In epoch/Overall): (1/333)| inst_loss: 0.1272 - Mean loss: 0.0482 - acc: 0.9688 - norm: 0.02 - 0.05s
[2024-06-19 21:16:32,297][utils.model][INFO] - Epoch Results:
[2024-06-19 21:16:32,301][utils.model][INFO] - (In epoch/Overall): (1/333)| inst_loss: 0.0482 - Mean loss: 0.0482 - acc: 0.9688 - norm: 0.02 - 0.14s
[2024-06-19 21:16:34,272][utils.model][INFO] - Evaluation Results - Val Loss: 0.1581, Val Accuracy: 0.9520 in 32 steps
[2024-06-19 21:16:38,970][utils.model][INFO] - ========================== Epoch Start ==========================
[2024-06-19 21:16:39,108][utils.model][INFO] - (In epoch/Overall): (1/334)| inst_loss: 0.1357 - Mean loss: 0.0760 - acc: 1.0000 - norm: 0.02 - 0.08s
[2024-06-19 21:16:39,114][utils.model][INFO] - Epoch Results:
[2024-06-19 21:16:39,117][utils.model][INFO] - (In epoch/Overall): (1/334)| inst_loss: 0.0760 - Mean loss: 0.0760 - acc: 1.0000 - norm: 0.02 - 0.15s
[2024-06-19 21:16:40,773][utils.model][INFO] - Evaluation Results - Val Loss: 0.1478, Val Accuracy: 0.9510 in 32 steps
[2024-06-19 21:16:45,266][utils.model][INFO] - ========================== Epoch Start ==========================
[2024-06-19 21:16:45,385][utils.model][INFO] - (In epoch/Overall): (1/335)| inst_loss: 0.1181 - Mean loss: 0.1513 - acc: 0.9375 - norm: 0.06 - 0.15s
[2024-06-19 21:16:45,393][utils.model][INFO] - Epoch Results:
[2024-06-19 21:16:45,397][utils.model][INFO] - (In epoch/Overall): (1/335)| inst_loss: 0.1513 - Mean loss: 0.1513 - acc: 0.9375 - norm: 0.06 - 0.13s
[2024-06-19 21:16:46,984][utils.model][INFO] - Evaluation Results - Val Loss: 0.1459, Val Accuracy: 0.9580 in 32 steps
[2024-06-19 21:16:51,277][utils.model][INFO] - ========================== Epoch Start ==========================
[2024-06-19 21:16:51,392][utils.model][INFO] - (In epoch/Overall): (1/336)| inst_loss: 0.1138 - Mean loss: 0.0681 - acc: 1.0000 - norm: 0.01 - 0.07s
[2024-06-19 21:16:51,397][utils.model][INFO] - Epoch Results:
[2024-06-19 21:16:51,401][utils.model][INFO] - (In epoch/Overall): (1/336)| inst_loss: 0.0681 - Mean loss: 0.0681 - acc: 1.0000 - norm: 0.01 - 0.12s
[2024-06-19 21:16:52,975][utils.model][INFO] - Evaluation Results - Val Loss: 0.1314, Val Accuracy: 0.9595 in 32 steps
[2024-06-19 21:16:57,159][utils.model][INFO] - ========================== Epoch Start ==========================
[2024-06-19 21:16:57,576][utils.model][INFO] - (In epoch/Overall): (1/337)| inst_loss: 0.4149 - Mean loss: 0.2283 - acc: 0.9375 - norm: 0.09 - 0.23s
[2024-06-19 21:16:57,583][utils.model][INFO] - Epoch Results:
[2024-06-19 21:16:57,587][utils.model][INFO] - (In epoch/Overall): (1/337)| inst_loss: 0.2283 - Mean loss: 0.2283 - acc: 0.9375 - norm: 0.09 - 0.43s
[2024-06-19 21:16:59,420][utils.model][INFO] - Evaluation Results - Val Loss: 0.1759, Val Accuracy: 0.9425 in 32 steps
[2024-06-19 21:17:03,696][utils.model][INFO] - ========================== Epoch Start ==========================
[2024-06-19 21:17:03,847][utils.model][INFO] - (In epoch/Overall): (1/338)| inst_loss: 0.1489 - Mean loss: 0.2564 - acc: 0.9375 - norm: 0.07 - 0.26s
[2024-06-19 21:17:03,856][utils.model][INFO] - Epoch Results:
[2024-06-19 21:17:03,860][utils.model][INFO] - (In epoch/Overall): (1/338)| inst_loss: 0.2564 - Mean loss: 0.2564 - acc: 0.9375 - norm: 0.07 - 0.16s
[2024-06-19 21:17:05,992][utils.model][INFO] - Evaluation Results - Val Loss: 0.1508, Val Accuracy: 0.9555 in 32 steps
[2024-06-19 21:17:10,417][utils.model][INFO] - ========================== Epoch Start ==========================
[2024-06-19 21:17:10,573][utils.model][INFO] - (In epoch/Overall): (1/339)| inst_loss: 0.1540 - Mean loss: 0.1432 - acc: 0.9688 - norm: 0.03 - 0.14s
[2024-06-19 21:17:10,580][utils.model][INFO] - Epoch Results:
[2024-06-19 21:17:10,585][utils.model][INFO] - (In epoch/Overall): (1/339)| inst_loss: 0.1432 - Mean loss: 0.1432 - acc: 0.9688 - norm: 0.03 - 0.16s
[2024-06-19 21:17:12,599][utils.model][INFO] - Evaluation Results - Val Loss: 0.1607, Val Accuracy: 0.9520 in 32 steps
[2024-06-19 21:17:17,066][utils.model][INFO] - ========================== Epoch Start ==========================
[2024-06-19 21:17:17,234][utils.model][INFO] - (In epoch/Overall): (1/340)| inst_loss: 0.1647 - Mean loss: 0.1856 - acc: 0.9375 - norm: 0.08 - 0.19s
[2024-06-19 21:17:17,246][utils.model][INFO] - Epoch Results:
[2024-06-19 21:17:17,251][utils.model][INFO] - (In epoch/Overall): (1/340)| inst_loss: 0.1856 - Mean loss: 0.1856 - acc: 0.9375 - norm: 0.08 - 0.18s
[2024-06-19 21:17:19,100][utils.model][INFO] - Evaluation Results - Val Loss: 0.1582, Val Accuracy: 0.9465 in 32 steps
[2024-06-19 21:17:23,463][utils.model][INFO] - ========================== Epoch Start ==========================
[2024-06-19 21:17:23,632][utils.model][INFO] - (In epoch/Overall): (1/341)| inst_loss: 0.1669 - Mean loss: 0.2235 - acc: 0.9062 - norm: 0.06 - 0.22s
[2024-06-19 21:17:23,642][utils.model][INFO] - Epoch Results:
[2024-06-19 21:17:23,648][utils.model][INFO] - (In epoch/Overall): (1/341)| inst_loss: 0.2235 - Mean loss: 0.2235 - acc: 0.9062 - norm: 0.06 - 0.18s
[2024-06-19 21:17:25,570][utils.model][INFO] - Evaluation Results - Val Loss: 0.1270, Val Accuracy: 0.9590 in 32 steps
[2024-06-19 21:17:29,760][utils.model][INFO] - ========================== Epoch Start ==========================
[2024-06-19 21:17:29,888][utils.model][INFO] - (In epoch/Overall): (1/342)| inst_loss: 0.1266 - Mean loss: 0.2520 - acc: 0.9062 - norm: 0.05 - 0.25s
[2024-06-19 21:17:29,894][utils.model][INFO] - Epoch Results:
[2024-06-19 21:17:29,898][utils.model][INFO] - (In epoch/Overall): (1/342)| inst_loss: 0.2520 - Mean loss: 0.2520 - acc: 0.9062 - norm: 0.05 - 0.14s
[2024-06-19 21:17:31,527][utils.model][INFO] - Evaluation Results - Val Loss: 0.1369, Val Accuracy: 0.9565 in 32 steps
[2024-06-19 21:17:35,786][utils.model][INFO] - ========================== Epoch Start ==========================
[2024-06-19 21:17:35,931][utils.model][INFO] - (In epoch/Overall): (1/343)| inst_loss: 0.1420 - Mean loss: 0.1074 - acc: 0.9375 - norm: 0.03 - 0.11s
[2024-06-19 21:17:35,940][utils.model][INFO] - Epoch Results:
[2024-06-19 21:17:35,945][utils.model][INFO] - (In epoch/Overall): (1/343)| inst_loss: 0.1074 - Mean loss: 0.1074 - acc: 0.9375 - norm: 0.03 - 0.16s
[2024-06-19 21:17:37,831][utils.model][INFO] - Evaluation Results - Val Loss: 0.1496, Val Accuracy: 0.9555 in 32 steps
[2024-06-19 21:17:42,174][utils.model][INFO] - ========================== Epoch Start ==========================
[2024-06-19 21:17:42,326][utils.model][INFO] - (In epoch/Overall): (1/344)| inst_loss: 0.1508 - Mean loss: 0.1543 - acc: 0.9688 - norm: 0.03 - 0.15s
[2024-06-19 21:17:42,332][utils.model][INFO] - Epoch Results:
[2024-06-19 21:17:42,334][utils.model][INFO] - (In epoch/Overall): (1/344)| inst_loss: 0.1543 - Mean loss: 0.1543 - acc: 0.9688 - norm: 0.03 - 0.16s
[2024-06-19 21:17:43,974][utils.model][INFO] - Evaluation Results - Val Loss: 0.1482, Val Accuracy: 0.9560 in 32 steps
[2024-06-19 21:17:48,240][utils.model][INFO] - ========================== Epoch Start ==========================
[2024-06-19 21:17:48,368][utils.model][INFO] - (In epoch/Overall): (1/345)| inst_loss: 0.1260 - Mean loss: 0.0118 - acc: 1.0000 - norm: 0.00 - 0.01s
[2024-06-19 21:17:48,375][utils.model][INFO] - Epoch Results:
[2024-06-19 21:17:48,378][utils.model][INFO] - (In epoch/Overall): (1/345)| inst_loss: 0.0118 - Mean loss: 0.0118 - acc: 1.0000 - norm: 0.00 - 0.14s
[2024-06-19 21:17:49,946][utils.model][INFO] - Evaluation Results - Val Loss: 0.1351, Val Accuracy: 0.9615 in 32 steps
[2024-06-19 21:17:54,352][utils.model][INFO] - ========================== Epoch Start ==========================
[2024-06-19 21:17:54,480][utils.model][INFO] - (In epoch/Overall): (1/346)| inst_loss: 0.1258 - Mean loss: 0.1181 - acc: 0.9688 - norm: 0.03 - 0.12s
[2024-06-19 21:17:54,487][utils.model][INFO] - Epoch Results:
[2024-06-19 21:17:54,491][utils.model][INFO] - (In epoch/Overall): (1/346)| inst_loss: 0.1181 - Mean loss: 0.1181 - acc: 0.9688 - norm: 0.03 - 0.14s
[2024-06-19 21:17:56,046][utils.model][INFO] - Evaluation Results - Val Loss: 0.1413, Val Accuracy: 0.9600 in 32 steps
[2024-06-19 21:18:00,563][utils.model][INFO] - ========================== Epoch Start ==========================
[2024-06-19 21:18:00,696][utils.model][INFO] - (In epoch/Overall): (1/347)| inst_loss: 0.1307 - Mean loss: 0.0659 - acc: 0.9688 - norm: 0.02 - 0.07s
[2024-06-19 21:18:00,704][utils.model][INFO] - Epoch Results:
[2024-06-19 21:18:00,707][utils.model][INFO] - (In epoch/Overall): (1/347)| inst_loss: 0.0659 - Mean loss: 0.0659 - acc: 0.9688 - norm: 0.02 - 0.14s
[2024-06-19 21:18:02,251][utils.model][INFO] - Evaluation Results - Val Loss: 0.1336, Val Accuracy: 0.9560 in 32 steps
[2024-06-19 21:18:06,654][utils.model][INFO] - ========================== Epoch Start ==========================
[2024-06-19 21:18:06,777][utils.model][INFO] - (In epoch/Overall): (1/348)| inst_loss: 0.1203 - Mean loss: 0.1636 - acc: 0.9688 - norm: 0.05 - 0.16s
[2024-06-19 21:18:06,787][utils.model][INFO] - Epoch Results:
[2024-06-19 21:18:06,791][utils.model][INFO] - (In epoch/Overall): (1/348)| inst_loss: 0.1636 - Mean loss: 0.1636 - acc: 0.9688 - norm: 0.05 - 0.13s
[2024-06-19 21:18:08,346][utils.model][INFO] - Evaluation Results - Val Loss: 0.1533, Val Accuracy: 0.9495 in 32 steps
[2024-06-19 21:18:12,749][utils.model][INFO] - ========================== Epoch Start ==========================
[2024-06-19 21:18:12,871][utils.model][INFO] - (In epoch/Overall): (1/349)| inst_loss: 0.1215 - Mean loss: 0.2404 - acc: 0.9375 - norm: 0.07 - 0.24s
[2024-06-19 21:18:12,880][utils.model][INFO] - Epoch Results:
[2024-06-19 21:18:12,886][utils.model][INFO] - (In epoch/Overall): (1/349)| inst_loss: 0.2404 - Mean loss: 0.2404 - acc: 0.9375 - norm: 0.07 - 0.13s
[2024-06-19 21:18:14,492][utils.model][INFO] - Evaluation Results - Val Loss: 0.1465, Val Accuracy: 0.9510 in 32 steps
[2024-06-19 21:18:18,705][utils.model][INFO] - ========================== Epoch Start ==========================
[2024-06-19 21:18:18,822][utils.model][INFO] - (In epoch/Overall): (1/350)| inst_loss: 0.1153 - Mean loss: 0.1699 - acc: 0.9688 - norm: 0.05 - 0.17s
[2024-06-19 21:18:18,828][utils.model][INFO] - Epoch Results:
[2024-06-19 21:18:18,832][utils.model][INFO] - (In epoch/Overall): (1/350)| inst_loss: 0.1699 - Mean loss: 0.1699 - acc: 0.9688 - norm: 0.05 - 0.12s
[2024-06-19 21:18:20,377][utils.model][INFO] - Evaluation Results - Val Loss: 0.1923, Val Accuracy: 0.9330 in 32 steps
[2024-06-19 21:18:24,791][utils.model][INFO] - ========================== Epoch Start ==========================
[2024-06-19 21:18:24,909][utils.model][INFO] - (In epoch/Overall): (1/351)| inst_loss: 0.1167 - Mean loss: 0.0665 - acc: 0.9688 - norm: 0.03 - 0.07s
[2024-06-19 21:18:24,915][utils.model][INFO] - Epoch Results:
[2024-06-19 21:18:24,919][utils.model][INFO] - (In epoch/Overall): (1/351)| inst_loss: 0.0665 - Mean loss: 0.0665 - acc: 0.9688 - norm: 0.03 - 0.13s
[2024-06-19 21:18:26,450][utils.model][INFO] - Evaluation Results - Val Loss: 0.1631, Val Accuracy: 0.9455 in 32 steps
[2024-06-19 21:18:30,717][utils.model][INFO] - ========================== Epoch Start ==========================
[2024-06-19 21:18:30,854][utils.model][INFO] - (In epoch/Overall): (1/352)| inst_loss: 0.1347 - Mean loss: 0.2767 - acc: 0.9375 - norm: 0.08 - 0.28s
[2024-06-19 21:18:30,864][utils.model][INFO] - Epoch Results:
[2024-06-19 21:18:30,868][utils.model][INFO] - (In epoch/Overall): (1/352)| inst_loss: 0.2767 - Mean loss: 0.2767 - acc: 0.9375 - norm: 0.08 - 0.15s
[2024-06-19 21:18:32,755][utils.model][INFO] - Evaluation Results - Val Loss: 0.1479, Val Accuracy: 0.9520 in 32 steps
[2024-06-19 21:18:36,960][utils.model][INFO] - ========================== Epoch Start ==========================
[2024-06-19 21:18:37,099][utils.model][INFO] - (In epoch/Overall): (1/353)| inst_loss: 0.1377 - Mean loss: 0.2345 - acc: 0.9375 - norm: 0.06 - 0.23s
[2024-06-19 21:18:37,105][utils.model][INFO] - Epoch Results:
[2024-06-19 21:18:37,109][utils.model][INFO] - (In epoch/Overall): (1/353)| inst_loss: 0.2345 - Mean loss: 0.2345 - acc: 0.9375 - norm: 0.06 - 0.15s
[2024-06-19 21:18:38,713][utils.model][INFO] - Evaluation Results - Val Loss: 0.1317, Val Accuracy: 0.9620 in 32 steps
[2024-06-19 21:18:42,963][utils.model][INFO] - ========================== Epoch Start ==========================
[2024-06-19 21:18:43,092][utils.model][INFO] - (In epoch/Overall): (1/354)| inst_loss: 0.1270 - Mean loss: 0.1736 - acc: 0.9688 - norm: 0.06 - 0.17s
[2024-06-19 21:18:43,100][utils.model][INFO] - Epoch Results:
[2024-06-19 21:18:43,103][utils.model][INFO] - (In epoch/Overall): (1/354)| inst_loss: 0.1736 - Mean loss: 0.1736 - acc: 0.9688 - norm: 0.06 - 0.14s
[2024-06-19 21:18:44,647][utils.model][INFO] - Evaluation Results - Val Loss: 0.1427, Val Accuracy: 0.9565 in 32 steps
[2024-06-19 21:18:48,918][utils.model][INFO] - ========================== Epoch Start ==========================
[2024-06-19 21:18:49,056][utils.model][INFO] - (In epoch/Overall): (1/355)| inst_loss: 0.1362 - Mean loss: 0.2740 - acc: 0.9375 - norm: 0.07 - 0.27s
[2024-06-19 21:18:49,063][utils.model][INFO] - Epoch Results:
[2024-06-19 21:18:49,066][utils.model][INFO] - (In epoch/Overall): (1/355)| inst_loss: 0.2740 - Mean loss: 0.2740 - acc: 0.9375 - norm: 0.07 - 0.15s
[2024-06-19 21:18:50,603][utils.model][INFO] - Evaluation Results - Val Loss: 0.1366, Val Accuracy: 0.9590 in 32 steps
[2024-06-19 21:18:54,974][utils.model][INFO] - ========================== Epoch Start ==========================
[2024-06-19 21:18:55,092][utils.model][INFO] - (In epoch/Overall): (1/356)| inst_loss: 0.1171 - Mean loss: 0.0158 - acc: 1.0000 - norm: 0.00 - 0.02s
[2024-06-19 21:18:55,099][utils.model][INFO] - Epoch Results:
[2024-06-19 21:18:55,103][utils.model][INFO] - (In epoch/Overall): (1/356)| inst_loss: 0.0158 - Mean loss: 0.0158 - acc: 1.0000 - norm: 0.00 - 0.13s
[2024-06-19 21:18:56,654][utils.model][INFO] - Evaluation Results - Val Loss: 0.1337, Val Accuracy: 0.9595 in 32 steps
[2024-06-19 21:19:00,816][utils.model][INFO] - ========================== Epoch Start ==========================
[2024-06-19 21:19:00,934][utils.model][INFO] - (In epoch/Overall): (1/357)| inst_loss: 0.1168 - Mean loss: 0.0554 - acc: 1.0000 - norm: 0.01 - 0.06s
[2024-06-19 21:19:00,940][utils.model][INFO] - Epoch Results:
[2024-06-19 21:19:00,942][utils.model][INFO] - (In epoch/Overall): (1/357)| inst_loss: 0.0554 - Mean loss: 0.0554 - acc: 1.0000 - norm: 0.01 - 0.13s
[2024-06-19 21:19:02,480][utils.model][INFO] - Evaluation Results - Val Loss: 0.1292, Val Accuracy: 0.9625 in 32 steps
[2024-06-19 21:19:06,726][utils.model][INFO] - ========================== Epoch Start ==========================
[2024-06-19 21:19:06,844][utils.model][INFO] - (In epoch/Overall): (1/358)| inst_loss: 0.1164 - Mean loss: 0.1689 - acc: 0.9688 - norm: 0.03 - 0.17s
[2024-06-19 21:19:06,850][utils.model][INFO] - Epoch Results:
[2024-06-19 21:19:06,854][utils.model][INFO] - (In epoch/Overall): (1/358)| inst_loss: 0.1689 - Mean loss: 0.1689 - acc: 0.9688 - norm: 0.03 - 0.13s
[2024-06-19 21:19:08,406][utils.model][INFO] - Evaluation Results - Val Loss: 0.1373, Val Accuracy: 0.9560 in 32 steps
[2024-06-19 21:19:12,744][utils.model][INFO] - ========================== Epoch Start ==========================
[2024-06-19 21:19:12,865][utils.model][INFO] - (In epoch/Overall): (1/359)| inst_loss: 0.1181 - Mean loss: 0.2094 - acc: 0.9688 - norm: 0.03 - 0.21s
[2024-06-19 21:19:12,874][utils.model][INFO] - Epoch Results:
[2024-06-19 21:19:12,880][utils.model][INFO] - (In epoch/Overall): (1/359)| inst_loss: 0.2094 - Mean loss: 0.2094 - acc: 0.9688 - norm: 0.03 - 0.13s
[2024-06-19 21:19:14,444][utils.model][INFO] - Evaluation Results - Val Loss: 0.1559, Val Accuracy: 0.9495 in 32 steps
[2024-06-19 21:19:18,607][utils.model][INFO] - ========================== Epoch Start ==========================
[2024-06-19 21:19:18,731][utils.model][INFO] - (In epoch/Overall): (1/360)| inst_loss: 0.1221 - Mean loss: 0.0639 - acc: 1.0000 - norm: 0.03 - 0.06s
[2024-06-19 21:19:18,739][utils.model][INFO] - Epoch Results:
[2024-06-19 21:19:18,742][utils.model][INFO] - (In epoch/Overall): (1/360)| inst_loss: 0.0639 - Mean loss: 0.0639 - acc: 1.0000 - norm: 0.03 - 0.13s
[2024-06-19 21:19:20,302][utils.model][INFO] - Evaluation Results - Val Loss: 0.1656, Val Accuracy: 0.9545 in 32 steps
[2024-06-19 21:19:24,651][utils.model][INFO] - ========================== Epoch Start ==========================
[2024-06-19 21:19:24,799][utils.model][INFO] - (In epoch/Overall): (1/361)| inst_loss: 0.1446 - Mean loss: 0.1511 - acc: 0.9375 - norm: 0.07 - 0.15s
[2024-06-19 21:19:24,809][utils.model][INFO] - Epoch Results:
[2024-06-19 21:19:24,814][utils.model][INFO] - (In epoch/Overall): (1/361)| inst_loss: 0.1511 - Mean loss: 0.1511 - acc: 0.9375 - norm: 0.07 - 0.16s
[2024-06-19 21:19:26,681][utils.model][INFO] - Evaluation Results - Val Loss: 0.1840, Val Accuracy: 0.9520 in 32 steps
[2024-06-19 21:19:30,953][utils.model][INFO] - ========================== Epoch Start ==========================
[2024-06-19 21:19:31,111][utils.model][INFO] - (In epoch/Overall): (1/362)| inst_loss: 0.1568 - Mean loss: 0.1219 - acc: 0.9688 - norm: 0.03 - 0.12s
[2024-06-19 21:19:31,118][utils.model][INFO] - Epoch Results:
[2024-06-19 21:19:31,122][utils.model][INFO] - (In epoch/Overall): (1/362)| inst_loss: 0.1219 - Mean loss: 0.1219 - acc: 0.9688 - norm: 0.03 - 0.17s
[2024-06-19 21:19:32,689][utils.model][INFO] - Evaluation Results - Val Loss: 0.1442, Val Accuracy: 0.9540 in 32 steps
[2024-06-19 21:19:37,171][utils.model][INFO] - ========================== Epoch Start ==========================
[2024-06-19 21:19:37,296][utils.model][INFO] - (In epoch/Overall): (1/363)| inst_loss: 0.1236 - Mean loss: 0.0215 - acc: 1.0000 - norm: 0.00 - 0.02s
[2024-06-19 21:19:37,366][utils.model][INFO] - Epoch Results:
[2024-06-19 21:19:37,368][utils.model][INFO] - (In epoch/Overall): (1/363)| inst_loss: 0.0215 - Mean loss: 0.0215 - acc: 1.0000 - norm: 0.00 - 0.20s
[2024-06-19 21:19:38,924][utils.model][INFO] - Evaluation Results - Val Loss: 0.1433, Val Accuracy: 0.9590 in 32 steps
[2024-06-19 21:19:43,231][utils.model][INFO] - ========================== Epoch Start ==========================
[2024-06-19 21:19:43,358][utils.model][INFO] - (In epoch/Overall): (1/364)| inst_loss: 0.1255 - Mean loss: 0.2580 - acc: 0.9062 - norm: 0.06 - 0.26s
[2024-06-19 21:19:43,364][utils.model][INFO] - Epoch Results:
[2024-06-19 21:19:43,368][utils.model][INFO] - (In epoch/Overall): (1/364)| inst_loss: 0.2580 - Mean loss: 0.2580 - acc: 0.9062 - norm: 0.06 - 0.13s
[2024-06-19 21:19:44,912][utils.model][INFO] - Evaluation Results - Val Loss: 0.1334, Val Accuracy: 0.9590 in 32 steps
[2024-06-19 21:19:49,047][utils.model][INFO] - ========================== Epoch Start ==========================
[2024-06-19 21:19:49,181][utils.model][INFO] - (In epoch/Overall): (1/365)| inst_loss: 0.1328 - Mean loss: 0.1852 - acc: 0.9688 - norm: 0.04 - 0.19s
[2024-06-19 21:19:49,188][utils.model][INFO] - Epoch Results:
[2024-06-19 21:19:49,191][utils.model][INFO] - (In epoch/Overall): (1/365)| inst_loss: 0.1852 - Mean loss: 0.1852 - acc: 0.9688 - norm: 0.04 - 0.14s
[2024-06-19 21:19:50,688][utils.model][INFO] - Evaluation Results - Val Loss: 0.1593, Val Accuracy: 0.9510 in 32 steps
[2024-06-19 21:19:55,801][utils.model][INFO] - Evaluation Results - Val Loss: 0.1590, Val Accuracy: 0.9515 in 32 steps
[2024-06-19 21:20:00,955][utils.model][INFO] - Evaluation Results - Val Loss: 0.2087, Val Accuracy: 0.9280 in 32 steps
[2024-06-19 21:20:05,255][utils.model][INFO] - ========================== Epoch Start ==========================
[2024-06-19 21:20:05,368][utils.model][INFO] - (In epoch/Overall): (1/366)| inst_loss: 0.1119 - Mean loss: 0.1413 - acc: 0.9688 - norm: 0.07 - 0.14s
[2024-06-19 21:20:05,374][utils.model][INFO] - Epoch Results:
[2024-06-19 21:20:05,377][utils.model][INFO] - (In epoch/Overall): (1/366)| inst_loss: 0.1413 - Mean loss: 0.1413 - acc: 0.9688 - norm: 0.07 - 0.12s
[2024-06-19 21:20:06,923][utils.model][INFO] - Evaluation Results - Val Loss: 0.1231, Val Accuracy: 0.9635 in 32 steps
[2024-06-19 21:20:11,458][utils.model][INFO] - ========================== Epoch Start ==========================
[2024-06-19 21:20:11,582][utils.model][INFO] - (In epoch/Overall): (1/367)| inst_loss: 0.1229 - Mean loss: 0.2138 - acc: 0.8750 - norm: 0.07 - 0.21s
[2024-06-19 21:20:11,587][utils.model][INFO] - Epoch Results:
[2024-06-19 21:20:11,592][utils.model][INFO] - (In epoch/Overall): (1/367)| inst_loss: 0.2138 - Mean loss: 0.2138 - acc: 0.8750 - norm: 0.07 - 0.13s
[2024-06-19 21:20:13,152][utils.model][INFO] - Evaluation Results - Val Loss: 0.1407, Val Accuracy: 0.9525 in 32 steps
[2024-06-19 21:20:17,275][utils.model][INFO] - ========================== Epoch Start ==========================
[2024-06-19 21:20:17,391][utils.model][INFO] - (In epoch/Overall): (1/368)| inst_loss: 0.1147 - Mean loss: 0.1797 - acc: 0.9375 - norm: 0.07 - 0.18s
[2024-06-19 21:20:17,397][utils.model][INFO] - Epoch Results:
[2024-06-19 21:20:17,401][utils.model][INFO] - (In epoch/Overall): (1/368)| inst_loss: 0.1797 - Mean loss: 0.1797 - acc: 0.9375 - norm: 0.07 - 0.12s
[2024-06-19 21:20:18,947][utils.model][INFO] - Evaluation Results - Val Loss: 0.1427, Val Accuracy: 0.9585 in 32 steps
[2024-06-19 21:20:22,455][utils.model][INFO] - ========================== Epoch Start ==========================
[2024-06-19 21:20:22,558][utils.model][INFO] - (In epoch/Overall): (1/369)| inst_loss: 0.1008 - Mean loss: 0.0326 - acc: 1.0000 - norm: 0.01 - 0.03s
[2024-06-19 21:20:22,563][utils.model][INFO] - Epoch Results:
[2024-06-19 21:20:22,566][utils.model][INFO] - (In epoch/Overall): (1/369)| inst_loss: 0.0326 - Mean loss: 0.0326 - acc: 1.0000 - norm: 0.01 - 0.11s
[2024-06-19 21:20:24,091][utils.model][INFO] - Evaluation Results - Val Loss: 0.1338, Val Accuracy: 0.9630 in 32 steps
[2024-06-19 21:20:28,584][utils.model][INFO] - ========================== Epoch Start ==========================
[2024-06-19 21:20:28,722][utils.model][INFO] - (In epoch/Overall): (1/370)| inst_loss: 0.1362 - Mean loss: 0.2077 - acc: 0.9375 - norm: 0.06 - 0.21s
[2024-06-19 21:20:28,728][utils.model][INFO] - Epoch Results:
[2024-06-19 21:20:28,732][utils.model][INFO] - (In epoch/Overall): (1/370)| inst_loss: 0.2077 - Mean loss: 0.2077 - acc: 0.9375 - norm: 0.06 - 0.15s
[2024-06-19 21:20:30,242][utils.model][INFO] - Evaluation Results - Val Loss: 0.1279, Val Accuracy: 0.9615 in 32 steps
[2024-06-19 21:20:34,618][utils.model][INFO] - ========================== Epoch Start ==========================
[2024-06-19 21:20:34,734][utils.model][INFO] - (In epoch/Overall): (1/371)| inst_loss: 0.1143 - Mean loss: 0.2531 - acc: 0.9375 - norm: 0.06 - 0.25s
[2024-06-19 21:20:34,740][utils.model][INFO] - Epoch Results:
[2024-06-19 21:20:34,744][utils.model][INFO] - (In epoch/Overall): (1/371)| inst_loss: 0.2531 - Mean loss: 0.2531 - acc: 0.9375 - norm: 0.06 - 0.12s
[2024-06-19 21:20:36,284][utils.model][INFO] - Evaluation Results - Val Loss: 0.1630, Val Accuracy: 0.9590 in 32 steps
[2024-06-19 21:20:40,686][utils.model][INFO] - ========================== Epoch Start ==========================
[2024-06-19 21:20:40,815][utils.model][INFO] - (In epoch/Overall): (1/372)| inst_loss: 0.1271 - Mean loss: 0.2759 - acc: 0.9062 - norm: 0.07 - 0.28s
[2024-06-19 21:20:40,822][utils.model][INFO] - Epoch Results:
[2024-06-19 21:20:40,825][utils.model][INFO] - (In epoch/Overall): (1/372)| inst_loss: 0.2759 - Mean loss: 0.2759 - acc: 0.9062 - norm: 0.07 - 0.14s
[2024-06-19 21:20:42,369][utils.model][INFO] - Evaluation Results - Val Loss: 0.1332, Val Accuracy: 0.9620 in 32 steps
[2024-06-19 21:20:46,683][utils.model][INFO] - ========================== Epoch Start ==========================
[2024-06-19 21:20:46,807][utils.model][INFO] - (In epoch/Overall): (1/373)| inst_loss: 0.1226 - Mean loss: 0.0818 - acc: 0.9688 - norm: 0.03 - 0.08s
[2024-06-19 21:20:46,813][utils.model][INFO] - Epoch Results:
[2024-06-19 21:20:46,817][utils.model][INFO] - (In epoch/Overall): (1/373)| inst_loss: 0.0818 - Mean loss: 0.0818 - acc: 0.9688 - norm: 0.03 - 0.13s
[2024-06-19 21:20:48,345][utils.model][INFO] - Evaluation Results - Val Loss: 0.1219, Val Accuracy: 0.9650 in 32 steps
[2024-06-19 21:20:52,653][utils.model][INFO] - ========================== Epoch Start ==========================
[2024-06-19 21:20:52,797][utils.model][INFO] - (In epoch/Overall): (1/374)| inst_loss: 0.1417 - Mean loss: 0.3918 - acc: 0.9688 - norm: 0.05 - 0.39s
[2024-06-19 21:20:52,808][utils.model][INFO] - Epoch Results:
[2024-06-19 21:20:52,813][utils.model][INFO] - (In epoch/Overall): (1/374)| inst_loss: 0.3918 - Mean loss: 0.3918 - acc: 0.9688 - norm: 0.05 - 0.16s
[2024-06-19 21:20:54,744][utils.model][INFO] - Evaluation Results - Val Loss: 0.1441, Val Accuracy: 0.9550 in 32 steps
[2024-06-19 21:20:58,933][utils.model][INFO] - ========================== Epoch Start ==========================
[2024-06-19 21:20:59,080][utils.model][INFO] - (In epoch/Overall): (1/375)| inst_loss: 0.1456 - Mean loss: 0.1254 - acc: 0.9688 - norm: 0.03 - 0.13s
[2024-06-19 21:20:59,085][utils.model][INFO] - Epoch Results:
[2024-06-19 21:20:59,088][utils.model][INFO] - (In epoch/Overall): (1/375)| inst_loss: 0.1254 - Mean loss: 0.1254 - acc: 0.9688 - norm: 0.03 - 0.15s
[2024-06-19 21:21:00,670][utils.model][INFO] - Evaluation Results - Val Loss: 0.1337, Val Accuracy: 0.9595 in 32 steps
[2024-06-19 21:21:04,211][utils.model][INFO] - ========================== Epoch Start ==========================
[2024-06-19 21:21:04,321][utils.model][INFO] - (In epoch/Overall): (1/376)| inst_loss: 0.1082 - Mean loss: 0.2642 - acc: 0.9375 - norm: 0.07 - 0.26s
[2024-06-19 21:21:04,326][utils.model][INFO] - Epoch Results:
[2024-06-19 21:21:04,328][utils.model][INFO] - (In epoch/Overall): (1/376)| inst_loss: 0.2642 - Mean loss: 0.2642 - acc: 0.9375 - norm: 0.07 - 0.12s
[2024-06-19 21:21:05,833][utils.model][INFO] - Evaluation Results - Val Loss: 0.1489, Val Accuracy: 0.9575 in 32 steps
[2024-06-19 21:21:10,353][utils.model][INFO] - ========================== Epoch Start ==========================
[2024-06-19 21:21:10,492][utils.model][INFO] - (In epoch/Overall): (1/377)| inst_loss: 0.1370 - Mean loss: 0.1397 - acc: 0.9688 - norm: 0.01 - 0.14s
[2024-06-19 21:21:10,499][utils.model][INFO] - Epoch Results:
[2024-06-19 21:21:10,502][utils.model][INFO] - (In epoch/Overall): (1/377)| inst_loss: 0.1397 - Mean loss: 0.1397 - acc: 0.9688 - norm: 0.01 - 0.15s
[2024-06-19 21:21:12,127][utils.model][INFO] - Evaluation Results - Val Loss: 0.1547, Val Accuracy: 0.9510 in 32 steps
[2024-06-19 21:21:16,489][utils.model][INFO] - ========================== Epoch Start ==========================
[2024-06-19 21:21:16,629][utils.model][INFO] - (In epoch/Overall): (1/378)| inst_loss: 0.1388 - Mean loss: 0.0852 - acc: 0.9688 - norm: 0.03 - 0.09s
[2024-06-19 21:21:16,635][utils.model][INFO] - Epoch Results:
[2024-06-19 21:21:16,638][utils.model][INFO] - (In epoch/Overall): (1/378)| inst_loss: 0.0852 - Mean loss: 0.0852 - acc: 0.9688 - norm: 0.03 - 0.15s
[2024-06-19 21:21:18,166][utils.model][INFO] - Evaluation Results - Val Loss: 0.1278, Val Accuracy: 0.9630 in 32 steps
[2024-06-19 21:21:22,618][utils.model][INFO] - ========================== Epoch Start ==========================
[2024-06-19 21:21:22,735][utils.model][INFO] - (In epoch/Overall): (1/379)| inst_loss: 0.1157 - Mean loss: 0.1086 - acc: 0.9375 - norm: 0.03 - 0.11s
[2024-06-19 21:21:22,741][utils.model][INFO] - Epoch Results:
[2024-06-19 21:21:22,744][utils.model][INFO] - (In epoch/Overall): (1/379)| inst_loss: 0.1086 - Mean loss: 0.1086 - acc: 0.9375 - norm: 0.03 - 0.12s
[2024-06-19 21:21:24,325][utils.model][INFO] - Evaluation Results - Val Loss: 0.1516, Val Accuracy: 0.9545 in 32 steps
[2024-06-19 21:21:28,688][utils.model][INFO] - ========================== Epoch Start ==========================
[2024-06-19 21:21:28,805][utils.model][INFO] - (In epoch/Overall): (1/380)| inst_loss: 0.1157 - Mean loss: 0.0971 - acc: 0.9688 - norm: 0.03 - 0.10s
[2024-06-19 21:21:28,811][utils.model][INFO] - Epoch Results:
[2024-06-19 21:21:28,814][utils.model][INFO] - (In epoch/Overall): (1/380)| inst_loss: 0.0971 - Mean loss: 0.0971 - acc: 0.9688 - norm: 0.03 - 0.12s
[2024-06-19 21:21:30,314][utils.model][INFO] - Evaluation Results - Val Loss: 0.1479, Val Accuracy: 0.9540 in 32 steps
[2024-06-19 21:21:34,637][utils.model][INFO] - ========================== Epoch Start ==========================
[2024-06-19 21:21:34,758][utils.model][INFO] - (In epoch/Overall): (1/381)| inst_loss: 0.1196 - Mean loss: 0.1246 - acc: 0.9375 - norm: 0.04 - 0.12s
[2024-06-19 21:21:34,764][utils.model][INFO] - Epoch Results:
[2024-06-19 21:21:34,770][utils.model][INFO] - (In epoch/Overall): (1/381)| inst_loss: 0.1246 - Mean loss: 0.1246 - acc: 0.9375 - norm: 0.04 - 0.13s
[2024-06-19 21:21:36,320][utils.model][INFO] - Evaluation Results - Val Loss: 0.1357, Val Accuracy: 0.9580 in 32 steps
[2024-06-19 21:21:40,492][utils.model][INFO] - ========================== Epoch Start ==========================
[2024-06-19 21:21:40,620][utils.model][INFO] - (In epoch/Overall): (1/382)| inst_loss: 0.1257 - Mean loss: 0.0604 - acc: 1.0000 - norm: 0.03 - 0.06s
[2024-06-19 21:21:40,628][utils.model][INFO] - Epoch Results:
[2024-06-19 21:21:40,632][utils.model][INFO] - (In epoch/Overall): (1/382)| inst_loss: 0.0604 - Mean loss: 0.0604 - acc: 1.0000 - norm: 0.03 - 0.14s
[2024-06-19 21:21:42,187][utils.model][INFO] - Evaluation Results - Val Loss: 0.1398, Val Accuracy: 0.9545 in 32 steps
[2024-06-19 21:21:46,397][utils.model][INFO] - ========================== Epoch Start ==========================
[2024-06-19 21:21:46,504][utils.model][INFO] - (In epoch/Overall): (1/383)| inst_loss: 0.1053 - Mean loss: 0.0506 - acc: 0.9688 - norm: 0.02 - 0.05s
[2024-06-19 21:21:46,509][utils.model][INFO] - Epoch Results:
[2024-06-19 21:21:46,512][utils.model][INFO] - (In epoch/Overall): (1/383)| inst_loss: 0.0506 - Mean loss: 0.0506 - acc: 0.9688 - norm: 0.02 - 0.11s
[2024-06-19 21:21:48,040][utils.model][INFO] - Evaluation Results - Val Loss: 0.1259, Val Accuracy: 0.9580 in 32 steps
[2024-06-19 21:21:52,585][utils.model][INFO] - ========================== Epoch Start ==========================
[2024-06-19 21:21:52,705][utils.model][INFO] - (In epoch/Overall): (1/384)| inst_loss: 0.1190 - Mean loss: 0.1464 - acc: 0.9375 - norm: 0.04 - 0.15s
[2024-06-19 21:21:52,711][utils.model][INFO] - Epoch Results:
[2024-06-19 21:21:52,715][utils.model][INFO] - (In epoch/Overall): (1/384)| inst_loss: 0.1464 - Mean loss: 0.1464 - acc: 0.9375 - norm: 0.04 - 0.13s
[2024-06-19 21:21:54,231][utils.model][INFO] - Evaluation Results - Val Loss: 0.1471, Val Accuracy: 0.9540 in 32 steps
[2024-06-19 21:21:58,697][utils.model][INFO] - ========================== Epoch Start ==========================
[2024-06-19 21:21:58,816][utils.model][INFO] - (In epoch/Overall): (1/385)| inst_loss: 0.1177 - Mean loss: 0.0436 - acc: 1.0000 - norm: 0.03 - 0.04s
[2024-06-19 21:21:58,822][utils.model][INFO] - Epoch Results:
[2024-06-19 21:21:58,825][utils.model][INFO] - (In epoch/Overall): (1/385)| inst_loss: 0.0436 - Mean loss: 0.0436 - acc: 1.0000 - norm: 0.03 - 0.13s
[2024-06-19 21:22:00,408][utils.model][INFO] - Evaluation Results - Val Loss: 0.1247, Val Accuracy: 0.9625 in 32 steps
[2024-06-19 21:22:04,654][utils.model][INFO] - ========================== Epoch Start ==========================
[2024-06-19 21:22:04,772][utils.model][INFO] - (In epoch/Overall): (1/386)| inst_loss: 0.1167 - Mean loss: 0.4380 - acc: 0.9375 - norm: 0.09 - 0.44s
[2024-06-19 21:22:04,778][utils.model][INFO] - Epoch Results:
[2024-06-19 21:22:04,781][utils.model][INFO] - (In epoch/Overall): (1/386)| inst_loss: 0.4380 - Mean loss: 0.4380 - acc: 0.9375 - norm: 0.09 - 0.13s
[2024-06-19 21:22:06,289][utils.model][INFO] - Evaluation Results - Val Loss: 0.1393, Val Accuracy: 0.9580 in 32 steps
[2024-06-19 21:22:10,726][utils.model][INFO] - ========================== Epoch Start ==========================
[2024-06-19 21:22:10,861][utils.model][INFO] - (In epoch/Overall): (1/387)| inst_loss: 0.1332 - Mean loss: 0.1507 - acc: 0.9688 - norm: 0.07 - 0.15s
[2024-06-19 21:22:10,868][utils.model][INFO] - Epoch Results:
[2024-06-19 21:22:10,873][utils.model][INFO] - (In epoch/Overall): (1/387)| inst_loss: 0.1507 - Mean loss: 0.1507 - acc: 0.9688 - norm: 0.07 - 0.14s
[2024-06-19 21:22:12,845][utils.model][INFO] - Evaluation Results - Val Loss: 0.1331, Val Accuracy: 0.9605 in 32 steps
[2024-06-19 21:22:17,243][utils.model][INFO] - ========================== Epoch Start ==========================
[2024-06-19 21:22:17,391][utils.model][INFO] - (In epoch/Overall): (1/388)| inst_loss: 0.1468 - Mean loss: 0.1953 - acc: 0.9062 - norm: 0.07 - 0.20s
[2024-06-19 21:22:17,397][utils.model][INFO] - Epoch Results:
[2024-06-19 21:22:17,400][utils.model][INFO] - (In epoch/Overall): (1/388)| inst_loss: 0.1953 - Mean loss: 0.1953 - acc: 0.9062 - norm: 0.07 - 0.16s
[2024-06-19 21:22:19,012][utils.model][INFO] - Evaluation Results - Val Loss: 0.1443, Val Accuracy: 0.9565 in 32 steps
[2024-06-19 21:22:23,302][utils.model][INFO] - ========================== Epoch Start ==========================
[2024-06-19 21:22:23,427][utils.model][INFO] - (In epoch/Overall): (1/389)| inst_loss: 0.1233 - Mean loss: 0.0385 - acc: 1.0000 - norm: 0.01 - 0.04s
[2024-06-19 21:22:23,434][utils.model][INFO] - Epoch Results:
[2024-06-19 21:22:23,439][utils.model][INFO] - (In epoch/Overall): (1/389)| inst_loss: 0.0385 - Mean loss: 0.0385 - acc: 1.0000 - norm: 0.01 - 0.13s
[2024-06-19 21:22:24,984][utils.model][INFO] - Evaluation Results - Val Loss: 0.1474, Val Accuracy: 0.9565 in 32 steps
[2024-06-19 21:22:29,375][utils.model][INFO] - ========================== Epoch Start ==========================
[2024-06-19 21:22:29,507][utils.model][INFO] - (In epoch/Overall): (1/390)| inst_loss: 0.1291 - Mean loss: 0.1171 - acc: 0.9688 - norm: 0.03 - 0.12s
[2024-06-19 21:22:29,515][utils.model][INFO] - Epoch Results:
[2024-06-19 21:22:29,520][utils.model][INFO] - (In epoch/Overall): (1/390)| inst_loss: 0.1171 - Mean loss: 0.1171 - acc: 0.9688 - norm: 0.03 - 0.14s
[2024-06-19 21:22:31,025][utils.model][INFO] - Evaluation Results - Val Loss: 0.1431, Val Accuracy: 0.9535 in 32 steps
[2024-06-19 21:22:35,380][utils.model][INFO] - ========================== Epoch Start ==========================
[2024-06-19 21:22:35,504][utils.model][INFO] - (In epoch/Overall): (1/391)| inst_loss: 0.1219 - Mean loss: 0.3258 - acc: 0.8750 - norm: 0.11 - 0.33s
[2024-06-19 21:22:35,511][utils.model][INFO] - Epoch Results:
[2024-06-19 21:22:35,516][utils.model][INFO] - (In epoch/Overall): (1/391)| inst_loss: 0.3258 - Mean loss: 0.3258 - acc: 0.8750 - norm: 0.11 - 0.13s
[2024-06-19 21:22:37,041][utils.model][INFO] - Evaluation Results - Val Loss: 0.1166, Val Accuracy: 0.9645 in 32 steps
[2024-06-19 21:22:41,399][utils.model][INFO] - ========================== Epoch Start ==========================
[2024-06-19 21:22:41,527][utils.model][INFO] - (In epoch/Overall): (1/392)| inst_loss: 0.1265 - Mean loss: 0.0279 - acc: 1.0000 - norm: 0.01 - 0.03s
[2024-06-19 21:22:41,534][utils.model][INFO] - Epoch Results:
[2024-06-19 21:22:41,538][utils.model][INFO] - (In epoch/Overall): (1/392)| inst_loss: 0.0279 - Mean loss: 0.0279 - acc: 1.0000 - norm: 0.01 - 0.14s
[2024-06-19 21:22:43,117][utils.model][INFO] - Evaluation Results - Val Loss: 0.1291, Val Accuracy: 0.9610 in 32 steps
[2024-06-19 21:22:46,780][utils.model][INFO] - ========================== Epoch Start ==========================
[2024-06-19 21:22:46,909][utils.model][INFO] - (In epoch/Overall): (1/393)| inst_loss: 0.1267 - Mean loss: 0.0245 - acc: 1.0000 - norm: 0.00 - 0.02s
[2024-06-19 21:22:46,916][utils.model][INFO] - Epoch Results:
[2024-06-19 21:22:46,919][utils.model][INFO] - (In epoch/Overall): (1/393)| inst_loss: 0.0245 - Mean loss: 0.0245 - acc: 1.0000 - norm: 0.00 - 0.14s
[2024-06-19 21:22:48,747][utils.model][INFO] - Evaluation Results - Val Loss: 0.1159, Val Accuracy: 0.9665 in 32 steps
[2024-06-19 21:22:53,144][utils.model][INFO] - ========================== Epoch Start ==========================
[2024-06-19 21:22:53,308][utils.model][INFO] - (In epoch/Overall): (1/394)| inst_loss: 0.1614 - Mean loss: 0.0966 - acc: 0.9688 - norm: 0.03 - 0.10s
[2024-06-19 21:22:53,315][utils.model][INFO] - Epoch Results:
[2024-06-19 21:22:53,319][utils.model][INFO] - (In epoch/Overall): (1/394)| inst_loss: 0.0966 - Mean loss: 0.0966 - acc: 0.9688 - norm: 0.03 - 0.17s
[2024-06-19 21:22:54,893][utils.model][INFO] - Evaluation Results - Val Loss: 0.1201, Val Accuracy: 0.9670 in 32 steps
[2024-06-19 21:22:59,259][utils.model][INFO] - ========================== Epoch Start ==========================
[2024-06-19 21:22:59,388][utils.model][INFO] - (In epoch/Overall): (1/395)| inst_loss: 0.1274 - Mean loss: 0.2493 - acc: 0.9688 - norm: 0.05 - 0.25s
[2024-06-19 21:22:59,395][utils.model][INFO] - Epoch Results:
[2024-06-19 21:22:59,399][utils.model][INFO] - (In epoch/Overall): (1/395)| inst_loss: 0.2493 - Mean loss: 0.2493 - acc: 0.9688 - norm: 0.05 - 0.14s
[2024-06-19 21:23:01,003][utils.model][INFO] - Evaluation Results - Val Loss: 0.1359, Val Accuracy: 0.9575 in 32 steps
[2024-06-19 21:23:06,117][utils.model][INFO] - Evaluation Results - Val Loss: 0.1611, Val Accuracy: 0.9505 in 32 steps
[2024-06-19 21:23:10,445][utils.model][INFO] - ========================== Epoch Start ==========================
[2024-06-19 21:23:10,573][utils.model][INFO] - (In epoch/Overall): (1/396)| inst_loss: 0.1261 - Mean loss: 0.1102 - acc: 0.9688 - norm: 0.03 - 0.11s
[2024-06-19 21:23:10,580][utils.model][INFO] - Epoch Results:
[2024-06-19 21:23:10,584][utils.model][INFO] - (In epoch/Overall): (1/396)| inst_loss: 0.1102 - Mean loss: 0.1102 - acc: 0.9688 - norm: 0.03 - 0.14s
[2024-06-19 21:23:12,152][utils.model][INFO] - Evaluation Results - Val Loss: 0.1476, Val Accuracy: 0.9570 in 32 steps
[2024-06-19 21:23:16,392][utils.model][INFO] - ========================== Epoch Start ==========================
[2024-06-19 21:23:16,509][utils.model][INFO] - (In epoch/Overall): (1/397)| inst_loss: 0.1157 - Mean loss: 0.0461 - acc: 1.0000 - norm: 0.02 - 0.05s
[2024-06-19 21:23:16,515][utils.model][INFO] - Epoch Results:
[2024-06-19 21:23:16,518][utils.model][INFO] - (In epoch/Overall): (1/397)| inst_loss: 0.0461 - Mean loss: 0.0461 - acc: 1.0000 - norm: 0.02 - 0.12s
[2024-06-19 21:23:18,078][utils.model][INFO] - Evaluation Results - Val Loss: 0.1510, Val Accuracy: 0.9525 in 32 steps
[2024-06-19 21:23:22,274][utils.model][INFO] - ========================== Epoch Start ==========================
[2024-06-19 21:23:22,391][utils.model][INFO] - (In epoch/Overall): (1/398)| inst_loss: 0.1160 - Mean loss: 0.0539 - acc: 0.9688 - norm: 0.02 - 0.05s
[2024-06-19 21:23:22,397][utils.model][INFO] - Epoch Results:
[2024-06-19 21:23:22,400][utils.model][INFO] - (In epoch/Overall): (1/398)| inst_loss: 0.0539 - Mean loss: 0.0539 - acc: 0.9688 - norm: 0.02 - 0.12s
[2024-06-19 21:23:23,945][utils.model][INFO] - Evaluation Results - Val Loss: 0.1515, Val Accuracy: 0.9590 in 32 steps
[2024-06-19 21:23:28,092][utils.model][INFO] - ========================== Epoch Start ==========================
[2024-06-19 21:23:28,211][utils.model][INFO] - (In epoch/Overall): (1/399)| inst_loss: 0.1167 - Mean loss: 0.2999 - acc: 0.8750 - norm: 0.09 - 0.30s
[2024-06-19 21:23:28,217][utils.model][INFO] - Epoch Results:
[2024-06-19 21:23:28,223][utils.model][INFO] - (In epoch/Overall): (1/399)| inst_loss: 0.2999 - Mean loss: 0.2999 - acc: 0.8750 - norm: 0.09 - 0.13s
[2024-06-19 21:23:29,817][utils.model][INFO] - Evaluation Results - Val Loss: 0.1376, Val Accuracy: 0.9535 in 32 steps
[2024-06-19 21:23:33,927][utils.model][INFO] - ========================== Epoch Start ==========================
[2024-06-19 21:23:34,056][utils.model][INFO] - (In epoch/Overall): (1/400)| inst_loss: 0.1269 - Mean loss: 0.0923 - acc: 1.0000 - norm: 0.04 - 0.09s
[2024-06-19 21:23:34,063][utils.model][INFO] - Epoch Results:
[2024-06-19 21:23:34,067][utils.model][INFO] - (In epoch/Overall): (1/400)| inst_loss: 0.0923 - Mean loss: 0.0923 - acc: 1.0000 - norm: 0.04 - 0.14s
[2024-06-19 21:23:35,628][utils.model][INFO] - Evaluation Results - Val Loss: 0.1255, Val Accuracy: 0.9605 in 32 steps
[2024-06-19 21:23:39,845][utils.model][INFO] - ========================== Epoch Start ==========================
[2024-06-19 21:23:39,988][utils.model][INFO] - (In epoch/Overall): (1/401)| inst_loss: 0.1418 - Mean loss: 0.1083 - acc: 0.9688 - norm: 0.04 - 0.11s
[2024-06-19 21:23:39,996][utils.model][INFO] - Epoch Results:
[2024-06-19 21:23:40,000][utils.model][INFO] - (In epoch/Overall): (1/401)| inst_loss: 0.1083 - Mean loss: 0.1083 - acc: 0.9688 - norm: 0.04 - 0.15s
[2024-06-19 21:23:41,822][utils.model][INFO] - Evaluation Results - Val Loss: 0.1229, Val Accuracy: 0.9595 in 32 steps
[2024-06-19 21:23:46,018][utils.model][INFO] - ========================== Epoch Start ==========================
[2024-06-19 21:23:46,176][utils.model][INFO] - (In epoch/Overall): (1/402)| inst_loss: 0.1559 - Mean loss: 0.0171 - acc: 1.0000 - norm: 0.00 - 0.02s
[2024-06-19 21:23:46,182][utils.model][INFO] - Epoch Results:
[2024-06-19 21:23:46,185][utils.model][INFO] - (In epoch/Overall): (1/402)| inst_loss: 0.0171 - Mean loss: 0.0171 - acc: 1.0000 - norm: 0.00 - 0.16s
[2024-06-19 21:23:47,746][utils.model][INFO] - Evaluation Results - Val Loss: 0.1293, Val Accuracy: 0.9615 in 32 steps
[2024-06-19 21:23:52,059][utils.model][INFO] - ========================== Epoch Start ==========================
[2024-06-19 21:23:52,190][utils.model][INFO] - (In epoch/Overall): (1/403)| inst_loss: 0.1296 - Mean loss: 0.2231 - acc: 0.9688 - norm: 0.05 - 0.22s
[2024-06-19 21:23:52,197][utils.model][INFO] - Epoch Results:
[2024-06-19 21:23:52,200][utils.model][INFO] - (In epoch/Overall): (1/403)| inst_loss: 0.2231 - Mean loss: 0.2231 - acc: 0.9688 - norm: 0.05 - 0.14s
[2024-06-19 21:23:53,795][utils.model][INFO] - Evaluation Results - Val Loss: 0.1169, Val Accuracy: 0.9630 in 32 steps
[2024-06-19 21:23:58,182][utils.model][INFO] - ========================== Epoch Start ==========================
[2024-06-19 21:23:58,314][utils.model][INFO] - (In epoch/Overall): (1/404)| inst_loss: 0.1306 - Mean loss: 0.1660 - acc: 0.9062 - norm: 0.07 - 0.17s
[2024-06-19 21:23:58,321][utils.model][INFO] - Epoch Results:
[2024-06-19 21:23:58,324][utils.model][INFO] - (In epoch/Overall): (1/404)| inst_loss: 0.1660 - Mean loss: 0.1660 - acc: 0.9062 - norm: 0.07 - 0.14s
[2024-06-19 21:23:59,922][utils.model][INFO] - Evaluation Results - Val Loss: 0.1417, Val Accuracy: 0.9515 in 32 steps
[2024-06-19 21:24:04,476][utils.model][INFO] - ========================== Epoch Start ==========================
[2024-06-19 21:24:04,606][utils.model][INFO] - (In epoch/Overall): (1/405)| inst_loss: 0.1285 - Mean loss: 0.0363 - acc: 1.0000 - norm: 0.01 - 0.04s
[2024-06-19 21:24:04,613][utils.model][INFO] - Epoch Results:
[2024-06-19 21:24:04,617][utils.model][INFO] - (In epoch/Overall): (1/405)| inst_loss: 0.0363 - Mean loss: 0.0363 - acc: 1.0000 - norm: 0.01 - 0.14s
[2024-06-19 21:24:06,583][utils.model][INFO] - Evaluation Results - Val Loss: 0.1326, Val Accuracy: 0.9600 in 32 steps
[2024-06-19 21:24:10,135][utils.model][INFO] - ========================== Epoch Start ==========================
[2024-06-19 21:24:10,243][utils.model][INFO] - (In epoch/Overall): (1/406)| inst_loss: 0.1060 - Mean loss: 0.0755 - acc: 1.0000 - norm: 0.02 - 0.08s
[2024-06-19 21:24:10,248][utils.model][INFO] - Epoch Results:
[2024-06-19 21:24:10,250][utils.model][INFO] - (In epoch/Overall): (1/406)| inst_loss: 0.0755 - Mean loss: 0.0755 - acc: 1.0000 - norm: 0.02 - 0.11s
[2024-06-19 21:24:11,889][utils.model][INFO] - Evaluation Results - Val Loss: 0.1258, Val Accuracy: 0.9650 in 32 steps
[2024-06-19 21:24:16,195][utils.model][INFO] - ========================== Epoch Start ==========================
[2024-06-19 21:24:16,321][utils.model][INFO] - (In epoch/Overall): (1/407)| inst_loss: 0.1246 - Mean loss: 0.1057 - acc: 0.9688 - norm: 0.03 - 0.11s
[2024-06-19 21:24:16,327][utils.model][INFO] - Epoch Results:
[2024-06-19 21:24:16,330][utils.model][INFO] - (In epoch/Overall): (1/407)| inst_loss: 0.1057 - Mean loss: 0.1057 - acc: 0.9688 - norm: 0.03 - 0.13s
[2024-06-19 21:24:17,895][utils.model][INFO] - Evaluation Results - Val Loss: 0.1331, Val Accuracy: 0.9645 in 32 steps
[2024-06-19 21:24:22,274][utils.model][INFO] - ========================== Epoch Start ==========================
[2024-06-19 21:24:22,397][utils.model][INFO] - (In epoch/Overall): (1/408)| inst_loss: 0.1216 - Mean loss: 0.0639 - acc: 0.9688 - norm: 0.03 - 0.06s
[2024-06-19 21:24:22,403][utils.model][INFO] - Epoch Results:
[2024-06-19 21:24:22,407][utils.model][INFO] - (In epoch/Overall): (1/408)| inst_loss: 0.0639 - Mean loss: 0.0639 - acc: 0.9688 - norm: 0.03 - 0.13s
[2024-06-19 21:24:23,997][utils.model][INFO] - Evaluation Results - Val Loss: 0.1261, Val Accuracy: 0.9640 in 32 steps
[2024-06-19 21:24:28,213][utils.model][INFO] - ========================== Epoch Start ==========================
[2024-06-19 21:24:28,334][utils.model][INFO] - (In epoch/Overall): (1/409)| inst_loss: 0.1193 - Mean loss: 0.0780 - acc: 0.9688 - norm: 0.04 - 0.08s
[2024-06-19 21:24:28,340][utils.model][INFO] - Epoch Results:
[2024-06-19 21:24:28,343][utils.model][INFO] - (In epoch/Overall): (1/409)| inst_loss: 0.0780 - Mean loss: 0.0780 - acc: 0.9688 - norm: 0.04 - 0.13s
[2024-06-19 21:24:29,926][utils.model][INFO] - Evaluation Results - Val Loss: 0.1180, Val Accuracy: 0.9660 in 32 steps
[2024-06-19 21:24:34,223][utils.model][INFO] - ========================== Epoch Start ==========================
[2024-06-19 21:24:34,342][utils.model][INFO] - (In epoch/Overall): (1/410)| inst_loss: 0.1180 - Mean loss: 0.1840 - acc: 0.9062 - norm: 0.07 - 0.18s
[2024-06-19 21:24:34,348][utils.model][INFO] - Epoch Results:
[2024-06-19 21:24:34,351][utils.model][INFO] - (In epoch/Overall): (1/410)| inst_loss: 0.1840 - Mean loss: 0.1840 - acc: 0.9062 - norm: 0.07 - 0.13s
[2024-06-19 21:24:35,969][utils.model][INFO] - Evaluation Results - Val Loss: 0.1182, Val Accuracy: 0.9670 in 32 steps
[2024-06-19 21:24:40,277][utils.model][INFO] - ========================== Epoch Start ==========================
[2024-06-19 21:24:40,401][utils.model][INFO] - (In epoch/Overall): (1/411)| inst_loss: 0.1231 - Mean loss: 0.1600 - acc: 0.9375 - norm: 0.08 - 0.16s
[2024-06-19 21:24:40,409][utils.model][INFO] - Epoch Results:
[2024-06-19 21:24:40,413][utils.model][INFO] - (In epoch/Overall): (1/411)| inst_loss: 0.1600 - Mean loss: 0.1600 - acc: 0.9375 - norm: 0.08 - 0.13s
[2024-06-19 21:24:42,113][utils.model][INFO] - Evaluation Results - Val Loss: 0.1692, Val Accuracy: 0.9475 in 32 steps
[2024-06-19 21:24:46,448][utils.model][INFO] - ========================== Epoch Start ==========================
[2024-06-19 21:24:46,564][utils.model][INFO] - (In epoch/Overall): (1/412)| inst_loss: 0.1153 - Mean loss: 0.1605 - acc: 0.9062 - norm: 0.06 - 0.16s
[2024-06-19 21:24:46,570][utils.model][INFO] - Epoch Results:
[2024-06-19 21:24:46,574][utils.model][INFO] - (In epoch/Overall): (1/412)| inst_loss: 0.1605 - Mean loss: 0.1605 - acc: 0.9062 - norm: 0.06 - 0.12s
[2024-06-19 21:24:48,125][utils.model][INFO] - Evaluation Results - Val Loss: 0.1229, Val Accuracy: 0.9660 in 32 steps
[2024-06-19 21:24:52,640][utils.model][INFO] - ========================== Epoch Start ==========================
[2024-06-19 21:24:52,763][utils.model][INFO] - (In epoch/Overall): (1/413)| inst_loss: 0.1218 - Mean loss: 0.1721 - acc: 0.9688 - norm: 0.06 - 0.17s
[2024-06-19 21:24:52,770][utils.model][INFO] - Epoch Results:
[2024-06-19 21:24:52,773][utils.model][INFO] - (In epoch/Overall): (1/413)| inst_loss: 0.1721 - Mean loss: 0.1721 - acc: 0.9688 - norm: 0.06 - 0.13s
[2024-06-19 21:24:54,366][utils.model][INFO] - Evaluation Results - Val Loss: 0.1151, Val Accuracy: 0.9665 in 32 steps
[2024-06-19 21:24:58,885][utils.model][INFO] - ========================== Epoch Start ==========================
[2024-06-19 21:24:59,010][utils.model][INFO] - (In epoch/Overall): (1/414)| inst_loss: 0.1239 - Mean loss: 0.0933 - acc: 0.9688 - norm: 0.03 - 0.09s
[2024-06-19 21:24:59,016][utils.model][INFO] - Epoch Results:
[2024-06-19 21:24:59,020][utils.model][INFO] - (In epoch/Overall): (1/414)| inst_loss: 0.0933 - Mean loss: 0.0933 - acc: 0.9688 - norm: 0.03 - 0.13s
[2024-06-19 21:25:00,618][utils.model][INFO] - Evaluation Results - Val Loss: 0.1153, Val Accuracy: 0.9675 in 32 steps
[2024-06-19 21:25:04,900][utils.model][INFO] - ========================== Epoch Start ==========================
[2024-06-19 21:25:05,019][utils.model][INFO] - (In epoch/Overall): (1/415)| inst_loss: 0.1182 - Mean loss: 0.0730 - acc: 0.9688 - norm: 0.03 - 0.07s
[2024-06-19 21:25:05,025][utils.model][INFO] - Epoch Results:
[2024-06-19 21:25:05,030][utils.model][INFO] - (In epoch/Overall): (1/415)| inst_loss: 0.0730 - Mean loss: 0.0730 - acc: 0.9688 - norm: 0.03 - 0.13s
[2024-06-19 21:25:06,630][utils.model][INFO] - Evaluation Results - Val Loss: 0.1122, Val Accuracy: 0.9655 in 32 steps
[2024-06-19 21:25:10,876][utils.model][INFO] - ========================== Epoch Start ==========================
[2024-06-19 21:25:11,067][utils.model][INFO] - (In epoch/Overall): (1/416)| inst_loss: 0.1873 - Mean loss: 0.0325 - acc: 1.0000 - norm: 0.01 - 0.03s
[2024-06-19 21:25:11,077][utils.model][INFO] - Epoch Results:
[2024-06-19 21:25:11,084][utils.model][INFO] - (In epoch/Overall): (1/416)| inst_loss: 0.0325 - Mean loss: 0.0325 - acc: 1.0000 - norm: 0.01 - 0.20s
[2024-06-19 21:25:13,095][utils.model][INFO] - Evaluation Results - Val Loss: 0.1132, Val Accuracy: 0.9685 in 32 steps
[2024-06-19 21:25:18,326][utils.model][INFO] - Evaluation Results - Val Loss: 0.1309, Val Accuracy: 0.9600 in 32 steps
[2024-06-19 21:25:22,612][utils.model][INFO] - ========================== Epoch Start ==========================
[2024-06-19 21:25:22,762][utils.model][INFO] - (In epoch/Overall): (1/417)| inst_loss: 0.1490 - Mean loss: 0.0621 - acc: 1.0000 - norm: 0.02 - 0.06s
[2024-06-19 21:25:22,768][utils.model][INFO] - Epoch Results:
[2024-06-19 21:25:22,771][utils.model][INFO] - (In epoch/Overall): (1/417)| inst_loss: 0.0621 - Mean loss: 0.0621 - acc: 1.0000 - norm: 0.02 - 0.16s
[2024-06-19 21:25:24,367][utils.model][INFO] - Evaluation Results - Val Loss: 0.1344, Val Accuracy: 0.9600 in 32 steps
[2024-06-19 21:25:28,761][utils.model][INFO] - ========================== Epoch Start ==========================
[2024-06-19 21:25:28,897][utils.model][INFO] - (In epoch/Overall): (1/418)| inst_loss: 0.1334 - Mean loss: 0.0953 - acc: 0.9688 - norm: 0.04 - 0.10s
[2024-06-19 21:25:28,905][utils.model][INFO] - Epoch Results:
[2024-06-19 21:25:28,909][utils.model][INFO] - (In epoch/Overall): (1/418)| inst_loss: 0.0953 - Mean loss: 0.0953 - acc: 0.9688 - norm: 0.04 - 0.15s
[2024-06-19 21:25:30,431][utils.model][INFO] - Evaluation Results - Val Loss: 0.1491, Val Accuracy: 0.9515 in 32 steps
[2024-06-19 21:25:34,812][utils.model][INFO] - ========================== Epoch Start ==========================
[2024-06-19 21:25:34,952][utils.model][INFO] - (In epoch/Overall): (1/419)| inst_loss: 0.1383 - Mean loss: 0.0707 - acc: 1.0000 - norm: 0.03 - 0.07s
[2024-06-19 21:25:34,961][utils.model][INFO] - Epoch Results:
[2024-06-19 21:25:34,965][utils.model][INFO] - (In epoch/Overall): (1/419)| inst_loss: 0.0707 - Mean loss: 0.0707 - acc: 1.0000 - norm: 0.03 - 0.15s
[2024-06-19 21:25:36,517][utils.model][INFO] - Evaluation Results - Val Loss: 0.1267, Val Accuracy: 0.9590 in 32 steps
[2024-06-19 21:25:40,753][utils.model][INFO] - ========================== Epoch Start ==========================
[2024-06-19 21:25:40,869][utils.model][INFO] - (In epoch/Overall): (1/420)| inst_loss: 0.1151 - Mean loss: 0.2382 - acc: 0.9062 - norm: 0.09 - 0.24s
[2024-06-19 21:25:40,875][utils.model][INFO] - Epoch Results:
[2024-06-19 21:25:40,878][utils.model][INFO] - (In epoch/Overall): (1/420)| inst_loss: 0.2382 - Mean loss: 0.2382 - acc: 0.9062 - norm: 0.09 - 0.12s
[2024-06-19 21:25:42,471][utils.model][INFO] - Evaluation Results - Val Loss: 0.1271, Val Accuracy: 0.9605 in 32 steps
[2024-06-19 21:25:46,780][utils.model][INFO] - ========================== Epoch Start ==========================
[2024-06-19 21:25:46,899][utils.model][INFO] - (In epoch/Overall): (1/421)| inst_loss: 0.1178 - Mean loss: 0.0545 - acc: 1.0000 - norm: 0.03 - 0.05s
[2024-06-19 21:25:46,905][utils.model][INFO] - Epoch Results:
[2024-06-19 21:25:46,909][utils.model][INFO] - (In epoch/Overall): (1/421)| inst_loss: 0.0545 - Mean loss: 0.0545 - acc: 1.0000 - norm: 0.03 - 0.13s
[2024-06-19 21:25:48,512][utils.model][INFO] - Evaluation Results - Val Loss: 0.1264, Val Accuracy: 0.9580 in 32 steps
[2024-06-19 21:25:52,174][utils.model][INFO] - ========================== Epoch Start ==========================
[2024-06-19 21:25:52,274][utils.model][INFO] - (In epoch/Overall): (1/422)| inst_loss: 0.0985 - Mean loss: 0.3461 - acc: 0.9375 - norm: 0.13 - 0.35s
[2024-06-19 21:25:52,279][utils.model][INFO] - Epoch Results:
[2024-06-19 21:25:52,281][utils.model][INFO] - (In epoch/Overall): (1/422)| inst_loss: 0.3461 - Mean loss: 0.3461 - acc: 0.9375 - norm: 0.13 - 0.11s
[2024-06-19 21:25:53,856][utils.model][INFO] - Evaluation Results - Val Loss: 0.1549, Val Accuracy: 0.9485 in 32 steps
[2024-06-19 21:25:58,254][utils.model][INFO] - ========================== Epoch Start ==========================
[2024-06-19 21:25:58,368][utils.model][INFO] - (In epoch/Overall): (1/423)| inst_loss: 0.1127 - Mean loss: 0.0790 - acc: 0.9688 - norm: 0.02 - 0.08s
[2024-06-19 21:25:58,374][utils.model][INFO] - Epoch Results:
[2024-06-19 21:25:58,377][utils.model][INFO] - (In epoch/Overall): (1/423)| inst_loss: 0.0790 - Mean loss: 0.0790 - acc: 0.9688 - norm: 0.02 - 0.12s
[2024-06-19 21:25:59,955][utils.model][INFO] - Evaluation Results - Val Loss: 0.1256, Val Accuracy: 0.9530 in 32 steps
[2024-06-19 21:26:04,236][utils.model][INFO] - ========================== Epoch Start ==========================
[2024-06-19 21:26:04,399][utils.model][INFO] - (In epoch/Overall): (1/424)| inst_loss: 0.1608 - Mean loss: 0.0986 - acc: 0.9688 - norm: 0.04 - 0.10s
[2024-06-19 21:26:04,408][utils.model][INFO] - Epoch Results:
[2024-06-19 21:26:04,412][utils.model][INFO] - (In epoch/Overall): (1/424)| inst_loss: 0.0986 - Mean loss: 0.0986 - acc: 0.9688 - norm: 0.04 - 0.17s
[2024-06-19 21:26:06,265][utils.model][INFO] - Evaluation Results - Val Loss: 0.1334, Val Accuracy: 0.9570 in 32 steps
[2024-06-19 21:26:11,140][utils.model][INFO] - ========================== Epoch Start ==========================
[2024-06-19 21:26:11,360][utils.model][INFO] - (In epoch/Overall): (1/425)| inst_loss: 0.2167 - Mean loss: 0.0746 - acc: 0.9688 - norm: 0.05 - 0.07s
[2024-06-19 21:26:11,371][utils.model][INFO] - Epoch Results:
[2024-06-19 21:26:11,376][utils.model][INFO] - (In epoch/Overall): (1/425)| inst_loss: 0.0746 - Mean loss: 0.0746 - acc: 0.9688 - norm: 0.05 - 0.23s
[2024-06-19 21:26:13,441][utils.model][INFO] - Evaluation Results - Val Loss: 0.1372, Val Accuracy: 0.9570 in 32 steps
[2024-06-19 21:26:18,067][utils.model][INFO] - ========================== Epoch Start ==========================
[2024-06-19 21:26:18,243][utils.model][INFO] - (In epoch/Overall): (1/426)| inst_loss: 0.1749 - Mean loss: 0.2028 - acc: 0.9688 - norm: 0.03 - 0.20s
[2024-06-19 21:26:18,250][utils.model][INFO] - Epoch Results:
[2024-06-19 21:26:18,254][utils.model][INFO] - (In epoch/Overall): (1/426)| inst_loss: 0.2028 - Mean loss: 0.2028 - acc: 0.9688 - norm: 0.03 - 0.19s
[2024-06-19 21:26:20,014][utils.model][INFO] - Evaluation Results - Val Loss: 0.1205, Val Accuracy: 0.9605 in 32 steps
[2024-06-19 21:26:24,802][utils.model][INFO] - ========================== Epoch Start ==========================
[2024-06-19 21:26:24,947][utils.model][INFO] - (In epoch/Overall): (1/427)| inst_loss: 0.1428 - Mean loss: 0.1252 - acc: 0.9688 - norm: 0.05 - 0.13s
[2024-06-19 21:26:24,954][utils.model][INFO] - Epoch Results:
[2024-06-19 21:26:24,957][utils.model][INFO] - (In epoch/Overall): (1/427)| inst_loss: 0.1252 - Mean loss: 0.1252 - acc: 0.9688 - norm: 0.05 - 0.15s
[2024-06-19 21:26:27,055][utils.model][INFO] - Evaluation Results - Val Loss: 0.1157, Val Accuracy: 0.9610 in 32 steps
[2024-06-19 21:26:31,728][utils.model][INFO] - ========================== Epoch Start ==========================
[2024-06-19 21:26:31,888][utils.model][INFO] - (In epoch/Overall): (1/428)| inst_loss: 0.1590 - Mean loss: 0.1260 - acc: 0.9688 - norm: 0.04 - 0.13s
[2024-06-19 21:26:31,894][utils.model][INFO] - Epoch Results:
[2024-06-19 21:26:31,897][utils.model][INFO] - (In epoch/Overall): (1/428)| inst_loss: 0.1260 - Mean loss: 0.1260 - acc: 0.9688 - norm: 0.04 - 0.17s
[2024-06-19 21:26:33,712][utils.model][INFO] - Evaluation Results - Val Loss: 0.1197, Val Accuracy: 0.9575 in 32 steps
[2024-06-19 21:26:38,397][utils.model][INFO] - ========================== Epoch Start ==========================
[2024-06-19 21:26:38,525][utils.model][INFO] - (In epoch/Overall): (1/429)| inst_loss: 0.1260 - Mean loss: 0.1151 - acc: 0.9688 - norm: 0.05 - 0.12s
[2024-06-19 21:26:38,531][utils.model][INFO] - Epoch Results:
[2024-06-19 21:26:38,534][utils.model][INFO] - (In epoch/Overall): (1/429)| inst_loss: 0.1151 - Mean loss: 0.1151 - acc: 0.9688 - norm: 0.05 - 0.14s
[2024-06-19 21:26:40,164][utils.model][INFO] - Evaluation Results - Val Loss: 0.1381, Val Accuracy: 0.9595 in 32 steps
[2024-06-19 21:26:44,448][utils.model][INFO] - ========================== Epoch Start ==========================
[2024-06-19 21:26:44,569][utils.model][INFO] - (In epoch/Overall): (1/430)| inst_loss: 0.1198 - Mean loss: 0.1131 - acc: 0.9688 - norm: 0.04 - 0.11s
[2024-06-19 21:26:44,574][utils.model][INFO] - Epoch Results:
[2024-06-19 21:26:44,578][utils.model][INFO] - (In epoch/Overall): (1/430)| inst_loss: 0.1131 - Mean loss: 0.1131 - acc: 0.9688 - norm: 0.04 - 0.13s
[2024-06-19 21:26:46,165][utils.model][INFO] - Evaluation Results - Val Loss: 0.1982, Val Accuracy: 0.9360 in 32 steps
[2024-06-19 21:26:50,636][utils.model][INFO] - ========================== Epoch Start ==========================
[2024-06-19 21:26:50,775][utils.model][INFO] - (In epoch/Overall): (1/431)| inst_loss: 0.1362 - Mean loss: 0.2473 - acc: 0.9062 - norm: 0.10 - 0.25s
[2024-06-19 21:26:50,782][utils.model][INFO] - Epoch Results:
[2024-06-19 21:26:50,785][utils.model][INFO] - (In epoch/Overall): (1/431)| inst_loss: 0.2473 - Mean loss: 0.2473 - acc: 0.9062 - norm: 0.10 - 0.15s
[2024-06-19 21:26:52,367][utils.model][INFO] - Evaluation Results - Val Loss: 0.1390, Val Accuracy: 0.9565 in 32 steps
[2024-06-19 21:26:56,830][utils.model][INFO] - ========================== Epoch Start ==========================
[2024-06-19 21:26:56,950][utils.model][INFO] - (In epoch/Overall): (1/432)| inst_loss: 0.1178 - Mean loss: 0.1452 - acc: 0.9688 - norm: 0.05 - 0.15s
[2024-06-19 21:26:56,957][utils.model][INFO] - Epoch Results:
[2024-06-19 21:26:56,961][utils.model][INFO] - (In epoch/Overall): (1/432)| inst_loss: 0.1452 - Mean loss: 0.1452 - acc: 0.9688 - norm: 0.05 - 0.13s
[2024-06-19 21:26:58,560][utils.model][INFO] - Evaluation Results - Val Loss: 0.1234, Val Accuracy: 0.9630 in 32 steps
[2024-06-19 21:27:02,807][utils.model][INFO] - ========================== Epoch Start ==========================
[2024-06-19 21:27:02,934][utils.model][INFO] - (In epoch/Overall): (1/433)| inst_loss: 0.1249 - Mean loss: 0.1511 - acc: 0.9688 - norm: 0.04 - 0.15s
[2024-06-19 21:27:02,942][utils.model][INFO] - Epoch Results:
[2024-06-19 21:27:02,945][utils.model][INFO] - (In epoch/Overall): (1/433)| inst_loss: 0.1511 - Mean loss: 0.1511 - acc: 0.9688 - norm: 0.04 - 0.14s
[2024-06-19 21:27:04,800][utils.model][INFO] - Evaluation Results - Val Loss: 0.1184, Val Accuracy: 0.9645 in 32 steps
[2024-06-19 21:27:10,072][utils.model][INFO] - Evaluation Results - Val Loss: 0.1141, Val Accuracy: 0.9645 in 32 steps
[2024-06-19 21:27:14,577][utils.model][INFO] - ========================== Epoch Start ==========================
[2024-06-19 21:27:14,732][utils.model][INFO] - (In epoch/Overall): (1/434)| inst_loss: 0.1537 - Mean loss: 0.1842 - acc: 0.9375 - norm: 0.05 - 0.18s
[2024-06-19 21:27:14,738][utils.model][INFO] - Epoch Results:
[2024-06-19 21:27:14,742][utils.model][INFO] - (In epoch/Overall): (1/434)| inst_loss: 0.1842 - Mean loss: 0.1842 - acc: 0.9375 - norm: 0.05 - 0.16s
[2024-06-19 21:27:16,393][utils.model][INFO] - Evaluation Results - Val Loss: 0.1096, Val Accuracy: 0.9665 in 32 steps
[2024-06-19 21:27:20,452][utils.model][INFO] - ========================== Epoch Start ==========================
[2024-06-19 21:27:20,573][utils.model][INFO] - (In epoch/Overall): (1/435)| inst_loss: 0.1187 - Mean loss: 0.1149 - acc: 0.9375 - norm: 0.04 - 0.11s
[2024-06-19 21:27:20,579][utils.model][INFO] - Epoch Results:
[2024-06-19 21:27:20,582][utils.model][INFO] - (In epoch/Overall): (1/435)| inst_loss: 0.1149 - Mean loss: 0.1149 - acc: 0.9375 - norm: 0.04 - 0.13s
[2024-06-19 21:27:22,147][utils.model][INFO] - Evaluation Results - Val Loss: 0.1202, Val Accuracy: 0.9580 in 32 steps
[2024-06-19 21:27:26,349][utils.model][INFO] - ========================== Epoch Start ==========================
[2024-06-19 21:27:26,469][utils.model][INFO] - (In epoch/Overall): (1/436)| inst_loss: 0.1185 - Mean loss: 0.0930 - acc: 0.9375 - norm: 0.03 - 0.09s
[2024-06-19 21:27:26,475][utils.model][INFO] - Epoch Results:
[2024-06-19 21:27:26,478][utils.model][INFO] - (In epoch/Overall): (1/436)| inst_loss: 0.0930 - Mean loss: 0.0930 - acc: 0.9375 - norm: 0.03 - 0.13s
[2024-06-19 21:27:28,111][utils.model][INFO] - Evaluation Results - Val Loss: 0.1204, Val Accuracy: 0.9620 in 32 steps
[2024-06-19 21:27:32,411][utils.model][INFO] - ========================== Epoch Start ==========================
[2024-06-19 21:27:32,531][utils.model][INFO] - (In epoch/Overall): (1/437)| inst_loss: 0.1180 - Mean loss: 0.0404 - acc: 1.0000 - norm: 0.01 - 0.04s
[2024-06-19 21:27:32,539][utils.model][INFO] - Epoch Results:
[2024-06-19 21:27:32,543][utils.model][INFO] - (In epoch/Overall): (1/437)| inst_loss: 0.0404 - Mean loss: 0.0404 - acc: 1.0000 - norm: 0.01 - 0.13s
[2024-06-19 21:27:34,160][utils.model][INFO] - Evaluation Results - Val Loss: 0.1148, Val Accuracy: 0.9625 in 32 steps
[2024-06-19 21:27:38,432][utils.model][INFO] - ========================== Epoch Start ==========================
[2024-06-19 21:27:38,548][utils.model][INFO] - (In epoch/Overall): (1/438)| inst_loss: 0.1141 - Mean loss: 0.2693 - acc: 0.9375 - norm: 0.06 - 0.27s
[2024-06-19 21:27:38,554][utils.model][INFO] - Epoch Results:
[2024-06-19 21:27:38,557][utils.model][INFO] - (In epoch/Overall): (1/438)| inst_loss: 0.2693 - Mean loss: 0.2693 - acc: 0.9375 - norm: 0.06 - 0.12s
[2024-06-19 21:27:40,149][utils.model][INFO] - Evaluation Results - Val Loss: 0.1458, Val Accuracy: 0.9540 in 32 steps
[2024-06-19 21:27:44,472][utils.model][INFO] - ========================== Epoch Start ==========================
[2024-06-19 21:27:44,626][utils.model][INFO] - (In epoch/Overall): (1/439)| inst_loss: 0.1516 - Mean loss: 0.0199 - acc: 1.0000 - norm: 0.00 - 0.02s
[2024-06-19 21:27:44,633][utils.model][INFO] - Epoch Results:
[2024-06-19 21:27:44,638][utils.model][INFO] - (In epoch/Overall): (1/439)| inst_loss: 0.0199 - Mean loss: 0.0199 - acc: 1.0000 - norm: 0.00 - 0.16s
[2024-06-19 21:27:46,215][utils.model][INFO] - Evaluation Results - Val Loss: 0.1464, Val Accuracy: 0.9555 in 32 steps
[2024-06-19 21:27:50,452][utils.model][INFO] - ========================== Epoch Start ==========================
[2024-06-19 21:27:50,568][utils.model][INFO] - (In epoch/Overall): (1/440)| inst_loss: 0.1145 - Mean loss: 0.4942 - acc: 0.8750 - norm: 0.09 - 0.49s
[2024-06-19 21:27:50,574][utils.model][INFO] - Epoch Results:
[2024-06-19 21:27:50,576][utils.model][INFO] - (In epoch/Overall): (1/440)| inst_loss: 0.4942 - Mean loss: 0.4942 - acc: 0.8750 - norm: 0.09 - 0.12s
[2024-06-19 21:27:52,136][utils.model][INFO] - Evaluation Results - Val Loss: 0.1362, Val Accuracy: 0.9605 in 32 steps
[2024-06-19 21:27:56,455][utils.model][INFO] - ========================== Epoch Start ==========================
[2024-06-19 21:27:56,584][utils.model][INFO] - (In epoch/Overall): (1/441)| inst_loss: 0.1269 - Mean loss: 0.0596 - acc: 1.0000 - norm: 0.02 - 0.06s
[2024-06-19 21:27:56,592][utils.model][INFO] - Epoch Results:
[2024-06-19 21:27:56,595][utils.model][INFO] - (In epoch/Overall): (1/441)| inst_loss: 0.0596 - Mean loss: 0.0596 - acc: 1.0000 - norm: 0.02 - 0.14s
[2024-06-19 21:27:58,137][utils.model][INFO] - Evaluation Results - Val Loss: 0.1154, Val Accuracy: 0.9650 in 32 steps
[2024-06-19 21:28:03,219][utils.model][INFO] - Evaluation Results - Val Loss: 0.1092, Val Accuracy: 0.9685 in 32 steps
[2024-06-19 21:28:08,376][utils.model][INFO] - Evaluation Results - Val Loss: 0.1119, Val Accuracy: 0.9665 in 32 steps
[2024-06-19 21:28:12,781][utils.model][INFO] - ========================== Epoch Start ==========================
[2024-06-19 21:28:12,908][utils.model][INFO] - (In epoch/Overall): (1/442)| inst_loss: 0.1251 - Mean loss: 0.0485 - acc: 1.0000 - norm: 0.02 - 0.05s
[2024-06-19 21:28:12,916][utils.model][INFO] - Epoch Results:
[2024-06-19 21:28:12,920][utils.model][INFO] - (In epoch/Overall): (1/442)| inst_loss: 0.0485 - Mean loss: 0.0485 - acc: 1.0000 - norm: 0.02 - 0.14s
[2024-06-19 21:28:14,516][utils.model][INFO] - Evaluation Results - Val Loss: 0.1217, Val Accuracy: 0.9640 in 32 steps
[2024-06-19 21:28:18,801][utils.model][INFO] - Evaluation Results - Val Loss: 0.3767, Val Accuracy: 0.8855 in 32 steps
[2024-06-19 21:28:22,206][utils.model][INFO] - ========================== Epoch Start ==========================
[2024-06-19 21:28:22,325][utils.model][INFO] - (In epoch/Overall): (1/443)| inst_loss: 0.1178 - Mean loss: 0.0867 - acc: 0.9688 - norm: 0.04 - 0.09s
[2024-06-19 21:28:22,333][utils.model][INFO] - Epoch Results:
[2024-06-19 21:28:22,338][utils.model][INFO] - (In epoch/Overall): (1/443)| inst_loss: 0.0867 - Mean loss: 0.0867 - acc: 0.9688 - norm: 0.04 - 0.13s
[2024-06-19 21:28:23,842][utils.model][INFO] - Evaluation Results - Val Loss: 0.1397, Val Accuracy: 0.9565 in 32 steps
[2024-06-19 21:28:28,118][utils.model][INFO] - ========================== Epoch Start ==========================
[2024-06-19 21:28:28,243][utils.model][INFO] - (In epoch/Overall): (1/444)| inst_loss: 0.1240 - Mean loss: 0.0162 - acc: 1.0000 - norm: 0.00 - 0.02s
[2024-06-19 21:28:28,251][utils.model][INFO] - Epoch Results:
[2024-06-19 21:28:28,254][utils.model][INFO] - (In epoch/Overall): (1/444)| inst_loss: 0.0162 - Mean loss: 0.0162 - acc: 1.0000 - norm: 0.00 - 0.13s
[2024-06-19 21:28:29,819][utils.model][INFO] - Evaluation Results - Val Loss: 0.1164, Val Accuracy: 0.9615 in 32 steps
[2024-06-19 21:28:34,137][utils.model][INFO] - ========================== Epoch Start ==========================
[2024-06-19 21:28:34,251][utils.model][INFO] - (In epoch/Overall): (1/445)| inst_loss: 0.1117 - Mean loss: 0.1106 - acc: 0.9375 - norm: 0.04 - 0.11s
[2024-06-19 21:28:34,256][utils.model][INFO] - Epoch Results:
[2024-06-19 21:28:34,260][utils.model][INFO] - (In epoch/Overall): (1/445)| inst_loss: 0.1106 - Mean loss: 0.1106 - acc: 0.9375 - norm: 0.04 - 0.12s
[2024-06-19 21:28:35,810][utils.model][INFO] - Evaluation Results - Val Loss: 0.1168, Val Accuracy: 0.9610 in 32 steps
[2024-06-19 21:28:40,144][utils.model][INFO] - ========================== Epoch Start ==========================
[2024-06-19 21:28:40,258][utils.model][INFO] - (In epoch/Overall): (1/446)| inst_loss: 0.1123 - Mean loss: 0.0951 - acc: 0.9688 - norm: 0.03 - 0.10s
[2024-06-19 21:28:40,263][utils.model][INFO] - Epoch Results:
[2024-06-19 21:28:40,266][utils.model][INFO] - (In epoch/Overall): (1/446)| inst_loss: 0.0951 - Mean loss: 0.0951 - acc: 0.9688 - norm: 0.03 - 0.12s
[2024-06-19 21:28:41,769][utils.model][INFO] - Evaluation Results - Val Loss: 0.1089, Val Accuracy: 0.9675 in 32 steps
[2024-06-19 21:28:46,875][utils.model][INFO] - Evaluation Results - Val Loss: 0.1187, Val Accuracy: 0.9635 in 32 steps
[2024-06-19 21:28:51,976][utils.model][INFO] - Evaluation Results - Val Loss: 0.1390, Val Accuracy: 0.9525 in 32 steps
[2024-06-19 21:28:56,469][utils.model][INFO] - ========================== Epoch Start ==========================
[2024-06-19 21:28:56,594][utils.model][INFO] - (In epoch/Overall): (1/447)| inst_loss: 0.1231 - Mean loss: 0.2930 - acc: 0.9062 - norm: 0.11 - 0.29s
[2024-06-19 21:28:56,602][utils.model][INFO] - Epoch Results:
[2024-06-19 21:28:56,606][utils.model][INFO] - (In epoch/Overall): (1/447)| inst_loss: 0.2930 - Mean loss: 0.2930 - acc: 0.9062 - norm: 0.11 - 0.13s
[2024-06-19 21:28:58,169][utils.model][INFO] - Evaluation Results - Val Loss: 0.1527, Val Accuracy: 0.9555 in 32 steps
[2024-06-19 21:29:02,310][utils.model][INFO] - ========================== Epoch Start ==========================
[2024-06-19 21:29:02,473][utils.model][INFO] - (In epoch/Overall): (1/448)| inst_loss: 0.1611 - Mean loss: 0.0564 - acc: 0.9688 - norm: 0.02 - 0.06s
[2024-06-19 21:29:02,481][utils.model][INFO] - Epoch Results:
[2024-06-19 21:29:02,484][utils.model][INFO] - (In epoch/Overall): (1/448)| inst_loss: 0.0564 - Mean loss: 0.0564 - acc: 0.9688 - norm: 0.02 - 0.17s
[2024-06-19 21:29:04,260][utils.model][INFO] - Evaluation Results - Val Loss: 0.1169, Val Accuracy: 0.9620 in 32 steps
[2024-06-19 21:29:08,702][utils.model][INFO] - ========================== Epoch Start ==========================
[2024-06-19 21:29:08,846][utils.model][INFO] - (In epoch/Overall): (1/449)| inst_loss: 0.1430 - Mean loss: 0.1497 - acc: 0.9688 - norm: 0.05 - 0.15s
[2024-06-19 21:29:08,852][utils.model][INFO] - Epoch Results:
[2024-06-19 21:29:08,855][utils.model][INFO] - (In epoch/Overall): (1/449)| inst_loss: 0.1497 - Mean loss: 0.1497 - acc: 0.9688 - norm: 0.05 - 0.15s
[2024-06-19 21:29:10,407][utils.model][INFO] - Evaluation Results - Val Loss: 0.1165, Val Accuracy: 0.9615 in 32 steps
[2024-06-19 21:29:14,686][utils.model][INFO] - ========================== Epoch Start ==========================
[2024-06-19 21:29:14,811][utils.model][INFO] - (In epoch/Overall): (1/450)| inst_loss: 0.1230 - Mean loss: 0.1494 - acc: 0.9688 - norm: 0.06 - 0.15s
[2024-06-19 21:29:14,818][utils.model][INFO] - Epoch Results:
[2024-06-19 21:29:14,822][utils.model][INFO] - (In epoch/Overall): (1/450)| inst_loss: 0.1494 - Mean loss: 0.1494 - acc: 0.9688 - norm: 0.06 - 0.13s
[2024-06-19 21:29:16,358][utils.model][INFO] - Evaluation Results - Val Loss: 0.1138, Val Accuracy: 0.9640 in 32 steps
[2024-06-19 21:29:20,650][utils.model][INFO] - ========================== Epoch Start ==========================
[2024-06-19 21:29:20,785][utils.model][INFO] - (In epoch/Overall): (1/451)| inst_loss: 0.1328 - Mean loss: 0.0632 - acc: 0.9688 - norm: 0.03 - 0.06s
[2024-06-19 21:29:20,791][utils.model][INFO] - Epoch Results:
[2024-06-19 21:29:20,794][utils.model][INFO] - (In epoch/Overall): (1/451)| inst_loss: 0.0632 - Mean loss: 0.0632 - acc: 0.9688 - norm: 0.03 - 0.14s
[2024-06-19 21:29:22,334][utils.model][INFO] - Evaluation Results - Val Loss: 0.1245, Val Accuracy: 0.9610 in 32 steps
[2024-06-19 21:29:26,726][utils.model][INFO] - ========================== Epoch Start ==========================
[2024-06-19 21:29:26,854][utils.model][INFO] - (In epoch/Overall): (1/452)| inst_loss: 0.1264 - Mean loss: 0.0570 - acc: 0.9688 - norm: 0.02 - 0.06s
[2024-06-19 21:29:26,861][utils.model][INFO] - Epoch Results:
[2024-06-19 21:29:26,864][utils.model][INFO] - (In epoch/Overall): (1/452)| inst_loss: 0.0570 - Mean loss: 0.0570 - acc: 0.9688 - norm: 0.02 - 0.14s
[2024-06-19 21:29:28,375][utils.model][INFO] - Evaluation Results - Val Loss: 0.1099, Val Accuracy: 0.9660 in 32 steps
[2024-06-19 21:29:32,690][utils.model][INFO] - ========================== Epoch Start ==========================
[2024-06-19 21:29:32,809][utils.model][INFO] - (In epoch/Overall): (1/453)| inst_loss: 0.1171 - Mean loss: 0.0340 - acc: 1.0000 - norm: 0.02 - 0.03s
[2024-06-19 21:29:32,814][utils.model][INFO] - Epoch Results:
[2024-06-19 21:29:32,817][utils.model][INFO] - (In epoch/Overall): (1/453)| inst_loss: 0.0340 - Mean loss: 0.0340 - acc: 1.0000 - norm: 0.02 - 0.13s
[2024-06-19 21:29:34,382][utils.model][INFO] - Evaluation Results - Val Loss: 0.1234, Val Accuracy: 0.9645 in 32 steps
[2024-06-19 21:29:38,606][utils.model][INFO] - ========================== Epoch Start ==========================
[2024-06-19 21:29:38,725][utils.model][INFO] - (In epoch/Overall): (1/454)| inst_loss: 0.1182 - Mean loss: 0.0369 - acc: 1.0000 - norm: 0.01 - 0.04s
[2024-06-19 21:29:38,731][utils.model][INFO] - Epoch Results:
[2024-06-19 21:29:38,734][utils.model][INFO] - (In epoch/Overall): (1/454)| inst_loss: 0.0369 - Mean loss: 0.0369 - acc: 1.0000 - norm: 0.01 - 0.13s
[2024-06-19 21:29:40,318][utils.model][INFO] - Evaluation Results - Val Loss: 0.1292, Val Accuracy: 0.9515 in 32 steps
[2024-06-19 21:29:44,471][utils.model][INFO] - ========================== Epoch Start ==========================
[2024-06-19 21:29:44,594][utils.model][INFO] - (In epoch/Overall): (1/455)| inst_loss: 0.1216 - Mean loss: 0.0759 - acc: 1.0000 - norm: 0.03 - 0.08s
[2024-06-19 21:29:44,602][utils.model][INFO] - Epoch Results:
[2024-06-19 21:29:44,605][utils.model][INFO] - (In epoch/Overall): (1/455)| inst_loss: 0.0759 - Mean loss: 0.0759 - acc: 1.0000 - norm: 0.03 - 0.13s
[2024-06-19 21:29:46,132][utils.model][INFO] - Evaluation Results - Val Loss: 0.1224, Val Accuracy: 0.9590 in 32 steps
[2024-06-19 21:29:51,231][utils.model][INFO] - Evaluation Results - Val Loss: 0.1322, Val Accuracy: 0.9550 in 32 steps
[2024-06-19 21:29:55,661][utils.model][INFO] - ========================== Epoch Start ==========================
[2024-06-19 21:29:55,787][utils.model][INFO] - (In epoch/Overall): (1/456)| inst_loss: 0.1250 - Mean loss: 0.0601 - acc: 0.9688 - norm: 0.05 - 0.06s
[2024-06-19 21:29:55,793][utils.model][INFO] - Epoch Results:
[2024-06-19 21:29:55,797][utils.model][INFO] - (In epoch/Overall): (1/456)| inst_loss: 0.0601 - Mean loss: 0.0601 - acc: 0.9688 - norm: 0.05 - 0.13s
[2024-06-19 21:29:57,301][utils.model][INFO] - Evaluation Results - Val Loss: 0.1163, Val Accuracy: 0.9620 in 32 steps
[2024-06-19 21:30:01,613][utils.model][INFO] - ========================== Epoch Start ==========================
[2024-06-19 21:30:01,734][utils.model][INFO] - (In epoch/Overall): (1/457)| inst_loss: 0.1191 - Mean loss: 0.0364 - acc: 1.0000 - norm: 0.02 - 0.04s
[2024-06-19 21:30:01,739][utils.model][INFO] - Epoch Results:
[2024-06-19 21:30:01,742][utils.model][INFO] - (In epoch/Overall): (1/457)| inst_loss: 0.0364 - Mean loss: 0.0364 - acc: 1.0000 - norm: 0.02 - 0.13s
[2024-06-19 21:30:03,281][utils.model][INFO] - Evaluation Results - Val Loss: 0.1056, Val Accuracy: 0.9665 in 32 steps
[2024-06-19 21:30:07,734][utils.model][INFO] - ========================== Epoch Start ==========================
[2024-06-19 21:30:07,856][utils.model][INFO] - (In epoch/Overall): (1/458)| inst_loss: 0.1199 - Mean loss: 0.0302 - acc: 1.0000 - norm: 0.02 - 0.03s
[2024-06-19 21:30:07,861][utils.model][INFO] - Epoch Results:
[2024-06-19 21:30:07,864][utils.model][INFO] - (In epoch/Overall): (1/458)| inst_loss: 0.0302 - Mean loss: 0.0302 - acc: 1.0000 - norm: 0.02 - 0.13s
[2024-06-19 21:30:09,430][utils.model][INFO] - Evaluation Results - Val Loss: 0.1148, Val Accuracy: 0.9625 in 32 steps
[2024-06-19 21:30:13,695][utils.model][INFO] - ========================== Epoch Start ==========================
[2024-06-19 21:30:13,823][utils.model][INFO] - (In epoch/Overall): (1/459)| inst_loss: 0.1251 - Mean loss: 0.1272 - acc: 0.9375 - norm: 0.08 - 0.13s
[2024-06-19 21:30:13,831][utils.model][INFO] - Epoch Results:
[2024-06-19 21:30:13,834][utils.model][INFO] - (In epoch/Overall): (1/459)| inst_loss: 0.1272 - Mean loss: 0.1272 - acc: 0.9375 - norm: 0.08 - 0.14s
[2024-06-19 21:30:15,387][utils.model][INFO] - Evaluation Results - Val Loss: 0.1090, Val Accuracy: 0.9685 in 32 steps
[2024-06-19 21:30:19,979][utils.model][INFO] - ========================== Epoch Start ==========================
[2024-06-19 21:30:20,101][utils.model][INFO] - (In epoch/Overall): (1/460)| inst_loss: 0.1205 - Mean loss: 0.1878 - acc: 0.9375 - norm: 0.09 - 0.19s
[2024-06-19 21:30:20,107][utils.model][INFO] - Epoch Results:
[2024-06-19 21:30:20,112][utils.model][INFO] - (In epoch/Overall): (1/460)| inst_loss: 0.1878 - Mean loss: 0.1878 - acc: 0.9375 - norm: 0.09 - 0.13s
[2024-06-19 21:30:21,635][utils.model][INFO] - Evaluation Results - Val Loss: 0.1146, Val Accuracy: 0.9615 in 32 steps
[2024-06-19 21:30:25,818][utils.model][INFO] - ========================== Epoch Start ==========================
[2024-06-19 21:30:25,941][utils.model][INFO] - (In epoch/Overall): (1/461)| inst_loss: 0.1213 - Mean loss: 0.1247 - acc: 0.9688 - norm: 0.04 - 0.12s
[2024-06-19 21:30:25,948][utils.model][INFO] - Epoch Results:
[2024-06-19 21:30:25,952][utils.model][INFO] - (In epoch/Overall): (1/461)| inst_loss: 0.1247 - Mean loss: 0.1247 - acc: 0.9688 - norm: 0.04 - 0.13s
[2024-06-19 21:30:27,495][utils.model][INFO] - Evaluation Results - Val Loss: 0.1176, Val Accuracy: 0.9640 in 32 steps
[2024-06-19 21:30:31,909][utils.model][INFO] - ========================== Epoch Start ==========================
[2024-06-19 21:30:32,033][utils.model][INFO] - (In epoch/Overall): (1/462)| inst_loss: 0.1218 - Mean loss: 0.0553 - acc: 1.0000 - norm: 0.02 - 0.06s
[2024-06-19 21:30:32,041][utils.model][INFO] - Epoch Results:
[2024-06-19 21:30:32,045][utils.model][INFO] - (In epoch/Overall): (1/462)| inst_loss: 0.0553 - Mean loss: 0.0553 - acc: 1.0000 - norm: 0.02 - 0.13s
[2024-06-19 21:30:33,615][utils.model][INFO] - Evaluation Results - Val Loss: 0.1166, Val Accuracy: 0.9625 in 32 steps
[2024-06-19 21:30:37,880][utils.model][INFO] - ========================== Epoch Start ==========================
[2024-06-19 21:30:38,004][utils.model][INFO] - (In epoch/Overall): (1/463)| inst_loss: 0.1221 - Mean loss: 0.0644 - acc: 0.9688 - norm: 0.02 - 0.06s
[2024-06-19 21:30:38,010][utils.model][INFO] - Epoch Results:
[2024-06-19 21:30:38,013][utils.model][INFO] - (In epoch/Overall): (1/463)| inst_loss: 0.0644 - Mean loss: 0.0644 - acc: 0.9688 - norm: 0.02 - 0.13s
[2024-06-19 21:30:39,551][utils.model][INFO] - Evaluation Results - Val Loss: 0.1699, Val Accuracy: 0.9440 in 32 steps
[2024-06-19 21:30:43,023][utils.model][INFO] - ========================== Epoch Start ==========================
[2024-06-19 21:30:43,131][utils.model][INFO] - (In epoch/Overall): (1/464)| inst_loss: 0.1070 - Mean loss: 0.1283 - acc: 0.9688 - norm: 0.07 - 0.13s
[2024-06-19 21:30:43,136][utils.model][INFO] - Epoch Results:
[2024-06-19 21:30:43,139][utils.model][INFO] - (In epoch/Overall): (1/464)| inst_loss: 0.1283 - Mean loss: 0.1283 - acc: 0.9688 - norm: 0.07 - 0.11s
[2024-06-19 21:30:44,707][utils.model][INFO] - Evaluation Results - Val Loss: 0.1303, Val Accuracy: 0.9585 in 32 steps
[2024-06-19 21:30:48,939][utils.model][INFO] - ========================== Epoch Start ==========================
[2024-06-19 21:30:49,063][utils.model][INFO] - (In epoch/Overall): (1/465)| inst_loss: 0.1226 - Mean loss: 0.0276 - acc: 1.0000 - norm: 0.01 - 0.03s
[2024-06-19 21:30:49,069][utils.model][INFO] - Epoch Results:
[2024-06-19 21:30:49,072][utils.model][INFO] - (In epoch/Overall): (1/465)| inst_loss: 0.0276 - Mean loss: 0.0276 - acc: 1.0000 - norm: 0.01 - 0.13s
[2024-06-19 21:30:50,614][utils.model][INFO] - Evaluation Results - Val Loss: 0.1020, Val Accuracy: 0.9655 in 32 steps
[2024-06-19 21:30:54,986][utils.model][INFO] - ========================== Epoch Start ==========================
[2024-06-19 21:30:55,132][utils.model][INFO] - (In epoch/Overall): (1/466)| inst_loss: 0.1446 - Mean loss: 0.0278 - acc: 1.0000 - norm: 0.01 - 0.03s
[2024-06-19 21:30:55,137][utils.model][INFO] - Epoch Results:
[2024-06-19 21:30:55,141][utils.model][INFO] - (In epoch/Overall): (1/466)| inst_loss: 0.0278 - Mean loss: 0.0278 - acc: 1.0000 - norm: 0.01 - 0.15s
[2024-06-19 21:30:56,665][utils.model][INFO] - Evaluation Results - Val Loss: 0.1031, Val Accuracy: 0.9695 in 32 steps
[2024-06-19 21:31:00,894][utils.model][INFO] - ========================== Epoch Start ==========================
[2024-06-19 21:31:01,023][utils.model][INFO] - (In epoch/Overall): (1/467)| inst_loss: 0.1283 - Mean loss: 0.1308 - acc: 0.9375 - norm: 0.06 - 0.13s
[2024-06-19 21:31:01,030][utils.model][INFO] - Epoch Results:
[2024-06-19 21:31:01,033][utils.model][INFO] - (In epoch/Overall): (1/467)| inst_loss: 0.1308 - Mean loss: 0.1308 - acc: 0.9375 - norm: 0.06 - 0.14s
[2024-06-19 21:31:02,575][utils.model][INFO] - Evaluation Results - Val Loss: 0.1170, Val Accuracy: 0.9620 in 32 steps
[2024-06-19 21:31:08,043][utils.model][INFO] - Evaluation Results - Val Loss: 0.1145, Val Accuracy: 0.9610 in 32 steps
[2024-06-19 21:31:12,449][utils.model][INFO] - ========================== Epoch Start ==========================
[2024-06-19 21:31:12,601][utils.model][INFO] - (In epoch/Overall): (1/468)| inst_loss: 0.1507 - Mean loss: 0.2107 - acc: 0.9375 - norm: 0.10 - 0.21s
[2024-06-19 21:31:12,607][utils.model][INFO] - Epoch Results:
[2024-06-19 21:31:12,611][utils.model][INFO] - (In epoch/Overall): (1/468)| inst_loss: 0.2107 - Mean loss: 0.2107 - acc: 0.9375 - norm: 0.10 - 0.16s
[2024-06-19 21:31:14,217][utils.model][INFO] - Evaluation Results - Val Loss: 0.1135, Val Accuracy: 0.9630 in 32 steps
[2024-06-19 21:31:18,697][utils.model][INFO] - ========================== Epoch Start ==========================
[2024-06-19 21:31:18,836][utils.model][INFO] - (In epoch/Overall): (1/469)| inst_loss: 0.1362 - Mean loss: 0.1000 - acc: 0.9688 - norm: 0.04 - 0.10s
[2024-06-19 21:31:18,843][utils.model][INFO] - Epoch Results:
[2024-06-19 21:31:18,847][utils.model][INFO] - (In epoch/Overall): (1/469)| inst_loss: 0.1000 - Mean loss: 0.1000 - acc: 0.9688 - norm: 0.04 - 0.15s
[2024-06-19 21:31:20,421][utils.model][INFO] - Evaluation Results - Val Loss: 0.1190, Val Accuracy: 0.9595 in 32 steps
[2024-06-19 21:31:24,946][utils.model][INFO] - ========================== Epoch Start ==========================
[2024-06-19 21:31:25,069][utils.model][INFO] - (In epoch/Overall): (1/470)| inst_loss: 0.1218 - Mean loss: 0.0470 - acc: 0.9688 - norm: 0.03 - 0.05s
[2024-06-19 21:31:25,074][utils.model][INFO] - Epoch Results:
[2024-06-19 21:31:25,078][utils.model][INFO] - (In epoch/Overall): (1/470)| inst_loss: 0.0470 - Mean loss: 0.0470 - acc: 0.9688 - norm: 0.03 - 0.13s
[2024-06-19 21:31:26,645][utils.model][INFO] - Evaluation Results - Val Loss: 0.1308, Val Accuracy: 0.9615 in 32 steps
[2024-06-19 21:31:31,034][utils.model][INFO] - ========================== Epoch Start ==========================
[2024-06-19 21:31:31,165][utils.model][INFO] - (In epoch/Overall): (1/471)| inst_loss: 0.1292 - Mean loss: 0.0234 - acc: 1.0000 - norm: 0.01 - 0.02s
[2024-06-19 21:31:31,172][utils.model][INFO] - Epoch Results:
[2024-06-19 21:31:31,176][utils.model][INFO] - (In epoch/Overall): (1/471)| inst_loss: 0.0234 - Mean loss: 0.0234 - acc: 1.0000 - norm: 0.01 - 0.14s
[2024-06-19 21:31:32,732][utils.model][INFO] - Evaluation Results - Val Loss: 0.1060, Val Accuracy: 0.9635 in 32 steps
[2024-06-19 21:31:37,123][utils.model][INFO] - ========================== Epoch Start ==========================
[2024-06-19 21:31:37,238][utils.model][INFO] - (In epoch/Overall): (1/472)| inst_loss: 0.1129 - Mean loss: 0.0062 - acc: 1.0000 - norm: 0.00 - 0.01s
[2024-06-19 21:31:37,244][utils.model][INFO] - Epoch Results:
[2024-06-19 21:31:37,246][utils.model][INFO] - (In epoch/Overall): (1/472)| inst_loss: 0.0062 - Mean loss: 0.0062 - acc: 1.0000 - norm: 0.00 - 0.12s
[2024-06-19 21:31:38,789][utils.model][INFO] - Evaluation Results - Val Loss: 0.0948, Val Accuracy: 0.9705 in 32 steps
[2024-06-19 21:31:43,157][utils.model][INFO] - ========================== Epoch Start ==========================
[2024-06-19 21:31:43,274][utils.model][INFO] - (In epoch/Overall): (1/473)| inst_loss: 0.1159 - Mean loss: 0.2505 - acc: 0.9062 - norm: 0.08 - 0.25s
[2024-06-19 21:31:43,280][utils.model][INFO] - Epoch Results:
[2024-06-19 21:31:43,283][utils.model][INFO] - (In epoch/Overall): (1/473)| inst_loss: 0.2505 - Mean loss: 0.2505 - acc: 0.9062 - norm: 0.08 - 0.12s
[2024-06-19 21:31:44,850][utils.model][INFO] - Evaluation Results - Val Loss: 0.0999, Val Accuracy: 0.9680 in 32 steps
[2024-06-19 21:31:49,335][utils.model][INFO] - ========================== Epoch Start ==========================
[2024-06-19 21:31:49,467][utils.model][INFO] - (In epoch/Overall): (1/474)| inst_loss: 0.1294 - Mean loss: 0.0260 - acc: 1.0000 - norm: 0.00 - 0.03s
[2024-06-19 21:31:49,474][utils.model][INFO] - Epoch Results:
[2024-06-19 21:31:49,477][utils.model][INFO] - (In epoch/Overall): (1/474)| inst_loss: 0.0260 - Mean loss: 0.0260 - acc: 1.0000 - norm: 0.00 - 0.14s
[2024-06-19 21:31:51,069][utils.model][INFO] - Evaluation Results - Val Loss: 0.1031, Val Accuracy: 0.9645 in 32 steps
[2024-06-19 21:31:55,552][utils.model][INFO] - ========================== Epoch Start ==========================
[2024-06-19 21:31:55,672][utils.model][INFO] - (In epoch/Overall): (1/475)| inst_loss: 0.1183 - Mean loss: 0.1061 - acc: 0.9375 - norm: 0.08 - 0.11s
[2024-06-19 21:31:55,679][utils.model][INFO] - Epoch Results:
[2024-06-19 21:31:55,683][utils.model][INFO] - (In epoch/Overall): (1/475)| inst_loss: 0.1061 - Mean loss: 0.1061 - acc: 0.9375 - norm: 0.08 - 0.13s
[2024-06-19 21:31:57,827][utils.model][INFO] - Evaluation Results - Val Loss: 0.1027, Val Accuracy: 0.9660 in 32 steps
[2024-06-19 21:32:02,113][utils.model][INFO] - ========================== Epoch Start ==========================
[2024-06-19 21:32:02,255][utils.model][INFO] - (In epoch/Overall): (1/476)| inst_loss: 0.1401 - Mean loss: 0.3003 - acc: 0.9062 - norm: 0.10 - 0.30s
[2024-06-19 21:32:02,261][utils.model][INFO] - Epoch Results:
[2024-06-19 21:32:02,265][utils.model][INFO] - (In epoch/Overall): (1/476)| inst_loss: 0.3003 - Mean loss: 0.3003 - acc: 0.9062 - norm: 0.10 - 0.15s
[2024-06-19 21:32:03,819][utils.model][INFO] - Evaluation Results - Val Loss: 0.1189, Val Accuracy: 0.9605 in 32 steps
[2024-06-19 21:32:08,015][utils.model][INFO] - ========================== Epoch Start ==========================
[2024-06-19 21:32:08,132][utils.model][INFO] - (In epoch/Overall): (1/477)| inst_loss: 0.1156 - Mean loss: 0.0899 - acc: 0.9375 - norm: 0.04 - 0.09s
[2024-06-19 21:32:08,138][utils.model][INFO] - Epoch Results:
[2024-06-19 21:32:08,141][utils.model][INFO] - (In epoch/Overall): (1/477)| inst_loss: 0.0899 - Mean loss: 0.0899 - acc: 0.9375 - norm: 0.04 - 0.12s
[2024-06-19 21:32:09,765][utils.model][INFO] - Evaluation Results - Val Loss: 0.1073, Val Accuracy: 0.9660 in 32 steps
[2024-06-19 21:32:15,419][utils.model][INFO] - Evaluation Results - Val Loss: 0.1178, Val Accuracy: 0.9640 in 32 steps
[2024-06-19 21:32:19,740][utils.model][INFO] - ========================== Epoch Start ==========================
[2024-06-19 21:32:19,898][utils.model][INFO] - (In epoch/Overall): (1/478)| inst_loss: 0.1569 - Mean loss: 0.0603 - acc: 1.0000 - norm: 0.02 - 0.06s
[2024-06-19 21:32:19,904][utils.model][INFO] - Epoch Results:
[2024-06-19 21:32:19,907][utils.model][INFO] - (In epoch/Overall): (1/478)| inst_loss: 0.0603 - Mean loss: 0.0603 - acc: 1.0000 - norm: 0.02 - 0.17s
[2024-06-19 21:32:21,527][utils.model][INFO] - Evaluation Results - Val Loss: 0.1249, Val Accuracy: 0.9615 in 32 steps
[2024-06-19 21:32:25,951][utils.model][INFO] - ========================== Epoch Start ==========================
[2024-06-19 21:32:26,076][utils.model][INFO] - (In epoch/Overall): (1/479)| inst_loss: 0.1238 - Mean loss: 0.0364 - acc: 1.0000 - norm: 0.01 - 0.04s
[2024-06-19 21:32:26,083][utils.model][INFO] - Epoch Results:
[2024-06-19 21:32:26,087][utils.model][INFO] - (In epoch/Overall): (1/479)| inst_loss: 0.0364 - Mean loss: 0.0364 - acc: 1.0000 - norm: 0.01 - 0.13s
[2024-06-19 21:32:27,663][utils.model][INFO] - Evaluation Results - Val Loss: 0.1159, Val Accuracy: 0.9585 in 32 steps
[2024-06-19 21:32:32,019][utils.model][INFO] - ========================== Epoch Start ==========================
[2024-06-19 21:32:32,145][utils.model][INFO] - (In epoch/Overall): (1/480)| inst_loss: 0.1250 - Mean loss: 0.0768 - acc: 0.9688 - norm: 0.05 - 0.08s
[2024-06-19 21:32:32,152][utils.model][INFO] - Epoch Results:
[2024-06-19 21:32:32,156][utils.model][INFO] - (In epoch/Overall): (1/480)| inst_loss: 0.0768 - Mean loss: 0.0768 - acc: 0.9688 - norm: 0.05 - 0.13s
[2024-06-19 21:32:33,761][utils.model][INFO] - Evaluation Results - Val Loss: 0.1218, Val Accuracy: 0.9595 in 32 steps
[2024-06-19 21:32:38,204][utils.model][INFO] - ========================== Epoch Start ==========================
[2024-06-19 21:32:38,321][utils.model][INFO] - (In epoch/Overall): (1/481)| inst_loss: 0.1161 - Mean loss: 0.1548 - acc: 0.9375 - norm: 0.07 - 0.15s
[2024-06-19 21:32:38,327][utils.model][INFO] - Epoch Results:
[2024-06-19 21:32:38,329][utils.model][INFO] - (In epoch/Overall): (1/481)| inst_loss: 0.1548 - Mean loss: 0.1548 - acc: 0.9375 - norm: 0.07 - 0.12s
[2024-06-19 21:32:39,883][utils.model][INFO] - Evaluation Results - Val Loss: 0.1480, Val Accuracy: 0.9510 in 32 steps
[2024-06-19 21:32:44,318][utils.model][INFO] - ========================== Epoch Start ==========================
[2024-06-19 21:32:44,459][utils.model][INFO] - (In epoch/Overall): (1/482)| inst_loss: 0.1391 - Mean loss: 0.2533 - acc: 0.9375 - norm: 0.08 - 0.25s
[2024-06-19 21:32:44,467][utils.model][INFO] - Epoch Results:
[2024-06-19 21:32:44,471][utils.model][INFO] - (In epoch/Overall): (1/482)| inst_loss: 0.2533 - Mean loss: 0.2533 - acc: 0.9375 - norm: 0.08 - 0.15s
[2024-06-19 21:32:46,125][utils.model][INFO] - Evaluation Results - Val Loss: 0.0999, Val Accuracy: 0.9675 in 32 steps
[2024-06-19 21:32:50,312][utils.model][INFO] - ========================== Epoch Start ==========================
[2024-06-19 21:32:50,434][utils.model][INFO] - (In epoch/Overall): (1/483)| inst_loss: 0.1202 - Mean loss: 0.0489 - acc: 0.9688 - norm: 0.03 - 0.05s
[2024-06-19 21:32:50,440][utils.model][INFO] - Epoch Results:
[2024-06-19 21:32:50,443][utils.model][INFO] - (In epoch/Overall): (1/483)| inst_loss: 0.0489 - Mean loss: 0.0489 - acc: 0.9688 - norm: 0.03 - 0.13s
[2024-06-19 21:32:51,989][utils.model][INFO] - Evaluation Results - Val Loss: 0.1048, Val Accuracy: 0.9680 in 32 steps
[2024-06-19 21:32:56,125][utils.model][INFO] - ========================== Epoch Start ==========================
[2024-06-19 21:32:56,253][utils.model][INFO] - (In epoch/Overall): (1/484)| inst_loss: 0.1269 - Mean loss: 0.0472 - acc: 1.0000 - norm: 0.03 - 0.05s
[2024-06-19 21:32:56,260][utils.model][INFO] - Epoch Results:
[2024-06-19 21:32:56,263][utils.model][INFO] - (In epoch/Overall): (1/484)| inst_loss: 0.0472 - Mean loss: 0.0472 - acc: 1.0000 - norm: 0.03 - 0.14s
[2024-06-19 21:32:57,837][utils.model][INFO] - Evaluation Results - Val Loss: 0.1058, Val Accuracy: 0.9660 in 32 steps
[2024-06-19 21:33:02,194][utils.model][INFO] - ========================== Epoch Start ==========================
[2024-06-19 21:33:02,324][utils.model][INFO] - (In epoch/Overall): (1/485)| inst_loss: 0.1276 - Mean loss: 0.1152 - acc: 0.9688 - norm: 0.03 - 0.12s
[2024-06-19 21:33:02,330][utils.model][INFO] - Epoch Results:
[2024-06-19 21:33:02,333][utils.model][INFO] - (In epoch/Overall): (1/485)| inst_loss: 0.1152 - Mean loss: 0.1152 - acc: 0.9688 - norm: 0.03 - 0.14s
[2024-06-19 21:33:03,863][utils.model][INFO] - Evaluation Results - Val Loss: 0.1172, Val Accuracy: 0.9640 in 32 steps
[2024-06-19 21:33:08,140][utils.model][INFO] - ========================== Epoch Start ==========================
[2024-06-19 21:33:08,258][utils.model][INFO] - (In epoch/Overall): (1/486)| inst_loss: 0.1167 - Mean loss: 0.2121 - acc: 0.9062 - norm: 0.08 - 0.21s
[2024-06-19 21:33:08,264][utils.model][INFO] - Epoch Results:
[2024-06-19 21:33:08,267][utils.model][INFO] - (In epoch/Overall): (1/486)| inst_loss: 0.2121 - Mean loss: 0.2121 - acc: 0.9062 - norm: 0.08 - 0.13s
[2024-06-19 21:33:09,839][utils.model][INFO] - Evaluation Results - Val Loss: 0.1306, Val Accuracy: 0.9545 in 32 steps
[2024-06-19 21:33:14,195][utils.model][INFO] - ========================== Epoch Start ==========================
[2024-06-19 21:33:14,328][utils.model][INFO] - (In epoch/Overall): (1/487)| inst_loss: 0.1297 - Mean loss: 0.2040 - acc: 0.9375 - norm: 0.06 - 0.20s
[2024-06-19 21:33:14,336][utils.model][INFO] - Epoch Results:
[2024-06-19 21:33:14,339][utils.model][INFO] - (In epoch/Overall): (1/487)| inst_loss: 0.2040 - Mean loss: 0.2040 - acc: 0.9375 - norm: 0.06 - 0.14s
[2024-06-19 21:33:15,940][utils.model][INFO] - Evaluation Results - Val Loss: 0.0973, Val Accuracy: 0.9690 in 32 steps
[2024-06-19 21:33:20,165][utils.model][INFO] - ========================== Epoch Start ==========================
[2024-06-19 21:33:20,291][utils.model][INFO] - (In epoch/Overall): (1/488)| inst_loss: 0.1246 - Mean loss: 0.0068 - acc: 1.0000 - norm: 0.00 - 0.01s
[2024-06-19 21:33:20,297][utils.model][INFO] - Epoch Results:
[2024-06-19 21:33:20,300][utils.model][INFO] - (In epoch/Overall): (1/488)| inst_loss: 0.0068 - Mean loss: 0.0068 - acc: 1.0000 - norm: 0.00 - 0.13s
[2024-06-19 21:33:21,826][utils.model][INFO] - Evaluation Results - Val Loss: 0.0985, Val Accuracy: 0.9685 in 32 steps
[2024-06-19 21:33:25,997][utils.model][INFO] - ========================== Epoch Start ==========================
[2024-06-19 21:33:26,116][utils.model][INFO] - (In epoch/Overall): (1/489)| inst_loss: 0.1183 - Mean loss: 0.2418 - acc: 0.8750 - norm: 0.08 - 0.24s
[2024-06-19 21:33:26,122][utils.model][INFO] - Epoch Results:
[2024-06-19 21:33:26,125][utils.model][INFO] - (In epoch/Overall): (1/489)| inst_loss: 0.2418 - Mean loss: 0.2418 - acc: 0.8750 - norm: 0.08 - 0.13s
[2024-06-19 21:33:27,696][utils.model][INFO] - Evaluation Results - Val Loss: 0.1080, Val Accuracy: 0.9680 in 32 steps
[2024-06-19 21:33:32,150][utils.model][INFO] - ========================== Epoch Start ==========================
[2024-06-19 21:33:32,300][utils.model][INFO] - (In epoch/Overall): (1/490)| inst_loss: 0.1483 - Mean loss: 0.1745 - acc: 0.9375 - norm: 0.07 - 0.17s
[2024-06-19 21:33:32,308][utils.model][INFO] - Epoch Results:
[2024-06-19 21:33:32,313][utils.model][INFO] - (In epoch/Overall): (1/490)| inst_loss: 0.1745 - Mean loss: 0.1745 - acc: 0.9375 - norm: 0.07 - 0.16s
[2024-06-19 21:33:34,176][utils.model][INFO] - Evaluation Results - Val Loss: 0.1277, Val Accuracy: 0.9630 in 32 steps
[2024-06-19 21:33:38,666][utils.model][INFO] - ========================== Epoch Start ==========================
[2024-06-19 21:33:38,804][utils.model][INFO] - (In epoch/Overall): (1/491)| inst_loss: 0.1366 - Mean loss: 0.0440 - acc: 1.0000 - norm: 0.02 - 0.04s
[2024-06-19 21:33:38,810][utils.model][INFO] - Epoch Results:
[2024-06-19 21:33:38,813][utils.model][INFO] - (In epoch/Overall): (1/491)| inst_loss: 0.0440 - Mean loss: 0.0440 - acc: 1.0000 - norm: 0.02 - 0.15s
[2024-06-19 21:33:40,403][utils.model][INFO] - Evaluation Results - Val Loss: 0.1150, Val Accuracy: 0.9660 in 32 steps
[2024-06-19 21:33:44,665][utils.model][INFO] - ========================== Epoch Start ==========================
[2024-06-19 21:33:44,794][utils.model][INFO] - (In epoch/Overall): (1/492)| inst_loss: 0.1271 - Mean loss: 0.1669 - acc: 0.9375 - norm: 0.05 - 0.17s
[2024-06-19 21:33:44,801][utils.model][INFO] - Epoch Results:
[2024-06-19 21:33:44,804][utils.model][INFO] - (In epoch/Overall): (1/492)| inst_loss: 0.1669 - Mean loss: 0.1669 - acc: 0.9375 - norm: 0.05 - 0.14s
[2024-06-19 21:33:46,347][utils.model][INFO] - Evaluation Results - Val Loss: 0.1060, Val Accuracy: 0.9675 in 32 steps
[2024-06-19 21:33:50,710][utils.model][INFO] - ========================== Epoch Start ==========================
[2024-06-19 21:33:50,852][utils.model][INFO] - (In epoch/Overall): (1/493)| inst_loss: 0.1401 - Mean loss: 0.0690 - acc: 0.9688 - norm: 0.02 - 0.07s
[2024-06-19 21:33:50,861][utils.model][INFO] - Epoch Results:
[2024-06-19 21:33:50,865][utils.model][INFO] - (In epoch/Overall): (1/493)| inst_loss: 0.0690 - Mean loss: 0.0690 - acc: 0.9688 - norm: 0.02 - 0.15s
[2024-06-19 21:33:52,427][utils.model][INFO] - Evaluation Results - Val Loss: 0.1159, Val Accuracy: 0.9635 in 32 steps
[2024-06-19 21:33:56,709][utils.model][INFO] - ========================== Epoch Start ==========================
[2024-06-19 21:33:56,834][utils.model][INFO] - (In epoch/Overall): (1/494)| inst_loss: 0.1238 - Mean loss: 0.1090 - acc: 0.9688 - norm: 0.02 - 0.11s
[2024-06-19 21:33:56,841][utils.model][INFO] - Epoch Results:
[2024-06-19 21:33:56,844][utils.model][INFO] - (In epoch/Overall): (1/494)| inst_loss: 0.1090 - Mean loss: 0.1090 - acc: 0.9688 - norm: 0.02 - 0.13s
[2024-06-19 21:33:58,407][utils.model][INFO] - Evaluation Results - Val Loss: 0.0973, Val Accuracy: 0.9705 in 32 steps
[2024-06-19 21:34:02,701][utils.model][INFO] - ========================== Epoch Start ==========================
[2024-06-19 21:34:02,824][utils.model][INFO] - (In epoch/Overall): (1/495)| inst_loss: 0.1222 - Mean loss: 0.1778 - acc: 0.9062 - norm: 0.05 - 0.18s
[2024-06-19 21:34:02,830][utils.model][INFO] - Epoch Results:
[2024-06-19 21:34:02,835][utils.model][INFO] - (In epoch/Overall): (1/495)| inst_loss: 0.1778 - Mean loss: 0.1778 - acc: 0.9062 - norm: 0.05 - 0.13s
[2024-06-19 21:34:04,423][utils.model][INFO] - Evaluation Results - Val Loss: 0.0995, Val Accuracy: 0.9700 in 32 steps
[2024-06-19 21:34:08,607][utils.model][INFO] - ========================== Epoch Start ==========================
[2024-06-19 21:34:08,736][utils.model][INFO] - (In epoch/Overall): (1/496)| inst_loss: 0.1265 - Mean loss: 0.1205 - acc: 0.9375 - norm: 0.05 - 0.12s
[2024-06-19 21:34:08,743][utils.model][INFO] - Epoch Results:
[2024-06-19 21:34:08,746][utils.model][INFO] - (In epoch/Overall): (1/496)| inst_loss: 0.1205 - Mean loss: 0.1205 - acc: 0.9375 - norm: 0.05 - 0.14s
[2024-06-19 21:34:10,293][utils.model][INFO] - Evaluation Results - Val Loss: 0.1134, Val Accuracy: 0.9625 in 32 steps
[2024-06-19 21:34:14,538][utils.model][INFO] - ========================== Epoch Start ==========================
[2024-06-19 21:34:14,680][utils.model][INFO] - (In epoch/Overall): (1/497)| inst_loss: 0.1404 - Mean loss: 0.1497 - acc: 0.9688 - norm: 0.03 - 0.15s
[2024-06-19 21:34:14,687][utils.model][INFO] - Epoch Results:
[2024-06-19 21:34:14,691][utils.model][INFO] - (In epoch/Overall): (1/497)| inst_loss: 0.1497 - Mean loss: 0.1497 - acc: 0.9688 - norm: 0.03 - 0.15s
[2024-06-19 21:34:16,268][utils.model][INFO] - Evaluation Results - Val Loss: 0.1007, Val Accuracy: 0.9680 in 32 steps
[2024-06-19 21:34:21,449][utils.model][INFO] - Evaluation Results - Val Loss: 0.1671, Val Accuracy: 0.9430 in 32 steps
[2024-06-19 21:34:25,643][utils.model][INFO] - ========================== Epoch Start ==========================
[2024-06-19 21:34:25,759][utils.model][INFO] - (In epoch/Overall): (1/498)| inst_loss: 0.1135 - Mean loss: 0.3935 - acc: 0.8750 - norm: 0.17 - 0.39s
[2024-06-19 21:34:25,766][utils.model][INFO] - Epoch Results:
[2024-06-19 21:34:25,769][utils.model][INFO] - (In epoch/Overall): (1/498)| inst_loss: 0.3935 - Mean loss: 0.3935 - acc: 0.8750 - norm: 0.17 - 0.12s
[2024-06-19 21:34:27,334][utils.model][INFO] - Evaluation Results - Val Loss: 0.1398, Val Accuracy: 0.9520 in 32 steps
[2024-06-19 21:34:31,573][utils.model][INFO] - ========================== Epoch Start ==========================
[2024-06-19 21:34:31,718][utils.model][INFO] - (In epoch/Overall): (1/499)| inst_loss: 0.1425 - Mean loss: 0.1829 - acc: 0.9375 - norm: 0.04 - 0.18s
[2024-06-19 21:34:31,726][utils.model][INFO] - Epoch Results:
[2024-06-19 21:34:31,730][utils.model][INFO] - (In epoch/Overall): (1/499)| inst_loss: 0.1829 - Mean loss: 0.1829 - acc: 0.9375 - norm: 0.04 - 0.15s
[2024-06-19 21:34:33,578][utils.model][INFO] - Evaluation Results - Val Loss: 0.1011, Val Accuracy: 0.9680 in 32 steps
[2024-06-19 21:34:37,850][utils.model][INFO] - ========================== Epoch Start ==========================
[2024-06-19 21:34:37,977][utils.model][INFO] - (In epoch/Overall): (1/500)| inst_loss: 0.1254 - Mean loss: 0.0399 - acc: 1.0000 - norm: 0.01 - 0.04s
[2024-06-19 21:34:37,983][utils.model][INFO] - Epoch Results:
[2024-06-19 21:34:37,986][utils.model][INFO] - (In epoch/Overall): (1/500)| inst_loss: 0.0399 - Mean loss: 0.0399 - acc: 1.0000 - norm: 0.01 - 0.13s
[2024-06-19 21:34:39,534][utils.model][INFO] - Evaluation Results - Val Loss: 0.1122, Val Accuracy: 0.9620 in 32 steps
[2024-06-19 21:34:43,668][utils.model][INFO] - ========================== Epoch Start ==========================
[2024-06-19 21:34:43,791][utils.model][INFO] - (In epoch/Overall): (1/501)| inst_loss: 0.1213 - Mean loss: 0.0121 - acc: 1.0000 - norm: 0.00 - 0.01s
[2024-06-19 21:34:43,798][utils.model][INFO] - Epoch Results:
[2024-06-19 21:34:43,803][utils.model][INFO] - (In epoch/Overall): (1/501)| inst_loss: 0.0121 - Mean loss: 0.0121 - acc: 1.0000 - norm: 0.00 - 0.13s
[2024-06-19 21:34:45,416][utils.model][INFO] - Evaluation Results - Val Loss: 0.0995, Val Accuracy: 0.9680 in 32 steps
[2024-06-19 21:34:49,017][utils.model][INFO] - ========================== Epoch Start ==========================
[2024-06-19 21:34:49,128][utils.model][INFO] - (In epoch/Overall): (1/502)| inst_loss: 0.1096 - Mean loss: 0.0248 - acc: 1.0000 - norm: 0.01 - 0.02s
[2024-06-19 21:34:49,135][utils.model][INFO] - Epoch Results:
[2024-06-19 21:34:49,137][utils.model][INFO] - (In epoch/Overall): (1/502)| inst_loss: 0.0248 - Mean loss: 0.0248 - acc: 1.0000 - norm: 0.01 - 0.12s
[2024-06-19 21:34:50,732][utils.model][INFO] - Evaluation Results - Val Loss: 0.1008, Val Accuracy: 0.9665 in 32 steps
[2024-06-19 21:34:55,111][utils.model][INFO] - ========================== Epoch Start ==========================
[2024-06-19 21:34:55,241][utils.model][INFO] - (In epoch/Overall): (1/503)| inst_loss: 0.1281 - Mean loss: 0.0162 - acc: 1.0000 - norm: 0.00 - 0.02s
[2024-06-19 21:34:55,248][utils.model][INFO] - Epoch Results:
[2024-06-19 21:34:55,251][utils.model][INFO] - (In epoch/Overall): (1/503)| inst_loss: 0.0162 - Mean loss: 0.0162 - acc: 1.0000 - norm: 0.00 - 0.14s
[2024-06-19 21:34:56,810][utils.model][INFO] - Evaluation Results - Val Loss: 0.1070, Val Accuracy: 0.9640 in 32 steps
[2024-06-19 21:35:00,299][utils.model][INFO] - ========================== Epoch Start ==========================
[2024-06-19 21:35:00,414][utils.model][INFO] - (In epoch/Overall): (1/504)| inst_loss: 0.1141 - Mean loss: 0.0185 - acc: 1.0000 - norm: 0.00 - 0.02s
[2024-06-19 21:35:00,420][utils.model][INFO] - Epoch Results:
[2024-06-19 21:35:00,422][utils.model][INFO] - (In epoch/Overall): (1/504)| inst_loss: 0.0185 - Mean loss: 0.0185 - acc: 1.0000 - norm: 0.00 - 0.12s
[2024-06-19 21:35:02,020][utils.model][INFO] - Evaluation Results - Val Loss: 0.1123, Val Accuracy: 0.9645 in 32 steps
[2024-06-19 21:35:07,189][utils.model][INFO] - Evaluation Results - Val Loss: 0.1043, Val Accuracy: 0.9660 in 32 steps
[2024-06-19 21:35:11,422][utils.model][INFO] - ========================== Epoch Start ==========================
[2024-06-19 21:35:11,553][utils.model][INFO] - (In epoch/Overall): (1/505)| inst_loss: 0.1288 - Mean loss: 0.1661 - acc: 0.9375 - norm: 0.06 - 0.17s
[2024-06-19 21:35:11,560][utils.model][INFO] - Epoch Results:
[2024-06-19 21:35:11,565][utils.model][INFO] - (In epoch/Overall): (1/505)| inst_loss: 0.1661 - Mean loss: 0.1661 - acc: 0.9375 - norm: 0.06 - 0.14s
[2024-06-19 21:35:13,228][utils.model][INFO] - Evaluation Results - Val Loss: 0.0983, Val Accuracy: 0.9675 in 32 steps
[2024-06-19 21:35:17,548][utils.model][INFO] - ========================== Epoch Start ==========================
[2024-06-19 21:35:17,673][utils.model][INFO] - (In epoch/Overall): (1/506)| inst_loss: 0.1237 - Mean loss: 0.0945 - acc: 0.9688 - norm: 0.04 - 0.09s
[2024-06-19 21:35:17,680][utils.model][INFO] - Epoch Results:
[2024-06-19 21:35:17,683][utils.model][INFO] - (In epoch/Overall): (1/506)| inst_loss: 0.0945 - Mean loss: 0.0945 - acc: 0.9688 - norm: 0.04 - 0.13s
[2024-06-19 21:35:19,292][utils.model][INFO] - Evaluation Results - Val Loss: 0.1180, Val Accuracy: 0.9675 in 32 steps
[2024-06-19 21:35:23,612][utils.model][INFO] - ========================== Epoch Start ==========================
[2024-06-19 21:35:23,751][utils.model][INFO] - (In epoch/Overall): (1/507)| inst_loss: 0.1364 - Mean loss: 0.0500 - acc: 1.0000 - norm: 0.01 - 0.05s
[2024-06-19 21:35:23,760][utils.model][INFO] - Epoch Results:
[2024-06-19 21:35:23,769][utils.model][INFO] - (In epoch/Overall): (1/507)| inst_loss: 0.0500 - Mean loss: 0.0500 - acc: 1.0000 - norm: 0.01 - 0.15s
[2024-06-19 21:35:25,365][utils.model][INFO] - Evaluation Results - Val Loss: 0.1132, Val Accuracy: 0.9680 in 32 steps
[2024-06-19 21:35:30,596][utils.model][INFO] - Evaluation Results - Val Loss: 0.1116, Val Accuracy: 0.9630 in 32 steps
[2024-06-19 21:35:35,058][utils.model][INFO] - ========================== Epoch Start ==========================
[2024-06-19 21:35:35,191][utils.model][INFO] - (In epoch/Overall): (1/508)| inst_loss: 0.1311 - Mean loss: 0.1941 - acc: 0.9062 - norm: 0.07 - 0.19s
[2024-06-19 21:35:35,198][utils.model][INFO] - Epoch Results:
[2024-06-19 21:35:35,203][utils.model][INFO] - (In epoch/Overall): (1/508)| inst_loss: 0.1941 - Mean loss: 0.1941 - acc: 0.9062 - norm: 0.07 - 0.14s
[2024-06-19 21:35:36,808][utils.model][INFO] - Evaluation Results - Val Loss: 0.1060, Val Accuracy: 0.9665 in 32 steps
[2024-06-19 21:35:41,122][utils.model][INFO] - ========================== Epoch Start ==========================
[2024-06-19 21:35:41,253][utils.model][INFO] - (In epoch/Overall): (1/509)| inst_loss: 0.1302 - Mean loss: 0.0212 - acc: 1.0000 - norm: 0.01 - 0.02s
[2024-06-19 21:35:41,260][utils.model][INFO] - Epoch Results:
[2024-06-19 21:35:41,262][utils.model][INFO] - (In epoch/Overall): (1/509)| inst_loss: 0.0212 - Mean loss: 0.0212 - acc: 1.0000 - norm: 0.01 - 0.14s
[2024-06-19 21:35:42,919][utils.model][INFO] - Evaluation Results - Val Loss: 0.0998, Val Accuracy: 0.9650 in 32 steps
[2024-06-19 21:35:47,162][utils.model][INFO] - ========================== Epoch Start ==========================
[2024-06-19 21:35:47,288][utils.model][INFO] - (In epoch/Overall): (1/510)| inst_loss: 0.1239 - Mean loss: 0.0894 - acc: 0.9688 - norm: 0.05 - 0.09s
[2024-06-19 21:35:47,296][utils.model][INFO] - Epoch Results:
[2024-06-19 21:35:47,300][utils.model][INFO] - (In epoch/Overall): (1/510)| inst_loss: 0.0894 - Mean loss: 0.0894 - acc: 0.9688 - norm: 0.05 - 0.13s
[2024-06-19 21:35:48,940][utils.model][INFO] - Evaluation Results - Val Loss: 0.1164, Val Accuracy: 0.9650 in 32 steps
[2024-06-19 21:35:53,237][utils.model][INFO] - ========================== Epoch Start ==========================
[2024-06-19 21:35:53,363][utils.model][INFO] - (In epoch/Overall): (1/511)| inst_loss: 0.1245 - Mean loss: 0.2673 - acc: 0.9688 - norm: 0.05 - 0.27s
[2024-06-19 21:35:53,370][utils.model][INFO] - Epoch Results:
[2024-06-19 21:35:53,373][utils.model][INFO] - (In epoch/Overall): (1/511)| inst_loss: 0.2673 - Mean loss: 0.2673 - acc: 0.9688 - norm: 0.05 - 0.13s
[2024-06-19 21:35:55,031][utils.model][INFO] - Evaluation Results - Val Loss: 0.0951, Val Accuracy: 0.9695 in 32 steps
[2024-06-19 21:35:59,259][utils.model][INFO] - ========================== Epoch Start ==========================
[2024-06-19 21:35:59,377][utils.model][INFO] - (In epoch/Overall): (1/512)| inst_loss: 0.1154 - Mean loss: 0.1290 - acc: 0.9375 - norm: 0.05 - 0.13s
[2024-06-19 21:35:59,384][utils.model][INFO] - Epoch Results:
[2024-06-19 21:35:59,387][utils.model][INFO] - (In epoch/Overall): (1/512)| inst_loss: 0.1290 - Mean loss: 0.1290 - acc: 0.9375 - norm: 0.05 - 0.13s
[2024-06-19 21:36:01,059][utils.model][INFO] - Evaluation Results - Val Loss: 0.1090, Val Accuracy: 0.9655 in 32 steps
[2024-06-19 21:36:04,491][utils.model][INFO] - ========================== Epoch Start ==========================
[2024-06-19 21:36:04,600][utils.model][INFO] - (In epoch/Overall): (1/513)| inst_loss: 0.1069 - Mean loss: 0.0565 - acc: 1.0000 - norm: 0.04 - 0.06s
[2024-06-19 21:36:04,604][utils.model][INFO] - Epoch Results:
[2024-06-19 21:36:04,607][utils.model][INFO] - (In epoch/Overall): (1/513)| inst_loss: 0.0565 - Mean loss: 0.0565 - acc: 1.0000 - norm: 0.04 - 0.11s
[2024-06-19 21:36:06,239][utils.model][INFO] - Evaluation Results - Val Loss: 0.1191, Val Accuracy: 0.9595 in 32 steps
[2024-06-19 21:36:09,747][utils.model][INFO] - ========================== Epoch Start ==========================
[2024-06-19 21:36:09,865][utils.model][INFO] - (In epoch/Overall): (1/514)| inst_loss: 0.1160 - Mean loss: 0.2241 - acc: 0.9375 - norm: 0.07 - 0.22s
[2024-06-19 21:36:09,874][utils.model][INFO] - Epoch Results:
[2024-06-19 21:36:09,879][utils.model][INFO] - (In epoch/Overall): (1/514)| inst_loss: 0.2241 - Mean loss: 0.2241 - acc: 0.9375 - norm: 0.07 - 0.13s
[2024-06-19 21:36:11,822][utils.model][INFO] - Evaluation Results - Val Loss: 0.0989, Val Accuracy: 0.9675 in 32 steps
[2024-06-19 21:36:15,339][utils.model][INFO] - ========================== Epoch Start ==========================
[2024-06-19 21:36:15,468][utils.model][INFO] - (In epoch/Overall): (1/515)| inst_loss: 0.1275 - Mean loss: 0.1414 - acc: 0.9062 - norm: 0.07 - 0.14s
[2024-06-19 21:36:15,475][utils.model][INFO] - Epoch Results:
[2024-06-19 21:36:15,478][utils.model][INFO] - (In epoch/Overall): (1/515)| inst_loss: 0.1414 - Mean loss: 0.1414 - acc: 0.9062 - norm: 0.07 - 0.14s
[2024-06-19 21:36:17,088][utils.model][INFO] - Evaluation Results - Val Loss: 0.1008, Val Accuracy: 0.9720 in 32 steps
[2024-06-19 21:36:21,503][utils.model][INFO] - ========================== Epoch Start ==========================
[2024-06-19 21:36:21,638][utils.model][INFO] - (In epoch/Overall): (1/516)| inst_loss: 0.1325 - Mean loss: 0.0496 - acc: 1.0000 - norm: 0.02 - 0.05s
[2024-06-19 21:36:21,644][utils.model][INFO] - Epoch Results:
[2024-06-19 21:36:21,647][utils.model][INFO] - (In epoch/Overall): (1/516)| inst_loss: 0.0496 - Mean loss: 0.0496 - acc: 1.0000 - norm: 0.02 - 0.14s
[2024-06-19 21:36:23,243][utils.model][INFO] - Evaluation Results - Val Loss: 0.1026, Val Accuracy: 0.9675 in 32 steps
[2024-06-19 21:36:26,647][utils.model][INFO] - ========================== Epoch Start ==========================
[2024-06-19 21:36:26,759][utils.model][INFO] - (In epoch/Overall): (1/517)| inst_loss: 0.1112 - Mean loss: 0.1748 - acc: 0.9375 - norm: 0.10 - 0.17s
[2024-06-19 21:36:26,765][utils.model][INFO] - Epoch Results:
[2024-06-19 21:36:26,767][utils.model][INFO] - (In epoch/Overall): (1/517)| inst_loss: 0.1748 - Mean loss: 0.1748 - acc: 0.9375 - norm: 0.10 - 0.12s
[2024-06-19 21:36:28,333][utils.model][INFO] - Evaluation Results - Val Loss: 0.2157, Val Accuracy: 0.9260 in 32 steps
[2024-06-19 21:36:32,838][utils.model][INFO] - ========================== Epoch Start ==========================
[2024-06-19 21:36:32,980][utils.model][INFO] - (In epoch/Overall): (1/518)| inst_loss: 0.1406 - Mean loss: 0.1361 - acc: 0.9375 - norm: 0.06 - 0.14s
[2024-06-19 21:36:32,986][utils.model][INFO] - Epoch Results:
[2024-06-19 21:36:32,989][utils.model][INFO] - (In epoch/Overall): (1/518)| inst_loss: 0.1361 - Mean loss: 0.1361 - acc: 0.9375 - norm: 0.06 - 0.15s
[2024-06-19 21:36:34,529][utils.model][INFO] - Evaluation Results - Val Loss: 0.1049, Val Accuracy: 0.9675 in 32 steps
[2024-06-19 21:36:38,795][utils.model][INFO] - ========================== Epoch Start ==========================
[2024-06-19 21:36:38,938][utils.model][INFO] - (In epoch/Overall): (1/519)| inst_loss: 0.1416 - Mean loss: 0.0238 - acc: 1.0000 - norm: 0.01 - 0.02s
[2024-06-19 21:36:38,946][utils.model][INFO] - Epoch Results:
[2024-06-19 21:36:38,950][utils.model][INFO] - (In epoch/Overall): (1/519)| inst_loss: 0.0238 - Mean loss: 0.0238 - acc: 1.0000 - norm: 0.01 - 0.15s
[2024-06-19 21:36:40,469][utils.model][INFO] - Evaluation Results - Val Loss: 0.1117, Val Accuracy: 0.9655 in 32 steps
[2024-06-19 21:36:44,914][utils.model][INFO] - ========================== Epoch Start ==========================
[2024-06-19 21:36:45,058][utils.model][INFO] - (In epoch/Overall): (1/520)| inst_loss: 0.1429 - Mean loss: 0.0523 - acc: 0.9688 - norm: 0.01 - 0.05s
[2024-06-19 21:36:45,063][utils.model][INFO] - Epoch Results:
[2024-06-19 21:36:45,067][utils.model][INFO] - (In epoch/Overall): (1/520)| inst_loss: 0.0523 - Mean loss: 0.0523 - acc: 0.9688 - norm: 0.01 - 0.15s
[2024-06-19 21:36:46,593][utils.model][INFO] - Evaluation Results - Val Loss: 0.1065, Val Accuracy: 0.9665 in 32 steps
[2024-06-19 21:36:50,870][utils.model][INFO] - ========================== Epoch Start ==========================
[2024-06-19 21:36:50,996][utils.model][INFO] - (In epoch/Overall): (1/521)| inst_loss: 0.1239 - Mean loss: 0.0823 - acc: 0.9688 - norm: 0.03 - 0.08s
[2024-06-19 21:36:51,005][utils.model][INFO] - Epoch Results:
[2024-06-19 21:36:51,010][utils.model][INFO] - (In epoch/Overall): (1/521)| inst_loss: 0.0823 - Mean loss: 0.0823 - acc: 0.9688 - norm: 0.03 - 0.14s
[2024-06-19 21:36:52,548][utils.model][INFO] - Evaluation Results - Val Loss: 0.0943, Val Accuracy: 0.9690 in 32 steps
[2024-06-19 21:36:56,729][utils.model][INFO] - ========================== Epoch Start ==========================
[2024-06-19 21:36:56,867][utils.model][INFO] - (In epoch/Overall): (1/522)| inst_loss: 0.1351 - Mean loss: 0.0858 - acc: 0.9688 - norm: 0.03 - 0.09s
[2024-06-19 21:36:56,877][utils.model][INFO] - Epoch Results:
[2024-06-19 21:36:56,881][utils.model][INFO] - (In epoch/Overall): (1/522)| inst_loss: 0.0858 - Mean loss: 0.0858 - acc: 0.9688 - norm: 0.03 - 0.15s
[2024-06-19 21:36:58,551][utils.model][INFO] - Evaluation Results - Val Loss: 0.0931, Val Accuracy: 0.9700 in 32 steps
[2024-06-19 21:37:02,806][utils.model][INFO] - ========================== Epoch Start ==========================
[2024-06-19 21:37:02,940][utils.model][INFO] - (In epoch/Overall): (1/523)| inst_loss: 0.1313 - Mean loss: 0.1171 - acc: 0.9375 - norm: 0.05 - 0.12s
[2024-06-19 21:37:02,945][utils.model][INFO] - Epoch Results:
[2024-06-19 21:37:02,948][utils.model][INFO] - (In epoch/Overall): (1/523)| inst_loss: 0.1171 - Mean loss: 0.1171 - acc: 0.9375 - norm: 0.05 - 0.14s
[2024-06-19 21:37:04,500][utils.model][INFO] - Evaluation Results - Val Loss: 0.0955, Val Accuracy: 0.9670 in 32 steps
[2024-06-19 21:37:08,794][utils.model][INFO] - ========================== Epoch Start ==========================
[2024-06-19 21:37:08,930][utils.model][INFO] - (In epoch/Overall): (1/524)| inst_loss: 0.1349 - Mean loss: 0.3499 - acc: 0.8750 - norm: 0.08 - 0.35s
[2024-06-19 21:37:08,938][utils.model][INFO] - Epoch Results:
[2024-06-19 21:37:08,942][utils.model][INFO] - (In epoch/Overall): (1/524)| inst_loss: 0.3499 - Mean loss: 0.3499 - acc: 0.8750 - norm: 0.08 - 0.15s
[2024-06-19 21:37:10,708][utils.model][INFO] - Evaluation Results - Val Loss: 0.0948, Val Accuracy: 0.9695 in 32 steps
[2024-06-19 21:37:15,115][utils.model][INFO] - ========================== Epoch Start ==========================
[2024-06-19 21:37:15,287][utils.model][INFO] - (In epoch/Overall): (1/525)| inst_loss: 0.1702 - Mean loss: 0.0333 - acc: 1.0000 - norm: 0.02 - 0.03s
[2024-06-19 21:37:15,293][utils.model][INFO] - Epoch Results:
[2024-06-19 21:37:15,296][utils.model][INFO] - (In epoch/Overall): (1/525)| inst_loss: 0.0333 - Mean loss: 0.0333 - acc: 1.0000 - norm: 0.02 - 0.18s
[2024-06-19 21:37:16,849][utils.model][INFO] - Evaluation Results - Val Loss: 0.0966, Val Accuracy: 0.9685 in 32 steps
[2024-06-19 21:37:21,201][utils.model][INFO] - ========================== Epoch Start ==========================
[2024-06-19 21:37:21,326][utils.model][INFO] - (In epoch/Overall): (1/526)| inst_loss: 0.1232 - Mean loss: 0.1460 - acc: 0.8750 - norm: 0.09 - 0.15s
[2024-06-19 21:37:21,333][utils.model][INFO] - Epoch Results:
[2024-06-19 21:37:21,336][utils.model][INFO] - (In epoch/Overall): (1/526)| inst_loss: 0.1460 - Mean loss: 0.1460 - acc: 0.8750 - norm: 0.09 - 0.13s
[2024-06-19 21:37:22,901][utils.model][INFO] - Evaluation Results - Val Loss: 0.1176, Val Accuracy: 0.9655 in 32 steps
[2024-06-19 21:37:27,169][utils.model][INFO] - ========================== Epoch Start ==========================
[2024-06-19 21:37:27,296][utils.model][INFO] - (In epoch/Overall): (1/527)| inst_loss: 0.1249 - Mean loss: 0.0716 - acc: 1.0000 - norm: 0.03 - 0.07s
[2024-06-19 21:37:27,307][utils.model][INFO] - Epoch Results:
[2024-06-19 21:37:27,311][utils.model][INFO] - (In epoch/Overall): (1/527)| inst_loss: 0.0716 - Mean loss: 0.0716 - acc: 1.0000 - norm: 0.03 - 0.14s
[2024-06-19 21:37:28,865][utils.model][INFO] - Evaluation Results - Val Loss: 0.1101, Val Accuracy: 0.9665 in 32 steps
[2024-06-19 21:37:33,146][utils.model][INFO] - ========================== Epoch Start ==========================
[2024-06-19 21:37:33,279][utils.model][INFO] - (In epoch/Overall): (1/528)| inst_loss: 0.1296 - Mean loss: 0.0399 - acc: 1.0000 - norm: 0.02 - 0.04s
[2024-06-19 21:37:33,286][utils.model][INFO] - Epoch Results:
[2024-06-19 21:37:33,291][utils.model][INFO] - (In epoch/Overall): (1/528)| inst_loss: 0.0399 - Mean loss: 0.0399 - acc: 1.0000 - norm: 0.02 - 0.14s
[2024-06-19 21:37:34,805][utils.model][INFO] - Evaluation Results - Val Loss: 0.1012, Val Accuracy: 0.9675 in 32 steps
[2024-06-19 21:37:39,133][utils.model][INFO] - ========================== Epoch Start ==========================
[2024-06-19 21:37:39,271][utils.model][INFO] - (In epoch/Overall): (1/529)| inst_loss: 0.1359 - Mean loss: 0.0347 - acc: 1.0000 - norm: 0.01 - 0.03s
[2024-06-19 21:37:39,277][utils.model][INFO] - Epoch Results:
[2024-06-19 21:37:39,280][utils.model][INFO] - (In epoch/Overall): (1/529)| inst_loss: 0.0347 - Mean loss: 0.0347 - acc: 1.0000 - norm: 0.01 - 0.14s
[2024-06-19 21:37:40,811][utils.model][INFO] - Evaluation Results - Val Loss: 0.1133, Val Accuracy: 0.9610 in 32 steps
[2024-06-19 21:37:45,143][utils.model][INFO] - ========================== Epoch Start ==========================
[2024-06-19 21:37:45,267][utils.model][INFO] - (In epoch/Overall): (1/530)| inst_loss: 0.1233 - Mean loss: 0.2135 - acc: 0.9375 - norm: 0.08 - 0.21s
[2024-06-19 21:37:45,274][utils.model][INFO] - Epoch Results:
[2024-06-19 21:37:45,279][utils.model][INFO] - (In epoch/Overall): (1/530)| inst_loss: 0.2135 - Mean loss: 0.2135 - acc: 0.9375 - norm: 0.08 - 0.13s
[2024-06-19 21:37:46,803][utils.model][INFO] - Evaluation Results - Val Loss: 0.1176, Val Accuracy: 0.9600 in 32 steps
[2024-06-19 21:37:50,315][utils.model][INFO] - ========================== Epoch Start ==========================
[2024-06-19 21:37:50,438][utils.model][INFO] - (In epoch/Overall): (1/531)| inst_loss: 0.1206 - Mean loss: 0.0758 - acc: 0.9688 - norm: 0.04 - 0.08s
[2024-06-19 21:37:50,445][utils.model][INFO] - Epoch Results:
[2024-06-19 21:37:50,449][utils.model][INFO] - (In epoch/Overall): (1/531)| inst_loss: 0.0758 - Mean loss: 0.0758 - acc: 0.9688 - norm: 0.04 - 0.13s
[2024-06-19 21:37:51,973][utils.model][INFO] - Evaluation Results - Val Loss: 0.0948, Val Accuracy: 0.9675 in 32 steps
[2024-06-19 21:37:56,348][utils.model][INFO] - ========================== Epoch Start ==========================
[2024-06-19 21:37:56,478][utils.model][INFO] - (In epoch/Overall): (1/532)| inst_loss: 0.1280 - Mean loss: 0.0325 - acc: 1.0000 - norm: 0.02 - 0.03s
[2024-06-19 21:37:56,486][utils.model][INFO] - Epoch Results:
[2024-06-19 21:37:56,490][utils.model][INFO] - (In epoch/Overall): (1/532)| inst_loss: 0.0325 - Mean loss: 0.0325 - acc: 1.0000 - norm: 0.02 - 0.14s
[2024-06-19 21:37:58,024][utils.model][INFO] - Evaluation Results - Val Loss: 0.0904, Val Accuracy: 0.9695 in 32 steps
[2024-06-19 21:38:02,328][utils.model][INFO] - ========================== Epoch Start ==========================
[2024-06-19 21:38:02,457][utils.model][INFO] - (In epoch/Overall): (1/533)| inst_loss: 0.1270 - Mean loss: 0.0433 - acc: 1.0000 - norm: 0.02 - 0.04s
[2024-06-19 21:38:02,469][utils.model][INFO] - Epoch Results:
[2024-06-19 21:38:02,472][utils.model][INFO] - (In epoch/Overall): (1/533)| inst_loss: 0.0433 - Mean loss: 0.0433 - acc: 1.0000 - norm: 0.02 - 0.14s
[2024-06-19 21:38:03,987][utils.model][INFO] - Evaluation Results - Val Loss: 0.1018, Val Accuracy: 0.9655 in 32 steps
[2024-06-19 21:38:07,402][utils.model][INFO] - ========================== Epoch Start ==========================
[2024-06-19 21:38:07,516][utils.model][INFO] - (In epoch/Overall): (1/534)| inst_loss: 0.1131 - Mean loss: 0.1012 - acc: 0.9375 - norm: 0.05 - 0.10s
[2024-06-19 21:38:07,522][utils.model][INFO] - Epoch Results:
[2024-06-19 21:38:07,525][utils.model][INFO] - (In epoch/Overall): (1/534)| inst_loss: 0.1012 - Mean loss: 0.1012 - acc: 0.9375 - norm: 0.05 - 0.12s
[2024-06-19 21:38:09,069][utils.model][INFO] - Evaluation Results - Val Loss: 0.1075, Val Accuracy: 0.9635 in 32 steps
[2024-06-19 21:38:13,472][utils.model][INFO] - ========================== Epoch Start ==========================
[2024-06-19 21:38:13,606][utils.model][INFO] - (In epoch/Overall): (1/535)| inst_loss: 0.1326 - Mean loss: 0.0945 - acc: 0.9375 - norm: 0.04 - 0.09s
[2024-06-19 21:38:13,611][utils.model][INFO] - Epoch Results:
[2024-06-19 21:38:13,614][utils.model][INFO] - (In epoch/Overall): (1/535)| inst_loss: 0.0945 - Mean loss: 0.0945 - acc: 0.9375 - norm: 0.04 - 0.14s
[2024-06-19 21:38:15,135][utils.model][INFO] - Evaluation Results - Val Loss: 0.1215, Val Accuracy: 0.9655 in 32 steps
[2024-06-19 21:38:19,405][utils.model][INFO] - ========================== Epoch Start ==========================
[2024-06-19 21:38:19,551][utils.model][INFO] - (In epoch/Overall): (1/536)| inst_loss: 0.1442 - Mean loss: 0.0483 - acc: 1.0000 - norm: 0.01 - 0.05s
[2024-06-19 21:38:19,557][utils.model][INFO] - Epoch Results:
[2024-06-19 21:38:19,560][utils.model][INFO] - (In epoch/Overall): (1/536)| inst_loss: 0.0483 - Mean loss: 0.0483 - acc: 1.0000 - norm: 0.01 - 0.15s
[2024-06-19 21:38:21,081][utils.model][INFO] - Evaluation Results - Val Loss: 0.1010, Val Accuracy: 0.9695 in 32 steps
[2024-06-19 21:38:24,575][utils.model][INFO] - ========================== Epoch Start ==========================
[2024-06-19 21:38:24,680][utils.model][INFO] - (In epoch/Overall): (1/537)| inst_loss: 0.1036 - Mean loss: 0.1017 - acc: 0.9375 - norm: 0.07 - 0.10s
[2024-06-19 21:38:24,685][utils.model][INFO] - Epoch Results:
[2024-06-19 21:38:24,687][utils.model][INFO] - (In epoch/Overall): (1/537)| inst_loss: 0.1017 - Mean loss: 0.1017 - acc: 0.9375 - norm: 0.07 - 0.11s
[2024-06-19 21:38:26,219][utils.model][INFO] - Evaluation Results - Val Loss: 0.1336, Val Accuracy: 0.9565 in 32 steps
[2024-06-19 21:38:30,472][utils.model][INFO] - ========================== Epoch Start ==========================
[2024-06-19 21:38:30,626][utils.model][INFO] - (In epoch/Overall): (1/538)| inst_loss: 0.1528 - Mean loss: 0.1236 - acc: 0.9375 - norm: 0.08 - 0.12s
[2024-06-19 21:38:30,632][utils.model][INFO] - Epoch Results:
[2024-06-19 21:38:30,636][utils.model][INFO] - (In epoch/Overall): (1/538)| inst_loss: 0.1236 - Mean loss: 0.1236 - acc: 0.9375 - norm: 0.08 - 0.16s
[2024-06-19 21:38:32,119][utils.model][INFO] - Evaluation Results - Val Loss: 0.1184, Val Accuracy: 0.9630 in 32 steps
[2024-06-19 21:38:36,483][utils.model][INFO] - ========================== Epoch Start ==========================
[2024-06-19 21:38:36,607][utils.model][INFO] - (In epoch/Overall): (1/539)| inst_loss: 0.1234 - Mean loss: 0.0074 - acc: 1.0000 - norm: 0.00 - 0.01s
[2024-06-19 21:38:36,614][utils.model][INFO] - Epoch Results:
[2024-06-19 21:38:36,617][utils.model][INFO] - (In epoch/Overall): (1/539)| inst_loss: 0.0074 - Mean loss: 0.0074 - acc: 1.0000 - norm: 0.00 - 0.13s
[2024-06-19 21:38:38,145][utils.model][INFO] - Evaluation Results - Val Loss: 0.0988, Val Accuracy: 0.9700 in 32 steps
[2024-06-19 21:38:41,694][utils.model][INFO] - ========================== Epoch Start ==========================
[2024-06-19 21:38:41,811][utils.model][INFO] - (In epoch/Overall): (1/540)| inst_loss: 0.1152 - Mean loss: 0.0100 - acc: 1.0000 - norm: 0.00 - 0.01s
[2024-06-19 21:38:41,816][utils.model][INFO] - Epoch Results:
[2024-06-19 21:38:41,819][utils.model][INFO] - (In epoch/Overall): (1/540)| inst_loss: 0.0100 - Mean loss: 0.0100 - acc: 1.0000 - norm: 0.00 - 0.12s
[2024-06-19 21:38:43,301][utils.model][INFO] - Evaluation Results - Val Loss: 0.1321, Val Accuracy: 0.9625 in 32 steps
[2024-06-19 21:38:47,584][utils.model][INFO] - ========================== Epoch Start ==========================
[2024-06-19 21:38:47,709][utils.model][INFO] - (In epoch/Overall): (1/541)| inst_loss: 0.1232 - Mean loss: 0.1123 - acc: 0.9375 - norm: 0.06 - 0.11s
[2024-06-19 21:38:47,716][utils.model][INFO] - Epoch Results:
[2024-06-19 21:38:47,719][utils.model][INFO] - (In epoch/Overall): (1/541)| inst_loss: 0.1123 - Mean loss: 0.1123 - acc: 0.9375 - norm: 0.06 - 0.13s
[2024-06-19 21:38:49,250][utils.model][INFO] - Evaluation Results - Val Loss: 0.0931, Val Accuracy: 0.9710 in 32 steps
[2024-06-19 21:38:52,760][utils.model][INFO] - ========================== Epoch Start ==========================
[2024-06-19 21:38:52,871][utils.model][INFO] - (In epoch/Overall): (1/542)| inst_loss: 0.1094 - Mean loss: 0.1000 - acc: 0.9688 - norm: 0.07 - 0.10s
[2024-06-19 21:38:52,876][utils.model][INFO] - Epoch Results:
[2024-06-19 21:38:52,878][utils.model][INFO] - (In epoch/Overall): (1/542)| inst_loss: 0.1000 - Mean loss: 0.1000 - acc: 0.9688 - norm: 0.07 - 0.12s
[2024-06-19 21:38:54,373][utils.model][INFO] - Evaluation Results - Val Loss: 0.1636, Val Accuracy: 0.9445 in 32 steps
[2024-06-19 21:38:58,718][utils.model][INFO] - ========================== Epoch Start ==========================
[2024-06-19 21:38:58,856][utils.model][INFO] - (In epoch/Overall): (1/543)| inst_loss: 0.1367 - Mean loss: 0.0972 - acc: 0.9688 - norm: 0.08 - 0.10s
[2024-06-19 21:38:58,862][utils.model][INFO] - Epoch Results:
[2024-06-19 21:38:58,864][utils.model][INFO] - (In epoch/Overall): (1/543)| inst_loss: 0.0972 - Mean loss: 0.0972 - acc: 0.9688 - norm: 0.08 - 0.14s
[2024-06-19 21:39:00,409][utils.model][INFO] - Evaluation Results - Val Loss: 0.1010, Val Accuracy: 0.9680 in 32 steps
[2024-06-19 21:39:04,780][utils.model][INFO] - ========================== Epoch Start ==========================
[2024-06-19 21:39:04,919][utils.model][INFO] - (In epoch/Overall): (1/544)| inst_loss: 0.1381 - Mean loss: 0.0730 - acc: 0.9688 - norm: 0.05 - 0.07s
[2024-06-19 21:39:04,925][utils.model][INFO] - Epoch Results:
[2024-06-19 21:39:04,927][utils.model][INFO] - (In epoch/Overall): (1/544)| inst_loss: 0.0730 - Mean loss: 0.0730 - acc: 0.9688 - norm: 0.05 - 0.15s
[2024-06-19 21:39:06,479][utils.model][INFO] - Evaluation Results - Val Loss: 0.1040, Val Accuracy: 0.9690 in 32 steps
[2024-06-19 21:39:10,718][utils.model][INFO] - ========================== Epoch Start ==========================
[2024-06-19 21:39:10,846][utils.model][INFO] - (In epoch/Overall): (1/545)| inst_loss: 0.1263 - Mean loss: 0.0540 - acc: 0.9688 - norm: 0.02 - 0.05s
[2024-06-19 21:39:10,852][utils.model][INFO] - Epoch Results:
[2024-06-19 21:39:10,855][utils.model][INFO] - (In epoch/Overall): (1/545)| inst_loss: 0.0540 - Mean loss: 0.0540 - acc: 0.9688 - norm: 0.02 - 0.14s
[2024-06-19 21:39:12,413][utils.model][INFO] - Evaluation Results - Val Loss: 0.1123, Val Accuracy: 0.9640 in 32 steps
[2024-06-19 21:39:15,868][utils.model][INFO] - ========================== Epoch Start ==========================
[2024-06-19 21:39:15,972][utils.model][INFO] - (In epoch/Overall): (1/546)| inst_loss: 0.1033 - Mean loss: 0.3207 - acc: 0.8750 - norm: 0.12 - 0.32s
[2024-06-19 21:39:15,977][utils.model][INFO] - Epoch Results:
[2024-06-19 21:39:15,980][utils.model][INFO] - (In epoch/Overall): (1/546)| inst_loss: 0.3207 - Mean loss: 0.3207 - acc: 0.8750 - norm: 0.12 - 0.11s
[2024-06-19 21:39:17,516][utils.model][INFO] - Evaluation Results - Val Loss: 0.1293, Val Accuracy: 0.9570 in 32 steps
[2024-06-19 21:39:21,752][utils.model][INFO] - ========================== Epoch Start ==========================
[2024-06-19 21:39:21,891][utils.model][INFO] - (In epoch/Overall): (1/547)| inst_loss: 0.1374 - Mean loss: 0.0735 - acc: 0.9688 - norm: 0.02 - 0.07s
[2024-06-19 21:39:21,899][utils.model][INFO] - Epoch Results:
[2024-06-19 21:39:21,903][utils.model][INFO] - (In epoch/Overall): (1/547)| inst_loss: 0.0735 - Mean loss: 0.0735 - acc: 0.9688 - norm: 0.02 - 0.15s
[2024-06-19 21:39:23,379][utils.model][INFO] - Evaluation Results - Val Loss: 0.1243, Val Accuracy: 0.9625 in 32 steps
[2024-06-19 21:39:27,750][utils.model][INFO] - ========================== Epoch Start ==========================
[2024-06-19 21:39:27,884][utils.model][INFO] - (In epoch/Overall): (1/548)| inst_loss: 0.1324 - Mean loss: 0.4785 - acc: 0.9688 - norm: 0.06 - 0.48s
[2024-06-19 21:39:27,892][utils.model][INFO] - Epoch Results:
[2024-06-19 21:39:27,895][utils.model][INFO] - (In epoch/Overall): (1/548)| inst_loss: 0.4785 - Mean loss: 0.4785 - acc: 0.9688 - norm: 0.06 - 0.14s
[2024-06-19 21:39:29,408][utils.model][INFO] - Evaluation Results - Val Loss: 0.1114, Val Accuracy: 0.9645 in 32 steps
[2024-06-19 21:39:33,779][utils.model][INFO] - ========================== Epoch Start ==========================
[2024-06-19 21:39:33,909][utils.model][INFO] - (In epoch/Overall): (1/549)| inst_loss: 0.1280 - Mean loss: 0.0629 - acc: 1.0000 - norm: 0.03 - 0.06s
[2024-06-19 21:39:33,915][utils.model][INFO] - Epoch Results:
[2024-06-19 21:39:33,918][utils.model][INFO] - (In epoch/Overall): (1/549)| inst_loss: 0.0629 - Mean loss: 0.0629 - acc: 1.0000 - norm: 0.03 - 0.14s
[2024-06-19 21:39:35,548][utils.model][INFO] - Evaluation Results - Val Loss: 0.1052, Val Accuracy: 0.9660 in 32 steps
[2024-06-19 21:39:39,794][utils.model][INFO] - ========================== Epoch Start ==========================
[2024-06-19 21:39:39,918][utils.model][INFO] - (In epoch/Overall): (1/550)| inst_loss: 0.1231 - Mean loss: 0.0996 - acc: 0.9688 - norm: 0.04 - 0.10s
[2024-06-19 21:39:39,924][utils.model][INFO] - Epoch Results:
[2024-06-19 21:39:39,927][utils.model][INFO] - (In epoch/Overall): (1/550)| inst_loss: 0.0996 - Mean loss: 0.0996 - acc: 0.9688 - norm: 0.04 - 0.13s
[2024-06-19 21:39:41,485][utils.model][INFO] - Evaluation Results - Val Loss: 0.1139, Val Accuracy: 0.9635 in 32 steps
[2024-06-19 21:39:45,897][utils.model][INFO] - ========================== Epoch Start ==========================
[2024-06-19 21:39:46,034][utils.model][INFO] - (In epoch/Overall): (1/551)| inst_loss: 0.1350 - Mean loss: 0.2629 - acc: 0.9375 - norm: 0.07 - 0.26s
[2024-06-19 21:39:46,039][utils.model][INFO] - Epoch Results:
[2024-06-19 21:39:46,042][utils.model][INFO] - (In epoch/Overall): (1/551)| inst_loss: 0.2629 - Mean loss: 0.2629 - acc: 0.9375 - norm: 0.07 - 0.14s
[2024-06-19 21:39:47,551][utils.model][INFO] - Evaluation Results - Val Loss: 0.1006, Val Accuracy: 0.9685 in 32 steps
[2024-06-19 21:39:51,750][utils.model][INFO] - ========================== Epoch Start ==========================
[2024-06-19 21:39:51,882][utils.model][INFO] - (In epoch/Overall): (1/552)| inst_loss: 0.1304 - Mean loss: 0.1161 - acc: 0.9375 - norm: 0.04 - 0.12s
[2024-06-19 21:39:51,887][utils.model][INFO] - Epoch Results:
[2024-06-19 21:39:51,890][utils.model][INFO] - (In epoch/Overall): (1/552)| inst_loss: 0.1161 - Mean loss: 0.1161 - acc: 0.9375 - norm: 0.04 - 0.14s
[2024-06-19 21:39:53,409][utils.model][INFO] - Evaluation Results - Val Loss: 0.1283, Val Accuracy: 0.9620 in 32 steps
[2024-06-19 21:39:57,644][utils.model][INFO] - ========================== Epoch Start ==========================
[2024-06-19 21:39:57,771][utils.model][INFO] - (In epoch/Overall): (1/553)| inst_loss: 0.1257 - Mean loss: 0.1608 - acc: 0.9375 - norm: 0.06 - 0.16s
[2024-06-19 21:39:57,777][utils.model][INFO] - Epoch Results:
[2024-06-19 21:39:57,780][utils.model][INFO] - (In epoch/Overall): (1/553)| inst_loss: 0.1608 - Mean loss: 0.1608 - acc: 0.9375 - norm: 0.06 - 0.13s
[2024-06-19 21:39:59,339][utils.model][INFO] - Evaluation Results - Val Loss: 0.1091, Val Accuracy: 0.9645 in 32 steps
[2024-06-19 21:40:03,660][utils.model][INFO] - ========================== Epoch Start ==========================
[2024-06-19 21:40:03,785][utils.model][INFO] - (In epoch/Overall): (1/554)| inst_loss: 0.1233 - Mean loss: 0.0371 - acc: 1.0000 - norm: 0.02 - 0.04s
[2024-06-19 21:40:03,791][utils.model][INFO] - Epoch Results:
[2024-06-19 21:40:03,794][utils.model][INFO] - (In epoch/Overall): (1/554)| inst_loss: 0.0371 - Mean loss: 0.0371 - acc: 1.0000 - norm: 0.02 - 0.13s
[2024-06-19 21:40:05,606][utils.model][INFO] - Evaluation Results - Val Loss: 0.0938, Val Accuracy: 0.9690 in 32 steps
[2024-06-19 21:40:09,814][utils.model][INFO] - ========================== Epoch Start ==========================
[2024-06-19 21:40:09,974][utils.model][INFO] - (In epoch/Overall): (1/555)| inst_loss: 0.1575 - Mean loss: 0.0541 - acc: 1.0000 - norm: 0.02 - 0.05s
[2024-06-19 21:40:09,981][utils.model][INFO] - Epoch Results:
[2024-06-19 21:40:09,985][utils.model][INFO] - (In epoch/Overall): (1/555)| inst_loss: 0.0541 - Mean loss: 0.0541 - acc: 1.0000 - norm: 0.02 - 0.17s
[2024-06-19 21:40:11,652][utils.model][INFO] - Evaluation Results - Val Loss: 0.1011, Val Accuracy: 0.9710 in 32 steps
[2024-06-19 21:40:15,815][utils.model][INFO] - ========================== Epoch Start ==========================
[2024-06-19 21:40:15,935][utils.model][INFO] - (In epoch/Overall): (1/556)| inst_loss: 0.1189 - Mean loss: 0.0668 - acc: 0.9688 - norm: 0.05 - 0.07s
[2024-06-19 21:40:15,941][utils.model][INFO] - Epoch Results:
[2024-06-19 21:40:15,944][utils.model][INFO] - (In epoch/Overall): (1/556)| inst_loss: 0.0668 - Mean loss: 0.0668 - acc: 0.9688 - norm: 0.05 - 0.13s
[2024-06-19 21:40:17,486][utils.model][INFO] - Evaluation Results - Val Loss: 0.1099, Val Accuracy: 0.9635 in 32 steps
[2024-06-19 21:40:21,662][utils.model][INFO] - ========================== Epoch Start ==========================
[2024-06-19 21:40:21,788][utils.model][INFO] - (In epoch/Overall): (1/557)| inst_loss: 0.1242 - Mean loss: 0.0143 - acc: 1.0000 - norm: 0.00 - 0.01s
[2024-06-19 21:40:21,794][utils.model][INFO] - Epoch Results:
[2024-06-19 21:40:21,797][utils.model][INFO] - (In epoch/Overall): (1/557)| inst_loss: 0.0143 - Mean loss: 0.0143 - acc: 1.0000 - norm: 0.00 - 0.13s
[2024-06-19 21:40:23,691][utils.model][INFO] - Evaluation Results - Val Loss: 0.1019, Val Accuracy: 0.9680 in 32 steps
[2024-06-19 21:40:27,904][utils.model][INFO] - ========================== Epoch Start ==========================
[2024-06-19 21:40:28,028][utils.model][INFO] - (In epoch/Overall): (1/558)| inst_loss: 0.1219 - Mean loss: 0.0658 - acc: 0.9688 - norm: 0.03 - 0.07s
[2024-06-19 21:40:28,036][utils.model][INFO] - Epoch Results:
[2024-06-19 21:40:28,040][utils.model][INFO] - (In epoch/Overall): (1/558)| inst_loss: 0.0658 - Mean loss: 0.0658 - acc: 0.9688 - norm: 0.03 - 0.13s
[2024-06-19 21:40:29,578][utils.model][INFO] - Evaluation Results - Val Loss: 0.1161, Val Accuracy: 0.9610 in 32 steps
[2024-06-19 21:40:33,753][utils.model][INFO] - ========================== Epoch Start ==========================
[2024-06-19 21:40:33,886][utils.model][INFO] - (In epoch/Overall): (1/559)| inst_loss: 0.1315 - Mean loss: 0.1813 - acc: 0.9375 - norm: 0.07 - 0.18s
[2024-06-19 21:40:33,892][utils.model][INFO] - Epoch Results:
[2024-06-19 21:40:33,895][utils.model][INFO] - (In epoch/Overall): (1/559)| inst_loss: 0.1813 - Mean loss: 0.1813 - acc: 0.9375 - norm: 0.07 - 0.14s
[2024-06-19 21:40:35,454][utils.model][INFO] - Evaluation Results - Val Loss: 0.0991, Val Accuracy: 0.9705 in 32 steps
[2024-06-19 21:40:39,657][utils.model][INFO] - ========================== Epoch Start ==========================
[2024-06-19 21:40:39,800][utils.model][INFO] - (In epoch/Overall): (1/560)| inst_loss: 0.1416 - Mean loss: 0.1131 - acc: 0.9375 - norm: 0.06 - 0.11s
[2024-06-19 21:40:39,806][utils.model][INFO] - Epoch Results:
[2024-06-19 21:40:39,809][utils.model][INFO] - (In epoch/Overall): (1/560)| inst_loss: 0.1131 - Mean loss: 0.1131 - acc: 0.9375 - norm: 0.06 - 0.15s
[2024-06-19 21:40:41,398][utils.model][INFO] - Evaluation Results - Val Loss: 0.0952, Val Accuracy: 0.9695 in 32 steps
[2024-06-19 21:40:45,574][utils.model][INFO] - ========================== Epoch Start ==========================
[2024-06-19 21:40:45,700][utils.model][INFO] - (In epoch/Overall): (1/561)| inst_loss: 0.1244 - Mean loss: 0.0561 - acc: 1.0000 - norm: 0.02 - 0.06s
[2024-06-19 21:40:45,708][utils.model][INFO] - Epoch Results:
[2024-06-19 21:40:45,711][utils.model][INFO] - (In epoch/Overall): (1/561)| inst_loss: 0.0561 - Mean loss: 0.0561 - acc: 1.0000 - norm: 0.02 - 0.14s
[2024-06-19 21:40:47,246][utils.model][INFO] - Evaluation Results - Val Loss: 0.0854, Val Accuracy: 0.9705 in 32 steps
[2024-06-19 21:40:51,449][utils.model][INFO] - ========================== Epoch Start ==========================
[2024-06-19 21:40:51,575][utils.model][INFO] - (In epoch/Overall): (1/562)| inst_loss: 0.1238 - Mean loss: 0.1929 - acc: 0.9375 - norm: 0.08 - 0.19s
[2024-06-19 21:40:51,583][utils.model][INFO] - Epoch Results:
[2024-06-19 21:40:51,586][utils.model][INFO] - (In epoch/Overall): (1/562)| inst_loss: 0.1929 - Mean loss: 0.1929 - acc: 0.9375 - norm: 0.08 - 0.14s
[2024-06-19 21:40:53,163][utils.model][INFO] - Evaluation Results - Val Loss: 0.1086, Val Accuracy: 0.9660 in 32 steps
[2024-06-19 21:40:56,605][utils.model][INFO] - ========================== Epoch Start ==========================
[2024-06-19 21:40:56,718][utils.model][INFO] - (In epoch/Overall): (1/563)| inst_loss: 0.1118 - Mean loss: 0.2889 - acc: 0.9062 - norm: 0.09 - 0.29s
[2024-06-19 21:40:56,723][utils.model][INFO] - Epoch Results:
[2024-06-19 21:40:56,726][utils.model][INFO] - (In epoch/Overall): (1/563)| inst_loss: 0.2889 - Mean loss: 0.2889 - acc: 0.9062 - norm: 0.09 - 0.12s
[2024-06-19 21:40:58,257][utils.model][INFO] - Evaluation Results - Val Loss: 0.1199, Val Accuracy: 0.9590 in 32 steps
[2024-06-19 21:41:02,587][utils.model][INFO] - ========================== Epoch Start ==========================
[2024-06-19 21:41:02,710][utils.model][INFO] - (In epoch/Overall): (1/564)| inst_loss: 0.1215 - Mean loss: 0.0363 - acc: 1.0000 - norm: 0.01 - 0.04s
[2024-06-19 21:41:02,716][utils.model][INFO] - Epoch Results:
[2024-06-19 21:41:02,720][utils.model][INFO] - (In epoch/Overall): (1/564)| inst_loss: 0.0363 - Mean loss: 0.0363 - acc: 1.0000 - norm: 0.01 - 0.13s
[2024-06-19 21:41:04,267][utils.model][INFO] - Evaluation Results - Val Loss: 0.0979, Val Accuracy: 0.9680 in 32 steps
[2024-06-19 21:41:08,785][utils.model][INFO] - ========================== Epoch Start ==========================
[2024-06-19 21:41:08,920][utils.model][INFO] - (In epoch/Overall): (1/565)| inst_loss: 0.1333 - Mean loss: 0.0926 - acc: 0.9688 - norm: 0.03 - 0.09s
[2024-06-19 21:41:08,926][utils.model][INFO] - Epoch Results:
[2024-06-19 21:41:08,928][utils.model][INFO] - (In epoch/Overall): (1/565)| inst_loss: 0.0926 - Mean loss: 0.0926 - acc: 0.9688 - norm: 0.03 - 0.14s
[2024-06-19 21:41:10,473][utils.model][INFO] - Evaluation Results - Val Loss: 0.1027, Val Accuracy: 0.9655 in 32 steps
[2024-06-19 21:41:14,809][utils.model][INFO] - ========================== Epoch Start ==========================
[2024-06-19 21:41:14,952][utils.model][INFO] - (In epoch/Overall): (1/566)| inst_loss: 0.1412 - Mean loss: 0.0220 - acc: 1.0000 - norm: 0.00 - 0.02s
[2024-06-19 21:41:14,957][utils.model][INFO] - Epoch Results:
[2024-06-19 21:41:14,960][utils.model][INFO] - (In epoch/Overall): (1/566)| inst_loss: 0.0220 - Mean loss: 0.0220 - acc: 1.0000 - norm: 0.00 - 0.15s
[2024-06-19 21:41:16,530][utils.model][INFO] - Evaluation Results - Val Loss: 0.1044, Val Accuracy: 0.9685 in 32 steps
[2024-06-19 21:41:19,992][utils.model][INFO] - ========================== Epoch Start ==========================
[2024-06-19 21:41:20,103][utils.model][INFO] - (In epoch/Overall): (1/567)| inst_loss: 0.1096 - Mean loss: 0.2733 - acc: 0.9062 - norm: 0.08 - 0.27s
[2024-06-19 21:41:20,108][utils.model][INFO] - Epoch Results:
[2024-06-19 21:41:20,110][utils.model][INFO] - (In epoch/Overall): (1/567)| inst_loss: 0.2733 - Mean loss: 0.2733 - acc: 0.9062 - norm: 0.08 - 0.12s
[2024-06-19 21:41:21,679][utils.model][INFO] - Evaluation Results - Val Loss: 0.1147, Val Accuracy: 0.9625 in 32 steps
[2024-06-19 21:41:25,998][utils.model][INFO] - ========================== Epoch Start ==========================
[2024-06-19 21:41:26,128][utils.model][INFO] - (In epoch/Overall): (1/568)| inst_loss: 0.1283 - Mean loss: 0.0155 - acc: 1.0000 - norm: 0.00 - 0.02s
[2024-06-19 21:41:26,134][utils.model][INFO] - Epoch Results:
[2024-06-19 21:41:26,137][utils.model][INFO] - (In epoch/Overall): (1/568)| inst_loss: 0.0155 - Mean loss: 0.0155 - acc: 1.0000 - norm: 0.00 - 0.14s
[2024-06-19 21:41:27,715][utils.model][INFO] - Evaluation Results - Val Loss: 0.1008, Val Accuracy: 0.9645 in 32 steps
[2024-06-19 21:41:31,907][utils.model][INFO] - ========================== Epoch Start ==========================
[2024-06-19 21:41:32,029][utils.model][INFO] - (In epoch/Overall): (1/569)| inst_loss: 0.1209 - Mean loss: 0.1617 - acc: 0.9062 - norm: 0.07 - 0.16s
[2024-06-19 21:41:32,035][utils.model][INFO] - Epoch Results:
[2024-06-19 21:41:32,039][utils.model][INFO] - (In epoch/Overall): (1/569)| inst_loss: 0.1617 - Mean loss: 0.1617 - acc: 0.9062 - norm: 0.07 - 0.13s
[2024-06-19 21:41:33,570][utils.model][INFO] - Evaluation Results - Val Loss: 0.0927, Val Accuracy: 0.9705 in 32 steps
[2024-06-19 21:41:37,721][utils.model][INFO] - ========================== Epoch Start ==========================
[2024-06-19 21:41:37,852][utils.model][INFO] - (In epoch/Overall): (1/570)| inst_loss: 0.1289 - Mean loss: 0.0210 - acc: 1.0000 - norm: 0.01 - 0.02s
[2024-06-19 21:41:37,858][utils.model][INFO] - Epoch Results:
[2024-06-19 21:41:37,861][utils.model][INFO] - (In epoch/Overall): (1/570)| inst_loss: 0.0210 - Mean loss: 0.0210 - acc: 1.0000 - norm: 0.01 - 0.14s
[2024-06-19 21:41:39,424][utils.model][INFO] - Evaluation Results - Val Loss: 0.0919, Val Accuracy: 0.9705 in 32 steps
[2024-06-19 21:41:43,759][utils.model][INFO] - ========================== Epoch Start ==========================
[2024-06-19 21:41:43,890][utils.model][INFO] - (In epoch/Overall): (1/571)| inst_loss: 0.1289 - Mean loss: 0.1019 - acc: 0.9688 - norm: 0.04 - 0.10s
[2024-06-19 21:41:43,897][utils.model][INFO] - Epoch Results:
[2024-06-19 21:41:43,900][utils.model][INFO] - (In epoch/Overall): (1/571)| inst_loss: 0.1019 - Mean loss: 0.1019 - acc: 0.9688 - norm: 0.04 - 0.14s
[2024-06-19 21:41:45,424][utils.model][INFO] - Evaluation Results - Val Loss: 0.0995, Val Accuracy: 0.9660 in 32 steps
[2024-06-19 21:41:45,605][flwr][DEBUG] - gRPC channel closed
[2024-06-19 21:41:45,606][flwr][INFO] - Disconnect and shut down
