[2024-06-20 20:49:53,866][root][INFO] - Initialized DataManager for experiment exp_20240620_204953
[2024-06-20 20:49:53,871][root][INFO] - Added data to info for client None: {'experiment_id': 'exp_20240620_204953', 'algorithm': 'fda', 'num_clients': 3, 'dataset': 'mnist', 'ann': 'lenet', 'threshold': 5, 'thres_discount_factor': 1.0, 'steps_threshold': 500, 'train_batch_size': 32, 'eval_batch_size': 64, 'network_template': 1, 'client_mobility': False, 'non_iid': False}
[2024-06-20 20:49:53,871][root][INFO] - Added info data: {'experiment_id': 'exp_20240620_204953', 'algorithm': 'fda', 'num_clients': 3, 'dataset': 'mnist', 'ann': 'lenet', 'threshold': 5, 'thres_discount_factor': 1.0, 'steps_threshold': 500, 'train_batch_size': 32, 'eval_batch_size': 64, 'network_template': 1, 'client_mobility': False, 'non_iid': False}
[2024-06-20 20:49:53,872][root][INFO] - Info data saved to /home/psklavos/fl/geom_aio/csv_logs/exp_20240620_204953/info.csv
[2024-06-20 20:49:53,873][flwr][INFO] - Starting Flower server, config: ServerConfig(num_rounds=5, round_timeout=None)
[2024-06-20 20:49:53,877][flwr][INFO] - Flower ECE: gRPC server running (5 rounds), SSL is disabled
[2024-06-20 20:49:53,877][flwr][INFO] - Initializing global parameters
[2024-06-20 20:49:53,877][flwr][INFO] - Requesting initial parameters from one random client
[2024-06-20 20:50:03,412][flwr][INFO] - Received initial parameters from one random client
[2024-06-20 20:50:03,413][flwr][INFO] - Evaluating initial parameters
[2024-06-20 20:50:03,596][utils.model][INFO] - LeNet model built
[2024-06-20 20:50:03,896][utils.model][INFO] - Size of serialized model: 279.0341796875 kbytes
[2024-06-20 20:50:03,972][utils.model][INFO] - Step 1/40 - val_loss: 2.2912 - val_accuracy: 0.1133
[2024-06-20 20:50:03,998][utils.model][INFO] - Step 2/40 - val_loss: 2.2943 - val_accuracy: 0.1211
[2024-06-20 20:50:04,026][utils.model][INFO] - Step 3/40 - val_loss: 2.2960 - val_accuracy: 0.1133
[2024-06-20 20:50:04,053][utils.model][INFO] - Step 4/40 - val_loss: 2.2966 - val_accuracy: 0.1064
[2024-06-20 20:50:04,080][utils.model][INFO] - Step 5/40 - val_loss: 2.2962 - val_accuracy: 0.1094
[2024-06-20 20:50:04,112][utils.model][INFO] - Step 6/40 - val_loss: 2.2955 - val_accuracy: 0.1074
[2024-06-20 20:50:04,147][utils.model][INFO] - Step 7/40 - val_loss: 2.2963 - val_accuracy: 0.1044
[2024-06-20 20:50:04,177][utils.model][INFO] - Step 8/40 - val_loss: 2.2965 - val_accuracy: 0.1050
[2024-06-20 20:50:04,207][utils.model][INFO] - Step 9/40 - val_loss: 2.2964 - val_accuracy: 0.1050
[2024-06-20 20:50:04,238][utils.model][INFO] - Step 10/40 - val_loss: 2.2957 - val_accuracy: 0.1055
[2024-06-20 20:50:04,270][utils.model][INFO] - Step 11/40 - val_loss: 2.2956 - val_accuracy: 0.1055
[2024-06-20 20:50:04,301][utils.model][INFO] - Step 12/40 - val_loss: 2.2960 - val_accuracy: 0.1045
[2024-06-20 20:50:04,328][utils.model][INFO] - Step 13/40 - val_loss: 2.2960 - val_accuracy: 0.1043
[2024-06-20 20:50:04,360][utils.model][INFO] - Step 14/40 - val_loss: 2.2961 - val_accuracy: 0.1038
[2024-06-20 20:50:04,395][utils.model][INFO] - Step 15/40 - val_loss: 2.2961 - val_accuracy: 0.1049
[2024-06-20 20:50:04,424][utils.model][INFO] - Step 16/40 - val_loss: 2.2964 - val_accuracy: 0.1057
[2024-06-20 20:50:04,452][utils.model][INFO] - Step 17/40 - val_loss: 2.2960 - val_accuracy: 0.1064
[2024-06-20 20:50:04,479][utils.model][INFO] - Step 18/40 - val_loss: 2.2960 - val_accuracy: 0.1066
[2024-06-20 20:50:04,502][utils.model][INFO] - Step 19/40 - val_loss: 2.2966 - val_accuracy: 0.1046
[2024-06-20 20:50:04,525][utils.model][INFO] - Step 20/40 - val_loss: 2.2969 - val_accuracy: 0.1027
[2024-06-20 20:50:04,552][utils.model][INFO] - Step 21/40 - val_loss: 2.2973 - val_accuracy: 0.1012
[2024-06-20 20:50:04,575][utils.model][INFO] - Step 22/40 - val_loss: 2.2979 - val_accuracy: 0.1003
[2024-06-20 20:50:04,598][utils.model][INFO] - Step 23/40 - val_loss: 2.2981 - val_accuracy: 0.1002
[2024-06-20 20:50:04,619][utils.model][INFO] - Step 24/40 - val_loss: 2.2980 - val_accuracy: 0.0999
[2024-06-20 20:50:04,639][utils.model][INFO] - Step 25/40 - val_loss: 2.2978 - val_accuracy: 0.0998
[2024-06-20 20:50:04,657][utils.model][INFO] - Step 26/40 - val_loss: 2.2979 - val_accuracy: 0.0993
[2024-06-20 20:50:04,674][utils.model][INFO] - Step 27/40 - val_loss: 2.2980 - val_accuracy: 0.0988
[2024-06-20 20:50:04,693][utils.model][INFO] - Step 28/40 - val_loss: 2.2980 - val_accuracy: 0.0984
[2024-06-20 20:50:04,711][utils.model][INFO] - Step 29/40 - val_loss: 2.2979 - val_accuracy: 0.0978
[2024-06-20 20:50:04,729][utils.model][INFO] - Step 30/40 - val_loss: 2.2979 - val_accuracy: 0.0983
[2024-06-20 20:50:04,747][utils.model][INFO] - Step 31/40 - val_loss: 2.2986 - val_accuracy: 0.0977
[2024-06-20 20:50:04,765][utils.model][INFO] - Step 32/40 - val_loss: 2.2987 - val_accuracy: 0.0978
[2024-06-20 20:50:04,786][utils.model][INFO] - Step 33/40 - val_loss: 2.2987 - val_accuracy: 0.0971
[2024-06-20 20:50:04,806][utils.model][INFO] - Step 34/40 - val_loss: 2.2988 - val_accuracy: 0.0967
[2024-06-20 20:50:04,825][utils.model][INFO] - Step 35/40 - val_loss: 2.2989 - val_accuracy: 0.0964
[2024-06-20 20:50:04,845][utils.model][INFO] - Step 36/40 - val_loss: 2.2988 - val_accuracy: 0.0960
[2024-06-20 20:50:04,863][utils.model][INFO] - Step 37/40 - val_loss: 2.2988 - val_accuracy: 0.0964
[2024-06-20 20:50:04,881][utils.model][INFO] - Step 38/40 - val_loss: 2.2988 - val_accuracy: 0.0965
[2024-06-20 20:50:04,900][utils.model][INFO] - Step 39/40 - val_loss: 2.2989 - val_accuracy: 0.0965
[2024-06-20 20:50:04,908][utils.model][INFO] - Step 40/40 - val_loss: 2.2981 - val_accuracy: 0.0966
[2024-06-20 20:50:04,910][utils.model][INFO] - Evaluation Results - Val Loss: 2.2981, Val Accuracy: 0.0966 in 40 steps
[2024-06-20 20:50:04,913][root][INFO] - Added data to server for client None: {'round': 0, 'experiment_id': 'exp_20240620_204953', 'centralized_loss': 0.0, 'centralized_acc': 0.0, 'distributed_loss': 0.0, 'distributed_acc': 0.0, 'dropouts': 0, 'average_norm': 0.0, 'round_time': 0.0, 'average_downlink_time': 0.0, 'average_rtc_check_time': 0.0, 'average_uplink_time': 0.0, 'average_computation_time': 0.0, 'average_communication_time': 0.0, 'average_fit_time': 0.0, 'average_throughput': 0.0}
[2024-06-20 20:50:04,914][root][INFO] - Added server data: {'round': 0, 'experiment_id': 'exp_20240620_204953', 'centralized_loss': 0.0, 'centralized_acc': 0.0, 'distributed_loss': 0.0, 'distributed_acc': 0.0, 'dropouts': 0, 'average_norm': 0.0, 'round_time': 0.0, 'average_downlink_time': 0.0, 'average_rtc_check_time': 0.0, 'average_uplink_time': 0.0, 'average_computation_time': 0.0, 'average_communication_time': 0.0, 'average_fit_time': 0.0, 'average_throughput': 0.0}
[2024-06-20 20:50:04,914][root][INFO] - Appended data to last row of column centralized_loss in server data for client None
[2024-06-20 20:50:04,914][root][INFO] - Appended data to last row of column centralized_acc in server data for client None
[2024-06-20 20:50:04,914][root][INFO] - Appended {'centralized_loss': 2.2980835, 'centralized_acc': 0.0966} to the last row of server data
[2024-06-20 20:50:04,914][flwr][INFO] - initial parameters (loss, other metrics): 2.2980835, {'accuracy': 0.0966}
[2024-06-20 20:50:04,914][flwr][INFO] - FL starting
[2024-06-20 20:50:09,018][flwr][DEBUG] - fit_round 1: strategy sampled 2 clients (out of 3)
[2024-06-20 20:50:10,420][flwr][DEBUG] - fit_round 1 received 2 results and 0 failures
[2024-06-20 20:50:10,426][root][INFO] - Added data to server for client None: {'round': 1, 'average_norm': 5.0912652015686035, 'round_time': 2.334569161615845, 'average_downlink_time': 0.551062386, 'average_rtc_check_time': 0.06540859649976483, 'average_uplink_time': 0.3075696535, 'average_computation_time': 1.1533300876617432, 'average_communication_time': 0.9240406359997648, 'average_fit_time': 1.3619575500488281, 'average_throughput': 7.943521142926871, 'dropouts': 1, 'experiment_id': 'exp_20240620_204953'}
[2024-06-20 20:50:10,426][root][INFO] - Added server data: {'round': 1, 'average_norm': 5.0912652015686035, 'round_time': 2.334569161615845, 'average_downlink_time': 0.551062386, 'average_rtc_check_time': 0.06540859649976483, 'average_uplink_time': 0.3075696535, 'average_computation_time': 1.1533300876617432, 'average_communication_time': 0.9240406359997648, 'average_fit_time': 1.3619575500488281, 'average_throughput': 7.943521142926871, 'dropouts': 1, 'experiment_id': 'exp_20240620_204953'}
[2024-06-20 20:50:10,482][utils.model][INFO] - LeNet model built
[2024-06-20 20:50:10,592][utils.model][INFO] - Size of serialized model: 279.0341796875 kbytes
[2024-06-20 20:50:10,633][utils.model][INFO] - Step 1/40 - val_loss: 1.2293 - val_accuracy: 0.7500
[2024-06-20 20:50:10,652][utils.model][INFO] - Step 2/40 - val_loss: 1.2644 - val_accuracy: 0.7148
[2024-06-20 20:50:10,671][utils.model][INFO] - Step 3/40 - val_loss: 1.2842 - val_accuracy: 0.6927
[2024-06-20 20:50:10,690][utils.model][INFO] - Step 4/40 - val_loss: 1.2761 - val_accuracy: 0.6895
[2024-06-20 20:50:10,712][utils.model][INFO] - Step 5/40 - val_loss: 1.2956 - val_accuracy: 0.6789
[2024-06-20 20:50:10,733][utils.model][INFO] - Step 6/40 - val_loss: 1.3055 - val_accuracy: 0.6751
[2024-06-20 20:50:10,752][utils.model][INFO] - Step 7/40 - val_loss: 1.3109 - val_accuracy: 0.6752
[2024-06-20 20:50:10,772][utils.model][INFO] - Step 8/40 - val_loss: 1.3041 - val_accuracy: 0.6816
[2024-06-20 20:50:10,792][utils.model][INFO] - Step 9/40 - val_loss: 1.3103 - val_accuracy: 0.6819
[2024-06-20 20:50:10,813][utils.model][INFO] - Step 10/40 - val_loss: 1.3068 - val_accuracy: 0.6820
[2024-06-20 20:50:10,833][utils.model][INFO] - Step 11/40 - val_loss: 1.3072 - val_accuracy: 0.6829
[2024-06-20 20:50:10,853][utils.model][INFO] - Step 12/40 - val_loss: 1.3056 - val_accuracy: 0.6842
[2024-06-20 20:50:10,873][utils.model][INFO] - Step 13/40 - val_loss: 1.3036 - val_accuracy: 0.6848
[2024-06-20 20:50:10,892][utils.model][INFO] - Step 14/40 - val_loss: 1.3035 - val_accuracy: 0.6825
[2024-06-20 20:50:10,911][utils.model][INFO] - Step 15/40 - val_loss: 1.3052 - val_accuracy: 0.6807
[2024-06-20 20:50:10,931][utils.model][INFO] - Step 16/40 - val_loss: 1.3039 - val_accuracy: 0.6816
[2024-06-20 20:50:10,949][utils.model][INFO] - Step 17/40 - val_loss: 1.3030 - val_accuracy: 0.6834
[2024-06-20 20:50:10,970][utils.model][INFO] - Step 18/40 - val_loss: 1.3052 - val_accuracy: 0.6819
[2024-06-20 20:50:10,993][utils.model][INFO] - Step 19/40 - val_loss: 1.3046 - val_accuracy: 0.6799
[2024-06-20 20:50:11,014][utils.model][INFO] - Step 20/40 - val_loss: 1.2991 - val_accuracy: 0.6822
[2024-06-20 20:50:11,034][utils.model][INFO] - Step 21/40 - val_loss: 1.2888 - val_accuracy: 0.6869
[2024-06-20 20:50:11,056][utils.model][INFO] - Step 22/40 - val_loss: 1.2813 - val_accuracy: 0.6905
[2024-06-20 20:50:11,078][utils.model][INFO] - Step 23/40 - val_loss: 1.2749 - val_accuracy: 0.6938
[2024-06-20 20:50:11,100][utils.model][INFO] - Step 24/40 - val_loss: 1.2718 - val_accuracy: 0.6963
[2024-06-20 20:50:11,122][utils.model][INFO] - Step 25/40 - val_loss: 1.2616 - val_accuracy: 0.7000
[2024-06-20 20:50:11,143][utils.model][INFO] - Step 26/40 - val_loss: 1.2612 - val_accuracy: 0.7018
[2024-06-20 20:50:11,161][utils.model][INFO] - Step 27/40 - val_loss: 1.2571 - val_accuracy: 0.7038
[2024-06-20 20:50:11,180][utils.model][INFO] - Step 28/40 - val_loss: 1.2525 - val_accuracy: 0.7069
[2024-06-20 20:50:11,198][utils.model][INFO] - Step 29/40 - val_loss: 1.2477 - val_accuracy: 0.7093
[2024-06-20 20:50:11,214][utils.model][INFO] - Step 30/40 - val_loss: 1.2481 - val_accuracy: 0.7105
[2024-06-20 20:50:11,232][utils.model][INFO] - Step 31/40 - val_loss: 1.2438 - val_accuracy: 0.7106
[2024-06-20 20:50:11,251][utils.model][INFO] - Step 32/40 - val_loss: 1.2388 - val_accuracy: 0.7125
[2024-06-20 20:50:11,270][utils.model][INFO] - Step 33/40 - val_loss: 1.2357 - val_accuracy: 0.7141
[2024-06-20 20:50:11,287][utils.model][INFO] - Step 34/40 - val_loss: 1.2307 - val_accuracy: 0.7166
[2024-06-20 20:50:11,305][utils.model][INFO] - Step 35/40 - val_loss: 1.2235 - val_accuracy: 0.7208
[2024-06-20 20:50:11,322][utils.model][INFO] - Step 36/40 - val_loss: 1.2201 - val_accuracy: 0.7233
[2024-06-20 20:50:11,340][utils.model][INFO] - Step 37/40 - val_loss: 1.2165 - val_accuracy: 0.7258
[2024-06-20 20:50:11,358][utils.model][INFO] - Step 38/40 - val_loss: 1.2159 - val_accuracy: 0.7244
[2024-06-20 20:50:11,376][utils.model][INFO] - Step 39/40 - val_loss: 1.2183 - val_accuracy: 0.7239
[2024-06-20 20:50:11,386][utils.model][INFO] - Step 40/40 - val_loss: 1.2152 - val_accuracy: 0.7240
[2024-06-20 20:50:11,387][utils.model][INFO] - Evaluation Results - Val Loss: 1.2152, Val Accuracy: 0.7240 in 40 steps
[2024-06-20 20:50:11,389][root][INFO] - Appended data to last row of column centralized_loss in server data for client None
[2024-06-20 20:50:11,389][root][INFO] - Appended data to last row of column centralized_acc in server data for client None
[2024-06-20 20:50:11,389][root][INFO] - Appended {'centralized_loss': 1.215176, 'centralized_acc': 0.724} to the last row of server data
[2024-06-20 20:50:11,389][flwr][INFO] - fit progress: (1, 1.215176, {'accuracy': 0.724}, 6.475015713003813)
[2024-06-20 20:50:11,390][flwr][DEBUG] - evaluate_round 1: strategy sampled 3 clients (out of 3)
[2024-06-20 20:50:11,978][flwr][DEBUG] - evaluate_round 1 received 3 results and 0 failures
[2024-06-20 20:50:11,980][root][INFO] - Added data to epoch for client 0: {'round': 0, 'experiment_id': 'exp_20240620_204953', 'client_id': '0', 'epoch_steps': 0, 'total_steps': 0, 'l2_norm': 0.0, 'total_computation_time': 0.0, 'total_rtc_check_time': 0.0, 'total_duration': 0.0, 'val_loss': 0.0, 'val_accuracy': 0.0}
[2024-06-20 20:50:11,980][root][INFO] - Added epoch data for client 0: {'round': 0, 'experiment_id': 'exp_20240620_204953', 'client_id': '0', 'epoch_steps': 0, 'total_steps': 0, 'l2_norm': 0.0, 'total_computation_time': 0.0, 'total_rtc_check_time': 0.0, 'total_duration': 0.0, 'val_loss': 0.0, 'val_accuracy': 0.0}
[2024-06-20 20:50:11,981][root][INFO] - Added data to batch for client 0: {'round': 0, 'experiment_id': 'exp_20240620_204953', 'client_id': '0', 'step_no': 0, 'loss': 0.0, 'accuracy': 0.0, 'l2_norm': 0.0, 'computation_time': 0.0, 'rtc_check_time': 0.0, 'batch_time': 0.0}
[2024-06-20 20:50:11,981][root][INFO] - Added batch data for client 0: {'round': 0, 'experiment_id': 'exp_20240620_204953', 'client_id': '0', 'step_no': 0, 'loss': 0.0, 'accuracy': 0.0, 'l2_norm': 0.0, 'computation_time': 0.0, 'rtc_check_time': 0.0, 'batch_time': 0.0}
[2024-06-20 20:50:11,982][root][INFO] - Added data to epoch for client 0: {'round': 1, 'epoch_steps': 22, 'total_steps': 22, 'l2_norm': 5.041678428649902, 'total_computation_time': 1.1509904861450195, 'total_rtc_check_time': 0.06970499498129357, 'total_duration': 1.3577001094818115, 'val_loss': 1.2378445863723755, 'val_accuracy': 0.7135000228881836, 'experiment_id': 'exp_20240620_204953', 'client_id': '0'}
[2024-06-20 20:50:11,982][root][INFO] - Added epoch data for client 0: {'round': 1, 'epoch_steps': 22, 'total_steps': 22, 'l2_norm': 5.041678428649902, 'total_computation_time': 1.1509904861450195, 'total_rtc_check_time': 0.06970499498129357, 'total_duration': 1.3577001094818115, 'val_loss': 1.2378445863723755, 'val_accuracy': 0.7135000228881836, 'experiment_id': 'exp_20240620_204953', 'client_id': '0'}
[2024-06-20 20:50:11,984][root][INFO] - Epoch data saved to /home/psklavos/fl/geom_aio/csv_logs/exp_20240620_204953/clients/client_0/epoch.csv
[2024-06-20 20:50:11,985][root][INFO] - Added data to batch for client 0: {'round': 1, 'step_no': 1, 'loss': 2.321024179458618, 'accuracy': 0.0625, 'l2_norm': 0.18964557349681854, 'computation_time': 0.31633901596069336, 'batch_time': 0.3453710936300922, 'rtc_check_time': 0.011452998995082453, 'experiment_id': 'exp_20240620_204953', 'client_id': '0'}
[2024-06-20 20:50:11,986][root][INFO] - Added data to batch for client 0: {'round': 1, 'step_no': 2, 'loss': 2.25016450881958, 'accuracy': 0.046875, 'l2_norm': 0.36284470558166504, 'computation_time': 0.046278953552246094, 'batch_time': 0.05130506616842467, 'rtc_check_time': 0.003858099997160025, 'experiment_id': 'exp_20240620_204953', 'client_id': '0'}
[2024-06-20 20:50:11,987][root][INFO] - Added data to batch for client 0: {'round': 1, 'step_no': 3, 'loss': 2.2509560585021973, 'accuracy': 0.09375, 'l2_norm': 0.48971155285835266, 'computation_time': 0.04529595375061035, 'batch_time': 0.04798271007894073, 'rtc_check_time': 0.0014197999989846721, 'experiment_id': 'exp_20240620_204953', 'client_id': '0'}
[2024-06-20 20:50:11,989][root][INFO] - Added data to batch for client 0: {'round': 1, 'step_no': 4, 'loss': 2.249338150024414, 'accuracy': 0.1328125, 'l2_norm': 0.6099651455879211, 'computation_time': 0.03902292251586914, 'batch_time': 0.041659891066956334, 'rtc_check_time': 0.0015287989954231307, 'experiment_id': 'exp_20240620_204953', 'client_id': '0'}
[2024-06-20 20:50:11,990][root][INFO] - Added data to batch for client 0: {'round': 1, 'step_no': 5, 'loss': 2.1698038578033447, 'accuracy': 0.16249999403953552, 'l2_norm': 0.7766337990760803, 'computation_time': 0.037323951721191406, 'batch_time': 0.04040081122366246, 'rtc_check_time': 0.001912899999297224, 'experiment_id': 'exp_20240620_204953', 'client_id': '0'}
[2024-06-20 20:50:11,991][root][INFO] - Added data to batch for client 0: {'round': 1, 'step_no': 6, 'loss': 2.179788589477539, 'accuracy': 0.1822916716337204, 'l2_norm': 0.8959121704101562, 'computation_time': 0.03796219825744629, 'batch_time': 0.04282282874919474, 'rtc_check_time': 0.0037918000016361475, 'experiment_id': 'exp_20240620_204953', 'client_id': '0'}
[2024-06-20 20:50:11,992][root][INFO] - Added data to batch for client 0: {'round': 1, 'step_no': 7, 'loss': 2.170337200164795, 'accuracy': 0.1964285671710968, 'l2_norm': 1.0947644710540771, 'computation_time': 0.04090714454650879, 'batch_time': 0.0439404976204969, 'rtc_check_time': 0.0017056000069715083, 'experiment_id': 'exp_20240620_204953', 'client_id': '0'}
[2024-06-20 20:50:11,993][root][INFO] - Added data to batch for client 0: {'round': 1, 'step_no': 8, 'loss': 2.0908398628234863, 'accuracy': 0.20703125, 'l2_norm': 1.2933720350265503, 'computation_time': 0.03877115249633789, 'batch_time': 0.04271766664169263, 'rtc_check_time': 0.002920598999480717, 'experiment_id': 'exp_20240620_204953', 'client_id': '0'}
[2024-06-20 20:50:11,994][root][INFO] - Added data to batch for client 0: {'round': 1, 'step_no': 9, 'loss': 2.0947017669677734, 'accuracy': 0.2291666716337204, 'l2_norm': 1.5573780536651611, 'computation_time': 0.038262128829956055, 'batch_time': 0.0461167661997024, 'rtc_check_time': 0.006738600000971928, 'experiment_id': 'exp_20240620_204953', 'client_id': '0'}
[2024-06-20 20:50:11,995][root][INFO] - Added data to batch for client 0: {'round': 1, 'step_no': 10, 'loss': 1.942849040031433, 'accuracy': 0.25312501192092896, 'l2_norm': 1.8325765132904053, 'computation_time': 0.04811215400695801, 'batch_time': 0.051972167784697376, 'rtc_check_time': 0.0021434000082081184, 'experiment_id': 'exp_20240620_204953', 'client_id': '0'}
[2024-06-20 20:50:11,996][root][INFO] - Added data to batch for client 0: {'round': 1, 'step_no': 11, 'loss': 1.795566201210022, 'accuracy': 0.2869318127632141, 'l2_norm': 2.1429622173309326, 'computation_time': 0.044239044189453125, 'batch_time': 0.04740176722407341, 'rtc_check_time': 0.0018817000091075897, 'experiment_id': 'exp_20240620_204953', 'client_id': '0'}
[2024-06-20 20:50:11,997][root][INFO] - Added data to batch for client 0: {'round': 1, 'step_no': 12, 'loss': 1.9954997301101685, 'accuracy': 0.296875, 'l2_norm': 2.3320882320404053, 'computation_time': 0.039942026138305664, 'batch_time': 0.04351050307741389, 'rtc_check_time': 0.0019036000012420118, 'experiment_id': 'exp_20240620_204953', 'client_id': '0'}
[2024-06-20 20:50:11,998][root][INFO] - Added data to batch for client 0: {'round': 1, 'step_no': 13, 'loss': 1.8225362300872803, 'accuracy': 0.3076923191547394, 'l2_norm': 2.593278169631958, 'computation_time': 0.03899788856506348, 'batch_time': 0.047336034767795354, 'rtc_check_time': 0.0071059989859350026, 'experiment_id': 'exp_20240620_204953', 'client_id': '0'}
[2024-06-20 20:50:11,999][root][INFO] - Added data to batch for client 0: {'round': 1, 'step_no': 14, 'loss': 1.6033284664154053, 'accuracy': 0.3348214328289032, 'l2_norm': 2.9778287410736084, 'computation_time': 0.03780412673950195, 'batch_time': 0.04216597856429871, 'rtc_check_time': 0.0028137999906903133, 'experiment_id': 'exp_20240620_204953', 'client_id': '0'}
[2024-06-20 20:50:12,000][root][INFO] - Added data to batch for client 0: {'round': 1, 'step_no': 15, 'loss': 1.7925896644592285, 'accuracy': 0.3375000059604645, 'l2_norm': 3.1810848712921143, 'computation_time': 0.04057598114013672, 'batch_time': 0.04339890863047913, 'rtc_check_time': 0.0015666999970562756, 'experiment_id': 'exp_20240620_204953', 'client_id': '0'}
[2024-06-20 20:50:12,001][root][INFO] - Added data to batch for client 0: {'round': 1, 'step_no': 16, 'loss': 1.790259838104248, 'accuracy': 0.345703125, 'l2_norm': 3.398982524871826, 'computation_time': 0.03745388984680176, 'batch_time': 0.03991089708870277, 'rtc_check_time': 0.001429900003131479, 'experiment_id': 'exp_20240620_204953', 'client_id': '0'}
[2024-06-20 20:50:12,002][root][INFO] - Added data to batch for client 0: {'round': 1, 'step_no': 17, 'loss': 1.5755748748779297, 'accuracy': 0.35661765933036804, 'l2_norm': 3.6674516201019287, 'computation_time': 0.03595995903015137, 'batch_time': 0.04115048097446561, 'rtc_check_time': 0.004159600008279085, 'experiment_id': 'exp_20240620_204953', 'client_id': '0'}
[2024-06-20 20:50:12,002][root][INFO] - Added data to batch for client 0: {'round': 1, 'step_no': 18, 'loss': 1.4300625324249268, 'accuracy': 0.3732638955116272, 'l2_norm': 3.9822945594787598, 'computation_time': 0.034645795822143555, 'batch_time': 0.03796882342430763, 'rtc_check_time': 0.002280899992911145, 'experiment_id': 'exp_20240620_204953', 'client_id': '0'}
[2024-06-20 20:50:12,003][root][INFO] - Added data to batch for client 0: {'round': 1, 'step_no': 19, 'loss': 1.497671365737915, 'accuracy': 0.38322368264198303, 'l2_norm': 4.234299659729004, 'computation_time': 0.04050612449645996, 'batch_time': 0.04328875486680772, 'rtc_check_time': 0.0014996999962022528, 'experiment_id': 'exp_20240620_204953', 'client_id': '0'}
[2024-06-20 20:50:12,004][root][INFO] - Added data to batch for client 0: {'round': 1, 'step_no': 20, 'loss': 1.4828789234161377, 'accuracy': 0.39375001192092896, 'l2_norm': 4.520753860473633, 'computation_time': 0.03715395927429199, 'batch_time': 0.04054653737694025, 'rtc_check_time': 0.0022464999929070473, 'experiment_id': 'exp_20240620_204953', 'client_id': '0'}
[2024-06-20 20:50:12,005][root][INFO] - Added data to batch for client 0: {'round': 1, 'step_no': 21, 'loss': 1.4158422946929932, 'accuracy': 0.4032738208770752, 'l2_norm': 4.761734962463379, 'computation_time': 0.03864002227783203, 'batch_time': 0.04118004662450403, 'rtc_check_time': 0.0014370999997481704, 'experiment_id': 'exp_20240620_204953', 'client_id': '0'}
[2024-06-20 20:50:12,006][root][INFO] - Added data to batch for client 0: {'round': 1, 'step_no': 22, 'loss': 1.1421513557434082, 'accuracy': 0.4176136255264282, 'l2_norm': 5.041678428649902, 'computation_time': 0.03679609298706055, 'batch_time': 0.041753941084607504, 'rtc_check_time': 0.00390689900086727, 'experiment_id': 'exp_20240620_204953', 'client_id': '0'}
[2024-06-20 20:50:12,006][root][INFO] - Added batch data list for client 0. New Data Added: 22
[2024-06-20 20:50:12,007][root][INFO] - Batch data saved to /home/psklavos/fl/geom_aio/csv_logs/exp_20240620_204953/clients/client_0/batch.csv
[2024-06-20 20:50:12,008][root][INFO] - Appended data to last row of column distributed_loss in server data for client None
[2024-06-20 20:50:12,008][root][INFO] - Appended data to last row of column distributed_acc in server data for client None
[2024-06-20 20:50:12,008][root][INFO] - Appended {'distributed_loss': 1.2273484468460083, 'distributed_acc': 0.7148333390553793} to the last row of server data
[2024-06-20 20:50:12,009][root][INFO] - Server data saved to /home/psklavos/fl/geom_aio/csv_logs/exp_20240620_204953/server/server.csv
[2024-06-20 20:50:16,829][flwr][DEBUG] - fit_round 2: strategy sampled 3 clients (out of 3)
[2024-06-20 20:50:21,500][flwr][DEBUG] - fit_round 2 received 3 results and 0 failures
[2024-06-20 20:50:21,505][root][INFO] - Added data to server for client None: {'round': 2, 'average_norm': 5.053802013397217, 'round_time': 6.103528306514892, 'average_downlink_time': 0.6675486776666667, 'average_rtc_check_time': 0.4798042013135273, 'average_uplink_time': 0.580452485, 'average_computation_time': 3.8484184741973877, 'average_communication_time': 1.7278053639801938, 'average_fit_time': 4.648315985997518, 'average_throughput': 3.9545383162517163, 'dropouts': 0, 'experiment_id': 'exp_20240620_204953'}
[2024-06-20 20:50:21,505][root][INFO] - Added server data: {'round': 2, 'average_norm': 5.053802013397217, 'round_time': 6.103528306514892, 'average_downlink_time': 0.6675486776666667, 'average_rtc_check_time': 0.4798042013135273, 'average_uplink_time': 0.580452485, 'average_computation_time': 3.8484184741973877, 'average_communication_time': 1.7278053639801938, 'average_fit_time': 4.648315985997518, 'average_throughput': 3.9545383162517163, 'dropouts': 0, 'experiment_id': 'exp_20240620_204953'}
[2024-06-20 20:50:21,564][utils.model][INFO] - LeNet model built
[2024-06-20 20:50:21,676][utils.model][INFO] - Size of serialized model: 279.0341796875 kbytes
[2024-06-20 20:50:21,706][utils.model][INFO] - Step 1/40 - val_loss: 0.2945 - val_accuracy: 0.9219
[2024-06-20 20:50:21,725][utils.model][INFO] - Step 2/40 - val_loss: 0.3468 - val_accuracy: 0.8926
[2024-06-20 20:50:21,743][utils.model][INFO] - Step 3/40 - val_loss: 0.3696 - val_accuracy: 0.8854
[2024-06-20 20:50:21,762][utils.model][INFO] - Step 4/40 - val_loss: 0.3626 - val_accuracy: 0.8906
[2024-06-20 20:50:21,781][utils.model][INFO] - Step 5/40 - val_loss: 0.3887 - val_accuracy: 0.8813
[2024-06-20 20:50:21,800][utils.model][INFO] - Step 6/40 - val_loss: 0.3967 - val_accuracy: 0.8776
[2024-06-20 20:50:21,819][utils.model][INFO] - Step 7/40 - val_loss: 0.4072 - val_accuracy: 0.8778
[2024-06-20 20:50:21,837][utils.model][INFO] - Step 8/40 - val_loss: 0.4027 - val_accuracy: 0.8804
[2024-06-20 20:50:21,856][utils.model][INFO] - Step 9/40 - val_loss: 0.4140 - val_accuracy: 0.8798
[2024-06-20 20:50:21,874][utils.model][INFO] - Step 10/40 - val_loss: 0.4091 - val_accuracy: 0.8805
[2024-06-20 20:50:21,893][utils.model][INFO] - Step 11/40 - val_loss: 0.4052 - val_accuracy: 0.8810
[2024-06-20 20:50:21,912][utils.model][INFO] - Step 12/40 - val_loss: 0.4005 - val_accuracy: 0.8822
[2024-06-20 20:50:21,932][utils.model][INFO] - Step 13/40 - val_loss: 0.4002 - val_accuracy: 0.8837
[2024-06-20 20:50:21,953][utils.model][INFO] - Step 14/40 - val_loss: 0.3986 - val_accuracy: 0.8831
[2024-06-20 20:50:21,973][utils.model][INFO] - Step 15/40 - val_loss: 0.4033 - val_accuracy: 0.8807
[2024-06-20 20:50:21,993][utils.model][INFO] - Step 16/40 - val_loss: 0.4045 - val_accuracy: 0.8813
[2024-06-20 20:50:22,013][utils.model][INFO] - Step 17/40 - val_loss: 0.4057 - val_accuracy: 0.8817
[2024-06-20 20:50:22,033][utils.model][INFO] - Step 18/40 - val_loss: 0.4045 - val_accuracy: 0.8815
[2024-06-20 20:50:22,051][utils.model][INFO] - Step 19/40 - val_loss: 0.4018 - val_accuracy: 0.8828
[2024-06-20 20:50:22,069][utils.model][INFO] - Step 20/40 - val_loss: 0.3981 - val_accuracy: 0.8842
[2024-06-20 20:50:22,088][utils.model][INFO] - Step 21/40 - val_loss: 0.3883 - val_accuracy: 0.8873
[2024-06-20 20:50:22,105][utils.model][INFO] - Step 22/40 - val_loss: 0.3787 - val_accuracy: 0.8901
[2024-06-20 20:50:22,123][utils.model][INFO] - Step 23/40 - val_loss: 0.3734 - val_accuracy: 0.8916
[2024-06-20 20:50:22,142][utils.model][INFO] - Step 24/40 - val_loss: 0.3735 - val_accuracy: 0.8911
[2024-06-20 20:50:22,160][utils.model][INFO] - Step 25/40 - val_loss: 0.3649 - val_accuracy: 0.8944
[2024-06-20 20:50:22,179][utils.model][INFO] - Step 26/40 - val_loss: 0.3643 - val_accuracy: 0.8945
[2024-06-20 20:50:22,199][utils.model][INFO] - Step 27/40 - val_loss: 0.3601 - val_accuracy: 0.8964
[2024-06-20 20:50:22,220][utils.model][INFO] - Step 28/40 - val_loss: 0.3524 - val_accuracy: 0.8987
[2024-06-20 20:50:22,243][utils.model][INFO] - Step 29/40 - val_loss: 0.3469 - val_accuracy: 0.9006
[2024-06-20 20:50:22,267][utils.model][INFO] - Step 30/40 - val_loss: 0.3439 - val_accuracy: 0.9022
[2024-06-20 20:50:22,289][utils.model][INFO] - Step 31/40 - val_loss: 0.3416 - val_accuracy: 0.9030
[2024-06-20 20:50:22,312][utils.model][INFO] - Step 32/40 - val_loss: 0.3365 - val_accuracy: 0.9047
[2024-06-20 20:50:22,331][utils.model][INFO] - Step 33/40 - val_loss: 0.3338 - val_accuracy: 0.9058
[2024-06-20 20:50:22,351][utils.model][INFO] - Step 34/40 - val_loss: 0.3282 - val_accuracy: 0.9076
[2024-06-20 20:50:22,373][utils.model][INFO] - Step 35/40 - val_loss: 0.3211 - val_accuracy: 0.9099
[2024-06-20 20:50:22,395][utils.model][INFO] - Step 36/40 - val_loss: 0.3196 - val_accuracy: 0.9105
[2024-06-20 20:50:22,415][utils.model][INFO] - Step 37/40 - val_loss: 0.3155 - val_accuracy: 0.9120
[2024-06-20 20:50:22,435][utils.model][INFO] - Step 38/40 - val_loss: 0.3145 - val_accuracy: 0.9122
[2024-06-20 20:50:22,452][utils.model][INFO] - Step 39/40 - val_loss: 0.3192 - val_accuracy: 0.9114
[2024-06-20 20:50:22,461][utils.model][INFO] - Step 40/40 - val_loss: 0.3151 - val_accuracy: 0.9115
[2024-06-20 20:50:22,463][utils.model][INFO] - Evaluation Results - Val Loss: 0.3151, Val Accuracy: 0.9115 in 40 steps
[2024-06-20 20:50:22,464][root][INFO] - Appended data to last row of column centralized_loss in server data for client None
[2024-06-20 20:50:22,465][root][INFO] - Appended data to last row of column centralized_acc in server data for client None
[2024-06-20 20:50:22,465][root][INFO] - Appended {'centralized_loss': 0.31513697, 'centralized_acc': 0.9115} to the last row of server data
[2024-06-20 20:50:22,465][flwr][INFO] - fit progress: (2, 0.31513697, {'accuracy': 0.9115}, 17.550491795002017)
[2024-06-20 20:50:22,465][flwr][DEBUG] - evaluate_round 2: strategy sampled 3 clients (out of 3)
[2024-06-20 20:50:23,033][flwr][DEBUG] - evaluate_round 2 received 3 results and 0 failures
[2024-06-20 20:50:23,035][root][INFO] - Added data to epoch for client 0: {'round': 2, 'epoch_steps': 76, 'total_steps': 98, 'l2_norm': 4.8144211769104, 'total_computation_time': 3.8013737201690674, 'total_rtc_check_time': 0.5393542669771705, 'total_duration': 4.652477979660034, 'val_loss': 0.3277498185634613, 'val_accuracy': 0.906000018119812, 'experiment_id': 'exp_20240620_204953', 'client_id': '0'}
[2024-06-20 20:50:23,035][root][INFO] - Added epoch data for client 0: {'round': 2, 'epoch_steps': 76, 'total_steps': 98, 'l2_norm': 4.8144211769104, 'total_computation_time': 3.8013737201690674, 'total_rtc_check_time': 0.5393542669771705, 'total_duration': 4.652477979660034, 'val_loss': 0.3277498185634613, 'val_accuracy': 0.906000018119812, 'experiment_id': 'exp_20240620_204953', 'client_id': '0'}
[2024-06-20 20:50:23,036][root][INFO] - Epoch data saved to /home/psklavos/fl/geom_aio/csv_logs/exp_20240620_204953/clients/client_0/epoch.csv
[2024-06-20 20:50:23,038][root][INFO] - Added data to batch for client 0: {'round': 2, 'step_no': 23, 'loss': 1.2298287153244019, 'accuracy': 0.625, 'l2_norm': 0.06676729768514633, 'computation_time': 0.05698990821838379, 'batch_time': 0.28407055197749287, 'rtc_check_time': 0.2256026869872585, 'experiment_id': 'exp_20240620_204953', 'client_id': '0'}
[2024-06-20 20:50:23,039][root][INFO] - Added data to batch for client 0: {'round': 2, 'step_no': 24, 'loss': 0.9409072399139404, 'accuracy': 0.78125, 'l2_norm': 0.11712466925382614, 'computation_time': 0.053067922592163086, 'batch_time': 0.060866631189128384, 'rtc_check_time': 0.005583799997111782, 'experiment_id': 'exp_20240620_204953', 'client_id': '0'}
[2024-06-20 20:50:23,040][root][INFO] - Added data to batch for client 0: {'round': 2, 'step_no': 25, 'loss': 0.9412602186203003, 'accuracy': 0.7708333134651184, 'l2_norm': 0.18435527384281158, 'computation_time': 0.047209978103637695, 'batch_time': 0.05634958755399566, 'rtc_check_time': 0.007660699004190974, 'experiment_id': 'exp_20240620_204953', 'client_id': '0'}
[2024-06-20 20:50:23,041][root][INFO] - Added data to batch for client 0: {'round': 2, 'step_no': 26, 'loss': 1.0916633605957031, 'accuracy': 0.734375, 'l2_norm': 0.23833782970905304, 'computation_time': 0.05665707588195801, 'batch_time': 0.05934125957719516, 'rtc_check_time': 0.0015691000007791445, 'experiment_id': 'exp_20240620_204953', 'client_id': '0'}
[2024-06-20 20:50:23,042][root][INFO] - Added data to batch for client 0: {'round': 2, 'step_no': 27, 'loss': 1.3074897527694702, 'accuracy': 0.699999988079071, 'l2_norm': 0.30450788140296936, 'computation_time': 0.049217939376831055, 'batch_time': 0.05885516939451918, 'rtc_check_time': 0.007711999991443008, 'experiment_id': 'exp_20240620_204953', 'client_id': '0'}
[2024-06-20 20:50:23,043][root][INFO] - Added data to batch for client 0: {'round': 2, 'step_no': 28, 'loss': 1.2943651676177979, 'accuracy': 0.6770833134651184, 'l2_norm': 0.35782960057258606, 'computation_time': 0.04471182823181152, 'batch_time': 0.051077205658657476, 'rtc_check_time': 0.0050020999915432185, 'experiment_id': 'exp_20240620_204953', 'client_id': '0'}
[2024-06-20 20:50:23,044][root][INFO] - Added data to batch for client 0: {'round': 2, 'step_no': 29, 'loss': 1.2826719284057617, 'accuracy': 0.6741071343421936, 'l2_norm': 0.397573858499527, 'computation_time': 0.054353952407836914, 'batch_time': 0.056932162056909874, 'rtc_check_time': 0.001479099999414757, 'experiment_id': 'exp_20240620_204953', 'client_id': '0'}
[2024-06-20 20:50:23,046][root][INFO] - Added data to batch for client 0: {'round': 2, 'step_no': 30, 'loss': 1.2258036136627197, 'accuracy': 0.66796875, 'l2_norm': 0.4450697600841522, 'computation_time': 0.05401611328125, 'batch_time': 0.05731069535249844, 'rtc_check_time': 0.001871699991170317, 'experiment_id': 'exp_20240620_204953', 'client_id': '0'}
[2024-06-20 20:50:23,047][root][INFO] - Added data to batch for client 0: {'round': 2, 'step_no': 31, 'loss': 0.9410264492034912, 'accuracy': 0.6805555820465088, 'l2_norm': 0.4795219898223877, 'computation_time': 0.0641179084777832, 'batch_time': 0.07043589469685685, 'rtc_check_time': 0.004533899991656654, 'experiment_id': 'exp_20240620_204953', 'client_id': '0'}
[2024-06-20 20:50:23,048][root][INFO] - Added data to batch for client 0: {'round': 2, 'step_no': 32, 'loss': 0.9455950856208801, 'accuracy': 0.684374988079071, 'l2_norm': 0.5674442648887634, 'computation_time': 0.0766611099243164, 'batch_time': 0.08226220220967662, 'rtc_check_time': 0.003082199997152202, 'experiment_id': 'exp_20240620_204953', 'client_id': '0'}
[2024-06-20 20:50:23,049][root][INFO] - Added data to batch for client 0: {'round': 2, 'step_no': 33, 'loss': 0.9315587878227234, 'accuracy': 0.6846590638160706, 'l2_norm': 0.6084868311882019, 'computation_time': 0.06219220161437988, 'batch_time': 0.06564261318999343, 'rtc_check_time': 0.001977700012503192, 'experiment_id': 'exp_20240620_204953', 'client_id': '0'}
[2024-06-20 20:50:23,051][root][INFO] - Added data to batch for client 0: {'round': 2, 'step_no': 34, 'loss': 0.802051842212677, 'accuracy': 0.6901041865348816, 'l2_norm': 0.6665116548538208, 'computation_time': 0.06219911575317383, 'batch_time': 0.06578960923070554, 'rtc_check_time': 0.0018466999899828807, 'experiment_id': 'exp_20240620_204953', 'client_id': '0'}
[2024-06-20 20:50:23,052][root][INFO] - Added data to batch for client 0: {'round': 2, 'step_no': 35, 'loss': 0.7708423733711243, 'accuracy': 0.6947115659713745, 'l2_norm': 0.7248189449310303, 'computation_time': 0.04392600059509277, 'batch_time': 0.05640440444403794, 'rtc_check_time': 0.01117639998847153, 'experiment_id': 'exp_20240620_204953', 'client_id': '0'}
[2024-06-20 20:50:23,053][root][INFO] - Added data to batch for client 0: {'round': 2, 'step_no': 36, 'loss': 1.0166409015655518, 'accuracy': 0.6941964030265808, 'l2_norm': 0.7932044863700867, 'computation_time': 0.05373501777648926, 'batch_time': 0.05677148571703583, 'rtc_check_time': 0.0016204999992623925, 'experiment_id': 'exp_20240620_204953', 'client_id': '0'}
[2024-06-20 20:50:23,055][root][INFO] - Added data to batch for client 0: {'round': 2, 'step_no': 37, 'loss': 0.8533816337585449, 'accuracy': 0.7020833492279053, 'l2_norm': 0.8288545608520508, 'computation_time': 0.044120073318481445, 'batch_time': 0.051274434255901724, 'rtc_check_time': 0.005571499990765005, 'experiment_id': 'exp_20240620_204953', 'client_id': '0'}
[2024-06-20 20:50:23,056][root][INFO] - Added data to batch for client 0: {'round': 2, 'step_no': 38, 'loss': 0.7768800258636475, 'accuracy': 0.7109375, 'l2_norm': 0.8959638476371765, 'computation_time': 0.04467010498046875, 'batch_time': 0.049049655950511806, 'rtc_check_time': 0.00269869998737704, 'experiment_id': 'exp_20240620_204953', 'client_id': '0'}
[2024-06-20 20:50:23,057][root][INFO] - Added data to batch for client 0: {'round': 2, 'step_no': 39, 'loss': 0.783132791519165, 'accuracy': 0.7132353186607361, 'l2_norm': 0.9668759107589722, 'computation_time': 0.049089908599853516, 'batch_time': 0.05217002583958674, 'rtc_check_time': 0.0015962000034051016, 'experiment_id': 'exp_20240620_204953', 'client_id': '0'}
[2024-06-20 20:50:23,058][root][INFO] - Added data to batch for client 0: {'round': 2, 'step_no': 40, 'loss': 0.5125889182090759, 'accuracy': 0.7256944179534912, 'l2_norm': 1.028119683265686, 'computation_time': 0.04522705078125, 'batch_time': 0.06093361598323099, 'rtc_check_time': 0.014579798997147009, 'experiment_id': 'exp_20240620_204953', 'client_id': '0'}
[2024-06-20 20:50:23,060][root][INFO] - Added data to batch for client 0: {'round': 2, 'step_no': 41, 'loss': 0.5732396841049194, 'accuracy': 0.7368420958518982, 'l2_norm': 1.112121820449829, 'computation_time': 0.04602193832397461, 'batch_time': 0.06173516230774112, 'rtc_check_time': 0.014571198989870027, 'experiment_id': 'exp_20240620_204953', 'client_id': '0'}
[2024-06-20 20:50:23,061][root][INFO] - Added data to batch for client 0: {'round': 2, 'step_no': 42, 'loss': 0.7566796541213989, 'accuracy': 0.734375, 'l2_norm': 1.1860812902450562, 'computation_time': 0.050675153732299805, 'batch_time': 0.05445855397556443, 'rtc_check_time': 0.0023814989981474355, 'experiment_id': 'exp_20240620_204953', 'client_id': '0'}
[2024-06-20 20:50:23,062][root][INFO] - Added data to batch for client 0: {'round': 2, 'step_no': 43, 'loss': 0.7771890163421631, 'accuracy': 0.7351190447807312, 'l2_norm': 1.2637721300125122, 'computation_time': 0.04885601997375488, 'batch_time': 0.05240559177764226, 'rtc_check_time': 0.0016427000082330778, 'experiment_id': 'exp_20240620_204953', 'client_id': '0'}
[2024-06-20 20:50:23,063][root][INFO] - Added data to batch for client 0: {'round': 2, 'step_no': 44, 'loss': 0.5900133848190308, 'accuracy': 0.7372159361839294, 'l2_norm': 1.329308271408081, 'computation_time': 0.05221295356750488, 'batch_time': 0.06338646048970986, 'rtc_check_time': 0.009760400003870018, 'experiment_id': 'exp_20240620_204953', 'client_id': '0'}
[2024-06-20 20:50:23,064][root][INFO] - Added data to batch for client 0: {'round': 2, 'step_no': 45, 'loss': 0.7165704965591431, 'accuracy': 0.739130437374115, 'l2_norm': 1.3962301015853882, 'computation_time': 0.05960893630981445, 'batch_time': 0.0724997837387491, 'rtc_check_time': 0.011622699006693438, 'experiment_id': 'exp_20240620_204953', 'client_id': '0'}
[2024-06-20 20:50:23,065][root][INFO] - Added data to batch for client 0: {'round': 2, 'step_no': 46, 'loss': 0.4868246912956238, 'accuracy': 0.7447916865348816, 'l2_norm': 1.450795292854309, 'computation_time': 0.04959297180175781, 'batch_time': 0.06293100205948576, 'rtc_check_time': 0.011633098998572677, 'experiment_id': 'exp_20240620_204953', 'client_id': '0'}
[2024-06-20 20:50:23,067][root][INFO] - Added data to batch for client 0: {'round': 2, 'step_no': 47, 'loss': 0.7635887861251831, 'accuracy': 0.7475000023841858, 'l2_norm': 1.5159425735473633, 'computation_time': 0.052755117416381836, 'batch_time': 0.055608471331652254, 'rtc_check_time': 0.0016583999968133867, 'experiment_id': 'exp_20240620_204953', 'client_id': '0'}
[2024-06-20 20:50:23,069][root][INFO] - Added data to batch for client 0: {'round': 2, 'step_no': 48, 'loss': 0.7402292490005493, 'accuracy': 0.7487980723381042, 'l2_norm': 1.6136202812194824, 'computation_time': 0.044213056564331055, 'batch_time': 0.05155625648330897, 'rtc_check_time': 0.005555298994295299, 'experiment_id': 'exp_20240620_204953', 'client_id': '0'}
[2024-06-20 20:50:23,070][root][INFO] - Added data to batch for client 0: {'round': 2, 'step_no': 49, 'loss': 0.7606886625289917, 'accuracy': 0.7476851940155029, 'l2_norm': 1.6522753238677979, 'computation_time': 0.05487799644470215, 'batch_time': 0.059367034264141694, 'rtc_check_time': 0.0023509000020567328, 'experiment_id': 'exp_20240620_204953', 'client_id': '0'}
[2024-06-20 20:50:23,071][root][INFO] - Added data to batch for client 0: {'round': 2, 'step_no': 50, 'loss': 0.5485714077949524, 'accuracy': 0.75, 'l2_norm': 1.706406593322754, 'computation_time': 0.050742149353027344, 'batch_time': 0.05659039277816191, 'rtc_check_time': 0.00399739999556914, 'experiment_id': 'exp_20240620_204953', 'client_id': '0'}
[2024-06-20 20:50:23,072][root][INFO] - Added data to batch for client 0: {'round': 2, 'step_no': 51, 'loss': 0.6822786331176758, 'accuracy': 0.7521551847457886, 'l2_norm': 1.7764843702316284, 'computation_time': 0.06372594833374023, 'batch_time': 0.0666543750994606, 'rtc_check_time': 0.00175350000790786, 'experiment_id': 'exp_20240620_204953', 'client_id': '0'}
[2024-06-20 20:50:23,073][root][INFO] - Added data to batch for client 0: {'round': 2, 'step_no': 52, 'loss': 0.4518628418445587, 'accuracy': 0.7572916746139526, 'l2_norm': 1.846843957901001, 'computation_time': 0.04894304275512695, 'batch_time': 0.052749093796592206, 'rtc_check_time': 0.002429899002891034, 'experiment_id': 'exp_20240620_204953', 'client_id': '0'}
[2024-06-20 20:50:23,074][root][INFO] - Added data to batch for client 0: {'round': 2, 'step_no': 53, 'loss': 0.3887253701686859, 'accuracy': 0.7620967626571655, 'l2_norm': 1.9072555303573608, 'computation_time': 0.05028796195983887, 'batch_time': 0.054869946296093985, 'rtc_check_time': 0.0032198989938478917, 'experiment_id': 'exp_20240620_204953', 'client_id': '0'}
[2024-06-20 20:50:23,076][root][INFO] - Added data to batch for client 0: {'round': 2, 'step_no': 54, 'loss': 0.6272835731506348, 'accuracy': 0.765625, 'l2_norm': 1.966778039932251, 'computation_time': 0.0689079761505127, 'batch_time': 0.0730867746315198, 'rtc_check_time': 0.0030177000007824972, 'experiment_id': 'exp_20240620_204953', 'client_id': '0'}
[2024-06-20 20:50:23,077][root][INFO] - Added data to batch for client 0: {'round': 2, 'step_no': 55, 'loss': 0.5668220520019531, 'accuracy': 0.7679924368858337, 'l2_norm': 2.0397117137908936, 'computation_time': 0.045844078063964844, 'batch_time': 0.05351931579934899, 'rtc_check_time': 0.006182499011629261, 'experiment_id': 'exp_20240620_204953', 'client_id': '0'}
[2024-06-20 20:50:23,078][root][INFO] - Added data to batch for client 0: {'round': 2, 'step_no': 56, 'loss': 0.640300989151001, 'accuracy': 0.767463207244873, 'l2_norm': 2.1364285945892334, 'computation_time': 0.04913020133972168, 'batch_time': 0.05211272931774147, 'rtc_check_time': 0.0015636990137863904, 'experiment_id': 'exp_20240620_204953', 'client_id': '0'}
[2024-06-20 20:50:23,079][root][INFO] - Added data to batch for client 0: {'round': 2, 'step_no': 57, 'loss': 0.5210350751876831, 'accuracy': 0.7705357074737549, 'l2_norm': 2.1670219898223877, 'computation_time': 0.05554485321044922, 'batch_time': 0.05851808478473686, 'rtc_check_time': 0.0016542999946977943, 'experiment_id': 'exp_20240620_204953', 'client_id': '0'}
[2024-06-20 20:50:23,081][root][INFO] - Added data to batch for client 0: {'round': 2, 'step_no': 58, 'loss': 0.5205766558647156, 'accuracy': 0.7743055820465088, 'l2_norm': 2.2336559295654297, 'computation_time': 0.045886993408203125, 'batch_time': 0.050450214999727905, 'rtc_check_time': 0.0034931990085169673, 'experiment_id': 'exp_20240620_204953', 'client_id': '0'}
[2024-06-20 20:50:23,082][root][INFO] - Added data to batch for client 0: {'round': 2, 'step_no': 59, 'loss': 0.6832035779953003, 'accuracy': 0.7736486196517944, 'l2_norm': 2.3031418323516846, 'computation_time': 0.04273486137390137, 'batch_time': 0.04551236468250863, 'rtc_check_time': 0.0014724000066053122, 'experiment_id': 'exp_20240620_204953', 'client_id': '0'}
[2024-06-20 20:50:23,083][root][INFO] - Added data to batch for client 0: {'round': 2, 'step_no': 60, 'loss': 0.7303247451782227, 'accuracy': 0.7730262875556946, 'l2_norm': 2.363416910171509, 'computation_time': 0.04332304000854492, 'batch_time': 0.046320474008098245, 'rtc_check_time': 0.0016065000090748072, 'experiment_id': 'exp_20240620_204953', 'client_id': '0'}
[2024-06-20 20:50:23,084][root][INFO] - Added data to batch for client 0: {'round': 2, 'step_no': 61, 'loss': 0.7548235654830933, 'accuracy': 0.7724359035491943, 'l2_norm': 2.4054431915283203, 'computation_time': 0.04449605941772461, 'batch_time': 0.04700221157690976, 'rtc_check_time': 0.0013441000046441332, 'experiment_id': 'exp_20240620_204953', 'client_id': '0'}
[2024-06-20 20:50:23,085][root][INFO] - Added data to batch for client 0: {'round': 2, 'step_no': 62, 'loss': 0.6367276906967163, 'accuracy': 0.774218738079071, 'l2_norm': 2.448837995529175, 'computation_time': 0.045304059982299805, 'batch_time': 0.04881182486133184, 'rtc_check_time': 0.0022028999956091866, 'experiment_id': 'exp_20240620_204953', 'client_id': '0'}
[2024-06-20 20:50:23,086][root][INFO] - Added data to batch for client 0: {'round': 2, 'step_no': 63, 'loss': 0.5837574601173401, 'accuracy': 0.7751524448394775, 'l2_norm': 2.528515577316284, 'computation_time': 0.04469180107116699, 'batch_time': 0.048470593290403485, 'rtc_check_time': 0.002369499998167157, 'experiment_id': 'exp_20240620_204953', 'client_id': '0'}
[2024-06-20 20:50:23,088][root][INFO] - Added data to batch for client 0: {'round': 2, 'step_no': 64, 'loss': 0.46887218952178955, 'accuracy': 0.7782738208770752, 'l2_norm': 2.6049208641052246, 'computation_time': 0.04489493370056152, 'batch_time': 0.0551460745773511, 'rtc_check_time': 0.007793999000568874, 'experiment_id': 'exp_20240620_204953', 'client_id': '0'}
[2024-06-20 20:50:23,089][root][INFO] - Added data to batch for client 0: {'round': 2, 'step_no': 65, 'loss': 0.5242112278938293, 'accuracy': 0.7790697813034058, 'l2_norm': 2.658747911453247, 'computation_time': 0.04801511764526367, 'batch_time': 0.051454281638143584, 'rtc_check_time': 0.0017451999883633107, 'experiment_id': 'exp_20240620_204953', 'client_id': '0'}
[2024-06-20 20:50:23,090][root][INFO] - Added data to batch for client 0: {'round': 2, 'step_no': 66, 'loss': 0.4899789094924927, 'accuracy': 0.78125, 'l2_norm': 2.716965913772583, 'computation_time': 0.046437978744506836, 'batch_time': 0.05016611515020486, 'rtc_check_time': 0.0022652000043308362, 'experiment_id': 'exp_20240620_204953', 'client_id': '0'}
[2024-06-20 20:50:23,091][root][INFO] - Added data to batch for client 0: {'round': 2, 'step_no': 67, 'loss': 0.4655492305755615, 'accuracy': 0.7840277552604675, 'l2_norm': 2.758496046066284, 'computation_time': 0.04939103126525879, 'batch_time': 0.05860711692366749, 'rtc_check_time': 0.008032098994590342, 'experiment_id': 'exp_20240620_204953', 'client_id': '0'}
[2024-06-20 20:50:23,092][root][INFO] - Added data to batch for client 0: {'round': 2, 'step_no': 68, 'loss': 0.513873279094696, 'accuracy': 0.7866848111152649, 'l2_norm': 2.8382201194763184, 'computation_time': 0.06089282035827637, 'batch_time': 0.06444571875908878, 'rtc_check_time': 0.0016229000029852614, 'experiment_id': 'exp_20240620_204953', 'client_id': '0'}
[2024-06-20 20:50:23,094][root][INFO] - Added data to batch for client 0: {'round': 2, 'step_no': 69, 'loss': 0.45877742767333984, 'accuracy': 0.7878989577293396, 'l2_norm': 2.912761688232422, 'computation_time': 0.060365915298461914, 'batch_time': 0.06898040919622872, 'rtc_check_time': 0.0064033999951789156, 'experiment_id': 'exp_20240620_204953', 'client_id': '0'}
[2024-06-20 20:50:23,095][root][INFO] - Added data to batch for client 0: {'round': 2, 'step_no': 70, 'loss': 0.5341622829437256, 'accuracy': 0.787109375, 'l2_norm': 2.9945056438446045, 'computation_time': 0.06787395477294922, 'batch_time': 0.0717146469396539, 'rtc_check_time': 0.0019188000005669892, 'experiment_id': 'exp_20240620_204953', 'client_id': '0'}
[2024-06-20 20:50:23,096][root][INFO] - Added data to batch for client 0: {'round': 2, 'step_no': 71, 'loss': 0.39501282572746277, 'accuracy': 0.7882652878761292, 'l2_norm': 3.06998872756958, 'computation_time': 0.05768418312072754, 'batch_time': 0.06196328219084535, 'rtc_check_time': 0.002566299997852184, 'experiment_id': 'exp_20240620_204953', 'client_id': '0'}
[2024-06-20 20:50:23,097][root][INFO] - Added data to batch for client 0: {'round': 2, 'step_no': 72, 'loss': 0.9890276193618774, 'accuracy': 0.7875000238418579, 'l2_norm': 3.095297336578369, 'computation_time': 0.06323599815368652, 'batch_time': 0.06582269357750192, 'rtc_check_time': 0.0015367000014521182, 'experiment_id': 'exp_20240620_204953', 'client_id': '0'}
[2024-06-20 20:50:23,098][root][INFO] - Added data to batch for client 0: {'round': 2, 'step_no': 73, 'loss': 0.4752576947212219, 'accuracy': 0.7892156839370728, 'l2_norm': 3.168208599090576, 'computation_time': 0.05485105514526367, 'batch_time': 0.05766944804054219, 'rtc_check_time': 0.0016262999997707084, 'experiment_id': 'exp_20240620_204953', 'client_id': '0'}
[2024-06-20 20:50:23,099][root][INFO] - Added data to batch for client 0: {'round': 2, 'step_no': 74, 'loss': 0.3830462694168091, 'accuracy': 0.7896634340286255, 'l2_norm': 3.2224018573760986, 'computation_time': 0.056153059005737305, 'batch_time': 0.06038073879608419, 'rtc_check_time': 0.001468699992983602, 'experiment_id': 'exp_20240620_204953', 'client_id': '0'}
[2024-06-20 20:50:23,101][root][INFO] - Added data to batch for client 0: {'round': 2, 'step_no': 75, 'loss': 0.4791796803474426, 'accuracy': 0.7895047068595886, 'l2_norm': 3.3525304794311523, 'computation_time': 0.04753398895263672, 'batch_time': 0.05202755468781106, 'rtc_check_time': 0.0031135989993344992, 'experiment_id': 'exp_20240620_204953', 'client_id': '0'}
[2024-06-20 20:50:23,102][root][INFO] - Added data to batch for client 0: {'round': 2, 'step_no': 76, 'loss': 0.4855804741382599, 'accuracy': 0.7893518805503845, 'l2_norm': 3.4289772510528564, 'computation_time': 0.0492250919342041, 'batch_time': 0.055899567625601776, 'rtc_check_time': 0.005392498991568573, 'experiment_id': 'exp_20240620_204953', 'client_id': '0'}
[2024-06-20 20:50:23,103][root][INFO] - Added data to batch for client 0: {'round': 2, 'step_no': 77, 'loss': 0.4778948128223419, 'accuracy': 0.7897727489471436, 'l2_norm': 3.4731664657592773, 'computation_time': 0.04724001884460449, 'batch_time': 0.059454980204463936, 'rtc_check_time': 0.010767999003292061, 'experiment_id': 'exp_20240620_204953', 'client_id': '0'}
[2024-06-20 20:50:23,104][root][INFO] - Added data to batch for client 0: {'round': 2, 'step_no': 78, 'loss': 0.6459161043167114, 'accuracy': 0.7901785969734192, 'l2_norm': 3.517970085144043, 'computation_time': 0.04868507385253906, 'batch_time': 0.058073696549399756, 'rtc_check_time': 0.007721599991782568, 'experiment_id': 'exp_20240620_204953', 'client_id': '0'}
[2024-06-20 20:50:23,105][root][INFO] - Added data to batch for client 0: {'round': 2, 'step_no': 79, 'loss': 0.2176138162612915, 'accuracy': 0.7933114171028137, 'l2_norm': 3.570875883102417, 'computation_time': 0.047324180603027344, 'batch_time': 0.051610043956316076, 'rtc_check_time': 0.002630999995744787, 'experiment_id': 'exp_20240620_204953', 'client_id': '0'}
[2024-06-20 20:50:23,106][root][INFO] - Added data to batch for client 0: {'round': 2, 'step_no': 80, 'loss': 0.637057900428772, 'accuracy': 0.7936422228813171, 'l2_norm': 3.6172866821289062, 'computation_time': 0.04469895362854004, 'batch_time': 0.047673411725554615, 'rtc_check_time': 0.0016746000037528574, 'experiment_id': 'exp_20240620_204953', 'client_id': '0'}
[2024-06-20 20:50:23,107][root][INFO] - Added data to batch for client 0: {'round': 2, 'step_no': 81, 'loss': 0.36178600788116455, 'accuracy': 0.7960805296897888, 'l2_norm': 3.666041135787964, 'computation_time': 0.04253411293029785, 'batch_time': 0.04661377704178449, 'rtc_check_time': 0.0025997999910032377, 'experiment_id': 'exp_20240620_204953', 'client_id': '0'}
[2024-06-20 20:50:23,109][root][INFO] - Added data to batch for client 0: {'round': 2, 'step_no': 82, 'loss': 0.3905162215232849, 'accuracy': 0.7979166507720947, 'l2_norm': 3.7576844692230225, 'computation_time': 0.04183197021484375, 'batch_time': 0.04738752925186418, 'rtc_check_time': 0.004346300003817305, 'experiment_id': 'exp_20240620_204953', 'client_id': '0'}
[2024-06-20 20:50:23,110][root][INFO] - Added data to batch for client 0: {'round': 2, 'step_no': 83, 'loss': 0.3289951682090759, 'accuracy': 0.7991803288459778, 'l2_norm': 3.8352608680725098, 'computation_time': 0.04457902908325195, 'batch_time': 0.047756692409166135, 'rtc_check_time': 0.00186969900096301, 'experiment_id': 'exp_20240620_204953', 'client_id': '0'}
[2024-06-20 20:50:23,111][root][INFO] - Added data to batch for client 0: {'round': 2, 'step_no': 84, 'loss': 0.5246257185935974, 'accuracy': 0.7998992204666138, 'l2_norm': 3.870759963989258, 'computation_time': 0.04735898971557617, 'batch_time': 0.05673513902002014, 'rtc_check_time': 0.007478098996216431, 'experiment_id': 'exp_20240620_204953', 'client_id': '0'}
[2024-06-20 20:50:23,112][root][INFO] - Added data to batch for client 0: {'round': 2, 'step_no': 85, 'loss': 0.5829850435256958, 'accuracy': 0.7991071343421936, 'l2_norm': 3.9689788818359375, 'computation_time': 0.042294979095458984, 'batch_time': 0.0466938436293276, 'rtc_check_time': 0.003262800004449673, 'experiment_id': 'exp_20240620_204953', 'client_id': '0'}
[2024-06-20 20:50:23,113][root][INFO] - Added data to batch for client 0: {'round': 2, 'step_no': 86, 'loss': 0.7372312545776367, 'accuracy': 0.79931640625, 'l2_norm': 3.9940435886383057, 'computation_time': 0.04892301559448242, 'batch_time': 0.05588133689889219, 'rtc_check_time': 0.005155400009243749, 'experiment_id': 'exp_20240620_204953', 'client_id': '0'}
[2024-06-20 20:50:23,114][root][INFO] - Added data to batch for client 0: {'round': 2, 'step_no': 87, 'loss': 0.2875255346298218, 'accuracy': 0.8009615540504456, 'l2_norm': 4.067573070526123, 'computation_time': 0.04411578178405762, 'batch_time': 0.04921215464128181, 'rtc_check_time': 0.003494200005661696, 'experiment_id': 'exp_20240620_204953', 'client_id': '0'}
[2024-06-20 20:50:23,116][root][INFO] - Added data to batch for client 0: {'round': 2, 'step_no': 88, 'loss': 0.34686410427093506, 'accuracy': 0.8016098737716675, 'l2_norm': 4.157833576202393, 'computation_time': 0.038182973861694336, 'batch_time': 0.04173859700676985, 'rtc_check_time': 0.0024887000035960227, 'experiment_id': 'exp_20240620_204953', 'client_id': '0'}
[2024-06-20 20:50:23,117][root][INFO] - Added data to batch for client 0: {'round': 2, 'step_no': 89, 'loss': 0.6561225056648254, 'accuracy': 0.8008395433425903, 'l2_norm': 4.22865104675293, 'computation_time': 0.0425260066986084, 'batch_time': 0.04514731699600816, 'rtc_check_time': 0.0014831000007689, 'experiment_id': 'exp_20240620_204953', 'client_id': '0'}
[2024-06-20 20:50:23,118][root][INFO] - Added data to batch for client 0: {'round': 2, 'step_no': 90, 'loss': 0.715887188911438, 'accuracy': 0.8005514740943909, 'l2_norm': 4.2834954261779785, 'computation_time': 0.038513898849487305, 'batch_time': 0.043737237981986254, 'rtc_check_time': 0.00407439999980852, 'experiment_id': 'exp_20240620_204953', 'client_id': '0'}
[2024-06-20 20:50:23,119][root][INFO] - Added data to batch for client 0: {'round': 2, 'step_no': 91, 'loss': 0.5229377746582031, 'accuracy': 0.8011775612831116, 'l2_norm': 4.3419647216796875, 'computation_time': 0.05432009696960449, 'batch_time': 0.056877734808949754, 'rtc_check_time': 0.0014869000006001443, 'experiment_id': 'exp_20240620_204953', 'client_id': '0'}
[2024-06-20 20:50:23,120][root][INFO] - Added data to batch for client 0: {'round': 2, 'step_no': 92, 'loss': 0.288651704788208, 'accuracy': 0.8031250238418579, 'l2_norm': 4.395956993103027, 'computation_time': 0.04269909858703613, 'batch_time': 0.048989695656928234, 'rtc_check_time': 0.004993599999579601, 'experiment_id': 'exp_20240620_204953', 'client_id': '0'}
[2024-06-20 20:50:23,121][root][INFO] - Added data to batch for client 0: {'round': 2, 'step_no': 93, 'loss': 0.6472575664520264, 'accuracy': 0.8023767471313477, 'l2_norm': 4.469130992889404, 'computation_time': 0.04625201225280762, 'batch_time': 0.04946872290747706, 'rtc_check_time': 0.0019097000040346757, 'experiment_id': 'exp_20240620_204953', 'client_id': '0'}
[2024-06-20 20:50:23,123][root][INFO] - Added data to batch for client 0: {'round': 2, 'step_no': 94, 'loss': 0.30798596143722534, 'accuracy': 0.8038194179534912, 'l2_norm': 4.548425674438477, 'computation_time': 0.049391984939575195, 'batch_time': 0.05185372110281605, 'rtc_check_time': 0.0013816999999107793, 'experiment_id': 'exp_20240620_204953', 'client_id': '0'}
[2024-06-20 20:50:23,124][root][INFO] - Added data to batch for client 0: {'round': 2, 'step_no': 95, 'loss': 0.3311000466346741, 'accuracy': 0.8052226305007935, 'l2_norm': 4.615767002105713, 'computation_time': 0.04145002365112305, 'batch_time': 0.04411078436532989, 'rtc_check_time': 0.0014608000055886805, 'experiment_id': 'exp_20240620_204953', 'client_id': '0'}
[2024-06-20 20:50:23,125][root][INFO] - Added data to batch for client 0: {'round': 2, 'step_no': 96, 'loss': 0.7420907616615295, 'accuracy': 0.8044763803482056, 'l2_norm': 4.661009311676025, 'computation_time': 0.04261207580566406, 'batch_time': 0.050706010006251745, 'rtc_check_time': 0.006874900005641393, 'experiment_id': 'exp_20240620_204953', 'client_id': '0'}
[2024-06-20 20:50:23,126][root][INFO] - Added data to batch for client 0: {'round': 2, 'step_no': 97, 'loss': 0.7009912133216858, 'accuracy': 0.8037499785423279, 'l2_norm': 4.74603271484375, 'computation_time': 0.03788304328918457, 'batch_time': 0.04234698580694385, 'rtc_check_time': 0.003381999005796388, 'experiment_id': 'exp_20240620_204953', 'client_id': '0'}
[2024-06-20 20:50:23,127][root][INFO] - Added data to batch for client 0: {'round': 2, 'step_no': 98, 'loss': 0.2595749497413635, 'accuracy': 0.8055098652839661, 'l2_norm': 4.8144211769104, 'computation_time': 0.040860891342163086, 'batch_time': 0.0526656891888706, 'rtc_check_time': 0.010682800013455562, 'experiment_id': 'exp_20240620_204953', 'client_id': '0'}
[2024-06-20 20:50:23,127][root][INFO] - Added batch data list for client 0. New Data Added: 76
[2024-06-20 20:50:23,129][root][INFO] - Batch data saved to /home/psklavos/fl/geom_aio/csv_logs/exp_20240620_204953/clients/client_0/batch.csv
[2024-06-20 20:50:23,129][root][INFO] - Appended data to last row of column distributed_loss in server data for client None
[2024-06-20 20:50:23,129][root][INFO] - Appended data to last row of column distributed_acc in server data for client None
[2024-06-20 20:50:23,129][root][INFO] - Appended {'distributed_loss': 0.33328351378440857, 'distributed_acc': 0.9053333401679993} to the last row of server data
[2024-06-20 20:50:23,130][root][INFO] - Server data saved to /home/psklavos/fl/geom_aio/csv_logs/exp_20240620_204953/server/server.csv
[2024-06-20 20:50:27,594][flwr][DEBUG] - fit_round 3: strategy sampled 3 clients (out of 3)
[2024-06-20 20:50:34,832][flwr][DEBUG] - fit_round 3 received 3 results and 0 failures
[2024-06-20 20:50:34,836][root][INFO] - Added data to server for client None: {'round': 3, 'average_norm': 5.062302271525065, 'round_time': 8.65326481188208, 'average_downlink_time': 0.7058191116666667, 'average_rtc_check_time': 0.47192645868926775, 'average_uplink_time': 0.6654643140000001, 'average_computation_time': 6.27881932258606, 'average_communication_time': 1.8432098843559344, 'average_fit_time': 7.216624736785889, 'average_throughput': 3.475895908814513, 'dropouts': 0, 'experiment_id': 'exp_20240620_204953'}
[2024-06-20 20:50:34,836][root][INFO] - Added server data: {'round': 3, 'average_norm': 5.062302271525065, 'round_time': 8.65326481188208, 'average_downlink_time': 0.7058191116666667, 'average_rtc_check_time': 0.47192645868926775, 'average_uplink_time': 0.6654643140000001, 'average_computation_time': 6.27881932258606, 'average_communication_time': 1.8432098843559344, 'average_fit_time': 7.216624736785889, 'average_throughput': 3.475895908814513, 'dropouts': 0, 'experiment_id': 'exp_20240620_204953'}
[2024-06-20 20:50:34,894][utils.model][INFO] - LeNet model built
[2024-06-20 20:50:35,007][utils.model][INFO] - Size of serialized model: 279.0341796875 kbytes
[2024-06-20 20:50:35,038][utils.model][INFO] - Step 1/40 - val_loss: 0.1071 - val_accuracy: 0.9805
[2024-06-20 20:50:35,058][utils.model][INFO] - Step 2/40 - val_loss: 0.1639 - val_accuracy: 0.9473
[2024-06-20 20:50:35,077][utils.model][INFO] - Step 3/40 - val_loss: 0.1848 - val_accuracy: 0.9362
[2024-06-20 20:50:35,096][utils.model][INFO] - Step 4/40 - val_loss: 0.1842 - val_accuracy: 0.9355
[2024-06-20 20:50:35,115][utils.model][INFO] - Step 5/40 - val_loss: 0.2084 - val_accuracy: 0.9281
[2024-06-20 20:50:35,135][utils.model][INFO] - Step 6/40 - val_loss: 0.2172 - val_accuracy: 0.9277
[2024-06-20 20:50:35,154][utils.model][INFO] - Step 7/40 - val_loss: 0.2232 - val_accuracy: 0.9286
[2024-06-20 20:50:35,172][utils.model][INFO] - Step 8/40 - val_loss: 0.2213 - val_accuracy: 0.9287
[2024-06-20 20:50:35,191][utils.model][INFO] - Step 9/40 - val_loss: 0.2327 - val_accuracy: 0.9262
[2024-06-20 20:50:35,210][utils.model][INFO] - Step 10/40 - val_loss: 0.2298 - val_accuracy: 0.9273
[2024-06-20 20:50:35,229][utils.model][INFO] - Step 11/40 - val_loss: 0.2256 - val_accuracy: 0.9279
[2024-06-20 20:50:35,249][utils.model][INFO] - Step 12/40 - val_loss: 0.2232 - val_accuracy: 0.9287
[2024-06-20 20:50:35,267][utils.model][INFO] - Step 13/40 - val_loss: 0.2217 - val_accuracy: 0.9294
[2024-06-20 20:50:35,286][utils.model][INFO] - Step 14/40 - val_loss: 0.2195 - val_accuracy: 0.9291
[2024-06-20 20:50:35,304][utils.model][INFO] - Step 15/40 - val_loss: 0.2243 - val_accuracy: 0.9276
[2024-06-20 20:50:35,323][utils.model][INFO] - Step 16/40 - val_loss: 0.2274 - val_accuracy: 0.9263
[2024-06-20 20:50:35,342][utils.model][INFO] - Step 17/40 - val_loss: 0.2300 - val_accuracy: 0.9258
[2024-06-20 20:50:35,361][utils.model][INFO] - Step 18/40 - val_loss: 0.2290 - val_accuracy: 0.9264
[2024-06-20 20:50:35,380][utils.model][INFO] - Step 19/40 - val_loss: 0.2283 - val_accuracy: 0.9266
[2024-06-20 20:50:35,398][utils.model][INFO] - Step 20/40 - val_loss: 0.2256 - val_accuracy: 0.9275
[2024-06-20 20:50:35,416][utils.model][INFO] - Step 21/40 - val_loss: 0.2199 - val_accuracy: 0.9289
[2024-06-20 20:50:35,434][utils.model][INFO] - Step 22/40 - val_loss: 0.2126 - val_accuracy: 0.9315
[2024-06-20 20:50:35,453][utils.model][INFO] - Step 23/40 - val_loss: 0.2092 - val_accuracy: 0.9329
[2024-06-20 20:50:35,471][utils.model][INFO] - Step 24/40 - val_loss: 0.2107 - val_accuracy: 0.9321
[2024-06-20 20:50:35,489][utils.model][INFO] - Step 25/40 - val_loss: 0.2057 - val_accuracy: 0.9337
[2024-06-20 20:50:35,507][utils.model][INFO] - Step 26/40 - val_loss: 0.2057 - val_accuracy: 0.9345
[2024-06-20 20:50:35,527][utils.model][INFO] - Step 27/40 - val_loss: 0.2018 - val_accuracy: 0.9361
[2024-06-20 20:50:35,548][utils.model][INFO] - Step 28/40 - val_loss: 0.1967 - val_accuracy: 0.9375
[2024-06-20 20:50:35,566][utils.model][INFO] - Step 29/40 - val_loss: 0.1925 - val_accuracy: 0.9390
[2024-06-20 20:50:35,585][utils.model][INFO] - Step 30/40 - val_loss: 0.1895 - val_accuracy: 0.9401
[2024-06-20 20:50:35,603][utils.model][INFO] - Step 31/40 - val_loss: 0.1869 - val_accuracy: 0.9407
[2024-06-20 20:50:35,624][utils.model][INFO] - Step 32/40 - val_loss: 0.1831 - val_accuracy: 0.9418
[2024-06-20 20:50:35,644][utils.model][INFO] - Step 33/40 - val_loss: 0.1807 - val_accuracy: 0.9426
[2024-06-20 20:50:35,664][utils.model][INFO] - Step 34/40 - val_loss: 0.1767 - val_accuracy: 0.9438
[2024-06-20 20:50:35,685][utils.model][INFO] - Step 35/40 - val_loss: 0.1722 - val_accuracy: 0.9453
[2024-06-20 20:50:35,706][utils.model][INFO] - Step 36/40 - val_loss: 0.1714 - val_accuracy: 0.9459
[2024-06-20 20:50:35,727][utils.model][INFO] - Step 37/40 - val_loss: 0.1682 - val_accuracy: 0.9469
[2024-06-20 20:50:35,750][utils.model][INFO] - Step 38/40 - val_loss: 0.1669 - val_accuracy: 0.9475
[2024-06-20 20:50:35,773][utils.model][INFO] - Step 39/40 - val_loss: 0.1707 - val_accuracy: 0.9468
[2024-06-20 20:50:35,786][utils.model][INFO] - Step 40/40 - val_loss: 0.1668 - val_accuracy: 0.9469
[2024-06-20 20:50:35,789][utils.model][INFO] - Evaluation Results - Val Loss: 0.1668, Val Accuracy: 0.9469 in 40 steps
[2024-06-20 20:50:35,791][root][INFO] - Appended data to last row of column centralized_loss in server data for client None
[2024-06-20 20:50:35,791][root][INFO] - Appended data to last row of column centralized_acc in server data for client None
[2024-06-20 20:50:35,791][root][INFO] - Appended {'centralized_loss': 0.16681357, 'centralized_acc': 0.9469} to the last row of server data
[2024-06-20 20:50:35,791][flwr][INFO] - fit progress: (3, 0.16681357, {'accuracy': 0.9469}, 30.876622918003704)
[2024-06-20 20:50:35,791][flwr][DEBUG] - evaluate_round 3: strategy sampled 3 clients (out of 3)
[2024-06-20 20:50:36,346][flwr][DEBUG] - evaluate_round 3 received 3 results and 0 failures
[2024-06-20 20:50:36,348][root][INFO] - Added data to epoch for client 0: {'round': 3, 'epoch_steps': 143, 'total_steps': 241, 'l2_norm': 5.093833923339844, 'total_computation_time': 6.2639758586883545, 'total_rtc_check_time': 0.48492895504750777, 'total_duration': 7.21635103225708, 'val_loss': 0.18373054265975952, 'val_accuracy': 0.9445000290870667, 'experiment_id': 'exp_20240620_204953', 'client_id': '0'}
[2024-06-20 20:50:36,349][root][INFO] - Added epoch data for client 0: {'round': 3, 'epoch_steps': 143, 'total_steps': 241, 'l2_norm': 5.093833923339844, 'total_computation_time': 6.2639758586883545, 'total_rtc_check_time': 0.48492895504750777, 'total_duration': 7.21635103225708, 'val_loss': 0.18373054265975952, 'val_accuracy': 0.9445000290870667, 'experiment_id': 'exp_20240620_204953', 'client_id': '0'}
[2024-06-20 20:50:36,350][root][INFO] - Epoch data saved to /home/psklavos/fl/geom_aio/csv_logs/exp_20240620_204953/clients/client_0/epoch.csv
[2024-06-20 20:50:36,351][root][INFO] - Added data to batch for client 0: {'round': 3, 'step_no': 99, 'loss': 0.1666162610054016, 'accuracy': 0.96875, 'l2_norm': 0.00893407128751278, 'computation_time': 0.05655407905578613, 'batch_time': 0.06362737338349689, 'rtc_check_time': 0.005462299988721497, 'experiment_id': 'exp_20240620_204953', 'client_id': '0'}
[2024-06-20 20:50:36,352][root][INFO] - Added data to batch for client 0: {'round': 3, 'step_no': 100, 'loss': 0.15775880217552185, 'accuracy': 0.984375, 'l2_norm': 0.018851319327950478, 'computation_time': 0.05197000503540039, 'batch_time': 0.059244453921564855, 'rtc_check_time': 0.00605159999395255, 'experiment_id': 'exp_20240620_204953', 'client_id': '0'}
[2024-06-20 20:50:36,353][root][INFO] - Added data to batch for client 0: {'round': 3, 'step_no': 101, 'loss': 0.6060812473297119, 'accuracy': 0.9166666865348816, 'l2_norm': 0.04450376704335213, 'computation_time': 0.05702686309814453, 'batch_time': 0.06112159696931485, 'rtc_check_time': 0.002489699996658601, 'experiment_id': 'exp_20240620_204953', 'client_id': '0'}
[2024-06-20 20:50:36,354][root][INFO] - Added data to batch for client 0: {'round': 3, 'step_no': 102, 'loss': 0.37585538625717163, 'accuracy': 0.90625, 'l2_norm': 0.07184141874313354, 'computation_time': 0.042527198791503906, 'batch_time': 0.048720825914642774, 'rtc_check_time': 0.004849900011322461, 'experiment_id': 'exp_20240620_204953', 'client_id': '0'}
[2024-06-20 20:50:36,355][root][INFO] - Added data to batch for client 0: {'round': 3, 'step_no': 103, 'loss': 0.3851962089538574, 'accuracy': 0.893750011920929, 'l2_norm': 0.07373999804258347, 'computation_time': 0.040946006774902344, 'batch_time': 0.04398504852724727, 'rtc_check_time': 0.0017820990033214912, 'experiment_id': 'exp_20240620_204953', 'client_id': '0'}
[2024-06-20 20:50:36,356][root][INFO] - Added data to batch for client 0: {'round': 3, 'step_no': 104, 'loss': 0.3322484493255615, 'accuracy': 0.8958333134651184, 'l2_norm': 0.10282541811466217, 'computation_time': 0.03832697868347168, 'batch_time': 0.04395345372904558, 'rtc_check_time': 0.004591499993694015, 'experiment_id': 'exp_20240620_204953', 'client_id': '0'}
[2024-06-20 20:50:36,357][root][INFO] - Added data to batch for client 0: {'round': 3, 'step_no': 105, 'loss': 0.2908072769641876, 'accuracy': 0.8928571343421936, 'l2_norm': 0.11313992738723755, 'computation_time': 0.03884100914001465, 'batch_time': 0.043840012469445355, 'rtc_check_time': 0.003950199999962933, 'experiment_id': 'exp_20240620_204953', 'client_id': '0'}
[2024-06-20 20:50:36,358][root][INFO] - Added data to batch for client 0: {'round': 3, 'step_no': 106, 'loss': 0.32538050413131714, 'accuracy': 0.8984375, 'l2_norm': 0.11690879613161087, 'computation_time': 0.039144039154052734, 'batch_time': 0.04384426194883417, 'rtc_check_time': 0.0035941990063292906, 'experiment_id': 'exp_20240620_204953', 'client_id': '0'}
[2024-06-20 20:50:36,359][root][INFO] - Added data to batch for client 0: {'round': 3, 'step_no': 107, 'loss': 0.3216235339641571, 'accuracy': 0.8993055820465088, 'l2_norm': 0.12657199800014496, 'computation_time': 0.04458904266357422, 'batch_time': 0.047303074243245646, 'rtc_check_time': 0.0013951000000815839, 'experiment_id': 'exp_20240620_204953', 'client_id': '0'}
[2024-06-20 20:50:36,360][root][INFO] - Added data to batch for client 0: {'round': 3, 'step_no': 108, 'loss': 0.45201265811920166, 'accuracy': 0.8968750238418579, 'l2_norm': 0.15388283133506775, 'computation_time': 0.040801048278808594, 'batch_time': 0.044511241183499806, 'rtc_check_time': 0.0025181000091833994, 'experiment_id': 'exp_20240620_204953', 'client_id': '0'}
[2024-06-20 20:50:36,361][root][INFO] - Added data to batch for client 0: {'round': 3, 'step_no': 109, 'loss': 0.4044632315635681, 'accuracy': 0.8977272510528564, 'l2_norm': 0.18081703782081604, 'computation_time': 0.04634213447570801, 'batch_time': 0.052060242916923016, 'rtc_check_time': 0.004447098996024579, 'experiment_id': 'exp_20240620_204953', 'client_id': '0'}
[2024-06-20 20:50:36,362][root][INFO] - Added data to batch for client 0: {'round': 3, 'step_no': 110, 'loss': 0.25613003969192505, 'accuracy': 0.9010416865348816, 'l2_norm': 0.20071950554847717, 'computation_time': 0.0424199104309082, 'batch_time': 0.04882604777230881, 'rtc_check_time': 0.004825898999115452, 'experiment_id': 'exp_20240620_204953', 'client_id': '0'}
[2024-06-20 20:50:36,364][root][INFO] - Added data to batch for client 0: {'round': 3, 'step_no': 111, 'loss': 0.5079957246780396, 'accuracy': 0.8990384340286255, 'l2_norm': 0.23804202675819397, 'computation_time': 0.03885793685913086, 'batch_time': 0.044913776640896685, 'rtc_check_time': 0.00486780000210274, 'experiment_id': 'exp_20240620_204953', 'client_id': '0'}
[2024-06-20 20:50:36,365][root][INFO] - Added data to batch for client 0: {'round': 3, 'step_no': 112, 'loss': 0.2971321940422058, 'accuracy': 0.9017857313156128, 'l2_norm': 0.2423933744430542, 'computation_time': 0.04097414016723633, 'batch_time': 0.04417372935859021, 'rtc_check_time': 0.0021577000006800517, 'experiment_id': 'exp_20240620_204953', 'client_id': '0'}
[2024-06-20 20:50:36,366][root][INFO] - Added data to batch for client 0: {'round': 3, 'step_no': 113, 'loss': 0.6002698540687561, 'accuracy': 0.8979166746139526, 'l2_norm': 0.28981685638427734, 'computation_time': 0.041303157806396484, 'batch_time': 0.044242717092856765, 'rtc_check_time': 0.0016036999877542257, 'experiment_id': 'exp_20240620_204953', 'client_id': '0'}
[2024-06-20 20:50:36,367][root][INFO] - Added data to batch for client 0: {'round': 3, 'step_no': 114, 'loss': 0.6852923631668091, 'accuracy': 0.896484375, 'l2_norm': 0.28245967626571655, 'computation_time': 0.0425870418548584, 'batch_time': 0.04530999697453808, 'rtc_check_time': 0.0014919999957783148, 'experiment_id': 'exp_20240620_204953', 'client_id': '0'}
[2024-06-20 20:50:36,368][root][INFO] - Added data to batch for client 0: {'round': 3, 'step_no': 115, 'loss': 0.5675534009933472, 'accuracy': 0.8952205777168274, 'l2_norm': 0.30676504969596863, 'computation_time': 0.049530982971191406, 'batch_time': 0.0531606434378773, 'rtc_check_time': 0.002001499990001321, 'experiment_id': 'exp_20240620_204953', 'client_id': '0'}
[2024-06-20 20:50:36,369][root][INFO] - Added data to batch for client 0: {'round': 3, 'step_no': 116, 'loss': 0.4572642743587494, 'accuracy': 0.8923611044883728, 'l2_norm': 0.3173578083515167, 'computation_time': 0.03906607627868652, 'batch_time': 0.04490108739992138, 'rtc_check_time': 0.004573300000629388, 'experiment_id': 'exp_20240620_204953', 'client_id': '0'}
[2024-06-20 20:50:36,370][root][INFO] - Added data to batch for client 0: {'round': 3, 'step_no': 117, 'loss': 0.4928968846797943, 'accuracy': 0.8898026347160339, 'l2_norm': 0.3325171172618866, 'computation_time': 0.03797197341918945, 'batch_time': 0.043837755467393436, 'rtc_check_time': 0.004789799000718631, 'experiment_id': 'exp_20240620_204953', 'client_id': '0'}
[2024-06-20 20:50:36,371][root][INFO] - Added data to batch for client 0: {'round': 3, 'step_no': 118, 'loss': 0.39168161153793335, 'accuracy': 0.890625, 'l2_norm': 0.3647594153881073, 'computation_time': 0.03934288024902344, 'batch_time': 0.042839120025746524, 'rtc_check_time': 0.002308199997060001, 'experiment_id': 'exp_20240620_204953', 'client_id': '0'}
[2024-06-20 20:50:36,373][root][INFO] - Added data to batch for client 0: {'round': 3, 'step_no': 119, 'loss': 0.36170727014541626, 'accuracy': 0.8913690447807312, 'l2_norm': 0.3804068863391876, 'computation_time': 0.04448390007019043, 'batch_time': 0.05106788617558777, 'rtc_check_time': 0.005396900000050664, 'experiment_id': 'exp_20240620_204953', 'client_id': '0'}
[2024-06-20 20:50:36,374][root][INFO] - Added data to batch for client 0: {'round': 3, 'step_no': 120, 'loss': 0.236389622092247, 'accuracy': 0.8920454382896423, 'l2_norm': 0.4020107388496399, 'computation_time': 0.05085492134094238, 'batch_time': 0.054708701543859206, 'rtc_check_time': 0.002249700002721511, 'experiment_id': 'exp_20240620_204953', 'client_id': '0'}
[2024-06-20 20:50:36,375][root][INFO] - Added data to batch for client 0: {'round': 3, 'step_no': 121, 'loss': 0.41433584690093994, 'accuracy': 0.8926630616188049, 'l2_norm': 0.40746060013771057, 'computation_time': 0.04005098342895508, 'batch_time': 0.0545467852789443, 'rtc_check_time': 0.01340169899049215, 'experiment_id': 'exp_20240620_204953', 'client_id': '0'}
[2024-06-20 20:50:36,376][root][INFO] - Added data to batch for client 0: {'round': 3, 'step_no': 122, 'loss': 0.3430400788784027, 'accuracy': 0.8919270634651184, 'l2_norm': 0.44370362162590027, 'computation_time': 0.06099390983581543, 'batch_time': 0.06825815678166691, 'rtc_check_time': 0.0034691000037128106, 'experiment_id': 'exp_20240620_204953', 'client_id': '0'}
[2024-06-20 20:50:36,377][root][INFO] - Added data to batch for client 0: {'round': 3, 'step_no': 123, 'loss': 0.32908594608306885, 'accuracy': 0.8924999833106995, 'l2_norm': 0.45390260219573975, 'computation_time': 0.06045413017272949, 'batch_time': 0.06655481620691717, 'rtc_check_time': 0.003936799010261893, 'experiment_id': 'exp_20240620_204953', 'client_id': '0'}
[2024-06-20 20:50:36,378][root][INFO] - Added data to batch for client 0: {'round': 3, 'step_no': 124, 'loss': 0.3460075855255127, 'accuracy': 0.8930288553237915, 'l2_norm': 0.4859691560268402, 'computation_time': 0.054502010345458984, 'batch_time': 0.05706844214000739, 'rtc_check_time': 0.00141940001049079, 'experiment_id': 'exp_20240620_204953', 'client_id': '0'}
[2024-06-20 20:50:36,379][root][INFO] - Added data to batch for client 0: {'round': 3, 'step_no': 125, 'loss': 0.2044396549463272, 'accuracy': 0.8958333134651184, 'l2_norm': 0.5111991167068481, 'computation_time': 0.04841804504394531, 'batch_time': 0.05176823752117343, 'rtc_check_time': 0.0018142999906558543, 'experiment_id': 'exp_20240620_204953', 'client_id': '0'}
[2024-06-20 20:50:36,380][root][INFO] - Added data to batch for client 0: {'round': 3, 'step_no': 126, 'loss': 0.4136199355125427, 'accuracy': 0.8950892686843872, 'l2_norm': 0.522493302822113, 'computation_time': 0.04348897933959961, 'batch_time': 0.04855505427985918, 'rtc_check_time': 0.0038170000043464825, 'experiment_id': 'exp_20240620_204953', 'client_id': '0'}
[2024-06-20 20:50:36,381][root][INFO] - Added data to batch for client 0: {'round': 3, 'step_no': 127, 'loss': 0.6324253678321838, 'accuracy': 0.892241358757019, 'l2_norm': 0.5669893026351929, 'computation_time': 0.04312705993652344, 'batch_time': 0.045820847793947905, 'rtc_check_time': 0.0014737999881617725, 'experiment_id': 'exp_20240620_204953', 'client_id': '0'}
[2024-06-20 20:50:36,382][root][INFO] - Added data to batch for client 0: {'round': 3, 'step_no': 128, 'loss': 0.40438783168792725, 'accuracy': 0.893750011920929, 'l2_norm': 0.59001624584198, 'computation_time': 0.03917503356933594, 'batch_time': 0.044753214649972506, 'rtc_check_time': 0.004363200001535006, 'experiment_id': 'exp_20240620_204953', 'client_id': '0'}
[2024-06-20 20:50:36,383][root][INFO] - Added data to batch for client 0: {'round': 3, 'step_no': 129, 'loss': 0.3376612663269043, 'accuracy': 0.8941532373428345, 'l2_norm': 0.637265145778656, 'computation_time': 0.04138898849487305, 'batch_time': 0.045707641416811384, 'rtc_check_time': 0.003123699003481306, 'experiment_id': 'exp_20240620_204953', 'client_id': '0'}
[2024-06-20 20:50:36,384][root][INFO] - Added data to batch for client 0: {'round': 3, 'step_no': 130, 'loss': 0.30258041620254517, 'accuracy': 0.89453125, 'l2_norm': 0.6446456909179688, 'computation_time': 0.04295611381530762, 'batch_time': 0.049715214263414964, 'rtc_check_time': 0.005529098998522386, 'experiment_id': 'exp_20240620_204953', 'client_id': '0'}
[2024-06-20 20:50:36,386][root][INFO] - Added data to batch for client 0: {'round': 3, 'step_no': 131, 'loss': 0.37132543325424194, 'accuracy': 0.8929924368858337, 'l2_norm': 0.6833379864692688, 'computation_time': 0.045799970626831055, 'batch_time': 0.048368168107117526, 'rtc_check_time': 0.0014070990000618622, 'experiment_id': 'exp_20240620_204953', 'client_id': '0'}
[2024-06-20 20:50:36,387][root][INFO] - Added data to batch for client 0: {'round': 3, 'step_no': 132, 'loss': 0.4418584108352661, 'accuracy': 0.892463207244873, 'l2_norm': 0.7165182828903198, 'computation_time': 0.04214215278625488, 'batch_time': 0.04587863554479554, 'rtc_check_time': 0.0025308000040240586, 'experiment_id': 'exp_20240620_204953', 'client_id': '0'}
[2024-06-20 20:50:36,388][root][INFO] - Added data to batch for client 0: {'round': 3, 'step_no': 133, 'loss': 0.4558531641960144, 'accuracy': 0.8910714387893677, 'l2_norm': 0.7696439027786255, 'computation_time': 0.040873050689697266, 'batch_time': 0.04647636174922809, 'rtc_check_time': 0.004432198998983949, 'experiment_id': 'exp_20240620_204953', 'client_id': '0'}
[2024-06-20 20:50:36,389][root][INFO] - Added data to batch for client 0: {'round': 3, 'step_no': 134, 'loss': 0.5782827138900757, 'accuracy': 0.8897569179534912, 'l2_norm': 0.8192733526229858, 'computation_time': 0.04444003105163574, 'batch_time': 0.047274266253225505, 'rtc_check_time': 0.0014073000056669116, 'experiment_id': 'exp_20240620_204953', 'client_id': '0'}
[2024-06-20 20:50:36,390][root][INFO] - Added data to batch for client 0: {'round': 3, 'step_no': 135, 'loss': 0.523729681968689, 'accuracy': 0.8876689076423645, 'l2_norm': 0.8121917843818665, 'computation_time': 0.03957200050354004, 'batch_time': 0.0442695068923058, 'rtc_check_time': 0.003537600001436658, 'experiment_id': 'exp_20240620_204953', 'client_id': '0'}
[2024-06-20 20:50:36,391][root][INFO] - Added data to batch for client 0: {'round': 3, 'step_no': 136, 'loss': 0.3078638017177582, 'accuracy': 0.8898026347160339, 'l2_norm': 0.8188914656639099, 'computation_time': 0.037509918212890625, 'batch_time': 0.04323872842360288, 'rtc_check_time': 0.004632800002582371, 'experiment_id': 'exp_20240620_204953', 'client_id': '0'}
[2024-06-20 20:50:36,392][root][INFO] - Added data to batch for client 0: {'round': 3, 'step_no': 137, 'loss': 0.4120910167694092, 'accuracy': 0.8886218070983887, 'l2_norm': 0.8433215618133545, 'computation_time': 0.03956413269042969, 'batch_time': 0.0435843003942864, 'rtc_check_time': 0.0027791989996330813, 'experiment_id': 'exp_20240620_204953', 'client_id': '0'}
[2024-06-20 20:50:36,393][root][INFO] - Added data to batch for client 0: {'round': 3, 'step_no': 138, 'loss': 0.2775822877883911, 'accuracy': 0.889843761920929, 'l2_norm': 0.8662059903144836, 'computation_time': 0.04158306121826172, 'batch_time': 0.044412919305614196, 'rtc_check_time': 0.0015299999940907583, 'experiment_id': 'exp_20240620_204953', 'client_id': '0'}
[2024-06-20 20:50:36,394][root][INFO] - Added data to batch for client 0: {'round': 3, 'step_no': 139, 'loss': 0.5882928371429443, 'accuracy': 0.886432945728302, 'l2_norm': 0.9265719056129456, 'computation_time': 0.040997982025146484, 'batch_time': 0.044832409417722374, 'rtc_check_time': 0.0026203999877907336, 'experiment_id': 'exp_20240620_204953', 'client_id': '0'}
[2024-06-20 20:50:36,395][root][INFO] - Added data to batch for client 0: {'round': 3, 'step_no': 140, 'loss': 0.5297397971153259, 'accuracy': 0.8854166865348816, 'l2_norm': 0.9239384531974792, 'computation_time': 0.04488015174865723, 'batch_time': 0.04897122069087345, 'rtc_check_time': 0.0024671999999554828, 'experiment_id': 'exp_20240620_204953', 'client_id': '0'}
[2024-06-20 20:50:36,396][root][INFO] - Added data to batch for client 0: {'round': 3, 'step_no': 141, 'loss': 0.24923807382583618, 'accuracy': 0.8866279125213623, 'l2_norm': 0.9473341107368469, 'computation_time': 0.04062390327453613, 'batch_time': 0.04397653506021015, 'rtc_check_time': 0.0022056000016164035, 'experiment_id': 'exp_20240620_204953', 'client_id': '0'}
[2024-06-20 20:50:36,397][root][INFO] - Added data to batch for client 0: {'round': 3, 'step_no': 142, 'loss': 0.34187546372413635, 'accuracy': 0.8877840638160706, 'l2_norm': 0.9784184694290161, 'computation_time': 0.045046091079711914, 'batch_time': 0.053590306313708425, 'rtc_check_time': 0.007268198998644948, 'experiment_id': 'exp_20240620_204953', 'client_id': '0'}
[2024-06-20 20:50:36,398][root][INFO] - Added data to batch for client 0: {'round': 3, 'step_no': 143, 'loss': 0.22741661965847015, 'accuracy': 0.8895833492279053, 'l2_norm': 1.0049967765808105, 'computation_time': 0.04246211051940918, 'batch_time': 0.05631245387485251, 'rtc_check_time': 0.012693297991063446, 'experiment_id': 'exp_20240620_204953', 'client_id': '0'}
[2024-06-20 20:50:36,399][root][INFO] - Added data to batch for client 0: {'round': 3, 'step_no': 144, 'loss': 0.24964499473571777, 'accuracy': 0.8899456262588501, 'l2_norm': 1.022889256477356, 'computation_time': 0.04100394248962402, 'batch_time': 0.045098879098077305, 'rtc_check_time': 0.0028039000026183203, 'experiment_id': 'exp_20240620_204953', 'client_id': '0'}
[2024-06-20 20:50:36,400][root][INFO] - Added data to batch for client 0: {'round': 3, 'step_no': 145, 'loss': 0.5173038840293884, 'accuracy': 0.8889627456665039, 'l2_norm': 1.0629019737243652, 'computation_time': 0.04129290580749512, 'batch_time': 0.04421191193978302, 'rtc_check_time': 0.0016777990094851702, 'experiment_id': 'exp_20240620_204953', 'client_id': '0'}
[2024-06-20 20:50:36,401][root][INFO] - Added data to batch for client 0: {'round': 3, 'step_no': 146, 'loss': 0.09808997064828873, 'accuracy': 0.8912760615348816, 'l2_norm': 1.0758936405181885, 'computation_time': 0.038990020751953125, 'batch_time': 0.04419135767966509, 'rtc_check_time': 0.00408839900046587, 'experiment_id': 'exp_20240620_204953', 'client_id': '0'}
[2024-06-20 20:50:36,402][root][INFO] - Added data to batch for client 0: {'round': 3, 'step_no': 147, 'loss': 0.3321470618247986, 'accuracy': 0.891581654548645, 'l2_norm': 1.081431269645691, 'computation_time': 0.04178810119628906, 'batch_time': 0.045025505271041766, 'rtc_check_time': 0.002107300009811297, 'experiment_id': 'exp_20240620_204953', 'client_id': '0'}
[2024-06-20 20:50:36,403][root][INFO] - Added data to batch for client 0: {'round': 3, 'step_no': 148, 'loss': 0.23203259706497192, 'accuracy': 0.8918750286102295, 'l2_norm': 1.1316992044448853, 'computation_time': 0.042717933654785156, 'batch_time': 0.04770726905553602, 'rtc_check_time': 0.0037343000003602356, 'experiment_id': 'exp_20240620_204953', 'client_id': '0'}
[2024-06-20 20:50:36,404][root][INFO] - Added data to batch for client 0: {'round': 3, 'step_no': 149, 'loss': 0.1464940309524536, 'accuracy': 0.8933823704719543, 'l2_norm': 1.147853970527649, 'computation_time': 0.04345202445983887, 'batch_time': 0.04910797665070277, 'rtc_check_time': 0.0031279999966500327, 'experiment_id': 'exp_20240620_204953', 'client_id': '0'}
[2024-06-20 20:50:36,405][root][INFO] - Added data to batch for client 0: {'round': 3, 'step_no': 150, 'loss': 0.25241968035697937, 'accuracy': 0.8930288553237915, 'l2_norm': 1.1628590822219849, 'computation_time': 0.05419182777404785, 'batch_time': 0.057332312120706774, 'rtc_check_time': 0.0019863000052282587, 'experiment_id': 'exp_20240620_204953', 'client_id': '0'}
[2024-06-20 20:50:36,406][root][INFO] - Added data to batch for client 0: {'round': 3, 'step_no': 151, 'loss': 0.3021523356437683, 'accuracy': 0.8932783007621765, 'l2_norm': 1.1858516931533813, 'computation_time': 0.05104207992553711, 'batch_time': 0.05400083494896535, 'rtc_check_time': 0.0017699999880278483, 'experiment_id': 'exp_20240620_204953', 'client_id': '0'}
[2024-06-20 20:50:36,407][root][INFO] - Added data to batch for client 0: {'round': 3, 'step_no': 152, 'loss': 0.25613003969192505, 'accuracy': 0.8935185074806213, 'l2_norm': 1.239251971244812, 'computation_time': 0.042996883392333984, 'batch_time': 0.0465046146127861, 'rtc_check_time': 0.0023575999948661774, 'experiment_id': 'exp_20240620_204953', 'client_id': '0'}
[2024-06-20 20:50:36,408][root][INFO] - Added data to batch for client 0: {'round': 3, 'step_no': 153, 'loss': 0.3663986325263977, 'accuracy': 0.8926136493682861, 'l2_norm': 1.23677396774292, 'computation_time': 0.04081583023071289, 'batch_time': 0.04640682434546761, 'rtc_check_time': 0.004362900013802573, 'experiment_id': 'exp_20240620_204953', 'client_id': '0'}
[2024-06-20 20:50:36,409][root][INFO] - Added data to batch for client 0: {'round': 3, 'step_no': 154, 'loss': 0.17785009741783142, 'accuracy': 0.8934151530265808, 'l2_norm': 1.2666575908660889, 'computation_time': 0.04396414756774902, 'batch_time': 0.049647635358269326, 'rtc_check_time': 0.004505700009758584, 'experiment_id': 'exp_20240620_204953', 'client_id': '0'}
[2024-06-20 20:50:36,410][root][INFO] - Added data to batch for client 0: {'round': 3, 'step_no': 155, 'loss': 0.2863226532936096, 'accuracy': 0.8930920958518982, 'l2_norm': 1.344348430633545, 'computation_time': 0.0458521842956543, 'batch_time': 0.04848020657664165, 'rtc_check_time': 0.0014282999909482896, 'experiment_id': 'exp_20240620_204953', 'client_id': '0'}
[2024-06-20 20:50:36,411][root][INFO] - Added data to batch for client 0: {'round': 3, 'step_no': 156, 'loss': 0.222381129860878, 'accuracy': 0.8938577771186829, 'l2_norm': 1.3739334344863892, 'computation_time': 0.046256065368652344, 'batch_time': 0.04903190142067615, 'rtc_check_time': 0.0014817000046605244, 'experiment_id': 'exp_20240620_204953', 'client_id': '0'}
[2024-06-20 20:50:36,412][root][INFO] - Added data to batch for client 0: {'round': 3, 'step_no': 157, 'loss': 0.23174326121807098, 'accuracy': 0.8951271176338196, 'l2_norm': 1.4169328212738037, 'computation_time': 0.04357099533081055, 'batch_time': 0.04659674431604799, 'rtc_check_time': 0.0017607000045245513, 'experiment_id': 'exp_20240620_204953', 'client_id': '0'}
[2024-06-20 20:50:36,413][root][INFO] - Added data to batch for client 0: {'round': 3, 'step_no': 158, 'loss': 0.3492393493652344, 'accuracy': 0.8958333134651184, 'l2_norm': 1.453778862953186, 'computation_time': 0.04185009002685547, 'batch_time': 0.04616890561010223, 'rtc_check_time': 0.003081899994867854, 'experiment_id': 'exp_20240620_204953', 'client_id': '0'}
[2024-06-20 20:50:36,414][root][INFO] - Added data to batch for client 0: {'round': 3, 'step_no': 159, 'loss': 0.5685603022575378, 'accuracy': 0.8934426307678223, 'l2_norm': 1.5247188806533813, 'computation_time': 0.038912057876586914, 'batch_time': 0.043464186252094805, 'rtc_check_time': 0.003477099002338946, 'experiment_id': 'exp_20240620_204953', 'client_id': '0'}
[2024-06-20 20:50:36,415][root][INFO] - Added data to batch for client 0: {'round': 3, 'step_no': 160, 'loss': 0.29570579528808594, 'accuracy': 0.8936492204666138, 'l2_norm': 1.5734190940856934, 'computation_time': 0.04324197769165039, 'batch_time': 0.049453689440269955, 'rtc_check_time': 0.004446699007530697, 'experiment_id': 'exp_20240620_204953', 'client_id': '0'}
[2024-06-20 20:50:36,416][root][INFO] - Added data to batch for client 0: {'round': 3, 'step_no': 161, 'loss': 0.17581002414226532, 'accuracy': 0.8948412537574768, 'l2_norm': 1.6201918125152588, 'computation_time': 0.0449528694152832, 'batch_time': 0.048901577945798635, 'rtc_check_time': 0.002635498996824026, 'experiment_id': 'exp_20240620_204953', 'client_id': '0'}
[2024-06-20 20:50:36,417][root][INFO] - Added data to batch for client 0: {'round': 3, 'step_no': 162, 'loss': 0.23429705202579498, 'accuracy': 0.89599609375, 'l2_norm': 1.6456189155578613, 'computation_time': 0.0479738712310791, 'batch_time': 0.051334213829250075, 'rtc_check_time': 0.002236198997707106, 'experiment_id': 'exp_20240620_204953', 'client_id': '0'}
[2024-06-20 20:50:36,418][root][INFO] - Added data to batch for client 0: {'round': 3, 'step_no': 163, 'loss': 0.22259247303009033, 'accuracy': 0.8961538672447205, 'l2_norm': 1.6491233110427856, 'computation_time': 0.0448298454284668, 'batch_time': 0.04833790272823535, 'rtc_check_time': 0.0017768999969121069, 'experiment_id': 'exp_20240620_204953', 'client_id': '0'}
[2024-06-20 20:50:36,419][root][INFO] - Added data to batch for client 0: {'round': 3, 'step_no': 164, 'loss': 0.2848309874534607, 'accuracy': 0.8967803120613098, 'l2_norm': 1.663215160369873, 'computation_time': 0.04550313949584961, 'batch_time': 0.055109853768954054, 'rtc_check_time': 0.007983799005160108, 'experiment_id': 'exp_20240620_204953', 'client_id': '0'}
[2024-06-20 20:50:36,420][root][INFO] - Added data to batch for client 0: {'round': 3, 'step_no': 165, 'loss': 0.3093889355659485, 'accuracy': 0.8959888219833374, 'l2_norm': 1.7608526945114136, 'computation_time': 0.04008817672729492, 'batch_time': 0.043802111482364126, 'rtc_check_time': 0.002498000001651235, 'experiment_id': 'exp_20240620_204953', 'client_id': '0'}
[2024-06-20 20:50:36,421][root][INFO] - Added data to batch for client 0: {'round': 3, 'step_no': 166, 'loss': 0.31200236082077026, 'accuracy': 0.896599292755127, 'l2_norm': 1.7969298362731934, 'computation_time': 0.04562687873840332, 'batch_time': 0.050632951155421324, 'rtc_check_time': 0.0036149000079603866, 'experiment_id': 'exp_20240620_204953', 'client_id': '0'}
[2024-06-20 20:50:36,422][root][INFO] - Added data to batch for client 0: {'round': 3, 'step_no': 167, 'loss': 0.20225867629051208, 'accuracy': 0.8971920013427734, 'l2_norm': 1.8066561222076416, 'computation_time': 0.0504298210144043, 'batch_time': 0.05644743131415453, 'rtc_check_time': 0.004671499002142809, 'experiment_id': 'exp_20240620_204953', 'client_id': '0'}
[2024-06-20 20:50:36,423][root][INFO] - Added data to batch for client 0: {'round': 3, 'step_no': 168, 'loss': 0.2655807435512543, 'accuracy': 0.8973214030265808, 'l2_norm': 1.8429101705551147, 'computation_time': 0.05178093910217285, 'batch_time': 0.057911908224923536, 'rtc_check_time': 0.004214799002511427, 'experiment_id': 'exp_20240620_204953', 'client_id': '0'}
[2024-06-20 20:50:36,424][root][INFO] - Added data to batch for client 0: {'round': 3, 'step_no': 169, 'loss': 0.1301971971988678, 'accuracy': 0.8983274698257446, 'l2_norm': 1.8498519659042358, 'computation_time': 0.05181312561035156, 'batch_time': 0.0552711615600856, 'rtc_check_time': 0.002206099990871735, 'experiment_id': 'exp_20240620_204953', 'client_id': '0'}
[2024-06-20 20:50:36,425][root][INFO] - Added data to batch for client 0: {'round': 3, 'step_no': 170, 'loss': 0.20937301218509674, 'accuracy': 0.8984375, 'l2_norm': 1.9056025743484497, 'computation_time': 0.04677391052246094, 'batch_time': 0.05777924407448154, 'rtc_check_time': 0.008806398996966891, 'experiment_id': 'exp_20240620_204953', 'client_id': '0'}
[2024-06-20 20:50:36,426][root][INFO] - Added data to batch for client 0: {'round': 3, 'step_no': 171, 'loss': 0.18939337134361267, 'accuracy': 0.8998287916183472, 'l2_norm': 1.9139257669448853, 'computation_time': 0.0500788688659668, 'batch_time': 0.05273149329877924, 'rtc_check_time': 0.0015074999973876402, 'experiment_id': 'exp_20240620_204953', 'client_id': '0'}
[2024-06-20 20:50:36,427][root][INFO] - Added data to batch for client 0: {'round': 3, 'step_no': 172, 'loss': 0.43941864371299744, 'accuracy': 0.8990709185600281, 'l2_norm': 2.018660306930542, 'computation_time': 0.04299497604370117, 'batch_time': 0.04565463859762531, 'rtc_check_time': 0.0013845999928889796, 'experiment_id': 'exp_20240620_204953', 'client_id': '0'}
[2024-06-20 20:50:36,428][root][INFO] - Added data to batch for client 0: {'round': 3, 'step_no': 173, 'loss': 0.27634286880493164, 'accuracy': 0.8991666436195374, 'l2_norm': 2.0959911346435547, 'computation_time': 0.042810916900634766, 'batch_time': 0.04671415110351518, 'rtc_check_time': 0.0024762990069575608, 'experiment_id': 'exp_20240620_204953', 'client_id': '0'}
[2024-06-20 20:50:36,429][root][INFO] - Added data to batch for client 0: {'round': 3, 'step_no': 174, 'loss': 0.2808048129081726, 'accuracy': 0.8992598652839661, 'l2_norm': 2.117217540740967, 'computation_time': 0.05053997039794922, 'batch_time': 0.05387160644750111, 'rtc_check_time': 0.002037500002188608, 'experiment_id': 'exp_20240620_204953', 'client_id': '0'}
[2024-06-20 20:50:36,430][root][INFO] - Added data to batch for client 0: {'round': 3, 'step_no': 175, 'loss': 0.2827991247177124, 'accuracy': 0.899350643157959, 'l2_norm': 2.1380717754364014, 'computation_time': 0.04386711120605469, 'batch_time': 0.049532719553099014, 'rtc_check_time': 0.004436798990354873, 'experiment_id': 'exp_20240620_204953', 'client_id': '0'}
[2024-06-20 20:50:36,431][root][INFO] - Added data to batch for client 0: {'round': 3, 'step_no': 176, 'loss': 0.2645074725151062, 'accuracy': 0.8994390964508057, 'l2_norm': 2.150658369064331, 'computation_time': 0.04345893859863281, 'batch_time': 0.04937017934571486, 'rtc_check_time': 0.004862198999035172, 'experiment_id': 'exp_20240620_204953', 'client_id': '0'}
[2024-06-20 20:50:36,432][root][INFO] - Added data to batch for client 0: {'round': 3, 'step_no': 177, 'loss': 0.1955951452255249, 'accuracy': 0.8995253443717957, 'l2_norm': 2.1712112426757812, 'computation_time': 0.03937506675720215, 'batch_time': 0.04365412943297997, 'rtc_check_time': 0.0032180999987758696, 'experiment_id': 'exp_20240620_204953', 'client_id': '0'}
[2024-06-20 20:50:36,433][root][INFO] - Added data to batch for client 0: {'round': 3, 'step_no': 178, 'loss': 0.2297489196062088, 'accuracy': 0.899609386920929, 'l2_norm': 2.2231597900390625, 'computation_time': 0.03915691375732422, 'batch_time': 0.043096086839796044, 'rtc_check_time': 0.0027651999989757314, 'experiment_id': 'exp_20240620_204953', 'client_id': '0'}
[2024-06-20 20:50:36,434][root][INFO] - Added data to batch for client 0: {'round': 3, 'step_no': 179, 'loss': 0.2336343228816986, 'accuracy': 0.9000771641731262, 'l2_norm': 2.2443575859069824, 'computation_time': 0.043354034423828125, 'batch_time': 0.046208952422603033, 'rtc_check_time': 0.0015459999995073304, 'experiment_id': 'exp_20240620_204953', 'client_id': '0'}
[2024-06-20 20:50:36,435][root][INFO] - Added data to batch for client 0: {'round': 3, 'step_no': 180, 'loss': 0.21464106440544128, 'accuracy': 0.9005335569381714, 'l2_norm': 2.2492244243621826, 'computation_time': 0.046392202377319336, 'batch_time': 0.051821763001498766, 'rtc_check_time': 0.004271800004062243, 'experiment_id': 'exp_20240620_204953', 'client_id': '0'}
[2024-06-20 20:50:36,436][root][INFO] - Added data to batch for client 0: {'round': 3, 'step_no': 181, 'loss': 0.4618380069732666, 'accuracy': 0.8990963697433472, 'l2_norm': 2.3498282432556152, 'computation_time': 0.04347491264343262, 'batch_time': 0.04658378384192474, 'rtc_check_time': 0.0017536999948788434, 'experiment_id': 'exp_20240620_204953', 'client_id': '0'}
[2024-06-20 20:50:36,437][root][INFO] - Added data to batch for client 0: {'round': 3, 'step_no': 182, 'loss': 0.19566887617111206, 'accuracy': 0.8999255895614624, 'l2_norm': 2.3577880859375, 'computation_time': 0.04460000991821289, 'batch_time': 0.04793003985832911, 'rtc_check_time': 0.0022581000084755942, 'experiment_id': 'exp_20240620_204953', 'client_id': '0'}
[2024-06-20 20:50:36,439][root][INFO] - Added data to batch for client 0: {'round': 3, 'step_no': 183, 'loss': 0.25995099544525146, 'accuracy': 0.8999999761581421, 'l2_norm': 2.4414258003234863, 'computation_time': 0.03990507125854492, 'batch_time': 0.04425777948927134, 'rtc_check_time': 0.003117699990980327, 'experiment_id': 'exp_20240620_204953', 'client_id': '0'}
[2024-06-20 20:50:36,440][root][INFO] - Added data to batch for client 0: {'round': 3, 'step_no': 184, 'loss': 0.6170065402984619, 'accuracy': 0.898982584476471, 'l2_norm': 2.4582934379577637, 'computation_time': 0.039843082427978516, 'batch_time': 0.0450423592410516, 'rtc_check_time': 0.003923498996300623, 'experiment_id': 'exp_20240620_204953', 'client_id': '0'}
[2024-06-20 20:50:36,441][root][INFO] - Added data to batch for client 0: {'round': 3, 'step_no': 185, 'loss': 0.13242566585540771, 'accuracy': 0.899784505367279, 'l2_norm': 2.474365234375, 'computation_time': 0.04193305969238281, 'batch_time': 0.04833045085251797, 'rtc_check_time': 0.004683399994974025, 'experiment_id': 'exp_20240620_204953', 'client_id': '0'}
[2024-06-20 20:50:36,442][root][INFO] - Added data to batch for client 0: {'round': 3, 'step_no': 186, 'loss': 0.09992653876543045, 'accuracy': 0.9009233117103577, 'l2_norm': 2.494800567626953, 'computation_time': 0.040567874908447266, 'batch_time': 0.04514748399378732, 'rtc_check_time': 0.0034773999941535294, 'experiment_id': 'exp_20240620_204953', 'client_id': '0'}
[2024-06-20 20:50:36,443][root][INFO] - Added data to batch for client 0: {'round': 3, 'step_no': 187, 'loss': 0.11675406247377396, 'accuracy': 0.9020364880561829, 'l2_norm': 2.5183393955230713, 'computation_time': 0.04213094711303711, 'batch_time': 0.04591105862346012, 'rtc_check_time': 0.0026059000083478168, 'experiment_id': 'exp_20240620_204953', 'client_id': '0'}
[2024-06-20 20:50:36,444][root][INFO] - Added data to batch for client 0: {'round': 3, 'step_no': 188, 'loss': 0.188807874917984, 'accuracy': 0.902430534362793, 'l2_norm': 2.5289554595947266, 'computation_time': 0.047410011291503906, 'batch_time': 0.05169377077254467, 'rtc_check_time': 0.0026555990043561906, 'experiment_id': 'exp_20240620_204953', 'client_id': '0'}
[2024-06-20 20:50:36,445][root][INFO] - Added data to batch for client 0: {'round': 3, 'step_no': 189, 'loss': 0.4415292739868164, 'accuracy': 0.9024725556373596, 'l2_norm': 2.600198745727539, 'computation_time': 0.04267120361328125, 'batch_time': 0.04640964005375281, 'rtc_check_time': 0.002531800011638552, 'experiment_id': 'exp_20240620_204953', 'client_id': '0'}
[2024-06-20 20:50:36,446][root][INFO] - Added data to batch for client 0: {'round': 3, 'step_no': 190, 'loss': 0.24244555830955505, 'accuracy': 0.9021739363670349, 'l2_norm': 2.6197195053100586, 'computation_time': 0.04234004020690918, 'batch_time': 0.04822997002338525, 'rtc_check_time': 0.004603900000802241, 'experiment_id': 'exp_20240620_204953', 'client_id': '0'}
[2024-06-20 20:50:36,447][root][INFO] - Added data to batch for client 0: {'round': 3, 'step_no': 191, 'loss': 0.23599912226200104, 'accuracy': 0.9022177457809448, 'l2_norm': 2.686614751815796, 'computation_time': 0.04307985305786133, 'batch_time': 0.046917969375499524, 'rtc_check_time': 0.002519899993785657, 'experiment_id': 'exp_20240620_204953', 'client_id': '0'}
[2024-06-20 20:50:36,448][root][INFO] - Added data to batch for client 0: {'round': 3, 'step_no': 192, 'loss': 0.28947657346725464, 'accuracy': 0.9015957713127136, 'l2_norm': 2.7153067588806152, 'computation_time': 0.044934988021850586, 'batch_time': 0.05054900885443203, 'rtc_check_time': 0.004368999012513086, 'experiment_id': 'exp_20240620_204953', 'client_id': '0'}
[2024-06-20 20:50:36,449][root][INFO] - Added data to batch for client 0: {'round': 3, 'step_no': 193, 'loss': 0.7905480861663818, 'accuracy': 0.9006578922271729, 'l2_norm': 2.8070647716522217, 'computation_time': 0.04597616195678711, 'batch_time': 0.04972693287709262, 'rtc_check_time': 0.0022659000096609816, 'experiment_id': 'exp_20240620_204953', 'client_id': '0'}
[2024-06-20 20:50:36,450][root][INFO] - Added data to batch for client 0: {'round': 3, 'step_no': 194, 'loss': 0.5940711498260498, 'accuracy': 0.8997395634651184, 'l2_norm': 2.8790745735168457, 'computation_time': 0.044486045837402344, 'batch_time': 0.05213210731744766, 'rtc_check_time': 0.006413199007511139, 'experiment_id': 'exp_20240620_204953', 'client_id': '0'}
[2024-06-20 20:50:36,451][root][INFO] - Added data to batch for client 0: {'round': 3, 'step_no': 195, 'loss': 0.1596384197473526, 'accuracy': 0.8998066782951355, 'l2_norm': 2.883999824523926, 'computation_time': 0.04073309898376465, 'batch_time': 0.044778179420973174, 'rtc_check_time': 0.0028692000050796196, 'experiment_id': 'exp_20240620_204953', 'client_id': '0'}
[2024-06-20 20:50:36,452][root][INFO] - Added data to batch for client 0: {'round': 3, 'step_no': 196, 'loss': 0.12726598978042603, 'accuracy': 0.9001913070678711, 'l2_norm': 2.9119484424591064, 'computation_time': 0.03855609893798828, 'batch_time': 0.04222747596213594, 'rtc_check_time': 0.002567499002907425, 'experiment_id': 'exp_20240620_204953', 'client_id': '0'}
[2024-06-20 20:50:36,453][root][INFO] - Added data to batch for client 0: {'round': 3, 'step_no': 197, 'loss': 0.20327997207641602, 'accuracy': 0.9005681872367859, 'l2_norm': 2.9651525020599365, 'computation_time': 0.042504072189331055, 'batch_time': 0.04561238999303896, 'rtc_check_time': 0.0016275000089081004, 'experiment_id': 'exp_20240620_204953', 'client_id': '0'}
[2024-06-20 20:50:36,454][root][INFO] - Added data to batch for client 0: {'round': 3, 'step_no': 198, 'loss': 0.16913287341594696, 'accuracy': 0.9012500047683716, 'l2_norm': 2.9922523498535156, 'computation_time': 0.04707193374633789, 'batch_time': 0.04997349808400031, 'rtc_check_time': 0.0015936000127112493, 'experiment_id': 'exp_20240620_204953', 'client_id': '0'}
[2024-06-20 20:50:36,455][root][INFO] - Added data to batch for client 0: {'round': 3, 'step_no': 199, 'loss': 0.41371989250183105, 'accuracy': 0.9003713130950928, 'l2_norm': 3.053171157836914, 'computation_time': 0.0446019172668457, 'batch_time': 0.05747019304544665, 'rtc_check_time': 0.011544098990270868, 'experiment_id': 'exp_20240620_204953', 'client_id': '0'}
[2024-06-20 20:50:36,456][root][INFO] - Added data to batch for client 0: {'round': 3, 'step_no': 200, 'loss': 0.1639689803123474, 'accuracy': 0.9004289507865906, 'l2_norm': 3.0863897800445557, 'computation_time': 0.04637908935546875, 'batch_time': 0.051292448333697394, 'rtc_check_time': 0.003191499999957159, 'experiment_id': 'exp_20240620_204953', 'client_id': '0'}
[2024-06-20 20:50:36,457][root][INFO] - Added data to batch for client 0: {'round': 3, 'step_no': 201, 'loss': 0.05806208401918411, 'accuracy': 0.9013956189155579, 'l2_norm': 3.111366033554077, 'computation_time': 0.0386500358581543, 'batch_time': 0.04304911212238949, 'rtc_check_time': 0.0033281000069109723, 'experiment_id': 'exp_20240620_204953', 'client_id': '0'}
[2024-06-20 20:50:36,458][root][INFO] - Added data to batch for client 0: {'round': 3, 'step_no': 202, 'loss': 0.19888503849506378, 'accuracy': 0.9020432829856873, 'l2_norm': 3.1445343494415283, 'computation_time': 0.04116415977478027, 'batch_time': 0.04608194426691625, 'rtc_check_time': 0.0034229000011691824, 'experiment_id': 'exp_20240620_204953', 'client_id': '0'}
[2024-06-20 20:50:36,459][root][INFO] - Added data to batch for client 0: {'round': 3, 'step_no': 203, 'loss': 0.3388715386390686, 'accuracy': 0.9026785492897034, 'l2_norm': 3.1658694744110107, 'computation_time': 0.04308795928955078, 'batch_time': 0.04584790946682915, 'rtc_check_time': 0.001458899991121143, 'experiment_id': 'exp_20240620_204953', 'client_id': '0'}
[2024-06-20 20:50:36,460][root][INFO] - Added data to batch for client 0: {'round': 3, 'step_no': 204, 'loss': 0.4201160669326782, 'accuracy': 0.9027122855186462, 'l2_norm': 3.240443229675293, 'computation_time': 0.04074978828430176, 'batch_time': 0.04759472694422584, 'rtc_check_time': 0.005650699997204356, 'experiment_id': 'exp_20240620_204953', 'client_id': '0'}
[2024-06-20 20:50:36,461][root][INFO] - Added data to batch for client 0: {'round': 3, 'step_no': 205, 'loss': 0.15523436665534973, 'accuracy': 0.9033294320106506, 'l2_norm': 3.253145217895508, 'computation_time': 0.04043388366699219, 'batch_time': 0.04678810895711649, 'rtc_check_time': 0.005133999002282508, 'experiment_id': 'exp_20240620_204953', 'client_id': '0'}
[2024-06-20 20:50:36,462][root][INFO] - Added data to batch for client 0: {'round': 3, 'step_no': 206, 'loss': 0.3192121088504791, 'accuracy': 0.9036458134651184, 'l2_norm': 3.334839344024658, 'computation_time': 0.03921198844909668, 'batch_time': 0.041762203691178, 'rtc_check_time': 0.0014821000077063218, 'experiment_id': 'exp_20240620_204953', 'client_id': '0'}
[2024-06-20 20:50:36,463][root][INFO] - Added data to batch for client 0: {'round': 3, 'step_no': 207, 'loss': 0.14574870467185974, 'accuracy': 0.9042431116104126, 'l2_norm': 3.356635570526123, 'computation_time': 0.04049396514892578, 'batch_time': 0.04473474064434413, 'rtc_check_time': 0.002994800001033582, 'experiment_id': 'exp_20240620_204953', 'client_id': '0'}
[2024-06-20 20:50:36,464][root][INFO] - Added data to batch for client 0: {'round': 3, 'step_no': 208, 'loss': 0.20925632119178772, 'accuracy': 0.9048295617103577, 'l2_norm': 3.408963680267334, 'computation_time': 0.039826154708862305, 'batch_time': 0.0434402117098216, 'rtc_check_time': 0.0025642999971751124, 'experiment_id': 'exp_20240620_204953', 'client_id': '0'}
[2024-06-20 20:50:36,465][root][INFO] - Added data to batch for client 0: {'round': 3, 'step_no': 209, 'loss': 0.5289958715438843, 'accuracy': 0.9039977192878723, 'l2_norm': 3.5074470043182373, 'computation_time': 0.04059791564941406, 'batch_time': 0.0446728183014784, 'rtc_check_time': 0.0028088999970350415, 'experiment_id': 'exp_20240620_204953', 'client_id': '0'}
[2024-06-20 20:50:36,466][root][INFO] - Added data to batch for client 0: {'round': 3, 'step_no': 210, 'loss': 0.38848042488098145, 'accuracy': 0.9037388563156128, 'l2_norm': 3.5693612098693848, 'computation_time': 0.043496131896972656, 'batch_time': 0.05025361156731378, 'rtc_check_time': 0.0054066000011516735, 'experiment_id': 'exp_20240620_204953', 'client_id': '0'}
[2024-06-20 20:50:36,468][root][INFO] - Added data to batch for client 0: {'round': 3, 'step_no': 211, 'loss': 0.31930965185165405, 'accuracy': 0.9034845232963562, 'l2_norm': 3.6618669033050537, 'computation_time': 0.0479588508605957, 'batch_time': 0.05089928196684923, 'rtc_check_time': 0.0015761999966343865, 'experiment_id': 'exp_20240620_204953', 'client_id': '0'}
[2024-06-20 20:50:36,469][root][INFO] - Added data to batch for client 0: {'round': 3, 'step_no': 212, 'loss': 0.35503900051116943, 'accuracy': 0.9032346606254578, 'l2_norm': 3.7778429985046387, 'computation_time': 0.04754304885864258, 'batch_time': 0.050973691046237946, 'rtc_check_time': 0.001962698996067047, 'experiment_id': 'exp_20240620_204953', 'client_id': '0'}
[2024-06-20 20:50:36,470][root][INFO] - Added data to batch for client 0: {'round': 3, 'step_no': 213, 'loss': 0.45274579524993896, 'accuracy': 0.9029891490936279, 'l2_norm': 3.8265368938446045, 'computation_time': 0.05504107475280762, 'batch_time': 0.05865114631887991, 'rtc_check_time': 0.002086100008455105, 'experiment_id': 'exp_20240620_204953', 'client_id': '0'}
[2024-06-20 20:50:36,471][root][INFO] - Added data to batch for client 0: {'round': 3, 'step_no': 214, 'loss': 0.2719956040382385, 'accuracy': 0.9027478694915771, 'l2_norm': 3.86367130279541, 'computation_time': 0.057229042053222656, 'batch_time': 0.06180286507878918, 'rtc_check_time': 0.0032928000000538304, 'experiment_id': 'exp_20240620_204953', 'client_id': '0'}
[2024-06-20 20:50:36,472][root][INFO] - Added data to batch for client 0: {'round': 3, 'step_no': 215, 'loss': 0.19763389229774475, 'accuracy': 0.9030448794364929, 'l2_norm': 3.8781256675720215, 'computation_time': 0.04681587219238281, 'batch_time': 0.05146364371466916, 'rtc_check_time': 0.003470698997261934, 'experiment_id': 'exp_20240620_204953', 'client_id': '0'}
[2024-06-20 20:50:36,473][root][INFO] - Added data to batch for client 0: {'round': 3, 'step_no': 216, 'loss': 0.18059581518173218, 'accuracy': 0.9033368825912476, 'l2_norm': 3.892843008041382, 'computation_time': 0.04169201850891113, 'batch_time': 0.04499939038942102, 'rtc_check_time': 0.002169400002458133, 'experiment_id': 'exp_20240620_204953', 'client_id': '0'}
[2024-06-20 20:50:36,474][root][INFO] - Added data to batch for client 0: {'round': 3, 'step_no': 217, 'loss': 0.18005022406578064, 'accuracy': 0.9038865566253662, 'l2_norm': 3.9126830101013184, 'computation_time': 0.03979802131652832, 'batch_time': 0.04378510799142532, 'rtc_check_time': 0.002803100011078641, 'experiment_id': 'exp_20240620_204953', 'client_id': '0'}
[2024-06-20 20:50:36,475][root][INFO] - Added data to batch for client 0: {'round': 3, 'step_no': 218, 'loss': 0.12010708451271057, 'accuracy': 0.9044271111488342, 'l2_norm': 3.934593439102173, 'computation_time': 0.038906097412109375, 'batch_time': 0.04219411517260596, 'rtc_check_time': 0.0021540989982895553, 'experiment_id': 'exp_20240620_204953', 'client_id': '0'}
[2024-06-20 20:50:36,476][root][INFO] - Added data to batch for client 0: {'round': 3, 'step_no': 219, 'loss': 0.10687766224145889, 'accuracy': 0.9049586653709412, 'l2_norm': 3.986731767654419, 'computation_time': 0.0404200553894043, 'batch_time': 0.04606888828857336, 'rtc_check_time': 0.0045079999981680885, 'experiment_id': 'exp_20240620_204953', 'client_id': '0'}
[2024-06-20 20:50:36,477][root][INFO] - Added data to batch for client 0: {'round': 3, 'step_no': 220, 'loss': 0.17825841903686523, 'accuracy': 0.9049692749977112, 'l2_norm': 4.0738983154296875, 'computation_time': 0.04213905334472656, 'batch_time': 0.04530534820514731, 'rtc_check_time': 0.002113199996529147, 'experiment_id': 'exp_20240620_204953', 'client_id': '0'}
[2024-06-20 20:50:36,478][root][INFO] - Added data to batch for client 0: {'round': 3, 'step_no': 221, 'loss': 0.08506350219249725, 'accuracy': 0.9057418704032898, 'l2_norm': 4.094196319580078, 'computation_time': 0.04015684127807617, 'batch_time': 0.045067371291224845, 'rtc_check_time': 0.0037963999930070713, 'experiment_id': 'exp_20240620_204953', 'client_id': '0'}
[2024-06-20 20:50:36,479][root][INFO] - Added data to batch for client 0: {'round': 3, 'step_no': 222, 'loss': 0.07300084829330444, 'accuracy': 0.90625, 'l2_norm': 4.1115851402282715, 'computation_time': 0.0411229133605957, 'batch_time': 0.045200221036793664, 'rtc_check_time': 0.002839199994923547, 'experiment_id': 'exp_20240620_204953', 'client_id': '0'}
[2024-06-20 20:50:36,480][root][INFO] - Added data to batch for client 0: {'round': 3, 'step_no': 223, 'loss': 0.20628057420253754, 'accuracy': 0.906499981880188, 'l2_norm': 4.22213077545166, 'computation_time': 0.04099893569946289, 'batch_time': 0.047366279948619194, 'rtc_check_time': 0.004996199000743218, 'experiment_id': 'exp_20240620_204953', 'client_id': '0'}
[2024-06-20 20:50:36,481][root][INFO] - Added data to batch for client 0: {'round': 3, 'step_no': 224, 'loss': 0.20631112158298492, 'accuracy': 0.9064980149269104, 'l2_norm': 4.272512435913086, 'computation_time': 0.04143691062927246, 'batch_time': 0.045283560815732926, 'rtc_check_time': 0.0025456000003032386, 'experiment_id': 'exp_20240620_204953', 'client_id': '0'}
[2024-06-20 20:50:36,482][root][INFO] - Added data to batch for client 0: {'round': 3, 'step_no': 225, 'loss': 0.42312175035476685, 'accuracy': 0.9064960479736328, 'l2_norm': 4.3390092849731445, 'computation_time': 0.04028201103210449, 'batch_time': 0.043064871832029894, 'rtc_check_time': 0.0015407000028062612, 'experiment_id': 'exp_20240620_204953', 'client_id': '0'}
[2024-06-20 20:50:36,483][root][INFO] - Added data to batch for client 0: {'round': 3, 'step_no': 226, 'loss': 0.4297269582748413, 'accuracy': 0.90673828125, 'l2_norm': 4.377492427825928, 'computation_time': 0.0413517951965332, 'batch_time': 0.04614346279413439, 'rtc_check_time': 0.0035445000103209168, 'experiment_id': 'exp_20240620_204953', 'client_id': '0'}
[2024-06-20 20:50:36,484][root][INFO] - Added data to batch for client 0: {'round': 3, 'step_no': 227, 'loss': 0.39801156520843506, 'accuracy': 0.9064922332763672, 'l2_norm': 4.47735071182251, 'computation_time': 0.04355311393737793, 'batch_time': 0.04896815241954755, 'rtc_check_time': 0.004097298995475285, 'experiment_id': 'exp_20240620_204953', 'client_id': '0'}
[2024-06-20 20:50:36,485][root][INFO] - Added data to batch for client 0: {'round': 3, 'step_no': 228, 'loss': 0.29893335700035095, 'accuracy': 0.90625, 'l2_norm': 4.544442653656006, 'computation_time': 0.04544210433959961, 'batch_time': 0.04923255408357363, 'rtc_check_time': 0.0024924989993451163, 'experiment_id': 'exp_20240620_204953', 'client_id': '0'}
[2024-06-20 20:50:36,486][root][INFO] - Added data to batch for client 0: {'round': 3, 'step_no': 229, 'loss': 0.13180556893348694, 'accuracy': 0.9064885377883911, 'l2_norm': 4.586081027984619, 'computation_time': 0.04107403755187988, 'batch_time': 0.048637135594617575, 'rtc_check_time': 0.0064050990040414035, 'experiment_id': 'exp_20240620_204953', 'client_id': '0'}
[2024-06-20 20:50:36,487][root][INFO] - Added data to batch for client 0: {'round': 3, 'step_no': 230, 'loss': 0.1555909663438797, 'accuracy': 0.9069602489471436, 'l2_norm': 4.589540958404541, 'computation_time': 0.048419952392578125, 'batch_time': 0.054326434357790276, 'rtc_check_time': 0.004269500001100823, 'experiment_id': 'exp_20240620_204953', 'client_id': '0'}
[2024-06-20 20:50:36,488][root][INFO] - Added data to batch for client 0: {'round': 3, 'step_no': 231, 'loss': 0.15606972575187683, 'accuracy': 0.9076597690582275, 'l2_norm': 4.6417717933654785, 'computation_time': 0.04476594924926758, 'batch_time': 0.04815334576414898, 'rtc_check_time': 0.002087300003040582, 'experiment_id': 'exp_20240620_204953', 'client_id': '0'}
[2024-06-20 20:50:36,489][root][INFO] - Added data to batch for client 0: {'round': 3, 'step_no': 232, 'loss': 0.3556917905807495, 'accuracy': 0.9069496393203735, 'l2_norm': 4.766181468963623, 'computation_time': 0.042617082595825195, 'batch_time': 0.046254778673755936, 'rtc_check_time': 0.002340699007618241, 'experiment_id': 'exp_20240620_204953', 'client_id': '0'}
[2024-06-20 20:50:36,490][root][INFO] - Added data to batch for client 0: {'round': 3, 'step_no': 233, 'loss': 0.19092652201652527, 'accuracy': 0.9071758985519409, 'l2_norm': 4.771832466125488, 'computation_time': 0.040422916412353516, 'batch_time': 0.044246080389712006, 'rtc_check_time': 0.0026840000064112246, 'experiment_id': 'exp_20240620_204953', 'client_id': '0'}
[2024-06-20 20:50:36,491][root][INFO] - Added data to batch for client 0: {'round': 3, 'step_no': 234, 'loss': 0.099521204829216, 'accuracy': 0.9076286554336548, 'l2_norm': 4.793270111083984, 'computation_time': 0.04563498497009277, 'batch_time': 0.04826130502624437, 'rtc_check_time': 0.001414199999999255, 'experiment_id': 'exp_20240620_204953', 'client_id': '0'}
[2024-06-20 20:50:36,492][root][INFO] - Added data to batch for client 0: {'round': 3, 'step_no': 235, 'loss': 0.12474694103002548, 'accuracy': 0.9080747961997986, 'l2_norm': 4.824949264526367, 'computation_time': 0.04240107536315918, 'batch_time': 0.05025734177615959, 'rtc_check_time': 0.005882398996618576, 'experiment_id': 'exp_20240620_204953', 'client_id': '0'}
[2024-06-20 20:50:36,493][root][INFO] - Added data to batch for client 0: {'round': 3, 'step_no': 236, 'loss': 0.20087888836860657, 'accuracy': 0.9082880616188049, 'l2_norm': 4.874731540679932, 'computation_time': 0.04816389083862305, 'batch_time': 0.051767100172583014, 'rtc_check_time': 0.002118100004736334, 'experiment_id': 'exp_20240620_204953', 'client_id': '0'}
[2024-06-20 20:50:36,494][root][INFO] - Added data to batch for client 0: {'round': 3, 'step_no': 237, 'loss': 0.07466255128383636, 'accuracy': 0.908722996711731, 'l2_norm': 4.9308600425720215, 'computation_time': 0.04327797889709473, 'batch_time': 0.04694019524322357, 'rtc_check_time': 0.002392398993833922, 'experiment_id': 'exp_20240620_204953', 'client_id': '0'}
[2024-06-20 20:50:36,495][root][INFO] - Added data to batch for client 0: {'round': 3, 'step_no': 238, 'loss': 0.0907469391822815, 'accuracy': 0.9091517925262451, 'l2_norm': 4.945903301239014, 'computation_time': 0.03997302055358887, 'batch_time': 0.04361957884975709, 'rtc_check_time': 0.002518599998438731, 'experiment_id': 'exp_20240620_204953', 'client_id': '0'}
[2024-06-20 20:50:36,496][root][INFO] - Added data to batch for client 0: {'round': 3, 'step_no': 239, 'loss': 0.2515372037887573, 'accuracy': 0.9091312289237976, 'l2_norm': 4.9822587966918945, 'computation_time': 0.03938102722167969, 'batch_time': 0.0428649286768632, 'rtc_check_time': 0.0022539000055985525, 'experiment_id': 'exp_20240620_204953', 'client_id': '0'}
[2024-06-20 20:50:36,497][root][INFO] - Added data to batch for client 0: {'round': 3, 'step_no': 240, 'loss': 0.48231422901153564, 'accuracy': 0.908450722694397, 'l2_norm': 5.095709800720215, 'computation_time': 0.045458078384399414, 'batch_time': 0.05158658967411611, 'rtc_check_time': 0.004782399992109276, 'experiment_id': 'exp_20240620_204953', 'client_id': '0'}
[2024-06-20 20:50:36,499][root][INFO] - Added data to batch for client 0: {'round': 3, 'step_no': 241, 'loss': 0.34432923793792725, 'accuracy': 0.9084352850914001, 'l2_norm': 5.093833923339844, 'computation_time': 0.04133486747741699, 'batch_time': 0.04482617153553292, 'rtc_check_time': 0.002361199993174523, 'experiment_id': 'exp_20240620_204953', 'client_id': '0'}
[2024-06-20 20:50:36,499][root][INFO] - Added batch data list for client 0. New Data Added: 143
[2024-06-20 20:50:36,502][root][INFO] - Batch data saved to /home/psklavos/fl/geom_aio/csv_logs/exp_20240620_204953/clients/client_0/batch.csv
[2024-06-20 20:50:36,502][root][INFO] - Appended data to last row of column distributed_loss in server data for client None
[2024-06-20 20:50:36,502][root][INFO] - Appended data to last row of column distributed_acc in server data for client None
[2024-06-20 20:50:36,502][root][INFO] - Appended {'distributed_loss': 0.17968128621578217, 'distributed_acc': 0.9451666871706644} to the last row of server data
[2024-06-20 20:50:36,503][root][INFO] - Server data saved to /home/psklavos/fl/geom_aio/csv_logs/exp_20240620_204953/server/server.csv
[2024-06-20 20:50:40,705][flwr][DEBUG] - fit_round 4: strategy sampled 3 clients (out of 3)
[2024-06-20 20:50:50,079][flwr][DEBUG] - fit_round 4 received 3 results and 0 failures
[2024-06-20 20:50:50,084][root][INFO] - Added data to server for client None: {'round': 4, 'average_norm': 5.036965052286784, 'round_time': 10.461343438041016, 'average_downlink_time': 0.6140204623333333, 'average_rtc_check_time': 0.6324314433295513, 'average_uplink_time': 0.4374760956666666, 'average_computation_time': 8.168405294418335, 'average_communication_time': 1.6839280013295512, 'average_fit_time': 9.353858550389608, 'average_throughput': 5.249587884466887, 'dropouts': 0, 'experiment_id': 'exp_20240620_204953'}
[2024-06-20 20:50:50,084][root][INFO] - Added server data: {'round': 4, 'average_norm': 5.036965052286784, 'round_time': 10.461343438041016, 'average_downlink_time': 0.6140204623333333, 'average_rtc_check_time': 0.6324314433295513, 'average_uplink_time': 0.4374760956666666, 'average_computation_time': 8.168405294418335, 'average_communication_time': 1.6839280013295512, 'average_fit_time': 9.353858550389608, 'average_throughput': 5.249587884466887, 'dropouts': 0, 'experiment_id': 'exp_20240620_204953'}
[2024-06-20 20:50:50,138][utils.model][INFO] - LeNet model built
[2024-06-20 20:50:50,248][utils.model][INFO] - Size of serialized model: 279.0341796875 kbytes
[2024-06-20 20:50:50,283][utils.model][INFO] - Step 1/40 - val_loss: 0.0583 - val_accuracy: 0.9883
[2024-06-20 20:50:50,302][utils.model][INFO] - Step 2/40 - val_loss: 0.0948 - val_accuracy: 0.9707
[2024-06-20 20:50:50,320][utils.model][INFO] - Step 3/40 - val_loss: 0.1162 - val_accuracy: 0.9596
[2024-06-20 20:50:50,340][utils.model][INFO] - Step 4/40 - val_loss: 0.1227 - val_accuracy: 0.9570
[2024-06-20 20:50:50,359][utils.model][INFO] - Step 5/40 - val_loss: 0.1410 - val_accuracy: 0.9539
[2024-06-20 20:50:50,377][utils.model][INFO] - Step 6/40 - val_loss: 0.1459 - val_accuracy: 0.9525
[2024-06-20 20:50:50,396][utils.model][INFO] - Step 7/40 - val_loss: 0.1524 - val_accuracy: 0.9520
[2024-06-20 20:50:50,415][utils.model][INFO] - Step 8/40 - val_loss: 0.1519 - val_accuracy: 0.9526
[2024-06-20 20:50:50,434][utils.model][INFO] - Step 9/40 - val_loss: 0.1598 - val_accuracy: 0.9501
[2024-06-20 20:50:50,453][utils.model][INFO] - Step 10/40 - val_loss: 0.1563 - val_accuracy: 0.9512
[2024-06-20 20:50:50,472][utils.model][INFO] - Step 11/40 - val_loss: 0.1523 - val_accuracy: 0.9521
[2024-06-20 20:50:50,491][utils.model][INFO] - Step 12/40 - val_loss: 0.1510 - val_accuracy: 0.9521
[2024-06-20 20:50:50,512][utils.model][INFO] - Step 13/40 - val_loss: 0.1494 - val_accuracy: 0.9540
[2024-06-20 20:50:50,642][utils.model][INFO] - Step 14/40 - val_loss: 0.1491 - val_accuracy: 0.9537
[2024-06-20 20:50:50,661][utils.model][INFO] - Step 15/40 - val_loss: 0.1533 - val_accuracy: 0.9518
[2024-06-20 20:50:50,681][utils.model][INFO] - Step 16/40 - val_loss: 0.1565 - val_accuracy: 0.9504
[2024-06-20 20:50:50,700][utils.model][INFO] - Step 17/40 - val_loss: 0.1566 - val_accuracy: 0.9497
[2024-06-20 20:50:50,719][utils.model][INFO] - Step 18/40 - val_loss: 0.1559 - val_accuracy: 0.9501
[2024-06-20 20:50:50,738][utils.model][INFO] - Step 19/40 - val_loss: 0.1562 - val_accuracy: 0.9498
[2024-06-20 20:50:50,757][utils.model][INFO] - Step 20/40 - val_loss: 0.1537 - val_accuracy: 0.9506
[2024-06-20 20:50:50,777][utils.model][INFO] - Step 21/40 - val_loss: 0.1489 - val_accuracy: 0.9520
[2024-06-20 20:50:50,796][utils.model][INFO] - Step 22/40 - val_loss: 0.1440 - val_accuracy: 0.9537
[2024-06-20 20:50:50,814][utils.model][INFO] - Step 23/40 - val_loss: 0.1420 - val_accuracy: 0.9545
[2024-06-20 20:50:50,834][utils.model][INFO] - Step 24/40 - val_loss: 0.1430 - val_accuracy: 0.9539
[2024-06-20 20:50:50,853][utils.model][INFO] - Step 25/40 - val_loss: 0.1397 - val_accuracy: 0.9550
[2024-06-20 20:50:50,872][utils.model][INFO] - Step 26/40 - val_loss: 0.1402 - val_accuracy: 0.9554
[2024-06-20 20:50:50,891][utils.model][INFO] - Step 27/40 - val_loss: 0.1370 - val_accuracy: 0.9565
[2024-06-20 20:50:50,911][utils.model][INFO] - Step 28/40 - val_loss: 0.1331 - val_accuracy: 0.9577
[2024-06-20 20:50:50,929][utils.model][INFO] - Step 29/40 - val_loss: 0.1294 - val_accuracy: 0.9591
[2024-06-20 20:50:50,948][utils.model][INFO] - Step 30/40 - val_loss: 0.1270 - val_accuracy: 0.9598
[2024-06-20 20:50:50,968][utils.model][INFO] - Step 31/40 - val_loss: 0.1247 - val_accuracy: 0.9604
[2024-06-20 20:50:50,986][utils.model][INFO] - Step 32/40 - val_loss: 0.1222 - val_accuracy: 0.9612
[2024-06-20 20:50:51,005][utils.model][INFO] - Step 33/40 - val_loss: 0.1200 - val_accuracy: 0.9618
[2024-06-20 20:50:51,023][utils.model][INFO] - Step 34/40 - val_loss: 0.1173 - val_accuracy: 0.9625
[2024-06-20 20:50:51,043][utils.model][INFO] - Step 35/40 - val_loss: 0.1141 - val_accuracy: 0.9636
[2024-06-20 20:50:51,062][utils.model][INFO] - Step 36/40 - val_loss: 0.1145 - val_accuracy: 0.9637
[2024-06-20 20:50:51,081][utils.model][INFO] - Step 37/40 - val_loss: 0.1120 - val_accuracy: 0.9644
[2024-06-20 20:50:51,100][utils.model][INFO] - Step 38/40 - val_loss: 0.1112 - val_accuracy: 0.9647
[2024-06-20 20:50:51,119][utils.model][INFO] - Step 39/40 - val_loss: 0.1142 - val_accuracy: 0.9639
[2024-06-20 20:50:51,129][utils.model][INFO] - Step 40/40 - val_loss: 0.1114 - val_accuracy: 0.9640
[2024-06-20 20:50:51,131][utils.model][INFO] - Evaluation Results - Val Loss: 0.1114, Val Accuracy: 0.9640 in 40 steps
[2024-06-20 20:50:51,132][root][INFO] - Appended data to last row of column centralized_loss in server data for client None
[2024-06-20 20:50:51,132][root][INFO] - Appended data to last row of column centralized_acc in server data for client None
[2024-06-20 20:50:51,133][root][INFO] - Appended {'centralized_loss': 0.11141266, 'centralized_acc': 0.964} to the last row of server data
[2024-06-20 20:50:51,133][flwr][INFO] - fit progress: (4, 0.11141266, {'accuracy': 0.964}, 46.218151537002996)
[2024-06-20 20:50:51,133][flwr][DEBUG] - evaluate_round 4: strategy sampled 3 clients (out of 3)
[2024-06-20 20:50:51,718][flwr][DEBUG] - evaluate_round 4 received 3 results and 0 failures
[2024-06-20 20:50:51,720][root][INFO] - Added data to epoch for client 0: {'round': 4, 'epoch_steps': 188, 'total_steps': 429, 'l2_norm': 5.059515953063965, 'total_computation_time': 8.154097557067871, 'total_rtc_check_time': 0.6425596420885995, 'total_duration': 9.354434967041016, 'val_loss': 0.12937727570533752, 'val_accuracy': 0.9620000123977661, 'experiment_id': 'exp_20240620_204953', 'client_id': '0'}
[2024-06-20 20:50:51,720][root][INFO] - Added epoch data for client 0: {'round': 4, 'epoch_steps': 188, 'total_steps': 429, 'l2_norm': 5.059515953063965, 'total_computation_time': 8.154097557067871, 'total_rtc_check_time': 0.6425596420885995, 'total_duration': 9.354434967041016, 'val_loss': 0.12937727570533752, 'val_accuracy': 0.9620000123977661, 'experiment_id': 'exp_20240620_204953', 'client_id': '0'}
[2024-06-20 20:50:51,721][root][INFO] - Epoch data saved to /home/psklavos/fl/geom_aio/csv_logs/exp_20240620_204953/clients/client_0/epoch.csv
[2024-06-20 20:50:51,722][root][INFO] - Added data to batch for client 0: {'round': 4, 'step_no': 242, 'loss': 0.0387895405292511, 'accuracy': 1.0, 'l2_norm': 0.004783512093126774, 'computation_time': 0.04580807685852051, 'batch_time': 0.05447783146519214, 'rtc_check_time': 0.00586189900059253, 'experiment_id': 'exp_20240620_204953', 'client_id': '0'}
[2024-06-20 20:50:51,723][root][INFO] - Added data to batch for client 0: {'round': 4, 'step_no': 243, 'loss': 0.1567937731742859, 'accuracy': 0.984375, 'l2_norm': 0.04224981367588043, 'computation_time': 0.05990099906921387, 'batch_time': 0.06730580184375867, 'rtc_check_time': 0.005333898996468633, 'experiment_id': 'exp_20240620_204953', 'client_id': '0'}
[2024-06-20 20:50:51,724][root][INFO] - Added data to batch for client 0: {'round': 4, 'step_no': 244, 'loss': 0.095171719789505, 'accuracy': 0.9791666865348816, 'l2_norm': 0.034687675535678864, 'computation_time': 0.042899131774902344, 'batch_time': 0.045712222723523155, 'rtc_check_time': 0.0017382999940309674, 'experiment_id': 'exp_20240620_204953', 'client_id': '0'}
[2024-06-20 20:50:51,725][root][INFO] - Added data to batch for client 0: {'round': 4, 'step_no': 245, 'loss': 0.14658300578594208, 'accuracy': 0.96875, 'l2_norm': 0.06601601094007492, 'computation_time': 0.04318881034851074, 'batch_time': 0.04632301506353542, 'rtc_check_time': 0.0019650000031106174, 'experiment_id': 'exp_20240620_204953', 'client_id': '0'}
[2024-06-20 20:50:51,726][root][INFO] - Added data to batch for client 0: {'round': 4, 'step_no': 246, 'loss': 0.19508899748325348, 'accuracy': 0.9624999761581421, 'l2_norm': 0.10749541968107224, 'computation_time': 0.03963208198547363, 'batch_time': 0.04302097544132266, 'rtc_check_time': 0.002199900001869537, 'experiment_id': 'exp_20240620_204953', 'client_id': '0'}
[2024-06-20 20:50:51,727][root][INFO] - Added data to batch for client 0: {'round': 4, 'step_no': 247, 'loss': 0.07198132574558258, 'accuracy': 0.96875, 'l2_norm': 0.10241954028606415, 'computation_time': 0.03832101821899414, 'batch_time': 0.042122613653191365, 'rtc_check_time': 0.0027516000118339434, 'experiment_id': 'exp_20240620_204953', 'client_id': '0'}
[2024-06-20 20:50:51,728][root][INFO] - Added data to batch for client 0: {'round': 4, 'step_no': 248, 'loss': 0.15921349823474884, 'accuracy': 0.9642857313156128, 'l2_norm': 0.1399925798177719, 'computation_time': 0.041417837142944336, 'batch_time': 0.046096410747850314, 'rtc_check_time': 0.0032513999904040247, 'experiment_id': 'exp_20240620_204953', 'client_id': '0'}
[2024-06-20 20:50:51,729][root][INFO] - Added data to batch for client 0: {'round': 4, 'step_no': 249, 'loss': 0.34394651651382446, 'accuracy': 0.95703125, 'l2_norm': 0.14722375571727753, 'computation_time': 0.05377984046936035, 'batch_time': 0.05697553751815576, 'rtc_check_time': 0.0014344990049721673, 'experiment_id': 'exp_20240620_204953', 'client_id': '0'}
[2024-06-20 20:50:51,731][root][INFO] - Added data to batch for client 0: {'round': 4, 'step_no': 250, 'loss': 0.06638406962156296, 'accuracy': 0.9618055820465088, 'l2_norm': 0.15160533785820007, 'computation_time': 0.041435956954956055, 'batch_time': 0.04643423932429869, 'rtc_check_time': 0.0037050999962957576, 'experiment_id': 'exp_20240620_204953', 'client_id': '0'}
[2024-06-20 20:50:51,732][root][INFO] - Added data to batch for client 0: {'round': 4, 'step_no': 251, 'loss': 0.10405813157558441, 'accuracy': 0.9624999761581421, 'l2_norm': 0.17787675559520721, 'computation_time': 0.03841805458068848, 'batch_time': 0.04247643948474433, 'rtc_check_time': 0.0029073000041535124, 'experiment_id': 'exp_20240620_204953', 'client_id': '0'}
[2024-06-20 20:50:51,733][root][INFO] - Added data to batch for client 0: {'round': 4, 'step_no': 252, 'loss': 0.3549336791038513, 'accuracy': 0.9573863744735718, 'l2_norm': 0.21985794603824615, 'computation_time': 0.0409700870513916, 'batch_time': 0.04374891269253567, 'rtc_check_time': 0.0015977000002749264, 'experiment_id': 'exp_20240620_204953', 'client_id': '0'}
[2024-06-20 20:50:51,734][root][INFO] - Added data to batch for client 0: {'round': 4, 'step_no': 253, 'loss': 0.2714346945285797, 'accuracy': 0.9505208134651184, 'l2_norm': 0.24510014057159424, 'computation_time': 0.04377913475036621, 'batch_time': 0.04891672939993441, 'rtc_check_time': 0.0037046989891678095, 'experiment_id': 'exp_20240620_204953', 'client_id': '0'}
[2024-06-20 20:50:51,735][root][INFO] - Added data to batch for client 0: {'round': 4, 'step_no': 254, 'loss': 0.20594504475593567, 'accuracy': 0.9519230723381042, 'l2_norm': 0.255375474691391, 'computation_time': 0.04639005661010742, 'batch_time': 0.05141527156229131, 'rtc_check_time': 0.0038274000107776374, 'experiment_id': 'exp_20240620_204953', 'client_id': '0'}
[2024-06-20 20:50:51,736][root][INFO] - Added data to batch for client 0: {'round': 4, 'step_no': 255, 'loss': 0.20181936025619507, 'accuracy': 0.9508928656578064, 'l2_norm': 0.299162894487381, 'computation_time': 0.05353093147277832, 'batch_time': 0.05732449993956834, 'rtc_check_time': 0.001916498993523419, 'experiment_id': 'exp_20240620_204953', 'client_id': '0'}
[2024-06-20 20:50:51,737][root][INFO] - Added data to batch for client 0: {'round': 4, 'step_no': 256, 'loss': 0.11172038316726685, 'accuracy': 0.9541666507720947, 'l2_norm': 0.28810033202171326, 'computation_time': 0.04087114334106445, 'batch_time': 0.04418781706772279, 'rtc_check_time': 0.002103599996189587, 'experiment_id': 'exp_20240620_204953', 'client_id': '0'}
[2024-06-20 20:50:51,738][root][INFO] - Added data to batch for client 0: {'round': 4, 'step_no': 257, 'loss': 0.15998655557632446, 'accuracy': 0.955078125, 'l2_norm': 0.3087663948535919, 'computation_time': 0.04664492607116699, 'batch_time': 0.05044055082544219, 'rtc_check_time': 0.0022253999923123047, 'experiment_id': 'exp_20240620_204953', 'client_id': '0'}
[2024-06-20 20:50:51,739][root][INFO] - Added data to batch for client 0: {'round': 4, 'step_no': 258, 'loss': 0.08071397989988327, 'accuracy': 0.9558823704719543, 'l2_norm': 0.31278765201568604, 'computation_time': 0.03902697563171387, 'batch_time': 0.04372175253229216, 'rtc_check_time': 0.0035846999962814152, 'experiment_id': 'exp_20240620_204953', 'client_id': '0'}
[2024-06-20 20:50:51,741][root][INFO] - Added data to batch for client 0: {'round': 4, 'step_no': 259, 'loss': 0.5058324933052063, 'accuracy': 0.9513888955116272, 'l2_norm': 0.3913925290107727, 'computation_time': 0.03943490982055664, 'batch_time': 0.04411970313230995, 'rtc_check_time': 0.0036285990063333884, 'experiment_id': 'exp_20240620_204953', 'client_id': '0'}
[2024-06-20 20:50:51,742][root][INFO] - Added data to batch for client 0: {'round': 4, 'step_no': 260, 'loss': 0.26111242175102234, 'accuracy': 0.9490131735801697, 'l2_norm': 0.4530930519104004, 'computation_time': 0.042485952377319336, 'batch_time': 0.04794720112113282, 'rtc_check_time': 0.004371199000161141, 'experiment_id': 'exp_20240620_204953', 'client_id': '0'}
[2024-06-20 20:50:51,743][root][INFO] - Added data to batch for client 0: {'round': 4, 'step_no': 261, 'loss': 0.6104403734207153, 'accuracy': 0.9453125, 'l2_norm': 0.43282395601272583, 'computation_time': 0.03941702842712402, 'batch_time': 0.044960676212213, 'rtc_check_time': 0.004314600009820424, 'experiment_id': 'exp_20240620_204953', 'client_id': '0'}
[2024-06-20 20:50:51,744][root][INFO] - Added data to batch for client 0: {'round': 4, 'step_no': 262, 'loss': 0.16912324726581573, 'accuracy': 0.944940447807312, 'l2_norm': 0.45989441871643066, 'computation_time': 0.04113316535949707, 'batch_time': 0.04410138326056767, 'rtc_check_time': 0.0017014999903040007, 'experiment_id': 'exp_20240620_204953', 'client_id': '0'}
[2024-06-20 20:50:51,746][root][INFO] - Added data to batch for client 0: {'round': 4, 'step_no': 263, 'loss': 0.13452830910682678, 'accuracy': 0.9460227489471436, 'l2_norm': 0.4752320349216461, 'computation_time': 0.058693885803222656, 'batch_time': 0.062294154180563055, 'rtc_check_time': 0.0019732999935513362, 'experiment_id': 'exp_20240620_204953', 'client_id': '0'}
[2024-06-20 20:50:51,747][root][INFO] - Added data to batch for client 0: {'round': 4, 'step_no': 264, 'loss': 0.14988607168197632, 'accuracy': 0.945652186870575, 'l2_norm': 0.4667604863643646, 'computation_time': 0.044653892517089844, 'batch_time': 0.05513979296665639, 'rtc_check_time': 0.009255898999981582, 'experiment_id': 'exp_20240620_204953', 'client_id': '0'}
[2024-06-20 20:50:51,748][root][INFO] - Added data to batch for client 0: {'round': 4, 'step_no': 265, 'loss': 0.07531024515628815, 'accuracy': 0.9479166865348816, 'l2_norm': 0.4836491346359253, 'computation_time': 0.044425010681152344, 'batch_time': 0.05981114925816655, 'rtc_check_time': 0.014026199001818895, 'experiment_id': 'exp_20240620_204953', 'client_id': '0'}
[2024-06-20 20:50:51,749][root][INFO] - Added data to batch for client 0: {'round': 4, 'step_no': 266, 'loss': 0.04444609582424164, 'accuracy': 0.949999988079071, 'l2_norm': 0.491678923368454, 'computation_time': 0.0425410270690918, 'batch_time': 0.048690341660403647, 'rtc_check_time': 0.004912399002932943, 'experiment_id': 'exp_20240620_204953', 'client_id': '0'}
[2024-06-20 20:50:51,750][root][INFO] - Added data to batch for client 0: {'round': 4, 'step_no': 267, 'loss': 0.046553898602724075, 'accuracy': 0.9519230723381042, 'l2_norm': 0.5083450675010681, 'computation_time': 0.04170989990234375, 'batch_time': 0.045694281536270864, 'rtc_check_time': 0.002772499996353872, 'experiment_id': 'exp_20240620_204953', 'client_id': '0'}
[2024-06-20 20:50:51,751][root][INFO] - Added data to batch for client 0: {'round': 4, 'step_no': 268, 'loss': 0.34278780221939087, 'accuracy': 0.9502314925193787, 'l2_norm': 0.5566223859786987, 'computation_time': 0.04204201698303223, 'batch_time': 0.046324816677952185, 'rtc_check_time': 0.0030857000092510134, 'experiment_id': 'exp_20240620_204953', 'client_id': '0'}
[2024-06-20 20:50:51,752][root][INFO] - Added data to batch for client 0: {'round': 4, 'step_no': 269, 'loss': 0.2700299620628357, 'accuracy': 0.9475446343421936, 'l2_norm': 0.5674013495445251, 'computation_time': 0.04239487648010254, 'batch_time': 0.045398743633995764, 'rtc_check_time': 0.0017597990081412718, 'experiment_id': 'exp_20240620_204953', 'client_id': '0'}
[2024-06-20 20:50:51,753][root][INFO] - Added data to batch for client 0: {'round': 4, 'step_no': 270, 'loss': 0.4066926836967468, 'accuracy': 0.9461206793785095, 'l2_norm': 0.5768792033195496, 'computation_time': 0.040693044662475586, 'batch_time': 0.04647338161885273, 'rtc_check_time': 0.004320499996538274, 'experiment_id': 'exp_20240620_204953', 'client_id': '0'}
[2024-06-20 20:50:51,755][root][INFO] - Added data to batch for client 0: {'round': 4, 'step_no': 271, 'loss': 0.2683631479740143, 'accuracy': 0.9458333253860474, 'l2_norm': 0.6307000517845154, 'computation_time': 0.04811906814575195, 'batch_time': 0.05154419415339362, 'rtc_check_time': 0.0020752000127686188, 'experiment_id': 'exp_20240620_204953', 'client_id': '0'}
[2024-06-20 20:50:51,756][root][INFO] - Added data to batch for client 0: {'round': 4, 'step_no': 272, 'loss': 0.1179046779870987, 'accuracy': 0.9455645084381104, 'l2_norm': 0.6096028089523315, 'computation_time': 0.04685783386230469, 'batch_time': 0.05084725447522942, 'rtc_check_time': 0.002780399998300709, 'experiment_id': 'exp_20240620_204953', 'client_id': '0'}
[2024-06-20 20:50:51,757][root][INFO] - Added data to batch for client 0: {'round': 4, 'step_no': 273, 'loss': 0.08513593673706055, 'accuracy': 0.947265625, 'l2_norm': 0.6340245008468628, 'computation_time': 0.05311298370361328, 'batch_time': 0.05744844277796801, 'rtc_check_time': 0.0025714000075822696, 'experiment_id': 'exp_20240620_204953', 'client_id': '0'}
[2024-06-20 20:50:51,758][root][INFO] - Added data to batch for client 0: {'round': 4, 'step_no': 274, 'loss': 0.1912510097026825, 'accuracy': 0.9479166865348816, 'l2_norm': 0.6794373393058777, 'computation_time': 0.048480987548828125, 'batch_time': 0.05159410729538649, 'rtc_check_time': 0.0015150000108405948, 'experiment_id': 'exp_20240620_204953', 'client_id': '0'}
[2024-06-20 20:50:51,760][root][INFO] - Added data to batch for client 0: {'round': 4, 'step_no': 275, 'loss': 0.28856465220451355, 'accuracy': 0.9457720518112183, 'l2_norm': 0.6843079924583435, 'computation_time': 0.041365861892700195, 'batch_time': 0.04663584611262195, 'rtc_check_time': 0.0039016999944578856, 'experiment_id': 'exp_20240620_204953', 'client_id': '0'}
[2024-06-20 20:50:51,761][root][INFO] - Added data to batch for client 0: {'round': 4, 'step_no': 276, 'loss': 0.21871688961982727, 'accuracy': 0.9446428418159485, 'l2_norm': 0.7173237800598145, 'computation_time': 0.042159080505371094, 'batch_time': 0.046931579752708785, 'rtc_check_time': 0.0035784990031970665, 'experiment_id': 'exp_20240620_204953', 'client_id': '0'}
[2024-06-20 20:50:51,762][root][INFO] - Added data to batch for client 0: {'round': 4, 'step_no': 277, 'loss': 0.26141470670700073, 'accuracy': 0.9444444179534912, 'l2_norm': 0.6998814940452576, 'computation_time': 0.04065895080566406, 'batch_time': 0.04328326527320314, 'rtc_check_time': 0.0013811999961035326, 'experiment_id': 'exp_20240620_204953', 'client_id': '0'}
[2024-06-20 20:50:51,763][root][INFO] - Added data to batch for client 0: {'round': 4, 'step_no': 278, 'loss': 0.37268397212028503, 'accuracy': 0.943412184715271, 'l2_norm': 0.7279481887817383, 'computation_time': 0.04022502899169922, 'batch_time': 0.04442688050039578, 'rtc_check_time': 0.003078900001128204, 'experiment_id': 'exp_20240620_204953', 'client_id': '0'}
[2024-06-20 20:50:51,764][root][INFO] - Added data to batch for client 0: {'round': 4, 'step_no': 279, 'loss': 0.17060725390911102, 'accuracy': 0.9432565569877625, 'l2_norm': 0.7457773685455322, 'computation_time': 0.045716047286987305, 'batch_time': 0.04927086320822127, 'rtc_check_time': 0.0018928000063169748, 'experiment_id': 'exp_20240620_204953', 'client_id': '0'}
[2024-06-20 20:50:51,765][root][INFO] - Added data to batch for client 0: {'round': 4, 'step_no': 280, 'loss': 0.17524322867393494, 'accuracy': 0.942307710647583, 'l2_norm': 0.765283465385437, 'computation_time': 0.046072959899902344, 'batch_time': 0.04914958590234164, 'rtc_check_time': 0.0017267000075662509, 'experiment_id': 'exp_20240620_204953', 'client_id': '0'}
[2024-06-20 20:50:51,766][root][INFO] - Added data to batch for client 0: {'round': 4, 'step_no': 281, 'loss': 0.11413142085075378, 'accuracy': 0.9429687261581421, 'l2_norm': 0.7537099123001099, 'computation_time': 0.04349398612976074, 'batch_time': 0.05264786776388064, 'rtc_check_time': 0.007941999996546656, 'experiment_id': 'exp_20240620_204953', 'client_id': '0'}
[2024-06-20 20:50:51,768][root][INFO] - Added data to batch for client 0: {'round': 4, 'step_no': 282, 'loss': 0.11095859855413437, 'accuracy': 0.9435975551605225, 'l2_norm': 0.7678171396255493, 'computation_time': 0.0379490852355957, 'batch_time': 0.04331779062340502, 'rtc_check_time': 0.004208799000480212, 'experiment_id': 'exp_20240620_204953', 'client_id': '0'}
[2024-06-20 20:50:51,769][root][INFO] - Added data to batch for client 0: {'round': 4, 'step_no': 283, 'loss': 0.06123775988817215, 'accuracy': 0.9441964030265808, 'l2_norm': 0.7843422889709473, 'computation_time': 0.04533791542053223, 'batch_time': 0.06207505201746244, 'rtc_check_time': 0.01523819899011869, 'experiment_id': 'exp_20240620_204953', 'client_id': '0'}
[2024-06-20 20:50:51,770][root][INFO] - Added data to batch for client 0: {'round': 4, 'step_no': 284, 'loss': 0.04234310984611511, 'accuracy': 0.9454941749572754, 'l2_norm': 0.7866530418395996, 'computation_time': 0.04291796684265137, 'batch_time': 0.04756210441701114, 'rtc_check_time': 0.0034920990001410246, 'experiment_id': 'exp_20240620_204953', 'client_id': '0'}
[2024-06-20 20:50:51,771][root][INFO] - Added data to batch for client 0: {'round': 4, 'step_no': 285, 'loss': 0.2338097244501114, 'accuracy': 0.9453125, 'l2_norm': 0.8338757157325745, 'computation_time': 0.042402029037475586, 'batch_time': 0.04609474145399872, 'rtc_check_time': 0.002352800001972355, 'experiment_id': 'exp_20240620_204953', 'client_id': '0'}
[2024-06-20 20:50:51,772][root][INFO] - Added data to batch for client 0: {'round': 4, 'step_no': 286, 'loss': 0.20235314965248108, 'accuracy': 0.9444444179534912, 'l2_norm': 0.8845981359481812, 'computation_time': 0.04063296318054199, 'batch_time': 0.045531001102062874, 'rtc_check_time': 0.0037850999942747876, 'experiment_id': 'exp_20240620_204953', 'client_id': '0'}
[2024-06-20 20:50:51,773][root][INFO] - Added data to batch for client 0: {'round': 4, 'step_no': 287, 'loss': 0.16003690659999847, 'accuracy': 0.944972813129425, 'l2_norm': 0.8970931172370911, 'computation_time': 0.03881716728210449, 'batch_time': 0.0419675453013042, 'rtc_check_time': 0.0020464999979594722, 'experiment_id': 'exp_20240620_204953', 'client_id': '0'}
[2024-06-20 20:50:51,774][root][INFO] - Added data to batch for client 0: {'round': 4, 'step_no': 288, 'loss': 0.19151180982589722, 'accuracy': 0.9454787373542786, 'l2_norm': 0.9253210425376892, 'computation_time': 0.03857016563415527, 'batch_time': 0.04458815843099728, 'rtc_check_time': 0.004868099989835173, 'experiment_id': 'exp_20240620_204953', 'client_id': '0'}
[2024-06-20 20:50:51,776][root][INFO] - Added data to batch for client 0: {'round': 4, 'step_no': 289, 'loss': 0.1879168450832367, 'accuracy': 0.9446614384651184, 'l2_norm': 0.9672235250473022, 'computation_time': 0.03873896598815918, 'batch_time': 0.0428189838421531, 'rtc_check_time': 0.0029038990032859147, 'experiment_id': 'exp_20240620_204953', 'client_id': '0'}
[2024-06-20 20:50:51,777][root][INFO] - Added data to batch for client 0: {'round': 4, 'step_no': 290, 'loss': 0.2141711264848709, 'accuracy': 0.9445152878761292, 'l2_norm': 0.9725809693336487, 'computation_time': 0.03815412521362305, 'batch_time': 0.04167767662147526, 'rtc_check_time': 0.0024427999887848273, 'experiment_id': 'exp_20240620_204953', 'client_id': '0'}
[2024-06-20 20:50:51,778][root][INFO] - Added data to batch for client 0: {'round': 4, 'step_no': 291, 'loss': 0.20833459496498108, 'accuracy': 0.9437500238418579, 'l2_norm': 1.0414597988128662, 'computation_time': 0.042764902114868164, 'batch_time': 0.04564509686315432, 'rtc_check_time': 0.0016130000003613532, 'experiment_id': 'exp_20240620_204953', 'client_id': '0'}
[2024-06-20 20:50:51,779][root][INFO] - Added data to batch for client 0: {'round': 4, 'step_no': 292, 'loss': 0.09201088547706604, 'accuracy': 0.9442402124404907, 'l2_norm': 1.0759708881378174, 'computation_time': 0.041378021240234375, 'batch_time': 0.04546903618029319, 'rtc_check_time': 0.0028931999986525625, 'experiment_id': 'exp_20240620_204953', 'client_id': '0'}
[2024-06-20 20:50:51,780][root][INFO] - Added data to batch for client 0: {'round': 4, 'step_no': 293, 'loss': 0.4627244174480438, 'accuracy': 0.9435096383094788, 'l2_norm': 1.0943940877914429, 'computation_time': 0.04433608055114746, 'batch_time': 0.048154368545510806, 'rtc_check_time': 0.0020013000030303374, 'experiment_id': 'exp_20240620_204953', 'client_id': '0'}
[2024-06-20 20:50:51,781][root][INFO] - Added data to batch for client 0: {'round': 4, 'step_no': 294, 'loss': 0.26469388604164124, 'accuracy': 0.9433962106704712, 'l2_norm': 1.1092557907104492, 'computation_time': 0.038162946701049805, 'batch_time': 0.04204945011588279, 'rtc_check_time': 0.002795499996864237, 'experiment_id': 'exp_20240620_204953', 'client_id': '0'}
[2024-06-20 20:50:51,782][root][INFO] - Added data to batch for client 0: {'round': 4, 'step_no': 295, 'loss': 0.09868645668029785, 'accuracy': 0.9438657164573669, 'l2_norm': 1.1144517660140991, 'computation_time': 0.040703773498535156, 'batch_time': 0.04501624566910323, 'rtc_check_time': 0.003096298998571001, 'experiment_id': 'exp_20240620_204953', 'client_id': '0'}
[2024-06-20 20:50:51,783][root][INFO] - Added data to batch for client 0: {'round': 4, 'step_no': 296, 'loss': 0.12523891031742096, 'accuracy': 0.9437500238418579, 'l2_norm': 1.1361846923828125, 'computation_time': 0.03969287872314453, 'batch_time': 0.044116355711594224, 'rtc_check_time': 0.003271199995651841, 'experiment_id': 'exp_20240620_204953', 'client_id': '0'}
[2024-06-20 20:50:51,784][root][INFO] - Added data to batch for client 0: {'round': 4, 'step_no': 297, 'loss': 0.3245774805545807, 'accuracy': 0.9430803656578064, 'l2_norm': 1.177538514137268, 'computation_time': 0.04153299331665039, 'batch_time': 0.045532362986705266, 'rtc_check_time': 0.0028973989974474534, 'experiment_id': 'exp_20240620_204953', 'client_id': '0'}
[2024-06-20 20:50:51,785][root][INFO] - Added data to batch for client 0: {'round': 4, 'step_no': 298, 'loss': 0.10991843044757843, 'accuracy': 0.9429824352264404, 'l2_norm': 1.2100383043289185, 'computation_time': 0.0381929874420166, 'batch_time': 0.043583836624748074, 'rtc_check_time': 0.004297699997550808, 'experiment_id': 'exp_20240620_204953', 'client_id': '0'}
[2024-06-20 20:50:51,787][root][INFO] - Added data to batch for client 0: {'round': 4, 'step_no': 299, 'loss': 0.19047114253044128, 'accuracy': 0.9428879022598267, 'l2_norm': 1.2088332176208496, 'computation_time': 0.04138493537902832, 'batch_time': 0.044365343055687845, 'rtc_check_time': 0.0017422999953851104, 'experiment_id': 'exp_20240620_204953', 'client_id': '0'}
[2024-06-20 20:50:51,788][root][INFO] - Added data to batch for client 0: {'round': 4, 'step_no': 300, 'loss': 0.2733328938484192, 'accuracy': 0.9427965879440308, 'l2_norm': 1.2350552082061768, 'computation_time': 0.03992891311645508, 'batch_time': 0.043974278421956114, 'rtc_check_time': 0.0028763990121660754, 'experiment_id': 'exp_20240620_204953', 'client_id': '0'}
[2024-06-20 20:50:51,789][root][INFO] - Added data to batch for client 0: {'round': 4, 'step_no': 301, 'loss': 0.10010670870542526, 'accuracy': 0.9437500238418579, 'l2_norm': 1.2578179836273193, 'computation_time': 0.041481971740722656, 'batch_time': 0.045148179327952676, 'rtc_check_time': 0.0024702999944565818, 'experiment_id': 'exp_20240620_204953', 'client_id': '0'}
[2024-06-20 20:50:51,790][root][INFO] - Added data to batch for client 0: {'round': 4, 'step_no': 302, 'loss': 0.0870429277420044, 'accuracy': 0.9446721076965332, 'l2_norm': 1.2675392627716064, 'computation_time': 0.04126381874084473, 'batch_time': 0.04397910328407306, 'rtc_check_time': 0.0015250989963533357, 'experiment_id': 'exp_20240620_204953', 'client_id': '0'}
[2024-06-20 20:50:51,791][root][INFO] - Added data to batch for client 0: {'round': 4, 'step_no': 303, 'loss': 0.0857161432504654, 'accuracy': 0.9450604915618896, 'l2_norm': 1.289080023765564, 'computation_time': 0.04462409019470215, 'batch_time': 0.05809489876264706, 'rtc_check_time': 0.012413899006787688, 'experiment_id': 'exp_20240620_204953', 'client_id': '0'}
[2024-06-20 20:50:51,792][root][INFO] - Added data to batch for client 0: {'round': 4, 'step_no': 304, 'loss': 0.195437952876091, 'accuracy': 0.944940447807312, 'l2_norm': 1.2910405397415161, 'computation_time': 0.04201698303222656, 'batch_time': 0.05020404374226928, 'rtc_check_time': 0.006987100001424551, 'experiment_id': 'exp_20240620_204953', 'client_id': '0'}
[2024-06-20 20:50:51,794][root][INFO] - Added data to batch for client 0: {'round': 4, 'step_no': 305, 'loss': 0.14789888262748718, 'accuracy': 0.94482421875, 'l2_norm': 1.3213558197021484, 'computation_time': 0.03964996337890625, 'batch_time': 0.04386039331438951, 'rtc_check_time': 0.003138500003842637, 'experiment_id': 'exp_20240620_204953', 'client_id': '0'}
[2024-06-20 20:50:51,795][root][INFO] - Added data to batch for client 0: {'round': 4, 'step_no': 306, 'loss': 0.09634130448102951, 'accuracy': 0.9451923370361328, 'l2_norm': 1.3464561700820923, 'computation_time': 0.039723873138427734, 'batch_time': 0.043495339530636556, 'rtc_check_time': 0.0025603000103728846, 'experiment_id': 'exp_20240620_204953', 'client_id': '0'}
[2024-06-20 20:50:51,796][root][INFO] - Added data to batch for client 0: {'round': 4, 'step_no': 307, 'loss': 0.4409777820110321, 'accuracy': 0.9441288113594055, 'l2_norm': 1.463962197303772, 'computation_time': 0.04257488250732422, 'batch_time': 0.045198291962151416, 'rtc_check_time': 0.0013524000096367672, 'experiment_id': 'exp_20240620_204953', 'client_id': '0'}
[2024-06-20 20:50:51,797][root][INFO] - Added data to batch for client 0: {'round': 4, 'step_no': 308, 'loss': 0.4111785292625427, 'accuracy': 0.9430969953536987, 'l2_norm': 1.5177756547927856, 'computation_time': 0.04106497764587402, 'batch_time': 0.04507425535121001, 'rtc_check_time': 0.0025194000045303255, 'experiment_id': 'exp_20240620_204953', 'client_id': '0'}
[2024-06-20 20:50:51,798][root][INFO] - Added data to batch for client 0: {'round': 4, 'step_no': 309, 'loss': 0.1843542456626892, 'accuracy': 0.9425551295280457, 'l2_norm': 1.5665489435195923, 'computation_time': 0.0517730712890625, 'batch_time': 0.054900636823731475, 'rtc_check_time': 0.0015756990032969043, 'experiment_id': 'exp_20240620_204953', 'client_id': '0'}
[2024-06-20 20:50:51,799][root][INFO] - Added data to batch for client 0: {'round': 4, 'step_no': 310, 'loss': 0.09186375886201859, 'accuracy': 0.9429348111152649, 'l2_norm': 1.5700569152832031, 'computation_time': 0.04076194763183594, 'batch_time': 0.044466192441177554, 'rtc_check_time': 0.002544100003433414, 'experiment_id': 'exp_20240620_204953', 'client_id': '0'}
[2024-06-20 20:50:51,800][root][INFO] - Added data to batch for client 0: {'round': 4, 'step_no': 311, 'loss': 0.10960172116756439, 'accuracy': 0.9433035850524902, 'l2_norm': 1.5749589204788208, 'computation_time': 0.04429006576538086, 'batch_time': 0.047008421301143244, 'rtc_check_time': 0.001623299001948908, 'experiment_id': 'exp_20240620_204953', 'client_id': '0'}
[2024-06-20 20:50:51,801][root][INFO] - Added data to batch for client 0: {'round': 4, 'step_no': 312, 'loss': 0.2546307444572449, 'accuracy': 0.9436619877815247, 'l2_norm': 1.6295007467269897, 'computation_time': 0.04837393760681152, 'batch_time': 0.05168212953140028, 'rtc_check_time': 0.0017691999964881688, 'experiment_id': 'exp_20240620_204953', 'client_id': '0'}
[2024-06-20 20:50:51,802][root][INFO] - Added data to batch for client 0: {'round': 4, 'step_no': 313, 'loss': 0.12129785120487213, 'accuracy': 0.9440104365348816, 'l2_norm': 1.6478040218353271, 'computation_time': 0.043016910552978516, 'batch_time': 0.049730552069377154, 'rtc_check_time': 0.005028498999308795, 'experiment_id': 'exp_20240620_204953', 'client_id': '0'}
[2024-06-20 20:50:51,803][root][INFO] - Added data to batch for client 0: {'round': 4, 'step_no': 314, 'loss': 0.05243086814880371, 'accuracy': 0.9447773694992065, 'l2_norm': 1.6436090469360352, 'computation_time': 0.039926767349243164, 'batch_time': 0.042776676433277316, 'rtc_check_time': 0.0017476999928476289, 'experiment_id': 'exp_20240620_204953', 'client_id': '0'}
[2024-06-20 20:50:51,804][root][INFO] - Added data to batch for client 0: {'round': 4, 'step_no': 315, 'loss': 0.4573778212070465, 'accuracy': 0.9442567825317383, 'l2_norm': 1.6973844766616821, 'computation_time': 0.039552927017211914, 'batch_time': 0.04482749983435497, 'rtc_check_time': 0.004019298998173326, 'experiment_id': 'exp_20240620_204953', 'client_id': '0'}
[2024-06-20 20:50:51,805][root][INFO] - Added data to batch for client 0: {'round': 4, 'step_no': 316, 'loss': 0.19754648208618164, 'accuracy': 0.9441666603088379, 'l2_norm': 1.7216800451278687, 'computation_time': 0.04993009567260742, 'batch_time': 0.05227173797902651, 'rtc_check_time': 0.0012956999999005347, 'experiment_id': 'exp_20240620_204953', 'client_id': '0'}
[2024-06-20 20:50:51,806][root][INFO] - Added data to batch for client 0: {'round': 4, 'step_no': 317, 'loss': 0.30272573232650757, 'accuracy': 0.9440789222717285, 'l2_norm': 1.7497527599334717, 'computation_time': 0.06121706962585449, 'batch_time': 0.06571845163125545, 'rtc_check_time': 0.0023096000077202916, 'experiment_id': 'exp_20240620_204953', 'client_id': '0'}
[2024-06-20 20:50:51,808][root][INFO] - Added data to batch for client 0: {'round': 4, 'step_no': 318, 'loss': 0.13554999232292175, 'accuracy': 0.944399356842041, 'l2_norm': 1.7600585222244263, 'computation_time': 0.06493520736694336, 'batch_time': 0.06779351606382988, 'rtc_check_time': 0.0016685999871697277, 'experiment_id': 'exp_20240620_204953', 'client_id': '0'}
[2024-06-20 20:50:51,809][root][INFO] - Added data to batch for client 0: {'round': 4, 'step_no': 319, 'loss': 0.07966729253530502, 'accuracy': 0.9447115659713745, 'l2_norm': 1.7686703205108643, 'computation_time': 0.04746699333190918, 'batch_time': 0.05027910890930798, 'rtc_check_time': 0.0015751999890198931, 'experiment_id': 'exp_20240620_204953', 'client_id': '0'}
[2024-06-20 20:50:51,810][root][INFO] - Added data to batch for client 0: {'round': 4, 'step_no': 320, 'loss': 0.12145112454891205, 'accuracy': 0.9450158476829529, 'l2_norm': 1.8091542720794678, 'computation_time': 0.043936967849731445, 'batch_time': 0.04911091834947001, 'rtc_check_time': 0.004050998992170207, 'experiment_id': 'exp_20240620_204953', 'client_id': '0'}
[2024-06-20 20:50:51,811][root][INFO] - Added data to batch for client 0: {'round': 4, 'step_no': 321, 'loss': 0.27361807227134705, 'accuracy': 0.9449218511581421, 'l2_norm': 1.8278656005859375, 'computation_time': 0.04084515571594238, 'batch_time': 0.0466367596964119, 'rtc_check_time': 0.004703700004029088, 'experiment_id': 'exp_20240620_204953', 'client_id': '0'}
[2024-06-20 20:50:51,812][root][INFO] - Added data to batch for client 0: {'round': 4, 'step_no': 322, 'loss': 0.3293190896511078, 'accuracy': 0.9448302388191223, 'l2_norm': 1.8941255807876587, 'computation_time': 0.04122781753540039, 'batch_time': 0.04401589487679303, 'rtc_check_time': 0.0014669999945908785, 'experiment_id': 'exp_20240620_204953', 'client_id': '0'}
[2024-06-20 20:50:51,813][root][INFO] - Added data to batch for client 0: {'round': 4, 'step_no': 323, 'loss': 0.33001038432121277, 'accuracy': 0.9447408318519592, 'l2_norm': 1.9072765111923218, 'computation_time': 0.04295682907104492, 'batch_time': 0.049460157883004285, 'rtc_check_time': 0.005217298996285535, 'experiment_id': 'exp_20240620_204953', 'client_id': '0'}
[2024-06-20 20:50:51,814][root][INFO] - Added data to batch for client 0: {'round': 4, 'step_no': 324, 'loss': 0.10245086252689362, 'accuracy': 0.9450300931930542, 'l2_norm': 1.9032435417175293, 'computation_time': 0.04088592529296875, 'batch_time': 0.0449929738388164, 'rtc_check_time': 0.003053000007639639, 'experiment_id': 'exp_20240620_204953', 'client_id': '0'}
[2024-06-20 20:50:51,815][root][INFO] - Added data to batch for client 0: {'round': 4, 'step_no': 325, 'loss': 0.09919289499521255, 'accuracy': 0.9453125, 'l2_norm': 1.9052268266677856, 'computation_time': 0.04036712646484375, 'batch_time': 0.04671398540085647, 'rtc_check_time': 0.005179799991310574, 'experiment_id': 'exp_20240620_204953', 'client_id': '0'}
[2024-06-20 20:50:51,816][root][INFO] - Added data to batch for client 0: {'round': 4, 'step_no': 326, 'loss': 0.43697792291641235, 'accuracy': 0.9441176652908325, 'l2_norm': 1.9818636178970337, 'computation_time': 0.04277205467224121, 'batch_time': 0.04819585193763487, 'rtc_check_time': 0.0040907989896368235, 'experiment_id': 'exp_20240620_204953', 'client_id': '0'}
[2024-06-20 20:50:51,817][root][INFO] - Added data to batch for client 0: {'round': 4, 'step_no': 327, 'loss': 0.17585711181163788, 'accuracy': 0.9440407156944275, 'l2_norm': 1.9819985628128052, 'computation_time': 0.04472613334655762, 'batch_time': 0.057922296778997406, 'rtc_check_time': 0.011894397990545258, 'experiment_id': 'exp_20240620_204953', 'client_id': '0'}
[2024-06-20 20:50:51,818][root][INFO] - Added data to batch for client 0: {'round': 4, 'step_no': 328, 'loss': 0.15175659954547882, 'accuracy': 0.943965494632721, 'l2_norm': 2.012627363204956, 'computation_time': 0.044888973236083984, 'batch_time': 0.04750937673088629, 'rtc_check_time': 0.001487199988332577, 'experiment_id': 'exp_20240620_204953', 'client_id': '0'}
[2024-06-20 20:50:51,819][root][INFO] - Added data to batch for client 0: {'round': 4, 'step_no': 329, 'loss': 0.09816684573888779, 'accuracy': 0.9442471861839294, 'l2_norm': 1.9994056224822998, 'computation_time': 0.040205955505371094, 'batch_time': 0.04494450970378239, 'rtc_check_time': 0.0034653989860089496, 'experiment_id': 'exp_20240620_204953', 'client_id': '0'}
[2024-06-20 20:50:51,820][root][INFO] - Added data to batch for client 0: {'round': 4, 'step_no': 330, 'loss': 0.1182546466588974, 'accuracy': 0.9441713690757751, 'l2_norm': 2.0337777137756348, 'computation_time': 0.04136013984680176, 'batch_time': 0.04555403442645911, 'rtc_check_time': 0.003011100008734502, 'experiment_id': 'exp_20240620_204953', 'client_id': '0'}
[2024-06-20 20:50:51,821][root][INFO] - Added data to batch for client 0: {'round': 4, 'step_no': 331, 'loss': 0.11523692309856415, 'accuracy': 0.9444444179534912, 'l2_norm': 2.0284032821655273, 'computation_time': 0.04138898849487305, 'batch_time': 0.04414703069778625, 'rtc_check_time': 0.0014980000123614445, 'experiment_id': 'exp_20240620_204953', 'client_id': '0'}
[2024-06-20 20:50:51,823][root][INFO] - Added data to batch for client 0: {'round': 4, 'step_no': 332, 'loss': 0.2780638039112091, 'accuracy': 0.9443681240081787, 'l2_norm': 2.10433030128479, 'computation_time': 0.04137706756591797, 'batch_time': 0.044032041769241914, 'rtc_check_time': 0.0014872000028844923, 'experiment_id': 'exp_20240620_204953', 'client_id': '0'}
[2024-06-20 20:50:51,824][root][INFO] - Added data to batch for client 0: {'round': 4, 'step_no': 333, 'loss': 0.37120091915130615, 'accuracy': 0.943953812122345, 'l2_norm': 2.189382553100586, 'computation_time': 0.043641090393066406, 'batch_time': 0.04710934913600795, 'rtc_check_time': 0.0021293000027071685, 'experiment_id': 'exp_20240620_204953', 'client_id': '0'}
[2024-06-20 20:50:51,825][root][INFO] - Added data to batch for client 0: {'round': 4, 'step_no': 334, 'loss': 0.40546345710754395, 'accuracy': 0.9428763389587402, 'l2_norm': 2.220428943634033, 'computation_time': 0.0409541130065918, 'batch_time': 0.04572831216501072, 'rtc_check_time': 0.003622399002779275, 'experiment_id': 'exp_20240620_204953', 'client_id': '0'}
[2024-06-20 20:50:51,826][root][INFO] - Added data to batch for client 0: {'round': 4, 'step_no': 335, 'loss': 0.07995812594890594, 'accuracy': 0.9434840679168701, 'l2_norm': 2.2342774868011475, 'computation_time': 0.043090105056762695, 'batch_time': 0.04571490827947855, 'rtc_check_time': 0.001361900009214878, 'experiment_id': 'exp_20240620_204953', 'client_id': '0'}
[2024-06-20 20:50:51,827][root][INFO] - Added data to batch for client 0: {'round': 4, 'step_no': 336, 'loss': 0.5156587362289429, 'accuracy': 0.9424341917037964, 'l2_norm': 2.3028876781463623, 'computation_time': 0.03824782371520996, 'batch_time': 0.04192719764250796, 'rtc_check_time': 0.0026381999923614785, 'experiment_id': 'exp_20240620_204953', 'client_id': '0'}
[2024-06-20 20:50:51,828][root][INFO] - Added data to batch for client 0: {'round': 4, 'step_no': 337, 'loss': 0.3214433193206787, 'accuracy': 0.9410807490348816, 'l2_norm': 2.2997617721557617, 'computation_time': 0.039459943771362305, 'batch_time': 0.044168417909531854, 'rtc_check_time': 0.00363129899778869, 'experiment_id': 'exp_20240620_204953', 'client_id': '0'}
[2024-06-20 20:50:51,829][root][INFO] - Added data to batch for client 0: {'round': 4, 'step_no': 338, 'loss': 0.11701585352420807, 'accuracy': 0.9410437941551208, 'l2_norm': 2.3372578620910645, 'computation_time': 0.03948712348937988, 'batch_time': 0.0441597248573089, 'rtc_check_time': 0.0034848000068450347, 'experiment_id': 'exp_20240620_204953', 'client_id': '0'}
[2024-06-20 20:50:51,830][root][INFO] - Added data to batch for client 0: {'round': 4, 'step_no': 339, 'loss': 0.08844497799873352, 'accuracy': 0.9416453838348389, 'l2_norm': 2.3423945903778076, 'computation_time': 0.03882408142089844, 'batch_time': 0.044436457683332264, 'rtc_check_time': 0.004541400005109608, 'experiment_id': 'exp_20240620_204953', 'client_id': '0'}
[2024-06-20 20:50:51,831][root][INFO] - Added data to batch for client 0: {'round': 4, 'step_no': 340, 'loss': 0.061619170010089874, 'accuracy': 0.9422348737716675, 'l2_norm': 2.351468801498413, 'computation_time': 0.04000997543334961, 'batch_time': 0.04280219067004509, 'rtc_check_time': 0.0015161990013439208, 'experiment_id': 'exp_20240620_204953', 'client_id': '0'}
[2024-06-20 20:50:51,832][root][INFO] - Added data to batch for client 0: {'round': 4, 'step_no': 341, 'loss': 0.2842213213443756, 'accuracy': 0.942187488079071, 'l2_norm': 2.4223973751068115, 'computation_time': 0.041213035583496094, 'batch_time': 0.044509111845400184, 'rtc_check_time': 0.002225100004579872, 'experiment_id': 'exp_20240620_204953', 'client_id': '0'}
[2024-06-20 20:50:51,833][root][INFO] - Added data to batch for client 0: {'round': 4, 'step_no': 342, 'loss': 0.21887631714344025, 'accuracy': 0.9421411156654358, 'l2_norm': 2.436339855194092, 'computation_time': 0.03799605369567871, 'batch_time': 0.041639623159426264, 'rtc_check_time': 0.0025775999965844676, 'experiment_id': 'exp_20240620_204953', 'client_id': '0'}
[2024-06-20 20:50:51,834][root][INFO] - Added data to batch for client 0: {'round': 4, 'step_no': 343, 'loss': 0.14396098256111145, 'accuracy': 0.9420955777168274, 'l2_norm': 2.451028823852539, 'computation_time': 0.04223179817199707, 'batch_time': 0.04653124342439696, 'rtc_check_time': 0.0029283000039868057, 'experiment_id': 'exp_20240620_204953', 'client_id': '0'}
[2024-06-20 20:50:51,835][root][INFO] - Added data to batch for client 0: {'round': 4, 'step_no': 344, 'loss': 0.0354401171207428, 'accuracy': 0.9426577687263489, 'l2_norm': 2.4497625827789307, 'computation_time': 0.04010891914367676, 'batch_time': 0.04335810721386224, 'rtc_check_time': 0.0022010999964550138, 'experiment_id': 'exp_20240620_204953', 'client_id': '0'}
[2024-06-20 20:50:51,836][root][INFO] - Added data to batch for client 0: {'round': 4, 'step_no': 345, 'loss': 0.1744997501373291, 'accuracy': 0.9426081776618958, 'l2_norm': 2.486459732055664, 'computation_time': 0.0426487922668457, 'batch_time': 0.04808419570326805, 'rtc_check_time': 0.0035333000123500824, 'experiment_id': 'exp_20240620_204953', 'client_id': '0'}
[2024-06-20 20:50:51,837][root][INFO] - Added data to batch for client 0: {'round': 4, 'step_no': 346, 'loss': 0.06803091615438461, 'accuracy': 0.9431547522544861, 'l2_norm': 2.491027593612671, 'computation_time': 0.039385080337524414, 'batch_time': 0.04293434719147626, 'rtc_check_time': 0.0023834000021452084, 'experiment_id': 'exp_20240620_204953', 'client_id': '0'}
[2024-06-20 20:50:51,838][root][INFO] - Added data to batch for client 0: {'round': 4, 'step_no': 347, 'loss': 0.31793397665023804, 'accuracy': 0.942806601524353, 'l2_norm': 2.527125358581543, 'computation_time': 0.04719090461730957, 'batch_time': 0.04984724997484591, 'rtc_check_time': 0.0014992999931564555, 'experiment_id': 'exp_20240620_204953', 'client_id': '0'}
[2024-06-20 20:50:51,839][root][INFO] - Added data to batch for client 0: {'round': 4, 'step_no': 348, 'loss': 0.3277854919433594, 'accuracy': 0.9424649477005005, 'l2_norm': 2.582124710083008, 'computation_time': 0.03877115249633789, 'batch_time': 0.043390891631133854, 'rtc_check_time': 0.0032628990011289716, 'experiment_id': 'exp_20240620_204953', 'client_id': '0'}
[2024-06-20 20:50:51,841][root][INFO] - Added data to batch for client 0: {'round': 4, 'step_no': 349, 'loss': 0.17455540597438812, 'accuracy': 0.9424189925193787, 'l2_norm': 2.649831533432007, 'computation_time': 0.046423912048339844, 'batch_time': 0.051440676776110195, 'rtc_check_time': 0.0038446989929070696, 'experiment_id': 'exp_20240620_204953', 'client_id': '0'}
[2024-06-20 20:50:51,842][root][INFO] - Added data to batch for client 0: {'round': 4, 'step_no': 350, 'loss': 0.16770461201667786, 'accuracy': 0.9423738718032837, 'l2_norm': 2.699223518371582, 'computation_time': 0.038336992263793945, 'batch_time': 0.04483527978300117, 'rtc_check_time': 0.005447100003948435, 'experiment_id': 'exp_20240620_204953', 'client_id': '0'}
[2024-06-20 20:50:51,843][root][INFO] - Added data to batch for client 0: {'round': 4, 'step_no': 351, 'loss': 0.07479023188352585, 'accuracy': 0.9428977370262146, 'l2_norm': 2.716057777404785, 'computation_time': 0.042836904525756836, 'batch_time': 0.04554912252933718, 'rtc_check_time': 0.0014033000043127686, 'experiment_id': 'exp_20240620_204953', 'client_id': '0'}
[2024-06-20 20:50:51,844][root][INFO] - Added data to batch for client 0: {'round': 4, 'step_no': 352, 'loss': 0.16965846717357635, 'accuracy': 0.9428490996360779, 'l2_norm': 2.7554800510406494, 'computation_time': 0.04102802276611328, 'batch_time': 0.04506334339384921, 'rtc_check_time': 0.0028263000131119043, 'experiment_id': 'exp_20240620_204953', 'client_id': '0'}
[2024-06-20 20:50:51,845][root][INFO] - Added data to batch for client 0: {'round': 4, 'step_no': 353, 'loss': 0.08601552248001099, 'accuracy': 0.943359375, 'l2_norm': 2.7658374309539795, 'computation_time': 0.04557609558105469, 'batch_time': 0.05018902334268205, 'rtc_check_time': 0.0032301000028382987, 'experiment_id': 'exp_20240620_204953', 'client_id': '0'}
[2024-06-20 20:50:51,846][root][INFO] - Added data to batch for client 0: {'round': 4, 'step_no': 354, 'loss': 0.21979017555713654, 'accuracy': 0.9435840845108032, 'l2_norm': 2.8066821098327637, 'computation_time': 0.041580915451049805, 'batch_time': 0.04778042544785421, 'rtc_check_time': 0.004931599993142299, 'experiment_id': 'exp_20240620_204953', 'client_id': '0'}
[2024-06-20 20:50:51,847][root][INFO] - Added data to batch for client 0: {'round': 4, 'step_no': 355, 'loss': 0.07895004749298096, 'accuracy': 0.9440789222717285, 'l2_norm': 2.827669143676758, 'computation_time': 0.0398859977722168, 'batch_time': 0.04538801376475021, 'rtc_check_time': 0.0044009989942424, 'experiment_id': 'exp_20240620_204953', 'client_id': '0'}
[2024-06-20 20:50:51,848][root][INFO] - Added data to batch for client 0: {'round': 4, 'step_no': 356, 'loss': 0.12038733065128326, 'accuracy': 0.9442934989929199, 'l2_norm': 2.828819513320923, 'computation_time': 0.04130101203918457, 'batch_time': 0.04583963879849762, 'rtc_check_time': 0.003363700001500547, 'experiment_id': 'exp_20240620_204953', 'client_id': '0'}
[2024-06-20 20:50:51,849][root][INFO] - Added data to batch for client 0: {'round': 4, 'step_no': 357, 'loss': 0.056738995015621185, 'accuracy': 0.9445043206214905, 'l2_norm': 2.8473498821258545, 'computation_time': 0.04277992248535156, 'batch_time': 0.045413707513944246, 'rtc_check_time': 0.0014888990117469802, 'experiment_id': 'exp_20240620_204953', 'client_id': '0'}
[2024-06-20 20:50:51,850][root][INFO] - Added data to batch for client 0: {'round': 4, 'step_no': 358, 'loss': 0.09442296624183655, 'accuracy': 0.9447115659713745, 'l2_norm': 2.8679287433624268, 'computation_time': 0.04084491729736328, 'batch_time': 0.04356773912149947, 'rtc_check_time': 0.0014778000040678307, 'experiment_id': 'exp_20240620_204953', 'client_id': '0'}
[2024-06-20 20:50:51,851][root][INFO] - Added data to batch for client 0: {'round': 4, 'step_no': 359, 'loss': 0.04565513879060745, 'accuracy': 0.9451800584793091, 'l2_norm': 2.865694046020508, 'computation_time': 0.040284156799316406, 'batch_time': 0.04528408402984496, 'rtc_check_time': 0.0038703000027453527, 'experiment_id': 'exp_20240620_204953', 'client_id': '0'}
[2024-06-20 20:50:51,852][root][INFO] - Added data to batch for client 0: {'round': 4, 'step_no': 360, 'loss': 0.17328165471553802, 'accuracy': 0.9451155662536621, 'l2_norm': 2.912461280822754, 'computation_time': 0.04152703285217285, 'batch_time': 0.048227501567453146, 'rtc_check_time': 0.005459500011056662, 'experiment_id': 'exp_20240620_204953', 'client_id': '0'}
[2024-06-20 20:50:51,853][root][INFO] - Added data to batch for client 0: {'round': 4, 'step_no': 361, 'loss': 0.17290671169757843, 'accuracy': 0.9450520873069763, 'l2_norm': 2.9934592247009277, 'computation_time': 0.03773307800292969, 'batch_time': 0.04313645100046415, 'rtc_check_time': 0.004271600002539344, 'experiment_id': 'exp_20240620_204953', 'client_id': '0'}
[2024-06-20 20:50:51,854][root][INFO] - Added data to batch for client 0: {'round': 4, 'step_no': 362, 'loss': 0.24159815907478333, 'accuracy': 0.9442148804664612, 'l2_norm': 3.0578625202178955, 'computation_time': 0.04081416130065918, 'batch_time': 0.04585200340079609, 'rtc_check_time': 0.003819999998086132, 'experiment_id': 'exp_20240620_204953', 'client_id': '0'}
[2024-06-20 20:50:51,856][root][INFO] - Added data to batch for client 0: {'round': 4, 'step_no': 363, 'loss': 0.31180882453918457, 'accuracy': 0.943647563457489, 'l2_norm': 3.158154249191284, 'computation_time': 0.04439496994018555, 'batch_time': 0.052942843234632164, 'rtc_check_time': 0.0067347000003792346, 'experiment_id': 'exp_20240620_204953', 'client_id': '0'}
[2024-06-20 20:50:51,857][root][INFO] - Added data to batch for client 0: {'round': 4, 'step_no': 364, 'loss': 0.4905765950679779, 'accuracy': 0.9430894255638123, 'l2_norm': 3.189615249633789, 'computation_time': 0.04488492012023926, 'batch_time': 0.05099647457245737, 'rtc_check_time': 0.004455499001778662, 'experiment_id': 'exp_20240620_204953', 'client_id': '0'}
[2024-06-20 20:50:51,857][root][INFO] - Added data to batch for client 0: {'round': 4, 'step_no': 365, 'loss': 0.13694129884243011, 'accuracy': 0.9432963728904724, 'l2_norm': 3.195139169692993, 'computation_time': 0.04686594009399414, 'batch_time': 0.058624121942557395, 'rtc_check_time': 0.010510299005545676, 'experiment_id': 'exp_20240620_204953', 'client_id': '0'}
[2024-06-20 20:50:51,858][root][INFO] - Added data to batch for client 0: {'round': 4, 'step_no': 366, 'loss': 0.3017914593219757, 'accuracy': 0.9432500004768372, 'l2_norm': 3.2457382678985596, 'computation_time': 0.058379173278808594, 'batch_time': 0.0636272946576355, 'rtc_check_time': 0.00400619900028687, 'experiment_id': 'exp_20240620_204953', 'client_id': '0'}
[2024-06-20 20:50:51,860][root][INFO] - Added data to batch for client 0: {'round': 4, 'step_no': 367, 'loss': 0.3194252550601959, 'accuracy': 0.9427083134651184, 'l2_norm': 3.2715609073638916, 'computation_time': 0.0434420108795166, 'batch_time': 0.04924922993814107, 'rtc_check_time': 0.004595099002472125, 'experiment_id': 'exp_20240620_204953', 'client_id': '0'}
[2024-06-20 20:50:51,861][root][INFO] - Added data to batch for client 0: {'round': 4, 'step_no': 368, 'loss': 0.047690510749816895, 'accuracy': 0.9431594610214233, 'l2_norm': 3.273934841156006, 'computation_time': 0.04147195816040039, 'batch_time': 0.04595145402709022, 'rtc_check_time': 0.003218500001821667, 'experiment_id': 'exp_20240620_204953', 'client_id': '0'}
[2024-06-20 20:50:51,862][root][INFO] - Added data to batch for client 0: {'round': 4, 'step_no': 369, 'loss': 0.17812885344028473, 'accuracy': 0.942626953125, 'l2_norm': 3.287052631378174, 'computation_time': 0.040183067321777344, 'batch_time': 0.04340481260442175, 'rtc_check_time': 0.0021069000067654997, 'experiment_id': 'exp_20240620_204953', 'client_id': '0'}
[2024-06-20 20:50:51,863][root][INFO] - Added data to batch for client 0: {'round': 4, 'step_no': 370, 'loss': 0.04189804941415787, 'accuracy': 0.943071722984314, 'l2_norm': 3.291978120803833, 'computation_time': 0.05512499809265137, 'batch_time': 0.05774539528647438, 'rtc_check_time': 0.0015375000075437129, 'experiment_id': 'exp_20240620_204953', 'client_id': '0'}
[2024-06-20 20:50:51,864][root][INFO] - Added data to batch for client 0: {'round': 4, 'step_no': 371, 'loss': 0.045108139514923096, 'accuracy': 0.9435096383094788, 'l2_norm': 3.293828248977661, 'computation_time': 0.04926609992980957, 'batch_time': 0.05199218100460712, 'rtc_check_time': 0.0015110999956959859, 'experiment_id': 'exp_20240620_204953', 'client_id': '0'}
[2024-06-20 20:50:51,865][root][INFO] - Added data to batch for client 0: {'round': 4, 'step_no': 372, 'loss': 0.04004722833633423, 'accuracy': 0.9439408183097839, 'l2_norm': 3.3088979721069336, 'computation_time': 0.046980857849121094, 'batch_time': 0.059307342395186424, 'rtc_check_time': 0.01113629899919033, 'experiment_id': 'exp_20240620_204953', 'client_id': '0'}
[2024-06-20 20:50:51,866][root][INFO] - Added data to batch for client 0: {'round': 4, 'step_no': 373, 'loss': 0.05458322912454605, 'accuracy': 0.9443655014038086, 'l2_norm': 3.3283350467681885, 'computation_time': 0.044415950775146484, 'batch_time': 0.049237952538533136, 'rtc_check_time': 0.003166899987263605, 'experiment_id': 'exp_20240620_204953', 'client_id': '0'}
[2024-06-20 20:50:51,867][root][INFO] - Added data to batch for client 0: {'round': 4, 'step_no': 374, 'loss': 0.17715007066726685, 'accuracy': 0.9443138837814331, 'l2_norm': 3.332594633102417, 'computation_time': 0.045220136642456055, 'batch_time': 0.04796329409873579, 'rtc_check_time': 0.0014824000099906698, 'experiment_id': 'exp_20240620_204953', 'client_id': '0'}
[2024-06-20 20:50:51,868][root][INFO] - Added data to batch for client 0: {'round': 4, 'step_no': 375, 'loss': 0.19620651006698608, 'accuracy': 0.9442630410194397, 'l2_norm': 3.4308133125305176, 'computation_time': 0.04032707214355469, 'batch_time': 0.044515794739709236, 'rtc_check_time': 0.0031187000131467357, 'experiment_id': 'exp_20240620_204953', 'client_id': '0'}
[2024-06-20 20:50:51,869][root][INFO] - Added data to batch for client 0: {'round': 4, 'step_no': 376, 'loss': 0.10773156583309174, 'accuracy': 0.9444444179534912, 'l2_norm': 3.43300724029541, 'computation_time': 0.03941488265991211, 'batch_time': 0.04375356700620614, 'rtc_check_time': 0.0031845000048633665, 'experiment_id': 'exp_20240620_204953', 'client_id': '0'}
[2024-06-20 20:50:51,870][root][INFO] - Added data to batch for client 0: {'round': 4, 'step_no': 377, 'loss': 0.3275962173938751, 'accuracy': 0.9441636204719543, 'l2_norm': 3.4708099365234375, 'computation_time': 0.04047894477844238, 'batch_time': 0.044362602435285226, 'rtc_check_time': 0.001983699999982491, 'experiment_id': 'exp_20240620_204953', 'client_id': '0'}
[2024-06-20 20:50:51,871][root][INFO] - Added data to batch for client 0: {'round': 4, 'step_no': 378, 'loss': 0.12339064478874207, 'accuracy': 0.944343090057373, 'l2_norm': 3.5108988285064697, 'computation_time': 0.03906416893005371, 'batch_time': 0.04424964269855991, 'rtc_check_time': 0.004020799009595066, 'experiment_id': 'exp_20240620_204953', 'client_id': '0'}
[2024-06-20 20:50:51,872][root][INFO] - Added data to batch for client 0: {'round': 4, 'step_no': 379, 'loss': 0.592235267162323, 'accuracy': 0.9438405632972717, 'l2_norm': 3.5635693073272705, 'computation_time': 0.04259300231933594, 'batch_time': 0.045519411767600104, 'rtc_check_time': 0.001655400003073737, 'experiment_id': 'exp_20240620_204953', 'client_id': '0'}
[2024-06-20 20:50:51,873][root][INFO] - Added data to batch for client 0: {'round': 4, 'step_no': 380, 'loss': 0.13992759585380554, 'accuracy': 0.9437949657440186, 'l2_norm': 3.5645034313201904, 'computation_time': 0.04285907745361328, 'batch_time': 0.045299165532924235, 'rtc_check_time': 0.0013920000055804849, 'experiment_id': 'exp_20240620_204953', 'client_id': '0'}
[2024-06-20 20:50:51,874][root][INFO] - Added data to batch for client 0: {'round': 4, 'step_no': 381, 'loss': 0.23681366443634033, 'accuracy': 0.9433035850524902, 'l2_norm': 3.6181373596191406, 'computation_time': 0.03988504409790039, 'batch_time': 0.04556702835543547, 'rtc_check_time': 0.00457000000460539, 'experiment_id': 'exp_20240620_204953', 'client_id': '0'}
[2024-06-20 20:50:51,875][root][INFO] - Added data to batch for client 0: {'round': 4, 'step_no': 382, 'loss': 0.1972312033176422, 'accuracy': 0.9430407881736755, 'l2_norm': 3.6642873287200928, 'computation_time': 0.041710853576660156, 'batch_time': 0.04549396211223211, 'rtc_check_time': 0.002469899001880549, 'experiment_id': 'exp_20240620_204953', 'client_id': '0'}
[2024-06-20 20:50:51,877][root][INFO] - Added data to batch for client 0: {'round': 4, 'step_no': 383, 'loss': 0.21101164817810059, 'accuracy': 0.9425616264343262, 'l2_norm': 3.6487197875976562, 'computation_time': 0.04939007759094238, 'batch_time': 0.05575581346056424, 'rtc_check_time': 0.00515599999926053, 'experiment_id': 'exp_20240620_204953', 'client_id': '0'}
[2024-06-20 20:50:51,878][root][INFO] - Added data to batch for client 0: {'round': 4, 'step_no': 384, 'loss': 0.12893399596214294, 'accuracy': 0.9429633021354675, 'l2_norm': 3.7112226486206055, 'computation_time': 0.04313182830810547, 'batch_time': 0.04786419228184968, 'rtc_check_time': 0.003593200002796948, 'experiment_id': 'exp_20240620_204953', 'client_id': '0'}
[2024-06-20 20:50:51,879][root][INFO] - Added data to batch for client 0: {'round': 4, 'step_no': 385, 'loss': 0.06454665958881378, 'accuracy': 0.943359375, 'l2_norm': 3.7127127647399902, 'computation_time': 0.04007101058959961, 'batch_time': 0.04373971356835682, 'rtc_check_time': 0.0025807990023167804, 'experiment_id': 'exp_20240620_204953', 'client_id': '0'}
[2024-06-20 20:50:51,880][root][INFO] - Added data to batch for client 0: {'round': 4, 'step_no': 386, 'loss': 0.16243912279605865, 'accuracy': 0.9433189630508423, 'l2_norm': 3.740003824234009, 'computation_time': 0.04369401931762695, 'batch_time': 0.048549959872616455, 'rtc_check_time': 0.003031800006283447, 'experiment_id': 'exp_20240620_204953', 'client_id': '0'}
[2024-06-20 20:50:51,881][root][INFO] - Added data to batch for client 0: {'round': 4, 'step_no': 387, 'loss': 0.18693313002586365, 'accuracy': 0.9432790875434875, 'l2_norm': 3.7639312744140625, 'computation_time': 0.04377293586730957, 'batch_time': 0.047885203777696006, 'rtc_check_time': 0.0024399999965680763, 'experiment_id': 'exp_20240620_204953', 'client_id': '0'}
[2024-06-20 20:50:51,882][root][INFO] - Added data to batch for client 0: {'round': 4, 'step_no': 388, 'loss': 0.06260064244270325, 'accuracy': 0.9436649680137634, 'l2_norm': 3.791846752166748, 'computation_time': 0.039482831954956055, 'batch_time': 0.04403082866338082, 'rtc_check_time': 0.003419799992116168, 'experiment_id': 'exp_20240620_204953', 'client_id': '0'}
[2024-06-20 20:50:51,883][root][INFO] - Added data to batch for client 0: {'round': 4, 'step_no': 389, 'loss': 0.06706893444061279, 'accuracy': 0.9438344836235046, 'l2_norm': 3.8062989711761475, 'computation_time': 0.04492497444152832, 'batch_time': 0.04896214017935563, 'rtc_check_time': 0.0020539999968605116, 'experiment_id': 'exp_20240620_204953', 'client_id': '0'}
[2024-06-20 20:50:51,884][root][INFO] - Added data to batch for client 0: {'round': 4, 'step_no': 390, 'loss': 0.01895764097571373, 'accuracy': 0.9442114233970642, 'l2_norm': 3.8150179386138916, 'computation_time': 0.04489898681640625, 'batch_time': 0.04782854193763342, 'rtc_check_time': 0.0016985999973258004, 'experiment_id': 'exp_20240620_204953', 'client_id': '0'}
[2024-06-20 20:50:51,885][root][INFO] - Added data to batch for client 0: {'round': 4, 'step_no': 391, 'loss': 0.34394392371177673, 'accuracy': 0.9441666603088379, 'l2_norm': 3.8313236236572266, 'computation_time': 0.04061603546142578, 'batch_time': 0.046981471838080324, 'rtc_check_time': 0.005249399007880129, 'experiment_id': 'exp_20240620_204953', 'client_id': '0'}
[2024-06-20 20:50:51,886][root][INFO] - Added data to batch for client 0: {'round': 4, 'step_no': 392, 'loss': 0.1231694370508194, 'accuracy': 0.9443294405937195, 'l2_norm': 3.8645212650299072, 'computation_time': 0.04006600379943848, 'batch_time': 0.04515116954280529, 'rtc_check_time': 0.003913100008503534, 'experiment_id': 'exp_20240620_204953', 'client_id': '0'}
[2024-06-20 20:50:51,887][root][INFO] - Added data to batch for client 0: {'round': 4, 'step_no': 393, 'loss': 0.04290279000997543, 'accuracy': 0.9446957111358643, 'l2_norm': 3.8730311393737793, 'computation_time': 0.04415488243103027, 'batch_time': 0.048043963601230644, 'rtc_check_time': 0.002631900002597831, 'experiment_id': 'exp_20240620_204953', 'client_id': '0'}
[2024-06-20 20:50:51,888][root][INFO] - Added data to batch for client 0: {'round': 4, 'step_no': 394, 'loss': 0.12159448117017746, 'accuracy': 0.9446486830711365, 'l2_norm': 3.896019697189331, 'computation_time': 0.041918039321899414, 'batch_time': 0.04453802609350532, 'rtc_check_time': 0.0014421989908441901, 'experiment_id': 'exp_20240620_204953', 'client_id': '0'}
[2024-06-20 20:50:51,889][root][INFO] - Added data to batch for client 0: {'round': 4, 'step_no': 395, 'loss': 0.0690416693687439, 'accuracy': 0.9450080990791321, 'l2_norm': 3.9430556297302246, 'computation_time': 0.04139089584350586, 'batch_time': 0.05143478521495126, 'rtc_check_time': 0.008709699002793059, 'experiment_id': 'exp_20240620_204953', 'client_id': '0'}
[2024-06-20 20:50:51,890][root][INFO] - Added data to batch for client 0: {'round': 4, 'step_no': 396, 'loss': 0.20495422184467316, 'accuracy': 0.9449597001075745, 'l2_norm': 4.013360023498535, 'computation_time': 0.04841780662536621, 'batch_time': 0.05297567445086315, 'rtc_check_time': 0.002927800000179559, 'experiment_id': 'exp_20240620_204953', 'client_id': '0'}
[2024-06-20 20:50:51,891][root][INFO] - Added data to batch for client 0: {'round': 4, 'step_no': 397, 'loss': 0.1502232849597931, 'accuracy': 0.9447115659713745, 'l2_norm': 4.07422399520874, 'computation_time': 0.0398869514465332, 'batch_time': 0.045471259029000066, 'rtc_check_time': 0.004388399989693426, 'experiment_id': 'exp_20240620_204953', 'client_id': '0'}
[2024-06-20 20:50:51,892][root][INFO] - Added data to batch for client 0: {'round': 4, 'step_no': 398, 'loss': 0.1035899966955185, 'accuracy': 0.9446656107902527, 'l2_norm': 4.153263092041016, 'computation_time': 0.03998613357543945, 'batch_time': 0.04603386756207328, 'rtc_check_time': 0.004656799996155314, 'experiment_id': 'exp_20240620_204953', 'client_id': '0'}
[2024-06-20 20:50:51,893][root][INFO] - Added data to batch for client 0: {'round': 4, 'step_no': 399, 'loss': 0.19715414941310883, 'accuracy': 0.9446202516555786, 'l2_norm': 4.191092491149902, 'computation_time': 0.04386186599731445, 'batch_time': 0.0484036834386643, 'rtc_check_time': 0.0032298000005539507, 'experiment_id': 'exp_20240620_204953', 'client_id': '0'}
[2024-06-20 20:50:51,895][root][INFO] - Added data to batch for client 0: {'round': 4, 'step_no': 400, 'loss': 0.22648707032203674, 'accuracy': 0.9443789124488831, 'l2_norm': 4.183149337768555, 'computation_time': 0.04550004005432129, 'batch_time': 0.04845830755948555, 'rtc_check_time': 0.0017533000063849613, 'experiment_id': 'exp_20240620_204953', 'client_id': '0'}
[2024-06-20 20:50:51,896][root][INFO] - Added data to batch for client 0: {'round': 4, 'step_no': 401, 'loss': 0.08111825585365295, 'accuracy': 0.9447265863418579, 'l2_norm': 4.195749759674072, 'computation_time': 0.04244518280029297, 'batch_time': 0.047486393043072894, 'rtc_check_time': 0.0033904000010807067, 'experiment_id': 'exp_20240620_204953', 'client_id': '0'}
[2024-06-20 20:50:51,897][root][INFO] - Added data to batch for client 0: {'round': 4, 'step_no': 402, 'loss': 0.26286396384239197, 'accuracy': 0.9444875717163086, 'l2_norm': 4.265055179595947, 'computation_time': 0.040473222732543945, 'batch_time': 0.0440340556378942, 'rtc_check_time': 0.0024200000043492764, 'experiment_id': 'exp_20240620_204953', 'client_id': '0'}
[2024-06-20 20:50:51,898][root][INFO] - Added data to batch for client 0: {'round': 4, 'step_no': 403, 'loss': 0.1426945924758911, 'accuracy': 0.9444444179534912, 'l2_norm': 4.313049793243408, 'computation_time': 0.05279898643493652, 'batch_time': 0.055767496523912996, 'rtc_check_time': 0.0016583999968133867, 'experiment_id': 'exp_20240620_204953', 'client_id': '0'}
[2024-06-20 20:50:51,899][root][INFO] - Added data to batch for client 0: {'round': 4, 'step_no': 404, 'loss': 0.06781556457281113, 'accuracy': 0.9445935487747192, 'l2_norm': 4.352723121643066, 'computation_time': 0.03995108604431152, 'batch_time': 0.043771343494881876, 'rtc_check_time': 0.00255950000428129, 'experiment_id': 'exp_20240620_204953', 'client_id': '0'}
[2024-06-20 20:50:51,900][root][INFO] - Added data to batch for client 0: {'round': 4, 'step_no': 405, 'loss': 0.21647074818611145, 'accuracy': 0.9445502758026123, 'l2_norm': 4.406241416931152, 'computation_time': 0.040863037109375, 'batch_time': 0.043785574947833084, 'rtc_check_time': 0.0018517999997129664, 'experiment_id': 'exp_20240620_204953', 'client_id': '0'}
[2024-06-20 20:50:51,901][root][INFO] - Added data to batch for client 0: {'round': 4, 'step_no': 406, 'loss': 0.20908284187316895, 'accuracy': 0.9445075988769531, 'l2_norm': 4.455849647521973, 'computation_time': 0.039916038513183594, 'batch_time': 0.04417850940080825, 'rtc_check_time': 0.003124499009572901, 'experiment_id': 'exp_20240620_204953', 'client_id': '0'}
[2024-06-20 20:50:51,902][root][INFO] - Added data to batch for client 0: {'round': 4, 'step_no': 407, 'loss': 0.3374212980270386, 'accuracy': 0.9439005851745605, 'l2_norm': 4.529125690460205, 'computation_time': 0.044631004333496094, 'batch_time': 0.0504140517587075, 'rtc_check_time': 0.004514899002970196, 'experiment_id': 'exp_20240620_204953', 'client_id': '0'}
[2024-06-20 20:50:51,903][root][INFO] - Added data to batch for client 0: {'round': 4, 'step_no': 408, 'loss': 0.2045300155878067, 'accuracy': 0.94367516040802, 'l2_norm': 4.519288539886475, 'computation_time': 0.04297590255737305, 'batch_time': 0.04684321573586203, 'rtc_check_time': 0.0027024000009987503, 'experiment_id': 'exp_20240620_204953', 'client_id': '0'}
[2024-06-20 20:50:51,904][root][INFO] - Added data to batch for client 0: {'round': 4, 'step_no': 409, 'loss': 0.32826149463653564, 'accuracy': 0.9432663917541504, 'l2_norm': 4.625730991363525, 'computation_time': 0.045207977294921875, 'batch_time': 0.04853684532281477, 'rtc_check_time': 0.0018706999981077388, 'experiment_id': 'exp_20240620_204953', 'client_id': '0'}
[2024-06-20 20:50:51,905][root][INFO] - Added data to batch for client 0: {'round': 4, 'step_no': 410, 'loss': 0.15835776925086975, 'accuracy': 0.9434171319007874, 'l2_norm': 4.668885231018066, 'computation_time': 0.060806989669799805, 'batch_time': 0.06501900896546431, 'rtc_check_time': 0.002616999001475051, 'experiment_id': 'exp_20240620_204953', 'client_id': '0'}
[2024-06-20 20:50:51,906][root][INFO] - Added data to batch for client 0: {'round': 4, 'step_no': 411, 'loss': 0.06994021683931351, 'accuracy': 0.9437500238418579, 'l2_norm': 4.661350727081299, 'computation_time': 0.05780291557312012, 'batch_time': 0.06300391755939927, 'rtc_check_time': 0.002698798998608254, 'experiment_id': 'exp_20240620_204953', 'client_id': '0'}
[2024-06-20 20:50:51,907][root][INFO] - Added data to batch for client 0: {'round': 4, 'step_no': 412, 'loss': 0.17361731827259064, 'accuracy': 0.9437134265899658, 'l2_norm': 4.682907581329346, 'computation_time': 0.052026987075805664, 'batch_time': 0.06244863373285625, 'rtc_check_time': 0.00897849899774883, 'experiment_id': 'exp_20240620_204953', 'client_id': '0'}
[2024-06-20 20:50:51,908][root][INFO] - Added data to batch for client 0: {'round': 4, 'step_no': 413, 'loss': 0.14730359613895416, 'accuracy': 0.9436773061752319, 'l2_norm': 4.66375732421875, 'computation_time': 0.05858778953552246, 'batch_time': 0.06105552152439486, 'rtc_check_time': 0.0014926000003470108, 'experiment_id': 'exp_20240620_204953', 'client_id': '0'}
[2024-06-20 20:50:51,910][root][INFO] - Added data to batch for client 0: {'round': 4, 'step_no': 414, 'loss': 0.34218528866767883, 'accuracy': 0.943461000919342, 'l2_norm': 4.6924238204956055, 'computation_time': 0.04116201400756836, 'batch_time': 0.04513640493678395, 'rtc_check_time': 0.0026433000020915642, 'experiment_id': 'exp_20240620_204953', 'client_id': '0'}
[2024-06-20 20:50:51,911][root][INFO] - Added data to batch for client 0: {'round': 4, 'step_no': 415, 'loss': 0.14616705477237701, 'accuracy': 0.9436063170433044, 'l2_norm': 4.71317720413208, 'computation_time': 0.045706987380981445, 'batch_time': 0.048091689590364695, 'rtc_check_time': 0.0013296999968588352, 'experiment_id': 'exp_20240620_204953', 'client_id': '0'}
[2024-06-20 20:50:51,912][root][INFO] - Added data to batch for client 0: {'round': 4, 'step_no': 416, 'loss': 0.1712883561849594, 'accuracy': 0.9435714483261108, 'l2_norm': 4.749736309051514, 'computation_time': 0.03895306587219238, 'batch_time': 0.042601184075465426, 'rtc_check_time': 0.0025110999995376915, 'experiment_id': 'exp_20240620_204953', 'client_id': '0'}
[2024-06-20 20:50:51,913][root][INFO] - Added data to batch for client 0: {'round': 4, 'step_no': 417, 'loss': 0.024348609149456024, 'accuracy': 0.9438920617103577, 'l2_norm': 4.756683349609375, 'computation_time': 0.04066205024719238, 'batch_time': 0.045331825749599375, 'rtc_check_time': 0.0034238000080222264, 'experiment_id': 'exp_20240620_204953', 'client_id': '0'}
[2024-06-20 20:50:51,914][root][INFO] - Added data to batch for client 0: {'round': 4, 'step_no': 418, 'loss': 0.1282733976840973, 'accuracy': 0.9440324902534485, 'l2_norm': 4.786344051361084, 'computation_time': 0.040860891342163086, 'batch_time': 0.04348693428619299, 'rtc_check_time': 0.001540999990538694, 'experiment_id': 'exp_20240620_204953', 'client_id': '0'}
[2024-06-20 20:50:51,915][root][INFO] - Added data to batch for client 0: {'round': 4, 'step_no': 419, 'loss': 0.1569591760635376, 'accuracy': 0.9441713690757751, 'l2_norm': 4.793498516082764, 'computation_time': 0.040580034255981445, 'batch_time': 0.04566740492009558, 'rtc_check_time': 0.003985399991506711, 'experiment_id': 'exp_20240620_204953', 'client_id': '0'}
[2024-06-20 20:50:51,916][root][INFO] - Added data to batch for client 0: {'round': 4, 'step_no': 420, 'loss': 0.18607690930366516, 'accuracy': 0.9441340565681458, 'l2_norm': 4.807276248931885, 'computation_time': 0.04034280776977539, 'batch_time': 0.04297298793972004, 'rtc_check_time': 0.0015809000033186749, 'experiment_id': 'exp_20240620_204953', 'client_id': '0'}
[2024-06-20 20:50:51,917][root][INFO] - Added data to batch for client 0: {'round': 4, 'step_no': 421, 'loss': 0.07332239300012589, 'accuracy': 0.9444444179534912, 'l2_norm': 4.813467502593994, 'computation_time': 0.04082202911376953, 'batch_time': 0.044614831887884066, 'rtc_check_time': 0.002532999002141878, 'experiment_id': 'exp_20240620_204953', 'client_id': '0'}
[2024-06-20 20:50:51,918][root][INFO] - Added data to batch for client 0: {'round': 4, 'step_no': 422, 'loss': 0.07934991270303726, 'accuracy': 0.9445787072181702, 'l2_norm': 4.848046779632568, 'computation_time': 0.044651031494140625, 'batch_time': 0.05054182176536415, 'rtc_check_time': 0.0045987999910721555, 'experiment_id': 'exp_20240620_204953', 'client_id': '0'}
[2024-06-20 20:50:51,920][root][INFO] - Added data to batch for client 0: {'round': 4, 'step_no': 423, 'loss': 0.09520723670721054, 'accuracy': 0.9447115659713745, 'l2_norm': 4.888698577880859, 'computation_time': 0.05460190773010254, 'batch_time': 0.063024629780557, 'rtc_check_time': 0.006794799992348999, 'experiment_id': 'exp_20240620_204953', 'client_id': '0'}
[2024-06-20 20:50:51,921][root][INFO] - Added data to batch for client 0: {'round': 4, 'step_no': 424, 'loss': 0.07661768794059753, 'accuracy': 0.9448428750038147, 'l2_norm': 4.88932466506958, 'computation_time': 0.04389190673828125, 'batch_time': 0.051623678067699075, 'rtc_check_time': 0.006382799008861184, 'experiment_id': 'exp_20240620_204953', 'client_id': '0'}
[2024-06-20 20:50:51,922][root][INFO] - Added data to batch for client 0: {'round': 4, 'step_no': 425, 'loss': 0.23427602648735046, 'accuracy': 0.94480299949646, 'l2_norm': 4.915380954742432, 'computation_time': 0.04495811462402344, 'batch_time': 0.047543608729029074, 'rtc_check_time': 0.0013574000040534884, 'experiment_id': 'exp_20240620_204953', 'client_id': '0'}
[2024-06-20 20:50:51,923][root][INFO] - Added data to batch for client 0: {'round': 4, 'step_no': 426, 'loss': 0.1019863486289978, 'accuracy': 0.9449324607849121, 'l2_norm': 4.9618072509765625, 'computation_time': 0.04340505599975586, 'batch_time': 0.05000490171369165, 'rtc_check_time': 0.005273999995552003, 'experiment_id': 'exp_20240620_204953', 'client_id': '0'}
[2024-06-20 20:50:51,924][root][INFO] - Added data to batch for client 0: {'round': 4, 'step_no': 427, 'loss': 0.17349672317504883, 'accuracy': 0.944724440574646, 'l2_norm': 4.99440860748291, 'computation_time': 0.04131603240966797, 'batch_time': 0.04697288970055524, 'rtc_check_time': 0.004528898993157782, 'experiment_id': 'exp_20240620_204953', 'client_id': '0'}
[2024-06-20 20:50:51,925][root][INFO] - Added data to batch for client 0: {'round': 4, 'step_no': 428, 'loss': 0.2832702398300171, 'accuracy': 0.9446858167648315, 'l2_norm': 5.0632243156433105, 'computation_time': 0.04005885124206543, 'batch_time': 0.044396747965947725, 'rtc_check_time': 0.003001799006597139, 'experiment_id': 'exp_20240620_204953', 'client_id': '0'}
[2024-06-20 20:50:51,926][root][INFO] - Added data to batch for client 0: {'round': 4, 'step_no': 429, 'loss': 0.03845703601837158, 'accuracy': 0.9449800252914429, 'l2_norm': 5.059515953063965, 'computation_time': 0.04321002960205078, 'batch_time': 0.04665178319555707, 'rtc_check_time': 0.0018607999954838306, 'experiment_id': 'exp_20240620_204953', 'client_id': '0'}
[2024-06-20 20:50:51,926][root][INFO] - Added batch data list for client 0. New Data Added: 188
[2024-06-20 20:50:51,931][root][INFO] - Batch data saved to /home/psklavos/fl/geom_aio/csv_logs/exp_20240620_204953/clients/client_0/batch.csv
[2024-06-20 20:50:51,931][root][INFO] - Appended data to last row of column distributed_loss in server data for client None
[2024-06-20 20:50:51,931][root][INFO] - Appended data to last row of column distributed_acc in server data for client None
[2024-06-20 20:50:51,931][root][INFO] - Appended {'distributed_loss': 0.12547879169384638, 'distributed_acc': 0.9621666868527731} to the last row of server data
[2024-06-20 20:50:51,932][root][INFO] - Server data saved to /home/psklavos/fl/geom_aio/csv_logs/exp_20240620_204953/server/server.csv
[2024-06-20 20:50:56,226][flwr][DEBUG] - fit_round 5: strategy sampled 3 clients (out of 3)
[2024-06-20 20:51:07,967][flwr][DEBUG] - fit_round 5 received 3 results and 0 failures
[2024-06-20 20:51:07,972][root][INFO] - Added data to server for client None: {'round': 5, 'average_norm': 5.020740509033203, 'round_time': 13.085921474167481, 'average_downlink_time': 0.67931917, 'average_rtc_check_time': 0.8103012233186746, 'average_uplink_time': 0.46634734866666666, 'average_computation_time': 10.205755790074667, 'average_communication_time': 1.9559677419853412, 'average_fit_time': 11.717151006062826, 'average_throughput': 5.311861123250535, 'dropouts': 0, 'experiment_id': 'exp_20240620_204953'}
[2024-06-20 20:51:07,972][root][INFO] - Added server data: {'round': 5, 'average_norm': 5.020740509033203, 'round_time': 13.085921474167481, 'average_downlink_time': 0.67931917, 'average_rtc_check_time': 0.8103012233186746, 'average_uplink_time': 0.46634734866666666, 'average_computation_time': 10.205755790074667, 'average_communication_time': 1.9559677419853412, 'average_fit_time': 11.717151006062826, 'average_throughput': 5.311861123250535, 'dropouts': 0, 'experiment_id': 'exp_20240620_204953'}
[2024-06-20 20:51:08,034][utils.model][INFO] - LeNet model built
[2024-06-20 20:51:08,153][utils.model][INFO] - Size of serialized model: 279.0341796875 kbytes
[2024-06-20 20:51:08,229][utils.model][INFO] - Step 1/40 - val_loss: 0.0445 - val_accuracy: 0.9883
[2024-06-20 20:51:08,249][utils.model][INFO] - Step 2/40 - val_loss: 0.0764 - val_accuracy: 0.9766
[2024-06-20 20:51:08,269][utils.model][INFO] - Step 3/40 - val_loss: 0.0876 - val_accuracy: 0.9701
[2024-06-20 20:51:08,289][utils.model][INFO] - Step 4/40 - val_loss: 0.0925 - val_accuracy: 0.9678
[2024-06-20 20:51:08,309][utils.model][INFO] - Step 5/40 - val_loss: 0.1007 - val_accuracy: 0.9648
[2024-06-20 20:51:08,328][utils.model][INFO] - Step 6/40 - val_loss: 0.1075 - val_accuracy: 0.9629
[2024-06-20 20:51:08,347][utils.model][INFO] - Step 7/40 - val_loss: 0.1105 - val_accuracy: 0.9637
[2024-06-20 20:51:08,366][utils.model][INFO] - Step 8/40 - val_loss: 0.1116 - val_accuracy: 0.9629
[2024-06-20 20:51:08,383][utils.model][INFO] - Step 9/40 - val_loss: 0.1164 - val_accuracy: 0.9614
[2024-06-20 20:51:08,402][utils.model][INFO] - Step 10/40 - val_loss: 0.1147 - val_accuracy: 0.9613
[2024-06-20 20:51:08,419][utils.model][INFO] - Step 11/40 - val_loss: 0.1117 - val_accuracy: 0.9634
[2024-06-20 20:51:08,438][utils.model][INFO] - Step 12/40 - val_loss: 0.1121 - val_accuracy: 0.9632
[2024-06-20 20:51:08,456][utils.model][INFO] - Step 13/40 - val_loss: 0.1099 - val_accuracy: 0.9642
[2024-06-20 20:51:08,475][utils.model][INFO] - Step 14/40 - val_loss: 0.1107 - val_accuracy: 0.9640
[2024-06-20 20:51:08,495][utils.model][INFO] - Step 15/40 - val_loss: 0.1123 - val_accuracy: 0.9638
[2024-06-20 20:51:08,514][utils.model][INFO] - Step 16/40 - val_loss: 0.1131 - val_accuracy: 0.9634
[2024-06-20 20:51:08,535][utils.model][INFO] - Step 17/40 - val_loss: 0.1141 - val_accuracy: 0.9630
[2024-06-20 20:51:08,554][utils.model][INFO] - Step 18/40 - val_loss: 0.1139 - val_accuracy: 0.9627
[2024-06-20 20:51:08,571][utils.model][INFO] - Step 19/40 - val_loss: 0.1136 - val_accuracy: 0.9626
[2024-06-20 20:51:08,590][utils.model][INFO] - Step 20/40 - val_loss: 0.1118 - val_accuracy: 0.9635
[2024-06-20 20:51:08,608][utils.model][INFO] - Step 21/40 - val_loss: 0.1085 - val_accuracy: 0.9645
[2024-06-20 20:51:08,626][utils.model][INFO] - Step 22/40 - val_loss: 0.1049 - val_accuracy: 0.9657
[2024-06-20 20:51:08,645][utils.model][INFO] - Step 23/40 - val_loss: 0.1036 - val_accuracy: 0.9664
[2024-06-20 20:51:08,663][utils.model][INFO] - Step 24/40 - val_loss: 0.1035 - val_accuracy: 0.9666
[2024-06-20 20:51:08,683][utils.model][INFO] - Step 25/40 - val_loss: 0.1000 - val_accuracy: 0.9678
[2024-06-20 20:51:08,701][utils.model][INFO] - Step 26/40 - val_loss: 0.1014 - val_accuracy: 0.9680
[2024-06-20 20:51:08,719][utils.model][INFO] - Step 27/40 - val_loss: 0.0994 - val_accuracy: 0.9686
[2024-06-20 20:51:08,738][utils.model][INFO] - Step 28/40 - val_loss: 0.0970 - val_accuracy: 0.9692
[2024-06-20 20:51:08,756][utils.model][INFO] - Step 29/40 - val_loss: 0.0946 - val_accuracy: 0.9700
[2024-06-20 20:51:08,775][utils.model][INFO] - Step 30/40 - val_loss: 0.0928 - val_accuracy: 0.9707
[2024-06-20 20:51:08,795][utils.model][INFO] - Step 31/40 - val_loss: 0.0913 - val_accuracy: 0.9711
[2024-06-20 20:51:08,816][utils.model][INFO] - Step 32/40 - val_loss: 0.0898 - val_accuracy: 0.9717
[2024-06-20 20:51:08,836][utils.model][INFO] - Step 33/40 - val_loss: 0.0882 - val_accuracy: 0.9721
[2024-06-20 20:51:08,854][utils.model][INFO] - Step 34/40 - val_loss: 0.0862 - val_accuracy: 0.9728
[2024-06-20 20:51:08,873][utils.model][INFO] - Step 35/40 - val_loss: 0.0838 - val_accuracy: 0.9735
[2024-06-20 20:51:08,892][utils.model][INFO] - Step 36/40 - val_loss: 0.0828 - val_accuracy: 0.9738
[2024-06-20 20:51:08,911][utils.model][INFO] - Step 37/40 - val_loss: 0.0810 - val_accuracy: 0.9745
[2024-06-20 20:51:08,931][utils.model][INFO] - Step 38/40 - val_loss: 0.0809 - val_accuracy: 0.9744
[2024-06-20 20:51:08,950][utils.model][INFO] - Step 39/40 - val_loss: 0.0845 - val_accuracy: 0.9735
[2024-06-20 20:51:08,960][utils.model][INFO] - Step 40/40 - val_loss: 0.0825 - val_accuracy: 0.9735
[2024-06-20 20:51:08,962][utils.model][INFO] - Evaluation Results - Val Loss: 0.0825, Val Accuracy: 0.9735 in 40 steps
[2024-06-20 20:51:08,963][root][INFO] - Appended data to last row of column centralized_loss in server data for client None
[2024-06-20 20:51:08,963][root][INFO] - Appended data to last row of column centralized_acc in server data for client None
[2024-06-20 20:51:08,963][root][INFO] - Appended {'centralized_loss': 0.08249634, 'centralized_acc': 0.9735} to the last row of server data
[2024-06-20 20:51:08,964][flwr][INFO] - fit progress: (5, 0.08249634, {'accuracy': 0.9735}, 64.04912936399342)
[2024-06-20 20:51:08,964][flwr][DEBUG] - evaluate_round 5: strategy sampled 3 clients (out of 3)
[2024-06-20 20:51:09,547][flwr][DEBUG] - evaluate_round 5 received 3 results and 0 failures
[2024-06-20 20:51:09,549][root][INFO] - Added data to epoch for client 0: {'round': 5, 'epoch_steps': 223, 'total_steps': 652, 'l2_norm': 5.138221263885498, 'total_computation_time': 10.17714238166809, 'total_rtc_check_time': 0.8339512229431421, 'total_duration': 11.715287923812866, 'val_loss': 0.10117586702108383, 'val_accuracy': 0.972000002861023, 'experiment_id': 'exp_20240620_204953', 'client_id': '0'}
[2024-06-20 20:51:09,549][root][INFO] - Added epoch data for client 0: {'round': 5, 'epoch_steps': 223, 'total_steps': 652, 'l2_norm': 5.138221263885498, 'total_computation_time': 10.17714238166809, 'total_rtc_check_time': 0.8339512229431421, 'total_duration': 11.715287923812866, 'val_loss': 0.10117586702108383, 'val_accuracy': 0.972000002861023, 'experiment_id': 'exp_20240620_204953', 'client_id': '0'}
[2024-06-20 20:51:09,550][root][INFO] - Epoch data saved to /home/psklavos/fl/geom_aio/csv_logs/exp_20240620_204953/clients/client_0/epoch.csv
[2024-06-20 20:51:09,551][root][INFO] - Added data to batch for client 0: {'round': 5, 'step_no': 430, 'loss': 0.16245660185813904, 'accuracy': 0.90625, 'l2_norm': 0.041317686438560486, 'computation_time': 0.05722808837890625, 'batch_time': 0.06059770385036245, 'rtc_check_time': 0.0019185999990440905, 'experiment_id': 'exp_20240620_204953', 'client_id': '0'}
[2024-06-20 20:51:09,552][root][INFO] - Added data to batch for client 0: {'round': 5, 'step_no': 431, 'loss': 0.11722502112388611, 'accuracy': 0.90625, 'l2_norm': 0.05902069807052612, 'computation_time': 0.07320308685302734, 'batch_time': 0.07658252269902732, 'rtc_check_time': 0.0019134000031044707, 'experiment_id': 'exp_20240620_204953', 'client_id': '0'}
[2024-06-20 20:51:09,553][root][INFO] - Added data to batch for client 0: {'round': 5, 'step_no': 432, 'loss': 0.23739242553710938, 'accuracy': 0.9270833134651184, 'l2_norm': 0.09850125014781952, 'computation_time': 0.05994009971618652, 'batch_time': 0.06570607522735372, 'rtc_check_time': 0.003708900010678917, 'experiment_id': 'exp_20240620_204953', 'client_id': '0'}
[2024-06-20 20:51:09,554][root][INFO] - Added data to batch for client 0: {'round': 5, 'step_no': 433, 'loss': 0.029374120756983757, 'accuracy': 0.9453125, 'l2_norm': 0.10896629095077515, 'computation_time': 0.0580899715423584, 'batch_time': 0.06379643092805054, 'rtc_check_time': 0.004328399998485111, 'experiment_id': 'exp_20240620_204953', 'client_id': '0'}
[2024-06-20 20:51:09,555][root][INFO] - Added data to batch for client 0: {'round': 5, 'step_no': 434, 'loss': 0.09573880583047867, 'accuracy': 0.956250011920929, 'l2_norm': 0.11511340737342834, 'computation_time': 0.05845284461975098, 'batch_time': 0.06202155933715403, 'rtc_check_time': 0.001942700007930398, 'experiment_id': 'exp_20240620_204953', 'client_id': '0'}
[2024-06-20 20:51:09,556][root][INFO] - Added data to batch for client 0: {'round': 5, 'step_no': 435, 'loss': 0.3463391959667206, 'accuracy': 0.9479166865348816, 'l2_norm': 0.18490685522556305, 'computation_time': 0.05727195739746094, 'batch_time': 0.06281751085771248, 'rtc_check_time': 0.004097399010788649, 'experiment_id': 'exp_20240620_204953', 'client_id': '0'}
[2024-06-20 20:51:09,558][root][INFO] - Added data to batch for client 0: {'round': 5, 'step_no': 436, 'loss': 0.2087976038455963, 'accuracy': 0.9508928656578064, 'l2_norm': 0.2023705393075943, 'computation_time': 0.05700492858886719, 'batch_time': 0.060645121600828134, 'rtc_check_time': 0.001851099994382821, 'experiment_id': 'exp_20240620_204953', 'client_id': '0'}
[2024-06-20 20:51:09,559][root][INFO] - Added data to batch for client 0: {'round': 5, 'step_no': 437, 'loss': 0.0445353202521801, 'accuracy': 0.95703125, 'l2_norm': 0.18889501690864563, 'computation_time': 0.06241297721862793, 'batch_time': 0.06738906080136076, 'rtc_check_time': 0.0036469000042416155, 'experiment_id': 'exp_20240620_204953', 'client_id': '0'}
[2024-06-20 20:51:09,560][root][INFO] - Added data to batch for client 0: {'round': 5, 'step_no': 438, 'loss': 0.3077448606491089, 'accuracy': 0.9548611044883728, 'l2_norm': 0.2545364797115326, 'computation_time': 0.057504892349243164, 'batch_time': 0.06434559030458331, 'rtc_check_time': 0.004310599993914366, 'experiment_id': 'exp_20240620_204953', 'client_id': '0'}
[2024-06-20 20:51:09,561][root][INFO] - Added data to batch for client 0: {'round': 5, 'step_no': 439, 'loss': 0.11609095335006714, 'accuracy': 0.956250011920929, 'l2_norm': 0.24001789093017578, 'computation_time': 0.06430602073669434, 'batch_time': 0.07049398869276047, 'rtc_check_time': 0.003960900008678436, 'experiment_id': 'exp_20240620_204953', 'client_id': '0'}
[2024-06-20 20:51:09,562][root][INFO] - Added data to batch for client 0: {'round': 5, 'step_no': 440, 'loss': 0.14726926386356354, 'accuracy': 0.9545454382896423, 'l2_norm': 0.2638232707977295, 'computation_time': 0.053388118743896484, 'batch_time': 0.058026988452184014, 'rtc_check_time': 0.0031900000030873343, 'experiment_id': 'exp_20240620_204953', 'client_id': '0'}
[2024-06-20 20:51:09,563][root][INFO] - Added data to batch for client 0: {'round': 5, 'step_no': 441, 'loss': 0.36396750807762146, 'accuracy': 0.9479166865348816, 'l2_norm': 0.260210245847702, 'computation_time': 0.06658387184143066, 'batch_time': 0.07289399628643878, 'rtc_check_time': 0.004353900003479794, 'experiment_id': 'exp_20240620_204953', 'client_id': '0'}
[2024-06-20 20:51:09,564][root][INFO] - Added data to batch for client 0: {'round': 5, 'step_no': 442, 'loss': 0.1582098752260208, 'accuracy': 0.9471153616905212, 'l2_norm': 0.2816693186759949, 'computation_time': 0.05667591094970703, 'batch_time': 0.06610359319893178, 'rtc_check_time': 0.007712498991168104, 'experiment_id': 'exp_20240620_204953', 'client_id': '0'}
[2024-06-20 20:51:09,565][root][INFO] - Added data to batch for client 0: {'round': 5, 'step_no': 443, 'loss': 0.1632826179265976, 'accuracy': 0.9464285969734192, 'l2_norm': 0.33113399147987366, 'computation_time': 0.054872989654541016, 'batch_time': 0.05808615124260541, 'rtc_check_time': 0.0015911999944364652, 'experiment_id': 'exp_20240620_204953', 'client_id': '0'}
[2024-06-20 20:51:09,566][root][INFO] - Added data to batch for client 0: {'round': 5, 'step_no': 444, 'loss': 0.2688179910182953, 'accuracy': 0.9458333253860474, 'l2_norm': 0.3297589421272278, 'computation_time': 0.05747103691101074, 'batch_time': 0.06262467539636418, 'rtc_check_time': 0.003232699993532151, 'experiment_id': 'exp_20240620_204953', 'client_id': '0'}
[2024-06-20 20:51:09,567][root][INFO] - Added data to batch for client 0: {'round': 5, 'step_no': 445, 'loss': 0.03533726930618286, 'accuracy': 0.94921875, 'l2_norm': 0.32420557737350464, 'computation_time': 0.057127952575683594, 'batch_time': 0.063772861903999, 'rtc_check_time': 0.004951898998115212, 'experiment_id': 'exp_20240620_204953', 'client_id': '0'}
[2024-06-20 20:51:09,568][root][INFO] - Added data to batch for client 0: {'round': 5, 'step_no': 446, 'loss': 0.4241432547569275, 'accuracy': 0.9466911554336548, 'l2_norm': 0.3967759311199188, 'computation_time': 0.05293083190917969, 'batch_time': 0.05822893050208222, 'rtc_check_time': 0.003539999990607612, 'experiment_id': 'exp_20240620_204953', 'client_id': '0'}
[2024-06-20 20:51:09,569][root][INFO] - Added data to batch for client 0: {'round': 5, 'step_no': 447, 'loss': 0.3005934953689575, 'accuracy': 0.9461805820465088, 'l2_norm': 0.40580427646636963, 'computation_time': 0.06304812431335449, 'batch_time': 0.0677732705953531, 'rtc_check_time': 0.00259129999903962, 'experiment_id': 'exp_20240620_204953', 'client_id': '0'}
[2024-06-20 20:51:09,571][root][INFO] - Added data to batch for client 0: {'round': 5, 'step_no': 448, 'loss': 0.05241965502500534, 'accuracy': 0.9490131735801697, 'l2_norm': 0.39385685324668884, 'computation_time': 0.07193708419799805, 'batch_time': 0.07784107407496776, 'rtc_check_time': 0.003249198998673819, 'experiment_id': 'exp_20240620_204953', 'client_id': '0'}
[2024-06-20 20:51:09,573][root][INFO] - Added data to batch for client 0: {'round': 5, 'step_no': 449, 'loss': 0.3169384300708771, 'accuracy': 0.948437511920929, 'l2_norm': 0.45633161067962646, 'computation_time': 0.05461883544921875, 'batch_time': 0.06873315056145657, 'rtc_check_time': 0.012624198992853053, 'experiment_id': 'exp_20240620_204953', 'client_id': '0'}
[2024-06-20 20:51:09,574][root][INFO] - Added data to batch for client 0: {'round': 5, 'step_no': 450, 'loss': 0.24817313253879547, 'accuracy': 0.9464285969734192, 'l2_norm': 0.4571320414543152, 'computation_time': 0.054277896881103516, 'batch_time': 0.059199051567702554, 'rtc_check_time': 0.0030900999990990385, 'experiment_id': 'exp_20240620_204953', 'client_id': '0'}
[2024-06-20 20:51:09,575][root][INFO] - Added data to batch for client 0: {'round': 5, 'step_no': 451, 'loss': 0.30454081296920776, 'accuracy': 0.9446022510528564, 'l2_norm': 0.5321692228317261, 'computation_time': 0.05630803108215332, 'batch_time': 0.07532649835047778, 'rtc_check_time': 0.01696949799952563, 'experiment_id': 'exp_20240620_204953', 'client_id': '0'}
[2024-06-20 20:51:09,576][root][INFO] - Added data to batch for client 0: {'round': 5, 'step_no': 452, 'loss': 0.2710767984390259, 'accuracy': 0.9442934989929199, 'l2_norm': 0.545600414276123, 'computation_time': 0.053299903869628906, 'batch_time': 0.06494009247398935, 'rtc_check_time': 0.010130998998647556, 'experiment_id': 'exp_20240620_204953', 'client_id': '0'}
[2024-06-20 20:51:09,578][root][INFO] - Added data to batch for client 0: {'round': 5, 'step_no': 453, 'loss': 0.26190319657325745, 'accuracy': 0.9440104365348816, 'l2_norm': 0.5600919127464294, 'computation_time': 0.05514192581176758, 'batch_time': 0.06411415844922885, 'rtc_check_time': 0.00693899899488315, 'experiment_id': 'exp_20240620_204953', 'client_id': '0'}
[2024-06-20 20:51:09,579][root][INFO] - Added data to batch for client 0: {'round': 5, 'step_no': 454, 'loss': 0.05598432570695877, 'accuracy': 0.9462500214576721, 'l2_norm': 0.5527710318565369, 'computation_time': 0.0524289608001709, 'batch_time': 0.06173656148894224, 'rtc_check_time': 0.007694699001149274, 'experiment_id': 'exp_20240620_204953', 'client_id': '0'}
[2024-06-20 20:51:09,580][root][INFO] - Added data to batch for client 0: {'round': 5, 'step_no': 455, 'loss': 0.05200037732720375, 'accuracy': 0.948317289352417, 'l2_norm': 0.5550808906555176, 'computation_time': 0.06340789794921875, 'batch_time': 0.07080618449253961, 'rtc_check_time': 0.0057922989944927394, 'experiment_id': 'exp_20240620_204953', 'client_id': '0'}
[2024-06-20 20:51:09,581][root][INFO] - Added data to batch for client 0: {'round': 5, 'step_no': 456, 'loss': 0.1563662439584732, 'accuracy': 0.9479166865348816, 'l2_norm': 0.5946567058563232, 'computation_time': 0.06331896781921387, 'batch_time': 0.06955784517049324, 'rtc_check_time': 0.00470989900350105, 'experiment_id': 'exp_20240620_204953', 'client_id': '0'}
[2024-06-20 20:51:09,582][root][INFO] - Added data to batch for client 0: {'round': 5, 'step_no': 457, 'loss': 0.22453156113624573, 'accuracy': 0.9486607313156128, 'l2_norm': 0.6064304709434509, 'computation_time': 0.06206202507019043, 'batch_time': 0.06555155392561574, 'rtc_check_time': 0.001856600007158704, 'experiment_id': 'exp_20240620_204953', 'client_id': '0'}
[2024-06-20 20:51:09,583][root][INFO] - Added data to batch for client 0: {'round': 5, 'step_no': 458, 'loss': 0.23306670784950256, 'accuracy': 0.9482758641242981, 'l2_norm': 0.6518474221229553, 'computation_time': 0.05474495887756348, 'batch_time': 0.05784428289916832, 'rtc_check_time': 0.0016103999951155856, 'experiment_id': 'exp_20240620_204953', 'client_id': '0'}
[2024-06-20 20:51:09,584][root][INFO] - Added data to batch for client 0: {'round': 5, 'step_no': 459, 'loss': 0.3928557336330414, 'accuracy': 0.9468749761581421, 'l2_norm': 0.659620463848114, 'computation_time': 0.05107307434082031, 'batch_time': 0.05485512063023634, 'rtc_check_time': 0.0024593000125605613, 'experiment_id': 'exp_20240620_204953', 'client_id': '0'}
[2024-06-20 20:51:09,585][root][INFO] - Added data to batch for client 0: {'round': 5, 'step_no': 460, 'loss': 0.3861824870109558, 'accuracy': 0.9455645084381104, 'l2_norm': 0.7042517066001892, 'computation_time': 0.06589198112487793, 'batch_time': 0.0781675207981607, 'rtc_check_time': 0.010665499008609913, 'experiment_id': 'exp_20240620_204953', 'client_id': '0'}
[2024-06-20 20:51:09,586][root][INFO] - Added data to batch for client 0: {'round': 5, 'step_no': 461, 'loss': 0.0917685478925705, 'accuracy': 0.9462890625, 'l2_norm': 0.6987205147743225, 'computation_time': 0.04457998275756836, 'batch_time': 0.0502855954982806, 'rtc_check_time': 0.003940599999623373, 'experiment_id': 'exp_20240620_204953', 'client_id': '0'}
[2024-06-20 20:51:09,588][root][INFO] - Added data to batch for client 0: {'round': 5, 'step_no': 462, 'loss': 0.05148237943649292, 'accuracy': 0.9469696879386902, 'l2_norm': 0.6920539140701294, 'computation_time': 0.04247903823852539, 'batch_time': 0.0488031092681922, 'rtc_check_time': 0.005053300003055483, 'experiment_id': 'exp_20240620_204953', 'client_id': '0'}
[2024-06-20 20:51:09,589][root][INFO] - Added data to batch for client 0: {'round': 5, 'step_no': 463, 'loss': 0.1165819764137268, 'accuracy': 0.9476103186607361, 'l2_norm': 0.7005676031112671, 'computation_time': 0.045480966567993164, 'batch_time': 0.04933566211548168, 'rtc_check_time': 0.0022077000030549243, 'experiment_id': 'exp_20240620_204953', 'client_id': '0'}
[2024-06-20 20:51:09,591][root][INFO] - Added data to batch for client 0: {'round': 5, 'step_no': 464, 'loss': 0.22353997826576233, 'accuracy': 0.9464285969734192, 'l2_norm': 0.7639120817184448, 'computation_time': 0.04079699516296387, 'batch_time': 0.043473204161273316, 'rtc_check_time': 0.0016161999956239015, 'experiment_id': 'exp_20240620_204953', 'client_id': '0'}
[2024-06-20 20:51:09,592][root][INFO] - Added data to batch for client 0: {'round': 5, 'step_no': 465, 'loss': 0.2553747594356537, 'accuracy': 0.9470486044883728, 'l2_norm': 0.7768498063087463, 'computation_time': 0.041452884674072266, 'batch_time': 0.04693630493420642, 'rtc_check_time': 0.004235298998537473, 'experiment_id': 'exp_20240620_204953', 'client_id': '0'}
[2024-06-20 20:51:09,593][root][INFO] - Added data to batch for client 0: {'round': 5, 'step_no': 466, 'loss': 0.2097846418619156, 'accuracy': 0.9459459185600281, 'l2_norm': 0.8072545528411865, 'computation_time': 0.0498199462890625, 'batch_time': 0.05334588565165177, 'rtc_check_time': 0.001994099991861731, 'experiment_id': 'exp_20240620_204953', 'client_id': '0'}
[2024-06-20 20:51:09,594][root][INFO] - Added data to batch for client 0: {'round': 5, 'step_no': 467, 'loss': 0.06162935867905617, 'accuracy': 0.9473684430122375, 'l2_norm': 0.7969213724136353, 'computation_time': 0.039845943450927734, 'batch_time': 0.04569671682838816, 'rtc_check_time': 0.004598599000019021, 'experiment_id': 'exp_20240620_204953', 'client_id': '0'}
[2024-06-20 20:51:09,595][root][INFO] - Added data to batch for client 0: {'round': 5, 'step_no': 468, 'loss': 0.2837899327278137, 'accuracy': 0.9471153616905212, 'l2_norm': 0.8616123199462891, 'computation_time': 0.04196000099182129, 'batch_time': 0.045090140658430755, 'rtc_check_time': 0.001728000002913177, 'experiment_id': 'exp_20240620_204953', 'client_id': '0'}
[2024-06-20 20:51:09,596][root][INFO] - Added data to batch for client 0: {'round': 5, 'step_no': 469, 'loss': 0.2520144581794739, 'accuracy': 0.9468749761581421, 'l2_norm': 0.859910249710083, 'computation_time': 0.04015994071960449, 'batch_time': 0.048408446105895564, 'rtc_check_time': 0.00708859899896197, 'experiment_id': 'exp_20240620_204953', 'client_id': '0'}
[2024-06-20 20:51:09,597][root][INFO] - Added data to batch for client 0: {'round': 5, 'step_no': 470, 'loss': 0.2003728151321411, 'accuracy': 0.9466463327407837, 'l2_norm': 0.8782942295074463, 'computation_time': 0.0397181510925293, 'batch_time': 0.05380620477080811, 'rtc_check_time': 0.013068098996882327, 'experiment_id': 'exp_20240620_204953', 'client_id': '0'}
[2024-06-20 20:51:09,598][root][INFO] - Added data to batch for client 0: {'round': 5, 'step_no': 471, 'loss': 0.11437371373176575, 'accuracy': 0.9464285969734192, 'l2_norm': 0.8986726403236389, 'computation_time': 0.04628801345825195, 'batch_time': 0.05654064613918308, 'rtc_check_time': 0.008475699010887183, 'experiment_id': 'exp_20240620_204953', 'client_id': '0'}
[2024-06-20 20:51:09,599][root][INFO] - Added data to batch for client 0: {'round': 5, 'step_no': 472, 'loss': 0.25097715854644775, 'accuracy': 0.9462209343910217, 'l2_norm': 0.922014594078064, 'computation_time': 0.046365976333618164, 'batch_time': 0.04898206736834254, 'rtc_check_time': 0.0014990999916335568, 'experiment_id': 'exp_20240620_204953', 'client_id': '0'}
[2024-06-20 20:51:09,600][root][INFO] - Added data to batch for client 0: {'round': 5, 'step_no': 473, 'loss': 0.18415704369544983, 'accuracy': 0.9460227489471436, 'l2_norm': 0.9196776151657104, 'computation_time': 0.043287038803100586, 'batch_time': 0.04631347773829475, 'rtc_check_time': 0.0017056000069715083, 'experiment_id': 'exp_20240620_204953', 'client_id': '0'}
[2024-06-20 20:51:09,602][root][INFO] - Added data to batch for client 0: {'round': 5, 'step_no': 474, 'loss': 0.0795142725110054, 'accuracy': 0.9472222328186035, 'l2_norm': 0.9216942191123962, 'computation_time': 0.04117894172668457, 'batch_time': 0.046467530250083655, 'rtc_check_time': 0.004029500007163733, 'experiment_id': 'exp_20240620_204953', 'client_id': '0'}
[2024-06-20 20:51:09,603][root][INFO] - Added data to batch for client 0: {'round': 5, 'step_no': 475, 'loss': 0.030646895989775658, 'accuracy': 0.948369562625885, 'l2_norm': 0.9187384843826294, 'computation_time': 0.04363203048706055, 'batch_time': 0.04707091518503148, 'rtc_check_time': 0.002115900002536364, 'experiment_id': 'exp_20240620_204953', 'client_id': '0'}
[2024-06-20 20:51:09,604][root][INFO] - Added data to batch for client 0: {'round': 5, 'step_no': 476, 'loss': 0.42611104249954224, 'accuracy': 0.947473406791687, 'l2_norm': 0.9661442041397095, 'computation_time': 0.04257798194885254, 'batch_time': 0.05313625777489506, 'rtc_check_time': 0.00949039901024662, 'experiment_id': 'exp_20240620_204953', 'client_id': '0'}
[2024-06-20 20:51:09,605][root][INFO] - Added data to batch for client 0: {'round': 5, 'step_no': 477, 'loss': 0.018899381160736084, 'accuracy': 0.9485676884651184, 'l2_norm': 0.9613233804702759, 'computation_time': 0.03837919235229492, 'batch_time': 0.043448022843222134, 'rtc_check_time': 0.004000000000814907, 'experiment_id': 'exp_20240620_204953', 'client_id': '0'}
[2024-06-20 20:51:09,606][root][INFO] - Added data to batch for client 0: {'round': 5, 'step_no': 478, 'loss': 0.26287537813186646, 'accuracy': 0.9483418464660645, 'l2_norm': 0.9945530891418457, 'computation_time': 0.0400998592376709, 'batch_time': 0.04576949746115133, 'rtc_check_time': 0.004478499002289027, 'experiment_id': 'exp_20240620_204953', 'client_id': '0'}
[2024-06-20 20:51:09,607][root][INFO] - Added data to batch for client 0: {'round': 5, 'step_no': 479, 'loss': 0.3764731287956238, 'accuracy': 0.9474999904632568, 'l2_norm': 1.0514036417007446, 'computation_time': 0.037711143493652344, 'batch_time': 0.04379052160948049, 'rtc_check_time': 0.004933300006086938, 'experiment_id': 'exp_20240620_204953', 'client_id': '0'}
[2024-06-20 20:51:09,608][root][INFO] - Added data to batch for client 0: {'round': 5, 'step_no': 480, 'loss': 0.1811753660440445, 'accuracy': 0.9479166865348816, 'l2_norm': 1.0358970165252686, 'computation_time': 0.0406339168548584, 'batch_time': 0.044386576002580114, 'rtc_check_time': 0.002549598997575231, 'experiment_id': 'exp_20240620_204953', 'client_id': '0'}
[2024-06-20 20:51:09,609][root][INFO] - Added data to batch for client 0: {'round': 5, 'step_no': 481, 'loss': 0.024001114070415497, 'accuracy': 0.9489182829856873, 'l2_norm': 1.0332967042922974, 'computation_time': 0.05017995834350586, 'batch_time': 0.05620626549352892, 'rtc_check_time': 0.004230299993650988, 'experiment_id': 'exp_20240620_204953', 'client_id': '0'}
[2024-06-20 20:51:09,610][root][INFO] - Added data to batch for client 0: {'round': 5, 'step_no': 482, 'loss': 0.13595736026763916, 'accuracy': 0.9492924809455872, 'l2_norm': 1.0714815855026245, 'computation_time': 0.04063081741333008, 'batch_time': 0.044399219506885856, 'rtc_check_time': 0.002499299996998161, 'experiment_id': 'exp_20240620_204953', 'client_id': '0'}
[2024-06-20 20:51:09,611][root][INFO] - Added data to batch for client 0: {'round': 5, 'step_no': 483, 'loss': 0.11234046518802643, 'accuracy': 0.9490740895271301, 'l2_norm': 1.0708459615707397, 'computation_time': 0.04149889945983887, 'batch_time': 0.04537600111507345, 'rtc_check_time': 0.0028190000011818483, 'experiment_id': 'exp_20240620_204953', 'client_id': '0'}
[2024-06-20 20:51:09,612][root][INFO] - Added data to batch for client 0: {'round': 5, 'step_no': 484, 'loss': 0.044137656688690186, 'accuracy': 0.949431836605072, 'l2_norm': 1.066937804222107, 'computation_time': 0.0398402214050293, 'batch_time': 0.042895451886579394, 'rtc_check_time': 0.0017784989904612303, 'experiment_id': 'exp_20240620_204953', 'client_id': '0'}
[2024-06-20 20:51:09,613][root][INFO] - Added data to batch for client 0: {'round': 5, 'step_no': 485, 'loss': 0.03721797838807106, 'accuracy': 0.9503348469734192, 'l2_norm': 1.0816574096679688, 'computation_time': 0.03969311714172363, 'batch_time': 0.042834282023250125, 'rtc_check_time': 0.001836299998103641, 'experiment_id': 'exp_20240620_204953', 'client_id': '0'}
[2024-06-20 20:51:09,615][root][INFO] - Added data to batch for client 0: {'round': 5, 'step_no': 486, 'loss': 0.3531924784183502, 'accuracy': 0.9495614171028137, 'l2_norm': 1.1286978721618652, 'computation_time': 0.039689064025878906, 'batch_time': 0.04262966064561624, 'rtc_check_time': 0.0018545999919297174, 'experiment_id': 'exp_20240620_204953', 'client_id': '0'}
[2024-06-20 20:51:09,616][root][INFO] - Added data to batch for client 0: {'round': 5, 'step_no': 487, 'loss': 0.06969936192035675, 'accuracy': 0.9498922228813171, 'l2_norm': 1.1512632369995117, 'computation_time': 0.04225015640258789, 'batch_time': 0.050255159818334505, 'rtc_check_time': 0.006706098996801302, 'experiment_id': 'exp_20240620_204953', 'client_id': '0'}
[2024-06-20 20:51:09,617][root][INFO] - Added data to batch for client 0: {'round': 5, 'step_no': 488, 'loss': 0.04483277350664139, 'accuracy': 0.9502118825912476, 'l2_norm': 1.1438698768615723, 'computation_time': 0.04287314414978027, 'batch_time': 0.049834999488666654, 'rtc_check_time': 0.005694899009540677, 'experiment_id': 'exp_20240620_204953', 'client_id': '0'}
[2024-06-20 20:51:09,618][root][INFO] - Added data to batch for client 0: {'round': 5, 'step_no': 489, 'loss': 0.057359080761671066, 'accuracy': 0.9510416388511658, 'l2_norm': 1.1471657752990723, 'computation_time': 0.03846096992492676, 'batch_time': 0.04382308626372833, 'rtc_check_time': 0.004300199987483211, 'experiment_id': 'exp_20240620_204953', 'client_id': '0'}
[2024-06-20 20:51:09,619][root][INFO] - Added data to batch for client 0: {'round': 5, 'step_no': 490, 'loss': 0.14049610495567322, 'accuracy': 0.9513319730758667, 'l2_norm': 1.2301172018051147, 'computation_time': 0.04180788993835449, 'batch_time': 0.044138337922049686, 'rtc_check_time': 0.001273300003958866, 'experiment_id': 'exp_20240620_204953', 'client_id': '0'}
[2024-06-20 20:51:09,620][root][INFO] - Added data to batch for client 0: {'round': 5, 'step_no': 491, 'loss': 0.10105195641517639, 'accuracy': 0.9516128897666931, 'l2_norm': 1.2526456117630005, 'computation_time': 0.04503488540649414, 'batch_time': 0.05056482342479285, 'rtc_check_time': 0.004166899001575075, 'experiment_id': 'exp_20240620_204953', 'client_id': '0'}
[2024-06-20 20:51:09,621][root][INFO] - Added data to batch for client 0: {'round': 5, 'step_no': 492, 'loss': 0.05769730359315872, 'accuracy': 0.9523809552192688, 'l2_norm': 1.2335211038589478, 'computation_time': 0.042559146881103516, 'batch_time': 0.048586956443614326, 'rtc_check_time': 0.004762999000377022, 'experiment_id': 'exp_20240620_204953', 'client_id': '0'}
[2024-06-20 20:51:09,622][root][INFO] - Added data to batch for client 0: {'round': 5, 'step_no': 493, 'loss': 0.2246020883321762, 'accuracy': 0.9521484375, 'l2_norm': 1.275559902191162, 'computation_time': 0.04289698600769043, 'batch_time': 0.052718787104822695, 'rtc_check_time': 0.008552699000574648, 'experiment_id': 'exp_20240620_204953', 'client_id': '0'}
[2024-06-20 20:51:09,623][root][INFO] - Added data to batch for client 0: {'round': 5, 'step_no': 494, 'loss': 0.14504897594451904, 'accuracy': 0.9519230723381042, 'l2_norm': 1.2788320779800415, 'computation_time': 0.0434720516204834, 'batch_time': 0.050245772436028346, 'rtc_check_time': 0.005528698995476589, 'experiment_id': 'exp_20240620_204953', 'client_id': '0'}
[2024-06-20 20:51:09,625][root][INFO] - Added data to batch for client 0: {'round': 5, 'step_no': 495, 'loss': 0.034843701869249344, 'accuracy': 0.9526515007019043, 'l2_norm': 1.2790676355361938, 'computation_time': 0.04361295700073242, 'batch_time': 0.05408408942457754, 'rtc_check_time': 0.009077098991838284, 'experiment_id': 'exp_20240620_204953', 'client_id': '0'}
[2024-06-20 20:51:09,626][root][INFO] - Added data to batch for client 0: {'round': 5, 'step_no': 496, 'loss': 0.41885504126548767, 'accuracy': 0.951958954334259, 'l2_norm': 1.3407950401306152, 'computation_time': 0.0502471923828125, 'batch_time': 0.05281287104298826, 'rtc_check_time': 0.0014226999919628724, 'experiment_id': 'exp_20240620_204953', 'client_id': '0'}
[2024-06-20 20:51:09,627][root][INFO] - Added data to batch for client 0: {'round': 5, 'step_no': 497, 'loss': 0.1104591116309166, 'accuracy': 0.9517463445663452, 'l2_norm': 1.341904878616333, 'computation_time': 0.05062723159790039, 'batch_time': 0.054132903591380455, 'rtc_check_time': 0.002373898998484947, 'experiment_id': 'exp_20240620_204953', 'client_id': '0'}
[2024-06-20 20:51:09,628][root][INFO] - Added data to batch for client 0: {'round': 5, 'step_no': 498, 'loss': 0.0645400881767273, 'accuracy': 0.9524456262588501, 'l2_norm': 1.349204182624817, 'computation_time': 0.04897308349609375, 'batch_time': 0.05349293423932977, 'rtc_check_time': 0.003221899998607114, 'experiment_id': 'exp_20240620_204953', 'client_id': '0'}
[2024-06-20 20:51:09,629][root][INFO] - Added data to batch for client 0: {'round': 5, 'step_no': 499, 'loss': 0.21736350655555725, 'accuracy': 0.9513393044471741, 'l2_norm': 1.422677755355835, 'computation_time': 0.04788613319396973, 'batch_time': 0.05659784164163284, 'rtc_check_time': 0.007440699002472684, 'experiment_id': 'exp_20240620_204953', 'client_id': '0'}
[2024-06-20 20:51:09,630][root][INFO] - Added data to batch for client 0: {'round': 5, 'step_no': 500, 'loss': 0.45242422819137573, 'accuracy': 0.9493837952613831, 'l2_norm': 1.44443678855896, 'computation_time': 0.04601287841796875, 'batch_time': 0.05201007011055481, 'rtc_check_time': 0.004633199001546018, 'experiment_id': 'exp_20240620_204953', 'client_id': '0'}
[2024-06-20 20:51:09,631][root][INFO] - Added data to batch for client 0: {'round': 5, 'step_no': 501, 'loss': 0.15865778923034668, 'accuracy': 0.94921875, 'l2_norm': 1.4596914052963257, 'computation_time': 0.047302961349487305, 'batch_time': 0.05021293069876265, 'rtc_check_time': 0.001629899998079054, 'experiment_id': 'exp_20240620_204953', 'client_id': '0'}
[2024-06-20 20:51:09,632][root][INFO] - Added data to batch for client 0: {'round': 5, 'step_no': 502, 'loss': 0.04033046215772629, 'accuracy': 0.9494863152503967, 'l2_norm': 1.4879399538040161, 'computation_time': 0.043292999267578125, 'batch_time': 0.04923649084230419, 'rtc_check_time': 0.004365398999652825, 'experiment_id': 'exp_20240620_204953', 'client_id': '0'}
[2024-06-20 20:51:09,633][root][INFO] - Added data to batch for client 0: {'round': 5, 'step_no': 503, 'loss': 0.10192199796438217, 'accuracy': 0.9497466087341309, 'l2_norm': 1.5122129917144775, 'computation_time': 0.04378318786621094, 'batch_time': 0.04626097444270272, 'rtc_check_time': 0.0013360000011743978, 'experiment_id': 'exp_20240620_204953', 'client_id': '0'}
[2024-06-20 20:51:09,634][root][INFO] - Added data to batch for client 0: {'round': 5, 'step_no': 504, 'loss': 0.09967083483934402, 'accuracy': 0.949999988079071, 'l2_norm': 1.5290591716766357, 'computation_time': 0.042077064514160156, 'batch_time': 0.04720417331554927, 'rtc_check_time': 0.0038952000031713396, 'experiment_id': 'exp_20240620_204953', 'client_id': '0'}
[2024-06-20 20:51:09,635][root][INFO] - Added data to batch for client 0: {'round': 5, 'step_no': 505, 'loss': 0.093272864818573, 'accuracy': 0.9498355388641357, 'l2_norm': 1.5443050861358643, 'computation_time': 0.0481719970703125, 'batch_time': 0.05130938778165728, 'rtc_check_time': 0.0016343999886885285, 'experiment_id': 'exp_20240620_204953', 'client_id': '0'}
[2024-06-20 20:51:09,636][root][INFO] - Added data to batch for client 0: {'round': 5, 'step_no': 506, 'loss': 0.1260875165462494, 'accuracy': 0.9500811696052551, 'l2_norm': 1.559347152709961, 'computation_time': 0.04424309730529785, 'batch_time': 0.0475501473993063, 'rtc_check_time': 0.0020481999963521957, 'experiment_id': 'exp_20240620_204953', 'client_id': '0'}
[2024-06-20 20:51:09,637][root][INFO] - Added data to batch for client 0: {'round': 5, 'step_no': 507, 'loss': 0.21145878732204437, 'accuracy': 0.9499198794364929, 'l2_norm': 1.5535980463027954, 'computation_time': 0.04157900810241699, 'batch_time': 0.046670671785250306, 'rtc_check_time': 0.0038228000048547983, 'experiment_id': 'exp_20240620_204953', 'client_id': '0'}
[2024-06-20 20:51:09,638][root][INFO] - Added data to batch for client 0: {'round': 5, 'step_no': 508, 'loss': 0.22498396039009094, 'accuracy': 0.9497626423835754, 'l2_norm': 1.6144111156463623, 'computation_time': 0.04785418510437012, 'batch_time': 0.05370776212657802, 'rtc_check_time': 0.003938598994864151, 'experiment_id': 'exp_20240620_204953', 'client_id': '0'}
[2024-06-20 20:51:09,639][root][INFO] - Added data to batch for client 0: {'round': 5, 'step_no': 509, 'loss': 0.12245146930217743, 'accuracy': 0.949999988079071, 'l2_norm': 1.6273586750030518, 'computation_time': 0.03895998001098633, 'batch_time': 0.05301272931683343, 'rtc_check_time': 0.012965799003723077, 'experiment_id': 'exp_20240620_204953', 'client_id': '0'}
[2024-06-20 20:51:09,640][root][INFO] - Added data to batch for client 0: {'round': 5, 'step_no': 510, 'loss': 0.05646761879324913, 'accuracy': 0.9502314925193787, 'l2_norm': 1.635448694229126, 'computation_time': 0.03801393508911133, 'batch_time': 0.04238562428508885, 'rtc_check_time': 0.00251869999920018, 'experiment_id': 'exp_20240620_204953', 'client_id': '0'}
[2024-06-20 20:51:09,641][root][INFO] - Added data to batch for client 0: {'round': 5, 'step_no': 511, 'loss': 0.10924365371465683, 'accuracy': 0.9500762224197388, 'l2_norm': 1.6866062879562378, 'computation_time': 0.05222296714782715, 'batch_time': 0.05964977483381517, 'rtc_check_time': 0.00618870000471361, 'experiment_id': 'exp_20240620_204953', 'client_id': '0'}
[2024-06-20 20:51:09,642][root][INFO] - Added data to batch for client 0: {'round': 5, 'step_no': 512, 'loss': 0.06660513579845428, 'accuracy': 0.9506776928901672, 'l2_norm': 1.6869076490402222, 'computation_time': 0.048821210861206055, 'batch_time': 0.05142653809161857, 'rtc_check_time': 0.00147570000262931, 'experiment_id': 'exp_20240620_204953', 'client_id': '0'}
[2024-06-20 20:51:09,643][root][INFO] - Added data to batch for client 0: {'round': 5, 'step_no': 513, 'loss': 0.06115134805440903, 'accuracy': 0.9508928656578064, 'l2_norm': 1.6928777694702148, 'computation_time': 0.05166888236999512, 'batch_time': 0.054784497726359405, 'rtc_check_time': 0.001450499999918975, 'experiment_id': 'exp_20240620_204953', 'client_id': '0'}
[2024-06-20 20:51:09,645][root][INFO] - Added data to batch for client 0: {'round': 5, 'step_no': 514, 'loss': 0.13727052509784698, 'accuracy': 0.9511029124259949, 'l2_norm': 1.7285698652267456, 'computation_time': 0.03960895538330078, 'batch_time': 0.04404030568548478, 'rtc_check_time': 0.003344400000059977, 'experiment_id': 'exp_20240620_204953', 'client_id': '0'}
[2024-06-20 20:51:09,646][root][INFO] - Added data to batch for client 0: {'round': 5, 'step_no': 515, 'loss': 0.13893666863441467, 'accuracy': 0.9513081312179565, 'l2_norm': 1.7118017673492432, 'computation_time': 0.04195094108581543, 'batch_time': 0.04684404349245597, 'rtc_check_time': 0.003802098988671787, 'experiment_id': 'exp_20240620_204953', 'client_id': '0'}
[2024-06-20 20:51:09,647][root][INFO] - Added data to batch for client 0: {'round': 5, 'step_no': 516, 'loss': 0.04099245369434357, 'accuracy': 0.9518678188323975, 'l2_norm': 1.7298952341079712, 'computation_time': 0.04161787033081055, 'batch_time': 0.046163810751750134, 'rtc_check_time': 0.003318799994303845, 'experiment_id': 'exp_20240620_204953', 'client_id': '0'}
[2024-06-20 20:51:09,648][root][INFO] - Added data to batch for client 0: {'round': 5, 'step_no': 517, 'loss': 0.24254581332206726, 'accuracy': 0.9517045617103577, 'l2_norm': 1.7682857513427734, 'computation_time': 0.039608001708984375, 'batch_time': 0.042821186609216966, 'rtc_check_time': 0.002062100000330247, 'experiment_id': 'exp_20240620_204953', 'client_id': '0'}
[2024-06-20 20:51:09,649][root][INFO] - Added data to batch for client 0: {'round': 5, 'step_no': 518, 'loss': 0.307849645614624, 'accuracy': 0.9511938095092773, 'l2_norm': 1.812718391418457, 'computation_time': 0.03994607925415039, 'batch_time': 0.04522779252147302, 'rtc_check_time': 0.004074600001331419, 'experiment_id': 'exp_20240620_204953', 'client_id': '0'}
[2024-06-20 20:51:09,650][root][INFO] - Added data to batch for client 0: {'round': 5, 'step_no': 519, 'loss': 0.1526358723640442, 'accuracy': 0.9510416388511658, 'l2_norm': 1.8132187128067017, 'computation_time': 0.04165506362915039, 'batch_time': 0.04474525434488896, 'rtc_check_time': 0.0015871999930823222, 'experiment_id': 'exp_20240620_204953', 'client_id': '0'}
[2024-06-20 20:51:09,651][root][INFO] - Added data to batch for client 0: {'round': 5, 'step_no': 520, 'loss': 0.10784502327442169, 'accuracy': 0.9512362480163574, 'l2_norm': 1.8287426233291626, 'computation_time': 0.04001593589782715, 'batch_time': 0.04323763886350207, 'rtc_check_time': 0.002133798989234492, 'experiment_id': 'exp_20240620_204953', 'client_id': '0'}
[2024-06-20 20:51:09,652][root][INFO] - Added data to batch for client 0: {'round': 5, 'step_no': 521, 'loss': 0.20993953943252563, 'accuracy': 0.9510869383811951, 'l2_norm': 1.8776390552520752, 'computation_time': 0.051071882247924805, 'batch_time': 0.06669794228218962, 'rtc_check_time': 0.01400099899910856, 'experiment_id': 'exp_20240620_204953', 'client_id': '0'}
[2024-06-20 20:51:09,653][root][INFO] - Added data to batch for client 0: {'round': 5, 'step_no': 522, 'loss': 0.15665213763713837, 'accuracy': 0.9512768983840942, 'l2_norm': 1.8821882009506226, 'computation_time': 0.04460000991821289, 'batch_time': 0.050057171523803845, 'rtc_check_time': 0.0038352000119630247, 'experiment_id': 'exp_20240620_204953', 'client_id': '0'}
[2024-06-20 20:51:09,654][root][INFO] - Added data to batch for client 0: {'round': 5, 'step_no': 523, 'loss': 0.11224662512540817, 'accuracy': 0.9511303305625916, 'l2_norm': 1.9013997316360474, 'computation_time': 0.04647088050842285, 'batch_time': 0.050876882174634375, 'rtc_check_time': 0.0033479000121587887, 'experiment_id': 'exp_20240620_204953', 'client_id': '0'}
[2024-06-20 20:51:09,655][root][INFO] - Added data to batch for client 0: {'round': 5, 'step_no': 524, 'loss': 0.0397888645529747, 'accuracy': 0.9516447186470032, 'l2_norm': 1.89228093624115, 'computation_time': 0.03936004638671875, 'batch_time': 0.04371071167406626, 'rtc_check_time': 0.0031816989940125495, 'experiment_id': 'exp_20240620_204953', 'client_id': '0'}
[2024-06-20 20:51:09,656][root][INFO] - Added data to batch for client 0: {'round': 5, 'step_no': 525, 'loss': 0.1450313925743103, 'accuracy': 0.9518229365348816, 'l2_norm': 1.9228070974349976, 'computation_time': 0.04133796691894531, 'batch_time': 0.04591930296737701, 'rtc_check_time': 0.0032872000010684133, 'experiment_id': 'exp_20240620_204953', 'client_id': '0'}
[2024-06-20 20:51:09,657][root][INFO] - Added data to batch for client 0: {'round': 5, 'step_no': 526, 'loss': 0.25827017426490784, 'accuracy': 0.9519973993301392, 'l2_norm': 1.9496221542358398, 'computation_time': 0.04018807411193848, 'batch_time': 0.04401200107531622, 'rtc_check_time': 0.002612999000120908, 'experiment_id': 'exp_20240620_204953', 'client_id': '0'}
[2024-06-20 20:51:09,658][root][INFO] - Added data to batch for client 0: {'round': 5, 'step_no': 527, 'loss': 0.0819113552570343, 'accuracy': 0.952168345451355, 'l2_norm': 1.9435023069381714, 'computation_time': 0.039964914321899414, 'batch_time': 0.04677762757637538, 'rtc_check_time': 0.005605599988484755, 'experiment_id': 'exp_20240620_204953', 'client_id': '0'}
[2024-06-20 20:51:09,659][root][INFO] - Added data to batch for client 0: {'round': 5, 'step_no': 528, 'loss': 0.12426897883415222, 'accuracy': 0.9523358345031738, 'l2_norm': 1.9878724813461304, 'computation_time': 0.0421900749206543, 'batch_time': 0.047549454029649496, 'rtc_check_time': 0.004005399998277426, 'experiment_id': 'exp_20240620_204953', 'client_id': '0'}
[2024-06-20 20:51:09,660][root][INFO] - Added data to batch for client 0: {'round': 5, 'step_no': 529, 'loss': 0.08898384869098663, 'accuracy': 0.9524999856948853, 'l2_norm': 1.9605661630630493, 'computation_time': 0.04619312286376953, 'batch_time': 0.04926849191542715, 'rtc_check_time': 0.001665599993430078, 'experiment_id': 'exp_20240620_204953', 'client_id': '0'}
[2024-06-20 20:51:09,661][root][INFO] - Added data to batch for client 0: {'round': 5, 'step_no': 530, 'loss': 0.04788069427013397, 'accuracy': 0.9529703259468079, 'l2_norm': 1.9784467220306396, 'computation_time': 0.04245805740356445, 'batch_time': 0.04552312228770461, 'rtc_check_time': 0.0017602000007173046, 'experiment_id': 'exp_20240620_204953', 'client_id': '0'}
[2024-06-20 20:51:09,662][root][INFO] - Added data to batch for client 0: {'round': 5, 'step_no': 531, 'loss': 0.05123623460531235, 'accuracy': 0.9534313678741455, 'l2_norm': 1.998955488204956, 'computation_time': 0.043682098388671875, 'batch_time': 0.05115838098572567, 'rtc_check_time': 0.006403398991096765, 'experiment_id': 'exp_20240620_204953', 'client_id': '0'}
[2024-06-20 20:51:09,663][root][INFO] - Added data to batch for client 0: {'round': 5, 'step_no': 532, 'loss': 0.01828226074576378, 'accuracy': 0.9538834691047668, 'l2_norm': 1.994629979133606, 'computation_time': 0.03933310508728027, 'batch_time': 0.043584088038187474, 'rtc_check_time': 0.0032171999919228256, 'experiment_id': 'exp_20240620_204953', 'client_id': '0'}
[2024-06-20 20:51:09,664][root][INFO] - Added data to batch for client 0: {'round': 5, 'step_no': 533, 'loss': 0.1804734617471695, 'accuracy': 0.9537259340286255, 'l2_norm': 2.0904476642608643, 'computation_time': 0.04087400436401367, 'batch_time': 0.04517002127249725, 'rtc_check_time': 0.0032371999986935407, 'experiment_id': 'exp_20240620_204953', 'client_id': '0'}
[2024-06-20 20:51:09,665][root][INFO] - Added data to batch for client 0: {'round': 5, 'step_no': 534, 'loss': 0.3501042127609253, 'accuracy': 0.9532738327980042, 'l2_norm': 2.0596632957458496, 'computation_time': 0.042428016662597656, 'batch_time': 0.04560223278531339, 'rtc_check_time': 0.0016841000033309683, 'experiment_id': 'exp_20240620_204953', 'client_id': '0'}
[2024-06-20 20:51:09,666][root][INFO] - Added data to batch for client 0: {'round': 5, 'step_no': 535, 'loss': 0.052909478545188904, 'accuracy': 0.9534198045730591, 'l2_norm': 2.0901637077331543, 'computation_time': 0.04231405258178711, 'batch_time': 0.045873770461184904, 'rtc_check_time': 0.0020366999960970134, 'experiment_id': 'exp_20240620_204953', 'client_id': '0'}
[2024-06-20 20:51:09,667][root][INFO] - Added data to batch for client 0: {'round': 5, 'step_no': 536, 'loss': 0.17524918913841248, 'accuracy': 0.9532710313796997, 'l2_norm': 2.1246724128723145, 'computation_time': 0.04466509819030762, 'batch_time': 0.04780898740864359, 'rtc_check_time': 0.0015471999940928072, 'experiment_id': 'exp_20240620_204953', 'client_id': '0'}
[2024-06-20 20:51:09,668][root][INFO] - Added data to batch for client 0: {'round': 5, 'step_no': 537, 'loss': 0.06563431769609451, 'accuracy': 0.9537037014961243, 'l2_norm': 2.1452417373657227, 'computation_time': 0.04115700721740723, 'batch_time': 0.04422416354645975, 'rtc_check_time': 0.0018001999997068197, 'experiment_id': 'exp_20240620_204953', 'client_id': '0'}
[2024-06-20 20:51:09,669][root][INFO] - Added data to batch for client 0: {'round': 5, 'step_no': 538, 'loss': 0.05524951219558716, 'accuracy': 0.9538417458534241, 'l2_norm': 2.1797473430633545, 'computation_time': 0.039772987365722656, 'batch_time': 0.04323107042000629, 'rtc_check_time': 0.0023821000067982823, 'experiment_id': 'exp_20240620_204953', 'client_id': '0'}
[2024-06-20 20:51:09,670][root][INFO] - Added data to batch for client 0: {'round': 5, 'step_no': 539, 'loss': 0.28503546118736267, 'accuracy': 0.953125, 'l2_norm': 2.232221841812134, 'computation_time': 0.04325509071350098, 'batch_time': 0.047308026027167216, 'rtc_check_time': 0.002840100001776591, 'experiment_id': 'exp_20240620_204953', 'client_id': '0'}
[2024-06-20 20:51:09,671][root][INFO] - Added data to batch for client 0: {'round': 5, 'step_no': 540, 'loss': 0.035999804735183716, 'accuracy': 0.9535472989082336, 'l2_norm': 2.227231025695801, 'computation_time': 0.04254412651062012, 'batch_time': 0.046726853266591206, 'rtc_check_time': 0.003007799998158589, 'experiment_id': 'exp_20240620_204953', 'client_id': '0'}
[2024-06-20 20:51:09,672][root][INFO] - Added data to batch for client 0: {'round': 5, 'step_no': 541, 'loss': 0.06421447545289993, 'accuracy': 0.9539620280265808, 'l2_norm': 2.2479922771453857, 'computation_time': 0.04484105110168457, 'batch_time': 0.04897620405245107, 'rtc_check_time': 0.0025932999997166917, 'experiment_id': 'exp_20240620_204953', 'client_id': '0'}
[2024-06-20 20:51:09,673][root][INFO] - Added data to batch for client 0: {'round': 5, 'step_no': 542, 'loss': 0.06421218812465668, 'accuracy': 0.9540929198265076, 'l2_norm': 2.242575168609619, 'computation_time': 0.05588197708129883, 'batch_time': 0.059593758604023606, 'rtc_check_time': 0.002285800001118332, 'experiment_id': 'exp_20240620_204953', 'client_id': '0'}
[2024-06-20 20:51:09,674][root][INFO] - Added data to batch for client 0: {'round': 5, 'step_no': 543, 'loss': 0.06409783661365509, 'accuracy': 0.9544956088066101, 'l2_norm': 2.243892192840576, 'computation_time': 0.05537104606628418, 'batch_time': 0.06411252694670111, 'rtc_check_time': 0.007354600005783141, 'experiment_id': 'exp_20240620_204953', 'client_id': '0'}
[2024-06-20 20:51:09,676][root][INFO] - Added data to batch for client 0: {'round': 5, 'step_no': 544, 'loss': 0.33664822578430176, 'accuracy': 0.9538043737411499, 'l2_norm': 2.306133508682251, 'computation_time': 0.04991292953491211, 'batch_time': 0.06204606940445956, 'rtc_check_time': 0.010694999000406824, 'experiment_id': 'exp_20240620_204953', 'client_id': '0'}
[2024-06-20 20:51:09,677][root][INFO] - Added data to batch for client 0: {'round': 5, 'step_no': 545, 'loss': 0.46030789613723755, 'accuracy': 0.9525862336158752, 'l2_norm': 2.3821990489959717, 'computation_time': 0.059010982513427734, 'batch_time': 0.06413481317576952, 'rtc_check_time': 0.003762698994250968, 'experiment_id': 'exp_20240620_204953', 'client_id': '0'}
[2024-06-20 20:51:09,678][root][INFO] - Added data to batch for client 0: {'round': 5, 'step_no': 546, 'loss': 0.07893326878547668, 'accuracy': 0.9524572491645813, 'l2_norm': 2.4104230403900146, 'computation_time': 0.060009002685546875, 'batch_time': 0.06461604784999508, 'rtc_check_time': 0.002466999998432584, 'experiment_id': 'exp_20240620_204953', 'client_id': '0'}
[2024-06-20 20:51:09,679][root][INFO] - Added data to batch for client 0: {'round': 5, 'step_no': 547, 'loss': 0.09350995719432831, 'accuracy': 0.9523305296897888, 'l2_norm': 2.484862804412842, 'computation_time': 0.0646979808807373, 'batch_time': 0.0687489014089806, 'rtc_check_time': 0.0020729999960167333, 'experiment_id': 'exp_20240620_204953', 'client_id': '0'}
[2024-06-20 20:51:09,680][root][INFO] - Added data to batch for client 0: {'round': 5, 'step_no': 548, 'loss': 0.04900349676609039, 'accuracy': 0.9524685144424438, 'l2_norm': 2.5028114318847656, 'computation_time': 0.045744895935058594, 'batch_time': 0.04918430261022877, 'rtc_check_time': 0.0022012989938957617, 'experiment_id': 'exp_20240620_204953', 'client_id': '0'}
[2024-06-20 20:51:09,681][root][INFO] - Added data to batch for client 0: {'round': 5, 'step_no': 549, 'loss': 0.23066744208335876, 'accuracy': 0.9526041746139526, 'l2_norm': 2.5057320594787598, 'computation_time': 0.040544986724853516, 'batch_time': 0.043318814219674096, 'rtc_check_time': 0.001517600001534447, 'experiment_id': 'exp_20240620_204953', 'client_id': '0'}
[2024-06-20 20:51:09,682][root][INFO] - Added data to batch for client 0: {'round': 5, 'step_no': 550, 'loss': 0.10181912779808044, 'accuracy': 0.9522210955619812, 'l2_norm': 2.4746530055999756, 'computation_time': 0.039672136306762695, 'batch_time': 0.04389653087127954, 'rtc_check_time': 0.003041599993593991, 'experiment_id': 'exp_20240620_204953', 'client_id': '0'}
[2024-06-20 20:51:09,683][root][INFO] - Added data to batch for client 0: {'round': 5, 'step_no': 551, 'loss': 0.02530105784535408, 'accuracy': 0.9526126980781555, 'l2_norm': 2.4828455448150635, 'computation_time': 0.04220104217529297, 'batch_time': 0.046883831164450385, 'rtc_check_time': 0.0034690000029513612, 'experiment_id': 'exp_20240620_204953', 'client_id': '0'}
[2024-06-20 20:51:09,684][root][INFO] - Added data to batch for client 0: {'round': 5, 'step_no': 552, 'loss': 0.2803794741630554, 'accuracy': 0.952235758304596, 'l2_norm': 2.4898972511291504, 'computation_time': 0.046305179595947266, 'batch_time': 0.0487302648689365, 'rtc_check_time': 0.0013614999916171655, 'experiment_id': 'exp_20240620_204953', 'client_id': '0'}
[2024-06-20 20:51:09,685][root][INFO] - Added data to batch for client 0: {'round': 5, 'step_no': 553, 'loss': 0.23574432730674744, 'accuracy': 0.9518648982048035, 'l2_norm': 2.6361443996429443, 'computation_time': 0.04076886177062988, 'batch_time': 0.043378739326726645, 'rtc_check_time': 0.0014607000048272312, 'experiment_id': 'exp_20240620_204953', 'client_id': '0'}
[2024-06-20 20:51:09,686][root][INFO] - Added data to batch for client 0: {'round': 5, 'step_no': 554, 'loss': 0.11394219845533371, 'accuracy': 0.9520000219345093, 'l2_norm': 2.645427703857422, 'computation_time': 0.043460845947265625, 'batch_time': 0.04640621649741661, 'rtc_check_time': 0.001629299993510358, 'experiment_id': 'exp_20240620_204953', 'client_id': '0'}
[2024-06-20 20:51:09,687][root][INFO] - Added data to batch for client 0: {'round': 5, 'step_no': 555, 'loss': 0.04794612526893616, 'accuracy': 0.9521329402923584, 'l2_norm': 2.659759283065796, 'computation_time': 0.042112112045288086, 'batch_time': 0.05538721023185644, 'rtc_check_time': 0.011776398998335935, 'experiment_id': 'exp_20240620_204953', 'client_id': '0'}
[2024-06-20 20:51:09,688][root][INFO] - Added data to batch for client 0: {'round': 5, 'step_no': 556, 'loss': 0.02996472641825676, 'accuracy': 0.9525098204612732, 'l2_norm': 2.6589808464050293, 'computation_time': 0.04692888259887695, 'batch_time': 0.049780907604144886, 'rtc_check_time': 0.0017100000113714486, 'experiment_id': 'exp_20240620_204953', 'client_id': '0'}
[2024-06-20 20:51:09,689][root][INFO] - Added data to batch for client 0: {'round': 5, 'step_no': 557, 'loss': 0.036044079810380936, 'accuracy': 0.952880859375, 'l2_norm': 2.6588072776794434, 'computation_time': 0.044741153717041016, 'batch_time': 0.05312435199448373, 'rtc_check_time': 0.00705020000168588, 'experiment_id': 'exp_20240620_204953', 'client_id': '0'}
[2024-06-20 20:51:09,690][root][INFO] - Added data to batch for client 0: {'round': 5, 'step_no': 558, 'loss': 0.06452877819538116, 'accuracy': 0.9530038833618164, 'l2_norm': 2.691275119781494, 'computation_time': 0.04255104064941406, 'batch_time': 0.046420506172580644, 'rtc_check_time': 0.002525499992771074, 'experiment_id': 'exp_20240620_204953', 'client_id': '0'}
[2024-06-20 20:51:09,691][root][INFO] - Added data to batch for client 0: {'round': 5, 'step_no': 559, 'loss': 0.11797571182250977, 'accuracy': 0.9528846144676208, 'l2_norm': 2.763361692428589, 'computation_time': 0.042716026306152344, 'batch_time': 0.046730808142456226, 'rtc_check_time': 0.002766898993286304, 'experiment_id': 'exp_20240620_204953', 'client_id': '0'}
[2024-06-20 20:51:09,692][root][INFO] - Added data to batch for client 0: {'round': 5, 'step_no': 560, 'loss': 0.29402652382850647, 'accuracy': 0.9522900581359863, 'l2_norm': 2.8221356868743896, 'computation_time': 0.04062795639038086, 'batch_time': 0.045839147322112694, 'rtc_check_time': 0.0038801000046078116, 'experiment_id': 'exp_20240620_204953', 'client_id': '0'}
[2024-06-20 20:51:09,693][root][INFO] - Added data to batch for client 0: {'round': 5, 'step_no': 561, 'loss': 0.3020293116569519, 'accuracy': 0.9517045617103577, 'l2_norm': 2.7919294834136963, 'computation_time': 0.04829216003417969, 'batch_time': 0.05188778426963836, 'rtc_check_time': 0.0020706990035250783, 'experiment_id': 'exp_20240620_204953', 'client_id': '0'}
[2024-06-20 20:51:09,694][root][INFO] - Added data to batch for client 0: {'round': 5, 'step_no': 562, 'loss': 0.10615465044975281, 'accuracy': 0.9515977501869202, 'l2_norm': 2.835223913192749, 'computation_time': 0.0467832088470459, 'batch_time': 0.049356336079654284, 'rtc_check_time': 0.0014435000048251823, 'experiment_id': 'exp_20240620_204953', 'client_id': '0'}
[2024-06-20 20:51:09,695][root][INFO] - Added data to batch for client 0: {'round': 5, 'step_no': 563, 'loss': 0.0997767373919487, 'accuracy': 0.9514925479888916, 'l2_norm': 2.8478426933288574, 'computation_time': 0.03990602493286133, 'batch_time': 0.04298458203265909, 'rtc_check_time': 0.0019866000075126067, 'experiment_id': 'exp_20240620_204953', 'client_id': '0'}
[2024-06-20 20:51:09,696][root][INFO] - Added data to batch for client 0: {'round': 5, 'step_no': 564, 'loss': 0.08165532350540161, 'accuracy': 0.9513888955116272, 'l2_norm': 2.877746343612671, 'computation_time': 0.04419088363647461, 'batch_time': 0.04814160193200223, 'rtc_check_time': 0.002771500003291294, 'experiment_id': 'exp_20240620_204953', 'client_id': '0'}
[2024-06-20 20:51:09,697][root][INFO] - Added data to batch for client 0: {'round': 5, 'step_no': 565, 'loss': 0.21432897448539734, 'accuracy': 0.9515165686607361, 'l2_norm': 2.8994052410125732, 'computation_time': 0.04109311103820801, 'batch_time': 0.04470886552007869, 'rtc_check_time': 0.00242390000494197, 'experiment_id': 'exp_20240620_204953', 'client_id': '0'}
[2024-06-20 20:51:09,698][root][INFO] - Added data to batch for client 0: {'round': 5, 'step_no': 566, 'loss': 0.0504942312836647, 'accuracy': 0.9518704414367676, 'l2_norm': 2.900183916091919, 'computation_time': 0.03902292251586914, 'batch_time': 0.04226981922693085, 'rtc_check_time': 0.002118699994753115, 'experiment_id': 'exp_20240620_204953', 'client_id': '0'}
[2024-06-20 20:51:09,699][root][INFO] - Added data to batch for client 0: {'round': 5, 'step_no': 567, 'loss': 0.02206629142165184, 'accuracy': 0.9522191882133484, 'l2_norm': 2.902703285217285, 'computation_time': 0.03979301452636719, 'batch_time': 0.04321935803454835, 'rtc_check_time': 0.0023443999962182716, 'experiment_id': 'exp_20240620_204953', 'client_id': '0'}
[2024-06-20 20:51:09,700][root][INFO] - Added data to batch for client 0: {'round': 5, 'step_no': 568, 'loss': 0.08164303749799728, 'accuracy': 0.9523381590843201, 'l2_norm': 2.882624864578247, 'computation_time': 0.03740501403808594, 'batch_time': 0.04045711801154539, 'rtc_check_time': 0.0019641999970190227, 'experiment_id': 'exp_20240620_204953', 'client_id': '0'}
[2024-06-20 20:51:09,702][root][INFO] - Added data to batch for client 0: {'round': 5, 'step_no': 569, 'loss': 0.2778986394405365, 'accuracy': 0.9522321224212646, 'l2_norm': 2.9318976402282715, 'computation_time': 0.045031070709228516, 'batch_time': 0.04801114600559231, 'rtc_check_time': 0.0015622000064468011, 'experiment_id': 'exp_20240620_204953', 'client_id': '0'}
[2024-06-20 20:51:09,703][root][INFO] - Added data to batch for client 0: {'round': 5, 'step_no': 570, 'loss': 0.06229846552014351, 'accuracy': 0.9523493051528931, 'l2_norm': 2.9046967029571533, 'computation_time': 0.043942928314208984, 'batch_time': 0.04677756557066459, 'rtc_check_time': 0.0015045000036479905, 'experiment_id': 'exp_20240620_204953', 'client_id': '0'}
[2024-06-20 20:51:09,704][root][INFO] - Added data to batch for client 0: {'round': 5, 'step_no': 571, 'loss': 0.08646111935377121, 'accuracy': 0.952464759349823, 'l2_norm': 2.9191648960113525, 'computation_time': 0.04374098777770996, 'batch_time': 0.05053077332559042, 'rtc_check_time': 0.005391699000028893, 'experiment_id': 'exp_20240620_204953', 'client_id': '0'}
[2024-06-20 20:51:09,705][root][INFO] - Added data to batch for client 0: {'round': 5, 'step_no': 572, 'loss': 0.1573159396648407, 'accuracy': 0.9523601531982422, 'l2_norm': 2.9795491695404053, 'computation_time': 0.042983055114746094, 'batch_time': 0.046442825128906406, 'rtc_check_time': 0.0021889989875489846, 'experiment_id': 'exp_20240620_204953', 'client_id': '0'}
[2024-06-20 20:51:09,706][root][INFO] - Added data to batch for client 0: {'round': 5, 'step_no': 573, 'loss': 0.2864662706851959, 'accuracy': 0.9520399570465088, 'l2_norm': 3.085249900817871, 'computation_time': 0.04198288917541504, 'batch_time': 0.04701555117208045, 'rtc_check_time': 0.003754499994101934, 'experiment_id': 'exp_20240620_204953', 'client_id': '0'}
[2024-06-20 20:51:09,707][root][INFO] - Added data to batch for client 0: {'round': 5, 'step_no': 574, 'loss': 0.17219069600105286, 'accuracy': 0.9519396424293518, 'l2_norm': 3.04927659034729, 'computation_time': 0.03908514976501465, 'batch_time': 0.04329092199623119, 'rtc_check_time': 0.0028989999991608784, 'experiment_id': 'exp_20240620_204953', 'client_id': '0'}
[2024-06-20 20:51:09,708][root][INFO] - Added data to batch for client 0: {'round': 5, 'step_no': 575, 'loss': 0.1692485809326172, 'accuracy': 0.9518407583236694, 'l2_norm': 3.0711991786956787, 'computation_time': 0.03928494453430176, 'batch_time': 0.04278163393610157, 'rtc_check_time': 0.002418799005681649, 'experiment_id': 'exp_20240620_204953', 'client_id': '0'}
[2024-06-20 20:51:09,709][root][INFO] - Added data to batch for client 0: {'round': 5, 'step_no': 576, 'loss': 0.09372071176767349, 'accuracy': 0.9517431855201721, 'l2_norm': 3.059333086013794, 'computation_time': 0.042096853256225586, 'batch_time': 0.04630318941781297, 'rtc_check_time': 0.003126299998257309, 'experiment_id': 'exp_20240620_204953', 'client_id': '0'}
[2024-06-20 20:51:09,710][root][INFO] - Added data to batch for client 0: {'round': 5, 'step_no': 577, 'loss': 0.062365151941776276, 'accuracy': 0.9518581032752991, 'l2_norm': 3.0860273838043213, 'computation_time': 0.03956317901611328, 'batch_time': 0.04205460159573704, 'rtc_check_time': 0.0014213999966159463, 'experiment_id': 'exp_20240620_204953', 'client_id': '0'}
[2024-06-20 20:51:09,711][root][INFO] - Added data to batch for client 0: {'round': 5, 'step_no': 578, 'loss': 0.12059134244918823, 'accuracy': 0.9517617225646973, 'l2_norm': 3.106034755706787, 'computation_time': 0.0469970703125, 'batch_time': 0.050994396093301475, 'rtc_check_time': 0.0024754999903962016, 'experiment_id': 'exp_20240620_204953', 'client_id': '0'}
[2024-06-20 20:51:09,712][root][INFO] - Added data to batch for client 0: {'round': 5, 'step_no': 579, 'loss': 0.11525381356477737, 'accuracy': 0.9516666531562805, 'l2_norm': 3.1347432136535645, 'computation_time': 0.039869070053100586, 'batch_time': 0.04373123032564763, 'rtc_check_time': 0.0026652990054572, 'experiment_id': 'exp_20240620_204953', 'client_id': '0'}
[2024-06-20 20:51:09,713][root][INFO] - Added data to batch for client 0: {'round': 5, 'step_no': 580, 'loss': 0.06699714064598083, 'accuracy': 0.9517797827720642, 'l2_norm': 3.1435506343841553, 'computation_time': 0.041667938232421875, 'batch_time': 0.0455873625469394, 'rtc_check_time': 0.00256019999505952, 'experiment_id': 'exp_20240620_204953', 'client_id': '0'}
[2024-06-20 20:51:09,714][root][INFO] - Added data to batch for client 0: {'round': 5, 'step_no': 581, 'loss': 0.11006234586238861, 'accuracy': 0.9516858458518982, 'l2_norm': 3.1640288829803467, 'computation_time': 0.04470705986022949, 'batch_time': 0.05146745113597717, 'rtc_check_time': 0.0052604999946197495, 'experiment_id': 'exp_20240620_204953', 'client_id': '0'}
[2024-06-20 20:51:09,715][root][INFO] - Added data to batch for client 0: {'round': 5, 'step_no': 582, 'loss': 0.10752808302640915, 'accuracy': 0.9515931606292725, 'l2_norm': 3.209235191345215, 'computation_time': 0.039704084396362305, 'batch_time': 0.044980504375416785, 'rtc_check_time': 0.004106500011403114, 'experiment_id': 'exp_20240620_204953', 'client_id': '0'}
[2024-06-20 20:51:09,716][root][INFO] - Added data to batch for client 0: {'round': 5, 'step_no': 583, 'loss': 0.1954706758260727, 'accuracy': 0.951298713684082, 'l2_norm': 3.1755754947662354, 'computation_time': 0.04343104362487793, 'batch_time': 0.04764538614836056, 'rtc_check_time': 0.0031323990115197375, 'experiment_id': 'exp_20240620_204953', 'client_id': '0'}
[2024-06-20 20:51:09,717][root][INFO] - Added data to batch for client 0: {'round': 5, 'step_no': 584, 'loss': 0.26993680000305176, 'accuracy': 0.9506048560142517, 'l2_norm': 3.1807963848114014, 'computation_time': 0.03803706169128418, 'batch_time': 0.0420258425292559, 'rtc_check_time': 0.0029487989959307015, 'experiment_id': 'exp_20240620_204953', 'client_id': '0'}
[2024-06-20 20:51:09,718][root][INFO] - Added data to batch for client 0: {'round': 5, 'step_no': 585, 'loss': 0.08459866046905518, 'accuracy': 0.9507211446762085, 'l2_norm': 3.1899735927581787, 'computation_time': 0.04142904281616211, 'batch_time': 0.04397454975696746, 'rtc_check_time': 0.001388699995004572, 'experiment_id': 'exp_20240620_204953', 'client_id': '0'}
[2024-06-20 20:51:09,719][root][INFO] - Added data to batch for client 0: {'round': 5, 'step_no': 586, 'loss': 0.04725978896021843, 'accuracy': 0.9508360028266907, 'l2_norm': 3.1811840534210205, 'computation_time': 0.04069685935974121, 'batch_time': 0.04356800099776592, 'rtc_check_time': 0.001608000005944632, 'experiment_id': 'exp_20240620_204953', 'client_id': '0'}
[2024-06-20 20:51:09,721][root][INFO] - Added data to batch for client 0: {'round': 5, 'step_no': 587, 'loss': 0.19848577678203583, 'accuracy': 0.9509493708610535, 'l2_norm': 3.21901273727417, 'computation_time': 0.05015921592712402, 'batch_time': 0.0534931853908347, 'rtc_check_time': 0.0020600989955710247, 'experiment_id': 'exp_20240620_204953', 'client_id': '0'}
[2024-06-20 20:51:09,722][root][INFO] - Added data to batch for client 0: {'round': 5, 'step_no': 588, 'loss': 0.08521905541419983, 'accuracy': 0.9510613083839417, 'l2_norm': 3.2445058822631836, 'computation_time': 0.045597076416015625, 'batch_time': 0.053060280726640485, 'rtc_check_time': 0.005742299006669782, 'experiment_id': 'exp_20240620_204953', 'client_id': '0'}
[2024-06-20 20:51:09,723][root][INFO] - Added data to batch for client 0: {'round': 5, 'step_no': 589, 'loss': 0.021521011367440224, 'accuracy': 0.951367199420929, 'l2_norm': 3.2439382076263428, 'computation_time': 0.05467700958251953, 'batch_time': 0.05743708222871646, 'rtc_check_time': 0.0015891990042291582, 'experiment_id': 'exp_20240620_204953', 'client_id': '0'}
[2024-06-20 20:51:09,724][root][INFO] - Added data to batch for client 0: {'round': 5, 'step_no': 590, 'loss': 0.1583121418952942, 'accuracy': 0.9514751434326172, 'l2_norm': 3.328111171722412, 'computation_time': 0.051622867584228516, 'batch_time': 0.05685248679947108, 'rtc_check_time': 0.003073600004427135, 'experiment_id': 'exp_20240620_204953', 'client_id': '0'}
[2024-06-20 20:51:09,725][root][INFO] - Added data to batch for client 0: {'round': 5, 'step_no': 591, 'loss': 0.04157295823097229, 'accuracy': 0.9517747163772583, 'l2_norm': 3.344909906387329, 'computation_time': 0.04930591583251953, 'batch_time': 0.05278382549295202, 'rtc_check_time': 0.002170899009797722, 'experiment_id': 'exp_20240620_204953', 'client_id': '0'}
[2024-06-20 20:51:09,726][root][INFO] - Added data to batch for client 0: {'round': 5, 'step_no': 592, 'loss': 0.2556425929069519, 'accuracy': 0.9516870975494385, 'l2_norm': 3.4171767234802246, 'computation_time': 0.04333090782165527, 'batch_time': 0.046788644322077744, 'rtc_check_time': 0.0019526000105543062, 'experiment_id': 'exp_20240620_204953', 'client_id': '0'}
[2024-06-20 20:51:09,727][root][INFO] - Added data to batch for client 0: {'round': 5, 'step_no': 593, 'loss': 0.27102601528167725, 'accuracy': 0.9512194991111755, 'l2_norm': 3.401479721069336, 'computation_time': 0.04223895072937012, 'batch_time': 0.046343291076482274, 'rtc_check_time': 0.002919400008977391, 'experiment_id': 'exp_20240620_204953', 'client_id': '0'}
[2024-06-20 20:51:09,728][root][INFO] - Added data to batch for client 0: {'round': 5, 'step_no': 594, 'loss': 0.2812240719795227, 'accuracy': 0.9509469866752625, 'l2_norm': 3.445620536804199, 'computation_time': 0.0395510196685791, 'batch_time': 0.042358502600109205, 'rtc_check_time': 0.0015174000000115484, 'experiment_id': 'exp_20240620_204953', 'client_id': '0'}
[2024-06-20 20:51:09,729][root][INFO] - Added data to batch for client 0: {'round': 5, 'step_no': 595, 'loss': 0.049696873873472214, 'accuracy': 0.9512424468994141, 'l2_norm': 3.4631266593933105, 'computation_time': 0.045189857482910156, 'batch_time': 0.04882161413843278, 'rtc_check_time': 0.001939699999638833, 'experiment_id': 'exp_20240620_204953', 'client_id': '0'}
[2024-06-20 20:51:09,730][root][INFO] - Added data to batch for client 0: {'round': 5, 'step_no': 596, 'loss': 0.07254229485988617, 'accuracy': 0.951347291469574, 'l2_norm': 3.5192909240722656, 'computation_time': 0.03936600685119629, 'batch_time': 0.04425670906493906, 'rtc_check_time': 0.003835700001218356, 'experiment_id': 'exp_20240620_204953', 'client_id': '0'}
[2024-06-20 20:51:09,731][root][INFO] - Added data to batch for client 0: {'round': 5, 'step_no': 597, 'loss': 0.1806349903345108, 'accuracy': 0.9512648582458496, 'l2_norm': 3.561739206314087, 'computation_time': 0.03898215293884277, 'batch_time': 0.0448051792482147, 'rtc_check_time': 0.004651198993087746, 'experiment_id': 'exp_20240620_204953', 'client_id': '0'}
[2024-06-20 20:51:09,732][root][INFO] - Added data to batch for client 0: {'round': 5, 'step_no': 598, 'loss': 0.031076207756996155, 'accuracy': 0.951553225517273, 'l2_norm': 3.583979606628418, 'computation_time': 0.04214191436767578, 'batch_time': 0.04749919423193205, 'rtc_check_time': 0.004178299990599044, 'experiment_id': 'exp_20240620_204953', 'client_id': '0'}
[2024-06-20 20:51:09,733][root][INFO] - Added data to batch for client 0: {'round': 5, 'step_no': 599, 'loss': 0.032581306993961334, 'accuracy': 0.9516544342041016, 'l2_norm': 3.6114583015441895, 'computation_time': 0.043334007263183594, 'batch_time': 0.048766535430331714, 'rtc_check_time': 0.004185598998446949, 'experiment_id': 'exp_20240620_204953', 'client_id': '0'}
[2024-06-20 20:51:09,734][root][INFO] - Added data to batch for client 0: {'round': 5, 'step_no': 600, 'loss': 0.265474408864975, 'accuracy': 0.9515716433525085, 'l2_norm': 3.627553939819336, 'computation_time': 0.04468703269958496, 'batch_time': 0.04911392691428773, 'rtc_check_time': 0.0032049989968072623, 'experiment_id': 'exp_20240620_204953', 'client_id': '0'}
[2024-06-20 20:51:09,735][root][INFO] - Added data to batch for client 0: {'round': 5, 'step_no': 601, 'loss': 0.07307619601488113, 'accuracy': 0.9516715407371521, 'l2_norm': 3.638033151626587, 'computation_time': 0.04751920700073242, 'batch_time': 0.053399236930999905, 'rtc_check_time': 0.0046001989976502955, 'experiment_id': 'exp_20240620_204953', 'client_id': '0'}
[2024-06-20 20:51:09,736][root][INFO] - Added data to batch for client 0: {'round': 5, 'step_no': 602, 'loss': 0.26131683588027954, 'accuracy': 0.9517702460289001, 'l2_norm': 3.7208049297332764, 'computation_time': 0.045822858810424805, 'batch_time': 0.04936625751724932, 'rtc_check_time': 0.0019993999885628, 'experiment_id': 'exp_20240620_204953', 'client_id': '0'}
[2024-06-20 20:51:09,737][root][INFO] - Added data to batch for client 0: {'round': 5, 'step_no': 603, 'loss': 0.034275542944669724, 'accuracy': 0.9520474076271057, 'l2_norm': 3.735642433166504, 'computation_time': 0.04307389259338379, 'batch_time': 0.04892738307535183, 'rtc_check_time': 0.004733399997348897, 'experiment_id': 'exp_20240620_204953', 'client_id': '0'}
[2024-06-20 20:51:09,738][root][INFO] - Added data to batch for client 0: {'round': 5, 'step_no': 604, 'loss': 0.14064927399158478, 'accuracy': 0.951964259147644, 'l2_norm': 3.8395838737487793, 'computation_time': 0.04012298583984375, 'batch_time': 0.045621551005751826, 'rtc_check_time': 0.004323399989516474, 'experiment_id': 'exp_20240620_204953', 'client_id': '0'}
[2024-06-20 20:51:09,739][root][INFO] - Added data to batch for client 0: {'round': 5, 'step_no': 605, 'loss': 0.0526101291179657, 'accuracy': 0.9520596861839294, 'l2_norm': 3.806807279586792, 'computation_time': 0.04000496864318848, 'batch_time': 0.04479039665602613, 'rtc_check_time': 0.0022086000099079683, 'experiment_id': 'exp_20240620_204953', 'client_id': '0'}
[2024-06-20 20:51:09,740][root][INFO] - Added data to batch for client 0: {'round': 5, 'step_no': 606, 'loss': 0.04102593660354614, 'accuracy': 0.9523305296897888, 'l2_norm': 3.8153388500213623, 'computation_time': 0.03893303871154785, 'batch_time': 0.04301104671321809, 'rtc_check_time': 0.0030179989989846945, 'experiment_id': 'exp_20240620_204953', 'client_id': '0'}
[2024-06-20 20:51:09,741][root][INFO] - Added data to batch for client 0: {'round': 5, 'step_no': 607, 'loss': 0.031880851835012436, 'accuracy': 0.9525983333587646, 'l2_norm': 3.820517063140869, 'computation_time': 0.04087710380554199, 'batch_time': 0.04423253473942168, 'rtc_check_time': 0.002075600001262501, 'experiment_id': 'exp_20240620_204953', 'client_id': '0'}
[2024-06-20 20:51:09,742][root][INFO] - Added data to batch for client 0: {'round': 5, 'step_no': 608, 'loss': 0.032486144453287125, 'accuracy': 0.9528631567955017, 'l2_norm': 3.8532471656799316, 'computation_time': 0.042160987854003906, 'batch_time': 0.04591403507220093, 'rtc_check_time': 0.0025209000014001504, 'experiment_id': 'exp_20240620_204953', 'client_id': '0'}
[2024-06-20 20:51:09,743][root][INFO] - Added data to batch for client 0: {'round': 5, 'step_no': 609, 'loss': 0.097817562520504, 'accuracy': 0.9529513716697693, 'l2_norm': 3.865487575531006, 'computation_time': 0.04030203819274902, 'batch_time': 0.04402161807229277, 'rtc_check_time': 0.0025406000058865175, 'experiment_id': 'exp_20240620_204953', 'client_id': '0'}
[2024-06-20 20:51:09,745][root][INFO] - Added data to batch for client 0: {'round': 5, 'step_no': 610, 'loss': 0.191219300031662, 'accuracy': 0.9526933431625366, 'l2_norm': 3.921358108520508, 'computation_time': 0.039353132247924805, 'batch_time': 0.04612632526550442, 'rtc_check_time': 0.005587299005128443, 'experiment_id': 'exp_20240620_204953', 'client_id': '0'}
[2024-06-20 20:51:09,746][root][INFO] - Added data to batch for client 0: {'round': 5, 'step_no': 611, 'loss': 0.25310683250427246, 'accuracy': 0.9524381756782532, 'l2_norm': 3.937913179397583, 'computation_time': 0.04344487190246582, 'batch_time': 0.04707785515347496, 'rtc_check_time': 0.0019177999929524958, 'experiment_id': 'exp_20240620_204953', 'client_id': '0'}
[2024-06-20 20:51:09,747][root][INFO] - Added data to batch for client 0: {'round': 5, 'step_no': 612, 'loss': 0.22919225692749023, 'accuracy': 0.9523565769195557, 'l2_norm': 3.990954875946045, 'computation_time': 0.0413670539855957, 'batch_time': 0.05917004097136669, 'rtc_check_time': 0.01658919799956493, 'experiment_id': 'exp_20240620_204953', 'client_id': '0'}
[2024-06-20 20:51:09,748][root][INFO] - Added data to batch for client 0: {'round': 5, 'step_no': 613, 'loss': 0.22020593285560608, 'accuracy': 0.9521059989929199, 'l2_norm': 4.009062767028809, 'computation_time': 0.04251503944396973, 'batch_time': 0.045205021640867926, 'rtc_check_time': 0.0014812000008532777, 'experiment_id': 'exp_20240620_204953', 'client_id': '0'}
[2024-06-20 20:51:09,749][root][INFO] - Added data to batch for client 0: {'round': 5, 'step_no': 614, 'loss': 0.1204557791352272, 'accuracy': 0.9520270228385925, 'l2_norm': 4.053452968597412, 'computation_time': 0.038780927658081055, 'batch_time': 0.04290943962405436, 'rtc_check_time': 0.0029995999939274043, 'experiment_id': 'exp_20240620_204953', 'client_id': '0'}
[2024-06-20 20:51:09,750][root][INFO] - Added data to batch for client 0: {'round': 5, 'step_no': 615, 'loss': 0.38705575466156006, 'accuracy': 0.9519489407539368, 'l2_norm': 4.0744218826293945, 'computation_time': 0.03911304473876953, 'batch_time': 0.043061128788394853, 'rtc_check_time': 0.002664200001163408, 'experiment_id': 'exp_20240620_204953', 'client_id': '0'}
[2024-06-20 20:51:09,751][root][INFO] - Added data to batch for client 0: {'round': 5, 'step_no': 616, 'loss': 0.07254862785339355, 'accuracy': 0.9520387649536133, 'l2_norm': 4.092967510223389, 'computation_time': 0.04055500030517578, 'batch_time': 0.0435517653968418, 'rtc_check_time': 0.0018638000037753955, 'experiment_id': 'exp_20240620_204953', 'client_id': '0'}
[2024-06-20 20:51:09,752][root][INFO] - Added data to batch for client 0: {'round': 5, 'step_no': 617, 'loss': 0.039329614490270615, 'accuracy': 0.952293872833252, 'l2_norm': 4.125005722045898, 'computation_time': 0.04833793640136719, 'batch_time': 0.05150351430347655, 'rtc_check_time': 0.0018475999968359247, 'experiment_id': 'exp_20240620_204953', 'client_id': '0'}
[2024-06-20 20:51:09,753][root][INFO] - Added data to batch for client 0: {'round': 5, 'step_no': 618, 'loss': 0.0972091406583786, 'accuracy': 0.9523809552192688, 'l2_norm': 4.142264366149902, 'computation_time': 0.03973102569580078, 'batch_time': 0.044386448920704424, 'rtc_check_time': 0.0035462999949231744, 'experiment_id': 'exp_20240620_204953', 'client_id': '0'}
[2024-06-20 20:51:09,754][root][INFO] - Added data to batch for client 0: {'round': 5, 'step_no': 619, 'loss': 0.2725500464439392, 'accuracy': 0.9523026347160339, 'l2_norm': 4.187948703765869, 'computation_time': 0.0423130989074707, 'batch_time': 0.04503611888503656, 'rtc_check_time': 0.0015531000099144876, 'experiment_id': 'exp_20240620_204953', 'client_id': '0'}
[2024-06-20 20:51:09,755][root][INFO] - Added data to batch for client 0: {'round': 5, 'step_no': 620, 'loss': 0.1004171371459961, 'accuracy': 0.9523887634277344, 'l2_norm': 4.236368656158447, 'computation_time': 0.03944683074951172, 'batch_time': 0.042833424056880176, 'rtc_check_time': 0.0023303990019485354, 'experiment_id': 'exp_20240620_204953', 'client_id': '0'}
[2024-06-20 20:51:09,756][root][INFO] - Added data to batch for client 0: {'round': 5, 'step_no': 621, 'loss': 0.21380943059921265, 'accuracy': 0.9523112177848816, 'l2_norm': 4.288376331329346, 'computation_time': 0.0490880012512207, 'batch_time': 0.05221096414607018, 'rtc_check_time': 0.00202599901240319, 'experiment_id': 'exp_20240620_204953', 'client_id': '0'}
[2024-06-20 20:51:09,757][root][INFO] - Added data to batch for client 0: {'round': 5, 'step_no': 622, 'loss': 0.12682515382766724, 'accuracy': 0.9522344470024109, 'l2_norm': 4.310594081878662, 'computation_time': 0.039743900299072266, 'batch_time': 0.0431335767643759, 'rtc_check_time': 0.0022826990025350824, 'experiment_id': 'exp_20240620_204953', 'client_id': '0'}
[2024-06-20 20:51:09,758][root][INFO] - Added data to batch for client 0: {'round': 5, 'step_no': 623, 'loss': 0.33168289065361023, 'accuracy': 0.952158510684967, 'l2_norm': 4.3244452476501465, 'computation_time': 0.042801856994628906, 'batch_time': 0.04760213871486485, 'rtc_check_time': 0.003546199994161725, 'experiment_id': 'exp_20240620_204953', 'client_id': '0'}
[2024-06-20 20:51:09,759][root][INFO] - Added data to batch for client 0: {'round': 5, 'step_no': 624, 'loss': 0.26154229044914246, 'accuracy': 0.9520833492279053, 'l2_norm': 4.3649773597717285, 'computation_time': 0.042822837829589844, 'batch_time': 0.04743438841251191, 'rtc_check_time': 0.003446398986852728, 'experiment_id': 'exp_20240620_204953', 'client_id': '0'}
[2024-06-20 20:51:09,760][root][INFO] - Added data to batch for client 0: {'round': 5, 'step_no': 625, 'loss': 0.1481667459011078, 'accuracy': 0.9518494606018066, 'l2_norm': 4.390439033508301, 'computation_time': 0.04173111915588379, 'batch_time': 0.04461726933368482, 'rtc_check_time': 0.0015850999916438013, 'experiment_id': 'exp_20240620_204953', 'client_id': '0'}
[2024-06-20 20:51:09,761][root][INFO] - Added data to batch for client 0: {'round': 5, 'step_no': 626, 'loss': 0.08408249169588089, 'accuracy': 0.9519352912902832, 'l2_norm': 4.412558555603027, 'computation_time': 0.03990912437438965, 'batch_time': 0.043682906005415134, 'rtc_check_time': 0.0025618999934522435, 'experiment_id': 'exp_20240620_204953', 'client_id': '0'}
[2024-06-20 20:51:09,762][root][INFO] - Added data to batch for client 0: {'round': 5, 'step_no': 627, 'loss': 0.25575780868530273, 'accuracy': 0.9518623948097229, 'l2_norm': 4.431351661682129, 'computation_time': 0.040862083435058594, 'batch_time': 0.04587223056296352, 'rtc_check_time': 0.003820199999609031, 'experiment_id': 'exp_20240620_204953', 'client_id': '0'}
[2024-06-20 20:51:09,763][root][INFO] - Added data to batch for client 0: {'round': 5, 'step_no': 628, 'loss': 0.06729525327682495, 'accuracy': 0.9521042704582214, 'l2_norm': 4.4532060623168945, 'computation_time': 0.044595956802368164, 'batch_time': 0.0483850844175322, 'rtc_check_time': 0.0027470000059111044, 'experiment_id': 'exp_20240620_204953', 'client_id': '0'}
[2024-06-20 20:51:09,764][root][INFO] - Added data to batch for client 0: {'round': 5, 'step_no': 629, 'loss': 0.12844812870025635, 'accuracy': 0.9520312547683716, 'l2_norm': 4.473460674285889, 'computation_time': 0.039871931076049805, 'batch_time': 0.04369632573798299, 'rtc_check_time': 0.0025994000025093555, 'experiment_id': 'exp_20240620_204953', 'client_id': '0'}
[2024-06-20 20:51:09,765][root][INFO] - Added data to batch for client 0: {'round': 5, 'step_no': 630, 'loss': 0.03757983446121216, 'accuracy': 0.9522699117660522, 'l2_norm': 4.507329940795898, 'computation_time': 0.040083885192871094, 'batch_time': 0.04533443429681938, 'rtc_check_time': 0.0041996000072686, 'experiment_id': 'exp_20240620_204953', 'client_id': '0'}
[2024-06-20 20:51:09,766][root][INFO] - Added data to batch for client 0: {'round': 5, 'step_no': 631, 'loss': 0.1173766553401947, 'accuracy': 0.9523515105247498, 'l2_norm': 4.528041839599609, 'computation_time': 0.04530596733093262, 'batch_time': 0.048512969427974895, 'rtc_check_time': 0.0019379000004846603, 'experiment_id': 'exp_20240620_204953', 'client_id': '0'}
[2024-06-20 20:51:09,767][root][INFO] - Added data to batch for client 0: {'round': 5, 'step_no': 632, 'loss': 0.024991154670715332, 'accuracy': 0.9525862336158752, 'l2_norm': 4.523308753967285, 'computation_time': 0.051445960998535156, 'batch_time': 0.055394015231286176, 'rtc_check_time': 0.002327999987755902, 'experiment_id': 'exp_20240620_204953', 'client_id': '0'}
[2024-06-20 20:51:09,768][root][INFO] - Added data to batch for client 0: {'round': 5, 'step_no': 633, 'loss': 0.0312529020011425, 'accuracy': 0.9528186321258545, 'l2_norm': 4.5400896072387695, 'computation_time': 0.040296077728271484, 'batch_time': 0.043680728689651005, 'rtc_check_time': 0.002258600012282841, 'experiment_id': 'exp_20240620_204953', 'client_id': '0'}
[2024-06-20 20:51:09,769][root][INFO] - Added data to batch for client 0: {'round': 5, 'step_no': 634, 'loss': 0.0379667729139328, 'accuracy': 0.9530487656593323, 'l2_norm': 4.529671669006348, 'computation_time': 0.04473400115966797, 'batch_time': 0.051452815838274546, 'rtc_check_time': 0.005439699001726694, 'experiment_id': 'exp_20240620_204953', 'client_id': '0'}
[2024-06-20 20:51:09,771][root][INFO] - Added data to batch for client 0: {'round': 5, 'step_no': 635, 'loss': 0.08532062917947769, 'accuracy': 0.953125, 'l2_norm': 4.559141635894775, 'computation_time': 0.0525507926940918, 'batch_time': 0.05679883925768081, 'rtc_check_time': 0.0030549999937647954, 'experiment_id': 'exp_20240620_204953', 'client_id': '0'}
[2024-06-20 20:51:09,772][root][INFO] - Added data to batch for client 0: {'round': 5, 'step_no': 636, 'loss': 0.0192287415266037, 'accuracy': 0.9533514380455017, 'l2_norm': 4.565735340118408, 'computation_time': 0.045381784439086914, 'batch_time': 0.05035502530517988, 'rtc_check_time': 0.00353509999695234, 'experiment_id': 'exp_20240620_204953', 'client_id': '0'}
[2024-06-20 20:51:09,773][root][INFO] - Added data to batch for client 0: {'round': 5, 'step_no': 637, 'loss': 0.2172413021326065, 'accuracy': 0.9532752633094788, 'l2_norm': 4.611172676086426, 'computation_time': 0.04350996017456055, 'batch_time': 0.05495249894738663, 'rtc_check_time': 0.010254498993162997, 'experiment_id': 'exp_20240620_204953', 'client_id': '0'}
[2024-06-20 20:51:09,774][root][INFO] - Added data to batch for client 0: {'round': 5, 'step_no': 638, 'loss': 0.06461821496486664, 'accuracy': 0.9534987807273865, 'l2_norm': 4.614148139953613, 'computation_time': 0.04385089874267578, 'batch_time': 0.04778631386579946, 'rtc_check_time': 0.0026532000047154725, 'experiment_id': 'exp_20240620_204953', 'client_id': '0'}
[2024-06-20 20:51:09,775][root][INFO] - Added data to batch for client 0: {'round': 5, 'step_no': 639, 'loss': 0.0327913872897625, 'accuracy': 0.953720211982727, 'l2_norm': 4.61247444152832, 'computation_time': 0.03993988037109375, 'batch_time': 0.04304323252290487, 'rtc_check_time': 0.0019412999972701073, 'experiment_id': 'exp_20240620_204953', 'client_id': '0'}
[2024-06-20 20:51:09,776][root][INFO] - Added data to batch for client 0: {'round': 5, 'step_no': 640, 'loss': 0.18121770024299622, 'accuracy': 0.9536433815956116, 'l2_norm': 4.690341472625732, 'computation_time': 0.03787398338317871, 'batch_time': 0.04209318906941917, 'rtc_check_time': 0.0031889990059426054, 'experiment_id': 'exp_20240620_204953', 'client_id': '0'}
[2024-06-20 20:51:09,777][root][INFO] - Added data to batch for client 0: {'round': 5, 'step_no': 641, 'loss': 0.42187994718551636, 'accuracy': 0.9535672068595886, 'l2_norm': 4.738281726837158, 'computation_time': 0.04774618148803711, 'batch_time': 0.05406044748087879, 'rtc_check_time': 0.005015599992475472, 'experiment_id': 'exp_20240620_204953', 'client_id': '0'}
[2024-06-20 20:51:09,778][root][INFO] - Added data to batch for client 0: {'round': 5, 'step_no': 642, 'loss': 0.11496628820896149, 'accuracy': 0.9534918069839478, 'l2_norm': 4.730829238891602, 'computation_time': 0.040493011474609375, 'batch_time': 0.04405413394852076, 'rtc_check_time': 0.0022770000068703666, 'experiment_id': 'exp_20240620_204953', 'client_id': '0'}
[2024-06-20 20:51:09,779][root][INFO] - Added data to batch for client 0: {'round': 5, 'step_no': 643, 'loss': 0.06957290321588516, 'accuracy': 0.9535630941390991, 'l2_norm': 4.738818645477295, 'computation_time': 0.04085421562194824, 'batch_time': 0.051533552454202436, 'rtc_check_time': 0.009608598993509077, 'experiment_id': 'exp_20240620_204953', 'client_id': '0'}
[2024-06-20 20:51:09,780][root][INFO] - Added data to batch for client 0: {'round': 5, 'step_no': 644, 'loss': 0.227376788854599, 'accuracy': 0.9534883499145508, 'l2_norm': 4.7305378913879395, 'computation_time': 0.04542708396911621, 'batch_time': 0.051161049501388334, 'rtc_check_time': 0.0041820990009000525, 'experiment_id': 'exp_20240620_204953', 'client_id': '0'}
[2024-06-20 20:51:09,781][root][INFO] - Added data to batch for client 0: {'round': 5, 'step_no': 645, 'loss': 0.4467397630214691, 'accuracy': 0.953125, 'l2_norm': 4.816108703613281, 'computation_time': 0.04095005989074707, 'batch_time': 0.04478007066063583, 'rtc_check_time': 0.002737100003287196, 'experiment_id': 'exp_20240620_204953', 'client_id': '0'}
[2024-06-20 20:51:09,782][root][INFO] - Added data to batch for client 0: {'round': 5, 'step_no': 646, 'loss': 0.08828094601631165, 'accuracy': 0.9531970024108887, 'l2_norm': 4.842151165008545, 'computation_time': 0.03749203681945801, 'batch_time': 0.04507508953975048, 'rtc_check_time': 0.006424100007279776, 'experiment_id': 'exp_20240620_204953', 'client_id': '0'}
[2024-06-20 20:51:09,783][root][INFO] - Added data to batch for client 0: {'round': 5, 'step_no': 647, 'loss': 0.08352889865636826, 'accuracy': 0.9532683491706848, 'l2_norm': 4.884625434875488, 'computation_time': 0.03993797302246094, 'batch_time': 0.04481672277324833, 'rtc_check_time': 0.0037887000071350485, 'experiment_id': 'exp_20240620_204953', 'client_id': '0'}
[2024-06-20 20:51:09,784][root][INFO] - Added data to batch for client 0: {'round': 5, 'step_no': 648, 'loss': 0.09405066072940826, 'accuracy': 0.9534817337989807, 'l2_norm': 4.899329662322998, 'computation_time': 0.040199995040893555, 'batch_time': 0.04450629930943251, 'rtc_check_time': 0.0031401989981532097, 'experiment_id': 'exp_20240620_204953', 'client_id': '0'}
[2024-06-20 20:51:09,785][root][INFO] - Added data to batch for client 0: {'round': 5, 'step_no': 649, 'loss': 0.3972223699092865, 'accuracy': 0.9532670378684998, 'l2_norm': 5.014701843261719, 'computation_time': 0.0499880313873291, 'batch_time': 0.05549362351302989, 'rtc_check_time': 0.004138499993132427, 'experiment_id': 'exp_20240620_204953', 'client_id': '0'}
[2024-06-20 20:51:09,786][root][INFO] - Added data to batch for client 0: {'round': 5, 'step_no': 650, 'loss': 0.13075029850006104, 'accuracy': 0.9531956911087036, 'l2_norm': 5.056384086608887, 'computation_time': 0.044786930084228516, 'batch_time': 0.04893878847360611, 'rtc_check_time': 0.0027737990021705627, 'experiment_id': 'exp_20240620_204953', 'client_id': '0'}
[2024-06-20 20:51:09,787][root][INFO] - Added data to batch for client 0: {'round': 5, 'step_no': 651, 'loss': 0.2926238775253296, 'accuracy': 0.953125, 'l2_norm': 5.120730400085449, 'computation_time': 0.04591107368469238, 'batch_time': 0.05186977812263649, 'rtc_check_time': 0.003640799011918716, 'experiment_id': 'exp_20240620_204953', 'client_id': '0'}
[2024-06-20 20:51:09,788][root][INFO] - Added data to batch for client 0: {'round': 5, 'step_no': 652, 'loss': 0.07089962810277939, 'accuracy': 0.9531950950622559, 'l2_norm': 5.138221263885498, 'computation_time': 0.05718517303466797, 'batch_time': 0.060660083807306364, 'rtc_check_time': 0.0015708999999333173, 'experiment_id': 'exp_20240620_204953', 'client_id': '0'}
[2024-06-20 20:51:09,789][root][INFO] - Added batch data list for client 0. New Data Added: 223
[2024-06-20 20:51:09,795][root][INFO] - Batch data saved to /home/psklavos/fl/geom_aio/csv_logs/exp_20240620_204953/clients/client_0/batch.csv
[2024-06-20 20:51:09,795][root][INFO] - Appended data to last row of column distributed_loss in server data for client None
[2024-06-20 20:51:09,796][root][INFO] - Appended data to last row of column distributed_acc in server data for client None
[2024-06-20 20:51:09,796][root][INFO] - Appended {'distributed_loss': 0.0923879121740659, 'distributed_acc': 0.971500019232432} to the last row of server data
[2024-06-20 20:51:09,797][root][INFO] - Server data saved to /home/psklavos/fl/geom_aio/csv_logs/exp_20240620_204953/server/server.csv
[2024-06-20 20:51:09,797][flwr][INFO] - FL finished in 64.88250258700282
[2024-06-20 20:51:09,797][flwr][INFO] - app_fit: losses_distributed [(1, 1.2273484468460083), (2, 0.33328351378440857), (3, 0.17968128621578217), (4, 0.12547879169384638), (5, 0.0923879121740659)]
[2024-06-20 20:51:09,797][flwr][INFO] - app_fit: metrics_distributed_fit {'average_norm': [(1, 5.0912652015686035), (2, 5.053802013397217), (3, 5.062302271525065), (4, 5.036965052286784), (5, 5.020740509033203)], 'round_time': [(1, 2.334569161615845), (2, 6.103528306514892), (3, 8.65326481188208), (4, 10.461343438041016), (5, 13.085921474167481)], 'average_downlink_time': [(1, 0.551062386), (2, 0.6675486776666667), (3, 0.7058191116666667), (4, 0.6140204623333333), (5, 0.67931917)], 'average_rtc_check_time': [(1, 0.06540859649976483), (2, 0.4798042013135273), (3, 0.47192645868926775), (4, 0.6324314433295513), (5, 0.8103012233186746)], 'average_uplink_time': [(1, 0.3075696535), (2, 0.580452485), (3, 0.6654643140000001), (4, 0.4374760956666666), (5, 0.46634734866666666)], 'average_computation_time': [(1, 1.1533300876617432), (2, 3.8484184741973877), (3, 6.27881932258606), (4, 8.168405294418335), (5, 10.205755790074667)], 'average_communication_time': [(1, 0.9240406359997648), (2, 1.7278053639801938), (3, 1.8432098843559344), (4, 1.6839280013295512), (5, 1.9559677419853412)], 'average_fit_time': [(1, 1.3619575500488281), (2, 4.648315985997518), (3, 7.216624736785889), (4, 9.353858550389608), (5, 11.717151006062826)], 'average_throughput': [(1, 7.943521142926871), (2, 3.9545383162517163), (3, 3.475895908814513), (4, 5.249587884466887), (5, 5.311861123250535)], 'dropouts': [(1, 1), (2, 0), (3, 0), (4, 0), (5, 0)]}
[2024-06-20 20:51:09,797][flwr][INFO] - app_fit: metrics_distributed {'accuracy': [(1, 0.7148333390553793), (2, 0.9053333401679993), (3, 0.9451666871706644), (4, 0.9621666868527731), (5, 0.971500019232432)]}
[2024-06-20 20:51:09,798][flwr][INFO] - app_fit: losses_centralized [(0, 2.2980835), (1, 1.215176), (2, 0.31513697), (3, 0.16681357), (4, 0.11141266), (5, 0.08249634)]
[2024-06-20 20:51:09,798][flwr][INFO] - app_fit: metrics_centralized {'accuracy': [(0, 0.0966), (1, 0.724), (2, 0.9115), (3, 0.9469), (4, 0.964), (5, 0.9735)]}
