[2024-06-20 16:15:19,675][root][INFO] - Initialized DataManager for experiment exp_20240620_161519
[2024-06-20 16:15:19,689][root][INFO] - Added data to info for client None: {'experiment_id': 'exp_20240620_161519', 'algorithm': 'fda', 'num_clients': 3, 'dataset': 'mnist', 'ann': 'lenet', 'threshold': 5, 'thres_discount_factor': 1.0, 'steps_threshold': 500, 'train_batch_size': 32, 'eval_batch_size': 64, 'network_template': 1, 'client_mobility': True, 'non_iid': False}
[2024-06-20 16:15:19,689][root][INFO] - Added info data: {'experiment_id': 'exp_20240620_161519', 'algorithm': 'fda', 'num_clients': 3, 'dataset': 'mnist', 'ann': 'lenet', 'threshold': 5, 'thres_discount_factor': 1.0, 'steps_threshold': 500, 'train_batch_size': 32, 'eval_batch_size': 64, 'network_template': 1, 'client_mobility': True, 'non_iid': False}
[2024-06-20 16:15:19,693][root][INFO] - Info data saved to /home/psklavos/fl/geom_aio/csv_logs/exp_20240620_161519/info.csv
[2024-06-20 16:15:19,696][flwr][INFO] - Starting Flower server, config: ServerConfig(num_rounds=5, round_timeout=None)
[2024-06-20 16:15:19,699][flwr][INFO] - Flower ECE: gRPC server running (5 rounds), SSL is disabled
[2024-06-20 16:15:19,700][flwr][INFO] - Initializing global parameters
[2024-06-20 16:15:19,702][flwr][INFO] - Requesting initial parameters from one random client
[2024-06-20 16:15:33,152][flwr][INFO] - Received initial parameters from one random client
[2024-06-20 16:15:33,487][flwr][INFO] - Evaluating initial parameters
[2024-06-20 16:15:37,925][utils.model][INFO] - LeNet model built
[2024-06-20 16:15:39,151][utils.model][INFO] - Size of serialized model: 279.0341796875 kbytes
[2024-06-20 16:15:39,335][utils.model][INFO] - Step 1/40 - val_loss: 2.3128 - val_accuracy: 0.0469
[2024-06-20 16:15:39,375][utils.model][INFO] - Step 2/40 - val_loss: 2.3099 - val_accuracy: 0.0527
[2024-06-20 16:15:39,414][utils.model][INFO] - Step 3/40 - val_loss: 2.3072 - val_accuracy: 0.0534
[2024-06-20 16:15:39,450][utils.model][INFO] - Step 4/40 - val_loss: 2.3068 - val_accuracy: 0.0527
[2024-06-20 16:15:39,491][utils.model][INFO] - Step 5/40 - val_loss: 2.3050 - val_accuracy: 0.0555
[2024-06-20 16:15:39,544][utils.model][INFO] - Step 6/40 - val_loss: 2.3040 - val_accuracy: 0.0560
[2024-06-20 16:15:39,613][utils.model][INFO] - Step 7/40 - val_loss: 2.3038 - val_accuracy: 0.0569
[2024-06-20 16:15:39,644][utils.model][INFO] - Step 8/40 - val_loss: 2.3055 - val_accuracy: 0.0566
[2024-06-20 16:15:39,675][utils.model][INFO] - Step 9/40 - val_loss: 2.3042 - val_accuracy: 0.0556
[2024-06-20 16:15:39,702][utils.model][INFO] - Step 10/40 - val_loss: 2.3042 - val_accuracy: 0.0555
[2024-06-20 16:15:39,740][utils.model][INFO] - Step 11/40 - val_loss: 2.3039 - val_accuracy: 0.0582
[2024-06-20 16:15:39,765][utils.model][INFO] - Step 12/40 - val_loss: 2.3043 - val_accuracy: 0.0560
[2024-06-20 16:15:39,798][utils.model][INFO] - Step 13/40 - val_loss: 2.3045 - val_accuracy: 0.0565
[2024-06-20 16:15:39,830][utils.model][INFO] - Step 14/40 - val_loss: 2.3050 - val_accuracy: 0.0566
[2024-06-20 16:15:39,859][utils.model][INFO] - Step 15/40 - val_loss: 2.3049 - val_accuracy: 0.0578
[2024-06-20 16:15:39,882][utils.model][INFO] - Step 16/40 - val_loss: 2.3051 - val_accuracy: 0.0571
[2024-06-20 16:15:39,908][utils.model][INFO] - Step 17/40 - val_loss: 2.3049 - val_accuracy: 0.0556
[2024-06-20 16:15:39,954][utils.model][INFO] - Step 18/40 - val_loss: 2.3050 - val_accuracy: 0.0562
[2024-06-20 16:15:39,981][utils.model][INFO] - Step 19/40 - val_loss: 2.3043 - val_accuracy: 0.0572
[2024-06-20 16:15:40,004][utils.model][INFO] - Step 20/40 - val_loss: 2.3051 - val_accuracy: 0.0566
[2024-06-20 16:15:40,031][utils.model][INFO] - Step 21/40 - val_loss: 2.3049 - val_accuracy: 0.0564
[2024-06-20 16:15:40,057][utils.model][INFO] - Step 22/40 - val_loss: 2.3050 - val_accuracy: 0.0558
[2024-06-20 16:15:40,082][utils.model][INFO] - Step 23/40 - val_loss: 2.3048 - val_accuracy: 0.0547
[2024-06-20 16:15:40,119][utils.model][INFO] - Step 24/40 - val_loss: 2.3053 - val_accuracy: 0.0534
[2024-06-20 16:15:40,165][utils.model][INFO] - Step 25/40 - val_loss: 2.3045 - val_accuracy: 0.0542
[2024-06-20 16:15:40,218][utils.model][INFO] - Step 26/40 - val_loss: 2.3042 - val_accuracy: 0.0551
[2024-06-20 16:15:40,249][utils.model][INFO] - Step 27/40 - val_loss: 2.3045 - val_accuracy: 0.0543
[2024-06-20 16:15:40,274][utils.model][INFO] - Step 28/40 - val_loss: 2.3045 - val_accuracy: 0.0541
[2024-06-20 16:15:40,308][utils.model][INFO] - Step 29/40 - val_loss: 2.3046 - val_accuracy: 0.0532
[2024-06-20 16:15:40,337][utils.model][INFO] - Step 30/40 - val_loss: 2.3045 - val_accuracy: 0.0523
[2024-06-20 16:15:40,381][utils.model][INFO] - Step 31/40 - val_loss: 2.3047 - val_accuracy: 0.0520
[2024-06-20 16:15:40,417][utils.model][INFO] - Step 32/40 - val_loss: 2.3047 - val_accuracy: 0.0519
[2024-06-20 16:15:40,460][utils.model][INFO] - Step 33/40 - val_loss: 2.3049 - val_accuracy: 0.0515
[2024-06-20 16:15:40,484][utils.model][INFO] - Step 34/40 - val_loss: 2.3051 - val_accuracy: 0.0504
[2024-06-20 16:15:40,519][utils.model][INFO] - Step 35/40 - val_loss: 2.3047 - val_accuracy: 0.0510
[2024-06-20 16:15:40,560][utils.model][INFO] - Step 36/40 - val_loss: 2.3050 - val_accuracy: 0.0519
[2024-06-20 16:15:40,594][utils.model][INFO] - Step 37/40 - val_loss: 2.3050 - val_accuracy: 0.0526
[2024-06-20 16:15:40,616][utils.model][INFO] - Step 38/40 - val_loss: 2.3049 - val_accuracy: 0.0527
[2024-06-20 16:15:40,640][utils.model][INFO] - Step 39/40 - val_loss: 2.3053 - val_accuracy: 0.0530
[2024-06-20 16:15:40,650][utils.model][INFO] - Step 40/40 - val_loss: 2.3059 - val_accuracy: 0.0530
[2024-06-20 16:15:40,653][utils.model][INFO] - Evaluation Results - Val Loss: 2.3059, Val Accuracy: 0.0530 in 40 steps
[2024-06-20 16:15:40,684][root][INFO] - Added data to server for client None: {'round': 0, 'experiment_id': 'exp_20240620_161519', 'centralized_loss': 0.0, 'centralized_acc': 0.0, 'distributed_loss': 0.0, 'distributed_acc': 0.0, 'dropouts': 0, 'average_norm': 0.0, 'round_time': 0.0, 'average_downlink_time': 0.0, 'average_rtc_check_time': 0.0, 'average_uplink_time': 0.0, 'average_computation_time': 0.0, 'average_communication_time': 0.0, 'average_fit_time': 0.0, 'average_throughput': 0.0}
[2024-06-20 16:15:40,684][root][INFO] - Added server data: {'round': 0, 'experiment_id': 'exp_20240620_161519', 'centralized_loss': 0.0, 'centralized_acc': 0.0, 'distributed_loss': 0.0, 'distributed_acc': 0.0, 'dropouts': 0, 'average_norm': 0.0, 'round_time': 0.0, 'average_downlink_time': 0.0, 'average_rtc_check_time': 0.0, 'average_uplink_time': 0.0, 'average_computation_time': 0.0, 'average_communication_time': 0.0, 'average_fit_time': 0.0, 'average_throughput': 0.0}
[2024-06-20 16:15:40,692][root][INFO] - Appended data to last row of column centralized_loss in server data for client None
[2024-06-20 16:15:40,693][root][INFO] - Appended data to last row of column centralized_acc in server data for client None
[2024-06-20 16:15:40,695][root][INFO] - Appended {'centralized_loss': 2.3058772, 'centralized_acc': 0.053} to the last row of server data
[2024-06-20 16:15:40,695][flwr][INFO] - initial parameters (loss, other metrics): 2.3058772, {'accuracy': 0.053}
[2024-06-20 16:15:40,695][flwr][INFO] - FL starting
[2024-06-20 16:15:45,033][flwr][DEBUG] - fit_round 1: strategy sampled 3 clients (out of 3)
[2024-06-20 16:15:47,206][flwr][DEBUG] - fit_round 1 received 3 results and 0 failures
[2024-06-20 16:15:47,248][root][INFO] - Added data to server for client None: {'round': 1, 'average_norm': 5.22278356552124, 'round_time': 4.430664168487304, 'average_downlink_time': 0.7126609039999999, 'average_rtc_check_time': 0.17903561233348833, 'average_uplink_time': 1.0586103033333334, 'average_computation_time': 1.7799425919850667, 'average_communication_time': 1.9503068196668216, 'average_fit_time': 2.1222540537516275, 'average_throughput': 2.4424634441331996, 'dropouts': 0, 'experiment_id': 'exp_20240620_161519'}
[2024-06-20 16:15:47,248][root][INFO] - Added server data: {'round': 1, 'average_norm': 5.22278356552124, 'round_time': 4.430664168487304, 'average_downlink_time': 0.7126609039999999, 'average_rtc_check_time': 0.17903561233348833, 'average_uplink_time': 1.0586103033333334, 'average_computation_time': 1.7799425919850667, 'average_communication_time': 1.9503068196668216, 'average_fit_time': 2.1222540537516275, 'average_throughput': 2.4424634441331996, 'dropouts': 0, 'experiment_id': 'exp_20240620_161519'}
[2024-06-20 16:15:47,337][utils.model][INFO] - LeNet model built
[2024-06-20 16:15:47,478][utils.model][INFO] - Size of serialized model: 279.0341796875 kbytes
[2024-06-20 16:15:47,516][utils.model][INFO] - Step 1/40 - val_loss: 1.0786 - val_accuracy: 0.8086
[2024-06-20 16:15:47,535][utils.model][INFO] - Step 2/40 - val_loss: 1.1080 - val_accuracy: 0.7871
[2024-06-20 16:15:47,554][utils.model][INFO] - Step 3/40 - val_loss: 1.1209 - val_accuracy: 0.7773
[2024-06-20 16:15:47,573][utils.model][INFO] - Step 4/40 - val_loss: 1.1163 - val_accuracy: 0.7783
[2024-06-20 16:15:47,593][utils.model][INFO] - Step 5/40 - val_loss: 1.1410 - val_accuracy: 0.7680
[2024-06-20 16:15:47,615][utils.model][INFO] - Step 6/40 - val_loss: 1.1377 - val_accuracy: 0.7643
[2024-06-20 16:15:47,636][utils.model][INFO] - Step 7/40 - val_loss: 1.1429 - val_accuracy: 0.7662
[2024-06-20 16:15:47,656][utils.model][INFO] - Step 8/40 - val_loss: 1.1444 - val_accuracy: 0.7617
[2024-06-20 16:15:47,675][utils.model][INFO] - Step 9/40 - val_loss: 1.1476 - val_accuracy: 0.7613
[2024-06-20 16:15:47,694][utils.model][INFO] - Step 10/40 - val_loss: 1.1404 - val_accuracy: 0.7633
[2024-06-20 16:15:47,713][utils.model][INFO] - Step 11/40 - val_loss: 1.1394 - val_accuracy: 0.7646
[2024-06-20 16:15:47,732][utils.model][INFO] - Step 12/40 - val_loss: 1.1348 - val_accuracy: 0.7673
[2024-06-20 16:15:47,750][utils.model][INFO] - Step 13/40 - val_loss: 1.1346 - val_accuracy: 0.7671
[2024-06-20 16:15:47,770][utils.model][INFO] - Step 14/40 - val_loss: 1.1358 - val_accuracy: 0.7676
[2024-06-20 16:15:47,789][utils.model][INFO] - Step 15/40 - val_loss: 1.1371 - val_accuracy: 0.7672
[2024-06-20 16:15:47,810][utils.model][INFO] - Step 16/40 - val_loss: 1.1343 - val_accuracy: 0.7686
[2024-06-20 16:15:47,828][utils.model][INFO] - Step 17/40 - val_loss: 1.1360 - val_accuracy: 0.7665
[2024-06-20 16:15:47,847][utils.model][INFO] - Step 18/40 - val_loss: 1.1357 - val_accuracy: 0.7671
[2024-06-20 16:15:47,866][utils.model][INFO] - Step 19/40 - val_loss: 1.1330 - val_accuracy: 0.7687
[2024-06-20 16:15:47,884][utils.model][INFO] - Step 20/40 - val_loss: 1.1301 - val_accuracy: 0.7691
[2024-06-20 16:15:47,903][utils.model][INFO] - Step 21/40 - val_loss: 1.1194 - val_accuracy: 0.7751
[2024-06-20 16:15:47,922][utils.model][INFO] - Step 22/40 - val_loss: 1.1085 - val_accuracy: 0.7811
[2024-06-20 16:15:47,942][utils.model][INFO] - Step 23/40 - val_loss: 1.1004 - val_accuracy: 0.7850
[2024-06-20 16:15:47,962][utils.model][INFO] - Step 24/40 - val_loss: 1.0977 - val_accuracy: 0.7843
[2024-06-20 16:15:47,980][utils.model][INFO] - Step 25/40 - val_loss: 1.0858 - val_accuracy: 0.7905
[2024-06-20 16:15:47,999][utils.model][INFO] - Step 26/40 - val_loss: 1.0846 - val_accuracy: 0.7928
[2024-06-20 16:15:48,022][utils.model][INFO] - Step 27/40 - val_loss: 1.0833 - val_accuracy: 0.7931
[2024-06-20 16:15:48,042][utils.model][INFO] - Step 28/40 - val_loss: 1.0768 - val_accuracy: 0.7958
[2024-06-20 16:15:48,061][utils.model][INFO] - Step 29/40 - val_loss: 1.0744 - val_accuracy: 0.7981
[2024-06-20 16:15:48,080][utils.model][INFO] - Step 30/40 - val_loss: 1.0755 - val_accuracy: 0.7987
[2024-06-20 16:15:48,100][utils.model][INFO] - Step 31/40 - val_loss: 1.0705 - val_accuracy: 0.7994
[2024-06-20 16:15:48,120][utils.model][INFO] - Step 32/40 - val_loss: 1.0637 - val_accuracy: 0.8020
[2024-06-20 16:15:48,142][utils.model][INFO] - Step 33/40 - val_loss: 1.0614 - val_accuracy: 0.8031
[2024-06-20 16:15:48,162][utils.model][INFO] - Step 34/40 - val_loss: 1.0542 - val_accuracy: 0.8061
[2024-06-20 16:15:48,180][utils.model][INFO] - Step 35/40 - val_loss: 1.0456 - val_accuracy: 0.8099
[2024-06-20 16:15:48,198][utils.model][INFO] - Step 36/40 - val_loss: 1.0444 - val_accuracy: 0.8096
[2024-06-20 16:15:48,216][utils.model][INFO] - Step 37/40 - val_loss: 1.0405 - val_accuracy: 0.8120
[2024-06-20 16:15:48,237][utils.model][INFO] - Step 38/40 - val_loss: 1.0404 - val_accuracy: 0.8125
[2024-06-20 16:15:48,258][utils.model][INFO] - Step 39/40 - val_loss: 1.0471 - val_accuracy: 0.8093
[2024-06-20 16:15:48,269][utils.model][INFO] - Step 40/40 - val_loss: 1.0461 - val_accuracy: 0.8091
[2024-06-20 16:15:48,271][utils.model][INFO] - Evaluation Results - Val Loss: 1.0461, Val Accuracy: 0.8091 in 40 steps
[2024-06-20 16:15:48,273][root][INFO] - Appended data to last row of column centralized_loss in server data for client None
[2024-06-20 16:15:48,273][root][INFO] - Appended data to last row of column centralized_acc in server data for client None
[2024-06-20 16:15:48,273][root][INFO] - Appended {'centralized_loss': 1.0461272, 'centralized_acc': 0.8091} to the last row of server data
[2024-06-20 16:15:48,273][flwr][INFO] - fit progress: (1, 1.0461272, {'accuracy': 0.8091}, 7.577034639994963)
[2024-06-20 16:15:48,275][flwr][DEBUG] - evaluate_round 1: strategy sampled 3 clients (out of 3)
[2024-06-20 16:15:48,871][flwr][DEBUG] - evaluate_round 1 received 3 results and 0 failures
[2024-06-20 16:15:48,878][root][INFO] - Added data to epoch for client 2: {'round': 0, 'experiment_id': 'exp_20240620_161519', 'client_id': '2', 'epoch_steps': 0, 'total_steps': 0, 'l2_norm': 0.0, 'total_computation_time': 0.0, 'total_rtc_check_time': 0.0, 'total_duration': 0.0, 'val_loss': 0.0, 'val_accuracy': 0.0}
[2024-06-20 16:15:48,879][root][INFO] - Added epoch data for client 2: {'round': 0, 'experiment_id': 'exp_20240620_161519', 'client_id': '2', 'epoch_steps': 0, 'total_steps': 0, 'l2_norm': 0.0, 'total_computation_time': 0.0, 'total_rtc_check_time': 0.0, 'total_duration': 0.0, 'val_loss': 0.0, 'val_accuracy': 0.0}
[2024-06-20 16:15:48,880][root][INFO] - Added data to batch for client 2: {'round': 0, 'experiment_id': 'exp_20240620_161519', 'client_id': '2', 'step_no': 0, 'loss': 0.0, 'accuracy': 0.0, 'l2_norm': 0.0, 'computation_time': 0.0, 'rtc_check_time': 0.0, 'batch_time': 0.0}
[2024-06-20 16:15:48,880][root][INFO] - Added batch data for client 2: {'round': 0, 'experiment_id': 'exp_20240620_161519', 'client_id': '2', 'step_no': 0, 'loss': 0.0, 'accuracy': 0.0, 'l2_norm': 0.0, 'computation_time': 0.0, 'rtc_check_time': 0.0, 'batch_time': 0.0}
[2024-06-20 16:15:48,881][root][INFO] - Added data to epoch for client 2: {'round': 1, 'epoch_steps': 22, 'total_steps': 22, 'l2_norm': 4.777967929840088, 'total_computation_time': 1.7141003608703613, 'total_rtc_check_time': 0.23073618797934614, 'total_duration': 2.115504026412964, 'val_loss': 1.0521430969238281, 'val_accuracy': 0.8040000200271606, 'experiment_id': 'exp_20240620_161519', 'client_id': '2'}
[2024-06-20 16:15:48,881][root][INFO] - Added epoch data for client 2: {'round': 1, 'epoch_steps': 22, 'total_steps': 22, 'l2_norm': 4.777967929840088, 'total_computation_time': 1.7141003608703613, 'total_rtc_check_time': 0.23073618797934614, 'total_duration': 2.115504026412964, 'val_loss': 1.0521430969238281, 'val_accuracy': 0.8040000200271606, 'experiment_id': 'exp_20240620_161519', 'client_id': '2'}
[2024-06-20 16:15:48,905][root][INFO] - Epoch data saved to /home/psklavos/fl/geom_aio/csv_logs/exp_20240620_161519/clients/client_2/epoch.csv
[2024-06-20 16:15:48,906][root][INFO] - Added data to batch for client 2: {'round': 1, 'step_no': 1, 'loss': 2.3387532234191895, 'accuracy': 0.0, 'l2_norm': 0.2063269466161728, 'computation_time': 0.616326093673706, 'batch_time': 0.7897744304209482, 'rtc_check_time': 0.13095761599834077, 'experiment_id': 'exp_20240620_161519', 'client_id': '2'}
[2024-06-20 16:15:48,907][root][INFO] - Added data to batch for client 2: {'round': 1, 'step_no': 2, 'loss': 2.2776079177856445, 'accuracy': 0.078125, 'l2_norm': 0.338779091835022, 'computation_time': 0.06376004219055176, 'batch_time': 0.07034453487722203, 'rtc_check_time': 0.005097476008813828, 'experiment_id': 'exp_20240620_161519', 'client_id': '2'}
[2024-06-20 16:15:48,908][root][INFO] - Added data to batch for client 2: {'round': 1, 'step_no': 3, 'loss': 2.220402956008911, 'accuracy': 0.1458333283662796, 'l2_norm': 0.4877593517303467, 'computation_time': 0.05995893478393555, 'batch_time': 0.07062529074028134, 'rtc_check_time': 0.009237274993211031, 'experiment_id': 'exp_20240620_161519', 'client_id': '2'}
[2024-06-20 16:15:48,910][root][INFO] - Added data to batch for client 2: {'round': 1, 'step_no': 4, 'loss': 2.256039619445801, 'accuracy': 0.1484375, 'l2_norm': 0.620872974395752, 'computation_time': 0.06648683547973633, 'batch_time': 0.06995609421574045, 'rtc_check_time': 0.0021200479968683794, 'experiment_id': 'exp_20240620_161519', 'client_id': '2'}
[2024-06-20 16:15:48,911][root][INFO] - Added data to batch for client 2: {'round': 1, 'step_no': 5, 'loss': 2.1956534385681152, 'accuracy': 0.16249999403953552, 'l2_norm': 0.7833148837089539, 'computation_time': 0.06404590606689453, 'batch_time': 0.06929957660031505, 'rtc_check_time': 0.00390970500302501, 'experiment_id': 'exp_20240620_161519', 'client_id': '2'}
[2024-06-20 16:15:48,912][root][INFO] - Added data to batch for client 2: {'round': 1, 'step_no': 6, 'loss': 2.147005081176758, 'accuracy': 0.1822916716337204, 'l2_norm': 0.9673832058906555, 'computation_time': 0.05788397789001465, 'batch_time': 0.07197781982540619, 'rtc_check_time': 0.012169804002041928, 'experiment_id': 'exp_20240620_161519', 'client_id': '2'}
[2024-06-20 16:15:48,913][root][INFO] - Added data to batch for client 2: {'round': 1, 'step_no': 7, 'loss': 2.1448817253112793, 'accuracy': 0.1875, 'l2_norm': 1.1125658750534058, 'computation_time': 0.05991196632385254, 'batch_time': 0.06295903142017778, 'rtc_check_time': 0.0015700619987910613, 'experiment_id': 'exp_20240620_161519', 'client_id': '2'}
[2024-06-20 16:15:48,914][root][INFO] - Added data to batch for client 2: {'round': 1, 'step_no': 8, 'loss': 2.0560078620910645, 'accuracy': 0.20703125, 'l2_norm': 1.3597499132156372, 'computation_time': 0.05260801315307617, 'batch_time': 0.05727958037459757, 'rtc_check_time': 0.0030646259983768687, 'experiment_id': 'exp_20240620_161519', 'client_id': '2'}
[2024-06-20 16:15:48,915][root][INFO] - Added data to batch for client 2: {'round': 1, 'step_no': 9, 'loss': 1.9858976602554321, 'accuracy': 0.21875, 'l2_norm': 1.5792534351348877, 'computation_time': 0.05436897277832031, 'batch_time': 0.05928122444311157, 'rtc_check_time': 0.0033432189957238734, 'experiment_id': 'exp_20240620_161519', 'client_id': '2'}
[2024-06-20 16:15:48,916][root][INFO] - Added data to batch for client 2: {'round': 1, 'step_no': 10, 'loss': 1.8662588596343994, 'accuracy': 0.2593750059604645, 'l2_norm': 1.901095986366272, 'computation_time': 0.05051279067993164, 'batch_time': 0.0600766434072284, 'rtc_check_time': 0.007842709004762582, 'experiment_id': 'exp_20240620_161519', 'client_id': '2'}
[2024-06-20 16:15:48,918][root][INFO] - Added data to batch for client 2: {'round': 1, 'step_no': 11, 'loss': 1.7577261924743652, 'accuracy': 0.28125, 'l2_norm': 2.187962055206299, 'computation_time': 0.04856395721435547, 'batch_time': 0.059727382511482574, 'rtc_check_time': 0.009265374988899566, 'experiment_id': 'exp_20240620_161519', 'client_id': '2'}
[2024-06-20 16:15:48,919][root][INFO] - Added data to batch for client 2: {'round': 1, 'step_no': 12, 'loss': 1.7685778141021729, 'accuracy': 0.2786458432674408, 'l2_norm': 2.431694984436035, 'computation_time': 0.06333684921264648, 'batch_time': 0.06918490568932611, 'rtc_check_time': 0.002733832996455021, 'experiment_id': 'exp_20240620_161519', 'client_id': '2'}
[2024-06-20 16:15:48,920][root][INFO] - Added data to batch for client 2: {'round': 1, 'step_no': 13, 'loss': 1.9999969005584717, 'accuracy': 0.2740384638309479, 'l2_norm': 2.5307559967041016, 'computation_time': 0.055702924728393555, 'batch_time': 0.05882327324070502, 'rtc_check_time': 0.001653358995099552, 'experiment_id': 'exp_20240620_161519', 'client_id': '2'}
[2024-06-20 16:15:48,921][root][INFO] - Added data to batch for client 2: {'round': 1, 'step_no': 14, 'loss': 1.6957752704620361, 'accuracy': 0.2857142984867096, 'l2_norm': 2.8007314205169678, 'computation_time': 0.05021405220031738, 'batch_time': 0.059291584679158404, 'rtc_check_time': 0.007251723000081256, 'experiment_id': 'exp_20240620_161519', 'client_id': '2'}
[2024-06-20 16:15:48,922][root][INFO] - Added data to batch for client 2: {'round': 1, 'step_no': 15, 'loss': 1.68973708152771, 'accuracy': 0.2979166805744171, 'l2_norm': 3.0357728004455566, 'computation_time': 0.05609011650085449, 'batch_time': 0.06153792121040169, 'rtc_check_time': 0.0042580959998304024, 'experiment_id': 'exp_20240620_161519', 'client_id': '2'}
[2024-06-20 16:15:48,923][root][INFO] - Added data to batch for client 2: {'round': 1, 'step_no': 16, 'loss': 1.6100624799728394, 'accuracy': 0.3125, 'l2_norm': 3.2702441215515137, 'computation_time': 0.03831601142883301, 'batch_time': 0.043882958954782225, 'rtc_check_time': 0.004471890992135741, 'experiment_id': 'exp_20240620_161519', 'client_id': '2'}
[2024-06-20 16:15:48,924][root][INFO] - Added data to batch for client 2: {'round': 1, 'step_no': 17, 'loss': 1.4686000347137451, 'accuracy': 0.33088234066963196, 'l2_norm': 3.546523094177246, 'computation_time': 0.040747880935668945, 'batch_time': 0.04422762450121809, 'rtc_check_time': 0.0022764449968235567, 'experiment_id': 'exp_20240620_161519', 'client_id': '2'}
[2024-06-20 16:15:48,925][root][INFO] - Added data to batch for client 2: {'round': 1, 'step_no': 18, 'loss': 1.46518874168396, 'accuracy': 0.3420138955116272, 'l2_norm': 3.8228466510772705, 'computation_time': 0.03851795196533203, 'batch_time': 0.045291631438885815, 'rtc_check_time': 0.005530565002118237, 'experiment_id': 'exp_20240620_161519', 'client_id': '2'}
[2024-06-20 16:15:48,926][root][INFO] - Added data to batch for client 2: {'round': 1, 'step_no': 19, 'loss': 1.2245619297027588, 'accuracy': 0.36513158679008484, 'l2_norm': 4.136652946472168, 'computation_time': 0.0408329963684082, 'batch_time': 0.043445864430395886, 'rtc_check_time': 0.001482763997046277, 'experiment_id': 'exp_20240620_161519', 'client_id': '2'}
[2024-06-20 16:15:48,927][root][INFO] - Added data to batch for client 2: {'round': 1, 'step_no': 20, 'loss': 1.657245397567749, 'accuracy': 0.3671875, 'l2_norm': 4.299092769622803, 'computation_time': 0.04009699821472168, 'batch_time': 0.04476723924744874, 'rtc_check_time': 0.0033892180072143674, 'experiment_id': 'exp_20240620_161519', 'client_id': '2'}
[2024-06-20 16:15:48,928][root][INFO] - Added data to batch for client 2: {'round': 1, 'step_no': 21, 'loss': 1.372469186782837, 'accuracy': 0.3764880895614624, 'l2_norm': 4.538891315460205, 'computation_time': 0.05042910575866699, 'batch_time': 0.05435543895873707, 'rtc_check_time': 0.0022812450042692944, 'experiment_id': 'exp_20240620_161519', 'client_id': '2'}
[2024-06-20 16:15:48,929][root][INFO] - Added data to batch for client 2: {'round': 1, 'step_no': 22, 'loss': 1.29713773727417, 'accuracy': 0.39346590638160706, 'l2_norm': 4.777967929840088, 'computation_time': 0.045387983322143555, 'batch_time': 0.053400150311063044, 'rtc_check_time': 0.006829133999417536, 'experiment_id': 'exp_20240620_161519', 'client_id': '2'}
[2024-06-20 16:15:48,929][root][INFO] - Added batch data list for client 2. New Data Added: 22
[2024-06-20 16:15:48,930][root][INFO] - Batch data saved to /home/psklavos/fl/geom_aio/csv_logs/exp_20240620_161519/clients/client_2/batch.csv
[2024-06-20 16:15:48,931][root][INFO] - Appended data to last row of column distributed_loss in server data for client None
[2024-06-20 16:15:48,931][root][INFO] - Appended data to last row of column distributed_acc in server data for client None
[2024-06-20 16:15:48,931][root][INFO] - Appended {'distributed_loss': 1.0676090319951375, 'distributed_acc': 0.8048333525657654} to the last row of server data
[2024-06-20 16:15:48,932][root][INFO] - Server data saved to /home/psklavos/fl/geom_aio/csv_logs/exp_20240620_161519/server/server.csv
[2024-06-20 16:15:52,921][flwr][DEBUG] - fit_round 2: strategy sampled 3 clients (out of 3)
[2024-06-20 16:15:57,382][flwr][DEBUG] - fit_round 2 received 3 results and 0 failures
[2024-06-20 16:15:57,389][root][INFO] - Added data to server for client None: {'round': 2, 'average_norm': 5.026544729868571, 'round_time': 6.050022889733764, 'average_downlink_time': 0.7878044866666666, 'average_rtc_check_time': 0.3168690979461341, 'average_uplink_time': 0.5522694893333333, 'average_computation_time': 3.840294122695923, 'average_communication_time': 1.656943073946134, 'average_fit_time': 4.433998346328735, 'average_throughput': 5.939838009281722, 'dropouts': 0, 'experiment_id': 'exp_20240620_161519'}
[2024-06-20 16:15:57,390][root][INFO] - Added server data: {'round': 2, 'average_norm': 5.026544729868571, 'round_time': 6.050022889733764, 'average_downlink_time': 0.7878044866666666, 'average_rtc_check_time': 0.3168690979461341, 'average_uplink_time': 0.5522694893333333, 'average_computation_time': 3.840294122695923, 'average_communication_time': 1.656943073946134, 'average_fit_time': 4.433998346328735, 'average_throughput': 5.939838009281722, 'dropouts': 0, 'experiment_id': 'exp_20240620_161519'}
[2024-06-20 16:15:57,460][utils.model][INFO] - LeNet model built
[2024-06-20 16:15:57,583][utils.model][INFO] - Size of serialized model: 279.0341796875 kbytes
[2024-06-20 16:15:57,625][utils.model][INFO] - Step 1/40 - val_loss: 0.2385 - val_accuracy: 0.9453
[2024-06-20 16:15:57,646][utils.model][INFO] - Step 2/40 - val_loss: 0.3107 - val_accuracy: 0.9043
[2024-06-20 16:15:57,666][utils.model][INFO] - Step 3/40 - val_loss: 0.3424 - val_accuracy: 0.8932
[2024-06-20 16:15:57,686][utils.model][INFO] - Step 4/40 - val_loss: 0.3386 - val_accuracy: 0.8955
[2024-06-20 16:15:57,704][utils.model][INFO] - Step 5/40 - val_loss: 0.3725 - val_accuracy: 0.8852
[2024-06-20 16:15:57,724][utils.model][INFO] - Step 6/40 - val_loss: 0.3763 - val_accuracy: 0.8828
[2024-06-20 16:15:57,743][utils.model][INFO] - Step 7/40 - val_loss: 0.3902 - val_accuracy: 0.8817
[2024-06-20 16:15:57,763][utils.model][INFO] - Step 8/40 - val_loss: 0.3877 - val_accuracy: 0.8833
[2024-06-20 16:15:57,785][utils.model][INFO] - Step 9/40 - val_loss: 0.3950 - val_accuracy: 0.8837
[2024-06-20 16:15:57,803][utils.model][INFO] - Step 10/40 - val_loss: 0.3862 - val_accuracy: 0.8863
[2024-06-20 16:15:57,821][utils.model][INFO] - Step 11/40 - val_loss: 0.3830 - val_accuracy: 0.8860
[2024-06-20 16:15:57,840][utils.model][INFO] - Step 12/40 - val_loss: 0.3768 - val_accuracy: 0.8883
[2024-06-20 16:15:57,859][utils.model][INFO] - Step 13/40 - val_loss: 0.3763 - val_accuracy: 0.8879
[2024-06-20 16:15:57,878][utils.model][INFO] - Step 14/40 - val_loss: 0.3739 - val_accuracy: 0.8890
[2024-06-20 16:15:57,896][utils.model][INFO] - Step 15/40 - val_loss: 0.3782 - val_accuracy: 0.8878
[2024-06-20 16:15:57,915][utils.model][INFO] - Step 16/40 - val_loss: 0.3794 - val_accuracy: 0.8877
[2024-06-20 16:15:57,935][utils.model][INFO] - Step 17/40 - val_loss: 0.3828 - val_accuracy: 0.8872
[2024-06-20 16:15:57,957][utils.model][INFO] - Step 18/40 - val_loss: 0.3809 - val_accuracy: 0.8880
[2024-06-20 16:15:57,978][utils.model][INFO] - Step 19/40 - val_loss: 0.3800 - val_accuracy: 0.8880
[2024-06-20 16:15:58,000][utils.model][INFO] - Step 20/40 - val_loss: 0.3781 - val_accuracy: 0.8893
[2024-06-20 16:15:58,019][utils.model][INFO] - Step 21/40 - val_loss: 0.3687 - val_accuracy: 0.8921
[2024-06-20 16:15:58,040][utils.model][INFO] - Step 22/40 - val_loss: 0.3579 - val_accuracy: 0.8956
[2024-06-20 16:15:58,060][utils.model][INFO] - Step 23/40 - val_loss: 0.3534 - val_accuracy: 0.8961
[2024-06-20 16:15:58,080][utils.model][INFO] - Step 24/40 - val_loss: 0.3529 - val_accuracy: 0.8968
[2024-06-20 16:15:58,106][utils.model][INFO] - Step 25/40 - val_loss: 0.3450 - val_accuracy: 0.8995
[2024-06-20 16:15:58,128][utils.model][INFO] - Step 26/40 - val_loss: 0.3445 - val_accuracy: 0.8990
[2024-06-20 16:15:58,147][utils.model][INFO] - Step 27/40 - val_loss: 0.3412 - val_accuracy: 0.9000
[2024-06-20 16:15:58,168][utils.model][INFO] - Step 28/40 - val_loss: 0.3338 - val_accuracy: 0.9025
[2024-06-20 16:15:58,187][utils.model][INFO] - Step 29/40 - val_loss: 0.3276 - val_accuracy: 0.9045
[2024-06-20 16:15:58,205][utils.model][INFO] - Step 30/40 - val_loss: 0.3257 - val_accuracy: 0.9053
[2024-06-20 16:15:58,224][utils.model][INFO] - Step 31/40 - val_loss: 0.3225 - val_accuracy: 0.9060
[2024-06-20 16:15:58,243][utils.model][INFO] - Step 32/40 - val_loss: 0.3174 - val_accuracy: 0.9080
[2024-06-20 16:15:58,262][utils.model][INFO] - Step 33/40 - val_loss: 0.3154 - val_accuracy: 0.9083
[2024-06-20 16:15:58,283][utils.model][INFO] - Step 34/40 - val_loss: 0.3088 - val_accuracy: 0.9102
[2024-06-20 16:15:58,302][utils.model][INFO] - Step 35/40 - val_loss: 0.3017 - val_accuracy: 0.9124
[2024-06-20 16:15:58,321][utils.model][INFO] - Step 36/40 - val_loss: 0.3016 - val_accuracy: 0.9124
[2024-06-20 16:15:58,342][utils.model][INFO] - Step 37/40 - val_loss: 0.2972 - val_accuracy: 0.9142
[2024-06-20 16:15:58,363][utils.model][INFO] - Step 38/40 - val_loss: 0.2972 - val_accuracy: 0.9141
[2024-06-20 16:15:58,385][utils.model][INFO] - Step 39/40 - val_loss: 0.3048 - val_accuracy: 0.9122
[2024-06-20 16:15:58,395][utils.model][INFO] - Step 40/40 - val_loss: 0.3044 - val_accuracy: 0.9121
[2024-06-20 16:15:58,397][utils.model][INFO] - Evaluation Results - Val Loss: 0.3044, Val Accuracy: 0.9121 in 40 steps
[2024-06-20 16:15:58,399][root][INFO] - Appended data to last row of column centralized_loss in server data for client None
[2024-06-20 16:15:58,399][root][INFO] - Appended data to last row of column centralized_acc in server data for client None
[2024-06-20 16:15:58,399][root][INFO] - Appended {'centralized_loss': 0.30443025, 'centralized_acc': 0.9121} to the last row of server data
[2024-06-20 16:15:58,399][flwr][INFO] - fit progress: (2, 0.30443025, {'accuracy': 0.9121}, 17.702882911995403)
[2024-06-20 16:15:58,399][flwr][DEBUG] - evaluate_round 2: strategy sampled 3 clients (out of 3)
[2024-06-20 16:15:58,963][flwr][DEBUG] - evaluate_round 2 received 3 results and 0 failures
[2024-06-20 16:15:58,965][root][INFO] - Added data to epoch for client 2: {'round': 2, 'epoch_steps': 82, 'total_steps': 104, 'l2_norm': 5.1287312507629395, 'total_computation_time': 3.838226556777954, 'total_rtc_check_time': 0.3297249840106815, 'total_duration': 4.438086032867432, 'val_loss': 0.3093196749687195, 'val_accuracy': 0.9035000205039978, 'experiment_id': 'exp_20240620_161519', 'client_id': '2'}
[2024-06-20 16:15:58,966][root][INFO] - Added epoch data for client 2: {'round': 2, 'epoch_steps': 82, 'total_steps': 104, 'l2_norm': 5.1287312507629395, 'total_computation_time': 3.838226556777954, 'total_rtc_check_time': 0.3297249840106815, 'total_duration': 4.438086032867432, 'val_loss': 0.3093196749687195, 'val_accuracy': 0.9035000205039978, 'experiment_id': 'exp_20240620_161519', 'client_id': '2'}
[2024-06-20 16:15:58,967][root][INFO] - Epoch data saved to /home/psklavos/fl/geom_aio/csv_logs/exp_20240620_161519/clients/client_2/epoch.csv
[2024-06-20 16:15:58,968][root][INFO] - Added data to batch for client 2: {'round': 2, 'step_no': 23, 'loss': 1.2364637851715088, 'accuracy': 0.78125, 'l2_norm': 0.06829700618982315, 'computation_time': 0.0689229965209961, 'batch_time': 0.07203451549867168, 'rtc_check_time': 0.001597561000380665, 'experiment_id': 'exp_20240620_161519', 'client_id': '2'}
[2024-06-20 16:15:58,969][root][INFO] - Added data to batch for client 2: {'round': 2, 'step_no': 24, 'loss': 1.3113558292388916, 'accuracy': 0.65625, 'l2_norm': 0.12386664748191833, 'computation_time': 0.0610051155090332, 'batch_time': 0.07384602517413441, 'rtc_check_time': 0.011449022000306286, 'experiment_id': 'exp_20240620_161519', 'client_id': '2'}
[2024-06-20 16:15:58,970][root][INFO] - Added data to batch for client 2: {'round': 2, 'step_no': 25, 'loss': 1.0179219245910645, 'accuracy': 0.6770833134651184, 'l2_norm': 0.17885448038578033, 'computation_time': 0.04801797866821289, 'batch_time': 0.0628175866586389, 'rtc_check_time': 0.013408673999947496, 'experiment_id': 'exp_20240620_161519', 'client_id': '2'}
[2024-06-20 16:15:58,971][root][INFO] - Added data to batch for client 2: {'round': 2, 'step_no': 26, 'loss': 0.905038595199585, 'accuracy': 0.6953125, 'l2_norm': 0.20667988061904907, 'computation_time': 0.044339895248413086, 'batch_time': 0.049440399758168496, 'rtc_check_time': 0.00380040799791459, 'experiment_id': 'exp_20240620_161519', 'client_id': '2'}
[2024-06-20 16:15:58,972][root][INFO] - Added data to batch for client 2: {'round': 2, 'step_no': 27, 'loss': 0.7463179230690002, 'accuracy': 0.7124999761581421, 'l2_norm': 0.25404593348503113, 'computation_time': 0.04818296432495117, 'batch_time': 0.05711413235985674, 'rtc_check_time': 0.007555015996331349, 'experiment_id': 'exp_20240620_161519', 'client_id': '2'}
[2024-06-20 16:15:58,973][root][INFO] - Added data to batch for client 2: {'round': 2, 'step_no': 28, 'loss': 0.885701060295105, 'accuracy': 0.7291666865348816, 'l2_norm': 0.31725260615348816, 'computation_time': 0.047679901123046875, 'batch_time': 0.05642241187160835, 'rtc_check_time': 0.007308422995265573, 'experiment_id': 'exp_20240620_161519', 'client_id': '2'}
[2024-06-20 16:15:58,974][root][INFO] - Added data to batch for client 2: {'round': 2, 'step_no': 29, 'loss': 0.7531460523605347, 'accuracy': 0.7232142686843872, 'l2_norm': 0.37062034010887146, 'computation_time': 0.047470808029174805, 'batch_time': 0.05249588355945889, 'rtc_check_time': 0.0036811099998885766, 'experiment_id': 'exp_20240620_161519', 'client_id': '2'}
[2024-06-20 16:15:58,975][root][INFO] - Added data to batch for client 2: {'round': 2, 'step_no': 30, 'loss': 0.9809755086898804, 'accuracy': 0.7109375, 'l2_norm': 0.4339545667171478, 'computation_time': 0.050890207290649414, 'batch_time': 0.05885745552950539, 'rtc_check_time': 0.006357445992762223, 'experiment_id': 'exp_20240620_161519', 'client_id': '2'}
[2024-06-20 16:15:58,976][root][INFO] - Added data to batch for client 2: {'round': 2, 'step_no': 31, 'loss': 1.0504215955734253, 'accuracy': 0.7083333134651184, 'l2_norm': 0.44855329394340515, 'computation_time': 0.04738903045654297, 'batch_time': 0.051097158328047954, 'rtc_check_time': 0.0024881400022422895, 'experiment_id': 'exp_20240620_161519', 'client_id': '2'}
[2024-06-20 16:15:58,977][root][INFO] - Added data to batch for client 2: {'round': 2, 'step_no': 32, 'loss': 0.5462421774864197, 'accuracy': 0.7250000238418579, 'l2_norm': 0.5025359988212585, 'computation_time': 0.047885894775390625, 'batch_time': 0.05160486826207489, 'rtc_check_time': 0.0022548449924215674, 'experiment_id': 'exp_20240620_161519', 'client_id': '2'}
[2024-06-20 16:15:58,978][root][INFO] - Added data to batch for client 2: {'round': 2, 'step_no': 33, 'loss': 0.6861691474914551, 'accuracy': 0.7357954382896423, 'l2_norm': 0.546603798866272, 'computation_time': 0.049978017807006836, 'batch_time': 0.052721592990565114, 'rtc_check_time': 0.0015786620060680434, 'experiment_id': 'exp_20240620_161519', 'client_id': '2'}
[2024-06-20 16:15:58,979][root][INFO] - Added data to batch for client 2: {'round': 2, 'step_no': 34, 'loss': 0.7060507535934448, 'accuracy': 0.7395833134651184, 'l2_norm': 0.6100698113441467, 'computation_time': 0.06727194786071777, 'batch_time': 0.07101755058101844, 'rtc_check_time': 0.0019834510021610186, 'experiment_id': 'exp_20240620_161519', 'client_id': '2'}
[2024-06-20 16:15:58,980][root][INFO] - Added data to batch for client 2: {'round': 2, 'step_no': 35, 'loss': 0.7864961624145508, 'accuracy': 0.7379807829856873, 'l2_norm': 0.6632579565048218, 'computation_time': 0.06285619735717773, 'batch_time': 0.06735435302834958, 'rtc_check_time': 0.0020052510080859065, 'experiment_id': 'exp_20240620_161519', 'client_id': '2'}
[2024-06-20 16:15:58,981][root][INFO] - Added data to batch for client 2: {'round': 2, 'step_no': 36, 'loss': 0.8907986879348755, 'accuracy': 0.734375, 'l2_norm': 0.7081944942474365, 'computation_time': 0.04917287826538086, 'batch_time': 0.05417006085917819, 'rtc_check_time': 0.0035421140055404976, 'experiment_id': 'exp_20240620_161519', 'client_id': '2'}
[2024-06-20 16:15:58,982][root][INFO] - Added data to batch for client 2: {'round': 2, 'step_no': 37, 'loss': 0.7243822813034058, 'accuracy': 0.7333333492279053, 'l2_norm': 0.7722703814506531, 'computation_time': 0.045382022857666016, 'batch_time': 0.054075311025371775, 'rtc_check_time': 0.007310221990337595, 'experiment_id': 'exp_20240620_161519', 'client_id': '2'}
[2024-06-20 16:15:58,983][root][INFO] - Added data to batch for client 2: {'round': 2, 'step_no': 38, 'loss': 0.7050447463989258, 'accuracy': 0.73828125, 'l2_norm': 0.850858747959137, 'computation_time': 0.047331809997558594, 'batch_time': 0.06289738429768477, 'rtc_check_time': 0.014178455006913282, 'experiment_id': 'exp_20240620_161519', 'client_id': '2'}
[2024-06-20 16:15:58,984][root][INFO] - Added data to batch for client 2: {'round': 2, 'step_no': 39, 'loss': 0.5652669668197632, 'accuracy': 0.7426470518112183, 'l2_norm': 0.9159925580024719, 'computation_time': 0.0465390682220459, 'batch_time': 0.05410795797070023, 'rtc_check_time': 0.006311946999630891, 'experiment_id': 'exp_20240620_161519', 'client_id': '2'}
[2024-06-20 16:15:58,985][root][INFO] - Added data to batch for client 2: {'round': 2, 'step_no': 40, 'loss': 0.9420658349990845, 'accuracy': 0.7378472089767456, 'l2_norm': 0.9940239191055298, 'computation_time': 0.054800987243652344, 'batch_time': 0.06032032232906204, 'rtc_check_time': 0.004086201006430201, 'experiment_id': 'exp_20240620_161519', 'client_id': '2'}
[2024-06-20 16:15:58,986][root][INFO] - Added data to batch for client 2: {'round': 2, 'step_no': 41, 'loss': 0.6981372237205505, 'accuracy': 0.7351973652839661, 'l2_norm': 1.0355629920959473, 'computation_time': 0.051934003829956055, 'batch_time': 0.055900449195178226, 'rtc_check_time': 0.0020085519936401397, 'experiment_id': 'exp_20240620_161519', 'client_id': '2'}
[2024-06-20 16:15:58,988][root][INFO] - Added data to batch for client 2: {'round': 2, 'step_no': 42, 'loss': 1.0169212818145752, 'accuracy': 0.734375, 'l2_norm': 1.0870476961135864, 'computation_time': 0.04769611358642578, 'batch_time': 0.05167088072630577, 'rtc_check_time': 0.002658935001818463, 'experiment_id': 'exp_20240620_161519', 'client_id': '2'}
[2024-06-20 16:15:58,989][root][INFO] - Added data to batch for client 2: {'round': 2, 'step_no': 43, 'loss': 0.9192252159118652, 'accuracy': 0.7336309552192688, 'l2_norm': 1.151909351348877, 'computation_time': 0.04814720153808594, 'batch_time': 0.05116140149766579, 'rtc_check_time': 0.001554362999740988, 'experiment_id': 'exp_20240620_161519', 'client_id': '2'}
[2024-06-20 16:15:58,990][root][INFO] - Added data to batch for client 2: {'round': 2, 'step_no': 44, 'loss': 0.5427069067955017, 'accuracy': 0.7386363744735718, 'l2_norm': 1.222232460975647, 'computation_time': 0.06285214424133301, 'batch_time': 0.06762195895134937, 'rtc_check_time': 0.002301943997736089, 'experiment_id': 'exp_20240620_161519', 'client_id': '2'}
[2024-06-20 16:15:58,991][root][INFO] - Added data to batch for client 2: {'round': 2, 'step_no': 45, 'loss': 0.510718822479248, 'accuracy': 0.7472826242446899, 'l2_norm': 1.2719935178756714, 'computation_time': 0.05530381202697754, 'batch_time': 0.05837737928959541, 'rtc_check_time': 0.0018664539966266602, 'experiment_id': 'exp_20240620_161519', 'client_id': '2'}
[2024-06-20 16:15:58,992][root][INFO] - Added data to batch for client 2: {'round': 2, 'step_no': 46, 'loss': 0.7546027302742004, 'accuracy': 0.7473958134651184, 'l2_norm': 1.3582383394241333, 'computation_time': 0.04448890686035156, 'batch_time': 0.048831038366188295, 'rtc_check_time': 0.0030010269983904436, 'experiment_id': 'exp_20240620_161519', 'client_id': '2'}
[2024-06-20 16:15:58,993][root][INFO] - Added data to batch for client 2: {'round': 2, 'step_no': 47, 'loss': 0.6999942064285278, 'accuracy': 0.7437499761581421, 'l2_norm': 1.412845492362976, 'computation_time': 0.056596994400024414, 'batch_time': 0.05978483262879308, 'rtc_check_time': 0.00200695100647863, 'experiment_id': 'exp_20240620_161519', 'client_id': '2'}
[2024-06-20 16:15:58,994][root][INFO] - Added data to batch for client 2: {'round': 2, 'step_no': 48, 'loss': 0.607531726360321, 'accuracy': 0.7463942170143127, 'l2_norm': 1.4621797800064087, 'computation_time': 0.04581403732299805, 'batch_time': 0.056568280822830275, 'rtc_check_time': 0.009508268005447462, 'experiment_id': 'exp_20240620_161519', 'client_id': '2'}
[2024-06-20 16:15:58,995][root][INFO] - Added data to batch for client 2: {'round': 2, 'step_no': 49, 'loss': 0.6428159475326538, 'accuracy': 0.7488425970077515, 'l2_norm': 1.519288182258606, 'computation_time': 0.058439016342163086, 'batch_time': 0.06286730110878125, 'rtc_check_time': 0.0023602420114912093, 'experiment_id': 'exp_20240620_161519', 'client_id': '2'}
[2024-06-20 16:15:58,996][root][INFO] - Added data to batch for client 2: {'round': 2, 'step_no': 50, 'loss': 0.6426780223846436, 'accuracy': 0.7522321343421936, 'l2_norm': 1.5901585817337036, 'computation_time': 0.044836997985839844, 'batch_time': 0.050115773192374036, 'rtc_check_time': 0.003923604002920911, 'experiment_id': 'exp_20240620_161519', 'client_id': '2'}
[2024-06-20 16:15:58,997][root][INFO] - Added data to batch for client 2: {'round': 2, 'step_no': 51, 'loss': 0.9716149568557739, 'accuracy': 0.7543103694915771, 'l2_norm': 1.632561206817627, 'computation_time': 0.04576897621154785, 'batch_time': 0.05458731031103525, 'rtc_check_time': 0.007300323006347753, 'experiment_id': 'exp_20240620_161519', 'client_id': '2'}
[2024-06-20 16:15:58,998][root][INFO] - Added data to batch for client 2: {'round': 2, 'step_no': 52, 'loss': 0.6653650403022766, 'accuracy': 0.7541666626930237, 'l2_norm': 1.6991724967956543, 'computation_time': 0.04924798011779785, 'batch_time': 0.05163939941849094, 'rtc_check_time': 0.0013044689985690638, 'experiment_id': 'exp_20240620_161519', 'client_id': '2'}
[2024-06-20 16:15:58,999][root][INFO] - Added data to batch for client 2: {'round': 2, 'step_no': 53, 'loss': 0.602778434753418, 'accuracy': 0.7590726017951965, 'l2_norm': 1.7632105350494385, 'computation_time': 0.04284501075744629, 'batch_time': 0.047394111010362394, 'rtc_check_time': 0.0034371159999864176, 'experiment_id': 'exp_20240620_161519', 'client_id': '2'}
[2024-06-20 16:15:59,001][root][INFO] - Added data to batch for client 2: {'round': 2, 'step_no': 54, 'loss': 0.6469075083732605, 'accuracy': 0.759765625, 'l2_norm': 1.8085237741470337, 'computation_time': 0.042220115661621094, 'batch_time': 0.05537115673359949, 'rtc_check_time': 0.012113204997149296, 'experiment_id': 'exp_20240620_161519', 'client_id': '2'}
[2024-06-20 16:15:59,002][root][INFO] - Added data to batch for client 2: {'round': 2, 'step_no': 55, 'loss': 0.4611811637878418, 'accuracy': 0.7642045617103577, 'l2_norm': 1.8788330554962158, 'computation_time': 0.039849042892456055, 'batch_time': 0.05181753424403723, 'rtc_check_time': 0.010770437991595827, 'experiment_id': 'exp_20240620_161519', 'client_id': '2'}
[2024-06-20 16:15:59,003][root][INFO] - Added data to batch for client 2: {'round': 2, 'step_no': 56, 'loss': 0.5409536361694336, 'accuracy': 0.7665441036224365, 'l2_norm': 1.9365055561065674, 'computation_time': 0.04210305213928223, 'batch_time': 0.0462052644288633, 'rtc_check_time': 0.002851230005035177, 'experiment_id': 'exp_20240620_161519', 'client_id': '2'}
[2024-06-20 16:15:59,004][root][INFO] - Added data to batch for client 2: {'round': 2, 'step_no': 57, 'loss': 0.7767938375473022, 'accuracy': 0.7660714387893677, 'l2_norm': 1.996315598487854, 'computation_time': 0.04700183868408203, 'batch_time': 0.05262417889025528, 'rtc_check_time': 0.004390192989376374, 'experiment_id': 'exp_20240620_161519', 'client_id': '2'}
[2024-06-20 16:15:59,005][root][INFO] - Added data to batch for client 2: {'round': 2, 'step_no': 58, 'loss': 0.39372187852859497, 'accuracy': 0.7673611044883728, 'l2_norm': 2.0584733486175537, 'computation_time': 0.05335807800292969, 'batch_time': 0.06181702428148128, 'rtc_check_time': 0.006669138005236164, 'experiment_id': 'exp_20240620_161519', 'client_id': '2'}
[2024-06-20 16:15:59,006][root][INFO] - Added data to batch for client 2: {'round': 2, 'step_no': 59, 'loss': 0.6901706457138062, 'accuracy': 0.7660472989082336, 'l2_norm': 2.1463112831115723, 'computation_time': 0.056549072265625, 'batch_time': 0.06412230400019325, 'rtc_check_time': 0.005944356002146378, 'experiment_id': 'exp_20240620_161519', 'client_id': '2'}
[2024-06-20 16:15:59,007][root][INFO] - Added data to batch for client 2: {'round': 2, 'step_no': 60, 'loss': 0.38634541630744934, 'accuracy': 0.7689144611358643, 'l2_norm': 2.190340757369995, 'computation_time': 0.052484989166259766, 'batch_time': 0.056222630650154315, 'rtc_check_time': 0.0023686420026933774, 'experiment_id': 'exp_20240620_161519', 'client_id': '2'}
[2024-06-20 16:15:59,008][root][INFO] - Added data to batch for client 2: {'round': 2, 'step_no': 61, 'loss': 0.489604651927948, 'accuracy': 0.7708333134651184, 'l2_norm': 2.262376070022583, 'computation_time': 0.050415992736816406, 'batch_time': 0.054357013970729895, 'rtc_check_time': 0.0020310499967308715, 'experiment_id': 'exp_20240620_161519', 'client_id': '2'}
[2024-06-20 16:15:59,009][root][INFO] - Added data to batch for client 2: {'round': 2, 'step_no': 62, 'loss': 0.6294549703598022, 'accuracy': 0.770312488079071, 'l2_norm': 2.351567506790161, 'computation_time': 0.0450439453125, 'batch_time': 0.050737359750200994, 'rtc_check_time': 0.00454829000227619, 'experiment_id': 'exp_20240620_161519', 'client_id': '2'}
[2024-06-20 16:15:59,010][root][INFO] - Added data to batch for client 2: {'round': 2, 'step_no': 63, 'loss': 0.9541621804237366, 'accuracy': 0.7675305008888245, 'l2_norm': 2.4408888816833496, 'computation_time': 0.04556107521057129, 'batch_time': 0.04921306454343721, 'rtc_check_time': 0.0024260409991256893, 'experiment_id': 'exp_20240620_161519', 'client_id': '2'}
[2024-06-20 16:15:59,011][root][INFO] - Added data to batch for client 2: {'round': 2, 'step_no': 64, 'loss': 0.9303562641143799, 'accuracy': 0.7671130895614624, 'l2_norm': 2.454122543334961, 'computation_time': 0.04560112953186035, 'batch_time': 0.0535707955568796, 'rtc_check_time': 0.006480741998529993, 'experiment_id': 'exp_20240620_161519', 'client_id': '2'}
[2024-06-20 16:15:59,012][root][INFO] - Added data to batch for client 2: {'round': 2, 'step_no': 65, 'loss': 0.6281930208206177, 'accuracy': 0.7667151093482971, 'l2_norm': 2.5145151615142822, 'computation_time': 0.04796886444091797, 'batch_time': 0.051442510783090256, 'rtc_check_time': 0.002237446009530686, 'experiment_id': 'exp_20240620_161519', 'client_id': '2'}
[2024-06-20 16:15:59,013][root][INFO] - Added data to batch for client 2: {'round': 2, 'step_no': 66, 'loss': 0.43468159437179565, 'accuracy': 0.7691761255264282, 'l2_norm': 2.602360725402832, 'computation_time': 0.0475001335144043, 'batch_time': 0.050871880986960605, 'rtc_check_time': 0.0018358549859840423, 'experiment_id': 'exp_20240620_161519', 'client_id': '2'}
[2024-06-20 16:15:59,016][root][INFO] - Added data to batch for client 2: {'round': 2, 'step_no': 67, 'loss': 0.4937049448490143, 'accuracy': 0.7708333134651184, 'l2_norm': 2.64670729637146, 'computation_time': 0.045803070068359375, 'batch_time': 0.049827156457467936, 'rtc_check_time': 0.0026870349975069985, 'experiment_id': 'exp_20240620_161519', 'client_id': '2'}
[2024-06-20 16:15:59,020][root][INFO] - Added data to batch for client 2: {'round': 2, 'step_no': 68, 'loss': 0.5353988409042358, 'accuracy': 0.7724184989929199, 'l2_norm': 2.7083706855773926, 'computation_time': 0.0456540584564209, 'batch_time': 0.048721918763476424, 'rtc_check_time': 0.0017627570050535724, 'experiment_id': 'exp_20240620_161519', 'client_id': '2'}
[2024-06-20 16:15:59,022][root][INFO] - Added data to batch for client 2: {'round': 2, 'step_no': 69, 'loss': 0.23029498755931854, 'accuracy': 0.7752659320831299, 'l2_norm': 2.7673420906066895, 'computation_time': 0.047876834869384766, 'batch_time': 0.051548490577260964, 'rtc_check_time': 0.0026283360057277605, 'experiment_id': 'exp_20240620_161519', 'client_id': '2'}
[2024-06-20 16:15:59,023][root][INFO] - Added data to batch for client 2: {'round': 2, 'step_no': 70, 'loss': 0.4577452838420868, 'accuracy': 0.7779948115348816, 'l2_norm': 2.8397042751312256, 'computation_time': 0.040791988372802734, 'batch_time': 0.04750408277323004, 'rtc_check_time': 0.005498066995642148, 'experiment_id': 'exp_20240620_161519', 'client_id': '2'}
[2024-06-20 16:15:59,024][root][INFO] - Added data to batch for client 2: {'round': 2, 'step_no': 71, 'loss': 0.29474711418151855, 'accuracy': 0.7806122303009033, 'l2_norm': 2.8929948806762695, 'computation_time': 0.04220008850097656, 'batch_time': 0.04498128598788753, 'rtc_check_time': 0.0016713590011931956, 'experiment_id': 'exp_20240620_161519', 'client_id': '2'}
[2024-06-20 16:15:59,025][root][INFO] - Added data to batch for client 2: {'round': 2, 'step_no': 72, 'loss': 0.5566940307617188, 'accuracy': 0.7818750143051147, 'l2_norm': 2.950655460357666, 'computation_time': 0.04446601867675781, 'batch_time': 0.04741445952095091, 'rtc_check_time': 0.0017005580011755228, 'experiment_id': 'exp_20240620_161519', 'client_id': '2'}
[2024-06-20 16:15:59,026][root][INFO] - Added data to batch for client 2: {'round': 2, 'step_no': 73, 'loss': 0.46141675114631653, 'accuracy': 0.783088207244873, 'l2_norm': 3.0048251152038574, 'computation_time': 0.04840087890625, 'batch_time': 0.05220832917257212, 'rtc_check_time': 0.00260033700033091, 'experiment_id': 'exp_20240620_161519', 'client_id': '2'}
[2024-06-20 16:15:59,027][root][INFO] - Added data to batch for client 2: {'round': 2, 'step_no': 74, 'loss': 0.3031296133995056, 'accuracy': 0.7854567170143127, 'l2_norm': 3.085314989089966, 'computation_time': 0.05315899848937988, 'batch_time': 0.057045871901209466, 'rtc_check_time': 0.0019027539965463802, 'experiment_id': 'exp_20240620_161519', 'client_id': '2'}
[2024-06-20 16:15:59,028][root][INFO] - Added data to batch for client 2: {'round': 2, 'step_no': 75, 'loss': 0.13730263710021973, 'accuracy': 0.7895047068595886, 'l2_norm': 3.161085605621338, 'computation_time': 0.040673017501831055, 'batch_time': 0.043485167931066826, 'rtc_check_time': 0.0015952620015013963, 'experiment_id': 'exp_20240620_161519', 'client_id': '2'}
[2024-06-20 16:15:59,029][root][INFO] - Added data to batch for client 2: {'round': 2, 'step_no': 76, 'loss': 0.2858131527900696, 'accuracy': 0.7916666865348816, 'l2_norm': 3.2846438884735107, 'computation_time': 0.044296979904174805, 'batch_time': 0.06118747603613883, 'rtc_check_time': 0.015605419990606606, 'experiment_id': 'exp_20240620_161519', 'client_id': '2'}
[2024-06-20 16:15:59,030][root][INFO] - Added data to batch for client 2: {'round': 2, 'step_no': 77, 'loss': 0.46171653270721436, 'accuracy': 0.7926136255264282, 'l2_norm': 3.368610382080078, 'computation_time': 0.04534506797790527, 'batch_time': 0.05096274032257497, 'rtc_check_time': 0.004296594997867942, 'experiment_id': 'exp_20240620_161519', 'client_id': '2'}
[2024-06-20 16:15:59,031][root][INFO] - Added data to batch for client 2: {'round': 2, 'step_no': 78, 'loss': 0.5245428085327148, 'accuracy': 0.7935267686843872, 'l2_norm': 3.4420878887176514, 'computation_time': 0.04282093048095703, 'batch_time': 0.0470658117410494, 'rtc_check_time': 0.0026658350107027218, 'experiment_id': 'exp_20240620_161519', 'client_id': '2'}
[2024-06-20 16:15:59,032][root][INFO] - Added data to batch for client 2: {'round': 2, 'step_no': 79, 'loss': 0.3053475022315979, 'accuracy': 0.7949561476707458, 'l2_norm': 3.5230464935302734, 'computation_time': 0.04067707061767578, 'batch_time': 0.04610927797330078, 'rtc_check_time': 0.004203397998935543, 'experiment_id': 'exp_20240620_161519', 'client_id': '2'}
[2024-06-20 16:15:59,033][root][INFO] - Added data to batch for client 2: {'round': 2, 'step_no': 80, 'loss': 0.618404746055603, 'accuracy': 0.7957974076271057, 'l2_norm': 3.564077854156494, 'computation_time': 0.04038596153259277, 'batch_time': 0.04414745747635607, 'rtc_check_time': 0.002594436999061145, 'experiment_id': 'exp_20240620_161519', 'client_id': '2'}
[2024-06-20 16:15:59,034][root][INFO] - Added data to batch for client 2: {'round': 2, 'step_no': 81, 'loss': 0.7008196115493774, 'accuracy': 0.7950211763381958, 'l2_norm': 3.6147496700286865, 'computation_time': 0.04220700263977051, 'batch_time': 0.046128931251587346, 'rtc_check_time': 0.002600136009277776, 'experiment_id': 'exp_20240620_161519', 'client_id': '2'}
[2024-06-20 16:15:59,035][root][INFO] - Added data to batch for client 2: {'round': 2, 'step_no': 82, 'loss': 0.656542956829071, 'accuracy': 0.7947916388511658, 'l2_norm': 3.697530746459961, 'computation_time': 0.04347586631774902, 'batch_time': 0.04640284995548427, 'rtc_check_time': 0.001745857996866107, 'experiment_id': 'exp_20240620_161519', 'client_id': '2'}
[2024-06-20 16:15:59,036][root][INFO] - Added data to batch for client 2: {'round': 2, 'step_no': 83, 'loss': 0.4190526008605957, 'accuracy': 0.7950819730758667, 'l2_norm': 3.8067831993103027, 'computation_time': 0.03989696502685547, 'batch_time': 0.04382045035890769, 'rtc_check_time': 0.0028644300036830828, 'experiment_id': 'exp_20240620_161519', 'client_id': '2'}
[2024-06-20 16:15:59,037][root][INFO] - Added data to batch for client 2: {'round': 2, 'step_no': 84, 'loss': 0.25917989015579224, 'accuracy': 0.796875, 'l2_norm': 3.877815008163452, 'computation_time': 0.042053937911987305, 'batch_time': 0.04614044679328799, 'rtc_check_time': 0.0029075290076434612, 'experiment_id': 'exp_20240620_161519', 'client_id': '2'}
[2024-06-20 16:15:59,038][root][INFO] - Added data to batch for client 2: {'round': 2, 'step_no': 85, 'loss': 0.4265385568141937, 'accuracy': 0.798115074634552, 'l2_norm': 3.957706928253174, 'computation_time': 0.04112100601196289, 'batch_time': 0.04489168793952558, 'rtc_check_time': 0.0026167360047111288, 'experiment_id': 'exp_20240620_161519', 'client_id': '2'}
[2024-06-20 16:15:59,039][root][INFO] - Added data to batch for client 2: {'round': 2, 'step_no': 86, 'loss': 0.526856541633606, 'accuracy': 0.79931640625, 'l2_norm': 3.99519681930542, 'computation_time': 0.043859004974365234, 'batch_time': 0.047793510180781595, 'rtc_check_time': 0.002412440997431986, 'experiment_id': 'exp_20240620_161519', 'client_id': '2'}
[2024-06-20 16:15:59,040][root][INFO] - Added data to batch for client 2: {'round': 2, 'step_no': 87, 'loss': 0.2764083445072174, 'accuracy': 0.8014423251152039, 'l2_norm': 4.0477399826049805, 'computation_time': 0.03852581977844238, 'batch_time': 0.042040113810799085, 'rtc_check_time': 0.0023460429947590455, 'experiment_id': 'exp_20240620_161519', 'client_id': '2'}
[2024-06-20 16:15:59,041][root][INFO] - Added data to batch for client 2: {'round': 2, 'step_no': 88, 'loss': 0.4046967029571533, 'accuracy': 0.8025568127632141, 'l2_norm': 4.087604522705078, 'computation_time': 0.03933095932006836, 'batch_time': 0.04427175901946612, 'rtc_check_time': 0.003784708009334281, 'experiment_id': 'exp_20240620_161519', 'client_id': '2'}
[2024-06-20 16:15:59,042][root][INFO] - Added data to batch for client 2: {'round': 2, 'step_no': 89, 'loss': 0.5481854677200317, 'accuracy': 0.8022388219833374, 'l2_norm': 4.197779178619385, 'computation_time': 0.04082989692687988, 'batch_time': 0.04505359489121474, 'rtc_check_time': 0.003043525997782126, 'experiment_id': 'exp_20240620_161519', 'client_id': '2'}
[2024-06-20 16:15:59,043][root][INFO] - Added data to batch for client 2: {'round': 2, 'step_no': 90, 'loss': 0.4739648103713989, 'accuracy': 0.8037683963775635, 'l2_norm': 4.226004123687744, 'computation_time': 0.03980302810668945, 'batch_time': 0.044430493348045275, 'rtc_check_time': 0.0034437169961165637, 'experiment_id': 'exp_20240620_161519', 'client_id': '2'}
[2024-06-20 16:15:59,044][root][INFO] - Added data to batch for client 2: {'round': 2, 'step_no': 91, 'loss': 0.20470520853996277, 'accuracy': 0.8061594367027283, 'l2_norm': 4.293250560760498, 'computation_time': 0.03833603858947754, 'batch_time': 0.043037790106609464, 'rtc_check_time': 0.0030986249912530184, 'experiment_id': 'exp_20240620_161519', 'client_id': '2'}
[2024-06-20 16:15:59,045][root][INFO] - Added data to batch for client 2: {'round': 2, 'step_no': 92, 'loss': 0.37816107273101807, 'accuracy': 0.8066964149475098, 'l2_norm': 4.37619686126709, 'computation_time': 0.04316902160644531, 'batch_time': 0.04590588706196286, 'rtc_check_time': 0.0015068640059325844, 'experiment_id': 'exp_20240620_161519', 'client_id': '2'}
[2024-06-20 16:15:59,046][root][INFO] - Added data to batch for client 2: {'round': 2, 'step_no': 93, 'loss': 0.3145652413368225, 'accuracy': 0.8076584339141846, 'l2_norm': 4.437399864196777, 'computation_time': 0.0401608943939209, 'batch_time': 0.04363509715767577, 'rtc_check_time': 0.002204146992880851, 'experiment_id': 'exp_20240620_161519', 'client_id': '2'}
[2024-06-20 16:15:59,047][root][INFO] - Added data to batch for client 2: {'round': 2, 'step_no': 94, 'loss': 0.19411616027355194, 'accuracy': 0.8098958134651184, 'l2_norm': 4.500030040740967, 'computation_time': 0.04247307777404785, 'batch_time': 0.04561769068823196, 'rtc_check_time': 0.0017417579947505146, 'experiment_id': 'exp_20240620_161519', 'client_id': '2'}
[2024-06-20 16:15:59,048][root][INFO] - Added data to batch for client 2: {'round': 2, 'step_no': 95, 'loss': 0.3443177044391632, 'accuracy': 0.8107876777648926, 'l2_norm': 4.544447422027588, 'computation_time': 0.04112696647644043, 'batch_time': 0.045081305390340276, 'rtc_check_time': 0.002749132996541448, 'experiment_id': 'exp_20240620_161519', 'client_id': '2'}
[2024-06-20 16:15:59,049][root][INFO] - Added data to batch for client 2: {'round': 2, 'step_no': 96, 'loss': 0.33734264969825745, 'accuracy': 0.8120777010917664, 'l2_norm': 4.6246747970581055, 'computation_time': 0.039746999740600586, 'batch_time': 0.04306744124914985, 'rtc_check_time': 0.0022282459976850078, 'experiment_id': 'exp_20240620_161519', 'client_id': '2'}
[2024-06-20 16:15:59,050][root][INFO] - Added data to batch for client 2: {'round': 2, 'step_no': 97, 'loss': 0.37031081318855286, 'accuracy': 0.8120833039283752, 'l2_norm': 4.664940357208252, 'computation_time': 0.0382080078125, 'batch_time': 0.04178943501028698, 'rtc_check_time': 0.0025395380071131513, 'experiment_id': 'exp_20240620_161519', 'client_id': '2'}
[2024-06-20 16:15:59,051][root][INFO] - Added data to batch for client 2: {'round': 2, 'step_no': 98, 'loss': 0.18983079493045807, 'accuracy': 0.8141447305679321, 'l2_norm': 4.751258373260498, 'computation_time': 0.0400698184967041, 'batch_time': 0.04400679473474156, 'rtc_check_time': 0.002773731990600936, 'experiment_id': 'exp_20240620_161519', 'client_id': '2'}
[2024-06-20 16:15:59,052][root][INFO] - Added data to batch for client 2: {'round': 2, 'step_no': 99, 'loss': 0.15621326863765717, 'accuracy': 0.8165584206581116, 'l2_norm': 4.799421787261963, 'computation_time': 0.042643070220947266, 'batch_time': 0.046801210395642556, 'rtc_check_time': 0.0029932269972050563, 'experiment_id': 'exp_20240620_161519', 'client_id': '2'}
[2024-06-20 16:15:59,053][root][INFO] - Added data to batch for client 2: {'round': 2, 'step_no': 100, 'loss': 0.2720179855823517, 'accuracy': 0.817307710647583, 'l2_norm': 4.892221450805664, 'computation_time': 0.03955221176147461, 'batch_time': 0.044280892048846, 'rtc_check_time': 0.0035597139940364286, 'experiment_id': 'exp_20240620_161519', 'client_id': '2'}
[2024-06-20 16:15:59,054][root][INFO] - Added data to batch for client 2: {'round': 2, 'step_no': 101, 'loss': 0.30961188673973083, 'accuracy': 0.8188291192054749, 'l2_norm': 4.914236068725586, 'computation_time': 0.04056596755981445, 'batch_time': 0.0433425829251064, 'rtc_check_time': 0.001578562005306594, 'experiment_id': 'exp_20240620_161519', 'client_id': '2'}
[2024-06-20 16:15:59,055][root][INFO] - Added data to batch for client 2: {'round': 2, 'step_no': 102, 'loss': 0.08855891227722168, 'accuracy': 0.821093738079071, 'l2_norm': 4.960020065307617, 'computation_time': 0.04627799987792969, 'batch_time': 0.04917512786050793, 'rtc_check_time': 0.0015500630106544122, 'experiment_id': 'exp_20240620_161519', 'client_id': '2'}
[2024-06-20 16:15:59,056][root][INFO] - Added data to batch for client 2: {'round': 2, 'step_no': 103, 'loss': 0.37308675050735474, 'accuracy': 0.821373462677002, 'l2_norm': 5.028140068054199, 'computation_time': 0.04704689979553223, 'batch_time': 0.05965982192719821, 'rtc_check_time': 0.011412723004468717, 'experiment_id': 'exp_20240620_161519', 'client_id': '2'}
[2024-06-20 16:15:59,057][root][INFO] - Added data to batch for client 2: {'round': 2, 'step_no': 104, 'loss': 0.29595422744750977, 'accuracy': 0.8224085569381714, 'l2_norm': 5.1287312507629395, 'computation_time': 0.06044888496398926, 'batch_time': 0.06380748600349762, 'rtc_check_time': 0.0018155559955630451, 'experiment_id': 'exp_20240620_161519', 'client_id': '2'}
[2024-06-20 16:15:59,057][root][INFO] - Added batch data list for client 2. New Data Added: 82
[2024-06-20 16:15:59,059][root][INFO] - Batch data saved to /home/psklavos/fl/geom_aio/csv_logs/exp_20240620_161519/clients/client_2/batch.csv
[2024-06-20 16:15:59,059][root][INFO] - Appended data to last row of column distributed_loss in server data for client None
[2024-06-20 16:15:59,059][root][INFO] - Appended data to last row of column distributed_acc in server data for client None
[2024-06-20 16:15:59,059][root][INFO] - Appended {'distributed_loss': 0.31797366340955097, 'distributed_acc': 0.9023333390553793} to the last row of server data
[2024-06-20 16:15:59,060][root][INFO] - Server data saved to /home/psklavos/fl/geom_aio/csv_logs/exp_20240620_161519/server/server.csv
[2024-06-20 16:16:03,121][flwr][DEBUG] - fit_round 3: strategy sampled 3 clients (out of 3)
[2024-06-20 16:16:11,118][flwr][DEBUG] - fit_round 3 received 3 results and 0 failures
[2024-06-20 16:16:11,123][root][INFO] - Added data to server for client None: {'round': 3, 'average_norm': 5.0550689697265625, 'round_time': 9.424962976050782, 'average_downlink_time': 0.7853721316666666, 'average_rtc_check_time': 0.5648340169573203, 'average_uplink_time': 0.4955484413333333, 'average_computation_time': 6.952635447184245, 'average_communication_time': 1.8457545899573204, 'average_fit_time': 7.977733294169108, 'average_throughput': 5.447655881337416, 'dropouts': 0, 'experiment_id': 'exp_20240620_161519'}
[2024-06-20 16:16:11,123][root][INFO] - Added server data: {'round': 3, 'average_norm': 5.0550689697265625, 'round_time': 9.424962976050782, 'average_downlink_time': 0.7853721316666666, 'average_rtc_check_time': 0.5648340169573203, 'average_uplink_time': 0.4955484413333333, 'average_computation_time': 6.952635447184245, 'average_communication_time': 1.8457545899573204, 'average_fit_time': 7.977733294169108, 'average_throughput': 5.447655881337416, 'dropouts': 0, 'experiment_id': 'exp_20240620_161519'}
[2024-06-20 16:16:11,195][utils.model][INFO] - LeNet model built
[2024-06-20 16:16:11,319][utils.model][INFO] - Size of serialized model: 279.0341796875 kbytes
[2024-06-20 16:16:11,366][utils.model][INFO] - Step 1/40 - val_loss: 0.1035 - val_accuracy: 0.9766
[2024-06-20 16:16:11,385][utils.model][INFO] - Step 2/40 - val_loss: 0.1436 - val_accuracy: 0.9590
[2024-06-20 16:16:11,404][utils.model][INFO] - Step 3/40 - val_loss: 0.1670 - val_accuracy: 0.9466
[2024-06-20 16:16:11,424][utils.model][INFO] - Step 4/40 - val_loss: 0.1711 - val_accuracy: 0.9463
[2024-06-20 16:16:11,443][utils.model][INFO] - Step 5/40 - val_loss: 0.1947 - val_accuracy: 0.9414
[2024-06-20 16:16:11,463][utils.model][INFO] - Step 6/40 - val_loss: 0.2045 - val_accuracy: 0.9382
[2024-06-20 16:16:11,484][utils.model][INFO] - Step 7/40 - val_loss: 0.2114 - val_accuracy: 0.9364
[2024-06-20 16:16:11,505][utils.model][INFO] - Step 8/40 - val_loss: 0.2127 - val_accuracy: 0.9351
[2024-06-20 16:16:11,525][utils.model][INFO] - Step 9/40 - val_loss: 0.2213 - val_accuracy: 0.9332
[2024-06-20 16:16:11,544][utils.model][INFO] - Step 10/40 - val_loss: 0.2163 - val_accuracy: 0.9336
[2024-06-20 16:16:11,564][utils.model][INFO] - Step 11/40 - val_loss: 0.2131 - val_accuracy: 0.9350
[2024-06-20 16:16:11,582][utils.model][INFO] - Step 12/40 - val_loss: 0.2101 - val_accuracy: 0.9362
[2024-06-20 16:16:11,603][utils.model][INFO] - Step 13/40 - val_loss: 0.2087 - val_accuracy: 0.9363
[2024-06-20 16:16:11,625][utils.model][INFO] - Step 14/40 - val_loss: 0.2066 - val_accuracy: 0.9369
[2024-06-20 16:16:11,647][utils.model][INFO] - Step 15/40 - val_loss: 0.2117 - val_accuracy: 0.9352
[2024-06-20 16:16:11,669][utils.model][INFO] - Step 16/40 - val_loss: 0.2150 - val_accuracy: 0.9336
[2024-06-20 16:16:11,692][utils.model][INFO] - Step 17/40 - val_loss: 0.2162 - val_accuracy: 0.9327
[2024-06-20 16:16:11,717][utils.model][INFO] - Step 18/40 - val_loss: 0.2151 - val_accuracy: 0.9332
[2024-06-20 16:16:11,740][utils.model][INFO] - Step 19/40 - val_loss: 0.2150 - val_accuracy: 0.9330
[2024-06-20 16:16:11,763][utils.model][INFO] - Step 20/40 - val_loss: 0.2123 - val_accuracy: 0.9344
[2024-06-20 16:16:11,794][utils.model][INFO] - Step 21/40 - val_loss: 0.2056 - val_accuracy: 0.9366
[2024-06-20 16:16:11,824][utils.model][INFO] - Step 22/40 - val_loss: 0.1984 - val_accuracy: 0.9391
[2024-06-20 16:16:11,853][utils.model][INFO] - Step 23/40 - val_loss: 0.1952 - val_accuracy: 0.9400
[2024-06-20 16:16:11,878][utils.model][INFO] - Step 24/40 - val_loss: 0.1947 - val_accuracy: 0.9399
[2024-06-20 16:16:11,902][utils.model][INFO] - Step 25/40 - val_loss: 0.1895 - val_accuracy: 0.9416
[2024-06-20 16:16:11,926][utils.model][INFO] - Step 26/40 - val_loss: 0.1900 - val_accuracy: 0.9417
[2024-06-20 16:16:11,949][utils.model][INFO] - Step 27/40 - val_loss: 0.1865 - val_accuracy: 0.9430
[2024-06-20 16:16:11,977][utils.model][INFO] - Step 28/40 - val_loss: 0.1818 - val_accuracy: 0.9443
[2024-06-20 16:16:12,002][utils.model][INFO] - Step 29/40 - val_loss: 0.1775 - val_accuracy: 0.9460
[2024-06-20 16:16:12,027][utils.model][INFO] - Step 30/40 - val_loss: 0.1757 - val_accuracy: 0.9466
[2024-06-20 16:16:12,052][utils.model][INFO] - Step 31/40 - val_loss: 0.1730 - val_accuracy: 0.9472
[2024-06-20 16:16:12,075][utils.model][INFO] - Step 32/40 - val_loss: 0.1695 - val_accuracy: 0.9481
[2024-06-20 16:16:12,097][utils.model][INFO] - Step 33/40 - val_loss: 0.1667 - val_accuracy: 0.9490
[2024-06-20 16:16:12,117][utils.model][INFO] - Step 34/40 - val_loss: 0.1627 - val_accuracy: 0.9505
[2024-06-20 16:16:12,138][utils.model][INFO] - Step 35/40 - val_loss: 0.1584 - val_accuracy: 0.9519
[2024-06-20 16:16:12,158][utils.model][INFO] - Step 36/40 - val_loss: 0.1591 - val_accuracy: 0.9521
[2024-06-20 16:16:12,180][utils.model][INFO] - Step 37/40 - val_loss: 0.1557 - val_accuracy: 0.9533
[2024-06-20 16:16:12,201][utils.model][INFO] - Step 38/40 - val_loss: 0.1548 - val_accuracy: 0.9537
[2024-06-20 16:16:12,222][utils.model][INFO] - Step 39/40 - val_loss: 0.1588 - val_accuracy: 0.9523
[2024-06-20 16:16:12,231][utils.model][INFO] - Step 40/40 - val_loss: 0.1571 - val_accuracy: 0.9523
[2024-06-20 16:16:12,234][utils.model][INFO] - Evaluation Results - Val Loss: 0.1571, Val Accuracy: 0.9523 in 40 steps
[2024-06-20 16:16:12,236][root][INFO] - Appended data to last row of column centralized_loss in server data for client None
[2024-06-20 16:16:12,236][root][INFO] - Appended data to last row of column centralized_acc in server data for client None
[2024-06-20 16:16:12,236][root][INFO] - Appended {'centralized_loss': 0.15708026, 'centralized_acc': 0.9523} to the last row of server data
[2024-06-20 16:16:12,236][flwr][INFO] - fit progress: (3, 0.15708026, {'accuracy': 0.9523}, 31.539910293999128)
[2024-06-20 16:16:12,236][flwr][DEBUG] - evaluate_round 3: strategy sampled 3 clients (out of 3)
[2024-06-20 16:16:12,884][flwr][DEBUG] - evaluate_round 3 received 3 results and 0 failures
[2024-06-20 16:16:12,886][root][INFO] - Added data to epoch for client 2: {'round': 3, 'epoch_steps': 145, 'total_steps': 249, 'l2_norm': 5.16856575012207, 'total_computation_time': 6.928886413574219, 'total_rtc_check_time': 0.5852442820032593, 'total_duration': 7.97624397277832, 'val_loss': 0.1581132560968399, 'val_accuracy': 0.9474999904632568, 'experiment_id': 'exp_20240620_161519', 'client_id': '2'}
[2024-06-20 16:16:12,886][root][INFO] - Added epoch data for client 2: {'round': 3, 'epoch_steps': 145, 'total_steps': 249, 'l2_norm': 5.16856575012207, 'total_computation_time': 6.928886413574219, 'total_rtc_check_time': 0.5852442820032593, 'total_duration': 7.97624397277832, 'val_loss': 0.1581132560968399, 'val_accuracy': 0.9474999904632568, 'experiment_id': 'exp_20240620_161519', 'client_id': '2'}
[2024-06-20 16:16:12,887][root][INFO] - Epoch data saved to /home/psklavos/fl/geom_aio/csv_logs/exp_20240620_161519/clients/client_2/epoch.csv
[2024-06-20 16:16:12,888][root][INFO] - Added data to batch for client 2: {'round': 3, 'step_no': 105, 'loss': 0.30974534153938293, 'accuracy': 0.9375, 'l2_norm': 0.030841849744319916, 'computation_time': 0.04680514335632324, 'batch_time': 0.05324747921258677, 'rtc_check_time': 0.005109575999085791, 'experiment_id': 'exp_20240620_161519', 'client_id': '2'}
[2024-06-20 16:16:12,890][root][INFO] - Added data to batch for client 2: {'round': 3, 'step_no': 106, 'loss': 0.701771080493927, 'accuracy': 0.890625, 'l2_norm': 0.08500958234071732, 'computation_time': 0.07533502578735352, 'batch_time': 0.08023410750320181, 'rtc_check_time': 0.0017972560017369688, 'experiment_id': 'exp_20240620_161519', 'client_id': '2'}
[2024-06-20 16:16:12,891][root][INFO] - Added data to batch for client 2: {'round': 3, 'step_no': 107, 'loss': 0.4279913902282715, 'accuracy': 0.8958333134651184, 'l2_norm': 0.09495965391397476, 'computation_time': 0.047096967697143555, 'batch_time': 0.0509391407831572, 'rtc_check_time': 0.002242146001663059, 'experiment_id': 'exp_20240620_161519', 'client_id': '2'}
[2024-06-20 16:16:12,892][root][INFO] - Added data to batch for client 2: {'round': 3, 'step_no': 108, 'loss': 0.5858005285263062, 'accuracy': 0.8671875, 'l2_norm': 0.11162840574979782, 'computation_time': 0.05215096473693848, 'batch_time': 0.05951428371190559, 'rtc_check_time': 0.0060162540030432865, 'experiment_id': 'exp_20240620_161519', 'client_id': '2'}
[2024-06-20 16:16:12,893][root][INFO] - Added data to batch for client 2: {'round': 3, 'step_no': 109, 'loss': 0.31464433670043945, 'accuracy': 0.8687499761581421, 'l2_norm': 0.1313822716474533, 'computation_time': 0.05000591278076172, 'batch_time': 0.05385919558466412, 'rtc_check_time': 0.002318343991646543, 'experiment_id': 'exp_20240620_161519', 'client_id': '2'}
[2024-06-20 16:16:12,894][root][INFO] - Added data to batch for client 2: {'round': 3, 'step_no': 110, 'loss': 0.6205806732177734, 'accuracy': 0.8541666865348816, 'l2_norm': 0.20159684121608734, 'computation_time': 0.04629397392272949, 'batch_time': 0.049633584276307374, 'rtc_check_time': 0.0021005489979870617, 'experiment_id': 'exp_20240620_161519', 'client_id': '2'}
[2024-06-20 16:16:12,895][root][INFO] - Added data to batch for client 2: {'round': 3, 'step_no': 111, 'loss': 0.439531147480011, 'accuracy': 0.8660714030265808, 'l2_norm': 0.17577417194843292, 'computation_time': 0.04711198806762695, 'batch_time': 0.056372069419012405, 'rtc_check_time': 0.0077721109992126, 'experiment_id': 'exp_20240620_161519', 'client_id': '2'}
[2024-06-20 16:16:12,896][root][INFO] - Added data to batch for client 2: {'round': 3, 'step_no': 112, 'loss': 0.4654428958892822, 'accuracy': 0.85546875, 'l2_norm': 0.18422375619411469, 'computation_time': 0.06598496437072754, 'batch_time': 0.0716548904456431, 'rtc_check_time': 0.0033129200019175187, 'experiment_id': 'exp_20240620_161519', 'client_id': '2'}
[2024-06-20 16:16:12,897][root][INFO] - Added data to batch for client 2: {'round': 3, 'step_no': 113, 'loss': 0.561028003692627, 'accuracy': 0.8472222089767456, 'l2_norm': 0.2164083868265152, 'computation_time': 0.050425052642822266, 'batch_time': 0.06200553489907179, 'rtc_check_time': 0.00991655899269972, 'experiment_id': 'exp_20240620_161519', 'client_id': '2'}
[2024-06-20 16:16:12,899][root][INFO] - Added data to batch for client 2: {'round': 3, 'step_no': 114, 'loss': 0.1484866887331009, 'accuracy': 0.859375, 'l2_norm': 0.2037113606929779, 'computation_time': 0.053948163986206055, 'batch_time': 0.06450437811145093, 'rtc_check_time': 0.008442395002930425, 'experiment_id': 'exp_20240620_161519', 'client_id': '2'}
[2024-06-20 16:16:12,901][root][INFO] - Added data to batch for client 2: {'round': 3, 'step_no': 115, 'loss': 0.41863638162612915, 'accuracy': 0.8607954382896423, 'l2_norm': 0.21822839975357056, 'computation_time': 0.05306077003479004, 'batch_time': 0.059206171572441235, 'rtc_check_time': 0.004791184008354321, 'experiment_id': 'exp_20240620_161519', 'client_id': '2'}
[2024-06-20 16:16:12,902][root][INFO] - Added data to batch for client 2: {'round': 3, 'step_no': 116, 'loss': 0.33790603280067444, 'accuracy': 0.8619791865348816, 'l2_norm': 0.22519028186798096, 'computation_time': 0.0695180892944336, 'batch_time': 0.07342271872039419, 'rtc_check_time': 0.0024798399972496554, 'experiment_id': 'exp_20240620_161519', 'client_id': '2'}
[2024-06-20 16:16:12,904][root][INFO] - Added data to batch for client 2: {'round': 3, 'step_no': 117, 'loss': 0.4808833599090576, 'accuracy': 0.8605769276618958, 'l2_norm': 0.24303869903087616, 'computation_time': 0.06204104423522949, 'batch_time': 0.06564940469979774, 'rtc_check_time': 0.0019904519867850468, 'experiment_id': 'exp_20240620_161519', 'client_id': '2'}
[2024-06-20 16:16:12,905][root][INFO] - Added data to batch for client 2: {'round': 3, 'step_no': 118, 'loss': 0.2603156566619873, 'accuracy': 0.8638392686843872, 'l2_norm': 0.26969513297080994, 'computation_time': 0.06262493133544922, 'batch_time': 0.06552980683045462, 'rtc_check_time': 0.0015227629919536412, 'experiment_id': 'exp_20240620_161519', 'client_id': '2'}
[2024-06-20 16:16:12,906][root][INFO] - Added data to batch for client 2: {'round': 3, 'step_no': 119, 'loss': 0.3353039026260376, 'accuracy': 0.8687499761581421, 'l2_norm': 0.2680109739303589, 'computation_time': 0.05390214920043945, 'batch_time': 0.06202618205861654, 'rtc_check_time': 0.006488242986961268, 'experiment_id': 'exp_20240620_161519', 'client_id': '2'}
[2024-06-20 16:16:12,908][root][INFO] - Added data to batch for client 2: {'round': 3, 'step_no': 120, 'loss': 0.3656962513923645, 'accuracy': 0.8671875, 'l2_norm': 0.2822751998901367, 'computation_time': 0.048768043518066406, 'batch_time': 0.052922344897524454, 'rtc_check_time': 0.0027352339966455474, 'experiment_id': 'exp_20240620_161519', 'client_id': '2'}
[2024-06-20 16:16:12,909][root][INFO] - Added data to batch for client 2: {'round': 3, 'step_no': 121, 'loss': 0.33724772930145264, 'accuracy': 0.8694853186607361, 'l2_norm': 0.31134501099586487, 'computation_time': 0.044497013092041016, 'batch_time': 0.050169847716460936, 'rtc_check_time': 0.004409692992339842, 'experiment_id': 'exp_20240620_161519', 'client_id': '2'}
[2024-06-20 16:16:12,911][root][INFO] - Added data to batch for client 2: {'round': 3, 'step_no': 122, 'loss': 0.4286828339099884, 'accuracy': 0.8715277910232544, 'l2_norm': 0.3178035318851471, 'computation_time': 0.06123495101928711, 'batch_time': 0.06652590516023338, 'rtc_check_time': 0.003893106011673808, 'experiment_id': 'exp_20240620_161519', 'client_id': '2'}
[2024-06-20 16:16:12,912][root][INFO] - Added data to batch for client 2: {'round': 3, 'step_no': 123, 'loss': 0.29271191358566284, 'accuracy': 0.8717105388641357, 'l2_norm': 0.32841938734054565, 'computation_time': 0.05576300621032715, 'batch_time': 0.060861631704028696, 'rtc_check_time': 0.0038834059960208833, 'experiment_id': 'exp_20240620_161519', 'client_id': '2'}
[2024-06-20 16:16:12,913][root][INFO] - Added data to batch for client 2: {'round': 3, 'step_no': 124, 'loss': 0.37850499153137207, 'accuracy': 0.875, 'l2_norm': 0.3401755690574646, 'computation_time': 0.052014827728271484, 'batch_time': 0.0684190987230977, 'rtc_check_time': 0.014825940001173876, 'experiment_id': 'exp_20240620_161519', 'client_id': '2'}
[2024-06-20 16:16:12,914][root][INFO] - Added data to batch for client 2: {'round': 3, 'step_no': 125, 'loss': 0.4429584741592407, 'accuracy': 0.8720238208770752, 'l2_norm': 0.376769483089447, 'computation_time': 0.06212806701660156, 'batch_time': 0.06712878767575603, 'rtc_check_time': 0.0036937100085197017, 'experiment_id': 'exp_20240620_161519', 'client_id': '2'}
[2024-06-20 16:16:12,916][root][INFO] - Added data to batch for client 2: {'round': 3, 'step_no': 126, 'loss': 0.3769505023956299, 'accuracy': 0.8735795617103577, 'l2_norm': 0.40042439103126526, 'computation_time': 0.06937694549560547, 'batch_time': 0.08305489388294518, 'rtc_check_time': 0.012174003990367055, 'experiment_id': 'exp_20240620_161519', 'client_id': '2'}
[2024-06-20 16:16:12,917][root][INFO] - Added data to batch for client 2: {'round': 3, 'step_no': 127, 'loss': 0.35104507207870483, 'accuracy': 0.8709239363670349, 'l2_norm': 0.4430472254753113, 'computation_time': 0.057473182678222656, 'batch_time': 0.061046254908433184, 'rtc_check_time': 0.0018812539929058403, 'experiment_id': 'exp_20240620_161519', 'client_id': '2'}
[2024-06-20 16:16:12,919][root][INFO] - Added data to batch for client 2: {'round': 3, 'step_no': 128, 'loss': 0.45943108201026917, 'accuracy': 0.8723958134651184, 'l2_norm': 0.45118650794029236, 'computation_time': 0.050508975982666016, 'batch_time': 0.05542832441278733, 'rtc_check_time': 0.0035253149981144816, 'experiment_id': 'exp_20240620_161519', 'client_id': '2'}
[2024-06-20 16:16:12,920][root][INFO] - Added data to batch for client 2: {'round': 3, 'step_no': 129, 'loss': 0.26004889607429504, 'accuracy': 0.8762500286102295, 'l2_norm': 0.47105342149734497, 'computation_time': 0.05531883239746094, 'batch_time': 0.06468627409776673, 'rtc_check_time': 0.008034205005969852, 'experiment_id': 'exp_20240620_161519', 'client_id': '2'}
[2024-06-20 16:16:12,921][root][INFO] - Added data to batch for client 2: {'round': 3, 'step_no': 130, 'loss': 0.2541658282279968, 'accuracy': 0.8774038553237915, 'l2_norm': 0.5001288652420044, 'computation_time': 0.05164909362792969, 'batch_time': 0.06352957226044964, 'rtc_check_time': 0.010283550989697687, 'experiment_id': 'exp_20240620_161519', 'client_id': '2'}
[2024-06-20 16:16:12,923][root][INFO] - Added data to batch for client 2: {'round': 3, 'step_no': 131, 'loss': 0.17610083520412445, 'accuracy': 0.8796296119689941, 'l2_norm': 0.4999047517776489, 'computation_time': 0.05269002914428711, 'batch_time': 0.058526438544504344, 'rtc_check_time': 0.003698510001413524, 'experiment_id': 'exp_20240620_161519', 'client_id': '2'}
[2024-06-20 16:16:12,924][root][INFO] - Added data to batch for client 2: {'round': 3, 'step_no': 132, 'loss': 0.208733469247818, 'accuracy': 0.8816964030265808, 'l2_norm': 0.5382639765739441, 'computation_time': 0.058318138122558594, 'batch_time': 0.06183485208021011, 'rtc_check_time': 0.0019338530109962448, 'experiment_id': 'exp_20240620_161519', 'client_id': '2'}
[2024-06-20 16:16:12,926][root][INFO] - Added data to batch for client 2: {'round': 3, 'step_no': 133, 'loss': 0.19886404275894165, 'accuracy': 0.8825430870056152, 'l2_norm': 0.5564230680465698, 'computation_time': 0.0557098388671875, 'batch_time': 0.06078349552990403, 'rtc_check_time': 0.0034636159980436787, 'experiment_id': 'exp_20240620_161519', 'client_id': '2'}
[2024-06-20 16:16:12,927][root][INFO] - Added data to batch for client 2: {'round': 3, 'step_no': 134, 'loss': 0.2956511974334717, 'accuracy': 0.8822916746139526, 'l2_norm': 0.5841318368911743, 'computation_time': 0.05053114891052246, 'batch_time': 0.05466508801328018, 'rtc_check_time': 0.0026569360052235425, 'experiment_id': 'exp_20240620_161519', 'client_id': '2'}
[2024-06-20 16:16:12,928][root][INFO] - Added data to batch for client 2: {'round': 3, 'step_no': 135, 'loss': 0.1431383192539215, 'accuracy': 0.8850806355476379, 'l2_norm': 0.603364884853363, 'computation_time': 0.0550839900970459, 'batch_time': 0.05935605145350564, 'rtc_check_time': 0.002565938004408963, 'experiment_id': 'exp_20240620_161519', 'client_id': '2'}
[2024-06-20 16:16:12,930][root][INFO] - Added data to batch for client 2: {'round': 3, 'step_no': 136, 'loss': 0.3570232093334198, 'accuracy': 0.884765625, 'l2_norm': 0.6542435884475708, 'computation_time': 0.04602789878845215, 'batch_time': 0.05007268920599017, 'rtc_check_time': 0.002735633999691345, 'experiment_id': 'exp_20240620_161519', 'client_id': '2'}
[2024-06-20 16:16:12,931][root][INFO] - Added data to batch for client 2: {'round': 3, 'step_no': 137, 'loss': 0.2270384430885315, 'accuracy': 0.8863636255264282, 'l2_norm': 0.6952217221260071, 'computation_time': 0.04281497001647949, 'batch_time': 0.047586491782567464, 'rtc_check_time': 0.003678610999486409, 'experiment_id': 'exp_20240620_161519', 'client_id': '2'}
[2024-06-20 16:16:12,932][root][INFO] - Added data to batch for client 2: {'round': 3, 'step_no': 138, 'loss': 0.5149924755096436, 'accuracy': 0.8832720518112183, 'l2_norm': 0.707160472869873, 'computation_time': 0.04672884941101074, 'batch_time': 0.04965815207106061, 'rtc_check_time': 0.0015271629963535815, 'experiment_id': 'exp_20240620_161519', 'client_id': '2'}
[2024-06-20 16:16:12,933][root][INFO] - Added data to batch for client 2: {'round': 3, 'step_no': 139, 'loss': 0.2624379098415375, 'accuracy': 0.8839285969734192, 'l2_norm': 0.7473540306091309, 'computation_time': 0.03839993476867676, 'batch_time': 0.04175571537052747, 'rtc_check_time': 0.0022726449969923124, 'experiment_id': 'exp_20240620_161519', 'client_id': '2'}
[2024-06-20 16:16:12,934][root][INFO] - Added data to batch for client 2: {'round': 3, 'step_no': 140, 'loss': 0.4485747218132019, 'accuracy': 0.8854166865348816, 'l2_norm': 0.7750211358070374, 'computation_time': 0.04115104675292969, 'batch_time': 0.04544899016036652, 'rtc_check_time': 0.0031249239982571453, 'experiment_id': 'exp_20240620_161519', 'client_id': '2'}
[2024-06-20 16:16:12,936][root][INFO] - Added data to batch for client 2: {'round': 3, 'step_no': 141, 'loss': 0.30799758434295654, 'accuracy': 0.8842905163764954, 'l2_norm': 0.8056387901306152, 'computation_time': 0.037155866622924805, 'batch_time': 0.04129223337804433, 'rtc_check_time': 0.00308732500707265, 'experiment_id': 'exp_20240620_161519', 'client_id': '2'}
[2024-06-20 16:16:12,937][root][INFO] - Added data to batch for client 2: {'round': 3, 'step_no': 142, 'loss': 0.3988441824913025, 'accuracy': 0.8840460777282715, 'l2_norm': 0.8215276598930359, 'computation_time': 0.042654991149902344, 'batch_time': 0.04551173841173295, 'rtc_check_time': 0.0015368620079243556, 'experiment_id': 'exp_20240620_161519', 'client_id': '2'}
[2024-06-20 16:16:12,938][root][INFO] - Added data to batch for client 2: {'round': 3, 'step_no': 143, 'loss': 0.458279550075531, 'accuracy': 0.8838140964508057, 'l2_norm': 0.8727035522460938, 'computation_time': 0.043399810791015625, 'batch_time': 0.04714181450253818, 'rtc_check_time': 0.0019798519933829084, 'experiment_id': 'exp_20240620_161519', 'client_id': '2'}
[2024-06-20 16:16:12,939][root][INFO] - Added data to batch for client 2: {'round': 3, 'step_no': 144, 'loss': 0.12832041084766388, 'accuracy': 0.88671875, 'l2_norm': 0.8808548450469971, 'computation_time': 0.043161869049072266, 'batch_time': 0.0459284950629808, 'rtc_check_time': 0.0014884640113450587, 'experiment_id': 'exp_20240620_161519', 'client_id': '2'}
[2024-06-20 16:16:12,940][root][INFO] - Added data to batch for client 2: {'round': 3, 'step_no': 145, 'loss': 0.4856335520744324, 'accuracy': 0.8849085569381714, 'l2_norm': 0.9305371046066284, 'computation_time': 0.03977799415588379, 'batch_time': 0.04441958523239009, 'rtc_check_time': 0.0036345109983813018, 'experiment_id': 'exp_20240620_161519', 'client_id': '2'}
[2024-06-20 16:16:12,941][root][INFO] - Added data to batch for client 2: {'round': 3, 'step_no': 146, 'loss': 0.45853275060653687, 'accuracy': 0.8839285969734192, 'l2_norm': 0.9505932331085205, 'computation_time': 0.04340004920959473, 'batch_time': 0.046702540130354464, 'rtc_check_time': 0.0019816519925370812, 'experiment_id': 'exp_20240620_161519', 'client_id': '2'}
[2024-06-20 16:16:12,943][root][INFO] - Added data to batch for client 2: {'round': 3, 'step_no': 147, 'loss': 0.27926671504974365, 'accuracy': 0.8844476938247681, 'l2_norm': 0.9655465483665466, 'computation_time': 0.04201698303222656, 'batch_time': 0.04535205471620429, 'rtc_check_time': 0.0018480550061212853, 'experiment_id': 'exp_20240620_161519', 'client_id': '2'}
[2024-06-20 16:16:12,944][root][INFO] - Added data to batch for client 2: {'round': 3, 'step_no': 148, 'loss': 0.21285299956798553, 'accuracy': 0.8849431872367859, 'l2_norm': 1.021732211112976, 'computation_time': 0.045819997787475586, 'batch_time': 0.0485613199416548, 'rtc_check_time': 0.001538262004032731, 'experiment_id': 'exp_20240620_161519', 'client_id': '2'}
[2024-06-20 16:16:12,946][root][INFO] - Added data to batch for client 2: {'round': 3, 'step_no': 149, 'loss': 0.41846320033073425, 'accuracy': 0.8854166865348816, 'l2_norm': 1.0544978380203247, 'computation_time': 0.04265594482421875, 'batch_time': 0.04886318098579068, 'rtc_check_time': 0.004837283006054349, 'experiment_id': 'exp_20240620_161519', 'client_id': '2'}
[2024-06-20 16:16:12,947][root][INFO] - Added data to batch for client 2: {'round': 3, 'step_no': 150, 'loss': 0.30979084968566895, 'accuracy': 0.8865489363670349, 'l2_norm': 1.0923389196395874, 'computation_time': 0.04403400421142578, 'batch_time': 0.04865658184280619, 'rtc_check_time': 0.0032774200080893934, 'experiment_id': 'exp_20240620_161519', 'client_id': '2'}
[2024-06-20 16:16:12,949][root][INFO] - Added data to batch for client 2: {'round': 3, 'step_no': 151, 'loss': 0.1887347400188446, 'accuracy': 0.8882978558540344, 'l2_norm': 1.1030572652816772, 'computation_time': 0.04658198356628418, 'batch_time': 0.04970676207449287, 'rtc_check_time': 0.0017016580095514655, 'experiment_id': 'exp_20240620_161519', 'client_id': '2'}
[2024-06-20 16:16:12,950][root][INFO] - Added data to batch for client 2: {'round': 3, 'step_no': 152, 'loss': 0.2867662310600281, 'accuracy': 0.8893229365348816, 'l2_norm': 1.1468873023986816, 'computation_time': 0.04423785209655762, 'batch_time': 0.04769163338642102, 'rtc_check_time': 0.0021925470064161345, 'experiment_id': 'exp_20240620_161519', 'client_id': '2'}
[2024-06-20 16:16:12,952][root][INFO] - Added data to batch for client 2: {'round': 3, 'step_no': 153, 'loss': 0.27941060066223145, 'accuracy': 0.889668345451355, 'l2_norm': 1.1932512521743774, 'computation_time': 0.04180479049682617, 'batch_time': 0.04663582082139328, 'rtc_check_time': 0.0035128140007145703, 'experiment_id': 'exp_20240620_161519', 'client_id': '2'}
[2024-06-20 16:16:12,953][root][INFO] - Added data to batch for client 2: {'round': 3, 'step_no': 154, 'loss': 0.26581549644470215, 'accuracy': 0.8899999856948853, 'l2_norm': 1.2042675018310547, 'computation_time': 0.0404210090637207, 'batch_time': 0.04483596928184852, 'rtc_check_time': 0.0032238209969364107, 'experiment_id': 'exp_20240620_161519', 'client_id': '2'}
[2024-06-20 16:16:12,954][root][INFO] - Added data to batch for client 2: {'round': 3, 'step_no': 155, 'loss': 0.12692640721797943, 'accuracy': 0.8909313678741455, 'l2_norm': 1.2300044298171997, 'computation_time': 0.03820490837097168, 'batch_time': 0.04978549118095543, 'rtc_check_time': 0.010461445999681018, 'experiment_id': 'exp_20240620_161519', 'client_id': '2'}
[2024-06-20 16:16:12,955][root][INFO] - Added data to batch for client 2: {'round': 3, 'step_no': 156, 'loss': 0.11714177578687668, 'accuracy': 0.8924278616905212, 'l2_norm': 1.2541441917419434, 'computation_time': 0.0541841983795166, 'batch_time': 0.05859063524985686, 'rtc_check_time': 0.0030634250142611563, 'experiment_id': 'exp_20240620_161519', 'client_id': '2'}
[2024-06-20 16:16:12,957][root][INFO] - Added data to batch for client 2: {'round': 3, 'step_no': 157, 'loss': 0.35120725631713867, 'accuracy': 0.8932783007621765, 'l2_norm': 1.2702943086624146, 'computation_time': 0.04539203643798828, 'batch_time': 0.04935167127405293, 'rtc_check_time': 0.002629736001836136, 'experiment_id': 'exp_20240620_161519', 'client_id': '2'}
[2024-06-20 16:16:12,958][root][INFO] - Added data to batch for client 2: {'round': 3, 'step_no': 158, 'loss': 0.1079329177737236, 'accuracy': 0.8952546119689941, 'l2_norm': 1.2835187911987305, 'computation_time': 0.04634499549865723, 'batch_time': 0.04983970911416691, 'rtc_check_time': 0.002108547996613197, 'experiment_id': 'exp_20240620_161519', 'client_id': '2'}
[2024-06-20 16:16:12,959][root][INFO] - Added data to batch for client 2: {'round': 3, 'step_no': 159, 'loss': 0.13671790063381195, 'accuracy': 0.8965908885002136, 'l2_norm': 1.3266605138778687, 'computation_time': 0.048913002014160156, 'batch_time': 0.058991502766730264, 'rtc_check_time': 0.008944581990363076, 'experiment_id': 'exp_20240620_161519', 'client_id': '2'}
[2024-06-20 16:16:12,960][root][INFO] - Added data to batch for client 2: {'round': 3, 'step_no': 160, 'loss': 0.23821568489074707, 'accuracy': 0.8967633843421936, 'l2_norm': 1.346873164176941, 'computation_time': 0.04486894607543945, 'batch_time': 0.05028104055963922, 'rtc_check_time': 0.00425099600397516, 'experiment_id': 'exp_20240620_161519', 'client_id': '2'}
[2024-06-20 16:16:12,962][root][INFO] - Added data to batch for client 2: {'round': 3, 'step_no': 161, 'loss': 0.44513893127441406, 'accuracy': 0.8958333134651184, 'l2_norm': 1.402442216873169, 'computation_time': 0.03864312171936035, 'batch_time': 0.0420538262987975, 'rtc_check_time': 0.002391941990936175, 'experiment_id': 'exp_20240620_161519', 'client_id': '2'}
[2024-06-20 16:16:12,963][root][INFO] - Added data to batch for client 2: {'round': 3, 'step_no': 162, 'loss': 0.14105287194252014, 'accuracy': 0.897090494632721, 'l2_norm': 1.4074480533599854, 'computation_time': 0.04619598388671875, 'batch_time': 0.05350626124709379, 'rtc_check_time': 0.005645162003929727, 'experiment_id': 'exp_20240620_161519', 'client_id': '2'}
[2024-06-20 16:16:12,965][root][INFO] - Added data to batch for client 2: {'round': 3, 'step_no': 163, 'loss': 0.25816893577575684, 'accuracy': 0.8972457647323608, 'l2_norm': 1.4339872598648071, 'computation_time': 0.04345202445983887, 'batch_time': 0.0506503211800009, 'rtc_check_time': 0.0060803520027548075, 'experiment_id': 'exp_20240620_161519', 'client_id': '2'}
[2024-06-20 16:16:12,966][root][INFO] - Added data to batch for client 2: {'round': 3, 'step_no': 164, 'loss': 0.1132233738899231, 'accuracy': 0.8984375, 'l2_norm': 1.4590929746627808, 'computation_time': 0.039691925048828125, 'batch_time': 0.04925357925822027, 'rtc_check_time': 0.008288498996989802, 'experiment_id': 'exp_20240620_161519', 'client_id': '2'}
[2024-06-20 16:16:12,967][root][INFO] - Added data to batch for client 2: {'round': 3, 'step_no': 165, 'loss': 0.1563316136598587, 'accuracy': 0.8995901346206665, 'l2_norm': 1.5382062196731567, 'computation_time': 0.04083681106567383, 'batch_time': 0.04588362472713925, 'rtc_check_time': 0.003947704011807218, 'experiment_id': 'exp_20240620_161519', 'client_id': '2'}
[2024-06-20 16:16:12,968][root][INFO] - Added data to batch for client 2: {'round': 3, 'step_no': 166, 'loss': 0.22766771912574768, 'accuracy': 0.9002016186714172, 'l2_norm': 1.5466029644012451, 'computation_time': 0.040498971939086914, 'batch_time': 0.0437042447301792, 'rtc_check_time': 0.0020992490026401356, 'experiment_id': 'exp_20240620_161519', 'client_id': '2'}
[2024-06-20 16:16:12,970][root][INFO] - Added data to batch for client 2: {'round': 3, 'step_no': 167, 'loss': 0.12050611525774002, 'accuracy': 0.9017857313156128, 'l2_norm': 1.5719438791275024, 'computation_time': 0.04768204689025879, 'batch_time': 0.05020397173939273, 'rtc_check_time': 0.0013970659929327667, 'experiment_id': 'exp_20240620_161519', 'client_id': '2'}
[2024-06-20 16:16:12,971][root][INFO] - Added data to batch for client 2: {'round': 3, 'step_no': 168, 'loss': 0.2949618101119995, 'accuracy': 0.90234375, 'l2_norm': 1.6128560304641724, 'computation_time': 0.05410885810852051, 'batch_time': 0.061990821559447795, 'rtc_check_time': 0.0060077550006099045, 'experiment_id': 'exp_20240620_161519', 'client_id': '2'}
[2024-06-20 16:16:12,972][root][INFO] - Added data to batch for client 2: {'round': 3, 'step_no': 169, 'loss': 0.25240975618362427, 'accuracy': 0.9024038314819336, 'l2_norm': 1.682773232460022, 'computation_time': 0.07362198829650879, 'batch_time': 0.08591863408219069, 'rtc_check_time': 0.0102667500032112, 'experiment_id': 'exp_20240620_161519', 'client_id': '2'}
[2024-06-20 16:16:12,973][root][INFO] - Added data to batch for client 2: {'round': 3, 'step_no': 170, 'loss': 0.226588636636734, 'accuracy': 0.9029356241226196, 'l2_norm': 1.7042179107666016, 'computation_time': 0.08798789978027344, 'batch_time': 0.09752784999727737, 'rtc_check_time': 0.0066138389956904575, 'experiment_id': 'exp_20240620_161519', 'client_id': '2'}
[2024-06-20 16:16:12,975][root][INFO] - Added data to batch for client 2: {'round': 3, 'step_no': 171, 'loss': 0.2866014540195465, 'accuracy': 0.9034515023231506, 'l2_norm': 1.7303709983825684, 'computation_time': 0.07850098609924316, 'batch_time': 0.0905677820846904, 'rtc_check_time': 0.010760739009128883, 'experiment_id': 'exp_20240620_161519', 'client_id': '2'}
[2024-06-20 16:16:12,977][root][INFO] - Added data to batch for client 2: {'round': 3, 'step_no': 172, 'loss': 0.3669184148311615, 'accuracy': 0.9030330777168274, 'l2_norm': 1.7983248233795166, 'computation_time': 0.04467010498046875, 'batch_time': 0.05029356486920733, 'rtc_check_time': 0.0043185950053157285, 'experiment_id': 'exp_20240620_161519', 'client_id': '2'}
[2024-06-20 16:16:12,978][root][INFO] - Added data to batch for client 2: {'round': 3, 'step_no': 173, 'loss': 0.4694896340370178, 'accuracy': 0.9017210006713867, 'l2_norm': 1.8803493976593018, 'computation_time': 0.053498029708862305, 'batch_time': 0.05731577881670091, 'rtc_check_time': 0.0019659520039567724, 'experiment_id': 'exp_20240620_161519', 'client_id': '2'}
[2024-06-20 16:16:12,980][root][INFO] - Added data to batch for client 2: {'round': 3, 'step_no': 174, 'loss': 0.4250790476799011, 'accuracy': 0.9013392925262451, 'l2_norm': 1.9379526376724243, 'computation_time': 0.05119180679321289, 'batch_time': 0.055482251846115105, 'rtc_check_time': 0.0030783249967498705, 'experiment_id': 'exp_20240620_161519', 'client_id': '2'}
[2024-06-20 16:16:12,981][root][INFO] - Added data to batch for client 2: {'round': 3, 'step_no': 175, 'loss': 0.5515738129615784, 'accuracy': 0.9005281925201416, 'l2_norm': 1.9861294031143188, 'computation_time': 0.0577390193939209, 'batch_time': 0.06139052892103791, 'rtc_check_time': 0.002307543996721506, 'experiment_id': 'exp_20240620_161519', 'client_id': '2'}
[2024-06-20 16:16:12,983][root][INFO] - Added data to batch for client 2: {'round': 3, 'step_no': 176, 'loss': 0.2155330777168274, 'accuracy': 0.9006076455116272, 'l2_norm': 2.027381658554077, 'computation_time': 0.05806088447570801, 'batch_time': 0.06105638026201632, 'rtc_check_time': 0.001807456006645225, 'experiment_id': 'exp_20240620_161519', 'client_id': '2'}
[2024-06-20 16:16:12,984][root][INFO] - Added data to batch for client 2: {'round': 3, 'step_no': 177, 'loss': 0.09107764065265656, 'accuracy': 0.9019691944122314, 'l2_norm': 2.0267269611358643, 'computation_time': 0.04859304428100586, 'batch_time': 0.05362686834996566, 'rtc_check_time': 0.003654811007436365, 'experiment_id': 'exp_20240620_161519', 'client_id': '2'}
[2024-06-20 16:16:12,985][root][INFO] - Added data to batch for client 2: {'round': 3, 'step_no': 178, 'loss': 0.3395673632621765, 'accuracy': 0.9011824131011963, 'l2_norm': 2.0890839099884033, 'computation_time': 0.04397892951965332, 'batch_time': 0.05240494923782535, 'rtc_check_time': 0.006756135990144685, 'experiment_id': 'exp_20240620_161519', 'client_id': '2'}
[2024-06-20 16:16:12,987][root][INFO] - Added data to batch for client 2: {'round': 3, 'step_no': 179, 'loss': 0.10753053426742554, 'accuracy': 0.9020833373069763, 'l2_norm': 2.095322370529175, 'computation_time': 0.04609513282775879, 'batch_time': 0.05046523276541848, 'rtc_check_time': 0.0031210250017466024, 'experiment_id': 'exp_20240620_161519', 'client_id': '2'}
[2024-06-20 16:16:12,989][root][INFO] - Added data to batch for client 2: {'round': 3, 'step_no': 180, 'loss': 0.1659466028213501, 'accuracy': 0.9025493264198303, 'l2_norm': 2.163567543029785, 'computation_time': 0.045678138732910156, 'batch_time': 0.055310117575572804, 'rtc_check_time': 0.00838409599964507, 'experiment_id': 'exp_20240620_161519', 'client_id': '2'}
[2024-06-20 16:16:12,990][root][INFO] - Added data to batch for client 2: {'round': 3, 'step_no': 181, 'loss': 0.3318370580673218, 'accuracy': 0.9021915793418884, 'l2_norm': 2.1946804523468018, 'computation_time': 0.04597115516662598, 'batch_time': 0.05062213170458563, 'rtc_check_time': 0.003348019003169611, 'experiment_id': 'exp_20240620_161519', 'client_id': '2'}
[2024-06-20 16:16:12,992][root][INFO] - Added data to batch for client 2: {'round': 3, 'step_no': 182, 'loss': 0.3021404445171356, 'accuracy': 0.901442289352417, 'l2_norm': 2.247795820236206, 'computation_time': 0.05105900764465332, 'batch_time': 0.05625659495126456, 'rtc_check_time': 0.0038076069904491305, 'experiment_id': 'exp_20240620_161519', 'client_id': '2'}
[2024-06-20 16:16:12,993][root][INFO] - Added data to batch for client 2: {'round': 3, 'step_no': 183, 'loss': 0.11470596492290497, 'accuracy': 0.9022942781448364, 'l2_norm': 2.2503535747528076, 'computation_time': 0.05615592002868652, 'batch_time': 0.06011457163549494, 'rtc_check_time': 0.001992652003536932, 'experiment_id': 'exp_20240620_161519', 'client_id': '2'}
[2024-06-20 16:16:12,996][root][INFO] - Added data to batch for client 2: {'round': 3, 'step_no': 184, 'loss': 0.19177545607089996, 'accuracy': 0.9027343988418579, 'l2_norm': 2.288806915283203, 'computation_time': 0.04828596115112305, 'batch_time': 0.054642318878904916, 'rtc_check_time': 0.005102276001707651, 'experiment_id': 'exp_20240620_161519', 'client_id': '2'}
[2024-06-20 16:16:12,997][root][INFO] - Added data to batch for client 2: {'round': 3, 'step_no': 185, 'loss': 0.5721670389175415, 'accuracy': 0.9020061492919922, 'l2_norm': 2.3025062084198, 'computation_time': 0.04401206970214844, 'batch_time': 0.05178839399013668, 'rtc_check_time': 0.006525342003442347, 'experiment_id': 'exp_20240620_161519', 'client_id': '2'}
[2024-06-20 16:16:12,998][root][INFO] - Added data to batch for client 2: {'round': 3, 'step_no': 186, 'loss': 0.27839770913124084, 'accuracy': 0.902057945728302, 'l2_norm': 2.360609292984009, 'computation_time': 0.06049013137817383, 'batch_time': 0.06370672209595796, 'rtc_check_time': 0.0019317529950058088, 'experiment_id': 'exp_20240620_161519', 'client_id': '2'}
[2024-06-20 16:16:13,000][root][INFO] - Added data to batch for client 2: {'round': 3, 'step_no': 187, 'loss': 0.2864508330821991, 'accuracy': 0.9024849534034729, 'l2_norm': 2.380401611328125, 'computation_time': 0.05029702186584473, 'batch_time': 0.05378707240743097, 'rtc_check_time': 0.0018430549971526489, 'experiment_id': 'exp_20240620_161519', 'client_id': '2'}
[2024-06-20 16:16:13,001][root][INFO] - Added data to batch for client 2: {'round': 3, 'step_no': 188, 'loss': 0.27862876653671265, 'accuracy': 0.9029017686843872, 'l2_norm': 2.416543960571289, 'computation_time': 0.04793691635131836, 'batch_time': 0.05207992467330769, 'rtc_check_time': 0.002960929006803781, 'experiment_id': 'exp_20240620_161519', 'client_id': '2'}
[2024-06-20 16:16:13,003][root][INFO] - Added data to batch for client 2: {'round': 3, 'step_no': 189, 'loss': 0.3212597072124481, 'accuracy': 0.9029411673545837, 'l2_norm': 2.4835422039031982, 'computation_time': 0.04413294792175293, 'batch_time': 0.04698948434088379, 'rtc_check_time': 0.0014653640100732446, 'experiment_id': 'exp_20240620_161519', 'client_id': '2'}
[2024-06-20 16:16:13,004][root][INFO] - Added data to batch for client 2: {'round': 3, 'step_no': 190, 'loss': 0.1262996345758438, 'accuracy': 0.9037063717842102, 'l2_norm': 2.5197463035583496, 'computation_time': 0.03988385200500488, 'batch_time': 0.04396500388975255, 'rtc_check_time': 0.002932928007794544, 'experiment_id': 'exp_20240620_161519', 'client_id': '2'}
[2024-06-20 16:16:13,005][root][INFO] - Added data to batch for client 2: {'round': 3, 'step_no': 191, 'loss': 0.29801321029663086, 'accuracy': 0.9030172228813171, 'l2_norm': 2.5492093563079834, 'computation_time': 0.037045955657958984, 'batch_time': 0.04107459000078961, 'rtc_check_time': 0.0030077259871177375, 'experiment_id': 'exp_20240620_161519', 'client_id': '2'}
[2024-06-20 16:16:13,007][root][INFO] - Added data to batch for client 2: {'round': 3, 'step_no': 192, 'loss': 0.25391846895217896, 'accuracy': 0.9026988744735718, 'l2_norm': 2.630622625350952, 'computation_time': 0.04610896110534668, 'batch_time': 0.051588708331109956, 'rtc_check_time': 0.003872806002618745, 'experiment_id': 'exp_20240620_161519', 'client_id': '2'}
[2024-06-20 16:16:13,009][root][INFO] - Added data to batch for client 2: {'round': 3, 'step_no': 193, 'loss': 0.22912874817848206, 'accuracy': 0.9027387499809265, 'l2_norm': 2.660473346710205, 'computation_time': 0.041066884994506836, 'batch_time': 0.05411044969514478, 'rtc_check_time': 0.011294526004348882, 'experiment_id': 'exp_20240620_161519', 'client_id': '2'}
[2024-06-20 16:16:13,010][root][INFO] - Added data to batch for client 2: {'round': 3, 'step_no': 194, 'loss': 0.232805535197258, 'accuracy': 0.9034722447395325, 'l2_norm': 2.6978843212127686, 'computation_time': 0.03846597671508789, 'batch_time': 0.042858003376750275, 'rtc_check_time': 0.003126024006633088, 'experiment_id': 'exp_20240620_161519', 'client_id': '2'}
[2024-06-20 16:16:13,011][root][INFO] - Added data to batch for client 2: {'round': 3, 'step_no': 195, 'loss': 0.3525242805480957, 'accuracy': 0.9035027623176575, 'l2_norm': 2.7529757022857666, 'computation_time': 0.04627490043640137, 'batch_time': 0.048904153183684684, 'rtc_check_time': 0.0014030659949639812, 'experiment_id': 'exp_20240620_161519', 'client_id': '2'}
[2024-06-20 16:16:13,013][root][INFO] - Added data to batch for client 2: {'round': 3, 'step_no': 196, 'loss': 0.4608759582042694, 'accuracy': 0.9035326242446899, 'l2_norm': 2.804140567779541, 'computation_time': 0.0506899356842041, 'batch_time': 0.05783278578019235, 'rtc_check_time': 0.005914755995036103, 'experiment_id': 'exp_20240620_161519', 'client_id': '2'}
[2024-06-20 16:16:13,014][root][INFO] - Added data to batch for client 2: {'round': 3, 'step_no': 197, 'loss': 0.19224561750888824, 'accuracy': 0.9042338728904724, 'l2_norm': 2.822706937789917, 'computation_time': 0.05155491828918457, 'batch_time': 0.058083219671971165, 'rtc_check_time': 0.004891081000096165, 'experiment_id': 'exp_20240620_161519', 'client_id': '2'}
[2024-06-20 16:16:13,016][root][INFO] - Added data to batch for client 2: {'round': 3, 'step_no': 198, 'loss': 0.180089071393013, 'accuracy': 0.9045877456665039, 'l2_norm': 2.8579421043395996, 'computation_time': 0.056327104568481445, 'batch_time': 0.059140275363461114, 'rtc_check_time': 0.0015812619967618957, 'experiment_id': 'exp_20240620_161519', 'client_id': '2'}
[2024-06-20 16:16:13,018][root][INFO] - Added data to batch for client 2: {'round': 3, 'step_no': 199, 'loss': 0.29342716932296753, 'accuracy': 0.9042763113975525, 'l2_norm': 2.9004106521606445, 'computation_time': 0.06764698028564453, 'batch_time': 0.07602722333103884, 'rtc_check_time': 0.004925080997054465, 'experiment_id': 'exp_20240620_161519', 'client_id': '2'}
[2024-06-20 16:16:13,019][root][INFO] - Added data to batch for client 2: {'round': 3, 'step_no': 200, 'loss': 0.3446217179298401, 'accuracy': 0.904296875, 'l2_norm': 2.9545536041259766, 'computation_time': 0.05097222328186035, 'batch_time': 0.06876061305229086, 'rtc_check_time': 0.01640270098869223, 'experiment_id': 'exp_20240620_161519', 'client_id': '2'}
[2024-06-20 16:16:13,021][root][INFO] - Added data to batch for client 2: {'round': 3, 'step_no': 201, 'loss': 0.13896410167217255, 'accuracy': 0.904961347579956, 'l2_norm': 2.9687094688415527, 'computation_time': 0.04526209831237793, 'batch_time': 0.0495126330642961, 'rtc_check_time': 0.002567538002040237, 'experiment_id': 'exp_20240620_161519', 'client_id': '2'}
[2024-06-20 16:16:13,022][root][INFO] - Added data to batch for client 2: {'round': 3, 'step_no': 202, 'loss': 0.3518439829349518, 'accuracy': 0.9046556353569031, 'l2_norm': 3.0238845348358154, 'computation_time': 0.04656100273132324, 'batch_time': 0.04931859709904529, 'rtc_check_time': 0.0014746639935765415, 'experiment_id': 'exp_20240620_161519', 'client_id': '2'}
[2024-06-20 16:16:13,024][root][INFO] - Added data to batch for client 2: {'round': 3, 'step_no': 203, 'loss': 0.5527312159538269, 'accuracy': 0.9040403962135315, 'l2_norm': 3.099634885787964, 'computation_time': 0.0405271053314209, 'batch_time': 0.044261584218475036, 'rtc_check_time': 0.0025526379904476926, 'experiment_id': 'exp_20240620_161519', 'client_id': '2'}
[2024-06-20 16:16:13,026][root][INFO] - Added data to batch for client 2: {'round': 3, 'step_no': 204, 'loss': 0.3277541697025299, 'accuracy': 0.9040625095367432, 'l2_norm': 3.1495087146759033, 'computation_time': 0.04008007049560547, 'batch_time': 0.043506790229002945, 'rtc_check_time': 0.0022136460029287264, 'experiment_id': 'exp_20240620_161519', 'client_id': '2'}
[2024-06-20 16:16:13,028][root][INFO] - Added data to batch for client 2: {'round': 3, 'step_no': 205, 'loss': 0.045647114515304565, 'accuracy': 0.9047029614448547, 'l2_norm': 3.171156883239746, 'computation_time': 0.038503170013427734, 'batch_time': 0.04234433344390709, 'rtc_check_time': 0.002675534997251816, 'experiment_id': 'exp_20240620_161519', 'client_id': '2'}
[2024-06-20 16:16:13,031][root][INFO] - Added data to batch for client 2: {'round': 3, 'step_no': 206, 'loss': 0.24583639204502106, 'accuracy': 0.905024528503418, 'l2_norm': 3.2146198749542236, 'computation_time': 0.043476104736328125, 'batch_time': 0.04746917705051601, 'rtc_check_time': 0.0022180459927767515, 'experiment_id': 'exp_20240620_161519', 'client_id': '2'}
[2024-06-20 16:16:13,032][root][INFO] - Added data to batch for client 2: {'round': 3, 'step_no': 207, 'loss': 0.39512860774993896, 'accuracy': 0.9047330021858215, 'l2_norm': 3.273315668106079, 'computation_time': 0.041090965270996094, 'batch_time': 0.04479049266956281, 'rtc_check_time': 0.0026216370024485514, 'experiment_id': 'exp_20240620_161519', 'client_id': '2'}
[2024-06-20 16:16:13,033][root][INFO] - Added data to batch for client 2: {'round': 3, 'step_no': 208, 'loss': 0.17329829931259155, 'accuracy': 0.9050480723381042, 'l2_norm': 3.2862355709075928, 'computation_time': 0.03918886184692383, 'batch_time': 0.04323472251417115, 'rtc_check_time': 0.0028926300001330674, 'experiment_id': 'exp_20240620_161519', 'client_id': '2'}
[2024-06-20 16:16:13,035][root][INFO] - Added data to batch for client 2: {'round': 3, 'step_no': 209, 'loss': 0.13476243615150452, 'accuracy': 0.905654788017273, 'l2_norm': 3.3086118698120117, 'computation_time': 0.041723012924194336, 'batch_time': 0.04471376056608278, 'rtc_check_time': 0.0017378580087097362, 'experiment_id': 'exp_20240620_161519', 'client_id': '2'}
[2024-06-20 16:16:13,036][root][INFO] - Added data to batch for client 2: {'round': 3, 'step_no': 210, 'loss': 0.4277101159095764, 'accuracy': 0.9050707817077637, 'l2_norm': 3.3901922702789307, 'computation_time': 0.04301905632019043, 'batch_time': 0.045889743720181286, 'rtc_check_time': 0.0016566599952057004, 'experiment_id': 'exp_20240620_161519', 'client_id': '2'}
[2024-06-20 16:16:13,037][root][INFO] - Added data to batch for client 2: {'round': 3, 'step_no': 211, 'loss': 0.2546520531177521, 'accuracy': 0.9050817489624023, 'l2_norm': 3.4379544258117676, 'computation_time': 0.040570974349975586, 'batch_time': 0.04318100507953204, 'rtc_check_time': 0.001437964994693175, 'experiment_id': 'exp_20240620_161519', 'client_id': '2'}
[2024-06-20 16:16:13,039][root][INFO] - Added data to batch for client 2: {'round': 3, 'step_no': 212, 'loss': 0.27629563212394714, 'accuracy': 0.9050925970077515, 'l2_norm': 3.469637632369995, 'computation_time': 0.03867197036743164, 'batch_time': 0.045949855528306216, 'rtc_check_time': 0.006197848997544497, 'experiment_id': 'exp_20240620_161519', 'client_id': '2'}
[2024-06-20 16:16:13,041][root][INFO] - Added data to batch for client 2: {'round': 3, 'step_no': 213, 'loss': 0.5670462846755981, 'accuracy': 0.9048165082931519, 'l2_norm': 3.5489349365234375, 'computation_time': 0.047699928283691406, 'batch_time': 0.05617664798046462, 'rtc_check_time': 0.007112727005733177, 'experiment_id': 'exp_20240620_161519', 'client_id': '2'}
[2024-06-20 16:16:13,043][root][INFO] - Added data to batch for client 2: {'round': 3, 'step_no': 214, 'loss': 0.29696208238601685, 'accuracy': 0.9051136374473572, 'l2_norm': 3.5901384353637695, 'computation_time': 0.05612301826477051, 'batch_time': 0.07511409196013119, 'rtc_check_time': 0.017586073008715175, 'experiment_id': 'exp_20240620_161519', 'client_id': '2'}
[2024-06-20 16:16:13,044][root][INFO] - Added data to batch for client 2: {'round': 3, 'step_no': 215, 'loss': 0.6037072539329529, 'accuracy': 0.9042792916297913, 'l2_norm': 3.669818162918091, 'computation_time': 0.047322988510131836, 'batch_time': 0.05154312834201846, 'rtc_check_time': 0.003016126007423736, 'experiment_id': 'exp_20240620_161519', 'client_id': '2'}
[2024-06-20 16:16:13,045][root][INFO] - Added data to batch for client 2: {'round': 3, 'step_no': 216, 'loss': 0.5185638070106506, 'accuracy': 0.9029017686843872, 'l2_norm': 3.7122979164123535, 'computation_time': 0.043580055236816406, 'batch_time': 0.05589144429541193, 'rtc_check_time': 0.011150528996950015, 'experiment_id': 'exp_20240620_161519', 'client_id': '2'}
[2024-06-20 16:16:13,047][root][INFO] - Added data to batch for client 2: {'round': 3, 'step_no': 217, 'loss': 0.21435420215129852, 'accuracy': 0.9034845232963562, 'l2_norm': 3.754868984222412, 'computation_time': 0.04079294204711914, 'batch_time': 0.04465825234365184, 'rtc_check_time': 0.0026553360075922683, 'experiment_id': 'exp_20240620_161519', 'client_id': '2'}
[2024-06-20 16:16:13,048][root][INFO] - Added data to batch for client 2: {'round': 3, 'step_no': 218, 'loss': 0.2068067193031311, 'accuracy': 0.9037829041481018, 'l2_norm': 3.7612431049346924, 'computation_time': 0.053099870681762695, 'batch_time': 0.05686288856668398, 'rtc_check_time': 0.0018549539963714778, 'experiment_id': 'exp_20240620_161519', 'client_id': '2'}
[2024-06-20 16:16:13,049][root][INFO] - Added data to batch for client 2: {'round': 3, 'step_no': 219, 'loss': 0.2068927139043808, 'accuracy': 0.904076099395752, 'l2_norm': 3.8145294189453125, 'computation_time': 0.051397085189819336, 'batch_time': 0.05498574743978679, 'rtc_check_time': 0.0015835619997233152, 'experiment_id': 'exp_20240620_161519', 'client_id': '2'}
[2024-06-20 16:16:13,051][root][INFO] - Added data to batch for client 2: {'round': 3, 'step_no': 220, 'loss': 0.4972740709781647, 'accuracy': 0.9027478694915771, 'l2_norm': 3.8797497749328613, 'computation_time': 0.03770184516906738, 'batch_time': 0.04249918913410511, 'rtc_check_time': 0.0037533090071519837, 'experiment_id': 'exp_20240620_161519', 'client_id': '2'}
[2024-06-20 16:16:13,052][root][INFO] - Added data to batch for client 2: {'round': 3, 'step_no': 221, 'loss': 0.3906729817390442, 'accuracy': 0.9022436141967773, 'l2_norm': 3.929046869277954, 'computation_time': 0.03838706016540527, 'batch_time': 0.04267461669223849, 'rtc_check_time': 0.003246621010475792, 'experiment_id': 'exp_20240620_161519', 'client_id': '2'}
[2024-06-20 16:16:13,053][root][INFO] - Added data to batch for client 2: {'round': 3, 'step_no': 222, 'loss': 0.20268550515174866, 'accuracy': 0.9028071761131287, 'l2_norm': 3.9928996562957764, 'computation_time': 0.04540705680847168, 'batch_time': 0.04889727609406691, 'rtc_check_time': 0.002280244996654801, 'experiment_id': 'exp_20240620_161519', 'client_id': '2'}
[2024-06-20 16:16:13,054][root][INFO] - Added data to batch for client 2: {'round': 3, 'step_no': 223, 'loss': 0.4248918294906616, 'accuracy': 0.9028361439704895, 'l2_norm': 4.021912097930908, 'computation_time': 0.039012908935546875, 'batch_time': 0.042874951017438434, 'rtc_check_time': 0.0027598329907050356, 'experiment_id': 'exp_20240620_161519', 'client_id': '2'}
[2024-06-20 16:16:13,056][root][INFO] - Added data to batch for client 2: {'round': 3, 'step_no': 224, 'loss': 0.2922675609588623, 'accuracy': 0.903124988079071, 'l2_norm': 4.082021236419678, 'computation_time': 0.03725099563598633, 'batch_time': 0.04123886814340949, 'rtc_check_time': 0.002905928995460272, 'experiment_id': 'exp_20240620_161519', 'client_id': '2'}
[2024-06-20 16:16:13,057][root][INFO] - Added data to batch for client 2: {'round': 3, 'step_no': 225, 'loss': 0.27393409609794617, 'accuracy': 0.9034090638160706, 'l2_norm': 4.128048896789551, 'computation_time': 0.037358999252319336, 'batch_time': 0.04182129874243401, 'rtc_check_time': 0.003383217001101002, 'experiment_id': 'exp_20240620_161519', 'client_id': '2'}
[2024-06-20 16:16:13,059][root][INFO] - Added data to batch for client 2: {'round': 3, 'step_no': 226, 'loss': 0.2940743565559387, 'accuracy': 0.9036885499954224, 'l2_norm': 4.179153919219971, 'computation_time': 0.04326891899108887, 'batch_time': 0.048761467362055555, 'rtc_check_time': 0.004294495010981336, 'experiment_id': 'exp_20240620_161519', 'client_id': '2'}
[2024-06-20 16:16:13,060][root][INFO] - Added data to batch for client 2: {'round': 3, 'step_no': 227, 'loss': 0.18398886919021606, 'accuracy': 0.9042174816131592, 'l2_norm': 4.237182140350342, 'computation_time': 0.042404890060424805, 'batch_time': 0.0459904068702599, 'rtc_check_time': 0.002330242990865372, 'experiment_id': 'exp_20240620_161519', 'client_id': '2'}
[2024-06-20 16:16:13,061][root][INFO] - Added data to batch for client 2: {'round': 3, 'step_no': 228, 'loss': 0.3216284513473511, 'accuracy': 0.9042338728904724, 'l2_norm': 4.285071849822998, 'computation_time': 0.04140210151672363, 'batch_time': 0.04495276475790888, 'rtc_check_time': 0.0018998529994860291, 'experiment_id': 'exp_20240620_161519', 'client_id': '2'}
[2024-06-20 16:16:13,062][root][INFO] - Added data to batch for client 2: {'round': 3, 'step_no': 229, 'loss': 0.18329748511314392, 'accuracy': 0.9045000076293945, 'l2_norm': 4.315800189971924, 'computation_time': 0.04080915451049805, 'batch_time': 0.047659173200372607, 'rtc_check_time': 0.005622163007501513, 'experiment_id': 'exp_20240620_161519', 'client_id': '2'}
[2024-06-20 16:16:13,063][root][INFO] - Added data to batch for client 2: {'round': 3, 'step_no': 230, 'loss': 0.06467711925506592, 'accuracy': 0.905009925365448, 'l2_norm': 4.321230411529541, 'computation_time': 0.044754981994628906, 'batch_time': 0.0475356871902477, 'rtc_check_time': 0.0015206630050670356, 'experiment_id': 'exp_20240620_161519', 'client_id': '2'}
[2024-06-20 16:16:13,064][root][INFO] - Added data to batch for client 2: {'round': 3, 'step_no': 231, 'loss': 0.12345276772975922, 'accuracy': 0.905265748500824, 'l2_norm': 4.364509105682373, 'computation_time': 0.04052090644836426, 'batch_time': 0.04474250013299752, 'rtc_check_time': 0.0027653330034809187, 'experiment_id': 'exp_20240620_161519', 'client_id': '2'}
[2024-06-20 16:16:13,066][root][INFO] - Added data to batch for client 2: {'round': 3, 'step_no': 232, 'loss': 0.2865564525127411, 'accuracy': 0.905517578125, 'l2_norm': 4.403073787689209, 'computation_time': 0.041303157806396484, 'batch_time': 0.04525738023221493, 'rtc_check_time': 0.0027373339980840683, 'experiment_id': 'exp_20240620_161519', 'client_id': '2'}
[2024-06-20 16:16:13,067][root][INFO] - Added data to batch for client 2: {'round': 3, 'step_no': 233, 'loss': 0.35180389881134033, 'accuracy': 0.9055232405662537, 'l2_norm': 4.414205074310303, 'computation_time': 0.04074215888977051, 'batch_time': 0.04463833838235587, 'rtc_check_time': 0.002745333011262119, 'experiment_id': 'exp_20240620_161519', 'client_id': '2'}
[2024-06-20 16:16:13,068][root][INFO] - Added data to batch for client 2: {'round': 3, 'step_no': 234, 'loss': 0.16961684823036194, 'accuracy': 0.9057692289352417, 'l2_norm': 4.4760894775390625, 'computation_time': 0.03904581069946289, 'batch_time': 0.04278757194697391, 'rtc_check_time': 0.002493639985914342, 'experiment_id': 'exp_20240620_161519', 'client_id': '2'}
[2024-06-20 16:16:13,069][root][INFO] - Added data to batch for client 2: {'round': 3, 'step_no': 235, 'loss': 0.16226980090141296, 'accuracy': 0.9060114622116089, 'l2_norm': 4.530852794647217, 'computation_time': 0.03847503662109375, 'batch_time': 0.04170676931971684, 'rtc_check_time': 0.002116649004165083, 'experiment_id': 'exp_20240620_161519', 'client_id': '2'}
[2024-06-20 16:16:13,071][root][INFO] - Added data to batch for client 2: {'round': 3, 'step_no': 236, 'loss': 0.0877932757139206, 'accuracy': 0.9067234992980957, 'l2_norm': 4.551736354827881, 'computation_time': 0.044142961502075195, 'batch_time': 0.04716112911410164, 'rtc_check_time': 0.0018501549930078909, 'experiment_id': 'exp_20240620_161519', 'client_id': '2'}
[2024-06-20 16:16:13,072][root][INFO] - Added data to batch for client 2: {'round': 3, 'step_no': 237, 'loss': 0.32030200958251953, 'accuracy': 0.9067199230194092, 'l2_norm': 4.591503143310547, 'computation_time': 0.04037785530090332, 'batch_time': 0.04770013934466988, 'rtc_check_time': 0.006236048997379839, 'experiment_id': 'exp_20240620_161519', 'client_id': '2'}
[2024-06-20 16:16:13,073][root][INFO] - Added data to batch for client 2: {'round': 3, 'step_no': 238, 'loss': 0.24441473186016083, 'accuracy': 0.9069496393203735, 'l2_norm': 4.620517253875732, 'computation_time': 0.04056286811828613, 'batch_time': 0.04541609752050135, 'rtc_check_time': 0.0036802099930355325, 'experiment_id': 'exp_20240620_161519', 'client_id': '2'}
[2024-06-20 16:16:13,074][root][INFO] - Added data to batch for client 2: {'round': 3, 'step_no': 239, 'loss': 0.2052105963230133, 'accuracy': 0.9069444537162781, 'l2_norm': 4.660505771636963, 'computation_time': 0.039288997650146484, 'batch_time': 0.041671114187920466, 'rtc_check_time': 0.0013280679995659739, 'experiment_id': 'exp_20240620_161519', 'client_id': '2'}
[2024-06-20 16:16:13,076][root][INFO] - Added data to batch for client 2: {'round': 3, 'step_no': 240, 'loss': 0.1078503280878067, 'accuracy': 0.9076286554336548, 'l2_norm': 4.729587554931641, 'computation_time': 0.04432797431945801, 'batch_time': 0.04738339694449678, 'rtc_check_time': 0.0015023640007711947, 'experiment_id': 'exp_20240620_161519', 'client_id': '2'}
[2024-06-20 16:16:13,078][root][INFO] - Added data to batch for client 2: {'round': 3, 'step_no': 241, 'loss': 0.1781919002532959, 'accuracy': 0.9080747961997986, 'l2_norm': 4.782692909240723, 'computation_time': 0.04248785972595215, 'batch_time': 0.05201632440730464, 'rtc_check_time': 0.008072204000200145, 'experiment_id': 'exp_20240620_161519', 'client_id': '2'}
[2024-06-20 16:16:13,079][root][INFO] - Added data to batch for client 2: {'round': 3, 'step_no': 242, 'loss': 0.10629252344369888, 'accuracy': 0.9085144996643066, 'l2_norm': 4.8280229568481445, 'computation_time': 0.0478510856628418, 'batch_time': 0.05210173889645375, 'rtc_check_time': 0.002933629002654925, 'experiment_id': 'exp_20240620_161519', 'client_id': '2'}
[2024-06-20 16:16:13,081][root][INFO] - Added data to batch for client 2: {'round': 3, 'step_no': 243, 'loss': 0.14991174638271332, 'accuracy': 0.908722996711731, 'l2_norm': 4.867733478546143, 'computation_time': 0.055871009826660156, 'batch_time': 0.058502758722170256, 'rtc_check_time': 0.001480663995607756, 'experiment_id': 'exp_20240620_161519', 'client_id': '2'}
[2024-06-20 16:16:13,082][root][INFO] - Added data to batch for client 2: {'round': 3, 'step_no': 244, 'loss': 0.35355323553085327, 'accuracy': 0.9087053537368774, 'l2_norm': 4.943559646606445, 'computation_time': 0.0488278865814209, 'batch_time': 0.051565005313022994, 'rtc_check_time': 0.0016060609923442826, 'experiment_id': 'exp_20240620_161519', 'client_id': '2'}
[2024-06-20 16:16:13,083][root][INFO] - Added data to batch for client 2: {'round': 3, 'step_no': 245, 'loss': 0.19546154141426086, 'accuracy': 0.9089095592498779, 'l2_norm': 5.003890514373779, 'computation_time': 0.04513216018676758, 'batch_time': 0.05074577413324732, 'rtc_check_time': 0.004207898004096933, 'experiment_id': 'exp_20240620_161519', 'client_id': '2'}
[2024-06-20 16:16:13,085][root][INFO] - Added data to batch for client 2: {'round': 3, 'step_no': 246, 'loss': 0.23127226531505585, 'accuracy': 0.9093309640884399, 'l2_norm': 5.016773700714111, 'computation_time': 0.04896903038024902, 'batch_time': 0.05474965166649781, 'rtc_check_time': 0.004352493997430429, 'experiment_id': 'exp_20240620_161519', 'client_id': '2'}
[2024-06-20 16:16:13,087][root][INFO] - Added data to batch for client 2: {'round': 3, 'step_no': 247, 'loss': 0.10101095587015152, 'accuracy': 0.909746527671814, 'l2_norm': 5.074616432189941, 'computation_time': 0.041794776916503906, 'batch_time': 0.04662075309897773, 'rtc_check_time': 0.003650811006082222, 'experiment_id': 'exp_20240620_161519', 'client_id': '2'}
[2024-06-20 16:16:13,088][root][INFO] - Added data to batch for client 2: {'round': 3, 'step_no': 248, 'loss': 0.05961964279413223, 'accuracy': 0.91015625, 'l2_norm': 5.115333557128906, 'computation_time': 0.041882991790771484, 'batch_time': 0.04580904362956062, 'rtc_check_time': 0.0027499329880811274, 'experiment_id': 'exp_20240620_161519', 'client_id': '2'}
[2024-06-20 16:16:13,089][root][INFO] - Added data to batch for client 2: {'round': 3, 'step_no': 249, 'loss': 0.5031181573867798, 'accuracy': 0.9101293087005615, 'l2_norm': 5.16856575012207, 'computation_time': 0.03820300102233887, 'batch_time': 0.04098187580530066, 'rtc_check_time': 0.0017138589901151136, 'experiment_id': 'exp_20240620_161519', 'client_id': '2'}
[2024-06-20 16:16:13,089][root][INFO] - Added batch data list for client 2. New Data Added: 145
[2024-06-20 16:16:13,093][root][INFO] - Batch data saved to /home/psklavos/fl/geom_aio/csv_logs/exp_20240620_161519/clients/client_2/batch.csv
[2024-06-20 16:16:13,094][root][INFO] - Appended data to last row of column distributed_loss in server data for client None
[2024-06-20 16:16:13,094][root][INFO] - Appended data to last row of column distributed_acc in server data for client None
[2024-06-20 16:16:13,094][root][INFO] - Appended {'distributed_loss': 0.16347078482309976, 'distributed_acc': 0.9491666555404663} to the last row of server data
[2024-06-20 16:16:13,095][root][INFO] - Server data saved to /home/psklavos/fl/geom_aio/csv_logs/exp_20240620_161519/server/server.csv
[2024-06-20 16:16:17,266][flwr][DEBUG] - fit_round 4: strategy sampled 3 clients (out of 3)
[2024-06-20 16:16:26,850][flwr][DEBUG] - fit_round 4 received 3 results and 0 failures
[2024-06-20 16:16:26,855][root][INFO] - Added data to server for client None: {'round': 4, 'average_norm': 5.035096645355225, 'round_time': 10.754087074861207, 'average_downlink_time': 0.7187367673333332, 'average_rtc_check_time': 0.6366091840463923, 'average_uplink_time': 0.254109431, 'average_computation_time': 8.376495440800985, 'average_communication_time': 1.6094553823797255, 'average_fit_time': 9.560858329137167, 'average_throughput': 9.53927958220219, 'dropouts': 0, 'experiment_id': 'exp_20240620_161519'}
[2024-06-20 16:16:26,855][root][INFO] - Added server data: {'round': 4, 'average_norm': 5.035096645355225, 'round_time': 10.754087074861207, 'average_downlink_time': 0.7187367673333332, 'average_rtc_check_time': 0.6366091840463923, 'average_uplink_time': 0.254109431, 'average_computation_time': 8.376495440800985, 'average_communication_time': 1.6094553823797255, 'average_fit_time': 9.560858329137167, 'average_throughput': 9.53927958220219, 'dropouts': 0, 'experiment_id': 'exp_20240620_161519'}
[2024-06-20 16:16:26,913][utils.model][INFO] - LeNet model built
[2024-06-20 16:16:27,031][utils.model][INFO] - Size of serialized model: 279.0341796875 kbytes
[2024-06-20 16:16:27,075][utils.model][INFO] - Step 1/40 - val_loss: 0.0571 - val_accuracy: 0.9844
[2024-06-20 16:16:27,093][utils.model][INFO] - Step 2/40 - val_loss: 0.0881 - val_accuracy: 0.9766
[2024-06-20 16:16:27,114][utils.model][INFO] - Step 3/40 - val_loss: 0.1059 - val_accuracy: 0.9674
[2024-06-20 16:16:27,135][utils.model][INFO] - Step 4/40 - val_loss: 0.1128 - val_accuracy: 0.9648
[2024-06-20 16:16:27,154][utils.model][INFO] - Step 5/40 - val_loss: 0.1322 - val_accuracy: 0.9578
[2024-06-20 16:16:27,173][utils.model][INFO] - Step 6/40 - val_loss: 0.1387 - val_accuracy: 0.9577
[2024-06-20 16:16:27,191][utils.model][INFO] - Step 7/40 - val_loss: 0.1415 - val_accuracy: 0.9559
[2024-06-20 16:16:27,211][utils.model][INFO] - Step 8/40 - val_loss: 0.1412 - val_accuracy: 0.9561
[2024-06-20 16:16:27,230][utils.model][INFO] - Step 9/40 - val_loss: 0.1469 - val_accuracy: 0.9527
[2024-06-20 16:16:27,249][utils.model][INFO] - Step 10/40 - val_loss: 0.1444 - val_accuracy: 0.9531
[2024-06-20 16:16:27,268][utils.model][INFO] - Step 11/40 - val_loss: 0.1403 - val_accuracy: 0.9549
[2024-06-20 16:16:27,289][utils.model][INFO] - Step 12/40 - val_loss: 0.1403 - val_accuracy: 0.9544
[2024-06-20 16:16:27,308][utils.model][INFO] - Step 13/40 - val_loss: 0.1376 - val_accuracy: 0.9561
[2024-06-20 16:16:33,965][utils.model][INFO] - Step 14/40 - val_loss: 0.1378 - val_accuracy: 0.9562
[2024-06-20 16:16:33,984][utils.model][INFO] - Step 15/40 - val_loss: 0.1419 - val_accuracy: 0.9555
[2024-06-20 16:16:34,003][utils.model][INFO] - Step 16/40 - val_loss: 0.1430 - val_accuracy: 0.9551
[2024-06-20 16:16:34,021][utils.model][INFO] - Step 17/40 - val_loss: 0.1436 - val_accuracy: 0.9552
[2024-06-20 16:16:34,041][utils.model][INFO] - Step 18/40 - val_loss: 0.1427 - val_accuracy: 0.9551
[2024-06-20 16:16:34,059][utils.model][INFO] - Step 19/40 - val_loss: 0.1427 - val_accuracy: 0.9548
[2024-06-20 16:16:34,078][utils.model][INFO] - Step 20/40 - val_loss: 0.1398 - val_accuracy: 0.9555
[2024-06-20 16:16:34,096][utils.model][INFO] - Step 21/40 - val_loss: 0.1352 - val_accuracy: 0.9570
[2024-06-20 16:16:34,114][utils.model][INFO] - Step 22/40 - val_loss: 0.1310 - val_accuracy: 0.9583
[2024-06-20 16:16:34,133][utils.model][INFO] - Step 23/40 - val_loss: 0.1303 - val_accuracy: 0.9579
[2024-06-20 16:16:34,151][utils.model][INFO] - Step 24/40 - val_loss: 0.1311 - val_accuracy: 0.9575
[2024-06-20 16:16:34,170][utils.model][INFO] - Step 25/40 - val_loss: 0.1267 - val_accuracy: 0.9589
[2024-06-20 16:16:34,188][utils.model][INFO] - Step 26/40 - val_loss: 0.1270 - val_accuracy: 0.9590
[2024-06-20 16:16:34,207][utils.model][INFO] - Step 27/40 - val_loss: 0.1237 - val_accuracy: 0.9604
[2024-06-20 16:16:34,226][utils.model][INFO] - Step 28/40 - val_loss: 0.1201 - val_accuracy: 0.9615
[2024-06-20 16:16:34,245][utils.model][INFO] - Step 29/40 - val_loss: 0.1172 - val_accuracy: 0.9626
[2024-06-20 16:16:34,265][utils.model][INFO] - Step 30/40 - val_loss: 0.1156 - val_accuracy: 0.9632
[2024-06-20 16:16:34,285][utils.model][INFO] - Step 31/40 - val_loss: 0.1138 - val_accuracy: 0.9637
[2024-06-20 16:16:34,304][utils.model][INFO] - Step 32/40 - val_loss: 0.1117 - val_accuracy: 0.9644
[2024-06-20 16:16:34,323][utils.model][INFO] - Step 33/40 - val_loss: 0.1095 - val_accuracy: 0.9651
[2024-06-20 16:16:34,341][utils.model][INFO] - Step 34/40 - val_loss: 0.1068 - val_accuracy: 0.9660
[2024-06-20 16:16:34,361][utils.model][INFO] - Step 35/40 - val_loss: 0.1039 - val_accuracy: 0.9670
[2024-06-20 16:16:34,380][utils.model][INFO] - Step 36/40 - val_loss: 0.1033 - val_accuracy: 0.9673
[2024-06-20 16:16:34,399][utils.model][INFO] - Step 37/40 - val_loss: 0.1010 - val_accuracy: 0.9682
[2024-06-20 16:16:34,418][utils.model][INFO] - Step 38/40 - val_loss: 0.1004 - val_accuracy: 0.9684
[2024-06-20 16:16:34,436][utils.model][INFO] - Step 39/40 - val_loss: 0.1035 - val_accuracy: 0.9674
[2024-06-20 16:16:34,445][utils.model][INFO] - Step 40/40 - val_loss: 0.1013 - val_accuracy: 0.9675
[2024-06-20 16:16:34,447][utils.model][INFO] - Evaluation Results - Val Loss: 0.1013, Val Accuracy: 0.9675 in 40 steps
[2024-06-20 16:16:34,448][root][INFO] - Appended data to last row of column centralized_loss in server data for client None
[2024-06-20 16:16:34,448][root][INFO] - Appended data to last row of column centralized_acc in server data for client None
[2024-06-20 16:16:34,449][root][INFO] - Appended {'centralized_loss': 0.10131583, 'centralized_acc': 0.9675} to the last row of server data
[2024-06-20 16:16:34,449][flwr][INFO] - fit progress: (4, 0.10131583, {'accuracy': 0.9675}, 53.75240410999686)
[2024-06-20 16:16:34,449][flwr][DEBUG] - evaluate_round 4: strategy sampled 3 clients (out of 3)
[2024-06-20 16:16:34,986][flwr][DEBUG] - evaluate_round 4 received 3 results and 0 failures
[2024-06-20 16:16:34,988][root][INFO] - Added data to epoch for client 2: {'round': 4, 'epoch_steps': 192, 'total_steps': 441, 'l2_norm': 4.883896350860596, 'total_computation_time': 8.384008884429932, 'total_rtc_check_time': 0.6419926581002073, 'total_duration': 9.560831069946289, 'val_loss': 0.10559380054473877, 'val_accuracy': 0.9695000052452087, 'experiment_id': 'exp_20240620_161519', 'client_id': '2'}
[2024-06-20 16:16:34,988][root][INFO] - Added epoch data for client 2: {'round': 4, 'epoch_steps': 192, 'total_steps': 441, 'l2_norm': 4.883896350860596, 'total_computation_time': 8.384008884429932, 'total_rtc_check_time': 0.6419926581002073, 'total_duration': 9.560831069946289, 'val_loss': 0.10559380054473877, 'val_accuracy': 0.9695000052452087, 'experiment_id': 'exp_20240620_161519', 'client_id': '2'}
[2024-06-20 16:16:34,989][root][INFO] - Epoch data saved to /home/psklavos/fl/geom_aio/csv_logs/exp_20240620_161519/clients/client_2/epoch.csv
[2024-06-20 16:16:34,990][root][INFO] - Added data to batch for client 2: {'round': 4, 'step_no': 250, 'loss': 0.17312172055244446, 'accuracy': 0.9375, 'l2_norm': 0.021393699571490288, 'computation_time': 0.05165386199951172, 'batch_time': 0.06786351157643367, 'rtc_check_time': 0.014590549006243236, 'experiment_id': 'exp_20240620_161519', 'client_id': '2'}
[2024-06-20 16:16:34,991][root][INFO] - Added data to batch for client 2: {'round': 4, 'step_no': 251, 'loss': 0.3052145540714264, 'accuracy': 0.9375, 'l2_norm': 0.06503304094076157, 'computation_time': 0.07500100135803223, 'batch_time': 0.07926398402196355, 'rtc_check_time': 0.002445040998281911, 'experiment_id': 'exp_20240620_161519', 'client_id': '2'}
[2024-06-20 16:16:34,992][root][INFO] - Added data to batch for client 2: {'round': 4, 'step_no': 252, 'loss': 0.14771558344364166, 'accuracy': 0.9479166865348816, 'l2_norm': 0.08640740066766739, 'computation_time': 0.054331064224243164, 'batch_time': 0.05716690924600698, 'rtc_check_time': 0.0016909590049181134, 'experiment_id': 'exp_20240620_161519', 'client_id': '2'}
[2024-06-20 16:16:34,993][root][INFO] - Added data to batch for client 2: {'round': 4, 'step_no': 253, 'loss': 0.6451466679573059, 'accuracy': 0.90625, 'l2_norm': 0.13474734127521515, 'computation_time': 0.049057960510253906, 'batch_time': 0.05266242832294665, 'rtc_check_time': 0.002526338997995481, 'experiment_id': 'exp_20240620_161519', 'client_id': '2'}
[2024-06-20 16:16:34,994][root][INFO] - Added data to batch for client 2: {'round': 4, 'step_no': 254, 'loss': 0.15809078514575958, 'accuracy': 0.918749988079071, 'l2_norm': 0.13772712647914886, 'computation_time': 0.04363393783569336, 'batch_time': 0.05568589616450481, 'rtc_check_time': 0.010733742004958913, 'experiment_id': 'exp_20240620_161519', 'client_id': '2'}
[2024-06-20 16:16:34,995][root][INFO] - Added data to batch for client 2: {'round': 4, 'step_no': 255, 'loss': 0.05257915332913399, 'accuracy': 0.9322916865348816, 'l2_norm': 0.13584518432617188, 'computation_time': 0.0403749942779541, 'batch_time': 0.04283203129307367, 'rtc_check_time': 0.0013941669894848019, 'experiment_id': 'exp_20240620_161519', 'client_id': '2'}
[2024-06-20 16:16:34,996][root][INFO] - Added data to batch for client 2: {'round': 4, 'step_no': 256, 'loss': 0.14618019759655, 'accuracy': 0.9375, 'l2_norm': 0.1450875699520111, 'computation_time': 0.03960704803466797, 'batch_time': 0.044272942264797166, 'rtc_check_time': 0.003526015003444627, 'experiment_id': 'exp_20240620_161519', 'client_id': '2'}
[2024-06-20 16:16:34,997][root][INFO] - Added data to batch for client 2: {'round': 4, 'step_no': 257, 'loss': 0.15649139881134033, 'accuracy': 0.9375, 'l2_norm': 0.20359306037425995, 'computation_time': 0.04450106620788574, 'batch_time': 0.04759147450386081, 'rtc_check_time': 0.0017955569928744808, 'experiment_id': 'exp_20240620_161519', 'client_id': '2'}
[2024-06-20 16:16:34,998][root][INFO] - Added data to batch for client 2: {'round': 4, 'step_no': 258, 'loss': 0.16071386635303497, 'accuracy': 0.9375, 'l2_norm': 0.18681700527668, 'computation_time': 0.04205203056335449, 'batch_time': 0.04605696635553613, 'rtc_check_time': 0.00298092799494043, 'experiment_id': 'exp_20240620_161519', 'client_id': '2'}
[2024-06-20 16:16:34,999][root][INFO] - Added data to batch for client 2: {'round': 4, 'step_no': 259, 'loss': 0.30969128012657166, 'accuracy': 0.9375, 'l2_norm': 0.20699013769626617, 'computation_time': 0.03773999214172363, 'batch_time': 0.04239727396634407, 'rtc_check_time': 0.003630413004430011, 'experiment_id': 'exp_20240620_161519', 'client_id': '2'}
[2024-06-20 16:16:35,000][root][INFO] - Added data to batch for client 2: {'round': 4, 'step_no': 260, 'loss': 0.24004465341567993, 'accuracy': 0.9346590638160706, 'l2_norm': 0.24440638720989227, 'computation_time': 0.03961300849914551, 'batch_time': 0.044117544501204975, 'rtc_check_time': 0.0034035190037684515, 'experiment_id': 'exp_20240620_161519', 'client_id': '2'}
[2024-06-20 16:16:35,001][root][INFO] - Added data to batch for client 2: {'round': 4, 'step_no': 261, 'loss': 0.1654161512851715, 'accuracy': 0.9375, 'l2_norm': 0.2594412565231323, 'computation_time': 0.04429292678833008, 'batch_time': 0.047484967959462665, 'rtc_check_time': 0.0017269590025534853, 'experiment_id': 'exp_20240620_161519', 'client_id': '2'}
[2024-06-20 16:16:35,002][root][INFO] - Added data to batch for client 2: {'round': 4, 'step_no': 262, 'loss': 0.17533761262893677, 'accuracy': 0.9375, 'l2_norm': 0.2815645635128021, 'computation_time': 0.04262495040893555, 'batch_time': 0.04517570187454112, 'rtc_check_time': 0.0014027660072315484, 'experiment_id': 'exp_20240620_161519', 'client_id': '2'}
[2024-06-20 16:16:35,003][root][INFO] - Added data to batch for client 2: {'round': 4, 'step_no': 263, 'loss': 0.21396806836128235, 'accuracy': 0.9375, 'l2_norm': 0.2955310046672821, 'computation_time': 0.040814876556396484, 'batch_time': 0.04622999111597892, 'rtc_check_time': 0.004129799999645911, 'experiment_id': 'exp_20240620_161519', 'client_id': '2'}
[2024-06-20 16:16:35,004][root][INFO] - Added data to batch for client 2: {'round': 4, 'step_no': 264, 'loss': 0.19225329160690308, 'accuracy': 0.9354166388511658, 'l2_norm': 0.29785749316215515, 'computation_time': 0.040971994400024414, 'batch_time': 0.04450939517118968, 'rtc_check_time': 0.002267345000291243, 'experiment_id': 'exp_20240620_161519', 'client_id': '2'}
[2024-06-20 16:16:35,005][root][INFO] - Added data to batch for client 2: {'round': 4, 'step_no': 265, 'loss': 0.10676644742488861, 'accuracy': 0.9375, 'l2_norm': 0.3036874532699585, 'computation_time': 0.039456844329833984, 'batch_time': 0.044330975360935554, 'rtc_check_time': 0.0038010090065654367, 'experiment_id': 'exp_20240620_161519', 'client_id': '2'}
[2024-06-20 16:16:35,006][root][INFO] - Added data to batch for client 2: {'round': 4, 'step_no': 266, 'loss': 0.07965992391109467, 'accuracy': 0.9411764740943909, 'l2_norm': 0.3104078769683838, 'computation_time': 0.0430150032043457, 'batch_time': 0.04971913649933413, 'rtc_check_time': 0.005535167001653463, 'experiment_id': 'exp_20240620_161519', 'client_id': '2'}
[2024-06-20 16:16:35,007][root][INFO] - Added data to batch for client 2: {'round': 4, 'step_no': 267, 'loss': 0.1387489140033722, 'accuracy': 0.9427083134651184, 'l2_norm': 0.3360985219478607, 'computation_time': 0.04411888122558594, 'batch_time': 0.04762984831177164, 'rtc_check_time': 0.0021598489984171465, 'experiment_id': 'exp_20240620_161519', 'client_id': '2'}
[2024-06-20 16:16:35,008][root][INFO] - Added data to batch for client 2: {'round': 4, 'step_no': 268, 'loss': 0.11247797310352325, 'accuracy': 0.9424341917037964, 'l2_norm': 0.35501453280448914, 'computation_time': 0.04413914680480957, 'batch_time': 0.04795588411798235, 'rtc_check_time': 0.0021778480004286394, 'experiment_id': 'exp_20240620_161519', 'client_id': '2'}
[2024-06-20 16:16:35,010][root][INFO] - Added data to batch for client 2: {'round': 4, 'step_no': 269, 'loss': 0.2925970256328583, 'accuracy': 0.940625011920929, 'l2_norm': 0.35913991928100586, 'computation_time': 0.037744998931884766, 'batch_time': 0.04430506797507405, 'rtc_check_time': 0.005402070004492998, 'experiment_id': 'exp_20240620_161519', 'client_id': '2'}
[2024-06-20 16:16:35,011][root][INFO] - Added data to batch for client 2: {'round': 4, 'step_no': 270, 'loss': 0.24386385083198547, 'accuracy': 0.9404761791229248, 'l2_norm': 0.37311214208602905, 'computation_time': 0.038748979568481445, 'batch_time': 0.04167142872756813, 'rtc_check_time': 0.0018116569990525022, 'experiment_id': 'exp_20240620_161519', 'client_id': '2'}
[2024-06-20 16:16:35,012][root][INFO] - Added data to batch for client 2: {'round': 4, 'step_no': 271, 'loss': 0.1267486810684204, 'accuracy': 0.9417613744735718, 'l2_norm': 0.3992899954319, 'computation_time': 0.049516916275024414, 'batch_time': 0.05384221450367477, 'rtc_check_time': 0.002664235988049768, 'experiment_id': 'exp_20240620_161519', 'client_id': '2'}
[2024-06-20 16:16:35,013][root][INFO] - Added data to batch for client 2: {'round': 4, 'step_no': 272, 'loss': 0.09151402115821838, 'accuracy': 0.9429348111152649, 'l2_norm': 0.40449875593185425, 'computation_time': 0.05312395095825195, 'batch_time': 0.056660556205315515, 'rtc_check_time': 0.0017496579966973513, 'experiment_id': 'exp_20240620_161519', 'client_id': '2'}
[2024-06-20 16:16:35,014][root][INFO] - Added data to batch for client 2: {'round': 4, 'step_no': 273, 'loss': 0.33045271039009094, 'accuracy': 0.9427083134651184, 'l2_norm': 0.4690333604812622, 'computation_time': 0.04678511619567871, 'batch_time': 0.04977839258208405, 'rtc_check_time': 0.0015844610024942085, 'experiment_id': 'exp_20240620_161519', 'client_id': '2'}
[2024-06-20 16:16:35,016][root][INFO] - Added data to batch for client 2: {'round': 4, 'step_no': 274, 'loss': 0.05437450110912323, 'accuracy': 0.9449999928474426, 'l2_norm': 0.4613010883331299, 'computation_time': 0.04705309867858887, 'batch_time': 0.050606914766831324, 'rtc_check_time': 0.0023798430047463626, 'experiment_id': 'exp_20240620_161519', 'client_id': '2'}
[2024-06-20 16:16:35,017][root][INFO] - Added data to batch for client 2: {'round': 4, 'step_no': 275, 'loss': 0.33745527267456055, 'accuracy': 0.9447115659713745, 'l2_norm': 0.48915553092956543, 'computation_time': 0.0428929328918457, 'batch_time': 0.04599345751921646, 'rtc_check_time': 0.0017143590084742755, 'experiment_id': 'exp_20240620_161519', 'client_id': '2'}
[2024-06-20 16:16:35,018][root][INFO] - Added data to batch for client 2: {'round': 4, 'step_no': 276, 'loss': 0.2833177447319031, 'accuracy': 0.9421296119689941, 'l2_norm': 0.5067237615585327, 'computation_time': 0.050032854080200195, 'batch_time': 0.056246099280542694, 'rtc_check_time': 0.004899081992334686, 'experiment_id': 'exp_20240620_161519', 'client_id': '2'}
[2024-06-20 16:16:35,019][root][INFO] - Added data to batch for client 2: {'round': 4, 'step_no': 277, 'loss': 0.17831724882125854, 'accuracy': 0.9419642686843872, 'l2_norm': 0.5272504091262817, 'computation_time': 0.05587410926818848, 'batch_time': 0.06443367022438906, 'rtc_check_time': 0.00730762499733828, 'experiment_id': 'exp_20240620_161519', 'client_id': '2'}
[2024-06-20 16:16:35,020][root][INFO] - Added data to batch for client 2: {'round': 4, 'step_no': 278, 'loss': 0.43765750527381897, 'accuracy': 0.9396551847457886, 'l2_norm': 0.5345121026039124, 'computation_time': 0.04506492614746094, 'batch_time': 0.0480560634896392, 'rtc_check_time': 0.001670059995376505, 'experiment_id': 'exp_20240620_161519', 'client_id': '2'}
[2024-06-20 16:16:35,021][root][INFO] - Added data to batch for client 2: {'round': 4, 'step_no': 279, 'loss': 0.17750395834445953, 'accuracy': 0.9385416507720947, 'l2_norm': 0.5414257049560547, 'computation_time': 0.045532941818237305, 'batch_time': 0.04918015831208322, 'rtc_check_time': 0.00204695099091623, 'experiment_id': 'exp_20240620_161519', 'client_id': '2'}
[2024-06-20 16:16:35,022][root][INFO] - Added data to batch for client 2: {'round': 4, 'step_no': 280, 'loss': 0.38966652750968933, 'accuracy': 0.9375, 'l2_norm': 0.5846958756446838, 'computation_time': 0.04522895812988281, 'batch_time': 0.04787195894459728, 'rtc_check_time': 0.0015238640044117346, 'experiment_id': 'exp_20240620_161519', 'client_id': '2'}
[2024-06-20 16:16:35,023][root][INFO] - Added data to batch for client 2: {'round': 4, 'step_no': 281, 'loss': 0.11118055135011673, 'accuracy': 0.9375, 'l2_norm': 0.5829222202301025, 'computation_time': 0.04787588119506836, 'batch_time': 0.05229786835843697, 'rtc_check_time': 0.0026567360037006438, 'experiment_id': 'exp_20240620_161519', 'client_id': '2'}
[2024-06-20 16:16:35,024][root][INFO] - Added data to batch for client 2: {'round': 4, 'step_no': 282, 'loss': 0.20075371861457825, 'accuracy': 0.9375, 'l2_norm': 0.5963571667671204, 'computation_time': 0.045591115951538086, 'batch_time': 0.0507126481825253, 'rtc_check_time': 0.0038045080000301823, 'experiment_id': 'exp_20240620_161519', 'client_id': '2'}
[2024-06-20 16:16:35,025][root][INFO] - Added data to batch for client 2: {'round': 4, 'step_no': 283, 'loss': 0.14551770687103271, 'accuracy': 0.9375, 'l2_norm': 0.6206104755401611, 'computation_time': 0.0441591739654541, 'batch_time': 0.04996775019390043, 'rtc_check_time': 0.004627689006156288, 'experiment_id': 'exp_20240620_161519', 'client_id': '2'}
[2024-06-20 16:16:35,027][root][INFO] - Added data to batch for client 2: {'round': 4, 'step_no': 284, 'loss': 0.13576605916023254, 'accuracy': 0.9383928775787354, 'l2_norm': 0.6117679476737976, 'computation_time': 0.04630899429321289, 'batch_time': 0.04928759051836096, 'rtc_check_time': 0.0017874570039566606, 'experiment_id': 'exp_20240620_161519', 'client_id': '2'}
[2024-06-20 16:16:35,028][root][INFO] - Added data to batch for client 2: {'round': 4, 'step_no': 285, 'loss': 0.10271704196929932, 'accuracy': 0.9392361044883728, 'l2_norm': 0.6387914419174194, 'computation_time': 0.045439958572387695, 'batch_time': 0.047822619788348675, 'rtc_check_time': 0.0013686669990420341, 'experiment_id': 'exp_20240620_161519', 'client_id': '2'}
[2024-06-20 16:16:35,029][root][INFO] - Added data to batch for client 2: {'round': 4, 'step_no': 286, 'loss': 0.08116962760686874, 'accuracy': 0.9400337934494019, 'l2_norm': 0.6372284293174744, 'computation_time': 0.04028797149658203, 'batch_time': 0.0464099170640111, 'rtc_check_time': 0.0048468830063939095, 'experiment_id': 'exp_20240620_161519', 'client_id': '2'}
[2024-06-20 16:16:35,030][root][INFO] - Added data to batch for client 2: {'round': 4, 'step_no': 287, 'loss': 0.2308410257101059, 'accuracy': 0.9383223652839661, 'l2_norm': 0.684479296207428, 'computation_time': 0.04532980918884277, 'batch_time': 0.05109639372676611, 'rtc_check_time': 0.004535390995442867, 'experiment_id': 'exp_20240620_161519', 'client_id': '2'}
[2024-06-20 16:16:35,031][root][INFO] - Added data to batch for client 2: {'round': 4, 'step_no': 288, 'loss': 0.27681782841682434, 'accuracy': 0.9383012652397156, 'l2_norm': 0.7104600071907043, 'computation_time': 0.04239487648010254, 'batch_time': 0.04542462498648092, 'rtc_check_time': 0.0019375529955141246, 'experiment_id': 'exp_20240620_161519', 'client_id': '2'}
[2024-06-20 16:16:35,032][root][INFO] - Added data to batch for client 2: {'round': 4, 'step_no': 289, 'loss': 0.1604427993297577, 'accuracy': 0.938281238079071, 'l2_norm': 0.7608532309532166, 'computation_time': 0.04359292984008789, 'batch_time': 0.047585060267010704, 'rtc_check_time': 0.0027342340035829693, 'experiment_id': 'exp_20240620_161519', 'client_id': '2'}
[2024-06-20 16:16:35,033][root][INFO] - Added data to batch for client 2: {'round': 4, 'step_no': 290, 'loss': 0.25001588463783264, 'accuracy': 0.9375, 'l2_norm': 0.7559720873832703, 'computation_time': 0.04198408126831055, 'batch_time': 0.04607538829441182, 'rtc_check_time': 0.002987429004861042, 'experiment_id': 'exp_20240620_161519', 'client_id': '2'}
[2024-06-20 16:16:35,034][root][INFO] - Added data to batch for client 2: {'round': 4, 'step_no': 291, 'loss': 0.3991296887397766, 'accuracy': 0.9352678656578064, 'l2_norm': 0.8027223944664001, 'computation_time': 0.0471651554107666, 'batch_time': 0.05154227651655674, 'rtc_check_time': 0.0027742329984903336, 'experiment_id': 'exp_20240620_161519', 'client_id': '2'}
[2024-06-20 16:16:35,035][root][INFO] - Added data to batch for client 2: {'round': 4, 'step_no': 292, 'loss': 0.20695842802524567, 'accuracy': 0.9345930218696594, 'l2_norm': 0.7831742763519287, 'computation_time': 0.04333209991455078, 'batch_time': 0.05006645989487879, 'rtc_check_time': 0.005687463999493048, 'experiment_id': 'exp_20240620_161519', 'client_id': '2'}
[2024-06-20 16:16:35,037][root][INFO] - Added data to batch for client 2: {'round': 4, 'step_no': 293, 'loss': 0.1450311541557312, 'accuracy': 0.9353693127632141, 'l2_norm': 0.8099254369735718, 'computation_time': 0.03873896598815918, 'batch_time': 0.043019125718274154, 'rtc_check_time': 0.0032032230083132163, 'experiment_id': 'exp_20240620_161519', 'client_id': '2'}
[2024-06-20 16:16:35,038][root][INFO] - Added data to batch for client 2: {'round': 4, 'step_no': 294, 'loss': 0.17452183365821838, 'accuracy': 0.9354166388511658, 'l2_norm': 0.81934654712677, 'computation_time': 0.03868913650512695, 'batch_time': 0.04226119186205324, 'rtc_check_time': 0.0025101390056079254, 'experiment_id': 'exp_20240620_161519', 'client_id': '2'}
[2024-06-20 16:16:35,039][root][INFO] - Added data to batch for client 2: {'round': 4, 'step_no': 295, 'loss': 0.16298316419124603, 'accuracy': 0.936141312122345, 'l2_norm': 0.8347024917602539, 'computation_time': 0.04115605354309082, 'batch_time': 0.04553674679482356, 'rtc_check_time': 0.0031428239890374243, 'experiment_id': 'exp_20240620_161519', 'client_id': '2'}
[2024-06-20 16:16:35,040][root][INFO] - Added data to batch for client 2: {'round': 4, 'step_no': 296, 'loss': 0.06894801557064056, 'accuracy': 0.9375, 'l2_norm': 0.8345375061035156, 'computation_time': 0.04773211479187012, 'batch_time': 0.05200368963414803, 'rtc_check_time': 0.002597637998405844, 'experiment_id': 'exp_20240620_161519', 'client_id': '2'}
[2024-06-20 16:16:35,041][root][INFO] - Added data to batch for client 2: {'round': 4, 'step_no': 297, 'loss': 0.07919834554195404, 'accuracy': 0.9381510615348816, 'l2_norm': 0.8279500007629395, 'computation_time': 0.0505518913269043, 'batch_time': 0.05507501546526328, 'rtc_check_time': 0.0022190469899214804, 'experiment_id': 'exp_20240620_161519', 'client_id': '2'}
[2024-06-20 16:16:35,043][root][INFO] - Added data to batch for client 2: {'round': 4, 'step_no': 298, 'loss': 0.009990832768380642, 'accuracy': 0.9394132494926453, 'l2_norm': 0.8288597464561462, 'computation_time': 0.04737591743469238, 'batch_time': 0.054990193428238854, 'rtc_check_time': 0.006264349998673424, 'experiment_id': 'exp_20240620_161519', 'client_id': '2'}
[2024-06-20 16:16:35,044][root][INFO] - Added data to batch for client 2: {'round': 4, 'step_no': 299, 'loss': 0.10038843750953674, 'accuracy': 0.9399999976158142, 'l2_norm': 0.8681653141975403, 'computation_time': 0.055245161056518555, 'batch_time': 0.05816209722252097, 'rtc_check_time': 0.0016802589962026104, 'experiment_id': 'exp_20240620_161519', 'client_id': '2'}
[2024-06-20 16:16:35,045][root][INFO] - Added data to batch for client 2: {'round': 4, 'step_no': 300, 'loss': 0.2230454981327057, 'accuracy': 0.939338207244873, 'l2_norm': 0.8807086944580078, 'computation_time': 0.040016889572143555, 'batch_time': 0.04448468366172165, 'rtc_check_time': 0.0032938210060819983, 'experiment_id': 'exp_20240620_161519', 'client_id': '2'}
[2024-06-20 16:16:35,046][root][INFO] - Added data to batch for client 2: {'round': 4, 'step_no': 301, 'loss': 0.0732637494802475, 'accuracy': 0.9399038553237915, 'l2_norm': 0.8811030387878418, 'computation_time': 0.0454859733581543, 'batch_time': 0.05381361852050759, 'rtc_check_time': 0.006739539006957784, 'experiment_id': 'exp_20240620_161519', 'client_id': '2'}
[2024-06-20 16:16:35,047][root][INFO] - Added data to batch for client 2: {'round': 4, 'step_no': 302, 'loss': 0.08201746642589569, 'accuracy': 0.9404481053352356, 'l2_norm': 0.8848302960395813, 'computation_time': 0.04077410697937012, 'batch_time': 0.04416596455848776, 'rtc_check_time': 0.002362842991715297, 'experiment_id': 'exp_20240620_161519', 'client_id': '2'}
[2024-06-20 16:16:35,048][root][INFO] - Added data to batch for client 2: {'round': 4, 'step_no': 303, 'loss': 0.11040864884853363, 'accuracy': 0.9409722089767456, 'l2_norm': 0.9220406413078308, 'computation_time': 0.04048299789428711, 'batch_time': 0.04440128681017086, 'rtc_check_time': 0.0027233349974267185, 'experiment_id': 'exp_20240620_161519', 'client_id': '2'}
[2024-06-20 16:16:35,049][root][INFO] - Added data to batch for client 2: {'round': 4, 'step_no': 304, 'loss': 0.2105506956577301, 'accuracy': 0.9403409361839294, 'l2_norm': 0.979973554611206, 'computation_time': 0.039730072021484375, 'batch_time': 0.04392556854872964, 'rtc_check_time': 0.0028515309968497604, 'experiment_id': 'exp_20240620_161519', 'client_id': '2'}
[2024-06-20 16:16:35,050][root][INFO] - Added data to batch for client 2: {'round': 4, 'step_no': 305, 'loss': 0.14873573184013367, 'accuracy': 0.9402901530265808, 'l2_norm': 1.012654185295105, 'computation_time': 0.04113411903381348, 'batch_time': 0.04494412739586551, 'rtc_check_time': 0.002529939010855742, 'experiment_id': 'exp_20240620_161519', 'client_id': '2'}
[2024-06-20 16:16:35,051][root][INFO] - Added data to batch for client 2: {'round': 4, 'step_no': 306, 'loss': 0.08078433573246002, 'accuracy': 0.9407894611358643, 'l2_norm': 1.0152664184570312, 'computation_time': 0.04696488380432129, 'batch_time': 0.04989760954049416, 'rtc_check_time': 0.0019275530066806823, 'experiment_id': 'exp_20240620_161519', 'client_id': '2'}
[2024-06-20 16:16:35,053][root][INFO] - Added data to batch for client 2: {'round': 4, 'step_no': 307, 'loss': 0.273736834526062, 'accuracy': 0.9401939511299133, 'l2_norm': 1.070277214050293, 'computation_time': 0.04638195037841797, 'batch_time': 0.05009364729630761, 'rtc_check_time': 0.0026836360048037022, 'experiment_id': 'exp_20240620_161519', 'client_id': '2'}
[2024-06-20 16:16:35,054][root][INFO] - Added data to batch for client 2: {'round': 4, 'step_no': 308, 'loss': 0.13404881954193115, 'accuracy': 0.9406779408454895, 'l2_norm': 1.0904008150100708, 'computation_time': 0.04143095016479492, 'batch_time': 0.04998348241497297, 'rtc_check_time': 0.007317524010431953, 'experiment_id': 'exp_20240620_161519', 'client_id': '2'}
[2024-06-20 16:16:35,055][root][INFO] - Added data to batch for client 2: {'round': 4, 'step_no': 309, 'loss': 0.06514353305101395, 'accuracy': 0.9416666626930237, 'l2_norm': 1.0762990713119507, 'computation_time': 0.03884696960449219, 'batch_time': 0.043055219342932105, 'rtc_check_time': 0.0030054280068725348, 'experiment_id': 'exp_20240620_161519', 'client_id': '2'}
[2024-06-20 16:16:35,056][root][INFO] - Added data to batch for client 2: {'round': 4, 'step_no': 310, 'loss': 0.29598158597946167, 'accuracy': 0.9415983557701111, 'l2_norm': 1.0837315320968628, 'computation_time': 0.038179874420166016, 'batch_time': 0.04220024919777643, 'rtc_check_time': 0.0029992280033184215, 'experiment_id': 'exp_20240620_161519', 'client_id': '2'}
[2024-06-20 16:16:35,057][root][INFO] - Added data to batch for client 2: {'round': 4, 'step_no': 311, 'loss': 0.10539193451404572, 'accuracy': 0.9415322542190552, 'l2_norm': 1.1153427362442017, 'computation_time': 0.041461944580078125, 'batch_time': 0.048838933449587785, 'rtc_check_time': 0.006334146004519425, 'experiment_id': 'exp_20240620_161519', 'client_id': '2'}
[2024-06-20 16:16:35,058][root][INFO] - Added data to batch for client 2: {'round': 4, 'step_no': 312, 'loss': 0.17585235834121704, 'accuracy': 0.9414682388305664, 'l2_norm': 1.1125731468200684, 'computation_time': 0.04399299621582031, 'batch_time': 0.04690324637340382, 'rtc_check_time': 0.001612060994375497, 'experiment_id': 'exp_20240620_161519', 'client_id': '2'}
[2024-06-20 16:16:35,059][root][INFO] - Added data to batch for client 2: {'round': 4, 'step_no': 313, 'loss': 0.08113928884267807, 'accuracy': 0.9423828125, 'l2_norm': 1.1322284936904907, 'computation_time': 0.042407989501953125, 'batch_time': 0.046187210638890974, 'rtc_check_time': 0.002286243994603865, 'experiment_id': 'exp_20240620_161519', 'client_id': '2'}
[2024-06-20 16:16:35,060][root][INFO] - Added data to batch for client 2: {'round': 4, 'step_no': 314, 'loss': 0.05745203047990799, 'accuracy': 0.9432692527770996, 'l2_norm': 1.132414698600769, 'computation_time': 0.0465540885925293, 'batch_time': 0.05137102899607271, 'rtc_check_time': 0.0036029129987582564, 'experiment_id': 'exp_20240620_161519', 'client_id': '2'}
[2024-06-20 16:16:35,061][root][INFO] - Added data to batch for client 2: {'round': 4, 'step_no': 315, 'loss': 0.013419092632830143, 'accuracy': 0.9441288113594055, 'l2_norm': 1.1315327882766724, 'computation_time': 0.04167509078979492, 'batch_time': 0.04444672763929702, 'rtc_check_time': 0.0015647620020899922, 'experiment_id': 'exp_20240620_161519', 'client_id': '2'}
[2024-06-20 16:16:35,062][root][INFO] - Added data to batch for client 2: {'round': 4, 'step_no': 316, 'loss': 0.35157930850982666, 'accuracy': 0.9435634613037109, 'l2_norm': 1.2247509956359863, 'computation_time': 0.03888893127441406, 'batch_time': 0.0415248638310004, 'rtc_check_time': 0.0015277630009222776, 'experiment_id': 'exp_20240620_161519', 'client_id': '2'}
[2024-06-20 16:16:35,063][root][INFO] - Added data to batch for client 2: {'round': 4, 'step_no': 317, 'loss': 0.3944413661956787, 'accuracy': 0.9425551295280457, 'l2_norm': 1.2582886219024658, 'computation_time': 0.03890395164489746, 'batch_time': 0.04210866287758108, 'rtc_check_time': 0.0021468479972099885, 'experiment_id': 'exp_20240620_161519', 'client_id': '2'}
[2024-06-20 16:16:35,064][root][INFO] - Added data to batch for client 2: {'round': 4, 'step_no': 318, 'loss': 0.21628311276435852, 'accuracy': 0.9424818754196167, 'l2_norm': 1.2795181274414062, 'computation_time': 0.04120492935180664, 'batch_time': 0.044131856033345684, 'rtc_check_time': 0.001824956008931622, 'experiment_id': 'exp_20240620_161519', 'client_id': '2'}
[2024-06-20 16:16:35,065][root][INFO] - Added data to batch for client 2: {'round': 4, 'step_no': 319, 'loss': 0.12447383999824524, 'accuracy': 0.9428571462631226, 'l2_norm': 1.2787845134735107, 'computation_time': 0.03742814064025879, 'batch_time': 0.04177996396902017, 'rtc_check_time': 0.0033030199992936105, 'experiment_id': 'exp_20240620_161519', 'client_id': '2'}
[2024-06-20 16:16:35,066][root][INFO] - Added data to batch for client 2: {'round': 4, 'step_no': 320, 'loss': 0.1196385994553566, 'accuracy': 0.9432218074798584, 'l2_norm': 1.2981568574905396, 'computation_time': 0.038420915603637695, 'batch_time': 0.0469078514870489, 'rtc_check_time': 0.00737972000206355, 'experiment_id': 'exp_20240620_161519', 'client_id': '2'}
[2024-06-20 16:16:35,068][root][INFO] - Added data to batch for client 2: {'round': 4, 'step_no': 321, 'loss': 0.2218828946352005, 'accuracy': 0.9431423544883728, 'l2_norm': 1.3369417190551758, 'computation_time': 0.041812896728515625, 'batch_time': 0.04547701768751722, 'rtc_check_time': 0.00244294099684339, 'experiment_id': 'exp_20240620_161519', 'client_id': '2'}
[2024-06-20 16:16:35,069][root][INFO] - Added data to batch for client 2: {'round': 4, 'step_no': 322, 'loss': 0.12059237062931061, 'accuracy': 0.943493127822876, 'l2_norm': 1.3431395292282104, 'computation_time': 0.04313397407531738, 'batch_time': 0.04551471998274792, 'rtc_check_time': 0.001270669003133662, 'experiment_id': 'exp_20240620_161519', 'client_id': '2'}
[2024-06-20 16:16:35,070][root][INFO] - Added data to batch for client 2: {'round': 4, 'step_no': 323, 'loss': 0.31000277400016785, 'accuracy': 0.9421452879905701, 'l2_norm': 1.422486662864685, 'computation_time': 0.03997492790222168, 'batch_time': 0.044279243345954455, 'rtc_check_time': 0.0029000300128245726, 'experiment_id': 'exp_20240620_161519', 'client_id': '2'}
[2024-06-20 16:16:35,071][root][INFO] - Added data to batch for client 2: {'round': 4, 'step_no': 324, 'loss': 0.13300395011901855, 'accuracy': 0.9424999952316284, 'l2_norm': 1.4400252103805542, 'computation_time': 0.03916287422180176, 'batch_time': 0.04165825428208336, 'rtc_check_time': 0.0013242679997347295, 'experiment_id': 'exp_20240620_161519', 'client_id': '2'}
[2024-06-20 16:16:35,072][root][INFO] - Added data to batch for client 2: {'round': 4, 'step_no': 325, 'loss': 0.17194782197475433, 'accuracy': 0.9424341917037964, 'l2_norm': 1.4627959728240967, 'computation_time': 0.04358482360839844, 'batch_time': 0.04616100167913828, 'rtc_check_time': 0.001405066010192968, 'experiment_id': 'exp_20240620_161519', 'client_id': '2'}
[2024-06-20 16:16:35,073][root][INFO] - Added data to batch for client 2: {'round': 4, 'step_no': 326, 'loss': 0.1881488859653473, 'accuracy': 0.9419642686843872, 'l2_norm': 1.4943253993988037, 'computation_time': 0.04268503189086914, 'batch_time': 0.04565426702902187, 'rtc_check_time': 0.0016841589967953041, 'experiment_id': 'exp_20240620_161519', 'client_id': '2'}
[2024-06-20 16:16:35,074][root][INFO] - Added data to batch for client 2: {'round': 4, 'step_no': 327, 'loss': 0.21336311101913452, 'accuracy': 0.9415063858032227, 'l2_norm': 1.504488468170166, 'computation_time': 0.04342818260192871, 'batch_time': 0.04933671806065831, 'rtc_check_time': 0.004688786008046009, 'experiment_id': 'exp_20240620_161519', 'client_id': '2'}
[2024-06-20 16:16:35,075][root][INFO] - Added data to batch for client 2: {'round': 4, 'step_no': 328, 'loss': 0.07289190590381622, 'accuracy': 0.9418512582778931, 'l2_norm': 1.5333025455474854, 'computation_time': 0.04213309288024902, 'batch_time': 0.04615905534592457, 'rtc_check_time': 0.0025339389976579696, 'experiment_id': 'exp_20240620_161519', 'client_id': '2'}
[2024-06-20 16:16:35,076][root][INFO] - Added data to batch for client 2: {'round': 4, 'step_no': 329, 'loss': 0.11404222249984741, 'accuracy': 0.9417968988418579, 'l2_norm': 1.5334997177124023, 'computation_time': 0.04183697700500488, 'batch_time': 0.04736863271682523, 'rtc_check_time': 0.004331695003202185, 'experiment_id': 'exp_20240620_161519', 'client_id': '2'}
[2024-06-20 16:16:35,077][root][INFO] - Added data to batch for client 2: {'round': 4, 'step_no': 330, 'loss': 0.8555406332015991, 'accuracy': 0.9409722089767456, 'l2_norm': 1.580588936805725, 'computation_time': 0.03998088836669922, 'batch_time': 0.04261345085978974, 'rtc_check_time': 0.0014714640128659084, 'experiment_id': 'exp_20240620_161519', 'client_id': '2'}
[2024-06-20 16:16:35,078][root][INFO] - Added data to batch for client 2: {'round': 4, 'step_no': 331, 'loss': 0.3453184962272644, 'accuracy': 0.9405487775802612, 'l2_norm': 1.581250548362732, 'computation_time': 0.04620099067687988, 'batch_time': 0.049519222346134484, 'rtc_check_time': 0.001967352000065148, 'experiment_id': 'exp_20240620_161519', 'client_id': '2'}
[2024-06-20 16:16:35,079][root][INFO] - Added data to batch for client 2: {'round': 4, 'step_no': 332, 'loss': 0.08145812153816223, 'accuracy': 0.9408885836601257, 'l2_norm': 1.5928689241409302, 'computation_time': 0.039103031158447266, 'batch_time': 0.042063809392857365, 'rtc_check_time': 0.001851655004429631, 'experiment_id': 'exp_20240620_161519', 'client_id': '2'}
[2024-06-20 16:16:35,081][root][INFO] - Added data to batch for client 2: {'round': 4, 'step_no': 333, 'loss': 0.153174489736557, 'accuracy': 0.941220223903656, 'l2_norm': 1.6118532419204712, 'computation_time': 0.04262185096740723, 'batch_time': 0.04569211110356264, 'rtc_check_time': 0.0016621600079815835, 'experiment_id': 'exp_20240620_161519', 'client_id': '2'}
[2024-06-20 16:16:35,082][root][INFO] - Added data to batch for client 2: {'round': 4, 'step_no': 334, 'loss': 0.06476427614688873, 'accuracy': 0.9419117569923401, 'l2_norm': 1.634577989578247, 'computation_time': 0.038529157638549805, 'batch_time': 0.04240134553401731, 'rtc_check_time': 0.0028162320086266845, 'experiment_id': 'exp_20240620_161519', 'client_id': '2'}
[2024-06-20 16:16:35,083][root][INFO] - Added data to batch for client 2: {'round': 4, 'step_no': 335, 'loss': 0.22300440073013306, 'accuracy': 0.942223846912384, 'l2_norm': 1.658769130706787, 'computation_time': 0.03962087631225586, 'batch_time': 0.04222825674514752, 'rtc_check_time': 0.0015032639930723235, 'experiment_id': 'exp_20240620_161519', 'client_id': '2'}
[2024-06-20 16:16:35,084][root][INFO] - Added data to batch for client 2: {'round': 4, 'step_no': 336, 'loss': 0.2551901638507843, 'accuracy': 0.9418103694915771, 'l2_norm': 1.6772565841674805, 'computation_time': 0.0410311222076416, 'batch_time': 0.0437273578136228, 'rtc_check_time': 0.0016643599956296384, 'experiment_id': 'exp_20240620_161519', 'client_id': '2'}
[2024-06-20 16:16:35,086][root][INFO] - Added data to batch for client 2: {'round': 4, 'step_no': 337, 'loss': 0.07997699826955795, 'accuracy': 0.9421164989471436, 'l2_norm': 1.6823886632919312, 'computation_time': 0.03789496421813965, 'batch_time': 0.04301611137634609, 'rtc_check_time': 0.004000102999270894, 'experiment_id': 'exp_20240620_161519', 'client_id': '2'}
[2024-06-20 16:16:35,087][root][INFO] - Added data to batch for client 2: {'round': 4, 'step_no': 338, 'loss': 0.1722881942987442, 'accuracy': 0.9420645833015442, 'l2_norm': 1.712952733039856, 'computation_time': 0.04192495346069336, 'batch_time': 0.046943385095801204, 'rtc_check_time': 0.0038373059942387044, 'experiment_id': 'exp_20240620_161519', 'client_id': '2'}
[2024-06-20 16:16:35,088][root][INFO] - Added data to batch for client 2: {'round': 4, 'step_no': 339, 'loss': 0.20081019401550293, 'accuracy': 0.9420138597488403, 'l2_norm': 1.7354704141616821, 'computation_time': 0.046380043029785156, 'batch_time': 0.05108708802436013, 'rtc_check_time': 0.0033571189997019246, 'experiment_id': 'exp_20240620_161519', 'client_id': '2'}
[2024-06-20 16:16:35,089][root][INFO] - Added data to batch for client 2: {'round': 4, 'step_no': 340, 'loss': 0.0850328877568245, 'accuracy': 0.942307710647583, 'l2_norm': 1.746645450592041, 'computation_time': 0.045239925384521484, 'batch_time': 0.054063205112470314, 'rtc_check_time': 0.007651213993085548, 'experiment_id': 'exp_20240620_161519', 'client_id': '2'}
[2024-06-20 16:16:35,090][root][INFO] - Added data to batch for client 2: {'round': 4, 'step_no': 341, 'loss': 0.03319099545478821, 'accuracy': 0.9429348111152649, 'l2_norm': 1.7569580078125, 'computation_time': 0.053910017013549805, 'batch_time': 0.06030450300022494, 'rtc_check_time': 0.004536489999736659, 'experiment_id': 'exp_20240620_161519', 'client_id': '2'}
[2024-06-20 16:16:35,091][root][INFO] - Added data to batch for client 2: {'round': 4, 'step_no': 342, 'loss': 0.051077596843242645, 'accuracy': 0.9435483813285828, 'l2_norm': 1.778193712234497, 'computation_time': 0.055329084396362305, 'batch_time': 0.05892264439899009, 'rtc_check_time': 0.0021177489979891106, 'experiment_id': 'exp_20240620_161519', 'client_id': '2'}
[2024-06-20 16:16:35,092][root][INFO] - Added data to batch for client 2: {'round': 4, 'step_no': 343, 'loss': 0.12594270706176758, 'accuracy': 0.9434840679168701, 'l2_norm': 1.7828882932662964, 'computation_time': 0.06118512153625488, 'batch_time': 0.06618068044190295, 'rtc_check_time': 0.0030436259985435754, 'experiment_id': 'exp_20240620_161519', 'client_id': '2'}
[2024-06-20 16:16:35,093][root][INFO] - Added data to batch for client 2: {'round': 4, 'step_no': 344, 'loss': 0.1340889185667038, 'accuracy': 0.9437500238418579, 'l2_norm': 1.827789068222046, 'computation_time': 0.051434993743896484, 'batch_time': 0.054501055856235325, 'rtc_check_time': 0.0018248549895361066, 'experiment_id': 'exp_20240620_161519', 'client_id': '2'}
[2024-06-20 16:16:35,095][root][INFO] - Added data to batch for client 2: {'round': 4, 'step_no': 345, 'loss': 0.1272253692150116, 'accuracy': 0.9443359375, 'l2_norm': 1.8863288164138794, 'computation_time': 0.04687905311584473, 'batch_time': 0.04962208775395993, 'rtc_check_time': 0.0015721609961474314, 'experiment_id': 'exp_20240620_161519', 'client_id': '2'}
[2024-06-20 16:16:35,096][root][INFO] - Added data to batch for client 2: {'round': 4, 'step_no': 346, 'loss': 0.05236320197582245, 'accuracy': 0.9449098110198975, 'l2_norm': 1.8980857133865356, 'computation_time': 0.041287899017333984, 'batch_time': 0.04420761093206238, 'rtc_check_time': 0.0017247579962713644, 'experiment_id': 'exp_20240620_161519', 'client_id': '2'}
[2024-06-20 16:16:35,097][root][INFO] - Added data to batch for client 2: {'round': 4, 'step_no': 347, 'loss': 0.25820207595825195, 'accuracy': 0.9451530575752258, 'l2_norm': 1.9130698442459106, 'computation_time': 0.04809117317199707, 'batch_time': 0.05338869590195827, 'rtc_check_time': 0.004094700998393819, 'experiment_id': 'exp_20240620_161519', 'client_id': '2'}
[2024-06-20 16:16:35,098][root][INFO] - Added data to batch for client 2: {'round': 4, 'step_no': 348, 'loss': 0.19668380916118622, 'accuracy': 0.9450757503509521, 'l2_norm': 1.9468201398849487, 'computation_time': 0.039785146713256836, 'batch_time': 0.04565653683675919, 'rtc_check_time': 0.004650686998502351, 'experiment_id': 'exp_20240620_161519', 'client_id': '2'}
[2024-06-20 16:16:35,099][root][INFO] - Added data to batch for client 2: {'round': 4, 'step_no': 349, 'loss': 0.22535710036754608, 'accuracy': 0.9449999928474426, 'l2_norm': 1.986193060874939, 'computation_time': 0.03971099853515625, 'batch_time': 0.05027919747226406, 'rtc_check_time': 0.009496269005467184, 'experiment_id': 'exp_20240620_161519', 'client_id': '2'}
[2024-06-20 16:16:35,100][root][INFO] - Added data to batch for client 2: {'round': 4, 'step_no': 350, 'loss': 0.134164959192276, 'accuracy': 0.9446163177490234, 'l2_norm': 2.0495688915252686, 'computation_time': 0.04109001159667969, 'batch_time': 0.04375839841668494, 'rtc_check_time': 0.0014233649999368936, 'experiment_id': 'exp_20240620_161519', 'client_id': '2'}
[2024-06-20 16:16:35,101][root][INFO] - Added data to batch for client 2: {'round': 4, 'step_no': 351, 'loss': 0.24750179052352905, 'accuracy': 0.9439338445663452, 'l2_norm': 2.0734856128692627, 'computation_time': 0.04203391075134277, 'batch_time': 0.045413571104290895, 'rtc_check_time': 0.0023177440016297624, 'experiment_id': 'exp_20240620_161519', 'client_id': '2'}
[2024-06-20 16:16:35,103][root][INFO] - Added data to batch for client 2: {'round': 4, 'step_no': 352, 'loss': 0.1483977735042572, 'accuracy': 0.9438713788986206, 'l2_norm': 2.107653856277466, 'computation_time': 0.04810905456542969, 'batch_time': 0.050981279549887404, 'rtc_check_time': 0.0013582670071627945, 'experiment_id': 'exp_20240620_161519', 'client_id': '2'}
[2024-06-20 16:16:35,104][root][INFO] - Added data to batch for client 2: {'round': 4, 'step_no': 353, 'loss': 0.180441215634346, 'accuracy': 0.9441105723381042, 'l2_norm': 2.129133462905884, 'computation_time': 0.04171299934387207, 'batch_time': 0.04500846033624839, 'rtc_check_time': 0.0020275509887142107, 'experiment_id': 'exp_20240620_161519', 'client_id': '2'}
[2024-06-20 16:16:35,105][root][INFO] - Added data to batch for client 2: {'round': 4, 'step_no': 354, 'loss': 0.12087227404117584, 'accuracy': 0.944345235824585, 'l2_norm': 2.1394641399383545, 'computation_time': 0.03917813301086426, 'batch_time': 0.04251521796686575, 'rtc_check_time': 0.0020851489971391857, 'experiment_id': 'exp_20240620_161519', 'client_id': '2'}
[2024-06-20 16:16:35,106][root][INFO] - Added data to batch for client 2: {'round': 4, 'step_no': 355, 'loss': 0.03169194236397743, 'accuracy': 0.9448702931404114, 'l2_norm': 2.151013135910034, 'computation_time': 0.04308199882507324, 'batch_time': 0.04753104723931756, 'rtc_check_time': 0.0032350210094591603, 'experiment_id': 'exp_20240620_161519', 'client_id': '2'}
[2024-06-20 16:16:35,107][root][INFO] - Added data to batch for client 2: {'round': 4, 'step_no': 356, 'loss': 0.23413537442684174, 'accuracy': 0.944801390171051, 'l2_norm': 2.2083873748779297, 'computation_time': 0.040255069732666016, 'batch_time': 0.04470699322700966, 'rtc_check_time': 0.002186946992878802, 'experiment_id': 'exp_20240620_161519', 'client_id': '2'}
[2024-06-20 16:16:35,108][root][INFO] - Added data to batch for client 2: {'round': 4, 'step_no': 357, 'loss': 0.26754724979400635, 'accuracy': 0.9438657164573669, 'l2_norm': 2.2676730155944824, 'computation_time': 0.04649496078491211, 'batch_time': 0.05095436653937213, 'rtc_check_time': 0.003066325996769592, 'experiment_id': 'exp_20240620_161519', 'client_id': '2'}
[2024-06-20 16:16:35,109][root][INFO] - Added data to batch for client 2: {'round': 4, 'step_no': 358, 'loss': 0.3185998499393463, 'accuracy': 0.9438073635101318, 'l2_norm': 2.3039486408233643, 'computation_time': 0.040994882583618164, 'batch_time': 0.04352515265054535, 'rtc_check_time': 0.001400166001985781, 'experiment_id': 'exp_20240620_161519', 'client_id': '2'}
[2024-06-20 16:16:35,110][root][INFO] - Added data to batch for client 2: {'round': 4, 'step_no': 359, 'loss': 0.27958428859710693, 'accuracy': 0.9431818127632141, 'l2_norm': 2.3634743690490723, 'computation_time': 0.041667938232421875, 'batch_time': 0.046124173619318753, 'rtc_check_time': 0.003255321003962308, 'experiment_id': 'exp_20240620_161519', 'client_id': '2'}
[2024-06-20 16:16:35,111][root][INFO] - Added data to batch for client 2: {'round': 4, 'step_no': 360, 'loss': 0.13608351349830627, 'accuracy': 0.943130612373352, 'l2_norm': 2.3732516765594482, 'computation_time': 0.039958953857421875, 'batch_time': 0.04362527317425702, 'rtc_check_time': 0.002484240001649596, 'experiment_id': 'exp_20240620_161519', 'client_id': '2'}
[2024-06-20 16:16:35,113][root][INFO] - Added data to batch for client 2: {'round': 4, 'step_no': 361, 'loss': 0.25011229515075684, 'accuracy': 0.9428013563156128, 'l2_norm': 2.415973663330078, 'computation_time': 0.04426097869873047, 'batch_time': 0.05046242708340287, 'rtc_check_time': 0.00461548799648881, 'experiment_id': 'exp_20240620_161519', 'client_id': '2'}
[2024-06-20 16:16:35,114][root][INFO] - Added data to batch for client 2: {'round': 4, 'step_no': 362, 'loss': 0.35273969173431396, 'accuracy': 0.9424778819084167, 'l2_norm': 2.457510232925415, 'computation_time': 0.04525184631347656, 'batch_time': 0.04788962739985436, 'rtc_check_time': 0.0014945639995858073, 'experiment_id': 'exp_20240620_161519', 'client_id': '2'}
[2024-06-20 16:16:35,116][root][INFO] - Added data to batch for client 2: {'round': 4, 'step_no': 363, 'loss': 0.09826803207397461, 'accuracy': 0.9427083134651184, 'l2_norm': 2.4985947608947754, 'computation_time': 0.039778947830200195, 'batch_time': 0.044416539298254065, 'rtc_check_time': 0.003530614005285315, 'experiment_id': 'exp_20240620_161519', 'client_id': '2'}
[2024-06-20 16:16:35,117][root][INFO] - Added data to batch for client 2: {'round': 4, 'step_no': 364, 'loss': 0.23043522238731384, 'accuracy': 0.9429348111152649, 'l2_norm': 2.4975016117095947, 'computation_time': 0.03850913047790527, 'batch_time': 0.04222763092548121, 'rtc_check_time': 0.0026246360066579655, 'experiment_id': 'exp_20240620_161519', 'client_id': '2'}
[2024-06-20 16:16:35,118][root][INFO] - Added data to batch for client 2: {'round': 4, 'step_no': 365, 'loss': 0.17419664561748505, 'accuracy': 0.9428879022598267, 'l2_norm': 2.5291640758514404, 'computation_time': 0.037760019302368164, 'batch_time': 0.047261142026400194, 'rtc_check_time': 0.00846519399783574, 'experiment_id': 'exp_20240620_161519', 'client_id': '2'}
[2024-06-20 16:16:35,119][root][INFO] - Added data to batch for client 2: {'round': 4, 'step_no': 366, 'loss': 0.14166060090065002, 'accuracy': 0.9431089758872986, 'l2_norm': 2.5647757053375244, 'computation_time': 0.0392918586730957, 'batch_time': 0.045264548578416, 'rtc_check_time': 0.004177398004685529, 'experiment_id': 'exp_20240620_161519', 'client_id': '2'}
[2024-06-20 16:16:35,120][root][INFO] - Added data to batch for client 2: {'round': 4, 'step_no': 367, 'loss': 0.18973228335380554, 'accuracy': 0.9433262944221497, 'l2_norm': 2.564908504486084, 'computation_time': 0.03946113586425781, 'batch_time': 0.04373614249925595, 'rtc_check_time': 0.003063124997424893, 'experiment_id': 'exp_20240620_161519', 'client_id': '2'}
[2024-06-20 16:16:35,121][root][INFO] - Added data to batch for client 2: {'round': 4, 'step_no': 368, 'loss': 0.016416793689131737, 'accuracy': 0.943802535533905, 'l2_norm': 2.567002773284912, 'computation_time': 0.03908205032348633, 'batch_time': 0.04346113414794672, 'rtc_check_time': 0.0031853219988988712, 'experiment_id': 'exp_20240620_161519', 'client_id': '2'}
[2024-06-20 16:16:35,122][root][INFO] - Added data to batch for client 2: {'round': 4, 'step_no': 369, 'loss': 0.08568420261144638, 'accuracy': 0.9442708492279053, 'l2_norm': 2.5857698917388916, 'computation_time': 0.04251503944396973, 'batch_time': 0.0483236005238723, 'rtc_check_time': 0.004634587996406481, 'experiment_id': 'exp_20240620_161519', 'client_id': '2'}
[2024-06-20 16:16:35,123][root][INFO] - Added data to batch for client 2: {'round': 4, 'step_no': 370, 'loss': 0.1169881671667099, 'accuracy': 0.944473147392273, 'l2_norm': 2.61838436126709, 'computation_time': 0.05021500587463379, 'batch_time': 0.05346055221161805, 'rtc_check_time': 0.0016755599936004728, 'experiment_id': 'exp_20240620_161519', 'client_id': '2'}
[2024-06-20 16:16:35,124][root][INFO] - Added data to batch for client 2: {'round': 4, 'step_no': 371, 'loss': 0.2362767457962036, 'accuracy': 0.9444159865379333, 'l2_norm': 2.6797561645507812, 'computation_time': 0.04660296440124512, 'batch_time': 0.05000428584753536, 'rtc_check_time': 0.0017042580002453178, 'experiment_id': 'exp_20240620_161519', 'client_id': '2'}
[2024-06-20 16:16:35,125][root][INFO] - Added data to batch for client 2: {'round': 4, 'step_no': 372, 'loss': 0.5362159013748169, 'accuracy': 0.9438516497612, 'l2_norm': 2.7243008613586426, 'computation_time': 0.04077291488647461, 'batch_time': 0.045111001236364245, 'rtc_check_time': 0.0030990249942988157, 'experiment_id': 'exp_20240620_161519', 'client_id': '2'}
[2024-06-20 16:16:35,126][root][INFO] - Added data to batch for client 2: {'round': 4, 'step_no': 373, 'loss': 0.1783420443534851, 'accuracy': 0.9435483813285828, 'l2_norm': 2.766120433807373, 'computation_time': 0.03948688507080078, 'batch_time': 0.04458647781575564, 'rtc_check_time': 0.0038734059926355258, 'experiment_id': 'exp_20240620_161519', 'client_id': '2'}
[2024-06-20 16:16:35,127][root][INFO] - Added data to batch for client 2: {'round': 4, 'step_no': 374, 'loss': 0.3544101119041443, 'accuracy': 0.9432500004768372, 'l2_norm': 2.7891547679901123, 'computation_time': 0.038906097412109375, 'batch_time': 0.042051723663462326, 'rtc_check_time': 0.002074649994028732, 'experiment_id': 'exp_20240620_161519', 'client_id': '2'}
[2024-06-20 16:16:35,128][root][INFO] - Added data to batch for client 2: {'round': 4, 'step_no': 375, 'loss': 0.06321202963590622, 'accuracy': 0.9434523582458496, 'l2_norm': 2.803654909133911, 'computation_time': 0.03876900672912598, 'batch_time': 0.04184820406953804, 'rtc_check_time': 0.0020611500076483935, 'experiment_id': 'exp_20240620_161519', 'client_id': '2'}
[2024-06-20 16:16:35,130][root][INFO] - Added data to batch for client 2: {'round': 4, 'step_no': 376, 'loss': 0.06458299607038498, 'accuracy': 0.9438976645469666, 'l2_norm': 2.826481580734253, 'computation_time': 0.040170907974243164, 'batch_time': 0.04444362760114018, 'rtc_check_time': 0.0031867229990893975, 'experiment_id': 'exp_20240620_161519', 'client_id': '2'}
[2024-06-20 16:16:35,131][root][INFO] - Added data to batch for client 2: {'round': 4, 'step_no': 377, 'loss': 0.10205996036529541, 'accuracy': 0.944091796875, 'l2_norm': 2.864856243133545, 'computation_time': 0.03920316696166992, 'batch_time': 0.043817361642140895, 'rtc_check_time': 0.0034712160122580826, 'experiment_id': 'exp_20240620_161519', 'client_id': '2'}
[2024-06-20 16:16:35,132][root][INFO] - Added data to batch for client 2: {'round': 4, 'step_no': 378, 'loss': 0.1520068645477295, 'accuracy': 0.9442829489707947, 'l2_norm': 2.8905587196350098, 'computation_time': 0.03854107856750488, 'batch_time': 0.04089274532452691, 'rtc_check_time': 0.001271869012271054, 'experiment_id': 'exp_20240620_161519', 'client_id': '2'}
[2024-06-20 16:16:35,133][root][INFO] - Added data to batch for client 2: {'round': 4, 'step_no': 379, 'loss': 0.14486242830753326, 'accuracy': 0.9444711804389954, 'l2_norm': 2.919105291366577, 'computation_time': 0.041185855865478516, 'batch_time': 0.0450818566896487, 'rtc_check_time': 0.0026817350008059293, 'experiment_id': 'exp_20240620_161519', 'client_id': '2'}
[2024-06-20 16:16:35,134][root][INFO] - Added data to batch for client 2: {'round': 4, 'step_no': 380, 'loss': 0.39118602871894836, 'accuracy': 0.9444179534912109, 'l2_norm': 2.9134364128112793, 'computation_time': 0.04664897918701172, 'batch_time': 0.05515008565271273, 'rtc_check_time': 0.00735312100732699, 'experiment_id': 'exp_20240620_161519', 'client_id': '2'}
[2024-06-20 16:16:35,135][root][INFO] - Added data to batch for client 2: {'round': 4, 'step_no': 381, 'loss': 0.3717222213745117, 'accuracy': 0.9441288113594055, 'l2_norm': 2.950756311416626, 'computation_time': 0.04706382751464844, 'batch_time': 0.051993258035508916, 'rtc_check_time': 0.0035752129915636033, 'experiment_id': 'exp_20240620_161519', 'client_id': '2'}
[2024-06-20 16:16:35,136][root][INFO] - Added data to batch for client 2: {'round': 4, 'step_no': 382, 'loss': 0.057982198894023895, 'accuracy': 0.9443138837814331, 'l2_norm': 2.955709457397461, 'computation_time': 0.043837785720825195, 'batch_time': 0.04749609419377521, 'rtc_check_time': 0.0024049420026130974, 'experiment_id': 'exp_20240620_161519', 'client_id': '2'}
[2024-06-20 16:16:35,137][root][INFO] - Added data to batch for client 2: {'round': 4, 'step_no': 383, 'loss': 0.24933776259422302, 'accuracy': 0.9442630410194397, 'l2_norm': 3.020268201828003, 'computation_time': 0.038893938064575195, 'batch_time': 0.04241608541633468, 'rtc_check_time': 0.0025012389960465953, 'experiment_id': 'exp_20240620_161519', 'client_id': '2'}
[2024-06-20 16:16:35,138][root][INFO] - Added data to batch for client 2: {'round': 4, 'step_no': 384, 'loss': 0.05762532725930214, 'accuracy': 0.9446759223937988, 'l2_norm': 3.0356626510620117, 'computation_time': 0.04059886932373047, 'batch_time': 0.043577983844443224, 'rtc_check_time': 0.0014608650089940056, 'experiment_id': 'exp_20240620_161519', 'client_id': '2'}
[2024-06-20 16:16:35,139][root][INFO] - Added data to batch for client 2: {'round': 4, 'step_no': 385, 'loss': 0.1480391025543213, 'accuracy': 0.9448529481887817, 'l2_norm': 3.045776844024658, 'computation_time': 0.04096102714538574, 'batch_time': 0.044743244667188264, 'rtc_check_time': 0.0025641370011726394, 'experiment_id': 'exp_20240620_161519', 'client_id': '2'}
[2024-06-20 16:16:35,140][root][INFO] - Added data to batch for client 2: {'round': 4, 'step_no': 386, 'loss': 0.08917608857154846, 'accuracy': 0.9450273513793945, 'l2_norm': 3.096876382827759, 'computation_time': 0.040435075759887695, 'batch_time': 0.04464697705407161, 'rtc_check_time': 0.0030019270052434877, 'experiment_id': 'exp_20240620_161519', 'client_id': '2'}
[2024-06-20 16:16:35,141][root][INFO] - Added data to batch for client 2: {'round': 4, 'step_no': 387, 'loss': 0.3041395843029022, 'accuracy': 0.9445199370384216, 'l2_norm': 3.1433956623077393, 'computation_time': 0.04267001152038574, 'batch_time': 0.045355861191637814, 'rtc_check_time': 0.0015018630074337125, 'experiment_id': 'exp_20240620_161519', 'client_id': '2'}
[2024-06-20 16:16:35,142][root][INFO] - Added data to batch for client 2: {'round': 4, 'step_no': 388, 'loss': 0.35302966833114624, 'accuracy': 0.9440197944641113, 'l2_norm': 3.194532871246338, 'computation_time': 0.04406619071960449, 'batch_time': 0.04820645321160555, 'rtc_check_time': 0.0028635310009121895, 'experiment_id': 'exp_20240620_161519', 'client_id': '2'}
[2024-06-20 16:16:35,144][root][INFO] - Added data to batch for client 2: {'round': 4, 'step_no': 389, 'loss': 0.2750263810157776, 'accuracy': 0.9437500238418579, 'l2_norm': 3.2666776180267334, 'computation_time': 0.0752108097076416, 'batch_time': 0.08670844143489376, 'rtc_check_time': 0.008757486997637898, 'experiment_id': 'exp_20240620_161519', 'client_id': '2'}
[2024-06-20 16:16:35,145][root][INFO] - Added data to batch for client 2: {'round': 4, 'step_no': 390, 'loss': 0.033833250403404236, 'accuracy': 0.9441489577293396, 'l2_norm': 3.265644073486328, 'computation_time': 0.0568690299987793, 'batch_time': 0.06686987755529117, 'rtc_check_time': 0.008558891990105622, 'experiment_id': 'exp_20240620_161519', 'client_id': '2'}
[2024-06-20 16:16:35,147][root][INFO] - Added data to batch for client 2: {'round': 4, 'step_no': 391, 'loss': 0.07337377965450287, 'accuracy': 0.9445422291755676, 'l2_norm': 3.271761894226074, 'computation_time': 0.05845284461975098, 'batch_time': 0.062047964354860596, 'rtc_check_time': 0.0018198549951193854, 'experiment_id': 'exp_20240620_161519', 'client_id': '2'}
[2024-06-20 16:16:35,148][root][INFO] - Added data to batch for client 2: {'round': 4, 'step_no': 392, 'loss': 0.18976205587387085, 'accuracy': 0.9444929957389832, 'l2_norm': 3.326847791671753, 'computation_time': 0.04825019836425781, 'batch_time': 0.05213942498085089, 'rtc_check_time': 0.0024005410086829215, 'experiment_id': 'exp_20240620_161519', 'client_id': '2'}
[2024-06-20 16:16:35,149][root][INFO] - Added data to batch for client 2: {'round': 4, 'step_no': 393, 'loss': 0.06586472690105438, 'accuracy': 0.9446614384651184, 'l2_norm': 3.347311496734619, 'computation_time': 0.040299177169799805, 'batch_time': 0.04388887420645915, 'rtc_check_time': 0.0024009420012589544, 'experiment_id': 'exp_20240620_161519', 'client_id': '2'}
[2024-06-20 16:16:35,151][root][INFO] - Added data to batch for client 2: {'round': 4, 'step_no': 394, 'loss': 0.11073905229568481, 'accuracy': 0.9448275566101074, 'l2_norm': 3.3502109050750732, 'computation_time': 0.037564992904663086, 'batch_time': 0.04221615371352527, 'rtc_check_time': 0.003491016002953984, 'experiment_id': 'exp_20240620_161519', 'client_id': '2'}
[2024-06-20 16:16:35,152][root][INFO] - Added data to batch for client 2: {'round': 4, 'step_no': 395, 'loss': 0.23722948133945465, 'accuracy': 0.944991409778595, 'l2_norm': 3.3741471767425537, 'computation_time': 0.03808903694152832, 'batch_time': 0.04269522555114236, 'rtc_check_time': 0.0035743129992624745, 'experiment_id': 'exp_20240620_161519', 'client_id': '2'}
[2024-06-20 16:16:35,153][root][INFO] - Added data to batch for client 2: {'round': 4, 'step_no': 396, 'loss': 0.10712715983390808, 'accuracy': 0.9451530575752258, 'l2_norm': 3.3858237266540527, 'computation_time': 0.044413089752197266, 'batch_time': 0.049349164852174, 'rtc_check_time': 0.003428316005738452, 'experiment_id': 'exp_20240620_161519', 'client_id': '2'}
[2024-06-20 16:16:35,154][root][INFO] - Added data to batch for client 2: {'round': 4, 'step_no': 397, 'loss': 0.12931297719478607, 'accuracy': 0.9453125, 'l2_norm': 3.418246030807495, 'computation_time': 0.046803951263427734, 'batch_time': 0.051192640894441865, 'rtc_check_time': 0.002835631006746553, 'experiment_id': 'exp_20240620_161519', 'client_id': '2'}
[2024-06-20 16:16:35,156][root][INFO] - Added data to batch for client 2: {'round': 4, 'step_no': 398, 'loss': 0.6655495166778564, 'accuracy': 0.9450503587722778, 'l2_norm': 3.427938222885132, 'computation_time': 0.03854179382324219, 'batch_time': 0.044097716876422055, 'rtc_check_time': 0.004302795001422055, 'experiment_id': 'exp_20240620_161519', 'client_id': '2'}
[2024-06-20 16:16:35,157][root][INFO] - Added data to batch for client 2: {'round': 4, 'step_no': 399, 'loss': 0.21645846962928772, 'accuracy': 0.9447916746139526, 'l2_norm': 3.4633939266204834, 'computation_time': 0.03889012336730957, 'batch_time': 0.041718589927768335, 'rtc_check_time': 0.0017715569993015379, 'experiment_id': 'exp_20240620_161519', 'client_id': '2'}
[2024-06-20 16:16:35,158][root][INFO] - Added data to batch for client 2: {'round': 4, 'step_no': 400, 'loss': 0.18919357657432556, 'accuracy': 0.9443294405937195, 'l2_norm': 3.531620979309082, 'computation_time': 0.04780292510986328, 'batch_time': 0.05102624396386091, 'rtc_check_time': 0.0018700549990171567, 'experiment_id': 'exp_20240620_161519', 'client_id': '2'}
[2024-06-20 16:16:35,159][root][INFO] - Added data to batch for client 2: {'round': 4, 'step_no': 401, 'loss': 0.244737446308136, 'accuracy': 0.9442845582962036, 'l2_norm': 3.569664716720581, 'computation_time': 0.04356503486633301, 'batch_time': 0.048241738171782345, 'rtc_check_time': 0.003453615994658321, 'experiment_id': 'exp_20240620_161519', 'client_id': '2'}
[2024-06-20 16:16:35,160][root][INFO] - Added data to batch for client 2: {'round': 4, 'step_no': 402, 'loss': 0.17290423810482025, 'accuracy': 0.9442402124404907, 'l2_norm': 3.582359552383423, 'computation_time': 0.0394589900970459, 'batch_time': 0.04566872997384053, 'rtc_check_time': 0.00511277599434834, 'experiment_id': 'exp_20240620_161519', 'client_id': '2'}
[2024-06-20 16:16:35,162][root][INFO] - Added data to batch for client 2: {'round': 4, 'step_no': 403, 'loss': 0.23767146468162537, 'accuracy': 0.944399356842041, 'l2_norm': 3.61580753326416, 'computation_time': 0.040618181228637695, 'batch_time': 0.04514466480759438, 'rtc_check_time': 0.003299819989479147, 'experiment_id': 'exp_20240620_161519', 'client_id': '2'}
[2024-06-20 16:16:35,163][root][INFO] - Added data to batch for client 2: {'round': 4, 'step_no': 404, 'loss': 0.06253330409526825, 'accuracy': 0.944556474685669, 'l2_norm': 3.63503360748291, 'computation_time': 0.04342913627624512, 'batch_time': 0.04643805552041158, 'rtc_check_time': 0.0015762620023451746, 'experiment_id': 'exp_20240620_161519', 'client_id': '2'}
[2024-06-20 16:16:35,165][root][INFO] - Added data to batch for client 2: {'round': 4, 'step_no': 405, 'loss': 0.2997783422470093, 'accuracy': 0.9445112347602844, 'l2_norm': 3.683483362197876, 'computation_time': 0.039257049560546875, 'batch_time': 0.042884742841124535, 'rtc_check_time': 0.0024718400090932846, 'experiment_id': 'exp_20240620_161519', 'client_id': '2'}
[2024-06-20 16:16:35,167][root][INFO] - Added data to batch for client 2: {'round': 4, 'step_no': 406, 'loss': 0.14223569631576538, 'accuracy': 0.9444665312767029, 'l2_norm': 3.7086119651794434, 'computation_time': 0.03909111022949219, 'batch_time': 0.043303003258188255, 'rtc_check_time': 0.003149023003061302, 'experiment_id': 'exp_20240620_161519', 'client_id': '2'}
[2024-06-20 16:16:35,168][root][INFO] - Added data to batch for client 2: {'round': 4, 'step_no': 407, 'loss': 0.047575220465660095, 'accuracy': 0.9448180198669434, 'l2_norm': 3.713204860687256, 'computation_time': 0.03910183906555176, 'batch_time': 0.04447843975503929, 'rtc_check_time': 0.00434639400918968, 'experiment_id': 'exp_20240620_161519', 'client_id': '2'}
[2024-06-20 16:16:35,169][root][INFO] - Added data to batch for client 2: {'round': 4, 'step_no': 408, 'loss': 0.09439347684383392, 'accuracy': 0.944968581199646, 'l2_norm': 3.7405402660369873, 'computation_time': 0.040112972259521484, 'batch_time': 0.05127494802582078, 'rtc_check_time': 0.010028057004092261, 'experiment_id': 'exp_20240620_161519', 'client_id': '2'}
[2024-06-20 16:16:35,170][root][INFO] - Added data to batch for client 2: {'round': 4, 'step_no': 409, 'loss': 0.052522726356983185, 'accuracy': 0.9453125, 'l2_norm': 3.75193452835083, 'computation_time': 0.040329933166503906, 'batch_time': 0.04493657480634283, 'rtc_check_time': 0.003425515998969786, 'experiment_id': 'exp_20240620_161519', 'client_id': '2'}
[2024-06-20 16:16:35,171][root][INFO] - Added data to batch for client 2: {'round': 4, 'step_no': 410, 'loss': 0.20904529094696045, 'accuracy': 0.9452639818191528, 'l2_norm': 3.830322742462158, 'computation_time': 0.0419309139251709, 'batch_time': 0.04765802806650754, 'rtc_check_time': 0.004097999990335666, 'experiment_id': 'exp_20240620_161519', 'client_id': '2'}
[2024-06-20 16:16:35,173][root][INFO] - Added data to batch for client 2: {'round': 4, 'step_no': 411, 'loss': 0.2545718252658844, 'accuracy': 0.9452160596847534, 'l2_norm': 3.8488574028015137, 'computation_time': 0.04204297065734863, 'batch_time': 0.0449085464788368, 'rtc_check_time': 0.0018284550023963675, 'experiment_id': 'exp_20240620_161519', 'client_id': '2'}
[2024-06-20 16:16:35,174][root][INFO] - Added data to batch for client 2: {'round': 4, 'step_no': 412, 'loss': 0.1084204614162445, 'accuracy': 0.9451687335968018, 'l2_norm': 3.866239547729492, 'computation_time': 0.05684399604797363, 'batch_time': 0.059978392673656344, 'rtc_check_time': 0.0018712549936026335, 'experiment_id': 'exp_20240620_161519', 'client_id': '2'}
[2024-06-20 16:16:35,175][root][INFO] - Added data to batch for client 2: {'round': 4, 'step_no': 413, 'loss': 0.06738931685686111, 'accuracy': 0.9455030560493469, 'l2_norm': 3.8866775035858154, 'computation_time': 0.04104781150817871, 'batch_time': 0.05552790698129684, 'rtc_check_time': 0.013403874007053673, 'experiment_id': 'exp_20240620_161519', 'client_id': '2'}
[2024-06-20 16:16:35,176][root][INFO] - Added data to batch for client 2: {'round': 4, 'step_no': 414, 'loss': 0.23990878462791443, 'accuracy': 0.9454545378684998, 'l2_norm': 3.9448540210723877, 'computation_time': 0.04067516326904297, 'batch_time': 0.04511307772190776, 'rtc_check_time': 0.0032489209988852963, 'experiment_id': 'exp_20240620_161519', 'client_id': '2'}
[2024-06-20 16:16:35,178][root][INFO] - Added data to batch for client 2: {'round': 4, 'step_no': 415, 'loss': 0.16328632831573486, 'accuracy': 0.9452183842658997, 'l2_norm': 3.979579210281372, 'computation_time': 0.04018211364746094, 'batch_time': 0.04432117739634123, 'rtc_check_time': 0.0029231289954623207, 'experiment_id': 'exp_20240620_161519', 'client_id': '2'}
[2024-06-20 16:16:35,179][root][INFO] - Added data to batch for client 2: {'round': 4, 'step_no': 416, 'loss': 0.1541687548160553, 'accuracy': 0.945172131061554, 'l2_norm': 4.006958961486816, 'computation_time': 0.041795969009399414, 'batch_time': 0.04474794406269211, 'rtc_check_time': 0.0015729619917692617, 'experiment_id': 'exp_20240620_161519', 'client_id': '2'}
[2024-06-20 16:16:35,180][root][INFO] - Added data to batch for client 2: {'round': 4, 'step_no': 417, 'loss': 0.1403641700744629, 'accuracy': 0.945126473903656, 'l2_norm': 4.062861442565918, 'computation_time': 0.04046010971069336, 'batch_time': 0.04348200457752682, 'rtc_check_time': 0.001979052001843229, 'experiment_id': 'exp_20240620_161519', 'client_id': '2'}
[2024-06-20 16:16:35,181][root][INFO] - Added data to batch for client 2: {'round': 4, 'step_no': 418, 'loss': 0.07535115629434586, 'accuracy': 0.9452662467956543, 'l2_norm': 4.078222751617432, 'computation_time': 0.04174304008483887, 'batch_time': 0.04482546525832731, 'rtc_check_time': 0.0016993589961202815, 'experiment_id': 'exp_20240620_161519', 'client_id': '2'}
[2024-06-20 16:16:35,183][root][INFO] - Added data to batch for client 2: {'round': 4, 'step_no': 419, 'loss': 0.17211437225341797, 'accuracy': 0.945036768913269, 'l2_norm': 4.166214466094971, 'computation_time': 0.03902411460876465, 'batch_time': 0.05544827724224888, 'rtc_check_time': 0.015389426000183448, 'experiment_id': 'exp_20240620_161519', 'client_id': '2'}
[2024-06-20 16:16:35,184][root][INFO] - Added data to batch for client 2: {'round': 4, 'step_no': 420, 'loss': 0.2200380563735962, 'accuracy': 0.9448099136352539, 'l2_norm': 4.196610927581787, 'computation_time': 0.039054155349731445, 'batch_time': 0.04318686253100168, 'rtc_check_time': 0.0028960300114704296, 'experiment_id': 'exp_20240620_161519', 'client_id': '2'}
[2024-06-20 16:16:35,185][root][INFO] - Added data to batch for client 2: {'round': 4, 'step_no': 421, 'loss': 0.06073374301195145, 'accuracy': 0.9449491500854492, 'l2_norm': 4.2379679679870605, 'computation_time': 0.04779386520385742, 'batch_time': 0.05067482389858924, 'rtc_check_time': 0.0016838590090628713, 'experiment_id': 'exp_20240620_161519', 'client_id': '2'}
[2024-06-20 16:16:35,186][root][INFO] - Added data to batch for client 2: {'round': 4, 'step_no': 422, 'loss': 0.06608081609010696, 'accuracy': 0.9450867176055908, 'l2_norm': 4.258001327514648, 'computation_time': 0.04150795936584473, 'batch_time': 0.04449113218288403, 'rtc_check_time': 0.0019460519979475066, 'experiment_id': 'exp_20240620_161519', 'client_id': '2'}
[2024-06-20 16:16:35,188][root][INFO] - Added data to batch for client 2: {'round': 4, 'step_no': 423, 'loss': 0.32195809483528137, 'accuracy': 0.9450430870056152, 'l2_norm': 4.301143646240234, 'computation_time': 0.03910708427429199, 'batch_time': 0.04488987126387656, 'rtc_check_time': 0.004527990007773042, 'experiment_id': 'exp_20240620_161519', 'client_id': '2'}
[2024-06-20 16:16:35,189][root][INFO] - Added data to batch for client 2: {'round': 4, 'step_no': 424, 'loss': 0.20149724185466766, 'accuracy': 0.9448214173316956, 'l2_norm': 4.312819004058838, 'computation_time': 0.042051076889038086, 'batch_time': 0.04505102365510538, 'rtc_check_time': 0.0019890519906766713, 'experiment_id': 'exp_20240620_161519', 'client_id': '2'}
[2024-06-20 16:16:35,190][root][INFO] - Added data to batch for client 2: {'round': 4, 'step_no': 425, 'loss': 0.05425501614809036, 'accuracy': 0.9451349377632141, 'l2_norm': 4.32776403427124, 'computation_time': 0.04017782211303711, 'batch_time': 0.04405094322282821, 'rtc_check_time': 0.0026860350044444203, 'experiment_id': 'exp_20240620_161519', 'client_id': '2'}
[2024-06-20 16:16:35,191][root][INFO] - Added data to batch for client 2: {'round': 4, 'step_no': 426, 'loss': 0.04976671189069748, 'accuracy': 0.9452683329582214, 'l2_norm': 4.342836856842041, 'computation_time': 0.039422035217285156, 'batch_time': 0.04277644190005958, 'rtc_check_time': 0.0022934440057724714, 'experiment_id': 'exp_20240620_161519', 'client_id': '2'}
[2024-06-20 16:16:35,192][root][INFO] - Added data to batch for client 2: {'round': 4, 'step_no': 427, 'loss': 0.05956937372684479, 'accuracy': 0.9455758333206177, 'l2_norm': 4.371588230133057, 'computation_time': 0.040071964263916016, 'batch_time': 0.042961297993315384, 'rtc_check_time': 0.0016762599989306182, 'experiment_id': 'exp_20240620_161519', 'client_id': '2'}
[2024-06-20 16:16:35,193][root][INFO] - Added data to batch for client 2: {'round': 4, 'step_no': 428, 'loss': 0.19962330162525177, 'accuracy': 0.9455307126045227, 'l2_norm': 4.4533538818359375, 'computation_time': 0.041007041931152344, 'batch_time': 0.04503182343614753, 'rtc_check_time': 0.0029018299974268302, 'experiment_id': 'exp_20240620_161519', 'client_id': '2'}
[2024-06-20 16:16:35,195][root][INFO] - Added data to batch for client 2: {'round': 4, 'step_no': 429, 'loss': 0.09777028858661652, 'accuracy': 0.9456596970558167, 'l2_norm': 4.48938512802124, 'computation_time': 0.0385890007019043, 'batch_time': 0.04210197566135321, 'rtc_check_time': 0.002468940001563169, 'experiment_id': 'exp_20240620_161519', 'client_id': '2'}
[2024-06-20 16:16:35,196][root][INFO] - Added data to batch for client 2: {'round': 4, 'step_no': 430, 'loss': 0.07440556585788727, 'accuracy': 0.9459599256515503, 'l2_norm': 4.500069618225098, 'computation_time': 0.048113107681274414, 'batch_time': 0.05223580812162254, 'rtc_check_time': 0.0029878280038246885, 'experiment_id': 'exp_20240620_161519', 'client_id': '2'}
[2024-06-20 16:16:35,197][root][INFO] - Added data to batch for client 2: {'round': 4, 'step_no': 431, 'loss': 0.2525402903556824, 'accuracy': 0.9459134340286255, 'l2_norm': 4.547973155975342, 'computation_time': 0.04621410369873047, 'batch_time': 0.058696629872429185, 'rtc_check_time': 0.01060164200316649, 'experiment_id': 'exp_20240620_161519', 'client_id': '2'}
[2024-06-20 16:16:35,198][root][INFO] - Added data to batch for client 2: {'round': 4, 'step_no': 432, 'loss': 0.06797978281974792, 'accuracy': 0.9460382461547852, 'l2_norm': 4.5477423667907715, 'computation_time': 0.04029989242553711, 'batch_time': 0.04950222764455248, 'rtc_check_time': 0.00805220399342943, 'experiment_id': 'exp_20240620_161519', 'client_id': '2'}
[2024-06-20 16:16:35,200][root][INFO] - Added data to batch for client 2: {'round': 4, 'step_no': 433, 'loss': 0.06348132342100143, 'accuracy': 0.946161687374115, 'l2_norm': 4.567193508148193, 'computation_time': 0.049826860427856445, 'batch_time': 0.05685666606586892, 'rtc_check_time': 0.005204472996410914, 'experiment_id': 'exp_20240620_161519', 'client_id': '2'}
[2024-06-20 16:16:35,201][root][INFO] - Added data to batch for client 2: {'round': 4, 'step_no': 434, 'loss': 0.11706844717264175, 'accuracy': 0.946283757686615, 'l2_norm': 4.599679946899414, 'computation_time': 0.042996883392333984, 'batch_time': 0.04788561651366763, 'rtc_check_time': 0.003398617001948878, 'experiment_id': 'exp_20240620_161519', 'client_id': '2'}
[2024-06-20 16:16:35,202][root][INFO] - Added data to batch for client 2: {'round': 4, 'step_no': 435, 'loss': 0.08731163293123245, 'accuracy': 0.9464045763015747, 'l2_norm': 4.659050941467285, 'computation_time': 0.0469670295715332, 'batch_time': 0.0515896235301625, 'rtc_check_time': 0.0032345209910999984, 'experiment_id': 'exp_20240620_161519', 'client_id': '2'}
[2024-06-20 16:16:35,203][root][INFO] - Added data to batch for client 2: {'round': 4, 'step_no': 436, 'loss': 0.11540860682725906, 'accuracy': 0.9465240836143494, 'l2_norm': 4.703494071960449, 'computation_time': 0.05428600311279297, 'batch_time': 0.05757992329017725, 'rtc_check_time': 0.0019108540000161156, 'experiment_id': 'exp_20240620_161519', 'client_id': '2'}
[2024-06-20 16:16:35,204][root][INFO] - Added data to batch for client 2: {'round': 4, 'step_no': 437, 'loss': 0.3140929341316223, 'accuracy': 0.9463098645210266, 'l2_norm': 4.753692626953125, 'computation_time': 0.06238102912902832, 'batch_time': 0.06573948978621047, 'rtc_check_time': 0.002051450006547384, 'experiment_id': 'exp_20240620_161519', 'client_id': '2'}
[2024-06-20 16:16:35,205][root][INFO] - Added data to batch for client 2: {'round': 4, 'step_no': 438, 'loss': 0.03906834125518799, 'accuracy': 0.9465939402580261, 'l2_norm': 4.7655768394470215, 'computation_time': 0.05503988265991211, 'batch_time': 0.0576358003745554, 'rtc_check_time': 0.0014369650016305968, 'experiment_id': 'exp_20240620_161519', 'client_id': '2'}
[2024-06-20 16:16:35,207][root][INFO] - Added data to batch for client 2: {'round': 4, 'step_no': 439, 'loss': 0.07505285739898682, 'accuracy': 0.9467105269432068, 'l2_norm': 4.792275428771973, 'computation_time': 0.03931593894958496, 'batch_time': 0.04170535430603195, 'rtc_check_time': 0.001232369992067106, 'experiment_id': 'exp_20240620_161519', 'client_id': '2'}
[2024-06-20 16:16:35,208][root][INFO] - Added data to batch for client 2: {'round': 4, 'step_no': 440, 'loss': 0.08477123081684113, 'accuracy': 0.9468259215354919, 'l2_norm': 4.8208465576171875, 'computation_time': 0.04302692413330078, 'batch_time': 0.046380041269003414, 'rtc_check_time': 0.0021090489899506792, 'experiment_id': 'exp_20240620_161519', 'client_id': '2'}
[2024-06-20 16:16:35,210][root][INFO] - Added data to batch for client 2: {'round': 4, 'step_no': 441, 'loss': 0.09524621069431305, 'accuracy': 0.9471028447151184, 'l2_norm': 4.883896350860596, 'computation_time': 0.04352879524230957, 'batch_time': 0.05096717952983454, 'rtc_check_time': 0.006177150004077703, 'experiment_id': 'exp_20240620_161519', 'client_id': '2'}
[2024-06-20 16:16:35,210][root][INFO] - Added batch data list for client 2. New Data Added: 192
[2024-06-20 16:16:35,218][root][INFO] - Batch data saved to /home/psklavos/fl/geom_aio/csv_logs/exp_20240620_161519/clients/client_2/batch.csv
[2024-06-20 16:16:35,219][root][INFO] - Appended data to last row of column distributed_loss in server data for client None
[2024-06-20 16:16:35,219][root][INFO] - Appended data to last row of column distributed_acc in server data for client None
[2024-06-20 16:16:35,219][root][INFO] - Appended {'distributed_loss': 0.10753523310025533, 'distributed_acc': 0.9671666622161865} to the last row of server data
[2024-06-20 16:16:35,220][root][INFO] - Server data saved to /home/psklavos/fl/geom_aio/csv_logs/exp_20240620_161519/server/server.csv
[2024-06-20 16:16:39,396][flwr][DEBUG] - fit_round 5: strategy sampled 3 clients (out of 3)
[2024-06-20 16:16:50,652][flwr][DEBUG] - fit_round 5 received 3 results and 0 failures
[2024-06-20 16:16:50,657][root][INFO] - Added data to server for client None: {'round': 5, 'average_norm': 5.011758327484131, 'round_time': 12.522760745147583, 'average_downlink_time': 0.71471709, 'average_rtc_check_time': 0.7598181286884937, 'average_uplink_time': 0.4882774493333333, 'average_computation_time': 9.84797732035319, 'average_communication_time': 1.962812668021827, 'average_fit_time': 11.23622727394104, 'average_throughput': 4.958533665118697, 'dropouts': 0, 'experiment_id': 'exp_20240620_161519'}
[2024-06-20 16:16:50,657][root][INFO] - Added server data: {'round': 5, 'average_norm': 5.011758327484131, 'round_time': 12.522760745147583, 'average_downlink_time': 0.71471709, 'average_rtc_check_time': 0.7598181286884937, 'average_uplink_time': 0.4882774493333333, 'average_computation_time': 9.84797732035319, 'average_communication_time': 1.962812668021827, 'average_fit_time': 11.23622727394104, 'average_throughput': 4.958533665118697, 'dropouts': 0, 'experiment_id': 'exp_20240620_161519'}
[2024-06-20 16:16:50,714][utils.model][INFO] - LeNet model built
[2024-06-20 16:16:50,838][utils.model][INFO] - Size of serialized model: 279.0341796875 kbytes
[2024-06-20 16:16:50,869][utils.model][INFO] - Step 1/40 - val_loss: 0.0411 - val_accuracy: 0.9883
[2024-06-20 16:16:50,888][utils.model][INFO] - Step 2/40 - val_loss: 0.0587 - val_accuracy: 0.9824
[2024-06-20 16:16:50,907][utils.model][INFO] - Step 3/40 - val_loss: 0.0760 - val_accuracy: 0.9792
[2024-06-20 16:16:50,925][utils.model][INFO] - Step 4/40 - val_loss: 0.0788 - val_accuracy: 0.9766
[2024-06-20 16:16:50,943][utils.model][INFO] - Step 5/40 - val_loss: 0.0916 - val_accuracy: 0.9695
[2024-06-20 16:16:50,963][utils.model][INFO] - Step 6/40 - val_loss: 0.1004 - val_accuracy: 0.9681
[2024-06-20 16:16:50,982][utils.model][INFO] - Step 7/40 - val_loss: 0.1038 - val_accuracy: 0.9665
[2024-06-20 16:16:51,002][utils.model][INFO] - Step 8/40 - val_loss: 0.1032 - val_accuracy: 0.9673
[2024-06-20 16:16:51,022][utils.model][INFO] - Step 9/40 - val_loss: 0.1048 - val_accuracy: 0.9653
[2024-06-20 16:16:51,045][utils.model][INFO] - Step 10/40 - val_loss: 0.1043 - val_accuracy: 0.9656
[2024-06-20 16:16:51,067][utils.model][INFO] - Step 11/40 - val_loss: 0.1029 - val_accuracy: 0.9673
[2024-06-20 16:16:51,088][utils.model][INFO] - Step 12/40 - val_loss: 0.1033 - val_accuracy: 0.9674
[2024-06-20 16:16:51,110][utils.model][INFO] - Step 13/40 - val_loss: 0.1008 - val_accuracy: 0.9684
[2024-06-20 16:16:51,131][utils.model][INFO] - Step 14/40 - val_loss: 0.1018 - val_accuracy: 0.9682
[2024-06-20 16:16:51,152][utils.model][INFO] - Step 15/40 - val_loss: 0.1052 - val_accuracy: 0.9667
[2024-06-20 16:16:51,175][utils.model][INFO] - Step 16/40 - val_loss: 0.1063 - val_accuracy: 0.9658
[2024-06-20 16:16:51,196][utils.model][INFO] - Step 17/40 - val_loss: 0.1064 - val_accuracy: 0.9655
[2024-06-20 16:16:51,217][utils.model][INFO] - Step 18/40 - val_loss: 0.1054 - val_accuracy: 0.9664
[2024-06-20 16:16:51,236][utils.model][INFO] - Step 19/40 - val_loss: 0.1053 - val_accuracy: 0.9659
[2024-06-20 16:16:51,258][utils.model][INFO] - Step 20/40 - val_loss: 0.1036 - val_accuracy: 0.9666
[2024-06-20 16:16:51,281][utils.model][INFO] - Step 21/40 - val_loss: 0.1002 - val_accuracy: 0.9674
[2024-06-20 16:16:51,302][utils.model][INFO] - Step 22/40 - val_loss: 0.0966 - val_accuracy: 0.9688
[2024-06-20 16:16:51,322][utils.model][INFO] - Step 23/40 - val_loss: 0.0953 - val_accuracy: 0.9691
[2024-06-20 16:16:51,340][utils.model][INFO] - Step 24/40 - val_loss: 0.0956 - val_accuracy: 0.9694
[2024-06-20 16:16:51,360][utils.model][INFO] - Step 25/40 - val_loss: 0.0923 - val_accuracy: 0.9703
[2024-06-20 16:16:51,380][utils.model][INFO] - Step 26/40 - val_loss: 0.0937 - val_accuracy: 0.9700
[2024-06-20 16:16:51,399][utils.model][INFO] - Step 27/40 - val_loss: 0.0912 - val_accuracy: 0.9709
[2024-06-20 16:16:51,417][utils.model][INFO] - Step 28/40 - val_loss: 0.0883 - val_accuracy: 0.9720
[2024-06-20 16:16:51,434][utils.model][INFO] - Step 29/40 - val_loss: 0.0858 - val_accuracy: 0.9728
[2024-06-20 16:16:51,453][utils.model][INFO] - Step 30/40 - val_loss: 0.0846 - val_accuracy: 0.9730
[2024-06-20 16:16:51,472][utils.model][INFO] - Step 31/40 - val_loss: 0.0834 - val_accuracy: 0.9734
[2024-06-20 16:16:51,490][utils.model][INFO] - Step 32/40 - val_loss: 0.0817 - val_accuracy: 0.9740
[2024-06-20 16:16:51,507][utils.model][INFO] - Step 33/40 - val_loss: 0.0800 - val_accuracy: 0.9746
[2024-06-20 16:16:51,525][utils.model][INFO] - Step 34/40 - val_loss: 0.0778 - val_accuracy: 0.9753
[2024-06-20 16:16:51,543][utils.model][INFO] - Step 35/40 - val_loss: 0.0757 - val_accuracy: 0.9760
[2024-06-20 16:16:51,562][utils.model][INFO] - Step 36/40 - val_loss: 0.0761 - val_accuracy: 0.9761
[2024-06-20 16:16:51,580][utils.model][INFO] - Step 37/40 - val_loss: 0.0743 - val_accuracy: 0.9768
[2024-06-20 16:16:51,599][utils.model][INFO] - Step 38/40 - val_loss: 0.0739 - val_accuracy: 0.9770
[2024-06-20 16:16:51,617][utils.model][INFO] - Step 39/40 - val_loss: 0.0754 - val_accuracy: 0.9767
[2024-06-20 16:16:51,626][utils.model][INFO] - Step 40/40 - val_loss: 0.0736 - val_accuracy: 0.9767
[2024-06-20 16:16:51,628][utils.model][INFO] - Evaluation Results - Val Loss: 0.0736, Val Accuracy: 0.9767 in 40 steps
[2024-06-20 16:16:51,630][root][INFO] - Appended data to last row of column centralized_loss in server data for client None
[2024-06-20 16:16:51,630][root][INFO] - Appended data to last row of column centralized_acc in server data for client None
[2024-06-20 16:16:51,630][root][INFO] - Appended {'centralized_loss': 0.07355641, 'centralized_acc': 0.9767} to the last row of server data
[2024-06-20 16:16:51,630][flwr][INFO] - fit progress: (5, 0.07355641, {'accuracy': 0.9767}, 70.93389457299781)
[2024-06-20 16:16:51,630][flwr][DEBUG] - evaluate_round 5: strategy sampled 3 clients (out of 3)
[2024-06-20 16:16:52,169][flwr][DEBUG] - evaluate_round 5 received 3 results and 0 failures
[2024-06-20 16:16:52,171][root][INFO] - Added data to epoch for client 2: {'round': 5, 'epoch_steps': 231, 'total_steps': 672, 'l2_norm': 5.105823516845703, 'total_computation_time': 9.823920249938965, 'total_rtc_check_time': 0.7804650589969242, 'total_duration': 11.236658811569214, 'val_loss': 0.07882161438465118, 'val_accuracy': 0.9725000262260437, 'experiment_id': 'exp_20240620_161519', 'client_id': '2'}
[2024-06-20 16:16:52,171][root][INFO] - Added epoch data for client 2: {'round': 5, 'epoch_steps': 231, 'total_steps': 672, 'l2_norm': 5.105823516845703, 'total_computation_time': 9.823920249938965, 'total_rtc_check_time': 0.7804650589969242, 'total_duration': 11.236658811569214, 'val_loss': 0.07882161438465118, 'val_accuracy': 0.9725000262260437, 'experiment_id': 'exp_20240620_161519', 'client_id': '2'}
[2024-06-20 16:16:52,172][root][INFO] - Epoch data saved to /home/psklavos/fl/geom_aio/csv_logs/exp_20240620_161519/clients/client_2/epoch.csv
[2024-06-20 16:16:52,173][root][INFO] - Added data to batch for client 2: {'round': 5, 'step_no': 442, 'loss': 0.13246798515319824, 'accuracy': 0.9375, 'l2_norm': 0.05397491157054901, 'computation_time': 0.03435397148132324, 'batch_time': 0.03675703326007351, 'rtc_check_time': 0.0013921670033596456, 'experiment_id': 'exp_20240620_161519', 'client_id': '2'}
[2024-06-20 16:16:52,174][root][INFO] - Added data to batch for client 2: {'round': 5, 'step_no': 443, 'loss': 0.26835259795188904, 'accuracy': 0.953125, 'l2_norm': 0.10260278731584549, 'computation_time': 0.04868292808532715, 'batch_time': 0.053719851464848034, 'rtc_check_time': 0.00251683899841737, 'experiment_id': 'exp_20240620_161519', 'client_id': '2'}
[2024-06-20 16:16:52,175][root][INFO] - Added data to batch for client 2: {'round': 5, 'step_no': 444, 'loss': 0.17493869364261627, 'accuracy': 0.9583333134651184, 'l2_norm': 0.1316305249929428, 'computation_time': 0.04809904098510742, 'batch_time': 0.052417776139918715, 'rtc_check_time': 0.0032928200089372694, 'experiment_id': 'exp_20240620_161519', 'client_id': '2'}
[2024-06-20 16:16:52,176][root][INFO] - Added data to batch for client 2: {'round': 5, 'step_no': 445, 'loss': 0.05116572231054306, 'accuracy': 0.96875, 'l2_norm': 0.13909269869327545, 'computation_time': 0.05271792411804199, 'batch_time': 0.05606450300547294, 'rtc_check_time': 0.0016156600031536072, 'experiment_id': 'exp_20240620_161519', 'client_id': '2'}
[2024-06-20 16:16:52,177][root][INFO] - Added data to batch for client 2: {'round': 5, 'step_no': 446, 'loss': 0.010912537574768066, 'accuracy': 0.9750000238418579, 'l2_norm': 0.13845352828502655, 'computation_time': 0.04523110389709473, 'batch_time': 0.047767014722921886, 'rtc_check_time': 0.001424164991476573, 'experiment_id': 'exp_20240620_161519', 'client_id': '2'}
[2024-06-20 16:16:52,178][root][INFO] - Added data to batch for client 2: {'round': 5, 'step_no': 447, 'loss': 0.32941195368766785, 'accuracy': 0.96875, 'l2_norm': 0.19424809515476227, 'computation_time': 0.05212712287902832, 'batch_time': 0.05909666341904085, 'rtc_check_time': 0.005799858990940265, 'experiment_id': 'exp_20240620_161519', 'client_id': '2'}
[2024-06-20 16:16:52,179][root][INFO] - Added data to batch for client 2: {'round': 5, 'step_no': 448, 'loss': 0.5118752121925354, 'accuracy': 0.9598214030265808, 'l2_norm': 0.21747490763664246, 'computation_time': 0.04640603065490723, 'batch_time': 0.049164416021085344, 'rtc_check_time': 0.0015164629876380786, 'experiment_id': 'exp_20240620_161519', 'client_id': '2'}
[2024-06-20 16:16:52,180][root][INFO] - Added data to batch for client 2: {'round': 5, 'step_no': 449, 'loss': 0.11026404798030853, 'accuracy': 0.95703125, 'l2_norm': 0.22609306871891022, 'computation_time': 0.04375410079956055, 'batch_time': 0.04721733080805279, 'rtc_check_time': 0.002318343991646543, 'experiment_id': 'exp_20240620_161519', 'client_id': '2'}
[2024-06-20 16:16:52,181][root][INFO] - Added data to batch for client 2: {'round': 5, 'step_no': 450, 'loss': 0.059517715126276016, 'accuracy': 0.9618055820465088, 'l2_norm': 0.22906696796417236, 'computation_time': 0.04762983322143555, 'batch_time': 0.051358647033339366, 'rtc_check_time': 0.002473539992934093, 'experiment_id': 'exp_20240620_161519', 'client_id': '2'}
[2024-06-20 16:16:52,182][root][INFO] - Added data to batch for client 2: {'round': 5, 'step_no': 451, 'loss': 0.03023327700793743, 'accuracy': 0.965624988079071, 'l2_norm': 0.2277480959892273, 'computation_time': 0.04445791244506836, 'batch_time': 0.04778377233014908, 'rtc_check_time': 0.0020517509983619675, 'experiment_id': 'exp_20240620_161519', 'client_id': '2'}
[2024-06-20 16:16:52,183][root][INFO] - Added data to batch for client 2: {'round': 5, 'step_no': 452, 'loss': 0.10876546800136566, 'accuracy': 0.9659090638160706, 'l2_norm': 0.24165108799934387, 'computation_time': 0.04088187217712402, 'batch_time': 0.044251544823055156, 'rtc_check_time': 0.0021885470050619915, 'experiment_id': 'exp_20240620_161519', 'client_id': '2'}
[2024-06-20 16:16:52,184][root][INFO] - Added data to batch for client 2: {'round': 5, 'step_no': 453, 'loss': 0.09669715166091919, 'accuracy': 0.9661458134651184, 'l2_norm': 0.27159807085990906, 'computation_time': 0.04277300834655762, 'batch_time': 0.04565064098278526, 'rtc_check_time': 0.0017067589942598715, 'experiment_id': 'exp_20240620_161519', 'client_id': '2'}
[2024-06-20 16:16:52,185][root][INFO] - Added data to batch for client 2: {'round': 5, 'step_no': 454, 'loss': 0.1673802137374878, 'accuracy': 0.9663461446762085, 'l2_norm': 0.2915664315223694, 'computation_time': 0.03967404365539551, 'batch_time': 0.042312807810958475, 'rtc_check_time': 0.0014869639999233186, 'experiment_id': 'exp_20240620_161519', 'client_id': '2'}
[2024-06-20 16:16:52,186][root][INFO] - Added data to batch for client 2: {'round': 5, 'step_no': 455, 'loss': 0.022655557841062546, 'accuracy': 0.96875, 'l2_norm': 0.29828742146492004, 'computation_time': 0.03918886184692383, 'batch_time': 0.044391633447958156, 'rtc_check_time': 0.003955604013754055, 'experiment_id': 'exp_20240620_161519', 'client_id': '2'}
[2024-06-20 16:16:52,187][root][INFO] - Added data to batch for client 2: {'round': 5, 'step_no': 456, 'loss': 0.25521668791770935, 'accuracy': 0.9645833373069763, 'l2_norm': 0.37958237528800964, 'computation_time': 0.04402494430541992, 'batch_time': 0.04750230727950111, 'rtc_check_time': 0.0019531529978848994, 'experiment_id': 'exp_20240620_161519', 'client_id': '2'}
[2024-06-20 16:16:52,188][root][INFO] - Added data to batch for client 2: {'round': 5, 'step_no': 457, 'loss': 0.2676095962524414, 'accuracy': 0.9609375, 'l2_norm': 0.3813853859901428, 'computation_time': 0.03870701789855957, 'batch_time': 0.04252633376745507, 'rtc_check_time': 0.0026403359952382743, 'experiment_id': 'exp_20240620_161519', 'client_id': '2'}
[2024-06-20 16:16:52,189][root][INFO] - Added data to batch for client 2: {'round': 5, 'step_no': 458, 'loss': 0.23579807579517365, 'accuracy': 0.9558823704719543, 'l2_norm': 0.4390447437763214, 'computation_time': 0.0404510498046875, 'batch_time': 0.04555240029003471, 'rtc_check_time': 0.003950504004023969, 'experiment_id': 'exp_20240620_161519', 'client_id': '2'}
[2024-06-20 16:16:52,190][root][INFO] - Added data to batch for client 2: {'round': 5, 'step_no': 459, 'loss': 0.3121301233768463, 'accuracy': 0.9513888955116272, 'l2_norm': 0.4898253381252289, 'computation_time': 0.04961800575256348, 'batch_time': 0.0551804477290716, 'rtc_check_time': 0.004130499990424141, 'experiment_id': 'exp_20240620_161519', 'client_id': '2'}
[2024-06-20 16:16:52,191][root][INFO] - Added data to batch for client 2: {'round': 5, 'step_no': 460, 'loss': 0.2257232964038849, 'accuracy': 0.9473684430122375, 'l2_norm': 0.5022313594818115, 'computation_time': 0.0396580696105957, 'batch_time': 0.043027408406487666, 'rtc_check_time': 0.002219445988885127, 'experiment_id': 'exp_20240620_161519', 'client_id': '2'}
[2024-06-20 16:16:52,193][root][INFO] - Added data to batch for client 2: {'round': 5, 'step_no': 461, 'loss': 0.4924822747707367, 'accuracy': 0.9453125, 'l2_norm': 0.5105194449424744, 'computation_time': 0.04233288764953613, 'batch_time': 0.045789007723215036, 'rtc_check_time': 0.0024490399955539033, 'experiment_id': 'exp_20240620_161519', 'client_id': '2'}
[2024-06-20 16:16:52,194][root][INFO] - Added data to batch for client 2: {'round': 5, 'step_no': 462, 'loss': 0.12938028573989868, 'accuracy': 0.9464285969734192, 'l2_norm': 0.5228871703147888, 'computation_time': 0.03783011436462402, 'batch_time': 0.04394526139367372, 'rtc_check_time': 0.005052277003414929, 'experiment_id': 'exp_20240620_161519', 'client_id': '2'}
[2024-06-20 16:16:52,196][root][INFO] - Added data to batch for client 2: {'round': 5, 'step_no': 463, 'loss': 0.45743823051452637, 'accuracy': 0.9431818127632141, 'l2_norm': 0.5584897398948669, 'computation_time': 0.04389786720275879, 'batch_time': 0.052744924832950346, 'rtc_check_time': 0.007583915998111479, 'experiment_id': 'exp_20240620_161519', 'client_id': '2'}
[2024-06-20 16:16:52,197][root][INFO] - Added data to batch for client 2: {'round': 5, 'step_no': 464, 'loss': 0.04371074587106705, 'accuracy': 0.945652186870575, 'l2_norm': 0.5542412996292114, 'computation_time': 0.04370689392089844, 'batch_time': 0.05243632786732633, 'rtc_check_time': 0.007344222001847811, 'experiment_id': 'exp_20240620_161519', 'client_id': '2'}
[2024-06-20 16:16:52,198][root][INFO] - Added data to batch for client 2: {'round': 5, 'step_no': 465, 'loss': 0.04054451733827591, 'accuracy': 0.9479166865348816, 'l2_norm': 0.5535212159156799, 'computation_time': 0.04151797294616699, 'batch_time': 0.05042550203506835, 'rtc_check_time': 0.007764312002109364, 'experiment_id': 'exp_20240620_161519', 'client_id': '2'}
[2024-06-20 16:16:52,199][root][INFO] - Added data to batch for client 2: {'round': 5, 'step_no': 466, 'loss': 0.12463629990816116, 'accuracy': 0.9487500190734863, 'l2_norm': 0.5582730174064636, 'computation_time': 0.03793597221374512, 'batch_time': 0.047350135748274624, 'rtc_check_time': 0.008278099005110562, 'experiment_id': 'exp_20240620_161519', 'client_id': '2'}
[2024-06-20 16:16:52,201][root][INFO] - Added data to batch for client 2: {'round': 5, 'step_no': 467, 'loss': 0.018382204696536064, 'accuracy': 0.9507211446762085, 'l2_norm': 0.5568313002586365, 'computation_time': 0.03988003730773926, 'batch_time': 0.04383668871014379, 'rtc_check_time': 0.0027836319932248443, 'experiment_id': 'exp_20240620_161519', 'client_id': '2'}
[2024-06-20 16:16:52,202][root][INFO] - Added data to batch for client 2: {'round': 5, 'step_no': 468, 'loss': 0.07702544331550598, 'accuracy': 0.9513888955116272, 'l2_norm': 0.5799002647399902, 'computation_time': 0.047224998474121094, 'batch_time': 0.06334897910710424, 'rtc_check_time': 0.01486083900090307, 'experiment_id': 'exp_20240620_161519', 'client_id': '2'}
[2024-06-20 16:16:52,203][root][INFO] - Added data to batch for client 2: {'round': 5, 'step_no': 469, 'loss': 0.38052135705947876, 'accuracy': 0.9497767686843872, 'l2_norm': 0.6202623248100281, 'computation_time': 0.04247403144836426, 'batch_time': 0.04833526942820754, 'rtc_check_time': 0.004596188999130391, 'experiment_id': 'exp_20240620_161519', 'client_id': '2'}
[2024-06-20 16:16:52,204][root][INFO] - Added data to batch for client 2: {'round': 5, 'step_no': 470, 'loss': 0.44631683826446533, 'accuracy': 0.9482758641242981, 'l2_norm': 0.6535347104072571, 'computation_time': 0.047766923904418945, 'batch_time': 0.056056670524412766, 'rtc_check_time': 0.006913832999998704, 'experiment_id': 'exp_20240620_161519', 'client_id': '2'}
[2024-06-20 16:16:52,205][root][INFO] - Added data to batch for client 2: {'round': 5, 'step_no': 471, 'loss': 0.07984544336795807, 'accuracy': 0.9489583373069763, 'l2_norm': 0.6636669635772705, 'computation_time': 0.05674099922180176, 'batch_time': 0.06163570641365368, 'rtc_check_time': 0.002492640007403679, 'experiment_id': 'exp_20240620_161519', 'client_id': '2'}
[2024-06-20 16:16:52,206][root][INFO] - Added data to batch for client 2: {'round': 5, 'step_no': 472, 'loss': 0.04619177430868149, 'accuracy': 0.9506048560142517, 'l2_norm': 0.660710334777832, 'computation_time': 0.05697512626647949, 'batch_time': 0.060660332659608684, 'rtc_check_time': 0.0019323529995745048, 'experiment_id': 'exp_20240620_161519', 'client_id': '2'}
[2024-06-20 16:16:52,207][root][INFO] - Added data to batch for client 2: {'round': 5, 'step_no': 473, 'loss': 0.06851403415203094, 'accuracy': 0.9521484375, 'l2_norm': 0.6524552702903748, 'computation_time': 0.04915308952331543, 'batch_time': 0.05552864805213176, 'rtc_check_time': 0.004782684001838788, 'experiment_id': 'exp_20240620_161519', 'client_id': '2'}
[2024-06-20 16:16:52,208][root][INFO] - Added data to batch for client 2: {'round': 5, 'step_no': 474, 'loss': 0.03665384650230408, 'accuracy': 0.9535984992980957, 'l2_norm': 0.6545364260673523, 'computation_time': 0.04288482666015625, 'batch_time': 0.047686409277957864, 'rtc_check_time': 0.0034154169989051297, 'experiment_id': 'exp_20240620_161519', 'client_id': '2'}
[2024-06-20 16:16:52,209][root][INFO] - Added data to batch for client 2: {'round': 5, 'step_no': 475, 'loss': 0.16743409633636475, 'accuracy': 0.9540441036224365, 'l2_norm': 0.6788153052330017, 'computation_time': 0.03879094123840332, 'batch_time': 0.04157561266038101, 'rtc_check_time': 0.0016526600084034726, 'experiment_id': 'exp_20240620_161519', 'client_id': '2'}
[2024-06-20 16:16:52,211][root][INFO] - Added data to batch for client 2: {'round': 5, 'step_no': 476, 'loss': 0.09074065089225769, 'accuracy': 0.9544642567634583, 'l2_norm': 0.7112225890159607, 'computation_time': 0.04107093811035156, 'batch_time': 0.04450827154505532, 'rtc_check_time': 0.001866154998424463, 'experiment_id': 'exp_20240620_161519', 'client_id': '2'}
[2024-06-20 16:16:52,212][root][INFO] - Added data to batch for client 2: {'round': 5, 'step_no': 477, 'loss': 0.12151011824607849, 'accuracy': 0.9548611044883728, 'l2_norm': 0.7466142177581787, 'computation_time': 0.04509091377258301, 'batch_time': 0.051159082504455, 'rtc_check_time': 0.004980980011168867, 'experiment_id': 'exp_20240620_161519', 'client_id': '2'}
[2024-06-20 16:16:52,213][root][INFO] - Added data to batch for client 2: {'round': 5, 'step_no': 478, 'loss': 0.12260860204696655, 'accuracy': 0.9552364945411682, 'l2_norm': 0.7709864377975464, 'computation_time': 0.0386960506439209, 'batch_time': 0.04406285962613765, 'rtc_check_time': 0.004237897010170855, 'experiment_id': 'exp_20240620_161519', 'client_id': '2'}
[2024-06-20 16:16:52,214][root][INFO] - Added data to batch for client 2: {'round': 5, 'step_no': 479, 'loss': 0.14946937561035156, 'accuracy': 0.9547697305679321, 'l2_norm': 0.7731516361236572, 'computation_time': 0.038908958435058594, 'batch_time': 0.04459350121032912, 'rtc_check_time': 0.004622388005373068, 'experiment_id': 'exp_20240620_161519', 'client_id': '2'}
[2024-06-20 16:16:52,215][root][INFO] - Added data to batch for client 2: {'round': 5, 'step_no': 480, 'loss': 0.3424747884273529, 'accuracy': 0.9519230723381042, 'l2_norm': 0.7969591021537781, 'computation_time': 0.040335893630981445, 'batch_time': 0.05584295366134029, 'rtc_check_time': 0.014308052996057086, 'experiment_id': 'exp_20240620_161519', 'client_id': '2'}
[2024-06-20 16:16:52,217][root][INFO] - Added data to batch for client 2: {'round': 5, 'step_no': 481, 'loss': 0.0916849747300148, 'accuracy': 0.952343761920929, 'l2_norm': 0.790162980556488, 'computation_time': 0.04631185531616211, 'batch_time': 0.04998326857457869, 'rtc_check_time': 0.0026004370010923594, 'experiment_id': 'exp_20240620_161519', 'client_id': '2'}
[2024-06-20 16:16:52,218][root][INFO] - Added data to batch for client 2: {'round': 5, 'step_no': 482, 'loss': 0.10783948004245758, 'accuracy': 0.9519817233085632, 'l2_norm': 0.7839850187301636, 'computation_time': 0.0383601188659668, 'batch_time': 0.04294953618955333, 'rtc_check_time': 0.0035406139941187575, 'experiment_id': 'exp_20240620_161519', 'client_id': '2'}
[2024-06-20 16:16:52,219][root][INFO] - Added data to batch for client 2: {'round': 5, 'step_no': 483, 'loss': 0.294672429561615, 'accuracy': 0.9516369104385376, 'l2_norm': 0.8128405213356018, 'computation_time': 0.04281878471374512, 'batch_time': 0.05615570518421009, 'rtc_check_time': 0.012093805999029428, 'experiment_id': 'exp_20240620_161519', 'client_id': '2'}
[2024-06-20 16:16:52,220][root][INFO] - Added data to batch for client 2: {'round': 5, 'step_no': 484, 'loss': 0.07434947043657303, 'accuracy': 0.9520348906517029, 'l2_norm': 0.8100557923316956, 'computation_time': 0.03797507286071777, 'batch_time': 0.04799805232323706, 'rtc_check_time': 0.008833986008539796, 'experiment_id': 'exp_20240620_161519', 'client_id': '2'}
[2024-06-20 16:16:52,221][root][INFO] - Added data to batch for client 2: {'round': 5, 'step_no': 485, 'loss': 0.051188208162784576, 'accuracy': 0.953125, 'l2_norm': 0.8159593939781189, 'computation_time': 0.041433095932006836, 'batch_time': 0.046670976327732205, 'rtc_check_time': 0.004200997995212674, 'experiment_id': 'exp_20240620_161519', 'client_id': '2'}
[2024-06-20 16:16:52,222][root][INFO] - Added data to batch for client 2: {'round': 5, 'step_no': 486, 'loss': 0.15272089838981628, 'accuracy': 0.9527778029441833, 'l2_norm': 0.8658883571624756, 'computation_time': 0.04105806350708008, 'batch_time': 0.0446950346668018, 'rtc_check_time': 0.002390041991020553, 'experiment_id': 'exp_20240620_161519', 'client_id': '2'}
[2024-06-20 16:16:52,223][root][INFO] - Added data to batch for client 2: {'round': 5, 'step_no': 487, 'loss': 0.015304092317819595, 'accuracy': 0.9538043737411499, 'l2_norm': 0.8671459555625916, 'computation_time': 0.05153489112854004, 'batch_time': 0.05437071522464976, 'rtc_check_time': 0.001702859008219093, 'experiment_id': 'exp_20240620_161519', 'client_id': '2'}
[2024-06-20 16:16:52,224][root][INFO] - Added data to batch for client 2: {'round': 5, 'step_no': 488, 'loss': 0.09291215240955353, 'accuracy': 0.9541223645210266, 'l2_norm': 0.8782472014427185, 'computation_time': 0.03833603858947754, 'batch_time': 0.041305061618913896, 'rtc_check_time': 0.0019061530038015917, 'experiment_id': 'exp_20240620_161519', 'client_id': '2'}
[2024-06-20 16:16:52,225][root][INFO] - Added data to batch for client 2: {'round': 5, 'step_no': 489, 'loss': 0.0651368498802185, 'accuracy': 0.9544270634651184, 'l2_norm': 0.8961199522018433, 'computation_time': 0.039759159088134766, 'batch_time': 0.04230786477273796, 'rtc_check_time': 0.0014028659934410825, 'experiment_id': 'exp_20240620_161519', 'client_id': '2'}
[2024-06-20 16:16:52,226][root][INFO] - Added data to batch for client 2: {'round': 5, 'step_no': 490, 'loss': 0.06459654867649078, 'accuracy': 0.9547193646430969, 'l2_norm': 0.9071441292762756, 'computation_time': 0.04263591766357422, 'batch_time': 0.045613817128469236, 'rtc_check_time': 0.0016117610066430643, 'experiment_id': 'exp_20240620_161519', 'client_id': '2'}
[2024-06-20 16:16:52,227][root][INFO] - Added data to batch for client 2: {'round': 5, 'step_no': 491, 'loss': 0.009704938158392906, 'accuracy': 0.9556249976158142, 'l2_norm': 0.9044272899627686, 'computation_time': 0.056056976318359375, 'batch_time': 0.06118791135668289, 'rtc_check_time': 0.0032877210032893345, 'experiment_id': 'exp_20240620_161519', 'client_id': '2'}
[2024-06-20 16:16:52,228][root][INFO] - Added data to batch for client 2: {'round': 5, 'step_no': 492, 'loss': 0.15799877047538757, 'accuracy': 0.9552696347236633, 'l2_norm': 0.937608540058136, 'computation_time': 0.04961395263671875, 'batch_time': 0.06490760720043909, 'rtc_check_time': 0.013923462989623658, 'experiment_id': 'exp_20240620_161519', 'client_id': '2'}
[2024-06-20 16:16:52,229][root][INFO] - Added data to batch for client 2: {'round': 5, 'step_no': 493, 'loss': 0.24916695058345795, 'accuracy': 0.9555288553237915, 'l2_norm': 0.9801207184791565, 'computation_time': 0.05138802528381348, 'batch_time': 0.058674715110100806, 'rtc_check_time': 0.005792759009636939, 'experiment_id': 'exp_20240620_161519', 'client_id': '2'}
[2024-06-20 16:16:52,231][root][INFO] - Added data to batch for client 2: {'round': 5, 'step_no': 494, 'loss': 0.16239754855632782, 'accuracy': 0.9551886916160583, 'l2_norm': 0.9877598881721497, 'computation_time': 0.04064297676086426, 'batch_time': 0.04474247393955011, 'rtc_check_time': 0.0025495379959465936, 'experiment_id': 'exp_20240620_161519', 'client_id': '2'}
[2024-06-20 16:16:52,233][root][INFO] - Added data to batch for client 2: {'round': 5, 'step_no': 495, 'loss': 0.11218845099210739, 'accuracy': 0.9554398059844971, 'l2_norm': 0.9959017634391785, 'computation_time': 0.038928985595703125, 'batch_time': 0.04352551339252386, 'rtc_check_time': 0.003364618998602964, 'experiment_id': 'exp_20240620_161519', 'client_id': '2'}
[2024-06-20 16:16:52,234][root][INFO] - Added data to batch for client 2: {'round': 5, 'step_no': 496, 'loss': 0.16136246919631958, 'accuracy': 0.9556818008422852, 'l2_norm': 1.0686630010604858, 'computation_time': 0.0393831729888916, 'batch_time': 0.04299181811802555, 'rtc_check_time': 0.002387942004133947, 'experiment_id': 'exp_20240620_161519', 'client_id': '2'}
[2024-06-20 16:16:52,235][root][INFO] - Added data to batch for client 2: {'round': 5, 'step_no': 497, 'loss': 0.0963357612490654, 'accuracy': 0.9553571343421936, 'l2_norm': 1.0890733003616333, 'computation_time': 0.04398608207702637, 'batch_time': 0.04946023365482688, 'rtc_check_time': 0.004240097012370825, 'experiment_id': 'exp_20240620_161519', 'client_id': '2'}
[2024-06-20 16:16:52,236][root][INFO] - Added data to batch for client 2: {'round': 5, 'step_no': 498, 'loss': 0.09001864492893219, 'accuracy': 0.9555920958518982, 'l2_norm': 1.1048946380615234, 'computation_time': 0.03960895538330078, 'batch_time': 0.044967391397221945, 'rtc_check_time': 0.004203297998174094, 'experiment_id': 'exp_20240620_161519', 'client_id': '2'}
[2024-06-20 16:16:52,237][root][INFO] - Added data to batch for client 2: {'round': 5, 'step_no': 499, 'loss': 0.09250233322381973, 'accuracy': 0.9558189511299133, 'l2_norm': 1.1056241989135742, 'computation_time': 0.039674997329711914, 'batch_time': 0.04283709131414071, 'rtc_check_time': 0.0019380529993213713, 'experiment_id': 'exp_20240620_161519', 'client_id': '2'}
[2024-06-20 16:16:52,238][root][INFO] - Added data to batch for client 2: {'round': 5, 'step_no': 500, 'loss': 0.018142517656087875, 'accuracy': 0.9565678238868713, 'l2_norm': 1.103639841079712, 'computation_time': 0.039530038833618164, 'batch_time': 0.04268671997124329, 'rtc_check_time': 0.002048750000540167, 'experiment_id': 'exp_20240620_161519', 'client_id': '2'}
[2024-06-20 16:16:52,239][root][INFO] - Added data to batch for client 2: {'round': 5, 'step_no': 501, 'loss': 0.13567787408828735, 'accuracy': 0.9557291865348816, 'l2_norm': 1.136049509048462, 'computation_time': 0.04009699821472168, 'batch_time': 0.04277953927521594, 'rtc_check_time': 0.0014396650076378137, 'experiment_id': 'exp_20240620_161519', 'client_id': '2'}
[2024-06-20 16:16:52,240][root][INFO] - Added data to batch for client 2: {'round': 5, 'step_no': 502, 'loss': 0.08082069456577301, 'accuracy': 0.9559426307678223, 'l2_norm': 1.1713509559631348, 'computation_time': 0.03775978088378906, 'batch_time': 0.040248154211440124, 'rtc_check_time': 0.0014190660003805533, 'experiment_id': 'exp_20240620_161519', 'client_id': '2'}
[2024-06-20 16:16:52,242][root][INFO] - Added data to batch for client 2: {'round': 5, 'step_no': 503, 'loss': 0.25210830569267273, 'accuracy': 0.9546371102333069, 'l2_norm': 1.211389183998108, 'computation_time': 0.046087026596069336, 'batch_time': 0.049779456356191076, 'rtc_check_time': 0.002091449001454748, 'experiment_id': 'exp_20240620_161519', 'client_id': '2'}
[2024-06-20 16:16:52,243][root][INFO] - Added data to batch for client 2: {'round': 5, 'step_no': 504, 'loss': 0.06629040837287903, 'accuracy': 0.9548611044883728, 'l2_norm': 1.2461313009262085, 'computation_time': 0.048525094985961914, 'batch_time': 0.05114265682641417, 'rtc_check_time': 0.0014955640072003007, 'experiment_id': 'exp_20240620_161519', 'client_id': '2'}
[2024-06-20 16:16:52,244][root][INFO] - Added data to batch for client 2: {'round': 5, 'step_no': 505, 'loss': 0.3730686902999878, 'accuracy': 0.95361328125, 'l2_norm': 1.2652673721313477, 'computation_time': 0.0423431396484375, 'batch_time': 0.04559457798313815, 'rtc_check_time': 0.002076749995467253, 'experiment_id': 'exp_20240620_161519', 'client_id': '2'}
[2024-06-20 16:16:52,245][root][INFO] - Added data to batch for client 2: {'round': 5, 'step_no': 506, 'loss': 0.09822358191013336, 'accuracy': 0.9538461565971375, 'l2_norm': 1.2615859508514404, 'computation_time': 0.0427091121673584, 'batch_time': 0.04536524595459923, 'rtc_check_time': 0.0015603619976900518, 'experiment_id': 'exp_20240620_161519', 'client_id': '2'}
[2024-06-20 16:16:52,246][root][INFO] - Added data to batch for client 2: {'round': 5, 'step_no': 507, 'loss': 0.13625378906726837, 'accuracy': 0.9540719985961914, 'l2_norm': 1.3014426231384277, 'computation_time': 0.041023969650268555, 'batch_time': 0.04415310869808309, 'rtc_check_time': 0.001845254999352619, 'experiment_id': 'exp_20240620_161519', 'client_id': '2'}
[2024-06-20 16:16:52,247][root][INFO] - Added data to batch for client 2: {'round': 5, 'step_no': 508, 'loss': 0.11501728743314743, 'accuracy': 0.954291045665741, 'l2_norm': 1.308341383934021, 'computation_time': 0.04784083366394043, 'batch_time': 0.054329044331097975, 'rtc_check_time': 0.005293972004437819, 'experiment_id': 'exp_20240620_161519', 'client_id': '2'}
[2024-06-20 16:16:52,249][root][INFO] - Added data to batch for client 2: {'round': 5, 'step_no': 509, 'loss': 0.0419771783053875, 'accuracy': 0.954963207244873, 'l2_norm': 1.325657606124878, 'computation_time': 0.04096198081970215, 'batch_time': 0.04357730652554892, 'rtc_check_time': 0.0014153649972286075, 'experiment_id': 'exp_20240620_161519', 'client_id': '2'}
[2024-06-20 16:16:52,250][root][INFO] - Added data to batch for client 2: {'round': 5, 'step_no': 510, 'loss': 0.1697556972503662, 'accuracy': 0.9547101259231567, 'l2_norm': 1.3755033016204834, 'computation_time': 0.03850698471069336, 'batch_time': 0.04268962936475873, 'rtc_check_time': 0.0030425270088016987, 'experiment_id': 'exp_20240620_161519', 'client_id': '2'}
[2024-06-20 16:16:52,251][root][INFO] - Added data to batch for client 2: {'round': 5, 'step_no': 511, 'loss': 0.06797006726264954, 'accuracy': 0.9553571343421936, 'l2_norm': 1.3735049962997437, 'computation_time': 0.03770804405212402, 'batch_time': 0.04331529958290048, 'rtc_check_time': 0.004471191001357511, 'experiment_id': 'exp_20240620_161519', 'client_id': '2'}
[2024-06-20 16:16:52,252][root][INFO] - Added data to batch for client 2: {'round': 5, 'step_no': 512, 'loss': 0.19348804652690887, 'accuracy': 0.9555457830429077, 'l2_norm': 1.3864277601242065, 'computation_time': 0.03990507125854492, 'batch_time': 0.043479236526764, 'rtc_check_time': 0.0023260440066223964, 'experiment_id': 'exp_20240620_161519', 'client_id': '2'}
[2024-06-20 16:16:52,253][root][INFO] - Added data to batch for client 2: {'round': 5, 'step_no': 513, 'loss': 0.1543692797422409, 'accuracy': 0.9557291865348816, 'l2_norm': 1.412194848060608, 'computation_time': 0.04276299476623535, 'batch_time': 0.04699777884525247, 'rtc_check_time': 0.002719634008826688, 'experiment_id': 'exp_20240620_161519', 'client_id': '2'}
[2024-06-20 16:16:52,254][root][INFO] - Added data to batch for client 2: {'round': 5, 'step_no': 514, 'loss': 0.38706693053245544, 'accuracy': 0.9554794430732727, 'l2_norm': 1.4560887813568115, 'computation_time': 0.0443120002746582, 'batch_time': 0.04845316064893268, 'rtc_check_time': 0.0028582300001289696, 'experiment_id': 'exp_20240620_161519', 'client_id': '2'}
[2024-06-20 16:16:52,255][root][INFO] - Added data to batch for client 2: {'round': 5, 'step_no': 515, 'loss': 0.12041696906089783, 'accuracy': 0.9556587934494019, 'l2_norm': 1.446379542350769, 'computation_time': 0.044281005859375, 'batch_time': 0.047264379740227014, 'rtc_check_time': 0.0015013639931567013, 'experiment_id': 'exp_20240620_161519', 'client_id': '2'}
[2024-06-20 16:16:52,256][root][INFO] - Added data to batch for client 2: {'round': 5, 'step_no': 516, 'loss': 0.08863262832164764, 'accuracy': 0.9554166793823242, 'l2_norm': 1.4807921648025513, 'computation_time': 0.041480064392089844, 'batch_time': 0.04643450191360898, 'rtc_check_time': 0.003746608999790624, 'experiment_id': 'exp_20240620_161519', 'client_id': '2'}
[2024-06-20 16:16:52,257][root][INFO] - Added data to batch for client 2: {'round': 5, 'step_no': 517, 'loss': 0.3616448938846588, 'accuracy': 0.9551809430122375, 'l2_norm': 1.5288159847259521, 'computation_time': 0.03803610801696777, 'batch_time': 0.05228420412458945, 'rtc_check_time': 0.012986384987016208, 'experiment_id': 'exp_20240620_161519', 'client_id': '2'}
[2024-06-20 16:16:52,258][root][INFO] - Added data to batch for client 2: {'round': 5, 'step_no': 518, 'loss': 0.17325359582901, 'accuracy': 0.954951286315918, 'l2_norm': 1.5471400022506714, 'computation_time': 0.04637908935546875, 'batch_time': 0.049309119349345565, 'rtc_check_time': 0.0017982569988816977, 'experiment_id': 'exp_20240620_161519', 'client_id': '2'}
[2024-06-20 16:16:52,259][root][INFO] - Added data to batch for client 2: {'round': 5, 'step_no': 519, 'loss': 0.18803980946540833, 'accuracy': 0.9551281929016113, 'l2_norm': 1.5688987970352173, 'computation_time': 0.04806709289550781, 'batch_time': 0.051353251372347586, 'rtc_check_time': 0.001709257994662039, 'experiment_id': 'exp_20240620_161519', 'client_id': '2'}
[2024-06-20 16:16:52,260][root][INFO] - Added data to batch for client 2: {'round': 5, 'step_no': 520, 'loss': 0.10798732191324234, 'accuracy': 0.954905092716217, 'l2_norm': 1.5829352140426636, 'computation_time': 0.051711082458496094, 'batch_time': 0.05434950154449325, 'rtc_check_time': 0.0015464619937120005, 'experiment_id': 'exp_20240620_161519', 'client_id': '2'}
[2024-06-20 16:16:52,261][root][INFO] - Added data to batch for client 2: {'round': 5, 'step_no': 521, 'loss': 0.04714623838663101, 'accuracy': 0.9554687738418579, 'l2_norm': 1.578303575515747, 'computation_time': 0.04028797149658203, 'batch_time': 0.043003472514101304, 'rtc_check_time': 0.0015603630017722026, 'experiment_id': 'exp_20240620_161519', 'client_id': '2'}
[2024-06-20 16:16:52,262][root][INFO] - Added data to batch for client 2: {'round': 5, 'step_no': 522, 'loss': 0.03864780813455582, 'accuracy': 0.9560185074806213, 'l2_norm': 1.5843944549560547, 'computation_time': 0.04140591621398926, 'batch_time': 0.04427852723165415, 'rtc_check_time': 0.001468564005335793, 'experiment_id': 'exp_20240620_161519', 'client_id': '2'}
[2024-06-20 16:16:52,263][root][INFO] - Added data to batch for client 2: {'round': 5, 'step_no': 523, 'loss': 0.03770403191447258, 'accuracy': 0.9565548896789551, 'l2_norm': 1.6199162006378174, 'computation_time': 0.043270111083984375, 'batch_time': 0.04801430625957437, 'rtc_check_time': 0.0036744110111612827, 'experiment_id': 'exp_20240620_161519', 'client_id': '2'}
[2024-06-20 16:16:52,265][root][INFO] - Added data to batch for client 2: {'round': 5, 'step_no': 524, 'loss': 0.034905388951301575, 'accuracy': 0.9567018151283264, 'l2_norm': 1.629148244857788, 'computation_time': 0.037819862365722656, 'batch_time': 0.04136058999574743, 'rtc_check_time': 0.0024957389978226274, 'experiment_id': 'exp_20240620_161519', 'client_id': '2'}
[2024-06-20 16:16:52,266][root][INFO] - Added data to batch for client 2: {'round': 5, 'step_no': 525, 'loss': 0.06366828083992004, 'accuracy': 0.956845223903656, 'l2_norm': 1.6602842807769775, 'computation_time': 0.04090690612792969, 'batch_time': 0.044862757975352, 'rtc_check_time': 0.0027797329967143014, 'experiment_id': 'exp_20240620_161519', 'client_id': '2'}
[2024-06-20 16:16:52,267][root][INFO] - Added data to batch for client 2: {'round': 5, 'step_no': 526, 'loss': 0.145364910364151, 'accuracy': 0.9569852948188782, 'l2_norm': 1.6975898742675781, 'computation_time': 0.03903603553771973, 'batch_time': 0.042451345623703673, 'rtc_check_time': 0.002282344998093322, 'experiment_id': 'exp_20240620_161519', 'client_id': '2'}
[2024-06-20 16:16:52,269][root][INFO] - Added data to batch for client 2: {'round': 5, 'step_no': 527, 'loss': 0.0393105186522007, 'accuracy': 0.9574854373931885, 'l2_norm': 1.7185455560684204, 'computation_time': 0.03928399085998535, 'batch_time': 0.04270380387606565, 'rtc_check_time': 0.0017668570071691647, 'experiment_id': 'exp_20240620_161519', 'client_id': '2'}
[2024-06-20 16:16:52,270][root][INFO] - Added data to batch for client 2: {'round': 5, 'step_no': 528, 'loss': 0.13363580405712128, 'accuracy': 0.9572557210922241, 'l2_norm': 1.8253649473190308, 'computation_time': 0.05050802230834961, 'batch_time': 0.053408024497912265, 'rtc_check_time': 0.0016399599990108982, 'experiment_id': 'exp_20240620_161519', 'client_id': '2'}
[2024-06-20 16:16:52,271][root][INFO] - Added data to batch for client 2: {'round': 5, 'step_no': 529, 'loss': 0.133808895945549, 'accuracy': 0.9573863744735718, 'l2_norm': 1.843025803565979, 'computation_time': 0.044901132583618164, 'batch_time': 0.047571992356097326, 'rtc_check_time': 0.0014520639961119741, 'experiment_id': 'exp_20240620_161519', 'client_id': '2'}
[2024-06-20 16:16:52,272][root][INFO] - Added data to batch for client 2: {'round': 5, 'step_no': 530, 'loss': 0.15531496703624725, 'accuracy': 0.9571629166603088, 'l2_norm': 1.8692951202392578, 'computation_time': 0.04136300086975098, 'batch_time': 0.04411950999929104, 'rtc_check_time': 0.001566562001244165, 'experiment_id': 'exp_20240620_161519', 'client_id': '2'}
[2024-06-20 16:16:52,272][root][INFO] - Added data to batch for client 2: {'round': 5, 'step_no': 531, 'loss': 0.1441616415977478, 'accuracy': 0.956944465637207, 'l2_norm': 1.910476565361023, 'computation_time': 0.04095005989074707, 'batch_time': 0.047202301619108766, 'rtc_check_time': 0.005080175993498415, 'experiment_id': 'exp_20240620_161519', 'client_id': '2'}
[2024-06-20 16:16:52,273][root][INFO] - Added data to batch for client 2: {'round': 5, 'step_no': 532, 'loss': 0.05924662947654724, 'accuracy': 0.9570741653442383, 'l2_norm': 1.9172431230545044, 'computation_time': 0.04016900062561035, 'batch_time': 0.04359083228337113, 'rtc_check_time': 0.002237844993942417, 'experiment_id': 'exp_20240620_161519', 'client_id': '2'}
[2024-06-20 16:16:52,274][root][INFO] - Added data to batch for client 2: {'round': 5, 'step_no': 533, 'loss': 0.022398343309760094, 'accuracy': 0.95754075050354, 'l2_norm': 1.9115749597549438, 'computation_time': 0.0435788631439209, 'batch_time': 0.047163411625660956, 'rtc_check_time': 0.0023824420059099793, 'experiment_id': 'exp_20240620_161519', 'client_id': '2'}
[2024-06-20 16:16:52,275][root][INFO] - Added data to batch for client 2: {'round': 5, 'step_no': 534, 'loss': 0.14084535837173462, 'accuracy': 0.957325279712677, 'l2_norm': 1.9384766817092896, 'computation_time': 0.040995121002197266, 'batch_time': 0.04482451544026844, 'rtc_check_time': 0.002568636991782114, 'experiment_id': 'exp_20240620_161519', 'client_id': '2'}
[2024-06-20 16:16:52,277][root][INFO] - Added data to batch for client 2: {'round': 5, 'step_no': 535, 'loss': 0.40094056725502014, 'accuracy': 0.9567819237709045, 'l2_norm': 1.9928691387176514, 'computation_time': 0.038951873779296875, 'batch_time': 0.04317450964299496, 'rtc_check_time': 0.0030875250085955486, 'experiment_id': 'exp_20240620_161519', 'client_id': '2'}
[2024-06-20 16:16:52,278][root][INFO] - Added data to batch for client 2: {'round': 5, 'step_no': 536, 'loss': 0.019195042550563812, 'accuracy': 0.9572368264198303, 'l2_norm': 1.9869356155395508, 'computation_time': 0.04260683059692383, 'batch_time': 0.046190652952645905, 'rtc_check_time': 0.0022627450089203194, 'experiment_id': 'exp_20240620_161519', 'client_id': '2'}
[2024-06-20 16:16:52,279][root][INFO] - Added data to batch for client 2: {'round': 5, 'step_no': 537, 'loss': 0.2527048587799072, 'accuracy': 0.95703125, 'l2_norm': 2.014838933944702, 'computation_time': 0.0449070930480957, 'batch_time': 0.04993196186842397, 'rtc_check_time': 0.003831106994766742, 'experiment_id': 'exp_20240620_161519', 'client_id': '2'}
[2024-06-20 16:16:52,280][root][INFO] - Added data to batch for client 2: {'round': 5, 'step_no': 538, 'loss': 0.09342266619205475, 'accuracy': 0.9568299055099487, 'l2_norm': 2.0474398136138916, 'computation_time': 0.045311927795410156, 'batch_time': 0.05103937556850724, 'rtc_check_time': 0.0044573920022230595, 'experiment_id': 'exp_20240620_161519', 'client_id': '2'}
[2024-06-20 16:16:52,282][root][INFO] - Added data to batch for client 2: {'round': 5, 'step_no': 539, 'loss': 0.4951772689819336, 'accuracy': 0.9559949040412903, 'l2_norm': 2.09383225440979, 'computation_time': 0.05008697509765625, 'batch_time': 0.056099465509760194, 'rtc_check_time': 0.004713585993158631, 'experiment_id': 'exp_20240620_161519', 'client_id': '2'}
[2024-06-20 16:16:52,283][root][INFO] - Added data to batch for client 2: {'round': 5, 'step_no': 540, 'loss': 0.079871267080307, 'accuracy': 0.9561237096786499, 'l2_norm': 2.1075072288513184, 'computation_time': 0.04315900802612305, 'batch_time': 0.048055809893412516, 'rtc_check_time': 0.003843707003397867, 'experiment_id': 'exp_20240620_161519', 'client_id': '2'}
[2024-06-20 16:16:52,284][root][INFO] - Added data to batch for client 2: {'round': 5, 'step_no': 541, 'loss': 0.1031283289194107, 'accuracy': 0.956250011920929, 'l2_norm': 2.1199653148651123, 'computation_time': 0.04353809356689453, 'batch_time': 0.05707553373940755, 'rtc_check_time': 0.012249503008206375, 'experiment_id': 'exp_20240620_161519', 'client_id': '2'}
[2024-06-20 16:16:52,285][root][INFO] - Added data to batch for client 2: {'round': 5, 'step_no': 542, 'loss': 0.17357200384140015, 'accuracy': 0.9560643434524536, 'l2_norm': 2.1369426250457764, 'computation_time': 0.042192935943603516, 'batch_time': 0.04589721925731283, 'rtc_check_time': 0.002450440006214194, 'experiment_id': 'exp_20240620_161519', 'client_id': '2'}
[2024-06-20 16:16:52,286][root][INFO] - Added data to batch for client 2: {'round': 5, 'step_no': 543, 'loss': 0.20503968000411987, 'accuracy': 0.9561887383460999, 'l2_norm': 2.1798787117004395, 'computation_time': 0.04248785972595215, 'batch_time': 0.04977809451520443, 'rtc_check_time': 0.006132951006293297, 'experiment_id': 'exp_20240620_161519', 'client_id': '2'}
[2024-06-20 16:16:52,287][root][INFO] - Added data to batch for client 2: {'round': 5, 'step_no': 544, 'loss': 0.12889429926872253, 'accuracy': 0.9563106894493103, 'l2_norm': 2.1705565452575684, 'computation_time': 0.03958892822265625, 'batch_time': 0.04215398033556994, 'rtc_check_time': 0.0013779660075670108, 'experiment_id': 'exp_20240620_161519', 'client_id': '2'}
[2024-06-20 16:16:52,288][root][INFO] - Added data to batch for client 2: {'round': 5, 'step_no': 545, 'loss': 0.04677785187959671, 'accuracy': 0.9564303159713745, 'l2_norm': 2.195310592651367, 'computation_time': 0.04001593589782715, 'batch_time': 0.043606108680251054, 'rtc_check_time': 0.002443140998366289, 'experiment_id': 'exp_20240620_161519', 'client_id': '2'}
[2024-06-20 16:16:52,289][root][INFO] - Added data to batch for client 2: {'round': 5, 'step_no': 546, 'loss': 0.01990285888314247, 'accuracy': 0.956845223903656, 'l2_norm': 2.192281723022461, 'computation_time': 0.03846383094787598, 'batch_time': 0.0446192871168023, 'rtc_check_time': 0.005106176002300344, 'experiment_id': 'exp_20240620_161519', 'client_id': '2'}
[2024-06-20 16:16:52,290][root][INFO] - Added data to batch for client 2: {'round': 5, 'step_no': 547, 'loss': 0.06460747122764587, 'accuracy': 0.9569575190544128, 'l2_norm': 2.197422981262207, 'computation_time': 0.039031982421875, 'batch_time': 0.042255214022588916, 'rtc_check_time': 0.002150347994756885, 'experiment_id': 'exp_20240620_161519', 'client_id': '2'}
[2024-06-20 16:16:52,291][root][INFO] - Added data to batch for client 2: {'round': 5, 'step_no': 548, 'loss': 0.10745168477296829, 'accuracy': 0.9570677280426025, 'l2_norm': 2.2089014053344727, 'computation_time': 0.03890705108642578, 'batch_time': 0.04165628508781083, 'rtc_check_time': 0.0016174610063899308, 'experiment_id': 'exp_20240620_161519', 'client_id': '2'}
[2024-06-20 16:16:52,292][root][INFO] - Added data to batch for client 2: {'round': 5, 'step_no': 549, 'loss': 0.18108026683330536, 'accuracy': 0.9571759104728699, 'l2_norm': 2.2155520915985107, 'computation_time': 0.04116010665893555, 'batch_time': 0.04679306624166202, 'rtc_check_time': 0.004573188998620026, 'experiment_id': 'exp_20240620_161519', 'client_id': '2'}
[2024-06-20 16:16:52,293][root][INFO] - Added data to batch for client 2: {'round': 5, 'step_no': 550, 'loss': 0.11157572269439697, 'accuracy': 0.9572821259498596, 'l2_norm': 2.2230679988861084, 'computation_time': 0.04759097099304199, 'batch_time': 0.04999869094172027, 'rtc_check_time': 0.0012816689995815977, 'experiment_id': 'exp_20240620_161519', 'client_id': '2'}
[2024-06-20 16:16:52,294][root][INFO] - Added data to batch for client 2: {'round': 5, 'step_no': 551, 'loss': 0.064203180372715, 'accuracy': 0.9576704502105713, 'l2_norm': 2.2305445671081543, 'computation_time': 0.04092717170715332, 'batch_time': 0.043819579426781274, 'rtc_check_time': 0.001566562001244165, 'experiment_id': 'exp_20240620_161519', 'client_id': '2'}
[2024-06-20 16:16:52,295][root][INFO] - Added data to batch for client 2: {'round': 5, 'step_no': 552, 'loss': 0.1160665974020958, 'accuracy': 0.9574887156486511, 'l2_norm': 2.2881581783294678, 'computation_time': 0.04174399375915527, 'batch_time': 0.04413488727004733, 'rtc_check_time': 0.0013909659901401028, 'experiment_id': 'exp_20240620_161519', 'client_id': '2'}
[2024-06-20 16:16:52,296][root][INFO] - Added data to batch for client 2: {'round': 5, 'step_no': 553, 'loss': 0.0714598000049591, 'accuracy': 0.9578682780265808, 'l2_norm': 2.282599687576294, 'computation_time': 0.04778599739074707, 'batch_time': 0.05086623212264385, 'rtc_check_time': 0.001659260000451468, 'experiment_id': 'exp_20240620_161519', 'client_id': '2'}
[2024-06-20 16:16:52,297][root][INFO] - Added data to batch for client 2: {'round': 5, 'step_no': 554, 'loss': 0.08699493110179901, 'accuracy': 0.9579645991325378, 'l2_norm': 2.2929608821868896, 'computation_time': 0.041229963302612305, 'batch_time': 0.04381224594544619, 'rtc_check_time': 0.0014421649975702167, 'experiment_id': 'exp_20240620_161519', 'client_id': '2'}
[2024-06-20 16:16:52,298][root][INFO] - Added data to batch for client 2: {'round': 5, 'step_no': 555, 'loss': 0.03017050214111805, 'accuracy': 0.9583333134651184, 'l2_norm': 2.285188913345337, 'computation_time': 0.03930211067199707, 'batch_time': 0.04305524908704683, 'rtc_check_time': 0.0026621349970810115, 'experiment_id': 'exp_20240620_161519', 'client_id': '2'}
[2024-06-20 16:16:52,300][root][INFO] - Added data to batch for client 2: {'round': 5, 'step_no': 556, 'loss': 0.04063258692622185, 'accuracy': 0.958695650100708, 'l2_norm': 2.2785730361938477, 'computation_time': 0.037843942642211914, 'batch_time': 0.04074588351068087, 'rtc_check_time': 0.0018898540001828223, 'experiment_id': 'exp_20240620_161519', 'client_id': '2'}
[2024-06-20 16:16:52,301][root][INFO] - Added data to batch for client 2: {'round': 5, 'step_no': 557, 'loss': 0.2527191638946533, 'accuracy': 0.9585129022598267, 'l2_norm': 2.355203628540039, 'computation_time': 0.03823399543762207, 'batch_time': 0.04187936721427832, 'rtc_check_time': 0.0024983399925986305, 'experiment_id': 'exp_20240620_161519', 'client_id': '2'}
[2024-06-20 16:16:52,302][root][INFO] - Added data to batch for client 2: {'round': 5, 'step_no': 558, 'loss': 0.13777269423007965, 'accuracy': 0.9583333134651184, 'l2_norm': 2.403857946395874, 'computation_time': 0.03832197189331055, 'batch_time': 0.04110834292077925, 'rtc_check_time': 0.0017542569985380396, 'experiment_id': 'exp_20240620_161519', 'client_id': '2'}
[2024-06-20 16:16:52,303][root][INFO] - Added data to batch for client 2: {'round': 5, 'step_no': 559, 'loss': 0.16130858659744263, 'accuracy': 0.9581567645072937, 'l2_norm': 2.4178924560546875, 'computation_time': 0.03919696807861328, 'batch_time': 0.04313638212624937, 'rtc_check_time': 0.00286343100015074, 'experiment_id': 'exp_20240620_161519', 'client_id': '2'}
[2024-06-20 16:16:52,304][root][INFO] - Added data to batch for client 2: {'round': 5, 'step_no': 560, 'loss': 0.0634542852640152, 'accuracy': 0.9582458138465881, 'l2_norm': 2.4204788208007812, 'computation_time': 0.045794010162353516, 'batch_time': 0.04915818518202286, 'rtc_check_time': 0.002250044999527745, 'experiment_id': 'exp_20240620_161519', 'client_id': '2'}
[2024-06-20 16:16:52,305][root][INFO] - Added data to batch for client 2: {'round': 5, 'step_no': 561, 'loss': 0.22916507720947266, 'accuracy': 0.957812488079071, 'l2_norm': 2.438347339630127, 'computation_time': 0.03941988945007324, 'batch_time': 0.0427427654794883, 'rtc_check_time': 0.0022087460092734545, 'experiment_id': 'exp_20240620_161519', 'client_id': '2'}
[2024-06-20 16:16:52,306][root][INFO] - Added data to batch for client 2: {'round': 5, 'step_no': 562, 'loss': 0.06321272999048233, 'accuracy': 0.9579029083251953, 'l2_norm': 2.4443695545196533, 'computation_time': 0.03950214385986328, 'batch_time': 0.05680945604399312, 'rtc_check_time': 0.016183407002245076, 'experiment_id': 'exp_20240620_161519', 'client_id': '2'}
[2024-06-20 16:16:52,307][root][INFO] - Added data to batch for client 2: {'round': 5, 'step_no': 563, 'loss': 0.21793437004089355, 'accuracy': 0.9577356576919556, 'l2_norm': 2.496980667114258, 'computation_time': 0.04693293571472168, 'batch_time': 0.050064506227499805, 'rtc_check_time': 0.0017494580097263679, 'experiment_id': 'exp_20240620_161519', 'client_id': '2'}
[2024-06-20 16:16:52,308][root][INFO] - Added data to batch for client 2: {'round': 5, 'step_no': 564, 'loss': 0.0896454006433487, 'accuracy': 0.9578251838684082, 'l2_norm': 2.5272655487060547, 'computation_time': 0.040966033935546875, 'batch_time': 0.04420678463065997, 'rtc_check_time': 0.0020436510094441473, 'experiment_id': 'exp_20240620_161519', 'client_id': '2'}
[2024-06-20 16:16:52,309][root][INFO] - Added data to batch for client 2: {'round': 5, 'step_no': 565, 'loss': 0.040984176099300385, 'accuracy': 0.9581653475761414, 'l2_norm': 2.5353572368621826, 'computation_time': 0.04152798652648926, 'batch_time': 0.04509754493483342, 'rtc_check_time': 0.0022296459937933832, 'experiment_id': 'exp_20240620_161519', 'client_id': '2'}
[2024-06-20 16:16:52,310][root][INFO] - Added data to batch for client 2: {'round': 5, 'step_no': 566, 'loss': 0.06042860448360443, 'accuracy': 0.9582499861717224, 'l2_norm': 2.5701041221618652, 'computation_time': 0.039244890213012695, 'batch_time': 0.04457825391727965, 'rtc_check_time': 0.004300296001019888, 'experiment_id': 'exp_20240620_161519', 'client_id': '2'}
[2024-06-20 16:16:52,311][root][INFO] - Added data to batch for client 2: {'round': 5, 'step_no': 567, 'loss': 0.023084420710802078, 'accuracy': 0.9585813283920288, 'l2_norm': 2.576674461364746, 'computation_time': 0.038584232330322266, 'batch_time': 0.04338470348739065, 'rtc_check_time': 0.0037848080100957304, 'experiment_id': 'exp_20240620_161519', 'client_id': '2'}
[2024-06-20 16:16:52,312][root][INFO] - Added data to batch for client 2: {'round': 5, 'step_no': 568, 'loss': 0.021096505224704742, 'accuracy': 0.9589074850082397, 'l2_norm': 2.5738537311553955, 'computation_time': 0.03959012031555176, 'batch_time': 0.04550961403583642, 'rtc_check_time': 0.004729785010567866, 'experiment_id': 'exp_20240620_161519', 'client_id': '2'}
[2024-06-20 16:16:52,313][root][INFO] - Added data to batch for client 2: {'round': 5, 'step_no': 569, 'loss': 0.2753148674964905, 'accuracy': 0.95849609375, 'l2_norm': 2.6098074913024902, 'computation_time': 0.04439401626586914, 'batch_time': 0.0532566097099334, 'rtc_check_time': 0.007686713011935353, 'experiment_id': 'exp_20240620_161519', 'client_id': '2'}
[2024-06-20 16:16:52,314][root][INFO] - Added data to batch for client 2: {'round': 5, 'step_no': 570, 'loss': 0.07280994951725006, 'accuracy': 0.9585756063461304, 'l2_norm': 2.6213409900665283, 'computation_time': 0.0446019172668457, 'batch_time': 0.0485682723519858, 'rtc_check_time': 0.0026152369973715395, 'experiment_id': 'exp_20240620_161519', 'client_id': '2'}
[2024-06-20 16:16:52,315][root][INFO] - Added data to batch for client 2: {'round': 5, 'step_no': 571, 'loss': 0.03520963340997696, 'accuracy': 0.9588942527770996, 'l2_norm': 2.628136396408081, 'computation_time': 0.04569196701049805, 'batch_time': 0.04942187856067903, 'rtc_check_time': 0.0024138409935403615, 'experiment_id': 'exp_20240620_161519', 'client_id': '2'}
[2024-06-20 16:16:52,316][root][INFO] - Added data to batch for client 2: {'round': 5, 'step_no': 572, 'loss': 0.12478667497634888, 'accuracy': 0.958730936050415, 'l2_norm': 2.6781888008117676, 'computation_time': 0.04123210906982422, 'batch_time': 0.0473564032727154, 'rtc_check_time': 0.004820382993784733, 'experiment_id': 'exp_20240620_161519', 'client_id': '2'}
[2024-06-20 16:16:52,317][root][INFO] - Added data to batch for client 2: {'round': 5, 'step_no': 573, 'loss': 0.06798388063907623, 'accuracy': 0.9588068127632141, 'l2_norm': 2.677701473236084, 'computation_time': 0.04378104209899902, 'batch_time': 0.05250533360231202, 'rtc_check_time': 0.007311423003557138, 'experiment_id': 'exp_20240620_161519', 'client_id': '2'}
[2024-06-20 16:16:52,318][root][INFO] - Added data to batch for client 2: {'round': 5, 'step_no': 574, 'loss': 0.13029314577579498, 'accuracy': 0.9588815569877625, 'l2_norm': 2.7327122688293457, 'computation_time': 0.04171609878540039, 'batch_time': 0.04448533563117962, 'rtc_check_time': 0.0015623619983671233, 'experiment_id': 'exp_20240620_161519', 'client_id': '2'}
[2024-06-20 16:16:52,319][root][INFO] - Added data to batch for client 2: {'round': 5, 'step_no': 575, 'loss': 0.23809081315994263, 'accuracy': 0.9589552283287048, 'l2_norm': 2.737165927886963, 'computation_time': 0.040025949478149414, 'batch_time': 0.045074729816406034, 'rtc_check_time': 0.0039356039924314246, 'experiment_id': 'exp_20240620_161519', 'client_id': '2'}
[2024-06-20 16:16:52,320][root][INFO] - Added data to batch for client 2: {'round': 5, 'step_no': 576, 'loss': 0.23547308146953583, 'accuracy': 0.9587963223457336, 'l2_norm': 2.8080875873565674, 'computation_time': 0.04030179977416992, 'batch_time': 0.050641950918361545, 'rtc_check_time': 0.009262976003810763, 'experiment_id': 'exp_20240620_161519', 'client_id': '2'}
[2024-06-20 16:16:52,321][root][INFO] - Added data to batch for client 2: {'round': 5, 'step_no': 577, 'loss': 0.22930440306663513, 'accuracy': 0.9586396813392639, 'l2_norm': 2.798906087875366, 'computation_time': 0.03766512870788574, 'batch_time': 0.049059574244893156, 'rtc_check_time': 0.010350648997700773, 'experiment_id': 'exp_20240620_161519', 'client_id': '2'}
[2024-06-20 16:16:52,323][root][INFO] - Added data to batch for client 2: {'round': 5, 'step_no': 578, 'loss': 0.12645192444324493, 'accuracy': 0.9584854245185852, 'l2_norm': 2.797229528427124, 'computation_time': 0.0372469425201416, 'batch_time': 0.04108638517209329, 'rtc_check_time': 0.0027403330022934824, 'experiment_id': 'exp_20240620_161519', 'client_id': '2'}
[2024-06-20 16:16:52,324][root][INFO] - Added data to batch for client 2: {'round': 5, 'step_no': 579, 'loss': 0.20686745643615723, 'accuracy': 0.957880437374115, 'l2_norm': 2.8835842609405518, 'computation_time': 0.03920412063598633, 'batch_time': 0.044916274113347754, 'rtc_check_time': 0.004479291004827246, 'experiment_id': 'exp_20240620_161519', 'client_id': '2'}
[2024-06-20 16:16:52,325][root][INFO] - Added data to batch for client 2: {'round': 5, 'step_no': 580, 'loss': 0.2513527274131775, 'accuracy': 0.9577338099479675, 'l2_norm': 2.9312148094177246, 'computation_time': 0.042643070220947266, 'batch_time': 0.04994940692267846, 'rtc_check_time': 0.0058164590009255335, 'experiment_id': 'exp_20240620_161519', 'client_id': '2'}
[2024-06-20 16:16:52,326][root][INFO] - Added data to batch for client 2: {'round': 5, 'step_no': 581, 'loss': 0.2339106649160385, 'accuracy': 0.9573660492897034, 'l2_norm': 2.9515864849090576, 'computation_time': 0.04325699806213379, 'batch_time': 0.048517996081500314, 'rtc_check_time': 0.004241997012286447, 'experiment_id': 'exp_20240620_161519', 'client_id': '2'}
[2024-06-20 16:16:52,327][root][INFO] - Added data to batch for client 2: {'round': 5, 'step_no': 582, 'loss': 0.2695946991443634, 'accuracy': 0.9570035338401794, 'l2_norm': 2.957803249359131, 'computation_time': 0.03815722465515137, 'batch_time': 0.04196380786015652, 'rtc_check_time': 0.002761832991382107, 'experiment_id': 'exp_20240620_161519', 'client_id': '2'}
[2024-06-20 16:16:52,328][root][INFO] - Added data to batch for client 2: {'round': 5, 'step_no': 583, 'loss': 0.06543648988008499, 'accuracy': 0.9570862650871277, 'l2_norm': 2.975205898284912, 'computation_time': 0.04961895942687988, 'batch_time': 0.05341095100448001, 'rtc_check_time': 0.0016619599919067696, 'experiment_id': 'exp_20240620_161519', 'client_id': '2'}
[2024-06-20 16:16:52,329][root][INFO] - Added data to batch for client 2: {'round': 5, 'step_no': 584, 'loss': 0.02478376217186451, 'accuracy': 0.9573863744735718, 'l2_norm': 2.9926486015319824, 'computation_time': 0.04239606857299805, 'batch_time': 0.04604163875046652, 'rtc_check_time': 0.0023986410087672994, 'experiment_id': 'exp_20240620_161519', 'client_id': '2'}
[2024-06-20 16:16:52,330][root][INFO] - Added data to batch for client 2: {'round': 5, 'step_no': 585, 'loss': 0.01524521317332983, 'accuracy': 0.9576823115348816, 'l2_norm': 2.9988362789154053, 'computation_time': 0.046499013900756836, 'batch_time': 0.050260026488103904, 'rtc_check_time': 0.002305943999090232, 'experiment_id': 'exp_20240620_161519', 'client_id': '2'}
[2024-06-20 16:16:52,331][root][INFO] - Added data to batch for client 2: {'round': 5, 'step_no': 586, 'loss': 0.2546803057193756, 'accuracy': 0.9573276042938232, 'l2_norm': 3.0642306804656982, 'computation_time': 0.04866385459899902, 'batch_time': 0.05155189118522685, 'rtc_check_time': 0.0015998610033420846, 'experiment_id': 'exp_20240620_161519', 'client_id': '2'}
[2024-06-20 16:16:52,332][root][INFO] - Added data to batch for client 2: {'round': 5, 'step_no': 587, 'loss': 0.14237263798713684, 'accuracy': 0.9571917653083801, 'l2_norm': 3.0957424640655518, 'computation_time': 0.04676103591918945, 'batch_time': 0.058277607007767074, 'rtc_check_time': 0.010165453000809066, 'experiment_id': 'exp_20240620_161519', 'client_id': '2'}
[2024-06-20 16:16:52,333][root][INFO] - Added data to batch for client 2: {'round': 5, 'step_no': 588, 'loss': 0.120818130671978, 'accuracy': 0.9572703838348389, 'l2_norm': 3.0917577743530273, 'computation_time': 0.0425570011138916, 'batch_time': 0.04558686990640126, 'rtc_check_time': 0.0019648529996629804, 'experiment_id': 'exp_20240620_161519', 'client_id': '2'}
[2024-06-20 16:16:52,334][root][INFO] - Added data to batch for client 2: {'round': 5, 'step_no': 589, 'loss': 0.0138089619576931, 'accuracy': 0.9575591087341309, 'l2_norm': 3.092623233795166, 'computation_time': 0.040452003479003906, 'batch_time': 0.04408126004273072, 'rtc_check_time': 0.0025313390069641173, 'experiment_id': 'exp_20240620_161519', 'client_id': '2'}
[2024-06-20 16:16:52,335][root][INFO] - Added data to batch for client 2: {'round': 5, 'step_no': 590, 'loss': 0.05267070233821869, 'accuracy': 0.9578439593315125, 'l2_norm': 3.1025633811950684, 'computation_time': 0.039666175842285156, 'batch_time': 0.04903939020005055, 'rtc_check_time': 0.008311298006447032, 'experiment_id': 'exp_20240620_161519', 'client_id': '2'}
[2024-06-20 16:16:52,336][root][INFO] - Added data to batch for client 2: {'round': 5, 'step_no': 591, 'loss': 0.3268626928329468, 'accuracy': 0.9574999809265137, 'l2_norm': 3.1793224811553955, 'computation_time': 0.04095005989074707, 'batch_time': 0.04801877198042348, 'rtc_check_time': 0.005976754997391254, 'experiment_id': 'exp_20240620_161519', 'client_id': '2'}
[2024-06-20 16:16:52,337][root][INFO] - Added data to batch for client 2: {'round': 5, 'step_no': 592, 'loss': 0.27298083901405334, 'accuracy': 0.9571605920791626, 'l2_norm': 3.20521879196167, 'computation_time': 0.0396730899810791, 'batch_time': 0.0439376131107565, 'rtc_check_time': 0.0032517210056539625, 'experiment_id': 'exp_20240620_161519', 'client_id': '2'}
[2024-06-20 16:16:52,338][root][INFO] - Added data to batch for client 2: {'round': 5, 'step_no': 593, 'loss': 0.21242231130599976, 'accuracy': 0.9568256735801697, 'l2_norm': 3.1964926719665527, 'computation_time': 0.04908299446105957, 'batch_time': 0.05191482698137406, 'rtc_check_time': 0.0016547599952900782, 'experiment_id': 'exp_20240620_161519', 'client_id': '2'}
[2024-06-20 16:16:52,339][root][INFO] - Added data to batch for client 2: {'round': 5, 'step_no': 594, 'loss': 0.08804722875356674, 'accuracy': 0.9569035768508911, 'l2_norm': 3.1980345249176025, 'computation_time': 0.04109597206115723, 'batch_time': 0.043721377398469485, 'rtc_check_time': 0.0014404649991774932, 'experiment_id': 'exp_20240620_161519', 'client_id': '2'}
[2024-06-20 16:16:52,340][root][INFO] - Added data to batch for client 2: {'round': 5, 'step_no': 595, 'loss': 0.01432071067392826, 'accuracy': 0.9571834206581116, 'l2_norm': 3.2058069705963135, 'computation_time': 0.0419001579284668, 'batch_time': 0.045313167487620376, 'rtc_check_time': 0.002325344001292251, 'experiment_id': 'exp_20240620_161519', 'client_id': '2'}
[2024-06-20 16:16:52,341][root][INFO] - Added data to batch for client 2: {'round': 5, 'step_no': 596, 'loss': 0.04364124312996864, 'accuracy': 0.9574596881866455, 'l2_norm': 3.224529266357422, 'computation_time': 0.03772401809692383, 'batch_time': 0.04053962622128893, 'rtc_check_time': 0.0016256609960692003, 'experiment_id': 'exp_20240620_161519', 'client_id': '2'}
[2024-06-20 16:16:52,342][root][INFO] - Added data to batch for client 2: {'round': 5, 'step_no': 597, 'loss': 0.02851451188325882, 'accuracy': 0.9577323794364929, 'l2_norm': 3.2305939197540283, 'computation_time': 0.03994393348693848, 'batch_time': 0.04417498917609919, 'rtc_check_time': 0.0031262239936040714, 'experiment_id': 'exp_20240620_161519', 'client_id': '2'}
[2024-06-20 16:16:52,343][root][INFO] - Added data to batch for client 2: {'round': 5, 'step_no': 598, 'loss': 0.04887419193983078, 'accuracy': 0.9580016136169434, 'l2_norm': 3.2490062713623047, 'computation_time': 0.039808034896850586, 'batch_time': 0.04256268775498029, 'rtc_check_time': 0.001701557994238101, 'experiment_id': 'exp_20240620_161519', 'client_id': '2'}
[2024-06-20 16:16:52,344][root][INFO] - Added data to batch for client 2: {'round': 5, 'step_no': 599, 'loss': 0.016492091119289398, 'accuracy': 0.9582673907279968, 'l2_norm': 3.246631622314453, 'computation_time': 0.04063916206359863, 'batch_time': 0.043196820974117145, 'rtc_check_time': 0.0014139649865683168, 'experiment_id': 'exp_20240620_161519', 'client_id': '2'}
[2024-06-20 16:16:52,345][root][INFO] - Added data to batch for client 2: {'round': 5, 'step_no': 600, 'loss': 0.0393122136592865, 'accuracy': 0.9585298895835876, 'l2_norm': 3.2555978298187256, 'computation_time': 0.03829383850097656, 'batch_time': 0.04136644188838545, 'rtc_check_time': 0.0019434529967838898, 'experiment_id': 'exp_20240620_161519', 'client_id': '2'}
[2024-06-20 16:16:52,347][root][INFO] - Added data to batch for client 2: {'round': 5, 'step_no': 601, 'loss': 0.031208762899041176, 'accuracy': 0.958789050579071, 'l2_norm': 3.271836996078491, 'computation_time': 0.03927111625671387, 'batch_time': 0.04208555963123217, 'rtc_check_time': 0.0017086580046452582, 'experiment_id': 'exp_20240620_161519', 'client_id': '2'}
[2024-06-20 16:16:52,348][root][INFO] - Added data to batch for client 2: {'round': 5, 'step_no': 602, 'loss': 0.13931937515735626, 'accuracy': 0.9584627151489258, 'l2_norm': 3.323883056640625, 'computation_time': 0.047608137130737305, 'batch_time': 0.051029742491664365, 'rtc_check_time': 0.002015650999965146, 'experiment_id': 'exp_20240620_161519', 'client_id': '2'}
[2024-06-20 16:16:52,349][root][INFO] - Added data to batch for client 2: {'round': 5, 'step_no': 603, 'loss': 0.10281868278980255, 'accuracy': 0.9583333134651184, 'l2_norm': 3.3588016033172607, 'computation_time': 0.043573856353759766, 'batch_time': 0.052591113388189115, 'rtc_check_time': 0.007682112991460599, 'experiment_id': 'exp_20240620_161519', 'client_id': '2'}
[2024-06-20 16:16:52,350][root][INFO] - Added data to batch for client 2: {'round': 5, 'step_no': 604, 'loss': 0.09300254285335541, 'accuracy': 0.95820552110672, 'l2_norm': 3.386336326599121, 'computation_time': 0.04342985153198242, 'batch_time': 0.04981754446635023, 'rtc_check_time': 0.005169373995158821, 'experiment_id': 'exp_20240620_161519', 'client_id': '2'}
[2024-06-20 16:16:52,351][root][INFO] - Added data to batch for client 2: {'round': 5, 'step_no': 605, 'loss': 0.12479472905397415, 'accuracy': 0.9582698345184326, 'l2_norm': 3.433220863342285, 'computation_time': 0.04241800308227539, 'batch_time': 0.04577937848807778, 'rtc_check_time': 0.0021473480010172352, 'experiment_id': 'exp_20240620_161519', 'client_id': '2'}
[2024-06-20 16:16:52,352][root][INFO] - Added data to batch for client 2: {'round': 5, 'step_no': 606, 'loss': 0.3157833516597748, 'accuracy': 0.9577651619911194, 'l2_norm': 3.4669716358184814, 'computation_time': 0.04056096076965332, 'batch_time': 0.04455623310059309, 'rtc_check_time': 0.002810331992805004, 'experiment_id': 'exp_20240620_161519', 'client_id': '2'}
[2024-06-20 16:16:52,353][root][INFO] - Added data to batch for client 2: {'round': 5, 'step_no': 607, 'loss': 0.27897658944129944, 'accuracy': 0.9572665691375732, 'l2_norm': 3.542085886001587, 'computation_time': 0.03913712501525879, 'batch_time': 0.04279692286218051, 'rtc_check_time': 0.0025349389907205477, 'experiment_id': 'exp_20240620_161519', 'client_id': '2'}
[2024-06-20 16:16:52,354][root][INFO] - Added data to batch for client 2: {'round': 5, 'step_no': 608, 'loss': 0.10177066177129745, 'accuracy': 0.957335352897644, 'l2_norm': 3.5313384532928467, 'computation_time': 0.038308143615722656, 'batch_time': 0.04151048017956782, 'rtc_check_time': 0.0020605499885277823, 'experiment_id': 'exp_20240620_161519', 'client_id': '2'}
[2024-06-20 16:16:52,355][root][INFO] - Added data to batch for client 2: {'round': 5, 'step_no': 609, 'loss': 0.060705579817295074, 'accuracy': 0.9575892686843872, 'l2_norm': 3.544321060180664, 'computation_time': 0.038568973541259766, 'batch_time': 0.041470151001703925, 'rtc_check_time': 0.0018249559943797067, 'experiment_id': 'exp_20240620_161519', 'client_id': '2'}
[2024-06-20 16:16:52,356][root][INFO] - Added data to batch for client 2: {'round': 5, 'step_no': 610, 'loss': 0.160236656665802, 'accuracy': 0.9574704170227051, 'l2_norm': 3.5279383659362793, 'computation_time': 0.03968691825866699, 'batch_time': 0.043301444267854095, 'rtc_check_time': 0.002469639992341399, 'experiment_id': 'exp_20240620_161519', 'client_id': '2'}
[2024-06-20 16:16:52,357][root][INFO] - Added data to batch for client 2: {'round': 5, 'step_no': 611, 'loss': 0.17444412410259247, 'accuracy': 0.9575367569923401, 'l2_norm': 3.556060552597046, 'computation_time': 0.03910994529724121, 'batch_time': 0.04156657221028581, 'rtc_check_time': 0.0014285659999586642, 'experiment_id': 'exp_20240620_161519', 'client_id': '2'}
[2024-06-20 16:16:52,358][root][INFO] - Added data to batch for client 2: {'round': 5, 'step_no': 612, 'loss': 0.1470649391412735, 'accuracy': 0.9572368264198303, 'l2_norm': 3.634159803390503, 'computation_time': 0.040129899978637695, 'batch_time': 0.04577311976754572, 'rtc_check_time': 0.004329294999479316, 'experiment_id': 'exp_20240620_161519', 'client_id': '2'}
[2024-06-20 16:16:52,359][root][INFO] - Added data to batch for client 2: {'round': 5, 'step_no': 613, 'loss': 0.07463029026985168, 'accuracy': 0.9573037624359131, 'l2_norm': 3.63301420211792, 'computation_time': 0.04467916488647461, 'batch_time': 0.04816016863333061, 'rtc_check_time': 0.0019751520012505352, 'experiment_id': 'exp_20240620_161519', 'client_id': '2'}
[2024-06-20 16:16:52,360][root][INFO] - Added data to batch for client 2: {'round': 5, 'step_no': 614, 'loss': 0.09775582700967789, 'accuracy': 0.9573699235916138, 'l2_norm': 3.616475820541382, 'computation_time': 0.039301156997680664, 'batch_time': 0.04242540408449713, 'rtc_check_time': 0.002083549989038147, 'experiment_id': 'exp_20240620_161519', 'client_id': '2'}
[2024-06-20 16:16:52,361][root][INFO] - Added data to batch for client 2: {'round': 5, 'step_no': 615, 'loss': 0.22937902808189392, 'accuracy': 0.9574353694915771, 'l2_norm': 3.655796527862549, 'computation_time': 0.04313302040100098, 'batch_time': 0.045902782076154836, 'rtc_check_time': 0.0015726619894849136, 'experiment_id': 'exp_20240620_161519', 'client_id': '2'}
[2024-06-20 16:16:52,362][root][INFO] - Added data to batch for client 2: {'round': 5, 'step_no': 616, 'loss': 0.07188490033149719, 'accuracy': 0.9574999809265137, 'l2_norm': 3.6805059909820557, 'computation_time': 0.04250621795654297, 'batch_time': 0.045359127238043584, 'rtc_check_time': 0.0015301630046451464, 'experiment_id': 'exp_20240620_161519', 'client_id': '2'}
[2024-06-20 16:16:52,363][root][INFO] - Added data to batch for client 2: {'round': 5, 'step_no': 617, 'loss': 0.017860393971204758, 'accuracy': 0.9577414989471436, 'l2_norm': 3.6937460899353027, 'computation_time': 0.03900909423828125, 'batch_time': 0.04660632547165733, 'rtc_check_time': 0.006416344011086039, 'experiment_id': 'exp_20240620_161519', 'client_id': '2'}
[2024-06-20 16:16:52,364][root][INFO] - Added data to batch for client 2: {'round': 5, 'step_no': 618, 'loss': 0.01212842483073473, 'accuracy': 0.957980215549469, 'l2_norm': 3.690268039703369, 'computation_time': 0.03870701789855957, 'batch_time': 0.04161252481571864, 'rtc_check_time': 0.0019184539996786043, 'experiment_id': 'exp_20240620_161519', 'client_id': '2'}
[2024-06-20 16:16:52,365][root][INFO] - Added data to batch for client 2: {'round': 5, 'step_no': 619, 'loss': 0.019289959222078323, 'accuracy': 0.9582163095474243, 'l2_norm': 3.6894235610961914, 'computation_time': 0.04118919372558594, 'batch_time': 0.044802601521951146, 'rtc_check_time': 0.002350743001443334, 'experiment_id': 'exp_20240620_161519', 'client_id': '2'}
[2024-06-20 16:16:52,366][root][INFO] - Added data to batch for client 2: {'round': 5, 'step_no': 620, 'loss': 0.007616729009896517, 'accuracy': 0.9584497213363647, 'l2_norm': 3.6906802654266357, 'computation_time': 0.04272890090942383, 'batch_time': 0.05224962913780473, 'rtc_check_time': 0.008370597002794966, 'experiment_id': 'exp_20240620_161519', 'client_id': '2'}
[2024-06-20 16:16:52,367][root][INFO] - Added data to batch for client 2: {'round': 5, 'step_no': 621, 'loss': 0.007149811834096909, 'accuracy': 0.9586805701255798, 'l2_norm': 3.690727710723877, 'computation_time': 0.04642009735107422, 'batch_time': 0.04894278725259937, 'rtc_check_time': 0.001422864996129647, 'experiment_id': 'exp_20240620_161519', 'client_id': '2'}
[2024-06-20 16:16:52,368][root][INFO] - Added data to batch for client 2: {'round': 5, 'step_no': 622, 'loss': 0.19419319927692413, 'accuracy': 0.9582182168960571, 'l2_norm': 3.7367377281188965, 'computation_time': 0.041847944259643555, 'batch_time': 0.04857447720132768, 'rtc_check_time': 0.00551846600137651, 'experiment_id': 'exp_20240620_161519', 'client_id': '2'}
[2024-06-20 16:16:52,369][root][INFO] - Added data to batch for client 2: {'round': 5, 'step_no': 623, 'loss': 0.053724661469459534, 'accuracy': 0.958276093006134, 'l2_norm': 3.713542938232422, 'computation_time': 0.050209999084472656, 'batch_time': 0.053574461620883085, 'rtc_check_time': 0.001676458996371366, 'experiment_id': 'exp_20240620_161519', 'client_id': '2'}
[2024-06-20 16:16:52,370][root][INFO] - Added data to batch for client 2: {'round': 5, 'step_no': 624, 'loss': 0.01949923485517502, 'accuracy': 0.9585040807723999, 'l2_norm': 3.71655535697937, 'computation_time': 0.049314022064208984, 'batch_time': 0.05199610044655856, 'rtc_check_time': 0.0014811639994150028, 'experiment_id': 'exp_20240620_161519', 'client_id': '2'}
[2024-06-20 16:16:52,371][root][INFO] - Added data to batch for client 2: {'round': 5, 'step_no': 625, 'loss': 0.004911279305815697, 'accuracy': 0.95872962474823, 'l2_norm': 3.718174934387207, 'computation_time': 0.046543121337890625, 'batch_time': 0.05600661826611031, 'rtc_check_time': 0.007757611994748004, 'experiment_id': 'exp_20240620_161519', 'client_id': '2'}
[2024-06-20 16:16:52,372][root][INFO] - Added data to batch for client 2: {'round': 5, 'step_no': 626, 'loss': 0.20751672983169556, 'accuracy': 0.9584459662437439, 'l2_norm': 3.8181254863739014, 'computation_time': 0.0415189266204834, 'batch_time': 0.04449286214367021, 'rtc_check_time': 0.0015889619971858338, 'experiment_id': 'exp_20240620_161519', 'client_id': '2'}
[2024-06-20 16:16:52,373][root][INFO] - Added data to batch for client 2: {'round': 5, 'step_no': 627, 'loss': 0.0755978673696518, 'accuracy': 0.9585013389587402, 'l2_norm': 3.809540033340454, 'computation_time': 0.04071807861328125, 'batch_time': 0.04345041718624998, 'rtc_check_time': 0.0016315599932568148, 'experiment_id': 'exp_20240620_161519', 'client_id': '2'}
[2024-06-20 16:16:52,374][root][INFO] - Added data to batch for client 2: {'round': 5, 'step_no': 628, 'loss': 0.07446163892745972, 'accuracy': 0.9585561752319336, 'l2_norm': 3.803802728652954, 'computation_time': 0.04001593589782715, 'batch_time': 0.04266032774467021, 'rtc_check_time': 0.0014272650005295873, 'experiment_id': 'exp_20240620_161519', 'client_id': '2'}
[2024-06-20 16:16:52,376][root][INFO] - Added data to batch for client 2: {'round': 5, 'step_no': 629, 'loss': 0.06361208111047745, 'accuracy': 0.9586103558540344, 'l2_norm': 3.837704658508301, 'computation_time': 0.038580894470214844, 'batch_time': 0.04164380062138662, 'rtc_check_time': 0.001900853996630758, 'experiment_id': 'exp_20240620_161519', 'client_id': '2'}
[2024-06-20 16:16:52,377][root][INFO] - Added data to batch for client 2: {'round': 5, 'step_no': 630, 'loss': 0.16747385263442993, 'accuracy': 0.9584986567497253, 'l2_norm': 3.904021978378296, 'computation_time': 0.04330706596374512, 'batch_time': 0.04587785975309089, 'rtc_check_time': 0.0012568689999170601, 'experiment_id': 'exp_20240620_161519', 'client_id': '2'}
[2024-06-20 16:16:52,378][root][INFO] - Added data to batch for client 2: {'round': 5, 'step_no': 631, 'loss': 0.09457466006278992, 'accuracy': 0.9583881497383118, 'l2_norm': 3.9191503524780273, 'computation_time': 0.04040098190307617, 'batch_time': 0.04408423794666305, 'rtc_check_time': 0.0024432410136796534, 'experiment_id': 'exp_20240620_161519', 'client_id': '2'}
[2024-06-20 16:16:52,379][root][INFO] - Added data to batch for client 2: {'round': 5, 'step_no': 632, 'loss': 0.0973266065120697, 'accuracy': 0.9582787752151489, 'l2_norm': 3.990593910217285, 'computation_time': 0.04275202751159668, 'batch_time': 0.04640357682364993, 'rtc_check_time': 0.001971652003703639, 'experiment_id': 'exp_20240620_161519', 'client_id': '2'}
[2024-06-20 16:16:52,380][root][INFO] - Added data to batch for client 2: {'round': 5, 'step_no': 633, 'loss': 0.063627228140831, 'accuracy': 0.95849609375, 'l2_norm': 3.978867769241333, 'computation_time': 0.06536197662353516, 'batch_time': 0.06843784749798942, 'rtc_check_time': 0.0015938609867589548, 'experiment_id': 'exp_20240620_161519', 'client_id': '2'}
[2024-06-20 16:16:52,381][root][INFO] - Added data to batch for client 2: {'round': 5, 'step_no': 634, 'loss': 0.02136755920946598, 'accuracy': 0.9587111473083496, 'l2_norm': 3.99672794342041, 'computation_time': 0.050421953201293945, 'batch_time': 0.06235618412028998, 'rtc_check_time': 0.010436246986500919, 'experiment_id': 'exp_20240620_161519', 'client_id': '2'}
[2024-06-20 16:16:52,382][root][INFO] - Added data to batch for client 2: {'round': 5, 'step_no': 635, 'loss': 0.02465095743536949, 'accuracy': 0.9589239954948425, 'l2_norm': 3.9841291904449463, 'computation_time': 0.052037954330444336, 'batch_time': 0.055266511655645445, 'rtc_check_time': 0.001784455991582945, 'experiment_id': 'exp_20240620_161519', 'client_id': '2'}
[2024-06-20 16:16:52,383][root][INFO] - Added data to batch for client 2: {'round': 5, 'step_no': 636, 'loss': 0.07787080109119415, 'accuracy': 0.9589743614196777, 'l2_norm': 4.063998222351074, 'computation_time': 0.04346919059753418, 'batch_time': 0.04783183368272148, 'rtc_check_time': 0.0031989220005925745, 'experiment_id': 'exp_20240620_161519', 'client_id': '2'}
[2024-06-20 16:16:52,384][root][INFO] - Added data to batch for client 2: {'round': 5, 'step_no': 637, 'loss': 0.04306367412209511, 'accuracy': 0.9590242505073547, 'l2_norm': 4.07137393951416, 'computation_time': 0.03848004341125488, 'batch_time': 0.04085482096706983, 'rtc_check_time': 0.0013178679946577176, 'experiment_id': 'exp_20240620_161519', 'client_id': '2'}
[2024-06-20 16:16:52,385][root][INFO] - Added data to batch for client 2: {'round': 5, 'step_no': 638, 'loss': 0.036129869520664215, 'accuracy': 0.9592322111129761, 'l2_norm': 4.094968318939209, 'computation_time': 0.037767887115478516, 'batch_time': 0.04269878797640558, 'rtc_check_time': 0.003877805997035466, 'experiment_id': 'exp_20240620_161519', 'client_id': '2'}
[2024-06-20 16:16:52,386][root][INFO] - Added data to batch for client 2: {'round': 5, 'step_no': 639, 'loss': 0.09408600628376007, 'accuracy': 0.9592803120613098, 'l2_norm': 4.148314476013184, 'computation_time': 0.03851914405822754, 'batch_time': 0.042981638995115645, 'rtc_check_time': 0.0034008170041488484, 'experiment_id': 'exp_20240620_161519', 'client_id': '2'}
[2024-06-20 16:16:52,387][root][INFO] - Added data to batch for client 2: {'round': 5, 'step_no': 640, 'loss': 0.09062320739030838, 'accuracy': 0.9593278765678406, 'l2_norm': 4.212632179260254, 'computation_time': 0.03886985778808594, 'batch_time': 0.0420117082685465, 'rtc_check_time': 0.0019807520002359524, 'experiment_id': 'exp_20240620_161519', 'client_id': '2'}
[2024-06-20 16:16:52,388][root][INFO] - Added data to batch for client 2: {'round': 5, 'step_no': 641, 'loss': 0.10605993121862411, 'accuracy': 0.9593750238418579, 'l2_norm': 4.239759922027588, 'computation_time': 0.04117393493652344, 'batch_time': 0.04345367042697035, 'rtc_check_time': 0.0012826689926441759, 'experiment_id': 'exp_20240620_161519', 'client_id': '2'}
[2024-06-20 16:16:52,389][root][INFO] - Added data to batch for client 2: {'round': 5, 'step_no': 642, 'loss': 0.053336478769779205, 'accuracy': 0.9594216346740723, 'l2_norm': 4.258766174316406, 'computation_time': 0.03755998611450195, 'batch_time': 0.04082766249484848, 'rtc_check_time': 0.002192647007177584, 'experiment_id': 'exp_20240620_161519', 'client_id': '2'}
[2024-06-20 16:16:52,390][root][INFO] - Added data to batch for client 2: {'round': 5, 'step_no': 643, 'loss': 0.05219699814915657, 'accuracy': 0.9596225023269653, 'l2_norm': 4.283828258514404, 'computation_time': 0.04341006278991699, 'batch_time': 0.050212734000524506, 'rtc_check_time': 0.005706661002477631, 'experiment_id': 'exp_20240620_161519', 'client_id': '2'}
[2024-06-20 16:16:52,391][root][INFO] - Added data to batch for client 2: {'round': 5, 'step_no': 644, 'loss': 0.30941125750541687, 'accuracy': 0.9595135450363159, 'l2_norm': 4.356766223907471, 'computation_time': 0.04188108444213867, 'batch_time': 0.04534629933186807, 'rtc_check_time': 0.0023272430116776377, 'experiment_id': 'exp_20240620_161519', 'client_id': '2'}
[2024-06-20 16:16:52,392][root][INFO] - Added data to batch for client 2: {'round': 5, 'step_no': 645, 'loss': 0.1298825442790985, 'accuracy': 0.9595588445663452, 'l2_norm': 4.3954010009765625, 'computation_time': 0.04133296012878418, 'batch_time': 0.044006787036778405, 'rtc_check_time': 0.0014378649939317256, 'experiment_id': 'exp_20240620_161519', 'client_id': '2'}
[2024-06-20 16:16:52,393][root][INFO] - Added data to batch for client 2: {'round': 5, 'step_no': 646, 'loss': 0.01914469711482525, 'accuracy': 0.959756076335907, 'l2_norm': 4.405459880828857, 'computation_time': 0.037934064865112305, 'batch_time': 0.04038842629233841, 'rtc_check_time': 0.0014043660048628226, 'experiment_id': 'exp_20240620_161519', 'client_id': '2'}
[2024-06-20 16:16:52,394][root][INFO] - Added data to batch for client 2: {'round': 5, 'step_no': 647, 'loss': 0.025583207607269287, 'accuracy': 0.9599514603614807, 'l2_norm': 4.430360794067383, 'computation_time': 0.0411379337310791, 'batch_time': 0.044157745302072726, 'rtc_check_time': 0.0017857570055639371, 'experiment_id': 'exp_20240620_161519', 'client_id': '2'}
[2024-06-20 16:16:52,395][root][INFO] - Added data to batch for client 2: {'round': 5, 'step_no': 648, 'loss': 0.17273513972759247, 'accuracy': 0.9596920013427734, 'l2_norm': 4.479227066040039, 'computation_time': 0.04191112518310547, 'batch_time': 0.04473159718327224, 'rtc_check_time': 0.0015525619965046644, 'experiment_id': 'exp_20240620_161519', 'client_id': '2'}
[2024-06-20 16:16:52,396][root][INFO] - Added data to batch for client 2: {'round': 5, 'step_no': 649, 'loss': 0.044033318758010864, 'accuracy': 0.959885835647583, 'l2_norm': 4.495805263519287, 'computation_time': 0.0388178825378418, 'batch_time': 0.04159697330032941, 'rtc_check_time': 0.0017710570100462064, 'experiment_id': 'exp_20240620_161519', 'client_id': '2'}
[2024-06-20 16:16:52,397][root][INFO] - Added data to batch for client 2: {'round': 5, 'step_no': 650, 'loss': 0.06214868277311325, 'accuracy': 0.9599282145500183, 'l2_norm': 4.534806728363037, 'computation_time': 0.03743100166320801, 'batch_time': 0.04193512428901158, 'rtc_check_time': 0.003377118002390489, 'experiment_id': 'exp_20240620_161519', 'client_id': '2'}
[2024-06-20 16:16:52,399][root][INFO] - Added data to batch for client 2: {'round': 5, 'step_no': 651, 'loss': 0.31888893246650696, 'accuracy': 0.9598214030265808, 'l2_norm': 4.627986907958984, 'computation_time': 0.04342913627624512, 'batch_time': 0.04600149067118764, 'rtc_check_time': 0.001494463998824358, 'experiment_id': 'exp_20240620_161519', 'client_id': '2'}
[2024-06-20 16:16:52,400][root][INFO] - Added data to batch for client 2: {'round': 5, 'step_no': 652, 'loss': 0.4356966018676758, 'accuracy': 0.9595675468444824, 'l2_norm': 4.618330478668213, 'computation_time': 0.039611101150512695, 'batch_time': 0.04400526185054332, 'rtc_check_time': 0.0032483210088685155, 'experiment_id': 'exp_20240620_161519', 'client_id': '2'}
[2024-06-20 16:16:52,401][root][INFO] - Added data to batch for client 2: {'round': 5, 'step_no': 653, 'loss': 0.057730551809072495, 'accuracy': 0.9596108198165894, 'l2_norm': 4.6455230712890625, 'computation_time': 0.04385113716125488, 'batch_time': 0.047799093488720246, 'rtc_check_time': 0.0026092360058100894, 'experiment_id': 'exp_20240620_161519', 'client_id': '2'}
[2024-06-20 16:16:52,402][root][INFO] - Added data to batch for client 2: {'round': 5, 'step_no': 654, 'loss': 0.15156373381614685, 'accuracy': 0.9596537351608276, 'l2_norm': 4.6262125968933105, 'computation_time': 0.05009913444519043, 'batch_time': 0.05295916291652247, 'rtc_check_time': 0.0014192649978213012, 'experiment_id': 'exp_20240620_161519', 'client_id': '2'}
[2024-06-20 16:16:52,403][root][INFO] - Added data to batch for client 2: {'round': 5, 'step_no': 655, 'loss': 0.08855897933244705, 'accuracy': 0.9596962332725525, 'l2_norm': 4.650479316711426, 'computation_time': 0.04140591621398926, 'batch_time': 0.045711885613854975, 'rtc_check_time': 0.003009926003869623, 'experiment_id': 'exp_20240620_161519', 'client_id': '2'}
[2024-06-20 16:16:52,404][root][INFO] - Added data to batch for client 2: {'round': 5, 'step_no': 656, 'loss': 0.0876031219959259, 'accuracy': 0.9597383737564087, 'l2_norm': 4.708259105682373, 'computation_time': 0.04254293441772461, 'batch_time': 0.046474393049720675, 'rtc_check_time': 0.0027503329911269248, 'experiment_id': 'exp_20240620_161519', 'client_id': '2'}
[2024-06-20 16:16:52,405][root][INFO] - Added data to batch for client 2: {'round': 5, 'step_no': 657, 'loss': 0.0293978713452816, 'accuracy': 0.9599247574806213, 'l2_norm': 4.707528591156006, 'computation_time': 0.04543113708496094, 'batch_time': 0.04793795796285849, 'rtc_check_time': 0.0014508649910567328, 'experiment_id': 'exp_20240620_161519', 'client_id': '2'}
[2024-06-20 16:16:52,406][root][INFO] - Added data to batch for client 2: {'round': 5, 'step_no': 658, 'loss': 0.15742310881614685, 'accuracy': 0.9598214030265808, 'l2_norm': 4.78225040435791, 'computation_time': 0.04014301300048828, 'batch_time': 0.043820823877467774, 'rtc_check_time': 0.002539838998927735, 'experiment_id': 'exp_20240620_161519', 'client_id': '2'}
[2024-06-20 16:16:52,407][root][INFO] - Added data to batch for client 2: {'round': 5, 'step_no': 659, 'loss': 0.08418121933937073, 'accuracy': 0.9600057601928711, 'l2_norm': 4.784631729125977, 'computation_time': 0.04091501235961914, 'batch_time': 0.043436095540528186, 'rtc_check_time': 0.0015230630087899044, 'experiment_id': 'exp_20240620_161519', 'client_id': '2'}
[2024-06-20 16:16:52,408][root][INFO] - Added data to batch for client 2: {'round': 5, 'step_no': 660, 'loss': 0.2398664355278015, 'accuracy': 0.9597602486610413, 'l2_norm': 4.840183258056641, 'computation_time': 0.038410186767578125, 'batch_time': 0.04176361254940275, 'rtc_check_time': 0.002216645996668376, 'experiment_id': 'exp_20240620_161519', 'client_id': '2'}
[2024-06-20 16:16:52,409][root][INFO] - Added data to batch for client 2: {'round': 5, 'step_no': 661, 'loss': 0.13263313472270966, 'accuracy': 0.9598011374473572, 'l2_norm': 4.853228569030762, 'computation_time': 0.0368959903717041, 'batch_time': 0.04019022223656066, 'rtc_check_time': 0.0022821449965704232, 'experiment_id': 'exp_20240620_161519', 'client_id': '2'}
[2024-06-20 16:16:52,410][root][INFO] - Added data to batch for client 2: {'round': 5, 'step_no': 662, 'loss': 0.04805601015686989, 'accuracy': 0.9599830508232117, 'l2_norm': 4.864590167999268, 'computation_time': 0.03809094429016113, 'batch_time': 0.04670256018289365, 'rtc_check_time': 0.007586416002595797, 'experiment_id': 'exp_20240620_161519', 'client_id': '2'}
[2024-06-20 16:16:52,411][root][INFO] - Added data to batch for client 2: {'round': 5, 'step_no': 663, 'loss': 0.21097499132156372, 'accuracy': 0.960022509098053, 'l2_norm': 4.900939464569092, 'computation_time': 0.043267011642456055, 'batch_time': 0.048824779369169846, 'rtc_check_time': 0.0043446939962450415, 'experiment_id': 'exp_20240620_161519', 'client_id': '2'}
[2024-06-20 16:16:52,412][root][INFO] - Added data to batch for client 2: {'round': 5, 'step_no': 664, 'loss': 0.1664300411939621, 'accuracy': 0.9600616693496704, 'l2_norm': 4.9212164878845215, 'computation_time': 0.04158902168273926, 'batch_time': 0.04471788906084839, 'rtc_check_time': 0.0019279529951745644, 'experiment_id': 'exp_20240620_161519', 'client_id': '2'}
[2024-06-20 16:16:52,413][root][INFO] - Added data to batch for client 2: {'round': 5, 'step_no': 665, 'loss': 0.29346963763237, 'accuracy': 0.9599609375, 'l2_norm': 4.98654317855835, 'computation_time': 0.049781084060668945, 'batch_time': 0.05294096691068262, 'rtc_check_time': 0.0015679619973525405, 'experiment_id': 'exp_20240620_161519', 'client_id': '2'}
[2024-06-20 16:16:52,414][root][INFO] - Added data to batch for client 2: {'round': 5, 'step_no': 666, 'loss': 0.08288736641407013, 'accuracy': 0.9601389169692993, 'l2_norm': 5.002653121948242, 'computation_time': 0.04183506965637207, 'batch_time': 0.04434970066358801, 'rtc_check_time': 0.001423866007826291, 'experiment_id': 'exp_20240620_161519', 'client_id': '2'}
[2024-06-20 16:16:52,415][root][INFO] - Added data to batch for client 2: {'round': 5, 'step_no': 667, 'loss': 0.19901302456855774, 'accuracy': 0.9600387215614319, 'l2_norm': 5.049478054046631, 'computation_time': 0.038461923599243164, 'batch_time': 0.04348387834033929, 'rtc_check_time': 0.00393190499744378, 'experiment_id': 'exp_20240620_161519', 'client_id': '2'}
[2024-06-20 16:16:52,416][root][INFO] - Added data to batch for client 2: {'round': 5, 'step_no': 668, 'loss': 0.06235577538609505, 'accuracy': 0.9602147340774536, 'l2_norm': 5.070113658905029, 'computation_time': 0.04362893104553223, 'batch_time': 0.048827082209754735, 'rtc_check_time': 0.0038692060043103993, 'experiment_id': 'exp_20240620_161519', 'client_id': '2'}
[2024-06-20 16:16:52,418][root][INFO] - Added data to batch for client 2: {'round': 5, 'step_no': 669, 'loss': 0.06537842750549316, 'accuracy': 0.9602521657943726, 'l2_norm': 5.066159248352051, 'computation_time': 0.04113507270812988, 'batch_time': 0.04569392939447425, 'rtc_check_time': 0.003413016995182261, 'experiment_id': 'exp_20240620_161519', 'client_id': '2'}
[2024-06-20 16:16:52,419][root][INFO] - Added data to batch for client 2: {'round': 5, 'step_no': 670, 'loss': 0.020482996478676796, 'accuracy': 0.9604257345199585, 'l2_norm': 5.068889141082764, 'computation_time': 0.04708409309387207, 'batch_time': 0.04991447471547872, 'rtc_check_time': 0.0016213610069826245, 'experiment_id': 'exp_20240620_161519', 'client_id': '2'}
[2024-06-20 16:16:52,420][root][INFO] - Added data to batch for client 2: {'round': 5, 'step_no': 671, 'loss': 0.03920856490731239, 'accuracy': 0.960597813129425, 'l2_norm': 5.107101917266846, 'computation_time': 0.04350614547729492, 'batch_time': 0.04624404103378765, 'rtc_check_time': 0.0015579620085190982, 'experiment_id': 'exp_20240620_161519', 'client_id': '2'}
[2024-06-20 16:16:52,421][root][INFO] - Added data to batch for client 2: {'round': 5, 'step_no': 672, 'loss': 0.0570853166282177, 'accuracy': 0.9606330990791321, 'l2_norm': 5.105823516845703, 'computation_time': 0.04514598846435547, 'batch_time': 0.04909392390982248, 'rtc_check_time': 0.002717933995882049, 'experiment_id': 'exp_20240620_161519', 'client_id': '2'}
[2024-06-20 16:16:52,421][root][INFO] - Added batch data list for client 2. New Data Added: 231
[2024-06-20 16:16:52,427][root][INFO] - Batch data saved to /home/psklavos/fl/geom_aio/csv_logs/exp_20240620_161519/clients/client_2/batch.csv
[2024-06-20 16:16:52,428][root][INFO] - Appended data to last row of column distributed_loss in server data for client None
[2024-06-20 16:16:52,428][root][INFO] - Appended data to last row of column distributed_acc in server data for client None
[2024-06-20 16:16:52,428][root][INFO] - Appended {'distributed_loss': 0.07935797919829686, 'distributed_acc': 0.9746666749318441} to the last row of server data
[2024-06-20 16:16:52,429][root][INFO] - Server data saved to /home/psklavos/fl/geom_aio/csv_logs/exp_20240620_161519/server/server.csv
[2024-06-20 16:16:52,429][flwr][INFO] - FL finished in 71.73258157999953
[2024-06-20 16:16:52,429][flwr][INFO] - app_fit: losses_distributed [(1, 1.0676090319951375), (2, 0.31797366340955097), (3, 0.16347078482309976), (4, 0.10753523310025533), (5, 0.07935797919829686)]
[2024-06-20 16:16:52,429][flwr][INFO] - app_fit: metrics_distributed_fit {'average_norm': [(1, 5.22278356552124), (2, 5.026544729868571), (3, 5.0550689697265625), (4, 5.035096645355225), (5, 5.011758327484131)], 'round_time': [(1, 4.430664168487304), (2, 6.050022889733764), (3, 9.424962976050782), (4, 10.754087074861207), (5, 12.522760745147583)], 'average_downlink_time': [(1, 0.7126609039999999), (2, 0.7878044866666666), (3, 0.7853721316666666), (4, 0.7187367673333332), (5, 0.71471709)], 'average_rtc_check_time': [(1, 0.17903561233348833), (2, 0.3168690979461341), (3, 0.5648340169573203), (4, 0.6366091840463923), (5, 0.7598181286884937)], 'average_uplink_time': [(1, 1.0586103033333334), (2, 0.5522694893333333), (3, 0.4955484413333333), (4, 0.254109431), (5, 0.4882774493333333)], 'average_computation_time': [(1, 1.7799425919850667), (2, 3.840294122695923), (3, 6.952635447184245), (4, 8.376495440800985), (5, 9.84797732035319)], 'average_communication_time': [(1, 1.9503068196668216), (2, 1.656943073946134), (3, 1.8457545899573204), (4, 1.6094553823797255), (5, 1.962812668021827)], 'average_fit_time': [(1, 2.1222540537516275), (2, 4.433998346328735), (3, 7.977733294169108), (4, 9.560858329137167), (5, 11.23622727394104)], 'average_throughput': [(1, 2.4424634441331996), (2, 5.939838009281722), (3, 5.447655881337416), (4, 9.53927958220219), (5, 4.958533665118697)], 'dropouts': [(1, 0), (2, 0), (3, 0), (4, 0), (5, 0)]}
[2024-06-20 16:16:52,429][flwr][INFO] - app_fit: metrics_distributed {'accuracy': [(1, 0.8048333525657654), (2, 0.9023333390553793), (3, 0.9491666555404663), (4, 0.9671666622161865), (5, 0.9746666749318441)]}
[2024-06-20 16:16:52,429][flwr][INFO] - app_fit: losses_centralized [(0, 2.3058772), (1, 1.0461272), (2, 0.30443025), (3, 0.15708026), (4, 0.10131583), (5, 0.07355641)]
[2024-06-20 16:16:52,429][flwr][INFO] - app_fit: metrics_centralized {'accuracy': [(0, 0.053), (1, 0.8091), (2, 0.9121), (3, 0.9523), (4, 0.9675), (5, 0.9767)]}
