[2024-06-20 01:36:17,859][root][INFO] - Initialized DataManager for experiment exp_20240620_013617
[2024-06-20 01:36:17,864][root][INFO] - Added data to info for client None: {'experiment_id': 'exp_20240620_013617', 'algorithm': 'fda', 'num_clients': 3, 'dataset': 'mnist', 'ann': 'lenet', 'threshold': 5, 'thres_discount_factor': 1.0, 'steps_threshold': 500, 'train_batch_size': 32, 'eval_batch_size': 64, 'network_template': 1, 'client_mobility': False, 'non_iid': False}
[2024-06-20 01:36:17,864][root][INFO] - Added info data: {'experiment_id': 'exp_20240620_013617', 'algorithm': 'fda', 'num_clients': 3, 'dataset': 'mnist', 'ann': 'lenet', 'threshold': 5, 'thres_discount_factor': 1.0, 'steps_threshold': 500, 'train_batch_size': 32, 'eval_batch_size': 64, 'network_template': 1, 'client_mobility': False, 'non_iid': False}
[2024-06-20 01:36:17,867][root][INFO] - Info data saved to /home/psklavos/fl/geom_aio/csv_logs/exp_20240620_013617/info.csv
[2024-06-20 01:36:17,868][flwr][INFO] - Starting Flower server, config: ServerConfig(num_rounds=5, round_timeout=None)
[2024-06-20 01:36:17,875][flwr][INFO] - Flower ECE: gRPC server running (5 rounds), SSL is disabled
[2024-06-20 01:36:17,875][flwr][INFO] - Initializing global parameters
[2024-06-20 01:36:17,876][flwr][INFO] - Requesting initial parameters from one random client
[2024-06-20 01:36:21,592][flwr][INFO] - Received initial parameters from one random client
[2024-06-20 01:36:21,592][flwr][INFO] - Evaluating initial parameters
[2024-06-20 01:36:21,738][utils.model][INFO] - LeNet model built
[2024-06-20 01:36:22,148][utils.model][INFO] - Size of serialized model: 279.0341796875 kbytes
[2024-06-20 01:36:22,243][utils.model][INFO] - Step 1/40 - val_loss: 2.3186 - val_accuracy: 0.0586
[2024-06-20 01:36:22,276][utils.model][INFO] - Step 2/40 - val_loss: 2.3182 - val_accuracy: 0.0586
[2024-06-20 01:36:22,308][utils.model][INFO] - Step 3/40 - val_loss: 2.3165 - val_accuracy: 0.0638
[2024-06-20 01:36:22,338][utils.model][INFO] - Step 4/40 - val_loss: 2.3134 - val_accuracy: 0.0635
[2024-06-20 01:36:22,366][utils.model][INFO] - Step 5/40 - val_loss: 2.3131 - val_accuracy: 0.0648
[2024-06-20 01:36:22,391][utils.model][INFO] - Step 6/40 - val_loss: 2.3137 - val_accuracy: 0.0645
[2024-06-20 01:36:22,418][utils.model][INFO] - Step 7/40 - val_loss: 2.3142 - val_accuracy: 0.0653
[2024-06-20 01:36:22,447][utils.model][INFO] - Step 8/40 - val_loss: 2.3133 - val_accuracy: 0.0659
[2024-06-20 01:36:22,471][utils.model][INFO] - Step 9/40 - val_loss: 2.3131 - val_accuracy: 0.0673
[2024-06-20 01:36:22,495][utils.model][INFO] - Step 10/40 - val_loss: 2.3140 - val_accuracy: 0.0680
[2024-06-20 01:36:22,520][utils.model][INFO] - Step 11/40 - val_loss: 2.3135 - val_accuracy: 0.0700
[2024-06-20 01:36:22,544][utils.model][INFO] - Step 12/40 - val_loss: 2.3142 - val_accuracy: 0.0697
[2024-06-20 01:36:22,571][utils.model][INFO] - Step 13/40 - val_loss: 2.3137 - val_accuracy: 0.0697
[2024-06-20 01:36:22,593][utils.model][INFO] - Step 14/40 - val_loss: 2.3140 - val_accuracy: 0.0689
[2024-06-20 01:36:22,616][utils.model][INFO] - Step 15/40 - val_loss: 2.3138 - val_accuracy: 0.0693
[2024-06-20 01:36:22,641][utils.model][INFO] - Step 16/40 - val_loss: 2.3149 - val_accuracy: 0.0676
[2024-06-20 01:36:22,665][utils.model][INFO] - Step 17/40 - val_loss: 2.3156 - val_accuracy: 0.0655
[2024-06-20 01:36:22,689][utils.model][INFO] - Step 18/40 - val_loss: 2.3157 - val_accuracy: 0.0660
[2024-06-20 01:36:22,711][utils.model][INFO] - Step 19/40 - val_loss: 2.3161 - val_accuracy: 0.0644
[2024-06-20 01:36:22,735][utils.model][INFO] - Step 20/40 - val_loss: 2.3162 - val_accuracy: 0.0639
[2024-06-20 01:36:22,760][utils.model][INFO] - Step 21/40 - val_loss: 2.3164 - val_accuracy: 0.0634
[2024-06-20 01:36:22,787][utils.model][INFO] - Step 22/40 - val_loss: 2.3162 - val_accuracy: 0.0630
[2024-06-20 01:36:22,814][utils.model][INFO] - Step 23/40 - val_loss: 2.3164 - val_accuracy: 0.0615
[2024-06-20 01:36:22,839][utils.model][INFO] - Step 24/40 - val_loss: 2.3165 - val_accuracy: 0.0605
[2024-06-20 01:36:22,860][utils.model][INFO] - Step 25/40 - val_loss: 2.3163 - val_accuracy: 0.0598
[2024-06-20 01:36:22,883][utils.model][INFO] - Step 26/40 - val_loss: 2.3164 - val_accuracy: 0.0601
[2024-06-20 01:36:22,906][utils.model][INFO] - Step 27/40 - val_loss: 2.3166 - val_accuracy: 0.0595
[2024-06-20 01:36:22,929][utils.model][INFO] - Step 28/40 - val_loss: 2.3166 - val_accuracy: 0.0601
[2024-06-20 01:36:22,949][utils.model][INFO] - Step 29/40 - val_loss: 2.3166 - val_accuracy: 0.0594
[2024-06-20 01:36:22,968][utils.model][INFO] - Step 30/40 - val_loss: 2.3166 - val_accuracy: 0.0595
[2024-06-20 01:36:22,988][utils.model][INFO] - Step 31/40 - val_loss: 2.3170 - val_accuracy: 0.0583
[2024-06-20 01:36:23,007][utils.model][INFO] - Step 32/40 - val_loss: 2.3169 - val_accuracy: 0.0575
[2024-06-20 01:36:23,027][utils.model][INFO] - Step 33/40 - val_loss: 2.3170 - val_accuracy: 0.0566
[2024-06-20 01:36:23,046][utils.model][INFO] - Step 34/40 - val_loss: 2.3167 - val_accuracy: 0.0570
[2024-06-20 01:36:23,069][utils.model][INFO] - Step 35/40 - val_loss: 2.3169 - val_accuracy: 0.0564
[2024-06-20 01:36:23,088][utils.model][INFO] - Step 36/40 - val_loss: 2.3167 - val_accuracy: 0.0565
[2024-06-20 01:36:23,107][utils.model][INFO] - Step 37/40 - val_loss: 2.3165 - val_accuracy: 0.0567
[2024-06-20 01:36:23,127][utils.model][INFO] - Step 38/40 - val_loss: 2.3164 - val_accuracy: 0.0572
[2024-06-20 01:36:23,149][utils.model][INFO] - Step 39/40 - val_loss: 2.3163 - val_accuracy: 0.0572
[2024-06-20 01:36:23,159][utils.model][INFO] - Step 40/40 - val_loss: 2.3160 - val_accuracy: 0.0571
[2024-06-20 01:36:23,161][utils.model][INFO] - Evaluation Results - Val Loss: 2.3160, Val Accuracy: 0.0571 in 40 steps
[2024-06-20 01:36:23,165][root][INFO] - Added data to server for client None: {'round': 0, 'experiment_id': 'exp_20240620_013617', 'centralized_loss': 0.0, 'centralized_acc': 0.0, 'distributed_loss': 0.0, 'distributed_acc': 0.0, 'dropouts': 0, 'average_norm': 0.0, 'round_time': 0.0, 'average_downlink_time': 0.0, 'average_rtc_check_time': 0.0, 'average_uplink_time': 0.0, 'average_computation_time': 0.0, 'average_communication_time': 0.0, 'average_fit_time': 0.0, 'average_throughput': 0.0}
[2024-06-20 01:36:23,165][root][INFO] - Added server data: {'round': 0, 'experiment_id': 'exp_20240620_013617', 'centralized_loss': 0.0, 'centralized_acc': 0.0, 'distributed_loss': 0.0, 'distributed_acc': 0.0, 'dropouts': 0, 'average_norm': 0.0, 'round_time': 0.0, 'average_downlink_time': 0.0, 'average_rtc_check_time': 0.0, 'average_uplink_time': 0.0, 'average_computation_time': 0.0, 'average_communication_time': 0.0, 'average_fit_time': 0.0, 'average_throughput': 0.0}
[2024-06-20 01:36:23,166][root][INFO] - Appended data to last row of column centralized_loss in server data for client None
[2024-06-20 01:36:23,166][root][INFO] - Appended data to last row of column centralized_acc in server data for client None
[2024-06-20 01:36:23,166][root][INFO] - Appended {'centralized_loss': 2.3159804, 'centralized_acc': 0.0571} to the last row of server data
[2024-06-20 01:36:23,166][flwr][INFO] - initial parameters (loss, other metrics): 2.3159804, {'accuracy': 0.0571}
[2024-06-20 01:36:23,166][flwr][INFO] - FL starting
[2024-06-20 01:36:27,574][flwr][DEBUG] - fit_round 1: strategy sampled 3 clients (out of 3)
[2024-06-20 01:36:29,197][flwr][DEBUG] - fit_round 1 received 3 results and 0 failures
[2024-06-20 01:36:29,203][root][INFO] - Added data to server for client None: {'round': 1, 'average_norm': 5.145417054494222, 'round_time': 2.9618855847021486, 'average_downlink_time': 0.6706665773333333, 'average_rtc_check_time': 0.07532580298720859, 'average_uplink_time': 0.6063125326666667, 'average_computation_time': 1.347543716430664, 'average_communication_time': 1.3523049129872087, 'average_fit_time': 1.5872270266215007, 'average_throughput': 3.695221445904219, 'dropouts': 0, 'experiment_id': 'exp_20240620_013617'}
[2024-06-20 01:36:29,203][root][INFO] - Added server data: {'round': 1, 'average_norm': 5.145417054494222, 'round_time': 2.9618855847021486, 'average_downlink_time': 0.6706665773333333, 'average_rtc_check_time': 0.07532580298720859, 'average_uplink_time': 0.6063125326666667, 'average_computation_time': 1.347543716430664, 'average_communication_time': 1.3523049129872087, 'average_fit_time': 1.5872270266215007, 'average_throughput': 3.695221445904219, 'dropouts': 0, 'experiment_id': 'exp_20240620_013617'}
[2024-06-20 01:36:29,266][utils.model][INFO] - LeNet model built
[2024-06-20 01:36:29,375][utils.model][INFO] - Size of serialized model: 279.0341796875 kbytes
[2024-06-20 01:36:29,409][utils.model][INFO] - Step 1/40 - val_loss: 1.3223 - val_accuracy: 0.6523
[2024-06-20 01:36:29,428][utils.model][INFO] - Step 2/40 - val_loss: 1.3220 - val_accuracy: 0.6523
[2024-06-20 01:36:29,449][utils.model][INFO] - Step 3/40 - val_loss: 1.3153 - val_accuracy: 0.6432
[2024-06-20 01:36:29,468][utils.model][INFO] - Step 4/40 - val_loss: 1.3100 - val_accuracy: 0.6406
[2024-06-20 01:36:29,487][utils.model][INFO] - Step 5/40 - val_loss: 1.3289 - val_accuracy: 0.6281
[2024-06-20 01:36:29,508][utils.model][INFO] - Step 6/40 - val_loss: 1.3285 - val_accuracy: 0.6283
[2024-06-20 01:36:29,528][utils.model][INFO] - Step 7/40 - val_loss: 1.3306 - val_accuracy: 0.6295
[2024-06-20 01:36:29,546][utils.model][INFO] - Step 8/40 - val_loss: 1.3228 - val_accuracy: 0.6353
[2024-06-20 01:36:29,567][utils.model][INFO] - Step 9/40 - val_loss: 1.3287 - val_accuracy: 0.6324
[2024-06-20 01:36:29,587][utils.model][INFO] - Step 10/40 - val_loss: 1.3247 - val_accuracy: 0.6344
[2024-06-20 01:36:29,609][utils.model][INFO] - Step 11/40 - val_loss: 1.3199 - val_accuracy: 0.6392
[2024-06-20 01:36:29,631][utils.model][INFO] - Step 12/40 - val_loss: 1.3162 - val_accuracy: 0.6423
[2024-06-20 01:36:29,650][utils.model][INFO] - Step 13/40 - val_loss: 1.3147 - val_accuracy: 0.6409
[2024-06-20 01:36:29,670][utils.model][INFO] - Step 14/40 - val_loss: 1.3172 - val_accuracy: 0.6398
[2024-06-20 01:36:29,689][utils.model][INFO] - Step 15/40 - val_loss: 1.3183 - val_accuracy: 0.6396
[2024-06-20 01:36:29,707][utils.model][INFO] - Step 16/40 - val_loss: 1.3157 - val_accuracy: 0.6431
[2024-06-20 01:36:29,726][utils.model][INFO] - Step 17/40 - val_loss: 1.3165 - val_accuracy: 0.6432
[2024-06-20 01:36:29,745][utils.model][INFO] - Step 18/40 - val_loss: 1.3167 - val_accuracy: 0.6424
[2024-06-20 01:36:29,764][utils.model][INFO] - Step 19/40 - val_loss: 1.3148 - val_accuracy: 0.6441
[2024-06-20 01:36:29,783][utils.model][INFO] - Step 20/40 - val_loss: 1.3089 - val_accuracy: 0.6449
[2024-06-20 01:36:29,805][utils.model][INFO] - Step 21/40 - val_loss: 1.2970 - val_accuracy: 0.6486
[2024-06-20 01:36:29,824][utils.model][INFO] - Step 22/40 - val_loss: 1.2906 - val_accuracy: 0.6488
[2024-06-20 01:36:29,843][utils.model][INFO] - Step 23/40 - val_loss: 1.2843 - val_accuracy: 0.6512
[2024-06-20 01:36:29,863][utils.model][INFO] - Step 24/40 - val_loss: 1.2823 - val_accuracy: 0.6510
[2024-06-20 01:36:29,881][utils.model][INFO] - Step 25/40 - val_loss: 1.2724 - val_accuracy: 0.6547
[2024-06-20 01:36:29,901][utils.model][INFO] - Step 26/40 - val_loss: 1.2685 - val_accuracy: 0.6576
[2024-06-20 01:36:29,921][utils.model][INFO] - Step 27/40 - val_loss: 1.2671 - val_accuracy: 0.6580
[2024-06-20 01:36:29,939][utils.model][INFO] - Step 28/40 - val_loss: 1.2593 - val_accuracy: 0.6634
[2024-06-20 01:36:29,958][utils.model][INFO] - Step 29/40 - val_loss: 1.2550 - val_accuracy: 0.6662
[2024-06-20 01:36:29,976][utils.model][INFO] - Step 30/40 - val_loss: 1.2542 - val_accuracy: 0.6678
[2024-06-20 01:36:29,995][utils.model][INFO] - Step 31/40 - val_loss: 1.2489 - val_accuracy: 0.6694
[2024-06-20 01:36:30,013][utils.model][INFO] - Step 32/40 - val_loss: 1.2434 - val_accuracy: 0.6718
[2024-06-20 01:36:30,031][utils.model][INFO] - Step 33/40 - val_loss: 1.2397 - val_accuracy: 0.6741
[2024-06-20 01:36:30,050][utils.model][INFO] - Step 34/40 - val_loss: 1.2362 - val_accuracy: 0.6738
[2024-06-20 01:36:30,068][utils.model][INFO] - Step 35/40 - val_loss: 1.2269 - val_accuracy: 0.6779
[2024-06-20 01:36:30,087][utils.model][INFO] - Step 36/40 - val_loss: 1.2250 - val_accuracy: 0.6783
[2024-06-20 01:36:30,107][utils.model][INFO] - Step 37/40 - val_loss: 1.2199 - val_accuracy: 0.6825
[2024-06-20 01:36:30,127][utils.model][INFO] - Step 38/40 - val_loss: 1.2178 - val_accuracy: 0.6841
[2024-06-20 01:36:30,150][utils.model][INFO] - Step 39/40 - val_loss: 1.2212 - val_accuracy: 0.6826
[2024-06-20 01:36:30,161][utils.model][INFO] - Step 40/40 - val_loss: 1.2179 - val_accuracy: 0.6828
[2024-06-20 01:36:30,163][utils.model][INFO] - Evaluation Results - Val Loss: 1.2179, Val Accuracy: 0.6828 in 40 steps
[2024-06-20 01:36:30,165][root][INFO] - Appended data to last row of column centralized_loss in server data for client None
[2024-06-20 01:36:30,165][root][INFO] - Appended data to last row of column centralized_acc in server data for client None
[2024-06-20 01:36:30,166][root][INFO] - Appended {'centralized_loss': 1.2178918, 'centralized_acc': 0.6828} to the last row of server data
[2024-06-20 01:36:30,166][flwr][INFO] - fit progress: (1, 1.2178918, {'accuracy': 0.6828}, 6.999535812996328)
[2024-06-20 01:36:30,166][flwr][DEBUG] - evaluate_round 1: strategy sampled 3 clients (out of 3)
[2024-06-20 01:36:30,773][flwr][DEBUG] - evaluate_round 1 received 3 results and 0 failures
[2024-06-20 01:36:30,775][root][INFO] - Added data to epoch for client 0: {'round': 0, 'experiment_id': 'exp_20240620_013617', 'client_id': '0', 'epoch_steps': 0, 'total_steps': 0, 'l2_norm': 0.0, 'total_computation_time': 0.0, 'total_rtc_check_time': 0.0, 'total_duration': 0.0, 'val_loss': 0.0, 'val_accuracy': 0.0}
[2024-06-20 01:36:30,775][root][INFO] - Added epoch data for client 0: {'round': 0, 'experiment_id': 'exp_20240620_013617', 'client_id': '0', 'epoch_steps': 0, 'total_steps': 0, 'l2_norm': 0.0, 'total_computation_time': 0.0, 'total_rtc_check_time': 0.0, 'total_duration': 0.0, 'val_loss': 0.0, 'val_accuracy': 0.0}
[2024-06-20 01:36:30,776][root][INFO] - Added data to batch for client 0: {'round': 0, 'experiment_id': 'exp_20240620_013617', 'client_id': '0', 'step_no': 0, 'loss': 0.0, 'accuracy': 0.0, 'l2_norm': 0.0, 'computation_time': 0.0, 'rtc_check_time': 0.0, 'batch_time': 0.0}
[2024-06-20 01:36:30,776][root][INFO] - Added batch data for client 0: {'round': 0, 'experiment_id': 'exp_20240620_013617', 'client_id': '0', 'step_no': 0, 'loss': 0.0, 'accuracy': 0.0, 'l2_norm': 0.0, 'computation_time': 0.0, 'rtc_check_time': 0.0, 'batch_time': 0.0}
[2024-06-20 01:36:30,777][root][INFO] - Added data to epoch for client 0: {'round': 1, 'epoch_steps': 23, 'total_steps': 23, 'l2_norm': 5.035586833953857, 'total_computation_time': 1.3454065322875977, 'total_rtc_check_time': 0.07234934001462534, 'total_duration': 1.5889339447021484, 'val_loss': 1.2430589199066162, 'val_accuracy': 0.6880000233650208, 'experiment_id': 'exp_20240620_013617', 'client_id': '0'}
[2024-06-20 01:36:30,777][root][INFO] - Added epoch data for client 0: {'round': 1, 'epoch_steps': 23, 'total_steps': 23, 'l2_norm': 5.035586833953857, 'total_computation_time': 1.3454065322875977, 'total_rtc_check_time': 0.07234934001462534, 'total_duration': 1.5889339447021484, 'val_loss': 1.2430589199066162, 'val_accuracy': 0.6880000233650208, 'experiment_id': 'exp_20240620_013617', 'client_id': '0'}
[2024-06-20 01:36:30,778][root][INFO] - Epoch data saved to /home/psklavos/fl/geom_aio/csv_logs/exp_20240620_013617/clients/client_0/epoch.csv
[2024-06-20 01:36:30,780][root][INFO] - Added data to batch for client 0: {'round': 1, 'step_no': 1, 'loss': 2.3183305263519287, 'accuracy': 0.03125, 'l2_norm': 0.19608338177204132, 'computation_time': 0.36618590354919434, 'batch_time': 0.40527462311729323, 'rtc_check_time': 0.0046925479982746765, 'experiment_id': 'exp_20240620_013617', 'client_id': '0'}
[2024-06-20 01:36:30,781][root][INFO] - Added data to batch for client 0: {'round': 1, 'step_no': 2, 'loss': 2.3100664615631104, 'accuracy': 0.09375, 'l2_norm': 0.3431096374988556, 'computation_time': 0.05439400672912598, 'batch_time': 0.06396908850001637, 'rtc_check_time': 0.007712078993790783, 'experiment_id': 'exp_20240620_013617', 'client_id': '0'}
[2024-06-20 01:36:30,782][root][INFO] - Added data to batch for client 0: {'round': 1, 'step_no': 3, 'loss': 2.2200570106506348, 'accuracy': 0.1354166716337204, 'l2_norm': 0.46012821793556213, 'computation_time': 0.04958987236022949, 'batch_time': 0.051970945511129685, 'rtc_check_time': 0.0013859140017302707, 'experiment_id': 'exp_20240620_013617', 'client_id': '0'}
[2024-06-20 01:36:30,783][root][INFO] - Added data to batch for client 0: {'round': 1, 'step_no': 4, 'loss': 2.2435827255249023, 'accuracy': 0.140625, 'l2_norm': 0.5987589359283447, 'computation_time': 0.040740966796875, 'batch_time': 0.04606186838645954, 'rtc_check_time': 0.004114741997909732, 'experiment_id': 'exp_20240620_013617', 'client_id': '0'}
[2024-06-20 01:36:30,784][root][INFO] - Added data to batch for client 0: {'round': 1, 'step_no': 5, 'loss': 2.1960299015045166, 'accuracy': 0.16249999403953552, 'l2_norm': 0.7291238307952881, 'computation_time': 0.03915095329284668, 'batch_time': 0.04271253178012557, 'rtc_check_time': 0.0023697240103501827, 'experiment_id': 'exp_20240620_013617', 'client_id': '0'}
[2024-06-20 01:36:30,785][root][INFO] - Added data to batch for client 0: {'round': 1, 'step_no': 6, 'loss': 2.221475601196289, 'accuracy': 0.1458333283662796, 'l2_norm': 0.848170280456543, 'computation_time': 0.039794921875, 'batch_time': 0.04493724097847007, 'rtc_check_time': 0.003996240993728861, 'experiment_id': 'exp_20240620_013617', 'client_id': '0'}
[2024-06-20 01:36:30,786][root][INFO] - Added data to batch for client 0: {'round': 1, 'step_no': 7, 'loss': 2.1726622581481934, 'accuracy': 0.15625, 'l2_norm': 0.9931806921958923, 'computation_time': 0.05501294136047363, 'batch_time': 0.061042307657771744, 'rtc_check_time': 0.00464224700408522, 'experiment_id': 'exp_20240620_013617', 'client_id': '0'}
[2024-06-20 01:36:30,787][root][INFO] - Added data to batch for client 0: {'round': 1, 'step_no': 8, 'loss': 2.0426125526428223, 'accuracy': 0.1796875, 'l2_norm': 1.2173515558242798, 'computation_time': 0.05389213562011719, 'batch_time': 0.05730168473382946, 'rtc_check_time': 0.0020658220018958673, 'experiment_id': 'exp_20240620_013617', 'client_id': '0'}
[2024-06-20 01:36:30,788][root][INFO] - Added data to batch for client 0: {'round': 1, 'step_no': 9, 'loss': 2.0593090057373047, 'accuracy': 0.2013888955116272, 'l2_norm': 1.4304897785186768, 'computation_time': 0.045918941497802734, 'batch_time': 0.05019668697786983, 'rtc_check_time': 0.0030346310086315498, 'experiment_id': 'exp_20240620_013617', 'client_id': '0'}
[2024-06-20 01:36:30,789][root][INFO] - Added data to batch for client 0: {'round': 1, 'step_no': 10, 'loss': 2.084895610809326, 'accuracy': 0.203125, 'l2_norm': 1.6069629192352295, 'computation_time': 0.054032087326049805, 'batch_time': 0.05803565290989354, 'rtc_check_time': 0.002435725007671863, 'experiment_id': 'exp_20240620_013617', 'client_id': '0'}
[2024-06-20 01:36:30,790][root][INFO] - Added data to batch for client 0: {'round': 1, 'step_no': 11, 'loss': 2.1383066177368164, 'accuracy': 0.19886364042758942, 'l2_norm': 1.755363941192627, 'computation_time': 0.03847789764404297, 'batch_time': 0.044198534480528906, 'rtc_check_time': 0.004639646998839453, 'experiment_id': 'exp_20240620_013617', 'client_id': '0'}
[2024-06-20 01:36:30,792][root][INFO] - Added data to batch for client 0: {'round': 1, 'step_no': 12, 'loss': 1.871431589126587, 'accuracy': 0.2265625, 'l2_norm': 2.016876697540283, 'computation_time': 0.04341602325439453, 'batch_time': 0.04644304848625325, 'rtc_check_time': 0.0015841159911360592, 'experiment_id': 'exp_20240620_013617', 'client_id': '0'}
[2024-06-20 01:36:30,793][root][INFO] - Added data to batch for client 0: {'round': 1, 'step_no': 13, 'loss': 1.7895927429199219, 'accuracy': 0.25, 'l2_norm': 2.2930779457092285, 'computation_time': 0.04014706611633301, 'batch_time': 0.045063485187711194, 'rtc_check_time': 0.003701437992276624, 'experiment_id': 'exp_20240620_013617', 'client_id': '0'}
[2024-06-20 01:36:30,795][root][INFO] - Added data to batch for client 0: {'round': 1, 'step_no': 14, 'loss': 1.8025357723236084, 'accuracy': 0.265625, 'l2_norm': 2.541823148727417, 'computation_time': 0.04010891914367676, 'batch_time': 0.04343677336873952, 'rtc_check_time': 0.0021777229994768277, 'experiment_id': 'exp_20240620_013617', 'client_id': '0'}
[2024-06-20 01:36:30,796][root][INFO] - Added data to batch for client 0: {'round': 1, 'step_no': 15, 'loss': 1.7344508171081543, 'accuracy': 0.2770833373069763, 'l2_norm': 2.848343849182129, 'computation_time': 0.03897905349731445, 'batch_time': 0.04379431343113538, 'rtc_check_time': 0.003576436996809207, 'experiment_id': 'exp_20240620_013617', 'client_id': '0'}
[2024-06-20 01:36:30,798][root][INFO] - Added data to batch for client 0: {'round': 1, 'step_no': 16, 'loss': 1.7086858749389648, 'accuracy': 0.2890625, 'l2_norm': 3.1344401836395264, 'computation_time': 0.04178285598754883, 'batch_time': 0.04452340101124719, 'rtc_check_time': 0.0014185140025801957, 'experiment_id': 'exp_20240620_013617', 'client_id': '0'}
[2024-06-20 01:36:30,799][root][INFO] - Added data to batch for client 0: {'round': 1, 'step_no': 17, 'loss': 1.6863322257995605, 'accuracy': 0.2922794222831726, 'l2_norm': 3.4131505489349365, 'computation_time': 0.03858304023742676, 'batch_time': 0.04342991320299916, 'rtc_check_time': 0.0038028380076866597, 'experiment_id': 'exp_20240620_013617', 'client_id': '0'}
[2024-06-20 01:36:30,800][root][INFO] - Added data to batch for client 0: {'round': 1, 'step_no': 18, 'loss': 1.4849140644073486, 'accuracy': 0.3125, 'l2_norm': 3.757146120071411, 'computation_time': 0.04057192802429199, 'batch_time': 0.04368799162330106, 'rtc_check_time': 0.0017840189975686371, 'experiment_id': 'exp_20240620_013617', 'client_id': '0'}
[2024-06-20 01:36:30,800][root][INFO] - Added data to batch for client 0: {'round': 1, 'step_no': 19, 'loss': 1.4201655387878418, 'accuracy': 0.3322368562221527, 'l2_norm': 3.9970340728759766, 'computation_time': 0.04906201362609863, 'batch_time': 0.053229396435199305, 'rtc_check_time': 0.0029662300075870007, 'experiment_id': 'exp_20240620_013617', 'client_id': '0'}
[2024-06-20 01:36:30,801][root][INFO] - Added data to batch for client 0: {'round': 1, 'step_no': 20, 'loss': 1.5284874439239502, 'accuracy': 0.33906251192092896, 'l2_norm': 4.253179550170898, 'computation_time': 0.044561147689819336, 'batch_time': 0.050129972558352165, 'rtc_check_time': 0.004389844994875602, 'experiment_id': 'exp_20240620_013617', 'client_id': '0'}
[2024-06-20 01:36:30,802][root][INFO] - Added data to batch for client 0: {'round': 1, 'step_no': 21, 'loss': 1.3765711784362793, 'accuracy': 0.3526785671710968, 'l2_norm': 4.520956516265869, 'computation_time': 0.0430450439453125, 'batch_time': 0.045654064684640616, 'rtc_check_time': 0.0014882149989716709, 'experiment_id': 'exp_20240620_013617', 'client_id': '0'}
[2024-06-20 01:36:30,803][root][INFO] - Added data to batch for client 0: {'round': 1, 'step_no': 22, 'loss': 1.4772162437438965, 'accuracy': 0.35227271914482117, 'l2_norm': 4.761530876159668, 'computation_time': 0.04586195945739746, 'batch_time': 0.050054428036673926, 'rtc_check_time': 0.0028325290040811524, 'experiment_id': 'exp_20240620_013617', 'client_id': '0'}
[2024-06-20 01:36:30,804][root][INFO] - Added data to batch for client 0: {'round': 1, 'step_no': 23, 'loss': 1.1837689876556396, 'accuracy': 0.36820653080940247, 'l2_norm': 5.035586833953857, 'computation_time': 0.042096853256225586, 'batch_time': 0.04478200104495045, 'rtc_check_time': 0.0015381160046672449, 'experiment_id': 'exp_20240620_013617', 'client_id': '0'}
[2024-06-20 01:36:30,805][root][INFO] - Added batch data list for client 0. New Data Added: 23
[2024-06-20 01:36:30,805][root][INFO] - Batch data saved to /home/psklavos/fl/geom_aio/csv_logs/exp_20240620_013617/clients/client_0/batch.csv
[2024-06-20 01:36:30,806][root][INFO] - Appended data to last row of column distributed_loss in server data for client None
[2024-06-20 01:36:30,806][root][INFO] - Appended data to last row of column distributed_acc in server data for client None
[2024-06-20 01:36:30,806][root][INFO] - Appended {'distributed_loss': 1.2394717534383137, 'distributed_acc': 0.6903333266576132} to the last row of server data
[2024-06-20 01:36:30,807][root][INFO] - Server data saved to /home/psklavos/fl/geom_aio/csv_logs/exp_20240620_013617/server/server.csv
[2024-06-20 01:36:35,268][flwr][DEBUG] - fit_round 2: strategy sampled 3 clients (out of 3)
[2024-06-20 01:36:39,362][flwr][DEBUG] - fit_round 2 received 3 results and 0 failures
[2024-06-20 01:36:39,366][root][INFO] - Added data to server for client None: {'round': 2, 'average_norm': 5.0673322677612305, 'round_time': 5.548986310760254, 'average_downlink_time': 0.7907028973333334, 'average_rtc_check_time': 0.2636441456998, 'average_uplink_time': 0.5791610963333333, 'average_computation_time': 3.5457759698232016, 'average_communication_time': 1.6335081393664668, 'average_fit_time': 4.075873692830403, 'average_throughput': 3.8746694150314904, 'dropouts': 0, 'experiment_id': 'exp_20240620_013617'}
[2024-06-20 01:36:39,366][root][INFO] - Added server data: {'round': 2, 'average_norm': 5.0673322677612305, 'round_time': 5.548986310760254, 'average_downlink_time': 0.7907028973333334, 'average_rtc_check_time': 0.2636441456998, 'average_uplink_time': 0.5791610963333333, 'average_computation_time': 3.5457759698232016, 'average_communication_time': 1.6335081393664668, 'average_fit_time': 4.075873692830403, 'average_throughput': 3.8746694150314904, 'dropouts': 0, 'experiment_id': 'exp_20240620_013617'}
[2024-06-20 01:36:39,426][utils.model][INFO] - LeNet model built
[2024-06-20 01:36:39,545][utils.model][INFO] - Size of serialized model: 279.0341796875 kbytes
[2024-06-20 01:36:39,583][utils.model][INFO] - Step 1/40 - val_loss: 0.3056 - val_accuracy: 0.9180
[2024-06-20 01:36:39,607][utils.model][INFO] - Step 2/40 - val_loss: 0.3496 - val_accuracy: 0.8945
[2024-06-20 01:36:39,628][utils.model][INFO] - Step 3/40 - val_loss: 0.3776 - val_accuracy: 0.8841
[2024-06-20 01:36:39,652][utils.model][INFO] - Step 4/40 - val_loss: 0.3646 - val_accuracy: 0.8877
[2024-06-20 01:36:39,673][utils.model][INFO] - Step 5/40 - val_loss: 0.3939 - val_accuracy: 0.8789
[2024-06-20 01:36:39,692][utils.model][INFO] - Step 6/40 - val_loss: 0.4007 - val_accuracy: 0.8783
[2024-06-20 01:36:39,712][utils.model][INFO] - Step 7/40 - val_loss: 0.4125 - val_accuracy: 0.8811
[2024-06-20 01:36:39,731][utils.model][INFO] - Step 8/40 - val_loss: 0.4054 - val_accuracy: 0.8828
[2024-06-20 01:36:39,750][utils.model][INFO] - Step 9/40 - val_loss: 0.4142 - val_accuracy: 0.8806
[2024-06-20 01:36:39,770][utils.model][INFO] - Step 10/40 - val_loss: 0.4107 - val_accuracy: 0.8805
[2024-06-20 01:36:39,789][utils.model][INFO] - Step 11/40 - val_loss: 0.4056 - val_accuracy: 0.8835
[2024-06-20 01:36:39,808][utils.model][INFO] - Step 12/40 - val_loss: 0.3988 - val_accuracy: 0.8857
[2024-06-20 01:36:39,827][utils.model][INFO] - Step 13/40 - val_loss: 0.4006 - val_accuracy: 0.8855
[2024-06-20 01:36:39,846][utils.model][INFO] - Step 14/40 - val_loss: 0.3997 - val_accuracy: 0.8859
[2024-06-20 01:36:39,865][utils.model][INFO] - Step 15/40 - val_loss: 0.4057 - val_accuracy: 0.8854
[2024-06-20 01:36:39,884][utils.model][INFO] - Step 16/40 - val_loss: 0.4100 - val_accuracy: 0.8848
[2024-06-20 01:36:39,902][utils.model][INFO] - Step 17/40 - val_loss: 0.4112 - val_accuracy: 0.8844
[2024-06-20 01:36:39,921][utils.model][INFO] - Step 18/40 - val_loss: 0.4109 - val_accuracy: 0.8841
[2024-06-20 01:36:39,941][utils.model][INFO] - Step 19/40 - val_loss: 0.4093 - val_accuracy: 0.8853
[2024-06-20 01:36:39,960][utils.model][INFO] - Step 20/40 - val_loss: 0.4066 - val_accuracy: 0.8861
[2024-06-20 01:36:39,980][utils.model][INFO] - Step 21/40 - val_loss: 0.3965 - val_accuracy: 0.8886
[2024-06-20 01:36:39,999][utils.model][INFO] - Step 22/40 - val_loss: 0.3859 - val_accuracy: 0.8922
[2024-06-20 01:36:40,019][utils.model][INFO] - Step 23/40 - val_loss: 0.3826 - val_accuracy: 0.8927
[2024-06-20 01:36:40,038][utils.model][INFO] - Step 24/40 - val_loss: 0.3830 - val_accuracy: 0.8923
[2024-06-20 01:36:40,057][utils.model][INFO] - Step 25/40 - val_loss: 0.3756 - val_accuracy: 0.8944
[2024-06-20 01:36:40,077][utils.model][INFO] - Step 26/40 - val_loss: 0.3752 - val_accuracy: 0.8935
[2024-06-20 01:36:40,096][utils.model][INFO] - Step 27/40 - val_loss: 0.3716 - val_accuracy: 0.8942
[2024-06-20 01:36:40,114][utils.model][INFO] - Step 28/40 - val_loss: 0.3640 - val_accuracy: 0.8962
[2024-06-20 01:36:40,132][utils.model][INFO] - Step 29/40 - val_loss: 0.3581 - val_accuracy: 0.8982
[2024-06-20 01:36:40,151][utils.model][INFO] - Step 30/40 - val_loss: 0.3559 - val_accuracy: 0.8982
[2024-06-20 01:36:40,169][utils.model][INFO] - Step 31/40 - val_loss: 0.3551 - val_accuracy: 0.8987
[2024-06-20 01:36:40,187][utils.model][INFO] - Step 32/40 - val_loss: 0.3491 - val_accuracy: 0.9006
[2024-06-20 01:36:40,207][utils.model][INFO] - Step 33/40 - val_loss: 0.3455 - val_accuracy: 0.9014
[2024-06-20 01:36:40,225][utils.model][INFO] - Step 34/40 - val_loss: 0.3393 - val_accuracy: 0.9035
[2024-06-20 01:36:40,245][utils.model][INFO] - Step 35/40 - val_loss: 0.3319 - val_accuracy: 0.9059
[2024-06-20 01:36:40,264][utils.model][INFO] - Step 36/40 - val_loss: 0.3314 - val_accuracy: 0.9062
[2024-06-20 01:36:40,283][utils.model][INFO] - Step 37/40 - val_loss: 0.3263 - val_accuracy: 0.9078
[2024-06-20 01:36:40,304][utils.model][INFO] - Step 38/40 - val_loss: 0.3247 - val_accuracy: 0.9078
[2024-06-20 01:36:40,325][utils.model][INFO] - Step 39/40 - val_loss: 0.3300 - val_accuracy: 0.9062
[2024-06-20 01:36:40,334][utils.model][INFO] - Step 40/40 - val_loss: 0.3273 - val_accuracy: 0.9063
[2024-06-20 01:36:40,335][utils.model][INFO] - Evaluation Results - Val Loss: 0.3273, Val Accuracy: 0.9063 in 40 steps
[2024-06-20 01:36:40,337][root][INFO] - Appended data to last row of column centralized_loss in server data for client None
[2024-06-20 01:36:40,337][root][INFO] - Appended data to last row of column centralized_acc in server data for client None
[2024-06-20 01:36:40,339][root][INFO] - Appended {'centralized_loss': 0.3273374, 'centralized_acc': 0.9063} to the last row of server data
[2024-06-20 01:36:40,339][flwr][INFO] - fit progress: (2, 0.3273374, {'accuracy': 0.9063}, 17.17265083300299)
[2024-06-20 01:36:40,339][flwr][DEBUG] - evaluate_round 2: strategy sampled 3 clients (out of 3)
[2024-06-20 01:36:40,880][flwr][DEBUG] - evaluate_round 2 received 3 results and 0 failures
[2024-06-20 01:36:40,882][root][INFO] - Added data to epoch for client 0: {'round': 2, 'epoch_steps': 80, 'total_steps': 103, 'l2_norm': 5.0094895362854, 'total_computation_time': 3.5729854106903076, 'total_rtc_check_time': 0.23714644301799126, 'total_duration': 4.076889991760254, 'val_loss': 0.3697586953639984, 'val_accuracy': 0.9014999866485596, 'experiment_id': 'exp_20240620_013617', 'client_id': '0'}
[2024-06-20 01:36:40,882][root][INFO] - Added epoch data for client 0: {'round': 2, 'epoch_steps': 80, 'total_steps': 103, 'l2_norm': 5.0094895362854, 'total_computation_time': 3.5729854106903076, 'total_rtc_check_time': 0.23714644301799126, 'total_duration': 4.076889991760254, 'val_loss': 0.3697586953639984, 'val_accuracy': 0.9014999866485596, 'experiment_id': 'exp_20240620_013617', 'client_id': '0'}
[2024-06-20 01:36:40,883][root][INFO] - Epoch data saved to /home/psklavos/fl/geom_aio/csv_logs/exp_20240620_013617/clients/client_0/epoch.csv
[2024-06-20 01:36:40,884][root][INFO] - Added data to batch for client 0: {'round': 2, 'step_no': 24, 'loss': 1.2618951797485352, 'accuracy': 0.59375, 'l2_norm': 0.08894288539886475, 'computation_time': 0.05283308029174805, 'batch_time': 0.05679702424095012, 'rtc_check_time': 0.0027661290077958256, 'experiment_id': 'exp_20240620_013617', 'client_id': '0'}
[2024-06-20 01:36:40,885][root][INFO] - Added data to batch for client 0: {'round': 2, 'step_no': 25, 'loss': 1.1541495323181152, 'accuracy': 0.59375, 'l2_norm': 0.12191559374332428, 'computation_time': 0.04668617248535156, 'batch_time': 0.049769360601203516, 'rtc_check_time': 0.0015623159997630864, 'experiment_id': 'exp_20240620_013617', 'client_id': '0'}
[2024-06-20 01:36:40,887][root][INFO] - Added data to batch for client 0: {'round': 2, 'step_no': 26, 'loss': 1.1338118314743042, 'accuracy': 0.625, 'l2_norm': 0.1744457632303238, 'computation_time': 0.0434720516204834, 'batch_time': 0.04980921547394246, 'rtc_check_time': 0.005202052998356521, 'experiment_id': 'exp_20240620_013617', 'client_id': '0'}
[2024-06-20 01:36:40,888][root][INFO] - Added data to batch for client 0: {'round': 2, 'step_no': 27, 'loss': 1.0265841484069824, 'accuracy': 0.6484375, 'l2_norm': 0.19971422851085663, 'computation_time': 0.049771785736083984, 'batch_time': 0.05307139872456901, 'rtc_check_time': 0.0018574190034996718, 'experiment_id': 'exp_20240620_013617', 'client_id': '0'}
[2024-06-20 01:36:40,889][root][INFO] - Added data to batch for client 0: {'round': 2, 'step_no': 28, 'loss': 1.291875958442688, 'accuracy': 0.625, 'l2_norm': 0.2563784420490265, 'computation_time': 0.045953989028930664, 'batch_time': 0.04964917361212429, 'rtc_check_time': 0.002489024991518818, 'experiment_id': 'exp_20240620_013617', 'client_id': '0'}
[2024-06-20 01:36:40,890][root][INFO] - Added data to batch for client 0: {'round': 2, 'step_no': 29, 'loss': 0.854993462562561, 'accuracy': 0.6614583134651184, 'l2_norm': 0.30605265498161316, 'computation_time': 0.04559803009033203, 'batch_time': 0.048485952720511705, 'rtc_check_time': 0.0017609180067665875, 'experiment_id': 'exp_20240620_013617', 'client_id': '0'}
[2024-06-20 01:36:40,891][root][INFO] - Added data to batch for client 0: {'round': 2, 'step_no': 30, 'loss': 0.8741763830184937, 'accuracy': 0.6696428656578064, 'l2_norm': 0.34597381949424744, 'computation_time': 0.04090690612792969, 'batch_time': 0.044011389240040444, 'rtc_check_time': 0.002040420993580483, 'experiment_id': 'exp_20240620_013617', 'client_id': '0'}
[2024-06-20 01:36:40,892][root][INFO] - Added data to batch for client 0: {'round': 2, 'step_no': 31, 'loss': 1.179478406906128, 'accuracy': 0.66015625, 'l2_norm': 0.40174978971481323, 'computation_time': 0.039865970611572266, 'batch_time': 0.04236326151294634, 'rtc_check_time': 0.0013872139970771968, 'experiment_id': 'exp_20240620_013617', 'client_id': '0'}
[2024-06-20 01:36:40,893][root][INFO] - Added data to batch for client 0: {'round': 2, 'step_no': 32, 'loss': 1.0078096389770508, 'accuracy': 0.6597222089767456, 'l2_norm': 0.4380818009376526, 'computation_time': 0.04069995880126953, 'batch_time': 0.044868009761557914, 'rtc_check_time': 0.002998130992637016, 'experiment_id': 'exp_20240620_013617', 'client_id': '0'}
[2024-06-20 01:36:40,894][root][INFO] - Added data to batch for client 0: {'round': 2, 'step_no': 33, 'loss': 0.6356234550476074, 'accuracy': 0.6875, 'l2_norm': 0.5482170581817627, 'computation_time': 0.04245805740356445, 'batch_time': 0.04676961142104119, 'rtc_check_time': 0.003030530991964042, 'experiment_id': 'exp_20240620_013617', 'client_id': '0'}
[2024-06-20 01:36:40,895][root][INFO] - Added data to batch for client 0: {'round': 2, 'step_no': 34, 'loss': 0.8130755424499512, 'accuracy': 0.6903409361839294, 'l2_norm': 0.5725053548812866, 'computation_time': 0.04701495170593262, 'batch_time': 0.05051118721894454, 'rtc_check_time': 0.0023220240109367296, 'experiment_id': 'exp_20240620_013617', 'client_id': '0'}
[2024-06-20 01:36:40,896][root][INFO] - Added data to batch for client 0: {'round': 2, 'step_no': 35, 'loss': 0.8647382259368896, 'accuracy': 0.6901041865348816, 'l2_norm': 0.6709883213043213, 'computation_time': 0.045031070709228516, 'batch_time': 0.049163520481670275, 'rtc_check_time': 0.0029985310102347285, 'experiment_id': 'exp_20240620_013617', 'client_id': '0'}
[2024-06-20 01:36:40,898][root][INFO] - Added data to batch for client 0: {'round': 2, 'step_no': 36, 'loss': 0.8532758951187134, 'accuracy': 0.6899038553237915, 'l2_norm': 0.7202672958374023, 'computation_time': 0.041990041732788086, 'batch_time': 0.044606342547922395, 'rtc_check_time': 0.001507416003732942, 'experiment_id': 'exp_20240620_013617', 'client_id': '0'}
[2024-06-20 01:36:40,899][root][INFO] - Added data to batch for client 0: {'round': 2, 'step_no': 37, 'loss': 0.8474102020263672, 'accuracy': 0.6919642686843872, 'l2_norm': 0.7693445086479187, 'computation_time': 0.03881502151489258, 'batch_time': 0.04310293812886812, 'rtc_check_time': 0.0032150330080185086, 'experiment_id': 'exp_20240620_013617', 'client_id': '0'}
[2024-06-20 01:36:40,902][root][INFO] - Added data to batch for client 0: {'round': 2, 'step_no': 38, 'loss': 0.8456206321716309, 'accuracy': 0.6895833611488342, 'l2_norm': 0.8554314374923706, 'computation_time': 0.0376739501953125, 'batch_time': 0.041042317359824665, 'rtc_check_time': 0.002247323005576618, 'experiment_id': 'exp_20240620_013617', 'client_id': '0'}
[2024-06-20 01:36:40,904][root][INFO] - Added data to batch for client 0: {'round': 2, 'step_no': 39, 'loss': 0.7975198030471802, 'accuracy': 0.69140625, 'l2_norm': 0.9372974634170532, 'computation_time': 0.03899979591369629, 'batch_time': 0.043807017704239115, 'rtc_check_time': 0.0036499380075838417, 'experiment_id': 'exp_20240620_013617', 'client_id': '0'}
[2024-06-20 01:36:40,906][root][INFO] - Added data to batch for client 0: {'round': 2, 'step_no': 40, 'loss': 0.7947063446044922, 'accuracy': 0.689338207244873, 'l2_norm': 0.996799886226654, 'computation_time': 0.03868293762207031, 'batch_time': 0.04476454415998887, 'rtc_check_time': 0.004778649003128521, 'experiment_id': 'exp_20240620_013617', 'client_id': '0'}
[2024-06-20 01:36:40,908][root][INFO] - Added data to batch for client 0: {'round': 2, 'step_no': 41, 'loss': 0.6872529983520508, 'accuracy': 0.6961805820465088, 'l2_norm': 1.0346935987472534, 'computation_time': 0.04837989807128906, 'batch_time': 0.05272343088290654, 'rtc_check_time': 0.0023005240072961897, 'experiment_id': 'exp_20240620_013617', 'client_id': '0'}
[2024-06-20 01:36:40,909][root][INFO] - Added data to batch for client 0: {'round': 2, 'step_no': 42, 'loss': 0.6974836587905884, 'accuracy': 0.7006579041481018, 'l2_norm': 1.0958744287490845, 'computation_time': 0.04258108139038086, 'batch_time': 0.05834334224346094, 'rtc_check_time': 0.014419248997000977, 'experiment_id': 'exp_20240620_013617', 'client_id': '0'}
[2024-06-20 01:36:40,911][root][INFO] - Added data to batch for client 0: {'round': 2, 'step_no': 43, 'loss': 0.581658124923706, 'accuracy': 0.707812488079071, 'l2_norm': 1.2170923948287964, 'computation_time': 0.04800605773925781, 'batch_time': 0.05044298808206804, 'rtc_check_time': 0.001375013991491869, 'experiment_id': 'exp_20240620_013617', 'client_id': '0'}
[2024-06-20 01:36:40,912][root][INFO] - Added data to batch for client 0: {'round': 2, 'step_no': 44, 'loss': 0.6955584287643433, 'accuracy': 0.711309552192688, 'l2_norm': 1.2205778360366821, 'computation_time': 0.040834903717041016, 'batch_time': 0.04338000983989332, 'rtc_check_time': 0.0013859149912605062, 'experiment_id': 'exp_20240620_013617', 'client_id': '0'}
[2024-06-20 01:36:40,913][root][INFO] - Added data to batch for client 0: {'round': 2, 'step_no': 45, 'loss': 0.5691027641296387, 'accuracy': 0.7173295617103577, 'l2_norm': 1.299424648284912, 'computation_time': 0.042465925216674805, 'batch_time': 0.048380042280768976, 'rtc_check_time': 0.004712249006843194, 'experiment_id': 'exp_20240620_013617', 'client_id': '0'}
[2024-06-20 01:36:40,914][root][INFO] - Added data to batch for client 0: {'round': 2, 'step_no': 46, 'loss': 0.6546556949615479, 'accuracy': 0.7214673757553101, 'l2_norm': 1.3899682760238647, 'computation_time': 0.039997100830078125, 'batch_time': 0.04352402265067212, 'rtc_check_time': 0.002197022986365482, 'experiment_id': 'exp_20240620_013617', 'client_id': '0'}
[2024-06-20 01:36:40,916][root][INFO] - Added data to batch for client 0: {'round': 2, 'step_no': 47, 'loss': 0.7200865745544434, 'accuracy': 0.7200520634651184, 'l2_norm': 1.4412397146224976, 'computation_time': 0.0556180477142334, 'batch_time': 0.058497168924077414, 'rtc_check_time': 0.0018241189973196015, 'experiment_id': 'exp_20240620_013617', 'client_id': '0'}
[2024-06-20 01:36:40,917][root][INFO] - Added data to batch for client 0: {'round': 2, 'step_no': 48, 'loss': 0.5096772313117981, 'accuracy': 0.7262499928474426, 'l2_norm': 1.5150140523910522, 'computation_time': 0.04465794563293457, 'batch_time': 0.04972765879938379, 'rtc_check_time': 0.0038535399944521487, 'experiment_id': 'exp_20240620_013617', 'client_id': '0'}
[2024-06-20 01:36:40,918][root][INFO] - Added data to batch for client 0: {'round': 2, 'step_no': 49, 'loss': 0.6253570914268494, 'accuracy': 0.7283653616905212, 'l2_norm': 1.5818142890930176, 'computation_time': 0.04135394096374512, 'batch_time': 0.045245052519021556, 'rtc_check_time': 0.0022851240064483136, 'experiment_id': 'exp_20240620_013617', 'client_id': '0'}
[2024-06-20 01:36:40,919][root][INFO] - Added data to batch for client 0: {'round': 2, 'step_no': 50, 'loss': 1.0353597402572632, 'accuracy': 0.7256944179534912, 'l2_norm': 1.642465591430664, 'computation_time': 0.03946185111999512, 'batch_time': 0.04320300728431903, 'rtc_check_time': 0.00205792099586688, 'experiment_id': 'exp_20240620_013617', 'client_id': '0'}
[2024-06-20 01:36:40,920][root][INFO] - Added data to batch for client 0: {'round': 2, 'step_no': 51, 'loss': 0.4283331632614136, 'accuracy': 0.7310267686843872, 'l2_norm': 1.7078250646591187, 'computation_time': 0.05170917510986328, 'batch_time': 0.05518279671377968, 'rtc_check_time': 0.0019029200047953054, 'experiment_id': 'exp_20240620_013617', 'client_id': '0'}
[2024-06-20 01:36:40,921][root][INFO] - Added data to batch for client 0: {'round': 2, 'step_no': 52, 'loss': 0.5768807530403137, 'accuracy': 0.735991358757019, 'l2_norm': 1.7414933443069458, 'computation_time': 0.04142117500305176, 'batch_time': 0.046706136970897205, 'rtc_check_time': 0.00411504200019408, 'experiment_id': 'exp_20240620_013617', 'client_id': '0'}
[2024-06-20 01:36:40,922][root][INFO] - Added data to batch for client 0: {'round': 2, 'step_no': 53, 'loss': 0.6828935146331787, 'accuracy': 0.7364583611488342, 'l2_norm': 1.8549184799194336, 'computation_time': 0.04480791091918945, 'batch_time': 0.047428346078959294, 'rtc_check_time': 0.0014145139866741374, 'experiment_id': 'exp_20240620_013617', 'client_id': '0'}
[2024-06-20 01:36:40,923][root][INFO] - Added data to batch for client 0: {'round': 2, 'step_no': 54, 'loss': 0.5889144539833069, 'accuracy': 0.7368951439857483, 'l2_norm': 1.881629467010498, 'computation_time': 0.043888092041015625, 'batch_time': 0.04971486820431892, 'rtc_check_time': 0.004579846994602121, 'experiment_id': 'exp_20240620_013617', 'client_id': '0'}
[2024-06-20 01:36:40,924][root][INFO] - Added data to batch for client 0: {'round': 2, 'step_no': 55, 'loss': 0.4715842008590698, 'accuracy': 0.740234375, 'l2_norm': 1.9630078077316284, 'computation_time': 0.04248690605163574, 'batch_time': 0.04659982271550689, 'rtc_check_time': 0.0029289300000527874, 'experiment_id': 'exp_20240620_013617', 'client_id': '0'}
[2024-06-20 01:36:40,926][root][INFO] - Added data to batch for client 0: {'round': 2, 'step_no': 56, 'loss': 0.8637557625770569, 'accuracy': 0.7405303120613098, 'l2_norm': 2.017587900161743, 'computation_time': 0.0544590950012207, 'batch_time': 0.057243770934292115, 'rtc_check_time': 0.0016176169883692637, 'experiment_id': 'exp_20240620_013617', 'client_id': '0'}
[2024-06-20 01:36:40,927][root][INFO] - Added data to batch for client 0: {'round': 2, 'step_no': 57, 'loss': 0.627028226852417, 'accuracy': 0.7417279481887817, 'l2_norm': 2.108896255493164, 'computation_time': 0.05619406700134277, 'batch_time': 0.05872380960499868, 'rtc_check_time': 0.0014876149944029748, 'experiment_id': 'exp_20240620_013617', 'client_id': '0'}
[2024-06-20 01:36:40,928][root][INFO] - Added data to batch for client 0: {'round': 2, 'step_no': 58, 'loss': 0.8173338770866394, 'accuracy': 0.7410714030265808, 'l2_norm': 2.183706045150757, 'computation_time': 0.039259910583496094, 'batch_time': 0.04436006328614894, 'rtc_check_time': 0.003889939995133318, 'experiment_id': 'exp_20240620_013617', 'client_id': '0'}
[2024-06-20 01:36:40,930][root][INFO] - Added data to batch for client 0: {'round': 2, 'step_no': 59, 'loss': 0.7409473657608032, 'accuracy': 0.7404513955116272, 'l2_norm': 2.1894683837890625, 'computation_time': 0.04040193557739258, 'batch_time': 0.04312702112656552, 'rtc_check_time': 0.0014090149925323203, 'experiment_id': 'exp_20240620_013617', 'client_id': '0'}
[2024-06-20 01:36:40,932][root][INFO] - Added data to batch for client 0: {'round': 2, 'step_no': 60, 'loss': 0.48576095700263977, 'accuracy': 0.7432432174682617, 'l2_norm': 2.258251667022705, 'computation_time': 0.04082798957824707, 'batch_time': 0.04363211382587906, 'rtc_check_time': 0.0015691160078858957, 'experiment_id': 'exp_20240620_013617', 'client_id': '0'}
[2024-06-20 01:36:40,933][root][INFO] - Added data to batch for client 0: {'round': 2, 'step_no': 61, 'loss': 0.35686537623405457, 'accuracy': 0.7467105388641357, 'l2_norm': 2.322972297668457, 'computation_time': 0.05239510536193848, 'batch_time': 0.05682897302904166, 'rtc_check_time': 0.0024080250004772097, 'experiment_id': 'exp_20240620_013617', 'client_id': '0'}
[2024-06-20 01:36:40,934][root][INFO] - Added data to batch for client 0: {'round': 2, 'step_no': 62, 'loss': 0.6005092263221741, 'accuracy': 0.7467948794364929, 'l2_norm': 2.361025094985962, 'computation_time': 0.054119110107421875, 'batch_time': 0.057887541232048534, 'rtc_check_time': 0.0021114219998707995, 'experiment_id': 'exp_20240620_013617', 'client_id': '0'}
[2024-06-20 01:36:40,935][root][INFO] - Added data to batch for client 0: {'round': 2, 'step_no': 63, 'loss': 0.46402451395988464, 'accuracy': 0.749218761920929, 'l2_norm': 2.4537224769592285, 'computation_time': 0.06173896789550781, 'batch_time': 0.06499525789695326, 'rtc_check_time': 0.0019371200032765046, 'experiment_id': 'exp_20240620_013617', 'client_id': '0'}
[2024-06-20 01:36:40,937][root][INFO] - Added data to batch for client 0: {'round': 2, 'step_no': 64, 'loss': 0.4942498505115509, 'accuracy': 0.7507622241973877, 'l2_norm': 2.4960875511169434, 'computation_time': 0.056797027587890625, 'batch_time': 0.05959222848468926, 'rtc_check_time': 0.0014362149959197268, 'experiment_id': 'exp_20240620_013617', 'client_id': '0'}
[2024-06-20 01:36:40,938][root][INFO] - Added data to batch for client 0: {'round': 2, 'step_no': 65, 'loss': 0.5271092057228088, 'accuracy': 0.7514880895614624, 'l2_norm': 2.5587682723999023, 'computation_time': 0.04622602462768555, 'batch_time': 0.050534878158941865, 'rtc_check_time': 0.0024978260044008493, 'experiment_id': 'exp_20240620_013617', 'client_id': '0'}
[2024-06-20 01:36:40,939][root][INFO] - Added data to batch for client 0: {'round': 2, 'step_no': 66, 'loss': 0.5951814651489258, 'accuracy': 0.7536337375640869, 'l2_norm': 2.6243929862976074, 'computation_time': 0.040422916412353516, 'batch_time': 0.043024236234487034, 'rtc_check_time': 0.0014383139932760969, 'experiment_id': 'exp_20240620_013617', 'client_id': '0'}
[2024-06-20 01:36:40,940][root][INFO] - Added data to batch for client 0: {'round': 2, 'step_no': 67, 'loss': 0.8294999599456787, 'accuracy': 0.7514204382896423, 'l2_norm': 2.694711685180664, 'computation_time': 0.04291486740112305, 'batch_time': 0.04598935665853787, 'rtc_check_time': 0.0014003139949636534, 'experiment_id': 'exp_20240620_013617', 'client_id': '0'}
[2024-06-20 01:36:40,941][root][INFO] - Added data to batch for client 0: {'round': 2, 'step_no': 68, 'loss': 0.43469154834747314, 'accuracy': 0.7527777552604675, 'l2_norm': 2.749363660812378, 'computation_time': 0.04057002067565918, 'batch_time': 0.042900729094981216, 'rtc_check_time': 0.001280712996958755, 'experiment_id': 'exp_20240620_013617', 'client_id': '0'}
[2024-06-20 01:36:40,943][root][INFO] - Added data to batch for client 0: {'round': 2, 'step_no': 69, 'loss': 0.734039306640625, 'accuracy': 0.754755437374115, 'l2_norm': 2.756563425064087, 'computation_time': 0.04897189140319824, 'batch_time': 0.052764896012376994, 'rtc_check_time': 0.0021169219980947673, 'experiment_id': 'exp_20240620_013617', 'client_id': '0'}
[2024-06-20 01:36:40,944][root][INFO] - Added data to batch for client 0: {'round': 2, 'step_no': 70, 'loss': 0.483409583568573, 'accuracy': 0.7566489577293396, 'l2_norm': 2.849403142929077, 'computation_time': 0.04643416404724121, 'batch_time': 0.049022855862858705, 'rtc_check_time': 0.0013129139988450333, 'experiment_id': 'exp_20240620_013617', 'client_id': '0'}
[2024-06-20 01:36:40,946][root][INFO] - Added data to batch for client 0: {'round': 2, 'step_no': 71, 'loss': 0.4026607871055603, 'accuracy': 0.759765625, 'l2_norm': 2.9023454189300537, 'computation_time': 0.05507516860961914, 'batch_time': 0.05770312300592195, 'rtc_check_time': 0.001560315999086015, 'experiment_id': 'exp_20240620_013617', 'client_id': '0'}
[2024-06-20 01:36:40,948][root][INFO] - Added data to batch for client 0: {'round': 2, 'step_no': 72, 'loss': 0.5033864974975586, 'accuracy': 0.762117326259613, 'l2_norm': 2.930016279220581, 'computation_time': 0.04099702835083008, 'batch_time': 0.04536181724688504, 'rtc_check_time': 0.003100932008237578, 'experiment_id': 'exp_20240620_013617', 'client_id': '0'}
[2024-06-20 01:36:40,949][root][INFO] - Added data to batch for client 0: {'round': 2, 'step_no': 73, 'loss': 0.4835168719291687, 'accuracy': 0.7631250023841858, 'l2_norm': 2.9927563667297363, 'computation_time': 0.04146695137023926, 'batch_time': 0.0443319433106808, 'rtc_check_time': 0.0016159170045284554, 'experiment_id': 'exp_20240620_013617', 'client_id': '0'}
[2024-06-20 01:36:40,950][root][INFO] - Added data to batch for client 0: {'round': 2, 'step_no': 74, 'loss': 0.5354141592979431, 'accuracy': 0.7634803652763367, 'l2_norm': 3.1085331439971924, 'computation_time': 0.04126691818237305, 'batch_time': 0.044071985787013546, 'rtc_check_time': 0.0014320150075946003, 'experiment_id': 'exp_20240620_013617', 'client_id': '0'}
[2024-06-20 01:36:40,951][root][INFO] - Added data to batch for client 0: {'round': 2, 'step_no': 75, 'loss': 0.451560914516449, 'accuracy': 0.7650240659713745, 'l2_norm': 3.1168947219848633, 'computation_time': 0.04621100425720215, 'batch_time': 0.04980284767225385, 'rtc_check_time': 0.0022109230048954487, 'experiment_id': 'exp_20240620_013617', 'client_id': '0'}
[2024-06-20 01:36:40,952][root][INFO] - Added data to batch for client 0: {'round': 2, 'step_no': 76, 'loss': 0.578400194644928, 'accuracy': 0.7670990824699402, 'l2_norm': 3.1885337829589844, 'computation_time': 0.04165005683898926, 'batch_time': 0.049221943656448275, 'rtc_check_time': 0.006326864997390658, 'experiment_id': 'exp_20240620_013617', 'client_id': '0'}
[2024-06-20 01:36:40,953][root][INFO] - Added data to batch for client 0: {'round': 2, 'step_no': 77, 'loss': 0.5878229737281799, 'accuracy': 0.7679398059844971, 'l2_norm': 3.322110891342163, 'computation_time': 0.04680895805358887, 'batch_time': 0.05032872692390811, 'rtc_check_time': 0.002040620005573146, 'experiment_id': 'exp_20240620_013617', 'client_id': '0'}
[2024-06-20 01:36:40,954][root][INFO] - Added data to batch for client 0: {'round': 2, 'step_no': 78, 'loss': 0.5725730657577515, 'accuracy': 0.7676136493682861, 'l2_norm': 3.3153553009033203, 'computation_time': 0.04064488410949707, 'batch_time': 0.04698440087668132, 'rtc_check_time': 0.00523635400168132, 'experiment_id': 'exp_20240620_013617', 'client_id': '0'}
[2024-06-20 01:36:40,955][root][INFO] - Added data to batch for client 0: {'round': 2, 'step_no': 79, 'loss': 0.5574137568473816, 'accuracy': 0.7684151530265808, 'l2_norm': 3.4020676612854004, 'computation_time': 0.044183969497680664, 'batch_time': 0.0488584189733956, 'rtc_check_time': 0.00343133500427939, 'experiment_id': 'exp_20240620_013617', 'client_id': '0'}
[2024-06-20 01:36:40,956][root][INFO] - Added data to batch for client 0: {'round': 2, 'step_no': 80, 'loss': 0.33031120896339417, 'accuracy': 0.7708333134651184, 'l2_norm': 3.4437358379364014, 'computation_time': 0.04295015335083008, 'batch_time': 0.04600831741117872, 'rtc_check_time': 0.0019793199899140745, 'experiment_id': 'exp_20240620_013617', 'client_id': '0'}
[2024-06-20 01:36:40,958][root][INFO] - Added data to batch for client 0: {'round': 2, 'step_no': 81, 'loss': 0.47072601318359375, 'accuracy': 0.7726293206214905, 'l2_norm': 3.529583215713501, 'computation_time': 0.04853200912475586, 'batch_time': 0.05874453391879797, 'rtc_check_time': 0.00885759200900793, 'experiment_id': 'exp_20240620_013617', 'client_id': '0'}
[2024-06-20 01:36:40,959][root][INFO] - Added data to batch for client 0: {'round': 2, 'step_no': 82, 'loss': 0.31259995698928833, 'accuracy': 0.7748940587043762, 'l2_norm': 3.614743709564209, 'computation_time': 0.04481792449951172, 'batch_time': 0.04757647469523363, 'rtc_check_time': 0.0015395160007756203, 'experiment_id': 'exp_20240620_013617', 'client_id': '0'}
[2024-06-20 01:36:40,960][root][INFO] - Added data to batch for client 0: {'round': 2, 'step_no': 83, 'loss': 0.5800480246543884, 'accuracy': 0.7760416865348816, 'l2_norm': 3.6635546684265137, 'computation_time': 0.040205955505371094, 'batch_time': 0.043802538042655215, 'rtc_check_time': 0.0025015260034706444, 'experiment_id': 'exp_20240620_013617', 'client_id': '0'}
[2024-06-20 01:36:40,961][root][INFO] - Added data to batch for client 0: {'round': 2, 'step_no': 84, 'loss': 0.6146864295005798, 'accuracy': 0.775102436542511, 'l2_norm': 3.7563459873199463, 'computation_time': 0.03973507881164551, 'batch_time': 0.04523414604773279, 'rtc_check_time': 0.004182043005130254, 'experiment_id': 'exp_20240620_013617', 'client_id': '0'}
[2024-06-20 01:36:40,962][root][INFO] - Added data to batch for client 0: {'round': 2, 'step_no': 85, 'loss': 0.47410425543785095, 'accuracy': 0.7757056355476379, 'l2_norm': 3.7867469787597656, 'computation_time': 0.04370307922363281, 'batch_time': 0.05129416716226842, 'rtc_check_time': 0.006352265001623891, 'experiment_id': 'exp_20240620_013617', 'client_id': '0'}
[2024-06-20 01:36:40,963][root][INFO] - Added data to batch for client 0: {'round': 2, 'step_no': 86, 'loss': 0.4021153450012207, 'accuracy': 0.776289701461792, 'l2_norm': 3.85282826423645, 'computation_time': 0.043527841567993164, 'batch_time': 0.04755638929782435, 'rtc_check_time': 0.0028462299960665405, 'experiment_id': 'exp_20240620_013617', 'client_id': '0'}
[2024-06-20 01:36:40,964][root][INFO] - Added data to batch for client 0: {'round': 2, 'step_no': 87, 'loss': 0.4133619964122772, 'accuracy': 0.77783203125, 'l2_norm': 3.925746202468872, 'computation_time': 0.04274106025695801, 'batch_time': 0.047184823983116075, 'rtc_check_time': 0.0034078349999617785, 'experiment_id': 'exp_20240620_013617', 'client_id': '0'}
[2024-06-20 01:36:40,965][root][INFO] - Added data to batch for client 0: {'round': 2, 'step_no': 88, 'loss': 0.31035172939300537, 'accuracy': 0.7802884578704834, 'l2_norm': 3.9773497581481934, 'computation_time': 0.04365181922912598, 'batch_time': 0.04622655831917655, 'rtc_check_time': 0.0013905140076531097, 'experiment_id': 'exp_20240620_013617', 'client_id': '0'}
[2024-06-20 01:36:40,966][root][INFO] - Added data to batch for client 0: {'round': 2, 'step_no': 89, 'loss': 0.3720759153366089, 'accuracy': 0.7821969985961914, 'l2_norm': 4.056088924407959, 'computation_time': 0.04089689254760742, 'batch_time': 0.05109386125695892, 'rtc_check_time': 0.009122893010498956, 'experiment_id': 'exp_20240620_013617', 'client_id': '0'}
[2024-06-20 01:36:40,967][root][INFO] - Added data to batch for client 0: {'round': 2, 'step_no': 90, 'loss': 0.4504430890083313, 'accuracy': 0.7831156849861145, 'l2_norm': 4.119901657104492, 'computation_time': 0.05006718635559082, 'batch_time': 0.05464654561365023, 'rtc_check_time': 0.0026665269979275763, 'experiment_id': 'exp_20240620_013617', 'client_id': '0'}
[2024-06-20 01:36:40,968][root][INFO] - Added data to batch for client 0: {'round': 2, 'step_no': 91, 'loss': 0.8009470701217651, 'accuracy': 0.7821691036224365, 'l2_norm': 4.239316940307617, 'computation_time': 0.041452884674072266, 'batch_time': 0.04491348416195251, 'rtc_check_time': 0.0024225249944720417, 'experiment_id': 'exp_20240620_013617', 'client_id': '0'}
[2024-06-20 01:36:40,969][root][INFO] - Added data to batch for client 0: {'round': 2, 'step_no': 92, 'loss': 0.2847655415534973, 'accuracy': 0.7848731875419617, 'l2_norm': 4.290641784667969, 'computation_time': 0.044097900390625, 'batch_time': 0.04896291805198416, 'rtc_check_time': 0.0030778319924138486, 'experiment_id': 'exp_20240620_013617', 'client_id': '0'}
[2024-06-20 01:36:40,970][root][INFO] - Added data to batch for client 0: {'round': 2, 'step_no': 93, 'loss': 0.37269774079322815, 'accuracy': 0.7861607074737549, 'l2_norm': 4.428451061248779, 'computation_time': 0.056513071060180664, 'batch_time': 0.0591337509395089, 'rtc_check_time': 0.001523715996881947, 'experiment_id': 'exp_20240620_013617', 'client_id': '0'}
[2024-06-20 01:36:40,971][root][INFO] - Added data to batch for client 0: {'round': 2, 'step_no': 94, 'loss': 0.5848231315612793, 'accuracy': 0.7874119877815247, 'l2_norm': 4.509422302246094, 'computation_time': 0.042730093002319336, 'batch_time': 0.04623310358147137, 'rtc_check_time': 0.00236122400383465, 'experiment_id': 'exp_20240620_013617', 'client_id': '0'}
[2024-06-20 01:36:40,973][root][INFO] - Added data to batch for client 0: {'round': 2, 'step_no': 95, 'loss': 0.6255546808242798, 'accuracy': 0.7890625, 'l2_norm': 4.501396179199219, 'computation_time': 0.04741501808166504, 'batch_time': 0.05045922771387268, 'rtc_check_time': 0.001999221000005491, 'experiment_id': 'exp_20240620_013617', 'client_id': '0'}
[2024-06-20 01:36:40,974][root][INFO] - Added data to batch for client 0: {'round': 2, 'step_no': 96, 'loss': 0.276505708694458, 'accuracy': 0.7906678318977356, 'l2_norm': 4.550233840942383, 'computation_time': 0.0402219295501709, 'batch_time': 0.04431576517526992, 'rtc_check_time': 0.0029668310016859323, 'experiment_id': 'exp_20240620_013617', 'client_id': '0'}
[2024-06-20 01:36:40,975][root][INFO] - Added data to batch for client 0: {'round': 2, 'step_no': 97, 'loss': 0.3452502191066742, 'accuracy': 0.7918074131011963, 'l2_norm': 4.613300323486328, 'computation_time': 0.04079103469848633, 'batch_time': 0.046311709069414064, 'rtc_check_time': 0.004445644997758791, 'experiment_id': 'exp_20240620_013617', 'client_id': '0'}
[2024-06-20 01:36:40,976][root][INFO] - Added data to batch for client 0: {'round': 2, 'step_no': 98, 'loss': 0.24786034226417542, 'accuracy': 0.793749988079071, 'l2_norm': 4.689725399017334, 'computation_time': 0.04088115692138672, 'batch_time': 0.0440676040307153, 'rtc_check_time': 0.002050620998488739, 'experiment_id': 'exp_20240620_013617', 'client_id': '0'}
[2024-06-20 01:36:40,977][root][INFO] - Added data to batch for client 0: {'round': 2, 'step_no': 99, 'loss': 0.2348836064338684, 'accuracy': 0.7960526347160339, 'l2_norm': 4.725006103515625, 'computation_time': 0.04434990882873535, 'batch_time': 0.04809165057667997, 'rtc_check_time': 0.0021436220122268423, 'experiment_id': 'exp_20240620_013617', 'client_id': '0'}
[2024-06-20 01:36:40,978][root][INFO] - Added data to batch for client 0: {'round': 2, 'step_no': 100, 'loss': 0.7149089574813843, 'accuracy': 0.7962662577629089, 'l2_norm': 4.838533401489258, 'computation_time': 0.03997993469238281, 'batch_time': 0.053696555172791705, 'rtc_check_time': 0.012596529995789751, 'experiment_id': 'exp_20240620_013617', 'client_id': '0'}
[2024-06-20 01:36:40,979][root][INFO] - Added data to batch for client 0: {'round': 2, 'step_no': 101, 'loss': 1.4010155200958252, 'accuracy': 0.7932692170143127, 'l2_norm': 4.858500003814697, 'computation_time': 0.044554948806762695, 'batch_time': 0.047114518281887285, 'rtc_check_time': 0.0015756159991724417, 'experiment_id': 'exp_20240620_013617', 'client_id': '0'}
[2024-06-20 01:36:40,980][root][INFO] - Added data to batch for client 0: {'round': 2, 'step_no': 102, 'loss': 0.4645734429359436, 'accuracy': 0.793117105960846, 'l2_norm': 4.958996295928955, 'computation_time': 0.043341875076293945, 'batch_time': 0.04576172851375304, 'rtc_check_time': 0.0014006140117999166, 'experiment_id': 'exp_20240620_013617', 'client_id': '0'}
[2024-06-20 01:36:40,981][root][INFO] - Added data to batch for client 0: {'round': 2, 'step_no': 103, 'loss': 0.2940635681152344, 'accuracy': 0.7945312261581421, 'l2_norm': 5.0094895362854, 'computation_time': 0.041664838790893555, 'batch_time': 0.044435772026190534, 'rtc_check_time': 0.0017028180009219795, 'experiment_id': 'exp_20240620_013617', 'client_id': '0'}
[2024-06-20 01:36:40,981][root][INFO] - Added batch data list for client 0. New Data Added: 80
[2024-06-20 01:36:40,982][root][INFO] - Batch data saved to /home/psklavos/fl/geom_aio/csv_logs/exp_20240620_013617/clients/client_0/batch.csv
[2024-06-20 01:36:40,982][root][INFO] - Appended data to last row of column distributed_loss in server data for client None
[2024-06-20 01:36:40,983][root][INFO] - Appended data to last row of column distributed_acc in server data for client None
[2024-06-20 01:36:40,983][root][INFO] - Appended {'distributed_loss': 0.3596333960692088, 'distributed_acc': 0.8988333344459534} to the last row of server data
[2024-06-20 01:36:40,983][root][INFO] - Server data saved to /home/psklavos/fl/geom_aio/csv_logs/exp_20240620_013617/server/server.csv
[2024-06-20 01:36:45,176][flwr][DEBUG] - fit_round 3: strategy sampled 3 clients (out of 3)
[2024-06-20 01:36:52,473][flwr][DEBUG] - fit_round 3 received 3 results and 0 failures
[2024-06-20 01:36:52,478][root][INFO] - Added data to server for client None: {'round': 3, 'average_norm': 5.0518646240234375, 'round_time': 8.506032808838013, 'average_downlink_time': 0.670729644, 'average_rtc_check_time': 0.47805228098877706, 'average_uplink_time': 0.41337220033333333, 'average_computation_time': 6.372913916905721, 'average_communication_time': 1.5621541253221103, 'average_fit_time': 7.275545597076416, 'average_throughput': 5.679389578634837, 'dropouts': 0, 'experiment_id': 'exp_20240620_013617'}
[2024-06-20 01:36:52,478][root][INFO] - Added server data: {'round': 3, 'average_norm': 5.0518646240234375, 'round_time': 8.506032808838013, 'average_downlink_time': 0.670729644, 'average_rtc_check_time': 0.47805228098877706, 'average_uplink_time': 0.41337220033333333, 'average_computation_time': 6.372913916905721, 'average_communication_time': 1.5621541253221103, 'average_fit_time': 7.275545597076416, 'average_throughput': 5.679389578634837, 'dropouts': 0, 'experiment_id': 'exp_20240620_013617'}
[2024-06-20 01:36:52,538][utils.model][INFO] - LeNet model built
[2024-06-20 01:36:52,661][utils.model][INFO] - Size of serialized model: 279.0341796875 kbytes
[2024-06-20 01:36:52,694][utils.model][INFO] - Step 1/40 - val_loss: 0.1160 - val_accuracy: 0.9727
[2024-06-20 01:36:52,714][utils.model][INFO] - Step 2/40 - val_loss: 0.1784 - val_accuracy: 0.9512
[2024-06-20 01:36:52,734][utils.model][INFO] - Step 3/40 - val_loss: 0.1919 - val_accuracy: 0.9414
[2024-06-20 01:36:52,754][utils.model][INFO] - Step 4/40 - val_loss: 0.1865 - val_accuracy: 0.9453
[2024-06-20 01:36:52,774][utils.model][INFO] - Step 5/40 - val_loss: 0.2042 - val_accuracy: 0.9398
[2024-06-20 01:36:52,795][utils.model][INFO] - Step 6/40 - val_loss: 0.2067 - val_accuracy: 0.9421
[2024-06-20 01:36:52,817][utils.model][INFO] - Step 7/40 - val_loss: 0.2183 - val_accuracy: 0.9386
[2024-06-20 01:36:52,840][utils.model][INFO] - Step 8/40 - val_loss: 0.2187 - val_accuracy: 0.9365
[2024-06-20 01:36:52,862][utils.model][INFO] - Step 9/40 - val_loss: 0.2256 - val_accuracy: 0.9340
[2024-06-20 01:36:52,887][utils.model][INFO] - Step 10/40 - val_loss: 0.2219 - val_accuracy: 0.9336
[2024-06-20 01:36:52,913][utils.model][INFO] - Step 11/40 - val_loss: 0.2158 - val_accuracy: 0.9350
[2024-06-20 01:36:52,938][utils.model][INFO] - Step 12/40 - val_loss: 0.2122 - val_accuracy: 0.9362
[2024-06-20 01:36:52,959][utils.model][INFO] - Step 13/40 - val_loss: 0.2119 - val_accuracy: 0.9369
[2024-06-20 01:36:52,982][utils.model][INFO] - Step 14/40 - val_loss: 0.2113 - val_accuracy: 0.9350
[2024-06-20 01:36:53,007][utils.model][INFO] - Step 15/40 - val_loss: 0.2169 - val_accuracy: 0.9336
[2024-06-20 01:36:53,030][utils.model][INFO] - Step 16/40 - val_loss: 0.2204 - val_accuracy: 0.9329
[2024-06-20 01:36:53,052][utils.model][INFO] - Step 17/40 - val_loss: 0.2225 - val_accuracy: 0.9327
[2024-06-20 01:36:53,074][utils.model][INFO] - Step 18/40 - val_loss: 0.2221 - val_accuracy: 0.9325
[2024-06-20 01:36:53,093][utils.model][INFO] - Step 19/40 - val_loss: 0.2219 - val_accuracy: 0.9322
[2024-06-20 01:36:53,117][utils.model][INFO] - Step 20/40 - val_loss: 0.2196 - val_accuracy: 0.9326
[2024-06-20 01:36:53,140][utils.model][INFO] - Step 21/40 - val_loss: 0.2131 - val_accuracy: 0.9343
[2024-06-20 01:36:53,160][utils.model][INFO] - Step 22/40 - val_loss: 0.2057 - val_accuracy: 0.9370
[2024-06-20 01:36:53,183][utils.model][INFO] - Step 23/40 - val_loss: 0.2032 - val_accuracy: 0.9378
[2024-06-20 01:36:53,204][utils.model][INFO] - Step 24/40 - val_loss: 0.2048 - val_accuracy: 0.9373
[2024-06-20 01:36:53,223][utils.model][INFO] - Step 25/40 - val_loss: 0.2000 - val_accuracy: 0.9391
[2024-06-20 01:36:53,242][utils.model][INFO] - Step 26/40 - val_loss: 0.2001 - val_accuracy: 0.9396
[2024-06-20 01:36:53,260][utils.model][INFO] - Step 27/40 - val_loss: 0.1968 - val_accuracy: 0.9405
[2024-06-20 01:36:53,278][utils.model][INFO] - Step 28/40 - val_loss: 0.1920 - val_accuracy: 0.9417
[2024-06-20 01:36:53,297][utils.model][INFO] - Step 29/40 - val_loss: 0.1884 - val_accuracy: 0.9429
[2024-06-20 01:36:53,315][utils.model][INFO] - Step 30/40 - val_loss: 0.1859 - val_accuracy: 0.9436
[2024-06-20 01:36:53,335][utils.model][INFO] - Step 31/40 - val_loss: 0.1838 - val_accuracy: 0.9441
[2024-06-20 01:36:53,357][utils.model][INFO] - Step 32/40 - val_loss: 0.1803 - val_accuracy: 0.9453
[2024-06-20 01:36:53,376][utils.model][INFO] - Step 33/40 - val_loss: 0.1780 - val_accuracy: 0.9460
[2024-06-20 01:36:53,395][utils.model][INFO] - Step 34/40 - val_loss: 0.1742 - val_accuracy: 0.9472
[2024-06-20 01:36:53,413][utils.model][INFO] - Step 35/40 - val_loss: 0.1698 - val_accuracy: 0.9485
[2024-06-20 01:36:53,435][utils.model][INFO] - Step 36/40 - val_loss: 0.1683 - val_accuracy: 0.9491
[2024-06-20 01:36:53,458][utils.model][INFO] - Step 37/40 - val_loss: 0.1655 - val_accuracy: 0.9500
[2024-06-20 01:36:53,482][utils.model][INFO] - Step 38/40 - val_loss: 0.1648 - val_accuracy: 0.9501
[2024-06-20 01:36:53,503][utils.model][INFO] - Step 39/40 - val_loss: 0.1690 - val_accuracy: 0.9488
[2024-06-20 01:36:53,513][utils.model][INFO] - Step 40/40 - val_loss: 0.1664 - val_accuracy: 0.9489
[2024-06-20 01:36:53,515][utils.model][INFO] - Evaluation Results - Val Loss: 0.1664, Val Accuracy: 0.9489 in 40 steps
[2024-06-20 01:36:53,516][root][INFO] - Appended data to last row of column centralized_loss in server data for client None
[2024-06-20 01:36:53,517][root][INFO] - Appended data to last row of column centralized_acc in server data for client None
[2024-06-20 01:36:53,517][root][INFO] - Appended {'centralized_loss': 0.16635203, 'centralized_acc': 0.9489} to the last row of server data
[2024-06-20 01:36:53,517][flwr][INFO] - fit progress: (3, 0.16635203, {'accuracy': 0.9489}, 30.35051741899224)
[2024-06-20 01:36:53,517][flwr][DEBUG] - evaluate_round 3: strategy sampled 3 clients (out of 3)
[2024-06-20 01:36:54,079][flwr][DEBUG] - evaluate_round 3 received 3 results and 0 failures
[2024-06-20 01:36:54,081][root][INFO] - Added data to epoch for client 0: {'round': 3, 'epoch_steps': 146, 'total_steps': 249, 'l2_norm': 5.068602085113525, 'total_computation_time': 6.340060710906982, 'total_rtc_check_time': 0.5022701639245497, 'total_duration': 7.271910905838013, 'val_loss': 0.18210646510124207, 'val_accuracy': 0.9480000138282776, 'experiment_id': 'exp_20240620_013617', 'client_id': '0'}
[2024-06-20 01:36:54,081][root][INFO] - Added epoch data for client 0: {'round': 3, 'epoch_steps': 146, 'total_steps': 249, 'l2_norm': 5.068602085113525, 'total_computation_time': 6.340060710906982, 'total_rtc_check_time': 0.5022701639245497, 'total_duration': 7.271910905838013, 'val_loss': 0.18210646510124207, 'val_accuracy': 0.9480000138282776, 'experiment_id': 'exp_20240620_013617', 'client_id': '0'}
[2024-06-20 01:36:54,082][root][INFO] - Epoch data saved to /home/psklavos/fl/geom_aio/csv_logs/exp_20240620_013617/clients/client_0/epoch.csv
[2024-06-20 01:36:54,083][root][INFO] - Added data to batch for client 0: {'round': 3, 'step_no': 104, 'loss': 0.21220074594020844, 'accuracy': 1.0, 'l2_norm': 0.016217654570937157, 'computation_time': 0.04812002182006836, 'batch_time': 0.05059854715364054, 'rtc_check_time': 0.0013887140084989369, 'experiment_id': 'exp_20240620_013617', 'client_id': '0'}
[2024-06-20 01:36:54,084][root][INFO] - Added data to batch for client 0: {'round': 3, 'step_no': 105, 'loss': 0.3756331503391266, 'accuracy': 0.96875, 'l2_norm': 0.04025055095553398, 'computation_time': 0.049056053161621094, 'batch_time': 0.05777979800768662, 'rtc_check_time': 0.007557877994258888, 'experiment_id': 'exp_20240620_013617', 'client_id': '0'}
[2024-06-20 01:36:54,085][root][INFO] - Added data to batch for client 0: {'round': 3, 'step_no': 106, 'loss': 0.31544041633605957, 'accuracy': 0.9479166865348816, 'l2_norm': 0.05306604877114296, 'computation_time': 0.048581838607788086, 'batch_time': 0.051236893952591345, 'rtc_check_time': 0.0014701150066684932, 'experiment_id': 'exp_20240620_013617', 'client_id': '0'}
[2024-06-20 01:36:54,086][root][INFO] - Added data to batch for client 0: {'round': 3, 'step_no': 107, 'loss': 0.20021554827690125, 'accuracy': 0.9453125, 'l2_norm': 0.053440287709236145, 'computation_time': 0.040287017822265625, 'batch_time': 0.04294218235008884, 'rtc_check_time': 0.0016011159896152094, 'experiment_id': 'exp_20240620_013617', 'client_id': '0'}
[2024-06-20 01:36:54,087][root][INFO] - Added data to batch for client 0: {'round': 3, 'step_no': 108, 'loss': 0.4623572826385498, 'accuracy': 0.9312499761581421, 'l2_norm': 0.07731501013040543, 'computation_time': 0.04062700271606445, 'batch_time': 0.04357052633713465, 'rtc_check_time': 0.0018165189976571128, 'experiment_id': 'exp_20240620_013617', 'client_id': '0'}
[2024-06-20 01:36:54,088][root][INFO] - Added data to batch for client 0: {'round': 3, 'step_no': 109, 'loss': 0.17141827940940857, 'accuracy': 0.9322916865348816, 'l2_norm': 0.08491343259811401, 'computation_time': 0.038374900817871094, 'batch_time': 0.04188073369732592, 'rtc_check_time': 0.0024396249937126413, 'experiment_id': 'exp_20240620_013617', 'client_id': '0'}
[2024-06-20 01:36:54,089][root][INFO] - Added data to batch for client 0: {'round': 3, 'step_no': 110, 'loss': 0.37557023763656616, 'accuracy': 0.9330357313156128, 'l2_norm': 0.11542084068059921, 'computation_time': 0.03944706916809082, 'batch_time': 0.04204915158334188, 'rtc_check_time': 0.001439315004972741, 'experiment_id': 'exp_20240620_013617', 'client_id': '0'}
[2024-06-20 01:36:54,090][root][INFO] - Added data to batch for client 0: {'round': 3, 'step_no': 111, 'loss': 0.5244123339653015, 'accuracy': 0.92578125, 'l2_norm': 0.14831866323947906, 'computation_time': 0.04161500930786133, 'batch_time': 0.04429057832749095, 'rtc_check_time': 0.0014384150126716122, 'experiment_id': 'exp_20240620_013617', 'client_id': '0'}
[2024-06-20 01:36:54,091][root][INFO] - Added data to batch for client 0: {'round': 3, 'step_no': 112, 'loss': 0.43701958656311035, 'accuracy': 0.9201388955116272, 'l2_norm': 0.1742660403251648, 'computation_time': 0.04054093360900879, 'batch_time': 0.044409267080482095, 'rtc_check_time': 0.0026662269956432283, 'experiment_id': 'exp_20240620_013617', 'client_id': '0'}
[2024-06-20 01:36:54,092][root][INFO] - Added data to batch for client 0: {'round': 3, 'step_no': 113, 'loss': 0.3525252640247345, 'accuracy': 0.918749988079071, 'l2_norm': 0.17485247552394867, 'computation_time': 0.040827035903930664, 'batch_time': 0.04682947586115915, 'rtc_check_time': 0.004075541000929661, 'experiment_id': 'exp_20240620_013617', 'client_id': '0'}
[2024-06-20 01:36:54,093][root][INFO] - Added data to batch for client 0: {'round': 3, 'step_no': 114, 'loss': 0.3385363221168518, 'accuracy': 0.9176136255264282, 'l2_norm': 0.18256020545959473, 'computation_time': 0.037606000900268555, 'batch_time': 0.041682653842144646, 'rtc_check_time': 0.003045731005840935, 'experiment_id': 'exp_20240620_013617', 'client_id': '0'}
[2024-06-20 01:36:54,094][root][INFO] - Added data to batch for client 0: {'round': 3, 'step_no': 115, 'loss': 0.51674485206604, 'accuracy': 0.9088541865348816, 'l2_norm': 0.21489468216896057, 'computation_time': 0.04419589042663574, 'batch_time': 0.04812563431914896, 'rtc_check_time': 0.002614627010188997, 'experiment_id': 'exp_20240620_013617', 'client_id': '0'}
[2024-06-20 01:36:54,095][root][INFO] - Added data to batch for client 0: {'round': 3, 'step_no': 116, 'loss': 0.7128232717514038, 'accuracy': 0.8966346383094788, 'l2_norm': 0.22133168578147888, 'computation_time': 0.03973197937011719, 'batch_time': 0.04467682157701347, 'rtc_check_time': 0.0038898399943718687, 'experiment_id': 'exp_20240620_013617', 'client_id': '0'}
[2024-06-20 01:36:54,096][root][INFO] - Added data to batch for client 0: {'round': 3, 'step_no': 117, 'loss': 0.3343857526779175, 'accuracy': 0.8995535969734192, 'l2_norm': 0.2243257761001587, 'computation_time': 0.04068613052368164, 'batch_time': 0.04513200352084823, 'rtc_check_time': 0.0030139310110826045, 'experiment_id': 'exp_20240620_013617', 'client_id': '0'}
[2024-06-20 01:36:54,097][root][INFO] - Added data to batch for client 0: {'round': 3, 'step_no': 118, 'loss': 0.14933516085147858, 'accuracy': 0.9020833373069763, 'l2_norm': 0.22927594184875488, 'computation_time': 0.03856182098388672, 'batch_time': 0.04471361602190882, 'rtc_check_time': 0.005024551996029913, 'experiment_id': 'exp_20240620_013617', 'client_id': '0'}
[2024-06-20 01:36:54,098][root][INFO] - Added data to batch for client 0: {'round': 3, 'step_no': 119, 'loss': 0.18338143825531006, 'accuracy': 0.90625, 'l2_norm': 0.2552780210971832, 'computation_time': 0.04347085952758789, 'batch_time': 0.04661472779116593, 'rtc_check_time': 0.0018006179889198393, 'experiment_id': 'exp_20240620_013617', 'client_id': '0'}
[2024-06-20 01:36:54,099][root][INFO] - Added data to batch for client 0: {'round': 3, 'step_no': 120, 'loss': 0.3886781334877014, 'accuracy': 0.904411792755127, 'l2_norm': 0.31923192739486694, 'computation_time': 0.04511594772338867, 'batch_time': 0.04944000062823761, 'rtc_check_time': 0.0030368309962796047, 'experiment_id': 'exp_20240620_013617', 'client_id': '0'}
[2024-06-20 01:36:54,100][root][INFO] - Added data to batch for client 0: {'round': 3, 'step_no': 121, 'loss': 0.5665726065635681, 'accuracy': 0.9027777910232544, 'l2_norm': 0.32462406158447266, 'computation_time': 0.0469820499420166, 'batch_time': 0.052251336514018476, 'rtc_check_time': 0.003868339001201093, 'experiment_id': 'exp_20240620_013617', 'client_id': '0'}
[2024-06-20 01:36:54,101][root][INFO] - Added data to batch for client 0: {'round': 3, 'step_no': 122, 'loss': 0.4896879196166992, 'accuracy': 0.8963815569877625, 'l2_norm': 0.3503492772579193, 'computation_time': 0.044677019119262695, 'batch_time': 0.04774463073408697, 'rtc_check_time': 0.0019537200132617727, 'experiment_id': 'exp_20240620_013617', 'client_id': '0'}
[2024-06-20 01:36:54,102][root][INFO] - Added data to batch for client 0: {'round': 3, 'step_no': 123, 'loss': 0.3978821039199829, 'accuracy': 0.895312488079071, 'l2_norm': 0.3865056037902832, 'computation_time': 0.050447940826416016, 'batch_time': 0.05448122529196553, 'rtc_check_time': 0.002197222987888381, 'experiment_id': 'exp_20240620_013617', 'client_id': '0'}
[2024-06-20 01:36:54,103][root][INFO] - Added data to batch for client 0: {'round': 3, 'step_no': 124, 'loss': 0.17063571512699127, 'accuracy': 0.8973214030265808, 'l2_norm': 0.3950801491737366, 'computation_time': 0.04579591751098633, 'batch_time': 0.051269314310047776, 'rtc_check_time': 0.0042722439975477755, 'experiment_id': 'exp_20240620_013617', 'client_id': '0'}
[2024-06-20 01:36:54,104][root][INFO] - Added data to batch for client 0: {'round': 3, 'step_no': 125, 'loss': 0.28615549206733704, 'accuracy': 0.8977272510528564, 'l2_norm': 0.4184821546077728, 'computation_time': 0.04743480682373047, 'batch_time': 0.050266608930542134, 'rtc_check_time': 0.0014368150004884228, 'experiment_id': 'exp_20240620_013617', 'client_id': '0'}
[2024-06-20 01:36:54,106][root][INFO] - Added data to batch for client 0: {'round': 3, 'step_no': 126, 'loss': 0.6530102491378784, 'accuracy': 0.89402174949646, 'l2_norm': 0.44354283809661865, 'computation_time': 0.04747200012207031, 'batch_time': 0.05101274464686867, 'rtc_check_time': 0.0017297169979428872, 'experiment_id': 'exp_20240620_013617', 'client_id': '0'}
[2024-06-20 01:36:54,107][root][INFO] - Added data to batch for client 0: {'round': 3, 'step_no': 127, 'loss': 0.37345534563064575, 'accuracy': 0.89453125, 'l2_norm': 0.4616839587688446, 'computation_time': 0.045288801193237305, 'batch_time': 0.06072170345578343, 'rtc_check_time': 0.01404864399228245, 'experiment_id': 'exp_20240620_013617', 'client_id': '0'}
[2024-06-20 01:36:54,109][root][INFO] - Added data to batch for client 0: {'round': 3, 'step_no': 128, 'loss': 0.3576434850692749, 'accuracy': 0.8962500095367432, 'l2_norm': 0.47169190645217896, 'computation_time': 0.04333996772766113, 'batch_time': 0.046659010637085885, 'rtc_check_time': 0.002031821000855416, 'experiment_id': 'exp_20240620_013617', 'client_id': '0'}
[2024-06-20 01:36:54,110][root][INFO] - Added data to batch for client 0: {'round': 3, 'step_no': 129, 'loss': 0.3667115569114685, 'accuracy': 0.8942307829856873, 'l2_norm': 0.48518526554107666, 'computation_time': 0.040199995040893555, 'batch_time': 0.043523308442672715, 'rtc_check_time': 0.002245423005660996, 'experiment_id': 'exp_20240620_013617', 'client_id': '0'}
[2024-06-20 01:36:54,112][root][INFO] - Added data to batch for client 0: {'round': 3, 'step_no': 130, 'loss': 0.4308413565158844, 'accuracy': 0.8923611044883728, 'l2_norm': 0.5101346373558044, 'computation_time': 0.03963112831115723, 'batch_time': 0.043706615950213745, 'rtc_check_time': 0.0029866299882996827, 'experiment_id': 'exp_20240620_013617', 'client_id': '0'}
[2024-06-20 01:36:54,113][root][INFO] - Added data to batch for client 0: {'round': 3, 'step_no': 131, 'loss': 0.7964691519737244, 'accuracy': 0.8883928656578064, 'l2_norm': 0.5740634799003601, 'computation_time': 0.03970003128051758, 'batch_time': 0.042151694375206716, 'rtc_check_time': 0.0014007139980094507, 'experiment_id': 'exp_20240620_013617', 'client_id': '0'}
[2024-06-20 01:36:54,114][root][INFO] - Added data to batch for client 0: {'round': 3, 'step_no': 132, 'loss': 0.4770224392414093, 'accuracy': 0.8868534564971924, 'l2_norm': 0.583227813243866, 'computation_time': 0.03913092613220215, 'batch_time': 0.042345758905867115, 'rtc_check_time': 0.0021219220070634037, 'experiment_id': 'exp_20240620_013617', 'client_id': '0'}
[2024-06-20 01:36:54,115][root][INFO] - Added data to batch for client 0: {'round': 3, 'step_no': 133, 'loss': 0.27190327644348145, 'accuracy': 0.8885416388511658, 'l2_norm': 0.6188541054725647, 'computation_time': 0.04801201820373535, 'batch_time': 0.05231941779493354, 'rtc_check_time': 0.0030602320039179176, 'experiment_id': 'exp_20240620_013617', 'client_id': '0'}
[2024-06-20 01:36:54,116][root][INFO] - Added data to batch for client 0: {'round': 3, 'step_no': 134, 'loss': 0.42376023530960083, 'accuracy': 0.8891128897666931, 'l2_norm': 0.6354987621307373, 'computation_time': 0.04336094856262207, 'batch_time': 0.060784818924730644, 'rtc_check_time': 0.016007664002245292, 'experiment_id': 'exp_20240620_013617', 'client_id': '0'}
[2024-06-20 01:36:54,117][root][INFO] - Added data to batch for client 0: {'round': 3, 'step_no': 135, 'loss': 0.7917004823684692, 'accuracy': 0.88671875, 'l2_norm': 0.6817357540130615, 'computation_time': 0.045652151107788086, 'batch_time': 0.04857342223112937, 'rtc_check_time': 0.001482414998463355, 'experiment_id': 'exp_20240620_013617', 'client_id': '0'}
[2024-06-20 01:36:54,118][root][INFO] - Added data to batch for client 0: {'round': 3, 'step_no': 136, 'loss': 0.2431056648492813, 'accuracy': 0.8882575631141663, 'l2_norm': 0.6774495244026184, 'computation_time': 0.04983210563659668, 'batch_time': 0.05233426470658742, 'rtc_check_time': 0.001423314999556169, 'experiment_id': 'exp_20240620_013617', 'client_id': '0'}
[2024-06-20 01:36:54,119][root][INFO] - Added data to batch for client 0: {'round': 3, 'step_no': 137, 'loss': 0.2925099730491638, 'accuracy': 0.8878676295280457, 'l2_norm': 0.7129359245300293, 'computation_time': 0.04073905944824219, 'batch_time': 0.044655199206317775, 'rtc_check_time': 0.002823228991474025, 'experiment_id': 'exp_20240620_013617', 'client_id': '0'}
[2024-06-20 01:36:54,120][root][INFO] - Added data to batch for client 0: {'round': 3, 'step_no': 138, 'loss': 0.1829744279384613, 'accuracy': 0.8901785612106323, 'l2_norm': 0.7408491969108582, 'computation_time': 0.03939700126647949, 'batch_time': 0.04435150479548611, 'rtc_check_time': 0.00381843899958767, 'experiment_id': 'exp_20240620_013617', 'client_id': '0'}
[2024-06-20 01:36:54,121][root][INFO] - Added data to batch for client 0: {'round': 3, 'step_no': 139, 'loss': 0.1920360028743744, 'accuracy': 0.8914930820465088, 'l2_norm': 0.7603539228439331, 'computation_time': 0.039546966552734375, 'batch_time': 0.04386525749578141, 'rtc_check_time': 0.0031512319983448833, 'experiment_id': 'exp_20240620_013617', 'client_id': '0'}
[2024-06-20 01:36:54,122][root][INFO] - Added data to batch for client 0: {'round': 3, 'step_no': 140, 'loss': 0.48819613456726074, 'accuracy': 0.8910472989082336, 'l2_norm': 0.8061316609382629, 'computation_time': 0.03805398941040039, 'batch_time': 0.04289643817173783, 'rtc_check_time': 0.0037495379947358742, 'experiment_id': 'exp_20240620_013617', 'client_id': '0'}
[2024-06-20 01:36:54,123][root][INFO] - Added data to batch for client 0: {'round': 3, 'step_no': 141, 'loss': 0.25973862409591675, 'accuracy': 0.8922697305679321, 'l2_norm': 0.8087264895439148, 'computation_time': 0.040283918380737305, 'batch_time': 0.04265178048808593, 'rtc_check_time': 0.0013169130106689408, 'experiment_id': 'exp_20240620_013617', 'client_id': '0'}
[2024-06-20 01:36:54,124][root][INFO] - Added data to batch for client 0: {'round': 3, 'step_no': 142, 'loss': 0.2397177666425705, 'accuracy': 0.8942307829856873, 'l2_norm': 0.8582808971405029, 'computation_time': 0.04174613952636719, 'batch_time': 0.04644137957075145, 'rtc_check_time': 0.0030804310081293806, 'experiment_id': 'exp_20240620_013617', 'client_id': '0'}
[2024-06-20 01:36:54,125][root][INFO] - Added data to batch for client 0: {'round': 3, 'step_no': 143, 'loss': 0.16025814414024353, 'accuracy': 0.8960937261581421, 'l2_norm': 0.8969103097915649, 'computation_time': 0.043528079986572266, 'batch_time': 0.0462228630494792, 'rtc_check_time': 0.0014929150056559592, 'experiment_id': 'exp_20240620_013617', 'client_id': '0'}
[2024-06-20 01:36:54,127][root][INFO] - Added data to batch for client 0: {'round': 3, 'step_no': 144, 'loss': 0.2614697515964508, 'accuracy': 0.8971036672592163, 'l2_norm': 0.8957511782646179, 'computation_time': 0.05350613594055176, 'batch_time': 0.05657981146941893, 'rtc_check_time': 0.0017707179940771312, 'experiment_id': 'exp_20240620_013617', 'client_id': '0'}
[2024-06-20 01:36:54,128][root][INFO] - Added data to batch for client 0: {'round': 3, 'step_no': 145, 'loss': 0.2935398519039154, 'accuracy': 0.8965773582458496, 'l2_norm': 0.9306471943855286, 'computation_time': 0.05176401138305664, 'batch_time': 0.055676176663837396, 'rtc_check_time': 0.001986219998798333, 'experiment_id': 'exp_20240620_013617', 'client_id': '0'}
[2024-06-20 01:36:54,129][root][INFO] - Added data to batch for client 0: {'round': 3, 'step_no': 146, 'loss': 0.19091489911079407, 'accuracy': 0.8975290656089783, 'l2_norm': 0.9650107026100159, 'computation_time': 0.05297994613647461, 'batch_time': 0.05736633225751575, 'rtc_check_time': 0.0029475299961632118, 'experiment_id': 'exp_20240620_013617', 'client_id': '0'}
[2024-06-20 01:36:54,130][root][INFO] - Added data to batch for client 0: {'round': 3, 'step_no': 147, 'loss': 0.258487343788147, 'accuracy': 0.8991477489471436, 'l2_norm': 0.9988629221916199, 'computation_time': 0.04334211349487305, 'batch_time': 0.04738718064618297, 'rtc_check_time': 0.002965030987979844, 'experiment_id': 'exp_20240620_013617', 'client_id': '0'}
[2024-06-20 01:36:54,132][root][INFO] - Added data to batch for client 0: {'round': 3, 'step_no': 148, 'loss': 0.4380398392677307, 'accuracy': 0.8979166746139526, 'l2_norm': 1.047464370727539, 'computation_time': 0.038008928298950195, 'batch_time': 0.041035264381207526, 'rtc_check_time': 0.0018831189954653382, 'experiment_id': 'exp_20240620_013617', 'client_id': '0'}
[2024-06-20 01:36:54,132][root][INFO] - Added data to batch for client 0: {'round': 3, 'step_no': 149, 'loss': 0.8461146950721741, 'accuracy': 0.891983687877655, 'l2_norm': 1.1295559406280518, 'computation_time': 0.037819862365722656, 'batch_time': 0.04142037830024492, 'rtc_check_time': 0.0024773260083748028, 'experiment_id': 'exp_20240620_013617', 'client_id': '0'}
[2024-06-20 01:36:54,133][root][INFO] - Added data to batch for client 0: {'round': 3, 'step_no': 150, 'loss': 0.4139065146446228, 'accuracy': 0.8909574747085571, 'l2_norm': 1.128312587738037, 'computation_time': 0.0399930477142334, 'batch_time': 0.04337459032831248, 'rtc_check_time': 0.002172521999455057, 'experiment_id': 'exp_20240620_013617', 'client_id': '0'}
[2024-06-20 01:36:54,134][root][INFO] - Added data to batch for client 0: {'round': 3, 'step_no': 151, 'loss': 0.25677552819252014, 'accuracy': 0.8912760615348816, 'l2_norm': 1.1687794923782349, 'computation_time': 0.039788007736206055, 'batch_time': 0.0443876497738529, 'rtc_check_time': 0.003400635003345087, 'experiment_id': 'exp_20240620_013617', 'client_id': '0'}
[2024-06-20 01:36:54,136][root][INFO] - Added data to batch for client 0: {'round': 3, 'step_no': 152, 'loss': 0.1895388811826706, 'accuracy': 0.8928571343421936, 'l2_norm': 1.1809138059616089, 'computation_time': 0.04253101348876953, 'batch_time': 0.04591178735427093, 'rtc_check_time': 0.0022969230049056932, 'experiment_id': 'exp_20240620_013617', 'client_id': '0'}
[2024-06-20 01:36:54,137][root][INFO] - Added data to batch for client 0: {'round': 3, 'step_no': 153, 'loss': 0.3304102420806885, 'accuracy': 0.8931249976158142, 'l2_norm': 1.2196754217147827, 'computation_time': 0.04910683631896973, 'batch_time': 0.05543065052188467, 'rtc_check_time': 0.005009650994907133, 'experiment_id': 'exp_20240620_013617', 'client_id': '0'}
[2024-06-20 01:36:54,139][root][INFO] - Added data to batch for client 0: {'round': 3, 'step_no': 154, 'loss': 0.42504584789276123, 'accuracy': 0.8933823704719543, 'l2_norm': 1.286475658416748, 'computation_time': 0.04626893997192383, 'batch_time': 0.052240644305129535, 'rtc_check_time': 0.004704748003860004, 'experiment_id': 'exp_20240620_013617', 'client_id': '0'}
[2024-06-20 01:36:54,140][root][INFO] - Added data to batch for client 0: {'round': 3, 'step_no': 155, 'loss': 0.2714015245437622, 'accuracy': 0.8942307829856873, 'l2_norm': 1.3251371383666992, 'computation_time': 0.04788398742675781, 'batch_time': 0.05132403974130284, 'rtc_check_time': 0.0018319189985049888, 'experiment_id': 'exp_20240620_013617', 'client_id': '0'}
[2024-06-20 01:36:54,141][root][INFO] - Added data to batch for client 0: {'round': 3, 'step_no': 156, 'loss': 0.20944473147392273, 'accuracy': 0.895636796951294, 'l2_norm': 1.3445351123809814, 'computation_time': 0.04348301887512207, 'batch_time': 0.047540540210320614, 'rtc_check_time': 0.002862328998162411, 'experiment_id': 'exp_20240620_013617', 'client_id': '0'}
[2024-06-20 01:36:54,142][root][INFO] - Added data to batch for client 0: {'round': 3, 'step_no': 157, 'loss': 0.16263319551944733, 'accuracy': 0.8969907164573669, 'l2_norm': 1.354214072227478, 'computation_time': 0.04079794883728027, 'batch_time': 0.04587143957905937, 'rtc_check_time': 0.003983440998126753, 'experiment_id': 'exp_20240620_013617', 'client_id': '0'}
[2024-06-20 01:36:54,143][root][INFO] - Added data to batch for client 0: {'round': 3, 'step_no': 158, 'loss': 0.14755046367645264, 'accuracy': 0.8988636136054993, 'l2_norm': 1.385411024093628, 'computation_time': 0.038847923278808594, 'batch_time': 0.04286657273769379, 'rtc_check_time': 0.0025266259908676147, 'experiment_id': 'exp_20240620_013617', 'client_id': '0'}
[2024-06-20 01:36:54,144][root][INFO] - Added data to batch for client 0: {'round': 3, 'step_no': 159, 'loss': 0.28155696392059326, 'accuracy': 0.8989955186843872, 'l2_norm': 1.4469685554504395, 'computation_time': 0.04094409942626953, 'batch_time': 0.04779892668011598, 'rtc_check_time': 0.005616957991151139, 'experiment_id': 'exp_20240620_013617', 'client_id': '0'}
[2024-06-20 01:36:54,145][root][INFO] - Added data to batch for client 0: {'round': 3, 'step_no': 160, 'loss': 0.35592615604400635, 'accuracy': 0.8991228342056274, 'l2_norm': 1.470029354095459, 'computation_time': 0.044564008712768555, 'batch_time': 0.06792672182200477, 'rtc_check_time': 0.02196772600291297, 'experiment_id': 'exp_20240620_013617', 'client_id': '0'}
[2024-06-20 01:36:54,146][root][INFO] - Added data to batch for client 0: {'round': 3, 'step_no': 161, 'loss': 0.21790212392807007, 'accuracy': 0.9003232717514038, 'l2_norm': 1.4887669086456299, 'computation_time': 0.04451394081115723, 'batch_time': 0.0618501656135777, 'rtc_check_time': 0.01588616300432477, 'experiment_id': 'exp_20240620_013617', 'client_id': '0'}
[2024-06-20 01:36:54,147][root][INFO] - Added data to batch for client 0: {'round': 3, 'step_no': 162, 'loss': 0.19054695963859558, 'accuracy': 0.9009534120559692, 'l2_norm': 1.5425834655761719, 'computation_time': 0.042849063873291016, 'batch_time': 0.047921679288265295, 'rtc_check_time': 0.0038688400090904906, 'experiment_id': 'exp_20240620_013617', 'client_id': '0'}
[2024-06-20 01:36:54,148][root][INFO] - Added data to batch for client 0: {'round': 3, 'step_no': 163, 'loss': 0.19273687899112701, 'accuracy': 0.901562511920929, 'l2_norm': 1.5564972162246704, 'computation_time': 0.04073596000671387, 'batch_time': 0.04479834697849583, 'rtc_check_time': 0.0029642309964401647, 'experiment_id': 'exp_20240620_013617', 'client_id': '0'}
[2024-06-20 01:36:54,149][root][INFO] - Added data to batch for client 0: {'round': 3, 'step_no': 164, 'loss': 0.12723574042320251, 'accuracy': 0.9026639461517334, 'l2_norm': 1.5663758516311646, 'computation_time': 0.03994297981262207, 'batch_time': 0.042649943236028776, 'rtc_check_time': 0.0014388150011654943, 'experiment_id': 'exp_20240620_013617', 'client_id': '0'}
[2024-06-20 01:36:54,150][root][INFO] - Added data to batch for client 0: {'round': 3, 'step_no': 165, 'loss': 0.3484176993370056, 'accuracy': 0.9012096524238586, 'l2_norm': 1.6737521886825562, 'computation_time': 0.04825115203857422, 'batch_time': 0.05284510416095145, 'rtc_check_time': 0.00243912500445731, 'experiment_id': 'exp_20240620_013617', 'client_id': '0'}
[2024-06-20 01:36:54,151][root][INFO] - Added data to batch for client 0: {'round': 3, 'step_no': 166, 'loss': 0.21210744976997375, 'accuracy': 0.901289701461792, 'l2_norm': 1.6913318634033203, 'computation_time': 0.05778312683105469, 'batch_time': 0.061800743962521665, 'rtc_check_time': 0.002234722996945493, 'experiment_id': 'exp_20240620_013617', 'client_id': '0'}
[2024-06-20 01:36:54,152][root][INFO] - Added data to batch for client 0: {'round': 3, 'step_no': 167, 'loss': 0.5407925844192505, 'accuracy': 0.900390625, 'l2_norm': 1.7314679622650146, 'computation_time': 0.05887484550476074, 'batch_time': 0.0628830705099972, 'rtc_check_time': 0.002386024993029423, 'experiment_id': 'exp_20240620_013617', 'client_id': '0'}
[2024-06-20 01:36:54,153][root][INFO] - Added data to batch for client 0: {'round': 3, 'step_no': 168, 'loss': 0.3264586925506592, 'accuracy': 0.8999999761581421, 'l2_norm': 1.7554740905761719, 'computation_time': 0.04340195655822754, 'batch_time': 0.05507503793342039, 'rtc_check_time': 0.010420906997751445, 'experiment_id': 'exp_20240620_013617', 'client_id': '0'}
[2024-06-20 01:36:54,154][root][INFO] - Added data to batch for client 0: {'round': 3, 'step_no': 169, 'loss': 0.19493484497070312, 'accuracy': 0.9010416865348816, 'l2_norm': 1.76103675365448, 'computation_time': 0.041725873947143555, 'batch_time': 0.047108944549108855, 'rtc_check_time': 0.0041330419917358086, 'experiment_id': 'exp_20240620_013617', 'client_id': '0'}
[2024-06-20 01:36:54,155][root][INFO] - Added data to batch for client 0: {'round': 3, 'step_no': 170, 'loss': 0.1643577367067337, 'accuracy': 0.9011194109916687, 'l2_norm': 1.795901894569397, 'computation_time': 0.037747859954833984, 'batch_time': 0.0423819646530319, 'rtc_check_time': 0.003601036994950846, 'experiment_id': 'exp_20240620_013617', 'client_id': '0'}
[2024-06-20 01:36:54,157][root][INFO] - Added data to batch for client 0: {'round': 3, 'step_no': 171, 'loss': 0.22474566102027893, 'accuracy': 0.9016544222831726, 'l2_norm': 1.793879747390747, 'computation_time': 0.03934502601623535, 'batch_time': 0.04171579143439885, 'rtc_check_time': 0.001290013999096118, 'experiment_id': 'exp_20240620_013617', 'client_id': '0'}
[2024-06-20 01:36:54,158][root][INFO] - Added data to batch for client 0: {'round': 3, 'step_no': 172, 'loss': 0.3257107436656952, 'accuracy': 0.9012681245803833, 'l2_norm': 1.829801082611084, 'computation_time': 0.04423689842224121, 'batch_time': 0.04781368795374874, 'rtc_check_time': 0.0017965180013561621, 'experiment_id': 'exp_20240620_013617', 'client_id': '0'}
[2024-06-20 01:36:54,159][root][INFO] - Added data to batch for client 0: {'round': 3, 'step_no': 173, 'loss': 0.2262386977672577, 'accuracy': 0.9013392925262451, 'l2_norm': 1.866369366645813, 'computation_time': 0.045371055603027344, 'batch_time': 0.04807935138524044, 'rtc_check_time': 0.0015715159970568493, 'experiment_id': 'exp_20240620_013617', 'client_id': '0'}
[2024-06-20 01:36:54,160][root][INFO] - Added data to batch for client 0: {'round': 3, 'step_no': 174, 'loss': 0.11315055936574936, 'accuracy': 0.9022887349128723, 'l2_norm': 1.914707899093628, 'computation_time': 0.04579305648803711, 'batch_time': 0.048853329062694684, 'rtc_check_time': 0.0016183170082513243, 'experiment_id': 'exp_20240620_013617', 'client_id': '0'}
[2024-06-20 01:36:54,161][root][INFO] - Added data to batch for client 0: {'round': 3, 'step_no': 175, 'loss': 0.6533328294754028, 'accuracy': 0.8997395634651184, 'l2_norm': 1.9674547910690308, 'computation_time': 0.04410600662231445, 'batch_time': 0.04742866690503433, 'rtc_check_time': 0.002248823002446443, 'experiment_id': 'exp_20240620_013617', 'client_id': '0'}
[2024-06-20 01:36:54,162][root][INFO] - Added data to batch for client 0: {'round': 3, 'step_no': 176, 'loss': 0.19243942201137543, 'accuracy': 0.8998287916183472, 'l2_norm': 1.9959444999694824, 'computation_time': 0.04356193542480469, 'batch_time': 0.04709325174917467, 'rtc_check_time': 0.002336123987333849, 'experiment_id': 'exp_20240620_013617', 'client_id': '0'}
[2024-06-20 01:36:54,163][root][INFO] - Added data to batch for client 0: {'round': 3, 'step_no': 177, 'loss': 0.31011396646499634, 'accuracy': 0.900337815284729, 'l2_norm': 1.982336163520813, 'computation_time': 0.04140305519104004, 'batch_time': 0.04440165517735295, 'rtc_check_time': 0.001825818995712325, 'experiment_id': 'exp_20240620_013617', 'client_id': '0'}
[2024-06-20 01:36:54,164][root][INFO] - Added data to batch for client 0: {'round': 3, 'step_no': 178, 'loss': 0.2131660431623459, 'accuracy': 0.9012500047683716, 'l2_norm': 2.021183967590332, 'computation_time': 0.04016709327697754, 'batch_time': 0.04356500973517541, 'rtc_check_time': 0.002208923004218377, 'experiment_id': 'exp_20240620_013617', 'client_id': '0'}
[2024-06-20 01:36:54,164][root][INFO] - Added data to batch for client 0: {'round': 3, 'step_no': 179, 'loss': 0.4078981876373291, 'accuracy': 0.9009045958518982, 'l2_norm': 2.0781116485595703, 'computation_time': 0.04659605026245117, 'batch_time': 0.04921194745111279, 'rtc_check_time': 0.0016150159935932606, 'experiment_id': 'exp_20240620_013617', 'client_id': '0'}
[2024-06-20 01:36:54,165][root][INFO] - Added data to batch for client 0: {'round': 3, 'step_no': 180, 'loss': 0.09968341141939163, 'accuracy': 0.9017857313156128, 'l2_norm': 2.105024814605713, 'computation_time': 0.04802203178405762, 'batch_time': 0.051616226468468085, 'rtc_check_time': 0.0022843230108264834, 'experiment_id': 'exp_20240620_013617', 'client_id': '0'}
[2024-06-20 01:36:54,166][root][INFO] - Added data to batch for client 0: {'round': 3, 'step_no': 181, 'loss': 0.1873449832201004, 'accuracy': 0.9022436141967773, 'l2_norm': 2.1119794845581055, 'computation_time': 0.046803951263427734, 'batch_time': 0.05984833638649434, 'rtc_check_time': 0.01198032300453633, 'experiment_id': 'exp_20240620_013617', 'client_id': '0'}
[2024-06-20 01:36:54,167][root][INFO] - Added data to batch for client 0: {'round': 3, 'step_no': 182, 'loss': 0.20495277643203735, 'accuracy': 0.9026898741722107, 'l2_norm': 2.1384830474853516, 'computation_time': 0.039975881576538086, 'batch_time': 0.043435804545879364, 'rtc_check_time': 0.0021846219897270203, 'experiment_id': 'exp_20240620_013617', 'client_id': '0'}
[2024-06-20 01:36:54,168][root][INFO] - Added data to batch for client 0: {'round': 3, 'step_no': 183, 'loss': 0.2524890601634979, 'accuracy': 0.903124988079071, 'l2_norm': 2.1577014923095703, 'computation_time': 0.04261589050292969, 'batch_time': 0.04549624114588369, 'rtc_check_time': 0.00165821700647939, 'experiment_id': 'exp_20240620_013617', 'client_id': '0'}
[2024-06-20 01:36:54,169][root][INFO] - Added data to batch for client 0: {'round': 3, 'step_no': 184, 'loss': 0.40057918429374695, 'accuracy': 0.9031635522842407, 'l2_norm': 2.214695930480957, 'computation_time': 0.041471004486083984, 'batch_time': 0.052670877950731665, 'rtc_check_time': 0.010133903997484595, 'experiment_id': 'exp_20240620_013617', 'client_id': '0'}
[2024-06-20 01:36:54,171][root][INFO] - Added data to batch for client 0: {'round': 3, 'step_no': 185, 'loss': 0.44492894411087036, 'accuracy': 0.9024389982223511, 'l2_norm': 2.2671539783477783, 'computation_time': 0.04592704772949219, 'batch_time': 0.05064271090668626, 'rtc_check_time': 0.0032608330075163394, 'experiment_id': 'exp_20240620_013617', 'client_id': '0'}
[2024-06-20 01:36:54,172][root][INFO] - Added data to batch for client 0: {'round': 3, 'step_no': 186, 'loss': 0.16042360663414001, 'accuracy': 0.9032379388809204, 'l2_norm': 2.28351092338562, 'computation_time': 0.04937601089477539, 'batch_time': 0.06077810910937842, 'rtc_check_time': 0.009972301995730959, 'experiment_id': 'exp_20240620_013617', 'client_id': '0'}
[2024-06-20 01:36:54,173][root][INFO] - Added data to batch for client 0: {'round': 3, 'step_no': 187, 'loss': 0.048234082758426666, 'accuracy': 0.9043898582458496, 'l2_norm': 2.292811155319214, 'computation_time': 0.04578804969787598, 'batch_time': 0.0482210417103488, 'rtc_check_time': 0.0013291139912325889, 'experiment_id': 'exp_20240620_013617', 'client_id': '0'}
[2024-06-20 01:36:54,174][root][INFO] - Added data to batch for client 0: {'round': 3, 'step_no': 188, 'loss': 0.19830021262168884, 'accuracy': 0.9047794342041016, 'l2_norm': 2.3342342376708984, 'computation_time': 0.03949999809265137, 'batch_time': 0.04388726034085266, 'rtc_check_time': 0.00330603399197571, 'experiment_id': 'exp_20240620_013617', 'client_id': '0'}
[2024-06-20 01:36:54,174][root][INFO] - Added data to batch for client 0: {'round': 3, 'step_no': 189, 'loss': 0.17415226995944977, 'accuracy': 0.9051598906517029, 'l2_norm': 2.364946126937866, 'computation_time': 0.03971505165100098, 'batch_time': 0.04373833633144386, 'rtc_check_time': 0.0027954289980698377, 'experiment_id': 'exp_20240620_013617', 'client_id': '0'}
[2024-06-20 01:36:54,175][root][INFO] - Added data to batch for client 0: {'round': 3, 'step_no': 190, 'loss': 0.06920726597309113, 'accuracy': 0.9058908224105835, 'l2_norm': 2.3814098834991455, 'computation_time': 0.03825092315673828, 'batch_time': 0.041848358712741174, 'rtc_check_time': 0.002540525994845666, 'experiment_id': 'exp_20240620_013617', 'client_id': '0'}
[2024-06-20 01:36:54,176][root][INFO] - Added data to batch for client 0: {'round': 3, 'step_no': 191, 'loss': 0.13355028629302979, 'accuracy': 0.9066051244735718, 'l2_norm': 2.435150623321533, 'computation_time': 0.03972911834716797, 'batch_time': 0.04359563850448467, 'rtc_check_time': 0.0025478269963059574, 'experiment_id': 'exp_20240620_013617', 'client_id': '0'}
[2024-06-20 01:36:54,177][root][INFO] - Added data to batch for client 0: {'round': 3, 'step_no': 192, 'loss': 0.2143140435218811, 'accuracy': 0.9069522619247437, 'l2_norm': 2.47582745552063, 'computation_time': 0.04415082931518555, 'batch_time': 0.04693933765520342, 'rtc_check_time': 0.0015933160029817373, 'experiment_id': 'exp_20240620_013617', 'client_id': '0'}
[2024-06-20 01:36:54,178][root][INFO] - Added data to batch for client 0: {'round': 3, 'step_no': 193, 'loss': 0.343628466129303, 'accuracy': 0.9069444537162781, 'l2_norm': 2.583009719848633, 'computation_time': 0.04872703552246094, 'batch_time': 0.05235316373000387, 'rtc_check_time': 0.002363224994041957, 'experiment_id': 'exp_20240620_013617', 'client_id': '0'}
[2024-06-20 01:36:54,179][root][INFO] - Added data to batch for client 0: {'round': 3, 'step_no': 194, 'loss': 0.19125479459762573, 'accuracy': 0.9069368243217468, 'l2_norm': 2.5936360359191895, 'computation_time': 0.04562807083129883, 'batch_time': 0.04812637028226163, 'rtc_check_time': 0.0013503139925887808, 'experiment_id': 'exp_20240620_013617', 'client_id': '0'}
[2024-06-20 01:36:54,180][root][INFO] - Added data to batch for client 0: {'round': 3, 'step_no': 195, 'loss': 0.26064473390579224, 'accuracy': 0.9069293737411499, 'l2_norm': 2.686246156692505, 'computation_time': 0.04369306564331055, 'batch_time': 0.0509432806429686, 'rtc_check_time': 0.005805159991723485, 'experiment_id': 'exp_20240620_013617', 'client_id': '0'}
[2024-06-20 01:36:54,181][root][INFO] - Added data to batch for client 0: {'round': 3, 'step_no': 196, 'loss': 0.1824398934841156, 'accuracy': 0.9069220423698425, 'l2_norm': 2.767717123031616, 'computation_time': 0.03881120681762695, 'batch_time': 0.041503968997858465, 'rtc_check_time': 0.001620116992853582, 'experiment_id': 'exp_20240620_013617', 'client_id': '0'}
[2024-06-20 01:36:54,182][root][INFO] - Added data to batch for client 0: {'round': 3, 'step_no': 197, 'loss': 0.5000861883163452, 'accuracy': 0.9065824747085571, 'l2_norm': 2.7968106269836426, 'computation_time': 0.03949999809265137, 'batch_time': 0.042029170828755014, 'rtc_check_time': 0.001398114996845834, 'experiment_id': 'exp_20240620_013617', 'client_id': '0'}
[2024-06-20 01:36:54,183][root][INFO] - Added data to batch for client 0: {'round': 3, 'step_no': 198, 'loss': 0.2422506958246231, 'accuracy': 0.9069079160690308, 'l2_norm': 2.8216426372528076, 'computation_time': 0.04000520706176758, 'batch_time': 0.04545216499536764, 'rtc_check_time': 0.004249142992193811, 'experiment_id': 'exp_20240620_013617', 'client_id': '0'}
[2024-06-20 01:36:54,184][root][INFO] - Added data to batch for client 0: {'round': 3, 'step_no': 199, 'loss': 0.13667619228363037, 'accuracy': 0.9072265625, 'l2_norm': 2.828110933303833, 'computation_time': 0.04476284980773926, 'batch_time': 0.04730980393651407, 'rtc_check_time': 0.0013980149960843846, 'experiment_id': 'exp_20240620_013617', 'client_id': '0'}
[2024-06-20 01:36:54,185][root][INFO] - Added data to batch for client 0: {'round': 3, 'step_no': 200, 'loss': 0.12674251198768616, 'accuracy': 0.9078608155250549, 'l2_norm': 2.8613643646240234, 'computation_time': 0.051722049713134766, 'batch_time': 0.06046041131776292, 'rtc_check_time': 0.007457576997694559, 'experiment_id': 'exp_20240620_013617', 'client_id': '0'}
[2024-06-20 01:36:54,186][root][INFO] - Added data to batch for client 0: {'round': 3, 'step_no': 201, 'loss': 0.20161065459251404, 'accuracy': 0.9081632494926453, 'l2_norm': 2.9300954341888428, 'computation_time': 0.03946709632873535, 'batch_time': 0.04244511965953279, 'rtc_check_time': 0.0019292200013296679, 'experiment_id': 'exp_20240620_013617', 'client_id': '0'}
[2024-06-20 01:36:54,187][root][INFO] - Added data to batch for client 0: {'round': 3, 'step_no': 202, 'loss': 0.18688896298408508, 'accuracy': 0.908143937587738, 'l2_norm': 2.963066816329956, 'computation_time': 0.038719892501831055, 'batch_time': 0.04271155875176191, 'rtc_check_time': 0.002869429998099804, 'experiment_id': 'exp_20240620_013617', 'client_id': '0'}
[2024-06-20 01:36:54,189][root][INFO] - Added data to batch for client 0: {'round': 3, 'step_no': 203, 'loss': 0.49047189950942993, 'accuracy': 0.9078124761581421, 'l2_norm': 3.0184247493743896, 'computation_time': 0.05434107780456543, 'batch_time': 0.05688651779200882, 'rtc_check_time': 0.0014034149935469031, 'experiment_id': 'exp_20240620_013617', 'client_id': '0'}
[2024-06-20 01:36:54,190][root][INFO] - Added data to batch for client 0: {'round': 3, 'step_no': 204, 'loss': 0.21015337109565735, 'accuracy': 0.9081064462661743, 'l2_norm': 3.0940067768096924, 'computation_time': 0.04754495620727539, 'batch_time': 0.05137227752129547, 'rtc_check_time': 0.0023553250066470355, 'experiment_id': 'exp_20240620_013617', 'client_id': '0'}
[2024-06-20 01:36:54,191][root][INFO] - Added data to batch for client 0: {'round': 3, 'step_no': 205, 'loss': 0.327317476272583, 'accuracy': 0.9083946347236633, 'l2_norm': 3.086473226547241, 'computation_time': 0.04637908935546875, 'batch_time': 0.05202852333604824, 'rtc_check_time': 0.003583536992664449, 'experiment_id': 'exp_20240620_013617', 'client_id': '0'}
[2024-06-20 01:36:54,191][root][INFO] - Added data to batch for client 0: {'round': 3, 'step_no': 206, 'loss': 0.14767128229141235, 'accuracy': 0.9086771607398987, 'l2_norm': 3.1355388164520264, 'computation_time': 0.04111194610595703, 'batch_time': 0.044315890336292796, 'rtc_check_time': 0.002094821000355296, 'experiment_id': 'exp_20240620_013617', 'client_id': '0'}
[2024-06-20 01:36:54,192][root][INFO] - Added data to batch for client 0: {'round': 3, 'step_no': 207, 'loss': 0.3393823802471161, 'accuracy': 0.909254789352417, 'l2_norm': 3.1381642818450928, 'computation_time': 0.04079890251159668, 'batch_time': 0.044705810738378204, 'rtc_check_time': 0.0021228219993645325, 'experiment_id': 'exp_20240620_013617', 'client_id': '0'}
[2024-06-20 01:36:54,193][root][INFO] - Added data to batch for client 0: {'round': 3, 'step_no': 208, 'loss': 0.3013935089111328, 'accuracy': 0.9092261791229248, 'l2_norm': 3.206831932067871, 'computation_time': 0.03997087478637695, 'batch_time': 0.042493399436352775, 'rtc_check_time': 0.0014234150003176183, 'experiment_id': 'exp_20240620_013617', 'client_id': '0'}
[2024-06-20 01:36:54,194][root][INFO] - Added data to batch for client 0: {'round': 3, 'step_no': 209, 'loss': 0.15161435306072235, 'accuracy': 0.9094929099082947, 'l2_norm': 3.222008228302002, 'computation_time': 0.03906702995300293, 'batch_time': 0.04371636442374438, 'rtc_check_time': 0.0034882359905168414, 'experiment_id': 'exp_20240620_013617', 'client_id': '0'}
[2024-06-20 01:36:54,195][root][INFO] - Added data to batch for client 0: {'round': 3, 'step_no': 210, 'loss': 0.499802827835083, 'accuracy': 0.9091705679893494, 'l2_norm': 3.2617874145507812, 'computation_time': 0.03857588768005371, 'batch_time': 0.042216438669129275, 'rtc_check_time': 0.0024985259951790795, 'experiment_id': 'exp_20240620_013617', 'client_id': '0'}
[2024-06-20 01:36:54,196][root][INFO] - Added data to batch for client 0: {'round': 3, 'step_no': 211, 'loss': 0.11827871203422546, 'accuracy': 0.9097222089767456, 'l2_norm': 3.2774109840393066, 'computation_time': 0.04579901695251465, 'batch_time': 0.05067005717137363, 'rtc_check_time': 0.003608137005358003, 'experiment_id': 'exp_20240620_013617', 'client_id': '0'}
[2024-06-20 01:36:54,197][root][INFO] - Added data to batch for client 0: {'round': 3, 'step_no': 212, 'loss': 0.2892661392688751, 'accuracy': 0.9094036817550659, 'l2_norm': 3.415959358215332, 'computation_time': 0.04839801788330078, 'batch_time': 0.05161349169793539, 'rtc_check_time': 0.0020143210131209344, 'experiment_id': 'exp_20240620_013617', 'client_id': '0'}
[2024-06-20 01:36:54,198][root][INFO] - Added data to batch for client 0: {'round': 3, 'step_no': 213, 'loss': 0.17128296196460724, 'accuracy': 0.9096590876579285, 'l2_norm': 3.4352755546569824, 'computation_time': 0.043988943099975586, 'batch_time': 0.049830803807708435, 'rtc_check_time': 0.004631648000213318, 'experiment_id': 'exp_20240620_013617', 'client_id': '0'}
[2024-06-20 01:36:54,199][root][INFO] - Added data to batch for client 0: {'round': 3, 'step_no': 214, 'loss': 0.06895183026790619, 'accuracy': 0.9101914167404175, 'l2_norm': 3.466196298599243, 'computation_time': 0.05571794509887695, 'batch_time': 0.05976284451026004, 'rtc_check_time': 0.0026537270023254678, 'experiment_id': 'exp_20240620_013617', 'client_id': '0'}
[2024-06-20 01:36:54,200][root][INFO] - Added data to batch for client 0: {'round': 3, 'step_no': 215, 'loss': 0.13509103655815125, 'accuracy': 0.9104352593421936, 'l2_norm': 3.470461130142212, 'computation_time': 0.049302101135253906, 'batch_time': 0.05313286097953096, 'rtc_check_time': 0.0021568230004049838, 'experiment_id': 'exp_20240620_013617', 'client_id': '0'}
[2024-06-20 01:36:54,201][root][INFO] - Added data to batch for client 0: {'round': 3, 'step_no': 216, 'loss': 0.2486862987279892, 'accuracy': 0.9098451137542725, 'l2_norm': 3.5452890396118164, 'computation_time': 0.0424199104309082, 'batch_time': 0.04590269301843364, 'rtc_check_time': 0.00227662299585063, 'experiment_id': 'exp_20240620_013617', 'client_id': '0'}
[2024-06-20 01:36:54,202][root][INFO] - Added data to batch for client 0: {'round': 3, 'step_no': 217, 'loss': 0.084807388484478, 'accuracy': 0.9103618264198303, 'l2_norm': 3.561951160430908, 'computation_time': 0.042463064193725586, 'batch_time': 0.04588082018017303, 'rtc_check_time': 0.002234722996945493, 'experiment_id': 'exp_20240620_013617', 'client_id': '0'}
[2024-06-20 01:36:54,203][root][INFO] - Added data to batch for client 0: {'round': 3, 'step_no': 218, 'loss': 0.36368492245674133, 'accuracy': 0.9103260636329651, 'l2_norm': 3.585822820663452, 'computation_time': 0.04057502746582031, 'batch_time': 0.04492562520317733, 'rtc_check_time': 0.003178532002493739, 'experiment_id': 'exp_20240620_013617', 'client_id': '0'}
[2024-06-20 01:36:54,204][root][INFO] - Added data to batch for client 0: {'round': 3, 'step_no': 219, 'loss': 0.1747971475124359, 'accuracy': 0.9105603694915771, 'l2_norm': 3.6395013332366943, 'computation_time': 0.037138938903808594, 'batch_time': 0.04297111663618125, 'rtc_check_time': 0.004796249006176367, 'experiment_id': 'exp_20240620_013617', 'client_id': '0'}
[2024-06-20 01:36:54,205][root][INFO] - Added data to batch for client 0: {'round': 3, 'step_no': 220, 'loss': 0.07433532178401947, 'accuracy': 0.9113247990608215, 'l2_norm': 3.663522720336914, 'computation_time': 0.041744232177734375, 'batch_time': 0.04492811061209068, 'rtc_check_time': 0.002131021989043802, 'experiment_id': 'exp_20240620_013617', 'client_id': '0'}
[2024-06-20 01:36:54,206][root][INFO] - Added data to batch for client 0: {'round': 3, 'step_no': 221, 'loss': 0.10798574984073639, 'accuracy': 0.9118114113807678, 'l2_norm': 3.710271120071411, 'computation_time': 0.04112410545349121, 'batch_time': 0.04349565341544803, 'rtc_check_time': 0.0013275130040710792, 'experiment_id': 'exp_20240620_013617', 'client_id': '0'}
[2024-06-20 01:36:54,207][root][INFO] - Added data to batch for client 0: {'round': 3, 'step_no': 222, 'loss': 0.2111167460680008, 'accuracy': 0.9120272994041443, 'l2_norm': 3.7710771560668945, 'computation_time': 0.040132999420166016, 'batch_time': 0.04270760787767358, 'rtc_check_time': 0.0013856150035280734, 'experiment_id': 'exp_20240620_013617', 'client_id': '0'}
[2024-06-20 01:36:54,208][root][INFO] - Added data to batch for client 0: {'round': 3, 'step_no': 223, 'loss': 0.35243847966194153, 'accuracy': 0.9122396111488342, 'l2_norm': 3.8258912563323975, 'computation_time': 0.039637088775634766, 'batch_time': 0.04927514604059979, 'rtc_check_time': 0.008608089003246278, 'experiment_id': 'exp_20240620_013617', 'client_id': '0'}
[2024-06-20 01:36:54,209][root][INFO] - Added data to batch for client 0: {'round': 3, 'step_no': 224, 'loss': 0.46209192276000977, 'accuracy': 0.9119318127632141, 'l2_norm': 3.9115395545959473, 'computation_time': 0.04971003532409668, 'batch_time': 0.052891464336426, 'rtc_check_time': 0.0017056180076906458, 'experiment_id': 'exp_20240620_013617', 'client_id': '0'}
[2024-06-20 01:36:54,210][root][INFO] - Added data to batch for client 0: {'round': 3, 'step_no': 225, 'loss': 0.42836877703666687, 'accuracy': 0.9113729596138, 'l2_norm': 3.9789810180664062, 'computation_time': 0.04429221153259277, 'batch_time': 0.05335849424591288, 'rtc_check_time': 0.007917581999208778, 'experiment_id': 'exp_20240620_013617', 'client_id': '0'}
[2024-06-20 01:36:54,211][root][INFO] - Added data to batch for client 0: {'round': 3, 'step_no': 226, 'loss': 0.18667854368686676, 'accuracy': 0.911331295967102, 'l2_norm': 4.003279209136963, 'computation_time': 0.05727100372314453, 'batch_time': 0.06009834755968768, 'rtc_check_time': 0.0016102169902296737, 'experiment_id': 'exp_20240620_013617', 'client_id': '0'}
[2024-06-20 01:36:54,212][root][INFO] - Added data to batch for client 0: {'round': 3, 'step_no': 227, 'loss': 0.163618266582489, 'accuracy': 0.9115423560142517, 'l2_norm': 4.06872034072876, 'computation_time': 0.05326700210571289, 'batch_time': 0.056236834279843606, 'rtc_check_time': 0.001804918996640481, 'experiment_id': 'exp_20240620_013617', 'client_id': '0'}
[2024-06-20 01:36:54,213][root][INFO] - Added data to batch for client 0: {'round': 3, 'step_no': 228, 'loss': 0.5340499877929688, 'accuracy': 0.9112499952316284, 'l2_norm': 4.124514579772949, 'computation_time': 0.045786142349243164, 'batch_time': 0.04847978983889334, 'rtc_check_time': 0.0016248169995378703, 'experiment_id': 'exp_20240620_013617', 'client_id': '0'}
[2024-06-20 01:36:54,213][root][INFO] - Added data to batch for client 0: {'round': 3, 'step_no': 229, 'loss': 0.18686604499816895, 'accuracy': 0.911210298538208, 'l2_norm': 4.168476104736328, 'computation_time': 0.041584014892578125, 'batch_time': 0.04450107704906259, 'rtc_check_time': 0.0017960179975489154, 'experiment_id': 'exp_20240620_013617', 'client_id': '0'}
[2024-06-20 01:36:54,214][root][INFO] - Added data to batch for client 0: {'round': 3, 'step_no': 230, 'loss': 0.3413390517234802, 'accuracy': 0.9114173054695129, 'l2_norm': 4.186025619506836, 'computation_time': 0.04092693328857422, 'batch_time': 0.04399033775553107, 'rtc_check_time': 0.0019154190085828304, 'experiment_id': 'exp_20240620_013617', 'client_id': '0'}
[2024-06-20 01:36:54,215][root][INFO] - Added data to batch for client 0: {'round': 3, 'step_no': 231, 'loss': 0.16390357911586761, 'accuracy': 0.911865234375, 'l2_norm': 4.252927303314209, 'computation_time': 0.0390620231628418, 'batch_time': 0.05250095535302535, 'rtc_check_time': 0.012315027008298784, 'experiment_id': 'exp_20240620_013617', 'client_id': '0'}
[2024-06-20 01:36:54,216][root][INFO] - Added data to batch for client 0: {'round': 3, 'step_no': 232, 'loss': 0.2644202709197998, 'accuracy': 0.9120639562606812, 'l2_norm': 4.325886249542236, 'computation_time': 0.0400390625, 'batch_time': 0.043453380072605796, 'rtc_check_time': 0.0022315230016829446, 'experiment_id': 'exp_20240620_013617', 'client_id': '0'}
[2024-06-20 01:36:54,217][root][INFO] - Added data to batch for client 0: {'round': 3, 'step_no': 233, 'loss': 0.254377156496048, 'accuracy': 0.9122596383094788, 'l2_norm': 4.341113567352295, 'computation_time': 0.041480064392089844, 'batch_time': 0.04742263336083852, 'rtc_check_time': 0.004772649001097307, 'experiment_id': 'exp_20240620_013617', 'client_id': '0'}
[2024-06-20 01:36:54,218][root][INFO] - Added data to batch for client 0: {'round': 3, 'step_no': 234, 'loss': 0.11154259741306305, 'accuracy': 0.9124522805213928, 'l2_norm': 4.363648891448975, 'computation_time': 0.03965592384338379, 'batch_time': 0.045039238248136826, 'rtc_check_time': 0.004200042996671982, 'experiment_id': 'exp_20240620_013617', 'client_id': '0'}
[2024-06-20 01:36:54,219][root][INFO] - Added data to batch for client 0: {'round': 3, 'step_no': 235, 'loss': 0.28815001249313354, 'accuracy': 0.912168562412262, 'l2_norm': 4.412485122680664, 'computation_time': 0.04138588905334473, 'batch_time': 0.053534759223111905, 'rtc_check_time': 0.011014712988981046, 'experiment_id': 'exp_20240620_013617', 'client_id': '0'}
[2024-06-20 01:36:54,220][root][INFO] - Added data to batch for client 0: {'round': 3, 'step_no': 236, 'loss': 0.3257293701171875, 'accuracy': 0.9123589992523193, 'l2_norm': 4.464922904968262, 'computation_time': 0.04120206832885742, 'batch_time': 0.04507795943936799, 'rtc_check_time': 0.002811828991980292, 'experiment_id': 'exp_20240620_013617', 'client_id': '0'}
[2024-06-20 01:36:54,221][root][INFO] - Added data to batch for client 0: {'round': 3, 'step_no': 237, 'loss': 0.34984955191612244, 'accuracy': 0.9120802283287048, 'l2_norm': 4.455976963043213, 'computation_time': 0.04207277297973633, 'batch_time': 0.04563683096785098, 'rtc_check_time': 0.002381024998612702, 'experiment_id': 'exp_20240620_013617', 'client_id': '0'}
[2024-06-20 01:36:54,222][root][INFO] - Added data to batch for client 0: {'round': 3, 'step_no': 238, 'loss': 0.06514669954776764, 'accuracy': 0.9127314686775208, 'l2_norm': 4.473804950714111, 'computation_time': 0.046350955963134766, 'batch_time': 0.049981362899416126, 'rtc_check_time': 0.002340324004762806, 'experiment_id': 'exp_20240620_013617', 'client_id': '0'}
[2024-06-20 01:36:54,223][root][INFO] - Added data to batch for client 0: {'round': 3, 'step_no': 239, 'loss': 0.16637228429317474, 'accuracy': 0.9131433963775635, 'l2_norm': 4.497246265411377, 'computation_time': 0.04394698143005371, 'batch_time': 0.052812441310379654, 'rtc_check_time': 0.007686480006668717, 'experiment_id': 'exp_20240620_013617', 'client_id': '0'}
[2024-06-20 01:36:54,224][root][INFO] - Added data to batch for client 0: {'round': 3, 'step_no': 240, 'loss': 0.3713596761226654, 'accuracy': 0.9126368761062622, 'l2_norm': 4.57460880279541, 'computation_time': 0.039402008056640625, 'batch_time': 0.043091271218145266, 'rtc_check_time': 0.002609226998174563, 'experiment_id': 'exp_20240620_013617', 'client_id': '0'}
[2024-06-20 01:36:54,225][root][INFO] - Added data to batch for client 0: {'round': 3, 'step_no': 241, 'loss': 0.13695168495178223, 'accuracy': 0.9128170013427734, 'l2_norm': 4.614997863769531, 'computation_time': 0.039192914962768555, 'batch_time': 0.04292003274895251, 'rtc_check_time': 0.0025288260076195, 'experiment_id': 'exp_20240620_013617', 'client_id': '0'}
[2024-06-20 01:36:54,226][root][INFO] - Added data to batch for client 0: {'round': 3, 'step_no': 242, 'loss': 0.14199645817279816, 'accuracy': 0.9132194519042969, 'l2_norm': 4.645294189453125, 'computation_time': 0.03757786750793457, 'batch_time': 0.04260157444514334, 'rtc_check_time': 0.0038156399969011545, 'experiment_id': 'exp_20240620_013617', 'client_id': '0'}
[2024-06-20 01:36:54,227][root][INFO] - Added data to batch for client 0: {'round': 3, 'step_no': 243, 'loss': 0.24366414546966553, 'accuracy': 0.9136160612106323, 'l2_norm': 4.737936019897461, 'computation_time': 0.03992104530334473, 'batch_time': 0.043328128653229214, 'rtc_check_time': 0.0021680219942936674, 'experiment_id': 'exp_20240620_013617', 'client_id': '0'}
[2024-06-20 01:36:54,228][root][INFO] - Added data to batch for client 0: {'round': 3, 'step_no': 244, 'loss': 0.1903243511915207, 'accuracy': 0.9135638475418091, 'l2_norm': 4.824486255645752, 'computation_time': 0.0416719913482666, 'batch_time': 0.04485606853268109, 'rtc_check_time': 0.0018420190026517957, 'experiment_id': 'exp_20240620_013617', 'client_id': '0'}
[2024-06-20 01:36:54,229][root][INFO] - Added data to batch for client 0: {'round': 3, 'step_no': 245, 'loss': 0.29524344205856323, 'accuracy': 0.9132922291755676, 'l2_norm': 4.852746963500977, 'computation_time': 0.04814505577087402, 'batch_time': 0.0506418348668376, 'rtc_check_time': 0.00136381400807295, 'experiment_id': 'exp_20240620_013617', 'client_id': '0'}
[2024-06-20 01:36:54,230][root][INFO] - Added data to batch for client 0: {'round': 3, 'step_no': 246, 'loss': 0.1265651285648346, 'accuracy': 0.9134615659713745, 'l2_norm': 4.8563551902771, 'computation_time': 0.043855905532836914, 'batch_time': 0.046871514816302806, 'rtc_check_time': 0.0019315200042910874, 'experiment_id': 'exp_20240620_013617', 'client_id': '0'}
[2024-06-20 01:36:54,231][root][INFO] - Added data to batch for client 0: {'round': 3, 'step_no': 247, 'loss': 0.3412928581237793, 'accuracy': 0.9134114384651184, 'l2_norm': 4.9622015953063965, 'computation_time': 0.04064798355102539, 'batch_time': 0.04400927928509191, 'rtc_check_time': 0.002148222003597766, 'experiment_id': 'exp_20240620_013617', 'client_id': '0'}
[2024-06-20 01:36:54,232][root][INFO] - Added data to batch for client 0: {'round': 3, 'step_no': 248, 'loss': 0.2554042339324951, 'accuracy': 0.9137930870056152, 'l2_norm': 4.985184192657471, 'computation_time': 0.03876304626464844, 'batch_time': 0.04116341001645196, 'rtc_check_time': 0.001310314008151181, 'experiment_id': 'exp_20240620_013617', 'client_id': '0'}
[2024-06-20 01:36:54,233][root][INFO] - Added data to batch for client 0: {'round': 3, 'step_no': 249, 'loss': 0.24358457326889038, 'accuracy': 0.913741409778595, 'l2_norm': 5.068602085113525, 'computation_time': 0.039121150970458984, 'batch_time': 0.04240654717432335, 'rtc_check_time': 0.0021176220034249127, 'experiment_id': 'exp_20240620_013617', 'client_id': '0'}
[2024-06-20 01:36:54,233][root][INFO] - Added batch data list for client 0. New Data Added: 146
[2024-06-20 01:36:54,235][root][INFO] - Batch data saved to /home/psklavos/fl/geom_aio/csv_logs/exp_20240620_013617/clients/client_0/batch.csv
[2024-06-20 01:36:54,236][root][INFO] - Appended data to last row of column distributed_loss in server data for client None
[2024-06-20 01:36:54,236][root][INFO] - Appended data to last row of column distributed_acc in server data for client None
[2024-06-20 01:36:54,236][root][INFO] - Appended {'distributed_loss': 0.18922486901283264, 'distributed_acc': 0.9459999998410543} to the last row of server data
[2024-06-20 01:36:54,237][root][INFO] - Server data saved to /home/psklavos/fl/geom_aio/csv_logs/exp_20240620_013617/server/server.csv
[2024-06-20 01:36:58,692][flwr][DEBUG] - fit_round 4: strategy sampled 3 clients (out of 3)
[2024-06-20 01:37:08,862][flwr][DEBUG] - fit_round 4 received 3 results and 0 failures
[2024-06-20 01:37:08,867][root][INFO] - Added data to server for client None: {'round': 4, 'average_norm': 5.027754783630371, 'round_time': 12.176028727502075, 'average_downlink_time': 0.6630192413333332, 'average_rtc_check_time': 0.664550657257981, 'average_uplink_time': 0.9784004816666667, 'average_computation_time': 8.931616226832071, 'average_communication_time': 2.305970380257981, 'average_fit_time': 10.152908245722452, 'average_throughput': 2.463731882328537, 'dropouts': 0, 'experiment_id': 'exp_20240620_013617'}
[2024-06-20 01:37:08,867][root][INFO] - Added server data: {'round': 4, 'average_norm': 5.027754783630371, 'round_time': 12.176028727502075, 'average_downlink_time': 0.6630192413333332, 'average_rtc_check_time': 0.664550657257981, 'average_uplink_time': 0.9784004816666667, 'average_computation_time': 8.931616226832071, 'average_communication_time': 2.305970380257981, 'average_fit_time': 10.152908245722452, 'average_throughput': 2.463731882328537, 'dropouts': 0, 'experiment_id': 'exp_20240620_013617'}
[2024-06-20 01:37:08,924][utils.model][INFO] - LeNet model built
[2024-06-20 01:37:09,050][utils.model][INFO] - Size of serialized model: 279.0341796875 kbytes
[2024-06-20 01:37:09,089][utils.model][INFO] - Step 1/40 - val_loss: 0.0616 - val_accuracy: 0.9805
[2024-06-20 01:37:09,108][utils.model][INFO] - Step 2/40 - val_loss: 0.0910 - val_accuracy: 0.9668
[2024-06-20 01:37:09,137][utils.model][INFO] - Step 3/40 - val_loss: 0.1174 - val_accuracy: 0.9531
[2024-06-20 01:37:09,157][utils.model][INFO] - Step 4/40 - val_loss: 0.1175 - val_accuracy: 0.9541
[2024-06-20 01:37:09,179][utils.model][INFO] - Step 5/40 - val_loss: 0.1367 - val_accuracy: 0.9492
[2024-06-20 01:37:09,201][utils.model][INFO] - Step 6/40 - val_loss: 0.1411 - val_accuracy: 0.9486
[2024-06-20 01:37:09,221][utils.model][INFO] - Step 7/40 - val_loss: 0.1493 - val_accuracy: 0.9475
[2024-06-20 01:37:09,243][utils.model][INFO] - Step 8/40 - val_loss: 0.1459 - val_accuracy: 0.9502
[2024-06-20 01:37:09,269][utils.model][INFO] - Step 9/40 - val_loss: 0.1532 - val_accuracy: 0.9466
[2024-06-20 01:37:09,294][utils.model][INFO] - Step 10/40 - val_loss: 0.1497 - val_accuracy: 0.9473
[2024-06-20 01:37:09,317][utils.model][INFO] - Step 11/40 - val_loss: 0.1457 - val_accuracy: 0.9489
[2024-06-20 01:37:09,340][utils.model][INFO] - Step 12/40 - val_loss: 0.1441 - val_accuracy: 0.9495
[2024-06-20 01:37:09,363][utils.model][INFO] - Step 13/40 - val_loss: 0.1433 - val_accuracy: 0.9498
[2024-06-20 01:37:09,503][utils.model][INFO] - Step 14/40 - val_loss: 0.1438 - val_accuracy: 0.9509
[2024-06-20 01:37:09,522][utils.model][INFO] - Step 15/40 - val_loss: 0.1498 - val_accuracy: 0.9497
[2024-06-20 01:37:09,543][utils.model][INFO] - Step 16/40 - val_loss: 0.1509 - val_accuracy: 0.9497
[2024-06-20 01:37:09,562][utils.model][INFO] - Step 17/40 - val_loss: 0.1504 - val_accuracy: 0.9492
[2024-06-20 01:37:09,582][utils.model][INFO] - Step 18/40 - val_loss: 0.1508 - val_accuracy: 0.9484
[2024-06-20 01:37:09,603][utils.model][INFO] - Step 19/40 - val_loss: 0.1499 - val_accuracy: 0.9488
[2024-06-20 01:37:09,622][utils.model][INFO] - Step 20/40 - val_loss: 0.1484 - val_accuracy: 0.9490
[2024-06-20 01:37:09,642][utils.model][INFO] - Step 21/40 - val_loss: 0.1434 - val_accuracy: 0.9507
[2024-06-20 01:37:09,662][utils.model][INFO] - Step 22/40 - val_loss: 0.1386 - val_accuracy: 0.9526
[2024-06-20 01:37:09,681][utils.model][INFO] - Step 23/40 - val_loss: 0.1385 - val_accuracy: 0.9526
[2024-06-20 01:37:09,701][utils.model][INFO] - Step 24/40 - val_loss: 0.1432 - val_accuracy: 0.9515
[2024-06-20 01:37:09,720][utils.model][INFO] - Step 25/40 - val_loss: 0.1397 - val_accuracy: 0.9528
[2024-06-20 01:37:09,740][utils.model][INFO] - Step 26/40 - val_loss: 0.1398 - val_accuracy: 0.9536
[2024-06-20 01:37:09,760][utils.model][INFO] - Step 27/40 - val_loss: 0.1365 - val_accuracy: 0.9549
[2024-06-20 01:37:09,779][utils.model][INFO] - Step 28/40 - val_loss: 0.1324 - val_accuracy: 0.9561
[2024-06-20 01:37:09,800][utils.model][INFO] - Step 29/40 - val_loss: 0.1292 - val_accuracy: 0.9574
[2024-06-20 01:37:09,820][utils.model][INFO] - Step 30/40 - val_loss: 0.1270 - val_accuracy: 0.9583
[2024-06-20 01:37:09,842][utils.model][INFO] - Step 31/40 - val_loss: 0.1267 - val_accuracy: 0.9584
[2024-06-20 01:37:09,862][utils.model][INFO] - Step 32/40 - val_loss: 0.1251 - val_accuracy: 0.9591
[2024-06-20 01:37:09,883][utils.model][INFO] - Step 33/40 - val_loss: 0.1231 - val_accuracy: 0.9600
[2024-06-20 01:37:09,903][utils.model][INFO] - Step 34/40 - val_loss: 0.1203 - val_accuracy: 0.9608
[2024-06-20 01:37:09,921][utils.model][INFO] - Step 35/40 - val_loss: 0.1171 - val_accuracy: 0.9619
[2024-06-20 01:37:09,943][utils.model][INFO] - Step 36/40 - val_loss: 0.1172 - val_accuracy: 0.9620
[2024-06-20 01:37:09,963][utils.model][INFO] - Step 37/40 - val_loss: 0.1147 - val_accuracy: 0.9629
[2024-06-20 01:37:09,984][utils.model][INFO] - Step 38/40 - val_loss: 0.1139 - val_accuracy: 0.9633
[2024-06-20 01:37:10,004][utils.model][INFO] - Step 39/40 - val_loss: 0.1178 - val_accuracy: 0.9621
[2024-06-20 01:37:10,013][utils.model][INFO] - Step 40/40 - val_loss: 0.1173 - val_accuracy: 0.9621
[2024-06-20 01:37:10,015][utils.model][INFO] - Evaluation Results - Val Loss: 0.1173, Val Accuracy: 0.9621 in 40 steps
[2024-06-20 01:37:10,016][root][INFO] - Appended data to last row of column centralized_loss in server data for client None
[2024-06-20 01:37:10,017][root][INFO] - Appended data to last row of column centralized_acc in server data for client None
[2024-06-20 01:37:10,017][root][INFO] - Appended {'centralized_loss': 0.11731286, 'centralized_acc': 0.9621} to the last row of server data
[2024-06-20 01:37:10,017][flwr][INFO] - fit progress: (4, 0.11731286, {'accuracy': 0.9621}, 46.85050431499258)
[2024-06-20 01:37:10,017][flwr][DEBUG] - evaluate_round 4: strategy sampled 3 clients (out of 3)
[2024-06-20 01:37:10,574][flwr][DEBUG] - evaluate_round 4 received 3 results and 0 failures
[2024-06-20 01:37:10,576][root][INFO] - Added data to epoch for client 0: {'round': 4, 'epoch_steps': 201, 'total_steps': 450, 'l2_norm': 5.154660224914551, 'total_computation_time': 8.919763565063477, 'total_rtc_check_time': 0.6759985689132009, 'total_duration': 10.154109954833984, 'val_loss': 0.137297585606575, 'val_accuracy': 0.9589999914169312, 'experiment_id': 'exp_20240620_013617', 'client_id': '0'}
[2024-06-20 01:37:10,576][root][INFO] - Added epoch data for client 0: {'round': 4, 'epoch_steps': 201, 'total_steps': 450, 'l2_norm': 5.154660224914551, 'total_computation_time': 8.919763565063477, 'total_rtc_check_time': 0.6759985689132009, 'total_duration': 10.154109954833984, 'val_loss': 0.137297585606575, 'val_accuracy': 0.9589999914169312, 'experiment_id': 'exp_20240620_013617', 'client_id': '0'}
[2024-06-20 01:37:10,577][root][INFO] - Epoch data saved to /home/psklavos/fl/geom_aio/csv_logs/exp_20240620_013617/clients/client_0/epoch.csv
[2024-06-20 01:37:10,578][root][INFO] - Added data to batch for client 0: {'round': 4, 'step_no': 250, 'loss': 0.08441419154405594, 'accuracy': 0.96875, 'l2_norm': 0.012675916776061058, 'computation_time': 0.04993796348571777, 'batch_time': 0.06047551808296703, 'rtc_check_time': 0.009123494004597887, 'experiment_id': 'exp_20240620_013617', 'client_id': '0'}
[2024-06-20 01:37:10,579][root][INFO] - Added data to batch for client 0: {'round': 4, 'step_no': 251, 'loss': 0.13184833526611328, 'accuracy': 0.96875, 'l2_norm': 0.04359125718474388, 'computation_time': 0.04522585868835449, 'batch_time': 0.04849654049030505, 'rtc_check_time': 0.0020285210048314184, 'experiment_id': 'exp_20240620_013617', 'client_id': '0'}
[2024-06-20 01:37:10,580][root][INFO] - Added data to batch for client 0: {'round': 4, 'step_no': 252, 'loss': 0.13920462131500244, 'accuracy': 0.96875, 'l2_norm': 0.058489881455898285, 'computation_time': 0.038826942443847656, 'batch_time': 0.044053267731214873, 'rtc_check_time': 0.004183244003797881, 'experiment_id': 'exp_20240620_013617', 'client_id': '0'}
[2024-06-20 01:37:10,581][root][INFO] - Added data to batch for client 0: {'round': 4, 'step_no': 253, 'loss': 0.2916765511035919, 'accuracy': 0.96875, 'l2_norm': 0.0663030669093132, 'computation_time': 0.0438380241394043, 'batch_time': 0.04663954803254455, 'rtc_check_time': 0.0015274150064215064, 'experiment_id': 'exp_20240620_013617', 'client_id': '0'}
[2024-06-20 01:37:10,582][root][INFO] - Added data to batch for client 0: {'round': 4, 'step_no': 254, 'loss': 0.3083283603191376, 'accuracy': 0.956250011920929, 'l2_norm': 0.10409972071647644, 'computation_time': 0.04149889945983887, 'batch_time': 0.04949905874673277, 'rtc_check_time': 0.006708169006742537, 'experiment_id': 'exp_20240620_013617', 'client_id': '0'}
[2024-06-20 01:37:10,583][root][INFO] - Added data to batch for client 0: {'round': 4, 'step_no': 255, 'loss': 0.39708244800567627, 'accuracy': 0.9375, 'l2_norm': 0.13338154554367065, 'computation_time': 0.04360008239746094, 'batch_time': 0.04692507945583202, 'rtc_check_time': 0.0020821210055146366, 'experiment_id': 'exp_20240620_013617', 'client_id': '0'}
[2024-06-20 01:37:10,584][root][INFO] - Added data to batch for client 0: {'round': 4, 'step_no': 256, 'loss': 0.11931787431240082, 'accuracy': 0.9419642686843872, 'l2_norm': 0.12801529467105865, 'computation_time': 0.04044294357299805, 'batch_time': 0.04410761976032518, 'rtc_check_time': 0.0025715270021464676, 'experiment_id': 'exp_20240620_013617', 'client_id': '0'}
[2024-06-20 01:37:10,585][root][INFO] - Added data to batch for client 0: {'round': 4, 'step_no': 257, 'loss': 0.08135247230529785, 'accuracy': 0.9453125, 'l2_norm': 0.1342044621706009, 'computation_time': 0.04376816749572754, 'batch_time': 0.047146223339950666, 'rtc_check_time': 0.001912020001327619, 'experiment_id': 'exp_20240620_013617', 'client_id': '0'}
[2024-06-20 01:37:10,586][root][INFO] - Added data to batch for client 0: {'round': 4, 'step_no': 258, 'loss': 0.24556782841682434, 'accuracy': 0.9409722089767456, 'l2_norm': 0.18257656693458557, 'computation_time': 0.040760040283203125, 'batch_time': 0.044323039619484916, 'rtc_check_time': 0.002034020988503471, 'experiment_id': 'exp_20240620_013617', 'client_id': '0'}
[2024-06-20 01:37:10,587][root][INFO] - Added data to batch for client 0: {'round': 4, 'step_no': 259, 'loss': 0.41359376907348633, 'accuracy': 0.934374988079071, 'l2_norm': 0.20469041168689728, 'computation_time': 0.04015398025512695, 'batch_time': 0.04309378229663707, 'rtc_check_time': 0.0018638189940247685, 'experiment_id': 'exp_20240620_013617', 'client_id': '0'}
[2024-06-20 01:37:10,588][root][INFO] - Added data to batch for client 0: {'round': 4, 'step_no': 260, 'loss': 0.07063765823841095, 'accuracy': 0.9403409361839294, 'l2_norm': 0.20657961070537567, 'computation_time': 0.03818202018737793, 'batch_time': 0.041050221800105646, 'rtc_check_time': 0.0017953180067706853, 'experiment_id': 'exp_20240620_013617', 'client_id': '0'}
[2024-06-20 01:37:10,589][root][INFO] - Added data to batch for client 0: {'round': 4, 'step_no': 261, 'loss': 0.32532188296318054, 'accuracy': 0.9401041865348816, 'l2_norm': 0.24769563972949982, 'computation_time': 0.04268288612365723, 'batch_time': 0.04650384788692463, 'rtc_check_time': 0.0019608200091170147, 'experiment_id': 'exp_20240620_013617', 'client_id': '0'}
[2024-06-20 01:37:10,590][root][INFO] - Added data to batch for client 0: {'round': 4, 'step_no': 262, 'loss': 0.4229394197463989, 'accuracy': 0.932692289352417, 'l2_norm': 0.2739592492580414, 'computation_time': 0.041397809982299805, 'batch_time': 0.045107548037776724, 'rtc_check_time': 0.002538625994930044, 'experiment_id': 'exp_20240620_013617', 'client_id': '0'}
[2024-06-20 01:37:10,591][root][INFO] - Added data to batch for client 0: {'round': 4, 'step_no': 263, 'loss': 0.11978955566883087, 'accuracy': 0.9352678656578064, 'l2_norm': 0.27815863490104675, 'computation_time': 0.04180407524108887, 'batch_time': 0.04551447609264869, 'rtc_check_time': 0.002503526004147716, 'experiment_id': 'exp_20240620_013617', 'client_id': '0'}
[2024-06-20 01:37:10,592][root][INFO] - Added data to batch for client 0: {'round': 4, 'step_no': 264, 'loss': 0.18241171538829803, 'accuracy': 0.9333333373069763, 'l2_norm': 0.2930145859718323, 'computation_time': 0.03887510299682617, 'batch_time': 0.04157068351923954, 'rtc_check_time': 0.0015595159929944202, 'experiment_id': 'exp_20240620_013617', 'client_id': '0'}
[2024-06-20 01:37:10,593][root][INFO] - Added data to batch for client 0: {'round': 4, 'step_no': 265, 'loss': 0.09497576206922531, 'accuracy': 0.93359375, 'l2_norm': 0.3013266623020172, 'computation_time': 0.041602134704589844, 'batch_time': 0.04990018412354402, 'rtc_check_time': 0.00665796801331453, 'experiment_id': 'exp_20240620_013617', 'client_id': '0'}
[2024-06-20 01:37:10,594][root][INFO] - Added data to batch for client 0: {'round': 4, 'step_no': 266, 'loss': 0.3317297697067261, 'accuracy': 0.9319853186607361, 'l2_norm': 0.32329344749450684, 'computation_time': 0.054888010025024414, 'batch_time': 0.05846899458265398, 'rtc_check_time': 0.002098020995617844, 'experiment_id': 'exp_20240620_013617', 'client_id': '0'}
[2024-06-20 01:37:10,595][root][INFO] - Added data to batch for client 0: {'round': 4, 'step_no': 267, 'loss': 0.2950393259525299, 'accuracy': 0.9322916865348816, 'l2_norm': 0.3166643977165222, 'computation_time': 0.040730953216552734, 'batch_time': 0.04324646986788139, 'rtc_check_time': 0.0014574149972759187, 'experiment_id': 'exp_20240620_013617', 'client_id': '0'}
[2024-06-20 01:37:10,596][root][INFO] - Added data to batch for client 0: {'round': 4, 'step_no': 268, 'loss': 0.08081750571727753, 'accuracy': 0.9342105388641357, 'l2_norm': 0.32574620842933655, 'computation_time': 0.04138898849487305, 'batch_time': 0.04483184569107834, 'rtc_check_time': 0.0022238230012590066, 'experiment_id': 'exp_20240620_013617', 'client_id': '0'}
[2024-06-20 01:37:10,597][root][INFO] - Added data to batch for client 0: {'round': 4, 'step_no': 269, 'loss': 0.049317993223667145, 'accuracy': 0.9375, 'l2_norm': 0.3232729136943817, 'computation_time': 0.04450798034667969, 'batch_time': 0.04751576090347953, 'rtc_check_time': 0.0017327179957646877, 'experiment_id': 'exp_20240620_013617', 'client_id': '0'}
[2024-06-20 01:37:10,598][root][INFO] - Added data to batch for client 0: {'round': 4, 'step_no': 270, 'loss': 0.07446825504302979, 'accuracy': 0.9389880895614624, 'l2_norm': 0.33980754017829895, 'computation_time': 0.04270195960998535, 'batch_time': 0.047876819255179726, 'rtc_check_time': 0.004034741999930702, 'experiment_id': 'exp_20240620_013617', 'client_id': '0'}
[2024-06-20 01:37:10,599][root][INFO] - Added data to batch for client 0: {'round': 4, 'step_no': 271, 'loss': 0.20564836263656616, 'accuracy': 0.9375, 'l2_norm': 0.3935185968875885, 'computation_time': 0.0572509765625, 'batch_time': 0.06095300392189529, 'rtc_check_time': 0.0018700189975788817, 'experiment_id': 'exp_20240620_013617', 'client_id': '0'}
[2024-06-20 01:37:10,600][root][INFO] - Added data to batch for client 0: {'round': 4, 'step_no': 272, 'loss': 0.43941155076026917, 'accuracy': 0.9347826242446899, 'l2_norm': 0.40206378698349, 'computation_time': 0.04325413703918457, 'batch_time': 0.04604256107995752, 'rtc_check_time': 0.0015894170064711943, 'experiment_id': 'exp_20240620_013617', 'client_id': '0'}
[2024-06-20 01:37:10,601][root][INFO] - Added data to batch for client 0: {'round': 4, 'step_no': 273, 'loss': 0.14361852407455444, 'accuracy': 0.9361979365348816, 'l2_norm': 0.4105037748813629, 'computation_time': 0.0439150333404541, 'batch_time': 0.04686457336356398, 'rtc_check_time': 0.0016685169975971803, 'experiment_id': 'exp_20240620_013617', 'client_id': '0'}
[2024-06-20 01:37:10,602][root][INFO] - Added data to batch for client 0: {'round': 4, 'step_no': 274, 'loss': 0.15988527238368988, 'accuracy': 0.9375, 'l2_norm': 0.4186391830444336, 'computation_time': 0.03867793083190918, 'batch_time': 0.042214198590954766, 'rtc_check_time': 0.002487226010998711, 'experiment_id': 'exp_20240620_013617', 'client_id': '0'}
[2024-06-20 01:37:10,603][root][INFO] - Added data to batch for client 0: {'round': 4, 'step_no': 275, 'loss': 0.33145320415496826, 'accuracy': 0.9350961446762085, 'l2_norm': 0.5103104114532471, 'computation_time': 0.03982901573181152, 'batch_time': 0.04417029526666738, 'rtc_check_time': 0.0020193209929857403, 'experiment_id': 'exp_20240620_013617', 'client_id': '0'}
[2024-06-20 01:37:10,605][root][INFO] - Added data to batch for client 0: {'round': 4, 'step_no': 276, 'loss': 0.1809721440076828, 'accuracy': 0.9351851940155029, 'l2_norm': 0.4910838007926941, 'computation_time': 0.04385209083557129, 'batch_time': 0.04653966809564736, 'rtc_check_time': 0.0014907159929862246, 'experiment_id': 'exp_20240620_013617', 'client_id': '0'}
[2024-06-20 01:37:10,607][root][INFO] - Added data to batch for client 0: {'round': 4, 'step_no': 277, 'loss': 0.11246345937252045, 'accuracy': 0.9375, 'l2_norm': 0.5015813112258911, 'computation_time': 0.047019004821777344, 'batch_time': 0.05062156457279343, 'rtc_check_time': 0.002386624997598119, 'experiment_id': 'exp_20240620_013617', 'client_id': '0'}
[2024-06-20 01:37:10,610][root][INFO] - Added data to batch for client 0: {'round': 4, 'step_no': 278, 'loss': 0.2486269325017929, 'accuracy': 0.9385775923728943, 'l2_norm': 0.5010663270950317, 'computation_time': 0.05376696586608887, 'batch_time': 0.05724854323489126, 'rtc_check_time': 0.0022835240088170394, 'experiment_id': 'exp_20240620_013617', 'client_id': '0'}
[2024-06-20 01:37:10,612][root][INFO] - Added data to batch for client 0: {'round': 4, 'step_no': 279, 'loss': 0.0665283203125, 'accuracy': 0.940625011920929, 'l2_norm': 0.5237392783164978, 'computation_time': 0.055642127990722656, 'batch_time': 0.05879055270634126, 'rtc_check_time': 0.001771319002727978, 'experiment_id': 'exp_20240620_013617', 'client_id': '0'}
[2024-06-20 01:37:10,614][root][INFO] - Added data to batch for client 0: {'round': 4, 'step_no': 280, 'loss': 0.18394652009010315, 'accuracy': 0.9395161271095276, 'l2_norm': 0.5401954650878906, 'computation_time': 0.048110008239746094, 'batch_time': 0.055847997704404406, 'rtc_check_time': 0.006453866997617297, 'experiment_id': 'exp_20240620_013617', 'client_id': '0'}
[2024-06-20 01:37:10,616][root][INFO] - Added data to batch for client 0: {'round': 4, 'step_no': 281, 'loss': 0.042655374854803085, 'accuracy': 0.94140625, 'l2_norm': 0.5434683561325073, 'computation_time': 0.05202484130859375, 'batch_time': 0.05571823488571681, 'rtc_check_time': 0.0024462259898427874, 'experiment_id': 'exp_20240620_013617', 'client_id': '0'}
[2024-06-20 01:37:10,617][root][INFO] - Added data to batch for client 0: {'round': 4, 'step_no': 282, 'loss': 0.2846781313419342, 'accuracy': 0.9412878751754761, 'l2_norm': 0.5880926847457886, 'computation_time': 0.04673409461975098, 'batch_time': 0.05032751504040789, 'rtc_check_time': 0.0023355239973170683, 'experiment_id': 'exp_20240620_013617', 'client_id': '0'}
[2024-06-20 01:37:10,619][root][INFO] - Added data to batch for client 0: {'round': 4, 'step_no': 283, 'loss': 0.481453001499176, 'accuracy': 0.9402573704719543, 'l2_norm': 0.6347077488899231, 'computation_time': 0.041674137115478516, 'batch_time': 0.044452913527493365, 'rtc_check_time': 0.001657016997341998, 'experiment_id': 'exp_20240620_013617', 'client_id': '0'}
[2024-06-20 01:37:10,620][root][INFO] - Added data to batch for client 0: {'round': 4, 'step_no': 284, 'loss': 0.1637459695339203, 'accuracy': 0.9410714507102966, 'l2_norm': 0.6500695943832397, 'computation_time': 0.0406341552734375, 'batch_time': 0.04504230427846778, 'rtc_check_time': 0.002891330004786141, 'experiment_id': 'exp_20240620_013617', 'client_id': '0'}
[2024-06-20 01:37:10,621][root][INFO] - Added data to batch for client 0: {'round': 4, 'step_no': 285, 'loss': 0.30518192052841187, 'accuracy': 0.9401041865348816, 'l2_norm': 0.710360586643219, 'computation_time': 0.043418169021606445, 'batch_time': 0.05242957521113567, 'rtc_check_time': 0.007625478989211842, 'experiment_id': 'exp_20240620_013617', 'client_id': '0'}
[2024-06-20 01:37:10,622][root][INFO] - Added data to batch for client 0: {'round': 4, 'step_no': 286, 'loss': 0.13625898957252502, 'accuracy': 0.9391891956329346, 'l2_norm': 0.7132671475410461, 'computation_time': 0.04386711120605469, 'batch_time': 0.04688977875048295, 'rtc_check_time': 0.0017607180052436888, 'experiment_id': 'exp_20240620_013617', 'client_id': '0'}
[2024-06-20 01:37:10,624][root][INFO] - Added data to batch for client 0: {'round': 4, 'step_no': 287, 'loss': 0.19833090901374817, 'accuracy': 0.9391447305679321, 'l2_norm': 0.7506331205368042, 'computation_time': 0.0406949520111084, 'batch_time': 0.044621595239732414, 'rtc_check_time': 0.0026506269932724535, 'experiment_id': 'exp_20240620_013617', 'client_id': '0'}
[2024-06-20 01:37:10,625][root][INFO] - Added data to batch for client 0: {'round': 4, 'step_no': 288, 'loss': 0.3674609959125519, 'accuracy': 0.9375, 'l2_norm': 0.7832462191581726, 'computation_time': 0.051545143127441406, 'batch_time': 0.055847260358859785, 'rtc_check_time': 0.0027054280071752146, 'experiment_id': 'exp_20240620_013617', 'client_id': '0'}
[2024-06-20 01:37:10,626][root][INFO] - Added data to batch for client 0: {'round': 4, 'step_no': 289, 'loss': 0.2547062039375305, 'accuracy': 0.9375, 'l2_norm': 0.8175361156463623, 'computation_time': 0.03805398941040039, 'batch_time': 0.04940991742478218, 'rtc_check_time': 0.010282805989845656, 'experiment_id': 'exp_20240620_013617', 'client_id': '0'}
[2024-06-20 01:37:10,627][root][INFO] - Added data to batch for client 0: {'round': 4, 'step_no': 290, 'loss': 0.11797396838665009, 'accuracy': 0.9382622241973877, 'l2_norm': 0.8050979375839233, 'computation_time': 0.047918081283569336, 'batch_time': 0.051627885943162255, 'rtc_check_time': 0.0025668259913800284, 'experiment_id': 'exp_20240620_013617', 'client_id': '0'}
[2024-06-20 01:37:10,628][root][INFO] - Added data to batch for client 0: {'round': 4, 'step_no': 291, 'loss': 0.21651512384414673, 'accuracy': 0.9367559552192688, 'l2_norm': 0.8220720291137695, 'computation_time': 0.04658699035644531, 'batch_time': 0.05072078735975083, 'rtc_check_time': 0.002398825003183447, 'experiment_id': 'exp_20240620_013617', 'client_id': '0'}
[2024-06-20 01:37:10,629][root][INFO] - Added data to batch for client 0: {'round': 4, 'step_no': 292, 'loss': 0.07059267163276672, 'accuracy': 0.9375, 'l2_norm': 0.8160918354988098, 'computation_time': 0.04686999320983887, 'batch_time': 0.049846148380311206, 'rtc_check_time': 0.0018961190071422607, 'experiment_id': 'exp_20240620_013617', 'client_id': '0'}
[2024-06-20 01:37:10,631][root][INFO] - Added data to batch for client 0: {'round': 4, 'step_no': 293, 'loss': 0.16390912234783173, 'accuracy': 0.9382102489471436, 'l2_norm': 0.8459060192108154, 'computation_time': 0.04323315620422363, 'batch_time': 0.04696536893607117, 'rtc_check_time': 0.002021321008214727, 'experiment_id': 'exp_20240620_013617', 'client_id': '0'}
[2024-06-20 01:37:10,632][root][INFO] - Added data to batch for client 0: {'round': 4, 'step_no': 294, 'loss': 0.21322166919708252, 'accuracy': 0.9375, 'l2_norm': 0.8816913366317749, 'computation_time': 0.045651912689208984, 'batch_time': 0.04863052710425109, 'rtc_check_time': 0.0017207179917022586, 'experiment_id': 'exp_20240620_013617', 'client_id': '0'}
[2024-06-20 01:37:10,633][root][INFO] - Added data to batch for client 0: {'round': 4, 'step_no': 295, 'loss': 0.07292639464139938, 'accuracy': 0.9381793737411499, 'l2_norm': 0.8741914629936218, 'computation_time': 0.04275798797607422, 'batch_time': 0.045191590616013855, 'rtc_check_time': 0.0013886140077374876, 'experiment_id': 'exp_20240620_013617', 'client_id': '0'}
[2024-06-20 01:37:10,635][root][INFO] - Added data to batch for client 0: {'round': 4, 'step_no': 296, 'loss': 0.31141096353530884, 'accuracy': 0.9375, 'l2_norm': 0.9041644334793091, 'computation_time': 0.0414581298828125, 'batch_time': 0.0454023469646927, 'rtc_check_time': 0.0026882280071731657, 'experiment_id': 'exp_20240620_013617', 'client_id': '0'}
[2024-06-20 01:37:10,636][root][INFO] - Added data to batch for client 0: {'round': 4, 'step_no': 297, 'loss': 0.23711428046226501, 'accuracy': 0.9375, 'l2_norm': 0.9347501993179321, 'computation_time': 0.041311025619506836, 'batch_time': 0.043950336694251746, 'rtc_check_time': 0.00134231400443241, 'experiment_id': 'exp_20240620_013617', 'client_id': '0'}
[2024-06-20 01:37:10,637][root][INFO] - Added data to batch for client 0: {'round': 4, 'step_no': 298, 'loss': 0.09408527612686157, 'accuracy': 0.9381377696990967, 'l2_norm': 0.980635941028595, 'computation_time': 0.03713798522949219, 'batch_time': 0.042585513830999844, 'rtc_check_time': 0.004374644995550625, 'experiment_id': 'exp_20240620_013617', 'client_id': '0'}
[2024-06-20 01:37:10,639][root][INFO] - Added data to batch for client 0: {'round': 4, 'step_no': 299, 'loss': 0.2573724687099457, 'accuracy': 0.9375, 'l2_norm': 0.9338964223861694, 'computation_time': 0.038162946701049805, 'batch_time': 0.05165719812794123, 'rtc_check_time': 0.012349126991466619, 'experiment_id': 'exp_20240620_013617', 'client_id': '0'}
[2024-06-20 01:37:10,640][root][INFO] - Added data to batch for client 0: {'round': 4, 'step_no': 300, 'loss': 0.4110803008079529, 'accuracy': 0.938112735748291, 'l2_norm': 0.9816222786903381, 'computation_time': 0.042877197265625, 'batch_time': 0.04544517670001369, 'rtc_check_time': 0.001474114993470721, 'experiment_id': 'exp_20240620_013617', 'client_id': '0'}
[2024-06-20 01:37:10,641][root][INFO] - Added data to batch for client 0: {'round': 4, 'step_no': 301, 'loss': 0.09124033898115158, 'accuracy': 0.9387019276618958, 'l2_norm': 0.9803597331047058, 'computation_time': 0.0429379940032959, 'batch_time': 0.05009571240225341, 'rtc_check_time': 0.005779659011750482, 'experiment_id': 'exp_20240620_013617', 'client_id': '0'}
[2024-06-20 01:37:10,643][root][INFO] - Added data to batch for client 0: {'round': 4, 'step_no': 302, 'loss': 0.08146010339260101, 'accuracy': 0.9392688870429993, 'l2_norm': 1.0021958351135254, 'computation_time': 0.039752960205078125, 'batch_time': 0.04306081519462168, 'rtc_check_time': 0.002124822000041604, 'experiment_id': 'exp_20240620_013617', 'client_id': '0'}
[2024-06-20 01:37:10,644][root][INFO] - Added data to batch for client 0: {'round': 4, 'step_no': 303, 'loss': 0.14323288202285767, 'accuracy': 0.9398148059844971, 'l2_norm': 1.0163747072219849, 'computation_time': 0.03949618339538574, 'batch_time': 0.04195374379924033, 'rtc_check_time': 0.0013489140110323206, 'experiment_id': 'exp_20240620_013617', 'client_id': '0'}
[2024-06-20 01:37:10,646][root][INFO] - Added data to batch for client 0: {'round': 4, 'step_no': 304, 'loss': 0.45621082186698914, 'accuracy': 0.9380682110786438, 'l2_norm': 1.1073696613311768, 'computation_time': 0.0416409969329834, 'batch_time': 0.05214867401809897, 'rtc_check_time': 0.009292696006014012, 'experiment_id': 'exp_20240620_013617', 'client_id': '0'}
[2024-06-20 01:37:10,647][root][INFO] - Added data to batch for client 0: {'round': 4, 'step_no': 305, 'loss': 0.1016165241599083, 'accuracy': 0.9391741156578064, 'l2_norm': 1.1194308996200562, 'computation_time': 0.0431208610534668, 'batch_time': 0.05370173878327478, 'rtc_check_time': 0.009326796003733762, 'experiment_id': 'exp_20240620_013617', 'client_id': '0'}
[2024-06-20 01:37:10,649][root][INFO] - Added data to batch for client 0: {'round': 4, 'step_no': 306, 'loss': 0.1479092687368393, 'accuracy': 0.9391447305679321, 'l2_norm': 1.1352338790893555, 'computation_time': 0.049492835998535156, 'batch_time': 0.052776681375689805, 'rtc_check_time': 0.0016056169988587499, 'experiment_id': 'exp_20240620_013617', 'client_id': '0'}
[2024-06-20 01:37:10,650][root][INFO] - Added data to batch for client 0: {'round': 4, 'step_no': 307, 'loss': 0.1489393413066864, 'accuracy': 0.939116358757019, 'l2_norm': 1.1440714597702026, 'computation_time': 0.05331683158874512, 'batch_time': 0.05764642408757936, 'rtc_check_time': 0.002521425994927995, 'experiment_id': 'exp_20240620_013617', 'client_id': '0'}
[2024-06-20 01:37:10,652][root][INFO] - Added data to batch for client 0: {'round': 4, 'step_no': 308, 'loss': 0.23701293766498566, 'accuracy': 0.9369703531265259, 'l2_norm': 1.1807482242584229, 'computation_time': 0.050518035888671875, 'batch_time': 0.05586577960639261, 'rtc_check_time': 0.003554836002876982, 'experiment_id': 'exp_20240620_013617', 'client_id': '0'}
[2024-06-20 01:37:10,653][root][INFO] - Added data to batch for client 0: {'round': 4, 'step_no': 309, 'loss': 0.14764389395713806, 'accuracy': 0.9375, 'l2_norm': 1.1958327293395996, 'computation_time': 0.04265904426574707, 'batch_time': 0.045288378663826734, 'rtc_check_time': 0.001456314988899976, 'experiment_id': 'exp_20240620_013617', 'client_id': '0'}
[2024-06-20 01:37:10,654][root][INFO] - Added data to batch for client 0: {'round': 4, 'step_no': 310, 'loss': 0.3509272634983063, 'accuracy': 0.9369876980781555, 'l2_norm': 1.2612327337265015, 'computation_time': 0.04193711280822754, 'batch_time': 0.04652516098576598, 'rtc_check_time': 0.0034231350000482053, 'experiment_id': 'exp_20240620_013617', 'client_id': '0'}
[2024-06-20 01:37:10,656][root][INFO] - Added data to batch for client 0: {'round': 4, 'step_no': 311, 'loss': 0.19983834028244019, 'accuracy': 0.9364919066429138, 'l2_norm': 1.241868495941162, 'computation_time': 0.056883811950683594, 'batch_time': 0.061148766821133904, 'rtc_check_time': 0.002908829992520623, 'experiment_id': 'exp_20240620_013617', 'client_id': '0'}
[2024-06-20 01:37:10,657][root][INFO] - Added data to batch for client 0: {'round': 4, 'step_no': 312, 'loss': 0.20751841366291046, 'accuracy': 0.9365079402923584, 'l2_norm': 1.3092384338378906, 'computation_time': 0.04581189155578613, 'batch_time': 0.048536401096498594, 'rtc_check_time': 0.0014933159982319921, 'experiment_id': 'exp_20240620_013617', 'client_id': '0'}
[2024-06-20 01:37:10,658][root][INFO] - Added data to batch for client 0: {'round': 4, 'step_no': 313, 'loss': 0.11495056748390198, 'accuracy': 0.9365234375, 'l2_norm': 1.3382723331451416, 'computation_time': 0.03899693489074707, 'batch_time': 0.04432645544875413, 'rtc_check_time': 0.00418034300673753, 'experiment_id': 'exp_20240620_013617', 'client_id': '0'}
[2024-06-20 01:37:10,659][root][INFO] - Added data to batch for client 0: {'round': 4, 'step_no': 314, 'loss': 0.16368593275547028, 'accuracy': 0.9370192289352417, 'l2_norm': 1.3434031009674072, 'computation_time': 0.03865194320678711, 'batch_time': 0.042669068367104046, 'rtc_check_time': 0.00267792800150346, 'experiment_id': 'exp_20240620_013617', 'client_id': '0'}
[2024-06-20 01:37:10,660][root][INFO] - Added data to batch for client 0: {'round': 4, 'step_no': 315, 'loss': 0.16843703389167786, 'accuracy': 0.9375, 'l2_norm': 1.353365182876587, 'computation_time': 0.0484461784362793, 'batch_time': 0.05219644703902304, 'rtc_check_time': 0.0022103230003267527, 'experiment_id': 'exp_20240620_013617', 'client_id': '0'}
[2024-06-20 01:37:10,662][root][INFO] - Added data to batch for client 0: {'round': 4, 'step_no': 316, 'loss': 0.2305016815662384, 'accuracy': 0.9375, 'l2_norm': 1.4214385747909546, 'computation_time': 0.04388308525085449, 'batch_time': 0.04651281001861207, 'rtc_check_time': 0.0013289130001794547, 'experiment_id': 'exp_20240620_013617', 'client_id': '0'}
[2024-06-20 01:37:10,665][root][INFO] - Added data to batch for client 0: {'round': 4, 'step_no': 317, 'loss': 0.417063444852829, 'accuracy': 0.9365808963775635, 'l2_norm': 1.4527616500854492, 'computation_time': 0.0523381233215332, 'batch_time': 0.05549953809531871, 'rtc_check_time': 0.0017347179964417592, 'experiment_id': 'exp_20240620_013617', 'client_id': '0'}
[2024-06-20 01:37:10,667][root][INFO] - Added data to batch for client 0: {'round': 4, 'step_no': 318, 'loss': 0.0966205820441246, 'accuracy': 0.9370471239089966, 'l2_norm': 1.4632761478424072, 'computation_time': 0.043055057525634766, 'batch_time': 0.047902053032885306, 'rtc_check_time': 0.002623027001391165, 'experiment_id': 'exp_20240620_013617', 'client_id': '0'}
[2024-06-20 01:37:10,669][root][INFO] - Added data to batch for client 0: {'round': 4, 'step_no': 319, 'loss': 0.12468656152486801, 'accuracy': 0.9375, 'l2_norm': 1.4456332921981812, 'computation_time': 0.039749860763549805, 'batch_time': 0.044504428980872035, 'rtc_check_time': 0.003604436991736293, 'experiment_id': 'exp_20240620_013617', 'client_id': '0'}
[2024-06-20 01:37:10,670][root][INFO] - Added data to batch for client 0: {'round': 4, 'step_no': 320, 'loss': 0.07214122265577316, 'accuracy': 0.9383803009986877, 'l2_norm': 1.4652369022369385, 'computation_time': 0.05091691017150879, 'batch_time': 0.053736623740405776, 'rtc_check_time': 0.001408513999194838, 'experiment_id': 'exp_20240620_013617', 'client_id': '0'}
[2024-06-20 01:37:10,671][root][INFO] - Added data to batch for client 0: {'round': 4, 'step_no': 321, 'loss': 0.1808462142944336, 'accuracy': 0.9388020634651184, 'l2_norm': 1.4882049560546875, 'computation_time': 0.04021596908569336, 'batch_time': 0.04411147639621049, 'rtc_check_time': 0.0027134279953315854, 'experiment_id': 'exp_20240620_013617', 'client_id': '0'}
[2024-06-20 01:37:10,672][root][INFO] - Added data to batch for client 0: {'round': 4, 'step_no': 322, 'loss': 0.29124215245246887, 'accuracy': 0.9387842416763306, 'l2_norm': 1.4896414279937744, 'computation_time': 0.03929018974304199, 'batch_time': 0.04202246431668755, 'rtc_check_time': 0.001685617011389695, 'experiment_id': 'exp_20240620_013617', 'client_id': '0'}
[2024-06-20 01:37:10,674][root][INFO] - Added data to batch for client 0: {'round': 4, 'step_no': 323, 'loss': 0.14355842769145966, 'accuracy': 0.9387668967247009, 'l2_norm': 1.5008182525634766, 'computation_time': 0.041502952575683594, 'batch_time': 0.04643433941237163, 'rtc_check_time': 0.003383335002581589, 'experiment_id': 'exp_20240620_013617', 'client_id': '0'}
[2024-06-20 01:37:10,675][root][INFO] - Added data to batch for client 0: {'round': 4, 'step_no': 324, 'loss': 0.12287019193172455, 'accuracy': 0.9391666650772095, 'l2_norm': 1.5167263746261597, 'computation_time': 0.047804832458496094, 'batch_time': 0.06041603544144891, 'rtc_check_time': 0.011417917994549498, 'experiment_id': 'exp_20240620_013617', 'client_id': '0'}
[2024-06-20 01:37:10,676][root][INFO] - Added data to batch for client 0: {'round': 4, 'step_no': 325, 'loss': 0.05425802990794182, 'accuracy': 0.9399670958518982, 'l2_norm': 1.536160945892334, 'computation_time': 0.053199052810668945, 'batch_time': 0.05823070739279501, 'rtc_check_time': 0.00379473899374716, 'experiment_id': 'exp_20240620_013617', 'client_id': '0'}
[2024-06-20 01:37:10,678][root][INFO] - Added data to batch for client 0: {'round': 4, 'step_no': 326, 'loss': 0.39965373277664185, 'accuracy': 0.9399350881576538, 'l2_norm': 1.6036473512649536, 'computation_time': 0.0453798770904541, 'batch_time': 0.04924408505030442, 'rtc_check_time': 0.0026430279976921156, 'experiment_id': 'exp_20240620_013617', 'client_id': '0'}
[2024-06-20 01:37:10,679][root][INFO] - Added data to batch for client 0: {'round': 4, 'step_no': 327, 'loss': 0.2592420279979706, 'accuracy': 0.9399038553237915, 'l2_norm': 1.6287273168563843, 'computation_time': 0.044671058654785156, 'batch_time': 0.04718604509253055, 'rtc_check_time': 0.0013801140012219548, 'experiment_id': 'exp_20240620_013617', 'client_id': '0'}
[2024-06-20 01:37:10,680][root][INFO] - Added data to batch for client 0: {'round': 4, 'step_no': 328, 'loss': 0.16768905520439148, 'accuracy': 0.9398733973503113, 'l2_norm': 1.6297798156738281, 'computation_time': 0.041233062744140625, 'batch_time': 0.04465397834428586, 'rtc_check_time': 0.0023070239985827357, 'experiment_id': 'exp_20240620_013617', 'client_id': '0'}
[2024-06-20 01:37:10,681][root][INFO] - Added data to batch for client 0: {'round': 4, 'step_no': 329, 'loss': 0.2602018713951111, 'accuracy': 0.939453125, 'l2_norm': 1.6654287576675415, 'computation_time': 0.041532039642333984, 'batch_time': 0.048462820166605525, 'rtc_check_time': 0.0057639599981484935, 'experiment_id': 'exp_20240620_013617', 'client_id': '0'}
[2024-06-20 01:37:10,682][root][INFO] - Added data to batch for client 0: {'round': 4, 'step_no': 330, 'loss': 0.341325044631958, 'accuracy': 0.939428985118866, 'l2_norm': 1.6959253549575806, 'computation_time': 0.04473400115966797, 'batch_time': 0.05162585146899801, 'rtc_check_time': 0.005211953000980429, 'experiment_id': 'exp_20240620_013617', 'client_id': '0'}
[2024-06-20 01:37:10,683][root][INFO] - Added data to batch for client 0: {'round': 4, 'step_no': 331, 'loss': 0.19761238992214203, 'accuracy': 0.9394055008888245, 'l2_norm': 1.6928045749664307, 'computation_time': 0.04641103744506836, 'batch_time': 0.05097258943715133, 'rtc_check_time': 0.0034605349937919527, 'experiment_id': 'exp_20240620_013617', 'client_id': '0'}
[2024-06-20 01:37:10,684][root][INFO] - Added data to batch for client 0: {'round': 4, 'step_no': 332, 'loss': 0.23273304104804993, 'accuracy': 0.9390060305595398, 'l2_norm': 1.7287324666976929, 'computation_time': 0.0438539981842041, 'batch_time': 0.05021157661394682, 'rtc_check_time': 0.0052124539943179116, 'experiment_id': 'exp_20240620_013617', 'client_id': '0'}
[2024-06-20 01:37:10,685][root][INFO] - Added data to batch for client 0: {'round': 4, 'step_no': 333, 'loss': 0.11705359816551208, 'accuracy': 0.9393601417541504, 'l2_norm': 1.7416038513183594, 'computation_time': 0.039476871490478516, 'batch_time': 0.04355046285490971, 'rtc_check_time': 0.003042431009816937, 'experiment_id': 'exp_20240620_013617', 'client_id': '0'}
[2024-06-20 01:37:10,687][root][INFO] - Added data to batch for client 0: {'round': 4, 'step_no': 334, 'loss': 0.06086784601211548, 'accuracy': 0.940073549747467, 'l2_norm': 1.7438266277313232, 'computation_time': 0.03774404525756836, 'batch_time': 0.0401884348684689, 'rtc_check_time': 0.0014125140005489811, 'experiment_id': 'exp_20240620_013617', 'client_id': '0'}
[2024-06-20 01:37:10,688][root][INFO] - Added data to batch for client 0: {'round': 4, 'step_no': 335, 'loss': 0.19824478030204773, 'accuracy': 0.9404069781303406, 'l2_norm': 1.7803465127944946, 'computation_time': 0.04089093208312988, 'batch_time': 0.04350514641555492, 'rtc_check_time': 0.001378013999783434, 'experiment_id': 'exp_20240620_013617', 'client_id': '0'}
[2024-06-20 01:37:10,689][root][INFO] - Added data to batch for client 0: {'round': 4, 'step_no': 336, 'loss': 0.1796821802854538, 'accuracy': 0.9400143623352051, 'l2_norm': 1.7799063920974731, 'computation_time': 0.042124032974243164, 'batch_time': 0.046558086381992325, 'rtc_check_time': 0.0032610339985694736, 'experiment_id': 'exp_20240620_013617', 'client_id': '0'}
[2024-06-20 01:37:10,690][root][INFO] - Added data to batch for client 0: {'round': 4, 'step_no': 337, 'loss': 0.08355420082807541, 'accuracy': 0.9406960010528564, 'l2_norm': 1.7856056690216064, 'computation_time': 0.0454859733581543, 'batch_time': 0.04929646338860039, 'rtc_check_time': 0.0019365199987078086, 'experiment_id': 'exp_20240620_013617', 'client_id': '0'}
[2024-06-20 01:37:10,691][root][INFO] - Added data to batch for client 0: {'round': 4, 'step_no': 338, 'loss': 0.35575345158576965, 'accuracy': 0.9403089880943298, 'l2_norm': 1.8304511308670044, 'computation_time': 0.044035911560058594, 'batch_time': 0.050276784459128976, 'rtc_check_time': 0.004953650990501046, 'experiment_id': 'exp_20240620_013617', 'client_id': '0'}
[2024-06-20 01:37:10,692][root][INFO] - Added data to batch for client 0: {'round': 4, 'step_no': 339, 'loss': 0.20388470590114594, 'accuracy': 0.9402777552604675, 'l2_norm': 1.8506532907485962, 'computation_time': 0.04931783676147461, 'batch_time': 0.05825602302502375, 'rtc_check_time': 0.0071278739924309775, 'experiment_id': 'exp_20240620_013617', 'client_id': '0'}
[2024-06-20 01:37:10,693][root][INFO] - Added data to batch for client 0: {'round': 4, 'step_no': 340, 'loss': 0.03387134522199631, 'accuracy': 0.9409340620040894, 'l2_norm': 1.861568570137024, 'computation_time': 0.04659891128540039, 'batch_time': 0.049493627971969545, 'rtc_check_time': 0.001697617000900209, 'experiment_id': 'exp_20240620_013617', 'client_id': '0'}
[2024-06-20 01:37:10,695][root][INFO] - Added data to batch for client 0: {'round': 4, 'step_no': 341, 'loss': 0.2166665643453598, 'accuracy': 0.940557062625885, 'l2_norm': 1.9598594903945923, 'computation_time': 0.043248891830444336, 'batch_time': 0.05218728331965394, 'rtc_check_time': 0.007764179987134412, 'experiment_id': 'exp_20240620_013617', 'client_id': '0'}
[2024-06-20 01:37:10,696][root][INFO] - Added data to batch for client 0: {'round': 4, 'step_no': 342, 'loss': 0.10427187383174896, 'accuracy': 0.9405242204666138, 'l2_norm': 1.9344894886016846, 'computation_time': 0.04272103309631348, 'batch_time': 0.04594512913899962, 'rtc_check_time': 0.0019812199898296967, 'experiment_id': 'exp_20240620_013617', 'client_id': '0'}
[2024-06-20 01:37:10,697][root][INFO] - Added data to batch for client 0: {'round': 4, 'step_no': 343, 'loss': 0.11358782649040222, 'accuracy': 0.9408244490623474, 'l2_norm': 1.9404828548431396, 'computation_time': 0.0434420108795166, 'batch_time': 0.0463973852165509, 'rtc_check_time': 0.0016884180076885968, 'experiment_id': 'exp_20240620_013617', 'client_id': '0'}
[2024-06-20 01:37:10,698][root][INFO] - Added data to batch for client 0: {'round': 4, 'step_no': 344, 'loss': 0.1977137327194214, 'accuracy': 0.9401316046714783, 'l2_norm': 1.9923197031021118, 'computation_time': 0.04231715202331543, 'batch_time': 0.04594446926785167, 'rtc_check_time': 0.002474324996001087, 'experiment_id': 'exp_20240620_013617', 'client_id': '0'}
[2024-06-20 01:37:10,699][root][INFO] - Added data to batch for client 0: {'round': 4, 'step_no': 345, 'loss': 0.2174803763628006, 'accuracy': 0.9401041865348816, 'l2_norm': 1.98329758644104, 'computation_time': 0.0418698787689209, 'batch_time': 0.05500381383171771, 'rtc_check_time': 0.011962823002249934, 'experiment_id': 'exp_20240620_013617', 'client_id': '0'}
[2024-06-20 01:37:10,701][root][INFO] - Added data to batch for client 0: {'round': 4, 'step_no': 346, 'loss': 0.06783993542194366, 'accuracy': 0.9403994679450989, 'l2_norm': 1.9879934787750244, 'computation_time': 0.054821014404296875, 'batch_time': 0.05801377161697019, 'rtc_check_time': 0.0015858159895287827, 'experiment_id': 'exp_20240620_013617', 'client_id': '0'}
[2024-06-20 01:37:10,702][root][INFO] - Added data to batch for client 0: {'round': 4, 'step_no': 347, 'loss': 0.34484487771987915, 'accuracy': 0.9397321343421936, 'l2_norm': 2.011686086654663, 'computation_time': 0.042768001556396484, 'batch_time': 0.04637266653298866, 'rtc_check_time': 0.002380623991484754, 'experiment_id': 'exp_20240620_013617', 'client_id': '0'}
[2024-06-20 01:37:10,703][root][INFO] - Added data to batch for client 0: {'round': 4, 'step_no': 348, 'loss': 0.27408623695373535, 'accuracy': 0.939393937587738, 'l2_norm': 2.0446135997772217, 'computation_time': 0.03972601890563965, 'batch_time': 0.04374846525024623, 'rtc_check_time': 0.002960529993288219, 'experiment_id': 'exp_20240620_013617', 'client_id': '0'}
[2024-06-20 01:37:10,705][root][INFO] - Added data to batch for client 0: {'round': 4, 'step_no': 349, 'loss': 0.31964823603630066, 'accuracy': 0.9390624761581421, 'l2_norm': 2.080382823944092, 'computation_time': 0.03861188888549805, 'batch_time': 0.04102542455075309, 'rtc_check_time': 0.0013013129937462509, 'experiment_id': 'exp_20240620_013617', 'client_id': '0'}
[2024-06-20 01:37:10,706][root][INFO] - Added data to batch for client 0: {'round': 4, 'step_no': 350, 'loss': 0.1952054798603058, 'accuracy': 0.9390470385551453, 'l2_norm': 2.122194766998291, 'computation_time': 0.040209054946899414, 'batch_time': 0.053887157584540546, 'rtc_check_time': 0.012507228995673358, 'experiment_id': 'exp_20240620_013617', 'client_id': '0'}
[2024-06-20 01:37:10,707][root][INFO] - Added data to batch for client 0: {'round': 4, 'step_no': 351, 'loss': 0.363241970539093, 'accuracy': 0.9390318393707275, 'l2_norm': 2.1199731826782227, 'computation_time': 0.04467415809631348, 'batch_time': 0.04900427993561607, 'rtc_check_time': 0.003041231000679545, 'experiment_id': 'exp_20240620_013617', 'client_id': '0'}
[2024-06-20 01:37:10,708][root][INFO] - Added data to batch for client 0: {'round': 4, 'step_no': 352, 'loss': 0.053082432597875595, 'accuracy': 0.9396237730979919, 'l2_norm': 2.125572443008423, 'computation_time': 0.0425419807434082, 'batch_time': 0.0449564042937709, 'rtc_check_time': 0.0013575139892054722, 'experiment_id': 'exp_20240620_013617', 'client_id': '0'}
[2024-06-20 01:37:10,709][root][INFO] - Added data to batch for client 0: {'round': 4, 'step_no': 353, 'loss': 0.08708211779594421, 'accuracy': 0.9399038553237915, 'l2_norm': 2.1560823917388916, 'computation_time': 0.042546987533569336, 'batch_time': 0.04635622177738696, 'rtc_check_time': 0.0025742260040715337, 'experiment_id': 'exp_20240620_013617', 'client_id': '0'}
[2024-06-20 01:37:10,710][root][INFO] - Added data to batch for client 0: {'round': 4, 'step_no': 354, 'loss': 0.43125680088996887, 'accuracy': 0.9395833611488342, 'l2_norm': 2.172537326812744, 'computation_time': 0.0545659065246582, 'batch_time': 0.0608149167674128, 'rtc_check_time': 0.00479584900313057, 'experiment_id': 'exp_20240620_013617', 'client_id': '0'}
[2024-06-20 01:37:10,711][root][INFO] - Added data to batch for client 0: {'round': 4, 'step_no': 355, 'loss': 0.3705690801143646, 'accuracy': 0.9392688870429993, 'l2_norm': 2.2357912063598633, 'computation_time': 0.06038808822631836, 'batch_time': 0.06418460336863063, 'rtc_check_time': 0.002013621007790789, 'experiment_id': 'exp_20240620_013617', 'client_id': '0'}
[2024-06-20 01:37:10,712][root][INFO] - Added data to batch for client 0: {'round': 4, 'step_no': 356, 'loss': 0.2061862051486969, 'accuracy': 0.9389602541923523, 'l2_norm': 2.243788719177246, 'computation_time': 0.04143500328063965, 'batch_time': 0.04411865983274765, 'rtc_check_time': 0.0014627150085289031, 'experiment_id': 'exp_20240620_013617', 'client_id': '0'}
[2024-06-20 01:37:10,714][root][INFO] - Added data to batch for client 0: {'round': 4, 'step_no': 357, 'loss': 0.1550557017326355, 'accuracy': 0.9389467835426331, 'l2_norm': 2.246692180633545, 'computation_time': 0.039141178131103516, 'batch_time': 0.042601439214195125, 'rtc_check_time': 0.0024224250082625076, 'experiment_id': 'exp_20240620_013617', 'client_id': '0'}
[2024-06-20 01:37:10,715][root][INFO] - Added data to batch for client 0: {'round': 4, 'step_no': 358, 'loss': 0.44887685775756836, 'accuracy': 0.9386467933654785, 'l2_norm': 2.3010568618774414, 'computation_time': 0.04080605506896973, 'batch_time': 0.04744156981178094, 'rtc_check_time': 0.005504457003553398, 'experiment_id': 'exp_20240620_013617', 'client_id': '0'}
[2024-06-20 01:37:10,716][root][INFO] - Added data to batch for client 0: {'round': 4, 'step_no': 359, 'loss': 0.46967244148254395, 'accuracy': 0.9380682110786438, 'l2_norm': 2.3214921951293945, 'computation_time': 0.0372159481048584, 'batch_time': 0.04046556475805119, 'rtc_check_time': 0.0022325229947455227, 'experiment_id': 'exp_20240620_013617', 'client_id': '0'}
[2024-06-20 01:37:10,717][root][INFO] - Added data to batch for client 0: {'round': 4, 'step_no': 360, 'loss': 0.1742173731327057, 'accuracy': 0.9380630850791931, 'l2_norm': 2.354523181915283, 'computation_time': 0.043617963790893555, 'batch_time': 0.04744355028378777, 'rtc_check_time': 0.0026616269897203892, 'experiment_id': 'exp_20240620_013617', 'client_id': '0'}
[2024-06-20 01:37:10,719][root][INFO] - Added data to batch for client 0: {'round': 4, 'step_no': 361, 'loss': 0.23093494772911072, 'accuracy': 0.9383370280265808, 'l2_norm': 2.3671674728393555, 'computation_time': 0.0455169677734375, 'batch_time': 0.04884872418188024, 'rtc_check_time': 0.0018688200070755556, 'experiment_id': 'exp_20240620_013617', 'client_id': '0'}
[2024-06-20 01:37:10,720][root][INFO] - Added data to batch for client 0: {'round': 4, 'step_no': 362, 'loss': 0.1976306438446045, 'accuracy': 0.9380530714988708, 'l2_norm': 2.384206533432007, 'computation_time': 0.047058820724487305, 'batch_time': 0.05997544566344004, 'rtc_check_time': 0.01178032199095469, 'experiment_id': 'exp_20240620_013617', 'client_id': '0'}
[2024-06-20 01:37:10,721][root][INFO] - Added data to batch for client 0: {'round': 4, 'step_no': 363, 'loss': 0.3298342823982239, 'accuracy': 0.937774121761322, 'l2_norm': 2.401869773864746, 'computation_time': 0.041784048080444336, 'batch_time': 0.0458621924626641, 'rtc_check_time': 0.0028772299992851913, 'experiment_id': 'exp_20240620_013617', 'client_id': '0'}
[2024-06-20 01:37:10,722][root][INFO] - Added data to batch for client 0: {'round': 4, 'step_no': 364, 'loss': 0.12223134934902191, 'accuracy': 0.937771737575531, 'l2_norm': 2.4127120971679688, 'computation_time': 0.0394439697265625, 'batch_time': 0.04749107865791302, 'rtc_check_time': 0.006934171004104428, 'experiment_id': 'exp_20240620_013617', 'client_id': '0'}
[2024-06-20 01:37:10,723][root][INFO] - Added data to batch for client 0: {'round': 4, 'step_no': 365, 'loss': 0.042923565953969955, 'accuracy': 0.9383081793785095, 'l2_norm': 2.4221396446228027, 'computation_time': 0.0399169921875, 'batch_time': 0.04443214650382288, 'rtc_check_time': 0.003384334995644167, 'experiment_id': 'exp_20240620_013617', 'client_id': '0'}
[2024-06-20 01:37:10,724][root][INFO] - Added data to batch for client 0: {'round': 4, 'step_no': 366, 'loss': 0.2730103135108948, 'accuracy': 0.9383012652397156, 'l2_norm': 2.443638563156128, 'computation_time': 0.03951692581176758, 'batch_time': 0.04332067222276237, 'rtc_check_time': 0.002630727001815103, 'experiment_id': 'exp_20240620_013617', 'client_id': '0'}
[2024-06-20 01:37:10,725][root][INFO] - Added data to batch for client 0: {'round': 4, 'step_no': 367, 'loss': 0.25379395484924316, 'accuracy': 0.9382944703102112, 'l2_norm': 2.4765069484710693, 'computation_time': 0.04420113563537598, 'batch_time': 0.05750859121326357, 'rtc_check_time': 0.011988523998297751, 'experiment_id': 'exp_20240620_013617', 'client_id': '0'}
[2024-06-20 01:37:10,726][root][INFO] - Added data to batch for client 0: {'round': 4, 'step_no': 368, 'loss': 0.24723470211029053, 'accuracy': 0.9377626180648804, 'l2_norm': 2.498126983642578, 'computation_time': 0.05018806457519531, 'batch_time': 0.056818378216121346, 'rtc_check_time': 0.005333554989192635, 'experiment_id': 'exp_20240620_013617', 'client_id': '0'}
[2024-06-20 01:37:10,728][root][INFO] - Added data to batch for client 0: {'round': 4, 'step_no': 369, 'loss': 0.11407189071178436, 'accuracy': 0.9380208253860474, 'l2_norm': 2.519970655441284, 'computation_time': 0.05082416534423828, 'batch_time': 0.05466293288918678, 'rtc_check_time': 0.002409925000392832, 'experiment_id': 'exp_20240620_013617', 'client_id': '0'}
[2024-06-20 01:37:10,729][root][INFO] - Added data to batch for client 0: {'round': 4, 'step_no': 370, 'loss': 0.11050820350646973, 'accuracy': 0.9382748007774353, 'l2_norm': 2.542806386947632, 'computation_time': 0.04724407196044922, 'batch_time': 0.05031844190671109, 'rtc_check_time': 0.0017404179961886257, 'experiment_id': 'exp_20240620_013617', 'client_id': '0'}
[2024-06-20 01:37:10,730][root][INFO] - Added data to batch for client 0: {'round': 4, 'step_no': 371, 'loss': 0.16667023301124573, 'accuracy': 0.9380123019218445, 'l2_norm': 2.5932772159576416, 'computation_time': 0.05176591873168945, 'batch_time': 0.060491575684864074, 'rtc_check_time': 0.007504476991016418, 'experiment_id': 'exp_20240620_013617', 'client_id': '0'}
[2024-06-20 01:37:10,731][root][INFO] - Added data to batch for client 0: {'round': 4, 'step_no': 372, 'loss': 0.0731581449508667, 'accuracy': 0.9385162591934204, 'l2_norm': 2.5968198776245117, 'computation_time': 0.04298210144042969, 'batch_time': 0.04815345469978638, 'rtc_check_time': 0.0039642399933654815, 'experiment_id': 'exp_20240620_013617', 'client_id': '0'}
[2024-06-20 01:37:10,732][root][INFO] - Added data to batch for client 0: {'round': 4, 'step_no': 373, 'loss': 0.19625447690486908, 'accuracy': 0.9385080933570862, 'l2_norm': 2.6272125244140625, 'computation_time': 0.04108405113220215, 'batch_time': 0.046375014950172044, 'rtc_check_time': 0.0040459419979015365, 'experiment_id': 'exp_20240620_013617', 'client_id': '0'}
[2024-06-20 01:37:10,733][root][INFO] - Added data to batch for client 0: {'round': 4, 'step_no': 374, 'loss': 0.16249912977218628, 'accuracy': 0.9382500052452087, 'l2_norm': 2.643352746963501, 'computation_time': 0.038694143295288086, 'batch_time': 0.04198841036122758, 'rtc_check_time': 0.002215422995504923, 'experiment_id': 'exp_20240620_013617', 'client_id': '0'}
[2024-06-20 01:37:10,734][root][INFO] - Added data to batch for client 0: {'round': 4, 'step_no': 375, 'loss': 0.1515863835811615, 'accuracy': 0.9382440447807312, 'l2_norm': 2.7335317134857178, 'computation_time': 0.03991985321044922, 'batch_time': 0.0444715751655167, 'rtc_check_time': 0.0032895339973038062, 'experiment_id': 'exp_20240620_013617', 'client_id': '0'}
[2024-06-20 01:37:10,735][root][INFO] - Added data to batch for client 0: {'round': 4, 'step_no': 376, 'loss': 0.19924360513687134, 'accuracy': 0.9382382035255432, 'l2_norm': 2.7426071166992188, 'computation_time': 0.040296077728271484, 'batch_time': 0.044448480402934365, 'rtc_check_time': 0.0030504320020554587, 'experiment_id': 'exp_20240620_013617', 'client_id': '0'}
[2024-06-20 01:37:10,737][root][INFO] - Added data to batch for client 0: {'round': 4, 'step_no': 377, 'loss': 0.1072530746459961, 'accuracy': 0.9384765625, 'l2_norm': 2.751946210861206, 'computation_time': 0.0404820442199707, 'batch_time': 0.04512779283686541, 'rtc_check_time': 0.0034777359978761524, 'experiment_id': 'exp_20240620_013617', 'client_id': '0'}
[2024-06-20 01:37:10,738][root][INFO] - Added data to batch for client 0: {'round': 4, 'step_no': 378, 'loss': 0.2541233003139496, 'accuracy': 0.9384689927101135, 'l2_norm': 2.8028647899627686, 'computation_time': 0.04395890235900879, 'batch_time': 0.048789674110594206, 'rtc_check_time': 0.0027627289964584634, 'experiment_id': 'exp_20240620_013617', 'client_id': '0'}
[2024-06-20 01:37:10,739][root][INFO] - Added data to batch for client 0: {'round': 4, 'step_no': 379, 'loss': 0.11319895088672638, 'accuracy': 0.9389423131942749, 'l2_norm': 2.854858875274658, 'computation_time': 0.040376901626586914, 'batch_time': 0.04532685811864212, 'rtc_check_time': 0.0033189349924214184, 'experiment_id': 'exp_20240620_013617', 'client_id': '0'}
[2024-06-20 01:37:10,740][root][INFO] - Added data to batch for client 0: {'round': 4, 'step_no': 380, 'loss': 0.15886084735393524, 'accuracy': 0.9391698241233826, 'l2_norm': 2.859978675842285, 'computation_time': 0.04063892364501953, 'batch_time': 0.04485950659727678, 'rtc_check_time': 0.003094532003160566, 'experiment_id': 'exp_20240620_013617', 'client_id': '0'}
[2024-06-20 01:37:10,741][root][INFO] - Added data to batch for client 0: {'round': 4, 'step_no': 381, 'loss': 0.10320831090211868, 'accuracy': 0.939393937587738, 'l2_norm': 2.8757827281951904, 'computation_time': 0.04284191131591797, 'batch_time': 0.04647351386665832, 'rtc_check_time': 0.0024824249994708225, 'experiment_id': 'exp_20240620_013617', 'client_id': '0'}
[2024-06-20 01:37:10,742][root][INFO] - Added data to batch for client 0: {'round': 4, 'step_no': 382, 'loss': 0.09295323491096497, 'accuracy': 0.9396146535873413, 'l2_norm': 2.8856332302093506, 'computation_time': 0.04189491271972656, 'batch_time': 0.04544061195338145, 'rtc_check_time': 0.002218423003796488, 'experiment_id': 'exp_20240620_013617', 'client_id': '0'}
[2024-06-20 01:37:10,743][root][INFO] - Added data to batch for client 0: {'round': 4, 'step_no': 383, 'loss': 0.2004939317703247, 'accuracy': 0.9395988583564758, 'l2_norm': 2.9596550464630127, 'computation_time': 0.04636716842651367, 'batch_time': 0.049293657240923494, 'rtc_check_time': 0.0018996199942193925, 'experiment_id': 'exp_20240620_013617', 'client_id': '0'}
[2024-06-20 01:37:10,744][root][INFO] - Added data to batch for client 0: {'round': 4, 'step_no': 384, 'loss': 0.2471684366464615, 'accuracy': 0.9395833611488342, 'l2_norm': 2.9794445037841797, 'computation_time': 0.03968191146850586, 'batch_time': 0.045207800721982494, 'rtc_check_time': 0.004362645006040111, 'experiment_id': 'exp_20240620_013617', 'client_id': '0'}
[2024-06-20 01:37:10,745][root][INFO] - Added data to batch for client 0: {'round': 4, 'step_no': 385, 'loss': 0.15932625532150269, 'accuracy': 0.9397978186607361, 'l2_norm': 3.00052547454834, 'computation_time': 0.03906512260437012, 'batch_time': 0.05206988373538479, 'rtc_check_time': 0.011647920997347683, 'experiment_id': 'exp_20240620_013617', 'client_id': '0'}
[2024-06-20 01:37:10,747][root][INFO] - Added data to batch for client 0: {'round': 4, 'step_no': 386, 'loss': 0.15774059295654297, 'accuracy': 0.9400091171264648, 'l2_norm': 3.0548226833343506, 'computation_time': 0.046478986740112305, 'batch_time': 0.04970080259954557, 'rtc_check_time': 0.0019608199945650995, 'experiment_id': 'exp_20240620_013617', 'client_id': '0'}
[2024-06-20 01:37:10,748][root][INFO] - Added data to batch for client 0: {'round': 4, 'step_no': 387, 'loss': 0.142610102891922, 'accuracy': 0.9399909377098083, 'l2_norm': 3.1045279502868652, 'computation_time': 0.04458189010620117, 'batch_time': 0.04752487130463123, 'rtc_check_time': 0.0018367189913988113, 'experiment_id': 'exp_20240620_013617', 'client_id': '0'}
[2024-06-20 01:37:10,749][root][INFO] - Added data to batch for client 0: {'round': 4, 'step_no': 388, 'loss': 0.24357303977012634, 'accuracy': 0.939748227596283, 'l2_norm': 3.1483500003814697, 'computation_time': 0.04100203514099121, 'batch_time': 0.044485364109277725, 'rtc_check_time': 0.0023954249918460846, 'experiment_id': 'exp_20240620_013617', 'client_id': '0'}
[2024-06-20 01:37:10,750][root][INFO] - Added data to batch for client 0: {'round': 4, 'step_no': 389, 'loss': 0.0710352435708046, 'accuracy': 0.9399553537368774, 'l2_norm': 3.201618194580078, 'computation_time': 0.04147911071777344, 'batch_time': 0.044796594069339335, 'rtc_check_time': 0.002078421995975077, 'experiment_id': 'exp_20240620_013617', 'client_id': '0'}
[2024-06-20 01:37:10,752][root][INFO] - Added data to batch for client 0: {'round': 4, 'step_no': 390, 'loss': 0.2871902585029602, 'accuracy': 0.9392730593681335, 'l2_norm': 3.2620632648468018, 'computation_time': 0.03858590126037598, 'batch_time': 0.042464660276891664, 'rtc_check_time': 0.0027646289963740855, 'experiment_id': 'exp_20240620_013617', 'client_id': '0'}
[2024-06-20 01:37:10,753][root][INFO] - Added data to batch for client 0: {'round': 4, 'step_no': 391, 'loss': 0.4287849962711334, 'accuracy': 0.9386003613471985, 'l2_norm': 3.2859761714935303, 'computation_time': 0.046159982681274414, 'batch_time': 0.04982957617903594, 'rtc_check_time': 0.0018204189982498065, 'experiment_id': 'exp_20240620_013617', 'client_id': '0'}
[2024-06-20 01:37:10,754][root][INFO] - Added data to batch for client 0: {'round': 4, 'step_no': 392, 'loss': 0.4424706697463989, 'accuracy': 0.9377185106277466, 'l2_norm': 3.332914352416992, 'computation_time': 0.04137706756591797, 'batch_time': 0.044139478224678896, 'rtc_check_time': 0.0015374159993370995, 'experiment_id': 'exp_20240620_013617', 'client_id': '0'}
[2024-06-20 01:37:10,755][root][INFO] - Added data to batch for client 0: {'round': 4, 'step_no': 393, 'loss': 0.3609389662742615, 'accuracy': 0.9375, 'l2_norm': 3.4171080589294434, 'computation_time': 0.043659210205078125, 'batch_time': 0.04641271277796477, 'rtc_check_time': 0.001611715997569263, 'experiment_id': 'exp_20240620_013617', 'client_id': '0'}
[2024-06-20 01:37:10,756][root][INFO] - Added data to batch for client 0: {'round': 4, 'step_no': 394, 'loss': 0.16985884308815002, 'accuracy': 0.9375, 'l2_norm': 3.4288907051086426, 'computation_time': 0.040982961654663086, 'batch_time': 0.04454325817641802, 'rtc_check_time': 0.0023832239967305213, 'experiment_id': 'exp_20240620_013617', 'client_id': '0'}
[2024-06-20 01:37:10,757][root][INFO] - Added data to batch for client 0: {'round': 4, 'step_no': 395, 'loss': 0.1149943545460701, 'accuracy': 0.9375, 'l2_norm': 3.4399759769439697, 'computation_time': 0.0397951602935791, 'batch_time': 0.04224313118902501, 'rtc_check_time': 0.0013920150086050853, 'experiment_id': 'exp_20240620_013617', 'client_id': '0'}
[2024-06-20 01:37:10,759][root][INFO] - Added data to batch for client 0: {'round': 4, 'step_no': 396, 'loss': 0.04073593020439148, 'accuracy': 0.9379251599311829, 'l2_norm': 3.4478440284729004, 'computation_time': 0.04053997993469238, 'batch_time': 0.044940297841094434, 'rtc_check_time': 0.0032492330064997077, 'experiment_id': 'exp_20240620_013617', 'client_id': '0'}
[2024-06-20 01:37:10,760][root][INFO] - Added data to batch for client 0: {'round': 4, 'step_no': 397, 'loss': 0.6004772186279297, 'accuracy': 0.9375, 'l2_norm': 3.5257723331451416, 'computation_time': 0.04437398910522461, 'batch_time': 0.050010552193270996, 'rtc_check_time': 0.004493346001254395, 'experiment_id': 'exp_20240620_013617', 'client_id': '0'}
[2024-06-20 01:37:10,761][root][INFO] - Added data to batch for client 0: {'round': 4, 'step_no': 398, 'loss': 0.3468555808067322, 'accuracy': 0.9372902512550354, 'l2_norm': 3.5238704681396484, 'computation_time': 0.041799068450927734, 'batch_time': 0.04412593053712044, 'rtc_check_time': 0.0012759129895130172, 'experiment_id': 'exp_20240620_013617', 'client_id': '0'}
[2024-06-20 01:37:10,762][root][INFO] - Added data to batch for client 0: {'round': 4, 'step_no': 399, 'loss': 0.0986734926700592, 'accuracy': 0.93770831823349, 'l2_norm': 3.5429794788360596, 'computation_time': 0.042678117752075195, 'batch_time': 0.0457155959593365, 'rtc_check_time': 0.001951719998032786, 'experiment_id': 'exp_20240620_013617', 'client_id': '0'}
[2024-06-20 01:37:10,764][root][INFO] - Added data to batch for client 0: {'round': 4, 'step_no': 400, 'loss': 0.1806856095790863, 'accuracy': 0.9377069473266602, 'l2_norm': 3.584655284881592, 'computation_time': 0.040522098541259766, 'batch_time': 0.043195033504161984, 'rtc_check_time': 0.001503014995250851, 'experiment_id': 'exp_20240620_013617', 'client_id': '0'}
[2024-06-20 01:37:10,765][root][INFO] - Added data to batch for client 0: {'round': 4, 'step_no': 401, 'loss': 0.14342646300792694, 'accuracy': 0.9379112124443054, 'l2_norm': 3.6127262115478516, 'computation_time': 0.04806804656982422, 'batch_time': 0.05158262816257775, 'rtc_check_time': 0.0021005210001021624, 'experiment_id': 'exp_20240620_013617', 'client_id': '0'}
[2024-06-20 01:37:10,766][root][INFO] - Added data to batch for client 0: {'round': 4, 'step_no': 402, 'loss': 0.04832242429256439, 'accuracy': 0.9383170008659363, 'l2_norm': 3.6151585578918457, 'computation_time': 0.04160118103027344, 'batch_time': 0.044369279232341796, 'rtc_check_time': 0.0015593160060234368, 'experiment_id': 'exp_20240620_013617', 'client_id': '0'}
[2024-06-20 01:37:10,768][root][INFO] - Added data to batch for client 0: {'round': 4, 'step_no': 403, 'loss': 0.27332228422164917, 'accuracy': 0.9377028942108154, 'l2_norm': 3.658768653869629, 'computation_time': 0.040281057357788086, 'batch_time': 0.04599843987671193, 'rtc_check_time': 0.004468546001589857, 'experiment_id': 'exp_20240620_013617', 'client_id': '0'}
[2024-06-20 01:37:10,769][root][INFO] - Added data to batch for client 0: {'round': 4, 'step_no': 404, 'loss': 0.3084813356399536, 'accuracy': 0.9377016425132751, 'l2_norm': 3.6928317546844482, 'computation_time': 0.055177927017211914, 'batch_time': 0.05971767850860488, 'rtc_check_time': 0.0029087299917591736, 'experiment_id': 'exp_20240620_013617', 'client_id': '0'}
[2024-06-20 01:37:10,770][root][INFO] - Added data to batch for client 0: {'round': 4, 'step_no': 405, 'loss': 0.14780977368354797, 'accuracy': 0.9375, 'l2_norm': 3.699833869934082, 'computation_time': 0.06601309776306152, 'batch_time': 0.07212325310683809, 'rtc_check_time': 0.004209244012599811, 'experiment_id': 'exp_20240620_013617', 'client_id': '0'}
[2024-06-20 01:37:10,771][root][INFO] - Added data to batch for client 0: {'round': 4, 'step_no': 406, 'loss': 0.04464130848646164, 'accuracy': 0.9378980994224548, 'l2_norm': 3.7045094966888428, 'computation_time': 0.0974280834197998, 'batch_time': 0.1007703665381996, 'rtc_check_time': 0.001862418997916393, 'experiment_id': 'exp_20240620_013617', 'client_id': '0'}
[2024-06-20 01:37:10,772][root][INFO] - Added data to batch for client 0: {'round': 4, 'step_no': 407, 'loss': 0.16657745838165283, 'accuracy': 0.9376977682113647, 'l2_norm': 3.735031843185425, 'computation_time': 0.06935501098632812, 'batch_time': 0.07211916909727734, 'rtc_check_time': 0.0015463160088984296, 'experiment_id': 'exp_20240620_013617', 'client_id': '0'}
[2024-06-20 01:37:10,773][root][INFO] - Added data to batch for client 0: {'round': 4, 'step_no': 408, 'loss': 0.0655415877699852, 'accuracy': 0.9378930926322937, 'l2_norm': 3.750527858734131, 'computation_time': 0.06593585014343262, 'batch_time': 0.06904597656102851, 'rtc_check_time': 0.0015828169998712838, 'experiment_id': 'exp_20240620_013617', 'client_id': '0'}
[2024-06-20 01:37:10,774][root][INFO] - Added data to batch for client 0: {'round': 4, 'step_no': 409, 'loss': 0.2046414464712143, 'accuracy': 0.9380859136581421, 'l2_norm': 3.736626625061035, 'computation_time': 0.03767108917236328, 'batch_time': 0.04176814069796819, 'rtc_check_time': 0.0029302309994818643, 'experiment_id': 'exp_20240620_013617', 'client_id': '0'}
[2024-06-20 01:37:10,776][root][INFO] - Added data to batch for client 0: {'round': 4, 'step_no': 410, 'loss': 0.09406489878892899, 'accuracy': 0.9382764101028442, 'l2_norm': 3.7990283966064453, 'computation_time': 0.04144906997680664, 'batch_time': 0.04433725906710606, 'rtc_check_time': 0.0015063150058267638, 'experiment_id': 'exp_20240620_013617', 'client_id': '0'}
[2024-06-20 01:37:10,777][root][INFO] - Added data to batch for client 0: {'round': 4, 'step_no': 411, 'loss': 0.10404413938522339, 'accuracy': 0.9384645223617554, 'l2_norm': 3.8173325061798096, 'computation_time': 0.04942011833190918, 'batch_time': 0.05340376097592525, 'rtc_check_time': 0.0022198219958227128, 'experiment_id': 'exp_20240620_013617', 'client_id': '0'}
[2024-06-20 01:37:10,781][root][INFO] - Added data to batch for client 0: {'round': 4, 'step_no': 412, 'loss': 0.33169832825660706, 'accuracy': 0.9378834366798401, 'l2_norm': 3.9166643619537354, 'computation_time': 0.05207204818725586, 'batch_time': 0.05531973336474039, 'rtc_check_time': 0.0018646190001163632, 'experiment_id': 'exp_20240620_013617', 'client_id': '0'}
[2024-06-20 01:37:10,782][root][INFO] - Added data to batch for client 0: {'round': 4, 'step_no': 413, 'loss': 0.011925906874239445, 'accuracy': 0.9382622241973877, 'l2_norm': 3.917748212814331, 'computation_time': 0.04487204551696777, 'batch_time': 0.056682601090869866, 'rtc_check_time': 0.010617509004077874, 'experiment_id': 'exp_20240620_013617', 'client_id': '0'}
[2024-06-20 01:37:10,783][root][INFO] - Added data to batch for client 0: {'round': 4, 'step_no': 414, 'loss': 0.15167781710624695, 'accuracy': 0.9384469985961914, 'l2_norm': 3.9191060066223145, 'computation_time': 0.04642295837402344, 'batch_time': 0.0499414692458231, 'rtc_check_time': 0.002090622001560405, 'experiment_id': 'exp_20240620_013617', 'client_id': '0'}
[2024-06-20 01:37:10,784][root][INFO] - Added data to batch for client 0: {'round': 4, 'step_no': 415, 'loss': 0.15062661468982697, 'accuracy': 0.9386295080184937, 'l2_norm': 3.9143857955932617, 'computation_time': 0.04796886444091797, 'batch_time': 0.06278948405815754, 'rtc_check_time': 0.01335243800713215, 'experiment_id': 'exp_20240620_013617', 'client_id': '0'}
[2024-06-20 01:37:10,785][root][INFO] - Added data to batch for client 0: {'round': 4, 'step_no': 416, 'loss': 0.1262338012456894, 'accuracy': 0.938809871673584, 'l2_norm': 3.9288692474365234, 'computation_time': 0.04355311393737793, 'batch_time': 0.06141481248778291, 'rtc_check_time': 0.016722772998036817, 'experiment_id': 'exp_20240620_013617', 'client_id': '0'}
[2024-06-20 01:37:10,786][root][INFO] - Added data to batch for client 0: {'round': 4, 'step_no': 417, 'loss': 0.1627451330423355, 'accuracy': 0.9386160969734192, 'l2_norm': 3.944131374359131, 'computation_time': 0.04343104362487793, 'batch_time': 0.049586150867980905, 'rtc_check_time': 0.004930351002258249, 'experiment_id': 'exp_20240620_013617', 'client_id': '0'}
[2024-06-20 01:37:10,787][root][INFO] - Added data to batch for client 0: {'round': 4, 'step_no': 418, 'loss': 0.05802144110202789, 'accuracy': 0.9389792680740356, 'l2_norm': 3.9458906650543213, 'computation_time': 0.05025506019592285, 'batch_time': 0.05272893722576555, 'rtc_check_time': 0.0014520149998134002, 'experiment_id': 'exp_20240620_013617', 'client_id': '0'}
[2024-06-20 01:37:10,788][root][INFO] - Added data to batch for client 0: {'round': 4, 'step_no': 419, 'loss': 0.18095463514328003, 'accuracy': 0.9391543865203857, 'l2_norm': 4.000943660736084, 'computation_time': 0.04054617881774902, 'batch_time': 0.04368087084731087, 'rtc_check_time': 0.002071822003927082, 'experiment_id': 'exp_20240620_013617', 'client_id': '0'}
[2024-06-20 01:37:10,789][root][INFO] - Added data to batch for client 0: {'round': 4, 'step_no': 420, 'loss': 0.35030317306518555, 'accuracy': 0.9391447305679321, 'l2_norm': 4.051670074462891, 'computation_time': 0.04129505157470703, 'batch_time': 0.04375407633779105, 'rtc_check_time': 0.0013661139964824542, 'experiment_id': 'exp_20240620_013617', 'client_id': '0'}
[2024-06-20 01:37:10,790][root][INFO] - Added data to batch for client 0: {'round': 4, 'step_no': 421, 'loss': 0.35868197679519653, 'accuracy': 0.9387717843055725, 'l2_norm': 4.1155900955200195, 'computation_time': 0.04442095756530762, 'batch_time': 0.050120133586460724, 'rtc_check_time': 0.004377145000034943, 'experiment_id': 'exp_20240620_013617', 'client_id': '0'}
[2024-06-20 01:37:10,791][root][INFO] - Added data to batch for client 0: {'round': 4, 'step_no': 422, 'loss': 0.1428355872631073, 'accuracy': 0.9389451146125793, 'l2_norm': 4.11429500579834, 'computation_time': 0.04201793670654297, 'batch_time': 0.04659508497570641, 'rtc_check_time': 0.0033700350031722337, 'experiment_id': 'exp_20240620_013617', 'client_id': '0'}
[2024-06-20 01:37:10,792][root][INFO] - Added data to batch for client 0: {'round': 4, 'step_no': 423, 'loss': 0.21674776077270508, 'accuracy': 0.9387571811676025, 'l2_norm': 4.163790225982666, 'computation_time': 0.04303312301635742, 'batch_time': 0.04799927046406083, 'rtc_check_time': 0.0036951380025129765, 'experiment_id': 'exp_20240620_013617', 'client_id': '0'}
[2024-06-20 01:37:10,793][root][INFO] - Added data to batch for client 0: {'round': 4, 'step_no': 424, 'loss': 0.22110044956207275, 'accuracy': 0.9387500286102295, 'l2_norm': 4.21929407119751, 'computation_time': 0.04339003562927246, 'batch_time': 0.04844581143697724, 'rtc_check_time': 0.0037287379964254797, 'experiment_id': 'exp_20240620_013617', 'client_id': '0'}
[2024-06-20 01:37:10,794][root][INFO] - Added data to batch for client 0: {'round': 4, 'step_no': 425, 'loss': 0.1460767388343811, 'accuracy': 0.9387428760528564, 'l2_norm': 4.255777835845947, 'computation_time': 0.04846501350402832, 'batch_time': 0.05243816373695154, 'rtc_check_time': 0.0024482250009896234, 'experiment_id': 'exp_20240620_013617', 'client_id': '0'}
[2024-06-20 01:37:10,795][root][INFO] - Added data to batch for client 0: {'round': 4, 'step_no': 426, 'loss': 0.19474723935127258, 'accuracy': 0.9385592937469482, 'l2_norm': 4.335932731628418, 'computation_time': 0.04112696647644043, 'batch_time': 0.04594922212709207, 'rtc_check_time': 0.0036821380053879693, 'experiment_id': 'exp_20240620_013617', 'client_id': '0'}
[2024-06-20 01:37:10,796][root][INFO] - Added data to batch for client 0: {'round': 4, 'step_no': 427, 'loss': 0.2022995501756668, 'accuracy': 0.938728928565979, 'l2_norm': 4.387638092041016, 'computation_time': 0.04009699821472168, 'batch_time': 0.04243089993542526, 'rtc_check_time': 0.0012467130000004545, 'experiment_id': 'exp_20240620_013617', 'client_id': '0'}
[2024-06-20 01:37:10,797][root][INFO] - Added data to batch for client 0: {'round': 4, 'step_no': 428, 'loss': 0.15304920077323914, 'accuracy': 0.9387220740318298, 'l2_norm': 4.367449760437012, 'computation_time': 0.04180192947387695, 'batch_time': 0.04488868091721088, 'rtc_check_time': 0.0019006190123036504, 'experiment_id': 'exp_20240620_013617', 'client_id': '0'}
[2024-06-20 01:37:10,798][root][INFO] - Added data to batch for client 0: {'round': 4, 'step_no': 429, 'loss': 0.12495754659175873, 'accuracy': 0.9388889074325562, 'l2_norm': 4.392651081085205, 'computation_time': 0.042510986328125, 'batch_time': 0.04526096621702891, 'rtc_check_time': 0.0014451150054810569, 'experiment_id': 'exp_20240620_013617', 'client_id': '0'}
[2024-06-20 01:37:10,799][root][INFO] - Added data to batch for client 0: {'round': 4, 'step_no': 430, 'loss': 0.11532410234212875, 'accuracy': 0.9390538930892944, 'l2_norm': 4.370325088500977, 'computation_time': 0.04744410514831543, 'batch_time': 0.05162778968224302, 'rtc_check_time': 0.0024649249971844256, 'experiment_id': 'exp_20240620_013617', 'client_id': '0'}
[2024-06-20 01:37:10,800][root][INFO] - Added data to batch for client 0: {'round': 4, 'step_no': 431, 'loss': 0.19834740459918976, 'accuracy': 0.9390453100204468, 'l2_norm': 4.445814609527588, 'computation_time': 0.04386186599731445, 'batch_time': 0.04726624823524617, 'rtc_check_time': 0.0021591219992842525, 'experiment_id': 'exp_20240620_013617', 'client_id': '0'}
[2024-06-20 01:37:10,801][root][INFO] - Added data to batch for client 0: {'round': 4, 'step_no': 432, 'loss': 0.43784648180007935, 'accuracy': 0.9386953711509705, 'l2_norm': 4.491481781005859, 'computation_time': 0.040962934494018555, 'batch_time': 0.049307478198898025, 'rtc_check_time': 0.0073114760016324, 'experiment_id': 'exp_20240620_013617', 'client_id': '0'}
[2024-06-20 01:37:10,802][root][INFO] - Added data to batch for client 0: {'round': 4, 'step_no': 433, 'loss': 0.38363170623779297, 'accuracy': 0.9386888742446899, 'l2_norm': 4.514680862426758, 'computation_time': 0.04120802879333496, 'batch_time': 0.04427142001804896, 'rtc_check_time': 0.0019645199936348945, 'experiment_id': 'exp_20240620_013617', 'client_id': '0'}
[2024-06-20 01:37:10,803][root][INFO] - Added data to batch for client 0: {'round': 4, 'step_no': 434, 'loss': 0.18367524445056915, 'accuracy': 0.9386824369430542, 'l2_norm': 4.566646575927734, 'computation_time': 0.040528059005737305, 'batch_time': 0.04371970344800502, 'rtc_check_time': 0.0018386190058663487, 'experiment_id': 'exp_20240620_013617', 'client_id': '0'}
[2024-06-20 01:37:10,804][root][INFO] - Added data to batch for client 0: {'round': 4, 'step_no': 435, 'loss': 0.11683537065982819, 'accuracy': 0.9388440847396851, 'l2_norm': 4.586055278778076, 'computation_time': 0.04131293296813965, 'batch_time': 0.04507058516901452, 'rtc_check_time': 0.002579626001534052, 'experiment_id': 'exp_20240620_013617', 'client_id': '0'}
[2024-06-20 01:37:10,805][root][INFO] - Added data to batch for client 0: {'round': 4, 'step_no': 436, 'loss': 0.2096163034439087, 'accuracy': 0.9388368725776672, 'l2_norm': 4.617626667022705, 'computation_time': 0.0469820499420166, 'batch_time': 0.05149511311901733, 'rtc_check_time': 0.0032661340082995594, 'experiment_id': 'exp_20240620_013617', 'client_id': '0'}
[2024-06-20 01:37:10,806][root][INFO] - Added data to batch for client 0: {'round': 4, 'step_no': 437, 'loss': 0.09745322167873383, 'accuracy': 0.9389960169792175, 'l2_norm': 4.622992515563965, 'computation_time': 0.05203604698181152, 'batch_time': 0.0546960678184405, 'rtc_check_time': 0.0014970150077715516, 'experiment_id': 'exp_20240620_013617', 'client_id': '0'}
[2024-06-20 01:37:10,807][root][INFO] - Added data to batch for client 0: {'round': 4, 'step_no': 438, 'loss': 0.1243651956319809, 'accuracy': 0.9389880895614624, 'l2_norm': 4.66110372543335, 'computation_time': 0.04357600212097168, 'batch_time': 0.04716265472234227, 'rtc_check_time': 0.0023366239911410958, 'experiment_id': 'exp_20240620_013617', 'client_id': '0'}
[2024-06-20 01:37:10,808][root][INFO] - Added data to batch for client 0: {'round': 4, 'step_no': 439, 'loss': 0.07281332463026047, 'accuracy': 0.9393092393875122, 'l2_norm': 4.702513694763184, 'computation_time': 0.04297208786010742, 'batch_time': 0.04567413740733173, 'rtc_check_time': 0.0015221159992506728, 'experiment_id': 'exp_20240620_013617', 'client_id': '0'}
[2024-06-20 01:37:10,809][root][INFO] - Added data to batch for client 0: {'round': 4, 'step_no': 440, 'loss': 0.1359628140926361, 'accuracy': 0.9394633769989014, 'l2_norm': 4.736597061157227, 'computation_time': 0.04100394248962402, 'batch_time': 0.045175018851296045, 'rtc_check_time': 0.0030140309972921386, 'experiment_id': 'exp_20240620_013617', 'client_id': '0'}
[2024-06-20 01:37:10,810][root][INFO] - Added data to batch for client 0: {'round': 4, 'step_no': 441, 'loss': 0.04931514337658882, 'accuracy': 0.9396159052848816, 'l2_norm': 4.758620738983154, 'computation_time': 0.04453706741333008, 'batch_time': 0.04857826518127695, 'rtc_check_time': 0.0024812250048853457, 'experiment_id': 'exp_20240620_013617', 'client_id': '0'}
[2024-06-20 01:37:10,811][root][INFO] - Added data to batch for client 0: {'round': 4, 'step_no': 442, 'loss': 0.03229512274265289, 'accuracy': 0.9399287700653076, 'l2_norm': 4.7838592529296875, 'computation_time': 0.04351210594177246, 'batch_time': 0.04736276176117826, 'rtc_check_time': 0.0025646260037319735, 'experiment_id': 'exp_20240620_013617', 'client_id': '0'}
[2024-06-20 01:37:10,812][root][INFO] - Added data to batch for client 0: {'round': 4, 'step_no': 443, 'loss': 0.2558874785900116, 'accuracy': 0.9397551417350769, 'l2_norm': 4.841360569000244, 'computation_time': 0.04151511192321777, 'batch_time': 0.04568205610848963, 'rtc_check_time': 0.003002031007781625, 'experiment_id': 'exp_20240620_013617', 'client_id': '0'}
[2024-06-20 01:37:10,813][root][INFO] - Added data to batch for client 0: {'round': 4, 'step_no': 444, 'loss': 0.482046902179718, 'accuracy': 0.9394230842590332, 'l2_norm': 4.946192741394043, 'computation_time': 0.0428469181060791, 'batch_time': 0.04594349881517701, 'rtc_check_time': 0.0018966200004797429, 'experiment_id': 'exp_20240620_013617', 'client_id': '0'}
[2024-06-20 01:37:10,814][root][INFO] - Added data to batch for client 0: {'round': 4, 'step_no': 445, 'loss': 0.05186223238706589, 'accuracy': 0.9397321343421936, 'l2_norm': 4.9428510665893555, 'computation_time': 0.04644298553466797, 'batch_time': 0.0514613071718486, 'rtc_check_time': 0.0031622329988749698, 'experiment_id': 'exp_20240620_013617', 'client_id': '0'}
[2024-06-20 01:37:10,815][root][INFO] - Added data to batch for client 0: {'round': 4, 'step_no': 446, 'loss': 0.08729198575019836, 'accuracy': 0.9400380849838257, 'l2_norm': 4.987054824829102, 'computation_time': 0.04118609428405762, 'batch_time': 0.043743421250837855, 'rtc_check_time': 0.0014284149947343394, 'experiment_id': 'exp_20240620_013617', 'client_id': '0'}
[2024-06-20 01:37:10,816][root][INFO] - Added data to batch for client 0: {'round': 4, 'step_no': 447, 'loss': 0.29517215490341187, 'accuracy': 0.940025269985199, 'l2_norm': 5.0366339683532715, 'computation_time': 0.03835415840148926, 'batch_time': 0.04335323548002634, 'rtc_check_time': 0.003961241003707983, 'experiment_id': 'exp_20240620_013617', 'client_id': '0'}
[2024-06-20 01:37:10,817][root][INFO] - Added data to batch for client 0: {'round': 4, 'step_no': 448, 'loss': 0.1371101438999176, 'accuracy': 0.9400125741958618, 'l2_norm': 5.070587635040283, 'computation_time': 0.043940067291259766, 'batch_time': 0.047446403608773835, 'rtc_check_time': 0.0017723179917084053, 'experiment_id': 'exp_20240620_013617', 'client_id': '0'}
[2024-06-20 01:37:10,818][root][INFO] - Added data to batch for client 0: {'round': 4, 'step_no': 449, 'loss': 0.17923906445503235, 'accuracy': 0.9399999976158142, 'l2_norm': 5.106169700622559, 'computation_time': 0.03985595703125, 'batch_time': 0.045579989833640866, 'rtc_check_time': 0.004615147990989499, 'experiment_id': 'exp_20240620_013617', 'client_id': '0'}
[2024-06-20 01:37:10,819][root][INFO] - Added data to batch for client 0: {'round': 4, 'step_no': 450, 'loss': 0.11567481607198715, 'accuracy': 0.9401430487632751, 'l2_norm': 5.154660224914551, 'computation_time': 0.03972196578979492, 'batch_time': 0.04394467468955554, 'rtc_check_time': 0.003112631995463744, 'experiment_id': 'exp_20240620_013617', 'client_id': '0'}
[2024-06-20 01:37:10,819][root][INFO] - Added batch data list for client 0. New Data Added: 201
[2024-06-20 01:37:10,824][root][INFO] - Batch data saved to /home/psklavos/fl/geom_aio/csv_logs/exp_20240620_013617/clients/client_0/batch.csv
[2024-06-20 01:37:10,824][root][INFO] - Appended data to last row of column distributed_loss in server data for client None
[2024-06-20 01:37:10,824][root][INFO] - Appended data to last row of column distributed_acc in server data for client None
[2024-06-20 01:37:10,824][root][INFO] - Appended {'distributed_loss': 0.13806318740049997, 'distributed_acc': 0.9575000007947286} to the last row of server data
[2024-06-20 01:37:10,825][root][INFO] - Server data saved to /home/psklavos/fl/geom_aio/csv_logs/exp_20240620_013617/server/server.csv
[2024-06-20 01:37:15,060][flwr][DEBUG] - fit_round 5: strategy sampled 3 clients (out of 3)
[2024-06-20 01:37:27,246][flwr][DEBUG] - fit_round 5 received 3 results and 0 failures
[2024-06-20 01:37:27,252][root][INFO] - Added data to server for client None: {'round': 5, 'average_norm': 5.034761905670166, 'round_time': 13.4493352994906, 'average_downlink_time': 0.6992536893333333, 'average_rtc_check_time': 0.7969379160592022, 'average_uplink_time': 0.39175153599999996, 'average_computation_time': 10.702978134155273, 'average_communication_time': 1.8879431413925356, 'average_fit_time': 12.16527501742045, 'average_throughput': 6.170474571227094, 'dropouts': 0, 'experiment_id': 'exp_20240620_013617'}
[2024-06-20 01:37:27,252][root][INFO] - Added server data: {'round': 5, 'average_norm': 5.034761905670166, 'round_time': 13.4493352994906, 'average_downlink_time': 0.6992536893333333, 'average_rtc_check_time': 0.7969379160592022, 'average_uplink_time': 0.39175153599999996, 'average_computation_time': 10.702978134155273, 'average_communication_time': 1.8879431413925356, 'average_fit_time': 12.16527501742045, 'average_throughput': 6.170474571227094, 'dropouts': 0, 'experiment_id': 'exp_20240620_013617'}
[2024-06-20 01:37:27,318][utils.model][INFO] - LeNet model built
[2024-06-20 01:37:27,442][utils.model][INFO] - Size of serialized model: 279.0341796875 kbytes
[2024-06-20 01:37:27,476][utils.model][INFO] - Step 1/40 - val_loss: 0.0501 - val_accuracy: 0.9883
[2024-06-20 01:37:27,496][utils.model][INFO] - Step 2/40 - val_loss: 0.0768 - val_accuracy: 0.9824
[2024-06-20 01:37:27,516][utils.model][INFO] - Step 3/40 - val_loss: 0.0994 - val_accuracy: 0.9688
[2024-06-20 01:37:27,539][utils.model][INFO] - Step 4/40 - val_loss: 0.1023 - val_accuracy: 0.9678
[2024-06-20 01:37:27,560][utils.model][INFO] - Step 5/40 - val_loss: 0.1170 - val_accuracy: 0.9602
[2024-06-20 01:37:27,581][utils.model][INFO] - Step 6/40 - val_loss: 0.1231 - val_accuracy: 0.9590
[2024-06-20 01:37:27,602][utils.model][INFO] - Step 7/40 - val_loss: 0.1265 - val_accuracy: 0.9598
[2024-06-20 01:37:27,626][utils.model][INFO] - Step 8/40 - val_loss: 0.1253 - val_accuracy: 0.9614
[2024-06-20 01:37:27,649][utils.model][INFO] - Step 9/40 - val_loss: 0.1306 - val_accuracy: 0.9592
[2024-06-20 01:37:27,674][utils.model][INFO] - Step 10/40 - val_loss: 0.1274 - val_accuracy: 0.9586
[2024-06-20 01:37:27,703][utils.model][INFO] - Step 11/40 - val_loss: 0.1235 - val_accuracy: 0.9595
[2024-06-20 01:37:27,728][utils.model][INFO] - Step 12/40 - val_loss: 0.1224 - val_accuracy: 0.9596
[2024-06-20 01:37:27,757][utils.model][INFO] - Step 13/40 - val_loss: 0.1217 - val_accuracy: 0.9603
[2024-06-20 01:37:27,785][utils.model][INFO] - Step 14/40 - val_loss: 0.1239 - val_accuracy: 0.9601
[2024-06-20 01:37:27,813][utils.model][INFO] - Step 15/40 - val_loss: 0.1287 - val_accuracy: 0.9583
[2024-06-20 01:37:27,839][utils.model][INFO] - Step 16/40 - val_loss: 0.1289 - val_accuracy: 0.9578
[2024-06-20 01:37:27,863][utils.model][INFO] - Step 17/40 - val_loss: 0.1280 - val_accuracy: 0.9575
[2024-06-20 01:37:27,889][utils.model][INFO] - Step 18/40 - val_loss: 0.1284 - val_accuracy: 0.9568
[2024-06-20 01:37:27,915][utils.model][INFO] - Step 19/40 - val_loss: 0.1274 - val_accuracy: 0.9568
[2024-06-20 01:37:27,940][utils.model][INFO] - Step 20/40 - val_loss: 0.1257 - val_accuracy: 0.9576
[2024-06-20 01:37:27,964][utils.model][INFO] - Step 21/40 - val_loss: 0.1216 - val_accuracy: 0.9589
[2024-06-20 01:37:27,988][utils.model][INFO] - Step 22/40 - val_loss: 0.1183 - val_accuracy: 0.9602
[2024-06-20 01:37:28,010][utils.model][INFO] - Step 23/40 - val_loss: 0.1197 - val_accuracy: 0.9599
[2024-06-20 01:37:28,031][utils.model][INFO] - Step 24/40 - val_loss: 0.1232 - val_accuracy: 0.9593
[2024-06-20 01:37:28,053][utils.model][INFO] - Step 25/40 - val_loss: 0.1199 - val_accuracy: 0.9602
[2024-06-20 01:37:28,074][utils.model][INFO] - Step 26/40 - val_loss: 0.1194 - val_accuracy: 0.9608
[2024-06-20 01:37:28,095][utils.model][INFO] - Step 27/40 - val_loss: 0.1162 - val_accuracy: 0.9620
[2024-06-20 01:37:28,116][utils.model][INFO] - Step 28/40 - val_loss: 0.1127 - val_accuracy: 0.9630
[2024-06-20 01:37:28,137][utils.model][INFO] - Step 29/40 - val_loss: 0.1098 - val_accuracy: 0.9639
[2024-06-20 01:37:28,158][utils.model][INFO] - Step 30/40 - val_loss: 0.1075 - val_accuracy: 0.9647
[2024-06-20 01:37:28,181][utils.model][INFO] - Step 31/40 - val_loss: 0.1087 - val_accuracy: 0.9642
[2024-06-20 01:37:28,206][utils.model][INFO] - Step 32/40 - val_loss: 0.1074 - val_accuracy: 0.9647
[2024-06-20 01:37:28,231][utils.model][INFO] - Step 33/40 - val_loss: 0.1050 - val_accuracy: 0.9656
[2024-06-20 01:37:28,253][utils.model][INFO] - Step 34/40 - val_loss: 0.1027 - val_accuracy: 0.9661
[2024-06-20 01:37:28,275][utils.model][INFO] - Step 35/40 - val_loss: 0.1000 - val_accuracy: 0.9671
[2024-06-20 01:37:28,297][utils.model][INFO] - Step 36/40 - val_loss: 0.1001 - val_accuracy: 0.9671
[2024-06-20 01:37:28,319][utils.model][INFO] - Step 37/40 - val_loss: 0.0978 - val_accuracy: 0.9679
[2024-06-20 01:37:28,339][utils.model][INFO] - Step 38/40 - val_loss: 0.0972 - val_accuracy: 0.9680
[2024-06-20 01:37:28,365][utils.model][INFO] - Step 39/40 - val_loss: 0.1005 - val_accuracy: 0.9671
[2024-06-20 01:37:28,376][utils.model][INFO] - Step 40/40 - val_loss: 0.0984 - val_accuracy: 0.9672
[2024-06-20 01:37:28,380][utils.model][INFO] - Evaluation Results - Val Loss: 0.0984, Val Accuracy: 0.9672 in 40 steps
[2024-06-20 01:37:28,382][root][INFO] - Appended data to last row of column centralized_loss in server data for client None
[2024-06-20 01:37:28,382][root][INFO] - Appended data to last row of column centralized_acc in server data for client None
[2024-06-20 01:37:28,382][root][INFO] - Appended {'centralized_loss': 0.09841588, 'centralized_acc': 0.9672} to the last row of server data
[2024-06-20 01:37:28,383][flwr][INFO] - fit progress: (5, 0.09841588, {'accuracy': 0.9672}, 65.21635840799718)
[2024-06-20 01:37:28,383][flwr][DEBUG] - evaluate_round 5: strategy sampled 3 clients (out of 3)
[2024-06-20 01:37:28,938][flwr][DEBUG] - evaluate_round 5 received 3 results and 0 failures
[2024-06-20 01:37:28,940][root][INFO] - Added data to epoch for client 0: {'round': 5, 'epoch_steps': 232, 'total_steps': 682, 'l2_norm': 4.901121139526367, 'total_computation_time': 10.719037294387817, 'total_rtc_check_time': 0.777792411055998, 'total_duration': 12.162691116333008, 'val_loss': 0.11092773079872131, 'val_accuracy': 0.9649999737739563, 'experiment_id': 'exp_20240620_013617', 'client_id': '0'}
[2024-06-20 01:37:28,940][root][INFO] - Added epoch data for client 0: {'round': 5, 'epoch_steps': 232, 'total_steps': 682, 'l2_norm': 4.901121139526367, 'total_computation_time': 10.719037294387817, 'total_rtc_check_time': 0.777792411055998, 'total_duration': 12.162691116333008, 'val_loss': 0.11092773079872131, 'val_accuracy': 0.9649999737739563, 'experiment_id': 'exp_20240620_013617', 'client_id': '0'}
[2024-06-20 01:37:28,941][root][INFO] - Epoch data saved to /home/psklavos/fl/geom_aio/csv_logs/exp_20240620_013617/clients/client_0/epoch.csv
[2024-06-20 01:37:28,942][root][INFO] - Added data to batch for client 0: {'round': 5, 'step_no': 451, 'loss': 0.17569608986377716, 'accuracy': 0.96875, 'l2_norm': 0.04805465042591095, 'computation_time': 0.03986096382141113, 'batch_time': 0.04232396886800416, 'rtc_check_time': 0.001346014003502205, 'experiment_id': 'exp_20240620_013617', 'client_id': '0'}
[2024-06-20 01:37:28,943][root][INFO] - Added data to batch for client 0: {'round': 5, 'step_no': 452, 'loss': 0.16988521814346313, 'accuracy': 0.96875, 'l2_norm': 0.10962271690368652, 'computation_time': 0.04522299766540527, 'batch_time': 0.049758554887375794, 'rtc_check_time': 0.0032185329910134897, 'experiment_id': 'exp_20240620_013617', 'client_id': '0'}
[2024-06-20 01:37:28,944][root][INFO] - Added data to batch for client 0: {'round': 5, 'step_no': 453, 'loss': 0.08311358094215393, 'accuracy': 0.96875, 'l2_norm': 0.0932072326540947, 'computation_time': 0.04842400550842285, 'batch_time': 0.051838354411302134, 'rtc_check_time': 0.0016703169967513531, 'experiment_id': 'exp_20240620_013617', 'client_id': '0'}
[2024-06-20 01:37:28,946][root][INFO] - Added data to batch for client 0: {'round': 5, 'step_no': 454, 'loss': 0.16553936898708344, 'accuracy': 0.953125, 'l2_norm': 0.08736328035593033, 'computation_time': 0.04008197784423828, 'batch_time': 0.043546309520024806, 'rtc_check_time': 0.0024341249954886734, 'experiment_id': 'exp_20240620_013617', 'client_id': '0'}
[2024-06-20 01:37:28,947][root][INFO] - Added data to batch for client 0: {'round': 5, 'step_no': 455, 'loss': 0.04566316679120064, 'accuracy': 0.9624999761581421, 'l2_norm': 0.08721961081027985, 'computation_time': 0.054505109786987305, 'batch_time': 0.05994330385874491, 'rtc_check_time': 0.0032583330030320212, 'experiment_id': 'exp_20240620_013617', 'client_id': '0'}
[2024-06-20 01:37:28,948][root][INFO] - Added data to batch for client 0: {'round': 5, 'step_no': 456, 'loss': 0.21498063206672668, 'accuracy': 0.9583333134651184, 'l2_norm': 0.1322554498910904, 'computation_time': 0.04419517517089844, 'batch_time': 0.04744157900859136, 'rtc_check_time': 0.0019985209946753457, 'experiment_id': 'exp_20240620_013617', 'client_id': '0'}
[2024-06-20 01:37:28,950][root][INFO] - Added data to batch for client 0: {'round': 5, 'step_no': 457, 'loss': 0.21380145847797394, 'accuracy': 0.9508928656578064, 'l2_norm': 0.15552976727485657, 'computation_time': 0.045481204986572266, 'batch_time': 0.04821048783196602, 'rtc_check_time': 0.001563415993587114, 'experiment_id': 'exp_20240620_013617', 'client_id': '0'}
[2024-06-20 01:37:28,952][root][INFO] - Added data to batch for client 0: {'round': 5, 'step_no': 458, 'loss': 0.1602623462677002, 'accuracy': 0.94921875, 'l2_norm': 0.17677035927772522, 'computation_time': 0.040483951568603516, 'batch_time': 0.045121746516088024, 'rtc_check_time': 0.0034707360027823597, 'experiment_id': 'exp_20240620_013617', 'client_id': '0'}
[2024-06-20 01:37:28,954][root][INFO] - Added data to batch for client 0: {'round': 5, 'step_no': 459, 'loss': 0.11934523284435272, 'accuracy': 0.9513888955116272, 'l2_norm': 0.18208199739456177, 'computation_time': 0.04064011573791504, 'batch_time': 0.04438315592415165, 'rtc_check_time': 0.002578127008746378, 'experiment_id': 'exp_20240620_013617', 'client_id': '0'}
[2024-06-20 01:37:28,955][root][INFO] - Added data to batch for client 0: {'round': 5, 'step_no': 460, 'loss': 0.184495210647583, 'accuracy': 0.949999988079071, 'l2_norm': 0.23277141153812408, 'computation_time': 0.040136098861694336, 'batch_time': 0.04353042486764025, 'rtc_check_time': 0.0023753249988658354, 'experiment_id': 'exp_20240620_013617', 'client_id': '0'}
[2024-06-20 01:37:28,956][root][INFO] - Added data to batch for client 0: {'round': 5, 'step_no': 461, 'loss': 0.059256456792354584, 'accuracy': 0.9517045617103577, 'l2_norm': 0.24627463519573212, 'computation_time': 0.04344606399536133, 'batch_time': 0.04677455949422438, 'rtc_check_time': 0.0018746190035017207, 'experiment_id': 'exp_20240620_013617', 'client_id': '0'}
[2024-06-20 01:37:28,957][root][INFO] - Added data to batch for client 0: {'round': 5, 'step_no': 462, 'loss': 0.08667066693305969, 'accuracy': 0.953125, 'l2_norm': 0.25717195868492126, 'computation_time': 0.0626990795135498, 'batch_time': 0.06915221802773885, 'rtc_check_time': 0.0045703469950240105, 'experiment_id': 'exp_20240620_013617', 'client_id': '0'}
[2024-06-20 01:37:28,958][root][INFO] - Added data to batch for client 0: {'round': 5, 'step_no': 463, 'loss': 0.02808978781104088, 'accuracy': 0.9567307829856873, 'l2_norm': 0.264477014541626, 'computation_time': 0.044280052185058594, 'batch_time': 0.047490346478298306, 'rtc_check_time': 0.0017924190033227205, 'experiment_id': 'exp_20240620_013617', 'client_id': '0'}
[2024-06-20 01:37:28,959][root][INFO] - Added data to batch for client 0: {'round': 5, 'step_no': 464, 'loss': 0.19757312536239624, 'accuracy': 0.953125, 'l2_norm': 0.2930150628089905, 'computation_time': 0.043251991271972656, 'batch_time': 0.04596250687609427, 'rtc_check_time': 0.0015556160069536418, 'experiment_id': 'exp_20240620_013617', 'client_id': '0'}
[2024-06-20 01:37:28,960][root][INFO] - Added data to batch for client 0: {'round': 5, 'step_no': 465, 'loss': 0.09289102256298065, 'accuracy': 0.9520833492279053, 'l2_norm': 0.2952263653278351, 'computation_time': 0.040589094161987305, 'batch_time': 0.043813821554067545, 'rtc_check_time': 0.0020648210047511384, 'experiment_id': 'exp_20240620_013617', 'client_id': '0'}
[2024-06-20 01:37:28,962][root][INFO] - Added data to batch for client 0: {'round': 5, 'step_no': 466, 'loss': 0.27280986309051514, 'accuracy': 0.951171875, 'l2_norm': 0.322259783744812, 'computation_time': 0.04132890701293945, 'batch_time': 0.04500335801276378, 'rtc_check_time': 0.002532426005927846, 'experiment_id': 'exp_20240620_013617', 'client_id': '0'}
[2024-06-20 01:37:28,963][root][INFO] - Added data to batch for client 0: {'round': 5, 'step_no': 467, 'loss': 0.03884519636631012, 'accuracy': 0.9540441036224365, 'l2_norm': 0.3248850703239441, 'computation_time': 0.041143178939819336, 'batch_time': 0.04540112608810887, 'rtc_check_time': 0.0030241310014389455, 'experiment_id': 'exp_20240620_013617', 'client_id': '0'}
[2024-06-20 01:37:28,964][root][INFO] - Added data to batch for client 0: {'round': 5, 'step_no': 468, 'loss': 0.037699416279792786, 'accuracy': 0.9565972089767456, 'l2_norm': 0.32954108715057373, 'computation_time': 0.04896712303161621, 'batch_time': 0.052452727875788696, 'rtc_check_time': 0.0020298210001783445, 'experiment_id': 'exp_20240620_013617', 'client_id': '0'}
[2024-06-20 01:37:28,965][root][INFO] - Added data to batch for client 0: {'round': 5, 'step_no': 469, 'loss': 0.22875547409057617, 'accuracy': 0.9555920958518982, 'l2_norm': 0.3796367943286896, 'computation_time': 0.04351496696472168, 'batch_time': 0.047163299008389004, 'rtc_check_time': 0.002449325009365566, 'experiment_id': 'exp_20240620_013617', 'client_id': '0'}
[2024-06-20 01:37:28,966][root][INFO] - Added data to batch for client 0: {'round': 5, 'step_no': 470, 'loss': 0.19835197925567627, 'accuracy': 0.953125, 'l2_norm': 0.39783579111099243, 'computation_time': 0.038598060607910156, 'batch_time': 0.042812006548047066, 'rtc_check_time': 0.0030161309987306595, 'experiment_id': 'exp_20240620_013617', 'client_id': '0'}
[2024-06-20 01:37:28,968][root][INFO] - Added data to batch for client 0: {'round': 5, 'step_no': 471, 'loss': 0.16864681243896484, 'accuracy': 0.9523809552192688, 'l2_norm': 0.39997580647468567, 'computation_time': 0.04296398162841797, 'batch_time': 0.054304759367369115, 'rtc_check_time': 0.010127704008482397, 'experiment_id': 'exp_20240620_013617', 'client_id': '0'}
[2024-06-20 01:37:28,970][root][INFO] - Added data to batch for client 0: {'round': 5, 'step_no': 472, 'loss': 0.134443998336792, 'accuracy': 0.953125, 'l2_norm': 0.42258796095848083, 'computation_time': 0.04425191879272461, 'batch_time': 0.048788052270538174, 'rtc_check_time': 0.003375034997588955, 'experiment_id': 'exp_20240620_013617', 'client_id': '0'}
[2024-06-20 01:37:28,972][root][INFO] - Added data to batch for client 0: {'round': 5, 'step_no': 473, 'loss': 0.12599366903305054, 'accuracy': 0.9538043737411499, 'l2_norm': 0.45106077194213867, 'computation_time': 0.05184316635131836, 'batch_time': 0.05598431396356318, 'rtc_check_time': 0.0025163249956676736, 'experiment_id': 'exp_20240620_013617', 'client_id': '0'}
[2024-06-20 01:37:28,973][root][INFO] - Added data to batch for client 0: {'round': 5, 'step_no': 474, 'loss': 0.13547568023204803, 'accuracy': 0.9544270634651184, 'l2_norm': 0.46656715869903564, 'computation_time': 0.06145596504211426, 'batch_time': 0.0645145330199739, 'rtc_check_time': 0.001793518997146748, 'experiment_id': 'exp_20240620_013617', 'client_id': '0'}
[2024-06-20 01:37:28,974][root][INFO] - Added data to batch for client 0: {'round': 5, 'step_no': 475, 'loss': 0.16388842463493347, 'accuracy': 0.9537500143051147, 'l2_norm': 0.4697616994380951, 'computation_time': 0.05966997146606445, 'batch_time': 0.06653987248137128, 'rtc_check_time': 0.0044058450002921745, 'experiment_id': 'exp_20240620_013617', 'client_id': '0'}
[2024-06-20 01:37:28,976][root][INFO] - Added data to batch for client 0: {'round': 5, 'step_no': 476, 'loss': 0.37443122267723083, 'accuracy': 0.9519230723381042, 'l2_norm': 0.49662864208221436, 'computation_time': 0.04752087593078613, 'batch_time': 0.052430174429900944, 'rtc_check_time': 0.0037453389959409833, 'experiment_id': 'exp_20240620_013617', 'client_id': '0'}
[2024-06-20 01:37:28,977][root][INFO] - Added data to batch for client 0: {'round': 5, 'step_no': 477, 'loss': 0.19561713933944702, 'accuracy': 0.9513888955116272, 'l2_norm': 0.49878260493278503, 'computation_time': 0.047628164291381836, 'batch_time': 0.051562842389103025, 'rtc_check_time': 0.0026758280000649393, 'experiment_id': 'exp_20240620_013617', 'client_id': '0'}
[2024-06-20 01:37:28,978][root][INFO] - Added data to batch for client 0: {'round': 5, 'step_no': 478, 'loss': 0.0360223650932312, 'accuracy': 0.953125, 'l2_norm': 0.5061511397361755, 'computation_time': 0.05272698402404785, 'batch_time': 0.056789449183270335, 'rtc_check_time': 0.002774527994915843, 'experiment_id': 'exp_20240620_013617', 'client_id': '0'}
[2024-06-20 01:37:28,980][root][INFO] - Added data to batch for client 0: {'round': 5, 'step_no': 479, 'loss': 0.24397557973861694, 'accuracy': 0.951508641242981, 'l2_norm': 0.5240606665611267, 'computation_time': 0.048986196517944336, 'batch_time': 0.05287868146842811, 'rtc_check_time': 0.002309624003828503, 'experiment_id': 'exp_20240620_013617', 'client_id': '0'}
[2024-06-20 01:37:28,981][root][INFO] - Added data to batch for client 0: {'round': 5, 'step_no': 480, 'loss': 0.43680885434150696, 'accuracy': 0.9479166865348816, 'l2_norm': 0.5859853625297546, 'computation_time': 0.04705214500427246, 'batch_time': 0.05686392780626193, 'rtc_check_time': 0.00866188999498263, 'experiment_id': 'exp_20240620_013617', 'client_id': '0'}
[2024-06-20 01:37:28,982][root][INFO] - Added data to batch for client 0: {'round': 5, 'step_no': 481, 'loss': 0.12618257105350494, 'accuracy': 0.9475806355476379, 'l2_norm': 0.5993720293045044, 'computation_time': 0.040266990661621094, 'batch_time': 0.044500581818283536, 'rtc_check_time': 0.0030305310065159574, 'experiment_id': 'exp_20240620_013617', 'client_id': '0'}
[2024-06-20 01:37:28,983][root][INFO] - Added data to batch for client 0: {'round': 5, 'step_no': 482, 'loss': 0.09131981432437897, 'accuracy': 0.94921875, 'l2_norm': 0.6045346856117249, 'computation_time': 0.042510986328125, 'batch_time': 0.0476307900971733, 'rtc_check_time': 0.004016641003545374, 'experiment_id': 'exp_20240620_013617', 'client_id': '0'}
[2024-06-20 01:37:28,984][root][INFO] - Added data to batch for client 0: {'round': 5, 'step_no': 483, 'loss': 0.1937892735004425, 'accuracy': 0.9498106241226196, 'l2_norm': 0.6497383713722229, 'computation_time': 0.04232215881347656, 'batch_time': 0.045431263410137035, 'rtc_check_time': 0.002036220990703441, 'experiment_id': 'exp_20240620_013617', 'client_id': '0'}
[2024-06-20 01:37:28,988][root][INFO] - Added data to batch for client 0: {'round': 5, 'step_no': 484, 'loss': 0.06495238840579987, 'accuracy': 0.9503676295280457, 'l2_norm': 0.6436730027198792, 'computation_time': 0.04174995422363281, 'batch_time': 0.048607797565637156, 'rtc_check_time': 0.00570365900057368, 'experiment_id': 'exp_20240620_013617', 'client_id': '0'}
[2024-06-20 01:37:28,989][root][INFO] - Added data to batch for client 0: {'round': 5, 'step_no': 485, 'loss': 0.14613069593906403, 'accuracy': 0.9491071701049805, 'l2_norm': 0.6874988675117493, 'computation_time': 0.0446012020111084, 'batch_time': 0.04991247720317915, 'rtc_check_time': 0.003884339996147901, 'experiment_id': 'exp_20240620_013617', 'client_id': '0'}
[2024-06-20 01:37:28,991][root][INFO] - Added data to batch for client 0: {'round': 5, 'step_no': 486, 'loss': 0.41490790247917175, 'accuracy': 0.9470486044883728, 'l2_norm': 0.7148098349571228, 'computation_time': 0.051811933517456055, 'batch_time': 0.05561480221513193, 'rtc_check_time': 0.0022207230067579076, 'experiment_id': 'exp_20240620_013617', 'client_id': '0'}
[2024-06-20 01:37:28,992][root][INFO] - Added data to batch for client 0: {'round': 5, 'step_no': 487, 'loss': 0.13004161417484283, 'accuracy': 0.9476351141929626, 'l2_norm': 0.7087303996086121, 'computation_time': 0.038494110107421875, 'batch_time': 0.041954759653890505, 'rtc_check_time': 0.0023217239941004664, 'experiment_id': 'exp_20240620_013617', 'client_id': '0'}
[2024-06-20 01:37:28,993][root][INFO] - Added data to batch for client 0: {'round': 5, 'step_no': 488, 'loss': 0.062149468809366226, 'accuracy': 0.9490131735801697, 'l2_norm': 0.7055383920669556, 'computation_time': 0.0414118766784668, 'batch_time': 0.048400901301647536, 'rtc_check_time': 0.005810760005260818, 'experiment_id': 'exp_20240620_013617', 'client_id': '0'}
[2024-06-20 01:37:28,994][root][INFO] - Added data to batch for client 0: {'round': 5, 'step_no': 489, 'loss': 0.06823248416185379, 'accuracy': 0.9503205418586731, 'l2_norm': 0.7175209522247314, 'computation_time': 0.038153886795043945, 'batch_time': 0.042788525446667336, 'rtc_check_time': 0.0035765369975706562, 'experiment_id': 'exp_20240620_013617', 'client_id': '0'}
[2024-06-20 01:37:28,996][root][INFO] - Added data to batch for client 0: {'round': 5, 'step_no': 490, 'loss': 0.15213945508003235, 'accuracy': 0.949999988079071, 'l2_norm': 0.7755811810493469, 'computation_time': 0.04817795753479004, 'batch_time': 0.05141329955949914, 'rtc_check_time': 0.0017464179982198402, 'experiment_id': 'exp_20240620_013617', 'client_id': '0'}
[2024-06-20 01:37:28,997][root][INFO] - Added data to batch for client 0: {'round': 5, 'step_no': 491, 'loss': 0.2722970247268677, 'accuracy': 0.9481707215309143, 'l2_norm': 0.7787056565284729, 'computation_time': 0.04534602165222168, 'batch_time': 0.05226504484016914, 'rtc_check_time': 0.0055359570105792955, 'experiment_id': 'exp_20240620_013617', 'client_id': '0'}
[2024-06-20 01:37:28,998][root][INFO] - Added data to batch for client 0: {'round': 5, 'step_no': 492, 'loss': 0.040171973407268524, 'accuracy': 0.949404776096344, 'l2_norm': 0.7801531553268433, 'computation_time': 0.04554295539855957, 'batch_time': 0.04924369783839211, 'rtc_check_time': 0.00238872499903664, 'experiment_id': 'exp_20240620_013617', 'client_id': '0'}
[2024-06-20 01:37:28,999][root][INFO] - Added data to batch for client 0: {'round': 5, 'step_no': 493, 'loss': 0.10059021413326263, 'accuracy': 0.9498546719551086, 'l2_norm': 0.7848705649375916, 'computation_time': 0.044450998306274414, 'batch_time': 0.05452578792755958, 'rtc_check_time': 0.008988792993477546, 'experiment_id': 'exp_20240620_013617', 'client_id': '0'}
[2024-06-20 01:37:29,000][root][INFO] - Added data to batch for client 0: {'round': 5, 'step_no': 494, 'loss': 0.03765803202986717, 'accuracy': 0.9509943127632141, 'l2_norm': 0.7902845144271851, 'computation_time': 0.040635108947753906, 'batch_time': 0.044201981829246506, 'rtc_check_time': 0.0023440239892806858, 'experiment_id': 'exp_20240620_013617', 'client_id': '0'}
[2024-06-20 01:37:29,002][root][INFO] - Added data to batch for client 0: {'round': 5, 'step_no': 495, 'loss': 0.09397509694099426, 'accuracy': 0.9506944417953491, 'l2_norm': 0.8059340119361877, 'computation_time': 0.0449371337890625, 'batch_time': 0.048464456616784446, 'rtc_check_time': 0.002405324994469993, 'experiment_id': 'exp_20240620_013617', 'client_id': '0'}
[2024-06-20 01:37:29,003][root][INFO] - Added data to batch for client 0: {'round': 5, 'step_no': 496, 'loss': 0.09245877712965012, 'accuracy': 0.951766312122345, 'l2_norm': 0.8158857822418213, 'computation_time': 0.04094886779785156, 'batch_time': 0.04461129248375073, 'rtc_check_time': 0.002465325000230223, 'experiment_id': 'exp_20240620_013617', 'client_id': '0'}
[2024-06-20 01:37:29,004][root][INFO] - Added data to batch for client 0: {'round': 5, 'step_no': 497, 'loss': 0.2019103318452835, 'accuracy': 0.9514627456665039, 'l2_norm': 0.8532804846763611, 'computation_time': 0.04223799705505371, 'batch_time': 0.04547426704084501, 'rtc_check_time': 0.001971221005078405, 'experiment_id': 'exp_20240620_013617', 'client_id': '0'}
[2024-06-20 01:37:29,006][root][INFO] - Added data to batch for client 0: {'round': 5, 'step_no': 498, 'loss': 0.16566145420074463, 'accuracy': 0.951171875, 'l2_norm': 0.9163985252380371, 'computation_time': 0.04496598243713379, 'batch_time': 0.050784695384209044, 'rtc_check_time': 0.0044027450057910755, 'experiment_id': 'exp_20240620_013617', 'client_id': '0'}
[2024-06-20 01:37:29,007][root][INFO] - Added data to batch for client 0: {'round': 5, 'step_no': 499, 'loss': 0.016023533418774605, 'accuracy': 0.952168345451355, 'l2_norm': 0.8960508108139038, 'computation_time': 0.04647994041442871, 'batch_time': 0.0504889565781923, 'rtc_check_time': 0.00250292599957902, 'experiment_id': 'exp_20240620_013617', 'client_id': '0'}
[2024-06-20 01:37:29,008][root][INFO] - Added data to batch for client 0: {'round': 5, 'step_no': 500, 'loss': 0.28991732001304626, 'accuracy': 0.9518749713897705, 'l2_norm': 0.9052589535713196, 'computation_time': 0.04175305366516113, 'batch_time': 0.04570554321981035, 'rtc_check_time': 0.0026774269936140627, 'experiment_id': 'exp_20240620_013617', 'client_id': '0'}
[2024-06-20 01:37:29,009][root][INFO] - Added data to batch for client 0: {'round': 5, 'step_no': 501, 'loss': 0.2450183928012848, 'accuracy': 0.9509803652763367, 'l2_norm': 1.0087519884109497, 'computation_time': 0.04715418815612793, 'batch_time': 0.051091091212583706, 'rtc_check_time': 0.0024861260026227683, 'experiment_id': 'exp_20240620_013617', 'client_id': '0'}
[2024-06-20 01:37:29,011][root][INFO] - Added data to batch for client 0: {'round': 5, 'step_no': 502, 'loss': 0.184244304895401, 'accuracy': 0.950120210647583, 'l2_norm': 0.9892951846122742, 'computation_time': 0.05260515213012695, 'batch_time': 0.05525702160957735, 'rtc_check_time': 0.0014600150025216863, 'experiment_id': 'exp_20240620_013617', 'client_id': '0'}
[2024-06-20 01:37:29,012][root][INFO] - Added data to batch for client 0: {'round': 5, 'step_no': 503, 'loss': 0.2321288287639618, 'accuracy': 0.9498820900917053, 'l2_norm': 1.01724374294281, 'computation_time': 0.04691886901855469, 'batch_time': 0.04974544531432912, 'rtc_check_time': 0.0016986179980449378, 'experiment_id': 'exp_20240620_013617', 'client_id': '0'}
[2024-06-20 01:37:29,013][root][INFO] - Added data to batch for client 0: {'round': 5, 'step_no': 504, 'loss': 0.12994669377803802, 'accuracy': 0.9496527910232544, 'l2_norm': 1.0207021236419678, 'computation_time': 0.05004096031188965, 'batch_time': 0.05278604742488824, 'rtc_check_time': 0.0016400169988628477, 'experiment_id': 'exp_20240620_013617', 'client_id': '0'}
[2024-06-20 01:37:29,015][root][INFO] - Added data to batch for client 0: {'round': 5, 'step_no': 505, 'loss': 0.0906464159488678, 'accuracy': 0.949431836605072, 'l2_norm': 1.0474598407745361, 'computation_time': 0.04822397232055664, 'batch_time': 0.050822634002543055, 'rtc_check_time': 0.0014118139952188358, 'experiment_id': 'exp_20240620_013617', 'client_id': '0'}
[2024-06-20 01:37:29,017][root][INFO] - Added data to batch for client 0: {'round': 5, 'step_no': 506, 'loss': 0.18735447525978088, 'accuracy': 0.9497767686843872, 'l2_norm': 1.0662697553634644, 'computation_time': 0.04960989952087402, 'batch_time': 0.05399401868635323, 'rtc_check_time': 0.0028780290012946352, 'experiment_id': 'exp_20240620_013617', 'client_id': '0'}
[2024-06-20 01:37:29,018][root][INFO] - Added data to batch for client 0: {'round': 5, 'step_no': 507, 'loss': 0.08824902772903442, 'accuracy': 0.9501096606254578, 'l2_norm': 1.0707972049713135, 'computation_time': 0.040472984313964844, 'batch_time': 0.04357342176081147, 'rtc_check_time': 0.0019963210070272908, 'experiment_id': 'exp_20240620_013617', 'client_id': '0'}
[2024-06-20 01:37:29,019][root][INFO] - Added data to batch for client 0: {'round': 5, 'step_no': 508, 'loss': 0.07927689701318741, 'accuracy': 0.9504310488700867, 'l2_norm': 1.0911548137664795, 'computation_time': 0.03984808921813965, 'batch_time': 0.04245258966693655, 'rtc_check_time': 0.0014565149904228747, 'experiment_id': 'exp_20240620_013617', 'client_id': '0'}
[2024-06-20 01:37:29,020][root][INFO] - Added data to batch for client 0: {'round': 5, 'step_no': 509, 'loss': 0.025478769093751907, 'accuracy': 0.9512711763381958, 'l2_norm': 1.0874052047729492, 'computation_time': 0.04415416717529297, 'batch_time': 0.0501928809680976, 'rtc_check_time': 0.004776048997882754, 'experiment_id': 'exp_20240620_013617', 'client_id': '0'}
[2024-06-20 01:37:29,023][root][INFO] - Added data to batch for client 0: {'round': 5, 'step_no': 510, 'loss': 0.02032879739999771, 'accuracy': 0.9520833492279053, 'l2_norm': 1.088482141494751, 'computation_time': 0.05447697639465332, 'batch_time': 0.061364371606032364, 'rtc_check_time': 0.00507255298725795, 'experiment_id': 'exp_20240620_013617', 'client_id': '0'}
[2024-06-20 01:37:29,024][root][INFO] - Added data to batch for client 0: {'round': 5, 'step_no': 511, 'loss': 0.018446965143084526, 'accuracy': 0.9528688788414001, 'l2_norm': 1.0867494344711304, 'computation_time': 0.05403280258178711, 'batch_time': 0.06445369591529015, 'rtc_check_time': 0.008976791999884881, 'experiment_id': 'exp_20240620_013617', 'client_id': '0'}
[2024-06-20 01:37:29,025][root][INFO] - Added data to batch for client 0: {'round': 5, 'step_no': 512, 'loss': 0.1882449835538864, 'accuracy': 0.9526209831237793, 'l2_norm': 1.1298567056655884, 'computation_time': 0.04740190505981445, 'batch_time': 0.049813353252829984, 'rtc_check_time': 0.0014003149990458041, 'experiment_id': 'exp_20240620_013617', 'client_id': '0'}
[2024-06-20 01:37:29,026][root][INFO] - Added data to batch for client 0: {'round': 5, 'step_no': 513, 'loss': 0.028867144137620926, 'accuracy': 0.9533730149269104, 'l2_norm': 1.1299126148223877, 'computation_time': 0.04004406929016113, 'batch_time': 0.04262781578290742, 'rtc_check_time': 0.0015149160026339814, 'experiment_id': 'exp_20240620_013617', 'client_id': '0'}
[2024-06-20 01:37:29,028][root][INFO] - Added data to batch for client 0: {'round': 5, 'step_no': 514, 'loss': 0.03067888505756855, 'accuracy': 0.9541015625, 'l2_norm': 1.142148494720459, 'computation_time': 0.04234194755554199, 'batch_time': 0.04504877078579739, 'rtc_check_time': 0.0014718149905093014, 'experiment_id': 'exp_20240620_013617', 'client_id': '0'}
[2024-06-20 01:37:29,029][root][INFO] - Added data to batch for client 0: {'round': 5, 'step_no': 515, 'loss': 0.1032242700457573, 'accuracy': 0.9543269276618958, 'l2_norm': 1.1651678085327148, 'computation_time': 0.040265798568725586, 'batch_time': 0.043458156171254814, 'rtc_check_time': 0.0021092219976708293, 'experiment_id': 'exp_20240620_013617', 'client_id': '0'}
[2024-06-20 01:37:29,030][root][INFO] - Added data to batch for client 0: {'round': 5, 'step_no': 516, 'loss': 0.3888572156429291, 'accuracy': 0.953125, 'l2_norm': 1.237845778465271, 'computation_time': 0.048568010330200195, 'batch_time': 0.05266120874148328, 'rtc_check_time': 0.002286224000272341, 'experiment_id': 'exp_20240620_013617', 'client_id': '0'}
[2024-06-20 01:37:29,032][root][INFO] - Added data to batch for client 0: {'round': 5, 'step_no': 517, 'loss': 0.2927578091621399, 'accuracy': 0.9514925479888916, 'l2_norm': 1.2943726778030396, 'computation_time': 0.04254603385925293, 'batch_time': 0.04560724257316906, 'rtc_check_time': 0.0017661189922364429, 'experiment_id': 'exp_20240620_013617', 'client_id': '0'}
[2024-06-20 01:37:29,034][root][INFO] - Added data to batch for client 0: {'round': 5, 'step_no': 518, 'loss': 0.16530413925647736, 'accuracy': 0.951286792755127, 'l2_norm': 1.3203473091125488, 'computation_time': 0.04761815071105957, 'batch_time': 0.053515630977926776, 'rtc_check_time': 0.003943640011129901, 'experiment_id': 'exp_20240620_013617', 'client_id': '0'}
[2024-06-20 01:37:29,036][root][INFO] - Added data to batch for client 0: {'round': 5, 'step_no': 519, 'loss': 0.15107646584510803, 'accuracy': 0.9506340622901917, 'l2_norm': 1.3395013809204102, 'computation_time': 0.07277488708496094, 'batch_time': 0.07570036155811977, 'rtc_check_time': 0.001505214997450821, 'experiment_id': 'exp_20240620_013617', 'client_id': '0'}
[2024-06-20 01:37:29,037][root][INFO] - Added data to batch for client 0: {'round': 5, 'step_no': 520, 'loss': 0.013909358531236649, 'accuracy': 0.9513393044471741, 'l2_norm': 1.3330055475234985, 'computation_time': 0.04625988006591797, 'batch_time': 0.05396417356678285, 'rtc_check_time': 0.0064480660075787455, 'experiment_id': 'exp_20240620_013617', 'client_id': '0'}
[2024-06-20 01:37:29,038][root][INFO] - Added data to batch for client 0: {'round': 5, 'step_no': 521, 'loss': 0.029611948877573013, 'accuracy': 0.9520246386528015, 'l2_norm': 1.320381760597229, 'computation_time': 0.042797088623046875, 'batch_time': 0.05004106360138394, 'rtc_check_time': 0.006115063006291166, 'experiment_id': 'exp_20240620_013617', 'client_id': '0'}
[2024-06-20 01:37:29,040][root][INFO] - Added data to batch for client 0: {'round': 5, 'step_no': 522, 'loss': 0.12289413809776306, 'accuracy': 0.9518229365348816, 'l2_norm': 1.3374967575073242, 'computation_time': 0.04771280288696289, 'batch_time': 0.0527406867913669, 'rtc_check_time': 0.0036176380090182647, 'experiment_id': 'exp_20240620_013617', 'client_id': '0'}
[2024-06-20 01:37:29,041][root][INFO] - Added data to batch for client 0: {'round': 5, 'step_no': 523, 'loss': 0.24663788080215454, 'accuracy': 0.951626718044281, 'l2_norm': 1.3488070964813232, 'computation_time': 0.040515899658203125, 'batch_time': 0.045285556276212446, 'rtc_check_time': 0.003560636003385298, 'experiment_id': 'exp_20240620_013617', 'client_id': '0'}
[2024-06-20 01:37:29,042][root][INFO] - Added data to batch for client 0: {'round': 5, 'step_no': 524, 'loss': 0.08432596176862717, 'accuracy': 0.9518581032752991, 'l2_norm': 1.3641839027404785, 'computation_time': 0.04330301284790039, 'batch_time': 0.05444432712101843, 'rtc_check_time': 0.009726300006150268, 'experiment_id': 'exp_20240620_013617', 'client_id': '0'}
[2024-06-20 01:37:29,043][root][INFO] - Added data to batch for client 0: {'round': 5, 'step_no': 525, 'loss': 0.09335722029209137, 'accuracy': 0.9524999856948853, 'l2_norm': 1.380726933479309, 'computation_time': 0.043771982192993164, 'batch_time': 0.0481184665550245, 'rtc_check_time': 0.0027326290000928566, 'experiment_id': 'exp_20240620_013617', 'client_id': '0'}
[2024-06-20 01:37:29,044][root][INFO] - Added data to batch for client 0: {'round': 5, 'step_no': 526, 'loss': 0.023469695821404457, 'accuracy': 0.953125, 'l2_norm': 1.3766131401062012, 'computation_time': 0.04372096061706543, 'batch_time': 0.047041965401149355, 'rtc_check_time': 0.0019558200001483783, 'experiment_id': 'exp_20240620_013617', 'client_id': '0'}
[2024-06-20 01:37:29,045][root][INFO] - Added data to batch for client 0: {'round': 5, 'step_no': 527, 'loss': 0.016236841678619385, 'accuracy': 0.9537337422370911, 'l2_norm': 1.375211477279663, 'computation_time': 0.04081082344055176, 'batch_time': 0.0440100830164738, 'rtc_check_time': 0.002047221001703292, 'experiment_id': 'exp_20240620_013617', 'client_id': '0'}
[2024-06-20 01:37:29,046][root][INFO] - Added data to batch for client 0: {'round': 5, 'step_no': 528, 'loss': 0.26483190059661865, 'accuracy': 0.953125, 'l2_norm': 1.4666402339935303, 'computation_time': 0.04065895080566406, 'batch_time': 0.045044383048661985, 'rtc_check_time': 0.0029835309978807345, 'experiment_id': 'exp_20240620_013617', 'client_id': '0'}
[2024-06-20 01:37:29,047][root][INFO] - Added data to batch for client 0: {'round': 5, 'step_no': 529, 'loss': 0.10595707595348358, 'accuracy': 0.9533227682113647, 'l2_norm': 1.4804248809814453, 'computation_time': 0.039175987243652344, 'batch_time': 0.04662766867841128, 'rtc_check_time': 0.006347564994939603, 'experiment_id': 'exp_20240620_013617', 'client_id': '0'}
[2024-06-20 01:37:29,049][root][INFO] - Added data to batch for client 0: {'round': 5, 'step_no': 530, 'loss': 0.21643733978271484, 'accuracy': 0.9527343511581421, 'l2_norm': 1.467462420463562, 'computation_time': 0.03900790214538574, 'batch_time': 0.04338107295916416, 'rtc_check_time': 0.003254034003475681, 'experiment_id': 'exp_20240620_013617', 'client_id': '0'}
[2024-06-20 01:37:29,050][root][INFO] - Added data to batch for client 0: {'round': 5, 'step_no': 531, 'loss': 0.04507915675640106, 'accuracy': 0.9533178806304932, 'l2_norm': 1.4620790481567383, 'computation_time': 0.05315804481506348, 'batch_time': 0.05774312268476933, 'rtc_check_time': 0.0024822260020300746, 'experiment_id': 'exp_20240620_013617', 'client_id': '0'}
[2024-06-20 01:37:29,051][root][INFO] - Added data to batch for client 0: {'round': 5, 'step_no': 532, 'loss': 0.19199822843074799, 'accuracy': 0.9535061120986938, 'l2_norm': 1.4763011932373047, 'computation_time': 0.04646706581115723, 'batch_time': 0.05822247687319759, 'rtc_check_time': 0.010209504995145835, 'experiment_id': 'exp_20240620_013617', 'client_id': '0'}
[2024-06-20 01:37:29,052][root][INFO] - Added data to batch for client 0: {'round': 5, 'step_no': 533, 'loss': 0.1870110034942627, 'accuracy': 0.9525602459907532, 'l2_norm': 1.5321167707443237, 'computation_time': 0.040760040283203125, 'batch_time': 0.043203004577662796, 'rtc_check_time': 0.0013560139923356473, 'experiment_id': 'exp_20240620_013617', 'client_id': '0'}
[2024-06-20 01:37:29,053][root][INFO] - Added data to batch for client 0: {'round': 5, 'step_no': 534, 'loss': 0.23556050658226013, 'accuracy': 0.9523809552192688, 'l2_norm': 1.5621085166931152, 'computation_time': 0.04160809516906738, 'batch_time': 0.045496726175770164, 'rtc_check_time': 0.0028696299996227026, 'experiment_id': 'exp_20240620_013617', 'client_id': '0'}
[2024-06-20 01:37:29,055][root][INFO] - Added data to batch for client 0: {'round': 5, 'step_no': 535, 'loss': 0.03572188317775726, 'accuracy': 0.9529411792755127, 'l2_norm': 1.5572618246078491, 'computation_time': 0.04071998596191406, 'batch_time': 0.043886169281904586, 'rtc_check_time': 0.0018582189950393513, 'experiment_id': 'exp_20240620_013617', 'client_id': '0'}
[2024-06-20 01:37:29,056][root][INFO] - Added data to batch for client 0: {'round': 5, 'step_no': 536, 'loss': 0.31164559721946716, 'accuracy': 0.9527616500854492, 'l2_norm': 1.5931942462921143, 'computation_time': 0.04286503791809082, 'batch_time': 0.04680205731710885, 'rtc_check_time': 0.0026512280019233003, 'experiment_id': 'exp_20240620_013617', 'client_id': '0'}
[2024-06-20 01:37:29,057][root][INFO] - Added data to batch for client 0: {'round': 5, 'step_no': 537, 'loss': 0.10283370316028595, 'accuracy': 0.9529454112052917, 'l2_norm': 1.6658838987350464, 'computation_time': 0.043972015380859375, 'batch_time': 0.05435197666520253, 'rtc_check_time': 0.009210994991008192, 'experiment_id': 'exp_20240620_013617', 'client_id': '0'}
[2024-06-20 01:37:29,058][root][INFO] - Added data to batch for client 0: {'round': 5, 'step_no': 538, 'loss': 0.2453683763742447, 'accuracy': 0.9527698755264282, 'l2_norm': 1.7131645679473877, 'computation_time': 0.04480910301208496, 'batch_time': 0.05270552140427753, 'rtc_check_time': 0.00655936700059101, 'experiment_id': 'exp_20240620_013617', 'client_id': '0'}
[2024-06-20 01:37:29,059][root][INFO] - Added data to batch for client 0: {'round': 5, 'step_no': 539, 'loss': 0.405773401260376, 'accuracy': 0.9511938095092773, 'l2_norm': 1.7168748378753662, 'computation_time': 0.04225015640258789, 'batch_time': 0.04468385521613527, 'rtc_check_time': 0.001324814002146013, 'experiment_id': 'exp_20240620_013617', 'client_id': '0'}
[2024-06-20 01:37:29,060][root][INFO] - Added data to batch for client 0: {'round': 5, 'step_no': 540, 'loss': 0.09050283581018448, 'accuracy': 0.9513888955116272, 'l2_norm': 1.7253196239471436, 'computation_time': 0.04124307632446289, 'batch_time': 0.04708242186461575, 'rtc_check_time': 0.004795549000846222, 'experiment_id': 'exp_20240620_013617', 'client_id': '0'}
[2024-06-20 01:37:29,062][root][INFO] - Added data to batch for client 0: {'round': 5, 'step_no': 541, 'loss': 0.12250682711601257, 'accuracy': 0.9512362480163574, 'l2_norm': 1.7546453475952148, 'computation_time': 0.04164290428161621, 'batch_time': 0.04466278222389519, 'rtc_check_time': 0.0018528189975768328, 'experiment_id': 'exp_20240620_013617', 'client_id': '0'}
[2024-06-20 01:37:29,063][root][INFO] - Added data to batch for client 0: {'round': 5, 'step_no': 542, 'loss': 0.08597355335950851, 'accuracy': 0.95142662525177, 'l2_norm': 1.7392444610595703, 'computation_time': 0.04373502731323242, 'batch_time': 0.04792783074663021, 'rtc_check_time': 0.0030579309968743473, 'experiment_id': 'exp_20240620_013617', 'client_id': '0'}
[2024-06-20 01:37:29,064][root][INFO] - Added data to batch for client 0: {'round': 5, 'step_no': 543, 'loss': 0.09723475575447083, 'accuracy': 0.9516128897666931, 'l2_norm': 1.7760305404663086, 'computation_time': 0.0450441837310791, 'batch_time': 0.05831645068246871, 'rtc_check_time': 0.011771421995945275, 'experiment_id': 'exp_20240620_013617', 'client_id': '0'}
[2024-06-20 01:37:29,065][root][INFO] - Added data to batch for client 0: {'round': 5, 'step_no': 544, 'loss': 0.09432435780763626, 'accuracy': 0.951795220375061, 'l2_norm': 1.804399847984314, 'computation_time': 0.055288076400756836, 'batch_time': 0.061692975970800035, 'rtc_check_time': 0.00521185300021898, 'experiment_id': 'exp_20240620_013617', 'client_id': '0'}
[2024-06-20 01:37:29,066][root][INFO] - Added data to batch for client 0: {'round': 5, 'step_no': 545, 'loss': 0.1618403047323227, 'accuracy': 0.9516447186470032, 'l2_norm': 1.7881274223327637, 'computation_time': 0.04114699363708496, 'batch_time': 0.047168811346637085, 'rtc_check_time': 0.004780849005328491, 'experiment_id': 'exp_20240620_013617', 'client_id': '0'}
[2024-06-20 01:37:29,068][root][INFO] - Added data to batch for client 0: {'round': 5, 'step_no': 546, 'loss': 0.14298367500305176, 'accuracy': 0.9514973759651184, 'l2_norm': 1.8078283071517944, 'computation_time': 0.04304003715515137, 'batch_time': 0.04595266537216958, 'rtc_check_time': 0.001608717007911764, 'experiment_id': 'exp_20240620_013617', 'client_id': '0'}
[2024-06-20 01:37:29,070][root][INFO] - Added data to batch for client 0: {'round': 5, 'step_no': 547, 'loss': 0.06381433457136154, 'accuracy': 0.9519973993301392, 'l2_norm': 1.807886004447937, 'computation_time': 0.039797067642211914, 'batch_time': 0.04286633235460613, 'rtc_check_time': 0.0019513199949869886, 'experiment_id': 'exp_20240620_013617', 'client_id': '0'}
[2024-06-20 01:37:29,072][root][INFO] - Added data to batch for client 0: {'round': 5, 'step_no': 548, 'loss': 0.17328521609306335, 'accuracy': 0.9515306353569031, 'l2_norm': 1.8380117416381836, 'computation_time': 0.03944587707519531, 'batch_time': 0.044898052656208165, 'rtc_check_time': 0.004341145002399571, 'experiment_id': 'exp_20240620_013617', 'client_id': '0'}
[2024-06-20 01:37:29,073][root][INFO] - Added data to batch for client 0: {'round': 5, 'step_no': 549, 'loss': 0.059084296226501465, 'accuracy': 0.9517045617103577, 'l2_norm': 1.845138430595398, 'computation_time': 0.0419619083404541, 'batch_time': 0.046813356078928337, 'rtc_check_time': 0.0035022369993384928, 'experiment_id': 'exp_20240620_013617', 'client_id': '0'}
[2024-06-20 01:37:29,074][root][INFO] - Added data to batch for client 0: {'round': 5, 'step_no': 550, 'loss': 0.2077571600675583, 'accuracy': 0.9518749713897705, 'l2_norm': 1.8618980646133423, 'computation_time': 0.045632123947143555, 'batch_time': 0.053580966021399945, 'rtc_check_time': 0.005922760989051312, 'experiment_id': 'exp_20240620_013617', 'client_id': '0'}
[2024-06-20 01:37:29,075][root][INFO] - Added data to batch for client 0: {'round': 5, 'step_no': 551, 'loss': 0.07802504301071167, 'accuracy': 0.9520421028137207, 'l2_norm': 1.8675601482391357, 'computation_time': 0.04274487495422363, 'batch_time': 0.04570438670634758, 'rtc_check_time': 0.0016923170041991398, 'experiment_id': 'exp_20240620_013617', 'client_id': '0'}
[2024-06-20 01:37:29,076][root][INFO] - Added data to batch for client 0: {'round': 5, 'step_no': 552, 'loss': 0.44508659839630127, 'accuracy': 0.9515931606292725, 'l2_norm': 1.917939305305481, 'computation_time': 0.05154991149902344, 'batch_time': 0.0545939673029352, 'rtc_check_time': 0.001924918993609026, 'experiment_id': 'exp_20240620_013617', 'client_id': '0'}
[2024-06-20 01:37:29,077][root][INFO] - Added data to batch for client 0: {'round': 5, 'step_no': 553, 'loss': 0.22984576225280762, 'accuracy': 0.9514563083648682, 'l2_norm': 1.9172828197479248, 'computation_time': 0.040717124938964844, 'batch_time': 0.043322301760781556, 'rtc_check_time': 0.0014114149962551892, 'experiment_id': 'exp_20240620_013617', 'client_id': '0'}
[2024-06-20 01:37:29,078][root][INFO] - Added data to batch for client 0: {'round': 5, 'step_no': 554, 'loss': 0.09274287521839142, 'accuracy': 0.9516226053237915, 'l2_norm': 1.9121062755584717, 'computation_time': 0.04019594192504883, 'batch_time': 0.044242853502510116, 'rtc_check_time': 0.0027177279989700764, 'experiment_id': 'exp_20240620_013617', 'client_id': '0'}
[2024-06-20 01:37:29,079][root][INFO] - Added data to batch for client 0: {'round': 5, 'step_no': 555, 'loss': 0.10178635269403458, 'accuracy': 0.9517857432365417, 'l2_norm': 1.927016019821167, 'computation_time': 0.049714088439941406, 'batch_time': 0.05572494426451158, 'rtc_check_time': 0.003995741994003765, 'experiment_id': 'exp_20240620_013617', 'client_id': '0'}
[2024-06-20 01:37:29,080][root][INFO] - Added data to batch for client 0: {'round': 5, 'step_no': 556, 'loss': 0.11237680912017822, 'accuracy': 0.9516509175300598, 'l2_norm': 1.9308555126190186, 'computation_time': 0.04427814483642578, 'batch_time': 0.04856352211209014, 'rtc_check_time': 0.0029626309988088906, 'experiment_id': 'exp_20240620_013617', 'client_id': '0'}
[2024-06-20 01:37:29,081][root][INFO] - Added data to batch for client 0: {'round': 5, 'step_no': 557, 'loss': 0.1045960932970047, 'accuracy': 0.9518107771873474, 'l2_norm': 1.948481559753418, 'computation_time': 0.03819608688354492, 'batch_time': 0.041585279992432334, 'rtc_check_time': 0.0022841229947516695, 'experiment_id': 'exp_20240620_013617', 'client_id': '0'}
[2024-06-20 01:37:29,082][root][INFO] - Added data to batch for client 0: {'round': 5, 'step_no': 558, 'loss': 0.12367625534534454, 'accuracy': 0.9519675970077515, 'l2_norm': 1.9683276414871216, 'computation_time': 0.044924020767211914, 'batch_time': 0.04777645180001855, 'rtc_check_time': 0.0016124160028994083, 'experiment_id': 'exp_20240620_013617', 'client_id': '0'}
[2024-06-20 01:37:29,084][root][INFO] - Added data to batch for client 0: {'round': 5, 'step_no': 559, 'loss': 0.16524328291416168, 'accuracy': 0.951548159122467, 'l2_norm': 1.9873570203781128, 'computation_time': 0.040786027908325195, 'batch_time': 0.04419343943300191, 'rtc_check_time': 0.0023562240094179288, 'experiment_id': 'exp_20240620_013617', 'client_id': '0'}
[2024-06-20 01:37:29,085][root][INFO] - Added data to batch for client 0: {'round': 5, 'step_no': 560, 'loss': 0.19447508454322815, 'accuracy': 0.9517045617103577, 'l2_norm': 2.0262503623962402, 'computation_time': 0.04940390586853027, 'batch_time': 0.05254833430808503, 'rtc_check_time': 0.0018734189943643287, 'experiment_id': 'exp_20240620_013617', 'client_id': '0'}
[2024-06-20 01:37:29,086][root][INFO] - Added data to batch for client 0: {'round': 5, 'step_no': 561, 'loss': 0.11696183681488037, 'accuracy': 0.9518581032752991, 'l2_norm': 2.0516340732574463, 'computation_time': 0.05013585090637207, 'batch_time': 0.06363925346522592, 'rtc_check_time': 0.011938423005631194, 'experiment_id': 'exp_20240620_013617', 'client_id': '0'}
[2024-06-20 01:37:29,087][root][INFO] - Added data to batch for client 0: {'round': 5, 'step_no': 562, 'loss': 0.2837866544723511, 'accuracy': 0.9517298936843872, 'l2_norm': 2.0735132694244385, 'computation_time': 0.05152106285095215, 'batch_time': 0.05574886954855174, 'rtc_check_time': 0.0029458299977704883, 'experiment_id': 'exp_20240620_013617', 'client_id': '0'}
[2024-06-20 01:37:29,088][root][INFO] - Added data to batch for client 0: {'round': 5, 'step_no': 563, 'loss': 0.05336412414908409, 'accuracy': 0.9521570801734924, 'l2_norm': 2.0780649185180664, 'computation_time': 0.05331015586853027, 'batch_time': 0.05630686873337254, 'rtc_check_time': 0.0015278159989975393, 'experiment_id': 'exp_20240620_013617', 'client_id': '0'}
[2024-06-20 01:37:29,090][root][INFO] - Added data to batch for client 0: {'round': 5, 'step_no': 564, 'loss': 0.31987929344177246, 'accuracy': 0.9520285129547119, 'l2_norm': 2.1209120750427246, 'computation_time': 0.04574394226074219, 'batch_time': 0.050337025240878575, 'rtc_check_time': 0.0033280339994234964, 'experiment_id': 'exp_20240620_013617', 'client_id': '0'}
[2024-06-20 01:37:29,091][root][INFO] - Added data to batch for client 0: {'round': 5, 'step_no': 565, 'loss': 0.1544928252696991, 'accuracy': 0.9516304135322571, 'l2_norm': 2.1439220905303955, 'computation_time': 0.04674720764160156, 'batch_time': 0.04952750165830366, 'rtc_check_time': 0.0014685149944853038, 'experiment_id': 'exp_20240620_013617', 'client_id': '0'}
[2024-06-20 01:37:29,092][root][INFO] - Added data to batch for client 0: {'round': 5, 'step_no': 566, 'loss': 0.11183322966098785, 'accuracy': 0.951777994632721, 'l2_norm': 2.1307778358459473, 'computation_time': 0.05002999305725098, 'batch_time': 0.05577723038732074, 'rtc_check_time': 0.004136242991080508, 'experiment_id': 'exp_20240620_013617', 'client_id': '0'}
[2024-06-20 01:37:29,093][root][INFO] - Added data to batch for client 0: {'round': 5, 'step_no': 567, 'loss': 0.10833948850631714, 'accuracy': 0.9519230723381042, 'l2_norm': 2.1396737098693848, 'computation_time': 0.04713296890258789, 'batch_time': 0.05074131698347628, 'rtc_check_time': 0.0020083209965378046, 'experiment_id': 'exp_20240620_013617', 'client_id': '0'}
[2024-06-20 01:37:29,094][root][INFO] - Added data to batch for client 0: {'round': 5, 'step_no': 568, 'loss': 0.20680731534957886, 'accuracy': 0.9515359997749329, 'l2_norm': 2.1847448348999023, 'computation_time': 0.04663896560668945, 'batch_time': 0.04940562238334678, 'rtc_check_time': 0.001578616996994242, 'experiment_id': 'exp_20240620_013617', 'client_id': '0'}
[2024-06-20 01:37:29,095][root][INFO] - Added data to batch for client 0: {'round': 5, 'step_no': 569, 'loss': 0.21948209404945374, 'accuracy': 0.9514180421829224, 'l2_norm': 2.232565402984619, 'computation_time': 0.04253101348876953, 'batch_time': 0.04934339328610804, 'rtc_check_time': 0.005290554006933235, 'experiment_id': 'exp_20240620_013617', 'client_id': '0'}
[2024-06-20 01:37:29,096][root][INFO] - Added data to batch for client 0: {'round': 5, 'step_no': 570, 'loss': 0.18503499031066895, 'accuracy': 0.9513021111488342, 'l2_norm': 2.251187801361084, 'computation_time': 0.04164910316467285, 'batch_time': 0.0462191825354239, 'rtc_check_time': 0.0032051330053946003, 'experiment_id': 'exp_20240620_013617', 'client_id': '0'}
[2024-06-20 01:37:29,097][root][INFO] - Added data to batch for client 0: {'round': 5, 'step_no': 571, 'loss': 0.031432218849658966, 'accuracy': 0.9517045617103577, 'l2_norm': 2.251455545425415, 'computation_time': 0.04498720169067383, 'batch_time': 0.04958519816864282, 'rtc_check_time': 0.0031572330044582486, 'experiment_id': 'exp_20240620_013617', 'client_id': '0'}
[2024-06-20 01:37:29,099][root][INFO] - Added data to batch for client 0: {'round': 5, 'step_no': 572, 'loss': 0.2693879008293152, 'accuracy': 0.9510757923126221, 'l2_norm': 2.317516326904297, 'computation_time': 0.04696512222290039, 'batch_time': 0.05390395608264953, 'rtc_check_time': 0.005731959012337029, 'experiment_id': 'exp_20240620_013617', 'client_id': '0'}
[2024-06-20 01:37:29,100][root][INFO] - Added data to batch for client 0: {'round': 5, 'step_no': 573, 'loss': 0.22811894118785858, 'accuracy': 0.9507113695144653, 'l2_norm': 2.3671886920928955, 'computation_time': 0.04479098320007324, 'batch_time': 0.04811717857955955, 'rtc_check_time': 0.0020740210020449013, 'experiment_id': 'exp_20240620_013617', 'client_id': '0'}
[2024-06-20 01:37:29,101][root][INFO] - Added data to batch for client 0: {'round': 5, 'step_no': 574, 'loss': 0.023276887834072113, 'accuracy': 0.9511088728904724, 'l2_norm': 2.3577497005462646, 'computation_time': 0.04940199851989746, 'batch_time': 0.05259561318962369, 'rtc_check_time': 0.001968620010302402, 'experiment_id': 'exp_20240620_013617', 'client_id': '0'}
[2024-06-20 01:37:29,102][root][INFO] - Added data to batch for client 0: {'round': 5, 'step_no': 575, 'loss': 0.1147620677947998, 'accuracy': 0.9509999752044678, 'l2_norm': 2.4057750701904297, 'computation_time': 0.044464111328125, 'batch_time': 0.05162975497660227, 'rtc_check_time': 0.005953762010904029, 'experiment_id': 'exp_20240620_013617', 'client_id': '0'}
[2024-06-20 01:37:29,105][root][INFO] - Added data to batch for client 0: {'round': 5, 'step_no': 576, 'loss': 0.1125609278678894, 'accuracy': 0.9511408805847168, 'l2_norm': 2.433375835418701, 'computation_time': 0.04109811782836914, 'batch_time': 0.04581238978425972, 'rtc_check_time': 0.0034623359970282763, 'experiment_id': 'exp_20240620_013617', 'client_id': '0'}
[2024-06-20 01:37:29,106][root][INFO] - Added data to batch for client 0: {'round': 5, 'step_no': 577, 'loss': 0.08780761063098907, 'accuracy': 0.9515255689620972, 'l2_norm': 2.4278221130371094, 'computation_time': 0.03832221031188965, 'batch_time': 0.04080046158924233, 'rtc_check_time': 0.0014044139970792457, 'experiment_id': 'exp_20240620_013617', 'client_id': '0'}
[2024-06-20 01:37:29,107][root][INFO] - Added data to batch for client 0: {'round': 5, 'step_no': 578, 'loss': 0.12895527482032776, 'accuracy': 0.951416015625, 'l2_norm': 2.4835145473480225, 'computation_time': 0.040238142013549805, 'batch_time': 0.04438441325328313, 'rtc_check_time': 0.0030035309900995344, 'experiment_id': 'exp_20240620_013617', 'client_id': '0'}
[2024-06-20 01:37:29,108][root][INFO] - Added data to batch for client 0: {'round': 5, 'step_no': 579, 'loss': 0.0386466383934021, 'accuracy': 0.9517926573753357, 'l2_norm': 2.496542453765869, 'computation_time': 0.042222023010253906, 'batch_time': 0.04680578617262654, 'rtc_check_time': 0.003336833993671462, 'experiment_id': 'exp_20240620_013617', 'client_id': '0'}
[2024-06-20 01:37:29,109][root][INFO] - Added data to batch for client 0: {'round': 5, 'step_no': 580, 'loss': 0.1854056864976883, 'accuracy': 0.9516826868057251, 'l2_norm': 2.5221011638641357, 'computation_time': 0.04621601104736328, 'batch_time': 0.05389594032021705, 'rtc_check_time': 0.006046762006008066, 'experiment_id': 'exp_20240620_013617', 'client_id': '0'}
[2024-06-20 01:37:29,111][root][INFO] - Added data to batch for client 0: {'round': 5, 'step_no': 581, 'loss': 0.17534884810447693, 'accuracy': 0.9518129825592041, 'l2_norm': 2.5483977794647217, 'computation_time': 0.05176997184753418, 'batch_time': 0.06015306590416003, 'rtc_check_time': 0.007170974000473507, 'experiment_id': 'exp_20240620_013617', 'client_id': '0'}
[2024-06-20 01:37:29,112][root][INFO] - Added data to batch for client 0: {'round': 5, 'step_no': 582, 'loss': 0.03527791425585747, 'accuracy': 0.9521780014038086, 'l2_norm': 2.5496859550476074, 'computation_time': 0.04964089393615723, 'batch_time': 0.055979221579036675, 'rtc_check_time': 0.0045232470001792535, 'experiment_id': 'exp_20240620_013617', 'client_id': '0'}
[2024-06-20 01:37:29,113][root][INFO] - Added data to batch for client 0: {'round': 5, 'step_no': 583, 'loss': 0.0464339405298233, 'accuracy': 0.9525375962257385, 'l2_norm': 2.537909984588623, 'computation_time': 0.04058718681335449, 'batch_time': 0.04796686892223079, 'rtc_check_time': 0.006076962992665358, 'experiment_id': 'exp_20240620_013617', 'client_id': '0'}
[2024-06-20 01:37:29,114][root][INFO] - Added data to batch for client 0: {'round': 5, 'step_no': 584, 'loss': 0.46252572536468506, 'accuracy': 0.9521921873092651, 'l2_norm': 2.590203046798706, 'computation_time': 0.05369997024536133, 'batch_time': 0.05792457271309104, 'rtc_check_time': 0.0025144259998342022, 'experiment_id': 'exp_20240620_013617', 'client_id': '0'}
[2024-06-20 01:37:29,115][root][INFO] - Added data to batch for client 0: {'round': 5, 'step_no': 585, 'loss': 0.022231757640838623, 'accuracy': 0.9525462985038757, 'l2_norm': 2.59340763092041, 'computation_time': 0.04103994369506836, 'batch_time': 0.04480712361691985, 'rtc_check_time': 0.002572226003394462, 'experiment_id': 'exp_20240620_013617', 'client_id': '0'}
[2024-06-20 01:37:29,116][root][INFO] - Added data to batch for client 0: {'round': 5, 'step_no': 586, 'loss': 0.20132330060005188, 'accuracy': 0.9524356722831726, 'l2_norm': 2.6526432037353516, 'computation_time': 0.04822683334350586, 'batch_time': 0.050852759639383294, 'rtc_check_time': 0.001487715999246575, 'experiment_id': 'exp_20240620_013617', 'client_id': '0'}
[2024-06-20 01:37:29,117][root][INFO] - Added data to batch for client 0: {'round': 5, 'step_no': 587, 'loss': 0.01784931868314743, 'accuracy': 0.9527828693389893, 'l2_norm': 2.656627893447876, 'computation_time': 0.04936408996582031, 'batch_time': 0.059338442733860575, 'rtc_check_time': 0.00866328900156077, 'experiment_id': 'exp_20240620_013617', 'client_id': '0'}
[2024-06-20 01:37:29,118][root][INFO] - Added data to batch for client 0: {'round': 5, 'step_no': 588, 'loss': 0.12727288901805878, 'accuracy': 0.9524456262588501, 'l2_norm': 2.653238534927368, 'computation_time': 0.04864907264709473, 'batch_time': 0.05247083128779195, 'rtc_check_time': 0.0021838230022694916, 'experiment_id': 'exp_20240620_013617', 'client_id': '0'}
[2024-06-20 01:37:29,119][root][INFO] - Added data to batch for client 0: {'round': 5, 'step_no': 589, 'loss': 0.058789581060409546, 'accuracy': 0.9527877569198608, 'l2_norm': 2.6733312606811523, 'computation_time': 0.03968191146850586, 'batch_time': 0.04427294353081379, 'rtc_check_time': 0.003501935992971994, 'experiment_id': 'exp_20240620_013617', 'client_id': '0'}
[2024-06-20 01:37:29,121][root][INFO] - Added data to batch for client 0: {'round': 5, 'step_no': 590, 'loss': 0.12199748307466507, 'accuracy': 0.9526785612106323, 'l2_norm': 2.68206787109375, 'computation_time': 0.05193495750427246, 'batch_time': 0.05559493805048987, 'rtc_check_time': 0.00214912201045081, 'experiment_id': 'exp_20240620_013617', 'client_id': '0'}
[2024-06-20 01:37:29,122][root][INFO] - Added data to batch for client 0: {'round': 5, 'step_no': 591, 'loss': 0.11169998347759247, 'accuracy': 0.952570915222168, 'l2_norm': 2.6927566528320312, 'computation_time': 0.03908395767211914, 'batch_time': 0.043273072165902704, 'rtc_check_time': 0.0031100320047698915, 'experiment_id': 'exp_20240620_013617', 'client_id': '0'}
[2024-06-20 01:37:29,123][root][INFO] - Added data to batch for client 0: {'round': 5, 'step_no': 592, 'loss': 0.12015216797590256, 'accuracy': 0.952464759349823, 'l2_norm': 2.7248945236206055, 'computation_time': 0.0436100959777832, 'batch_time': 0.04886421444825828, 'rtc_check_time': 0.0039392400067299604, 'experiment_id': 'exp_20240620_013617', 'client_id': '0'}
[2024-06-20 01:37:29,124][root][INFO] - Added data to batch for client 0: {'round': 5, 'step_no': 593, 'loss': 0.20615516602993011, 'accuracy': 0.9523601531982422, 'l2_norm': 2.7593753337860107, 'computation_time': 0.050314903259277344, 'batch_time': 0.05692322499817237, 'rtc_check_time': 0.005436256004031748, 'experiment_id': 'exp_20240620_013617', 'client_id': '0'}
[2024-06-20 01:37:29,126][root][INFO] - Added data to batch for client 0: {'round': 5, 'step_no': 594, 'loss': 0.0895201712846756, 'accuracy': 0.9524739384651184, 'l2_norm': 2.822469472885132, 'computation_time': 0.04004192352294922, 'batch_time': 0.04341170752013568, 'rtc_check_time': 0.0022995229955995455, 'experiment_id': 'exp_20240620_013617', 'client_id': '0'}
[2024-06-20 01:37:29,127][root][INFO] - Added data to batch for client 0: {'round': 5, 'step_no': 595, 'loss': 0.07331524044275284, 'accuracy': 0.9525862336158752, 'l2_norm': 2.830345869064331, 'computation_time': 0.04291486740112305, 'batch_time': 0.04724091479147319, 'rtc_check_time': 0.0031251330074155703, 'experiment_id': 'exp_20240620_013617', 'client_id': '0'}
[2024-06-20 01:37:29,128][root][INFO] - Added data to batch for client 0: {'round': 5, 'step_no': 596, 'loss': 0.36614859104156494, 'accuracy': 0.9524828791618347, 'l2_norm': 2.875114917755127, 'computation_time': 0.04172492027282715, 'batch_time': 0.051483120128978044, 'rtc_check_time': 0.008623089001048356, 'experiment_id': 'exp_20240620_013617', 'client_id': '0'}
[2024-06-20 01:37:29,130][root][INFO] - Added data to batch for client 0: {'round': 5, 'step_no': 597, 'loss': 0.04476243630051613, 'accuracy': 0.9528061151504517, 'l2_norm': 2.8698596954345703, 'computation_time': 0.0403439998626709, 'batch_time': 0.044896422303281724, 'rtc_check_time': 0.0031276330118998885, 'experiment_id': 'exp_20240620_013617', 'client_id': '0'}
[2024-06-20 01:37:29,131][root][INFO] - Added data to batch for client 0: {'round': 5, 'step_no': 598, 'loss': 0.10036155581474304, 'accuracy': 0.9529138803482056, 'l2_norm': 2.8814284801483154, 'computation_time': 0.04601311683654785, 'batch_time': 0.049284448265098035, 'rtc_check_time': 0.00172351801302284, 'experiment_id': 'exp_20240620_013617', 'client_id': '0'}
[2024-06-20 01:37:29,132][root][INFO] - Added data to batch for client 0: {'round': 5, 'step_no': 599, 'loss': 0.20367097854614258, 'accuracy': 0.9526006579399109, 'l2_norm': 2.922774076461792, 'computation_time': 0.044695138931274414, 'batch_time': 0.052057655339012854, 'rtc_check_time': 0.006281764988671057, 'experiment_id': 'exp_20240620_013617', 'client_id': '0'}
[2024-06-20 01:37:29,134][root][INFO] - Added data to batch for client 0: {'round': 5, 'step_no': 600, 'loss': 0.29973843693733215, 'accuracy': 0.9522916674613953, 'l2_norm': 2.9869275093078613, 'computation_time': 0.04160594940185547, 'batch_time': 0.04737954099255148, 'rtc_check_time': 0.004649447990232147, 'experiment_id': 'exp_20240620_013617', 'client_id': '0'}
[2024-06-20 01:37:29,135][root][INFO] - Added data to batch for client 0: {'round': 5, 'step_no': 601, 'loss': 0.21444346010684967, 'accuracy': 0.9519867300987244, 'l2_norm': 3.016599178314209, 'computation_time': 0.0455629825592041, 'batch_time': 0.04847700716345571, 'rtc_check_time': 0.0017181170114781708, 'experiment_id': 'exp_20240620_013617', 'client_id': '0'}
[2024-06-20 01:37:29,137][root][INFO] - Added data to batch for client 0: {'round': 5, 'step_no': 602, 'loss': 0.17646321654319763, 'accuracy': 0.9518914222717285, 'l2_norm': 3.0362300872802734, 'computation_time': 0.053237199783325195, 'batch_time': 0.05695352770271711, 'rtc_check_time': 0.002531625999836251, 'experiment_id': 'exp_20240620_013617', 'client_id': '0'}
[2024-06-20 01:37:29,140][root][INFO] - Added data to batch for client 0: {'round': 5, 'step_no': 603, 'loss': 0.08741483092308044, 'accuracy': 0.9520016312599182, 'l2_norm': 3.0444467067718506, 'computation_time': 0.041419029235839844, 'batch_time': 0.043987103301333264, 'rtc_check_time': 0.001407214003847912, 'experiment_id': 'exp_20240620_013617', 'client_id': '0'}
[2024-06-20 01:37:29,142][root][INFO] - Added data to batch for client 0: {'round': 5, 'step_no': 604, 'loss': 0.16670513153076172, 'accuracy': 0.9519074559211731, 'l2_norm': 3.109687566757202, 'computation_time': 0.04407310485839844, 'batch_time': 0.04734006988292094, 'rtc_check_time': 0.0016550170112168416, 'experiment_id': 'exp_20240620_013617', 'client_id': '0'}
[2024-06-20 01:37:29,143][root][INFO] - Added data to batch for client 0: {'round': 5, 'step_no': 605, 'loss': 0.0725211426615715, 'accuracy': 0.9520161151885986, 'l2_norm': 3.1284351348876953, 'computation_time': 0.04494285583496094, 'batch_time': 0.05369327035441529, 'rtc_check_time': 0.007709479003096931, 'experiment_id': 'exp_20240620_013617', 'client_id': '0'}
[2024-06-20 01:37:29,144][root][INFO] - Added data to batch for client 0: {'round': 5, 'step_no': 606, 'loss': 0.06964413821697235, 'accuracy': 0.9523237347602844, 'l2_norm': 3.138392925262451, 'computation_time': 0.0491640567779541, 'batch_time': 0.05230731173651293, 'rtc_check_time': 0.001891318999696523, 'experiment_id': 'exp_20240620_013617', 'client_id': '0'}
[2024-06-20 01:37:29,145][root][INFO] - Added data to batch for client 0: {'round': 5, 'step_no': 607, 'loss': 0.12112293392419815, 'accuracy': 0.9524283409118652, 'l2_norm': 3.155362606048584, 'computation_time': 0.05403590202331543, 'batch_time': 0.05787547070940491, 'rtc_check_time': 0.0022574229951715097, 'experiment_id': 'exp_20240620_013617', 'client_id': '0'}
[2024-06-20 01:37:29,146][root][INFO] - Added data to batch for client 0: {'round': 5, 'step_no': 608, 'loss': 0.15151992440223694, 'accuracy': 0.952531635761261, 'l2_norm': 3.181605100631714, 'computation_time': 0.05762505531311035, 'batch_time': 0.06070841586915776, 'rtc_check_time': 0.0018624190124683082, 'experiment_id': 'exp_20240620_013617', 'client_id': '0'}
[2024-06-20 01:37:29,147][root][INFO] - Added data to batch for client 0: {'round': 5, 'step_no': 609, 'loss': 0.19611690938472748, 'accuracy': 0.9524371027946472, 'l2_norm': 3.2122457027435303, 'computation_time': 0.04697585105895996, 'batch_time': 0.05316299958212767, 'rtc_check_time': 0.005094953012303449, 'experiment_id': 'exp_20240620_013617', 'client_id': '0'}
[2024-06-20 01:37:29,149][root][INFO] - Added data to batch for client 0: {'round': 5, 'step_no': 610, 'loss': 0.018382806330919266, 'accuracy': 0.9527343511581421, 'l2_norm': 3.211547374725342, 'computation_time': 0.04513692855834961, 'batch_time': 0.04781348390679341, 'rtc_check_time': 0.001491615010309033, 'experiment_id': 'exp_20240620_013617', 'client_id': '0'}
[2024-06-20 01:37:29,150][root][INFO] - Added data to batch for client 0: {'round': 5, 'step_no': 611, 'loss': 0.10630994290113449, 'accuracy': 0.9526397585868835, 'l2_norm': 3.240994930267334, 'computation_time': 0.04347109794616699, 'batch_time': 0.04756138207449112, 'rtc_check_time': 0.0028593290044227615, 'experiment_id': 'exp_20240620_013617', 'client_id': '0'}
[2024-06-20 01:37:29,151][root][INFO] - Added data to batch for client 0: {'round': 5, 'step_no': 612, 'loss': 0.20324672758579254, 'accuracy': 0.9519675970077515, 'l2_norm': 3.2631514072418213, 'computation_time': 0.04884600639343262, 'batch_time': 0.05231434589950368, 'rtc_check_time': 0.0016294170054607093, 'experiment_id': 'exp_20240620_013617', 'client_id': '0'}
[2024-06-20 01:37:29,152][root][INFO] - Added data to batch for client 0: {'round': 5, 'step_no': 613, 'loss': 0.16014620661735535, 'accuracy': 0.9520705342292786, 'l2_norm': 3.272794485092163, 'computation_time': 0.050753116607666016, 'batch_time': 0.05345699351164512, 'rtc_check_time': 0.0014679149899166077, 'experiment_id': 'exp_20240620_013617', 'client_id': '0'}
[2024-06-20 01:37:29,153][root][INFO] - Added data to batch for client 0: {'round': 5, 'step_no': 614, 'loss': 0.043251484632492065, 'accuracy': 0.9523627758026123, 'l2_norm': 3.284620761871338, 'computation_time': 0.0395050048828125, 'batch_time': 0.04323592135915533, 'rtc_check_time': 0.0026108259917236865, 'experiment_id': 'exp_20240620_013617', 'client_id': '0'}
[2024-06-20 01:37:29,155][root][INFO] - Added data to batch for client 0: {'round': 5, 'step_no': 615, 'loss': 0.014961454086005688, 'accuracy': 0.9526515007019043, 'l2_norm': 3.2891688346862793, 'computation_time': 0.03896212577819824, 'batch_time': 0.04828104062471539, 'rtc_check_time': 0.008289185003377497, 'experiment_id': 'exp_20240620_013617', 'client_id': '0'}
[2024-06-20 01:37:29,156][root][INFO] - Added data to batch for client 0: {'round': 5, 'step_no': 616, 'loss': 0.30499085783958435, 'accuracy': 0.9527484774589539, 'l2_norm': 3.3288943767547607, 'computation_time': 0.051702022552490234, 'batch_time': 0.05430729303043336, 'rtc_check_time': 0.001621317001990974, 'experiment_id': 'exp_20240620_013617', 'client_id': '0'}
[2024-06-20 01:37:29,157][root][INFO] - Added data to batch for client 0: {'round': 5, 'step_no': 617, 'loss': 0.12901881337165833, 'accuracy': 0.9528443217277527, 'l2_norm': 3.3503644466400146, 'computation_time': 0.04002118110656738, 'batch_time': 0.044613382749957964, 'rtc_check_time': 0.0034623359970282763, 'experiment_id': 'exp_20240620_013617', 'client_id': '0'}
[2024-06-20 01:37:29,159][root][INFO] - Added data to batch for client 0: {'round': 5, 'step_no': 618, 'loss': 0.22792948782444, 'accuracy': 0.952752947807312, 'l2_norm': 3.3866429328918457, 'computation_time': 0.04999113082885742, 'batch_time': 0.05486862095131073, 'rtc_check_time': 0.0032307329965988174, 'experiment_id': 'exp_20240620_013617', 'client_id': '0'}
[2024-06-20 01:37:29,160][root][INFO] - Added data to batch for client 0: {'round': 5, 'step_no': 619, 'loss': 0.08247793465852737, 'accuracy': 0.9528476595878601, 'l2_norm': 3.4046730995178223, 'computation_time': 0.047564029693603516, 'batch_time': 0.05127709044609219, 'rtc_check_time': 0.002497125999070704, 'experiment_id': 'exp_20240620_013617', 'client_id': '0'}
[2024-06-20 01:37:29,161][root][INFO] - Added data to batch for client 0: {'round': 5, 'step_no': 620, 'loss': 0.04173068702220917, 'accuracy': 0.953125, 'l2_norm': 3.396470069885254, 'computation_time': 0.04306507110595703, 'batch_time': 0.04700650175800547, 'rtc_check_time': 0.002675427997019142, 'experiment_id': 'exp_20240620_013617', 'client_id': '0'}
[2024-06-20 01:37:29,162][root][INFO] - Added data to batch for client 0: {'round': 5, 'step_no': 621, 'loss': 0.01693071983754635, 'accuracy': 0.953399121761322, 'l2_norm': 3.3826141357421875, 'computation_time': 0.039275169372558594, 'batch_time': 0.04211900371592492, 'rtc_check_time': 0.0017819179920479655, 'experiment_id': 'exp_20240620_013617', 'client_id': '0'}
[2024-06-20 01:37:29,163][root][INFO] - Added data to batch for client 0: {'round': 5, 'step_no': 622, 'loss': 0.06536383926868439, 'accuracy': 0.9534883499145508, 'l2_norm': 3.416079521179199, 'computation_time': 0.04427790641784668, 'batch_time': 0.0481409233470913, 'rtc_check_time': 0.002531926002120599, 'experiment_id': 'exp_20240620_013617', 'client_id': '0'}
[2024-06-20 01:37:29,165][root][INFO] - Added data to batch for client 0: {'round': 5, 'step_no': 623, 'loss': 0.07399755716323853, 'accuracy': 0.9535765647888184, 'l2_norm': 3.4252402782440186, 'computation_time': 0.04413580894470215, 'batch_time': 0.04713566541613545, 'rtc_check_time': 0.0018416190141579136, 'experiment_id': 'exp_20240620_013617', 'client_id': '0'}
[2024-06-20 01:37:29,166][root][INFO] - Added data to batch for client 0: {'round': 5, 'step_no': 624, 'loss': 0.1412314623594284, 'accuracy': 0.9536637663841248, 'l2_norm': 3.491227388381958, 'computation_time': 0.04114794731140137, 'batch_time': 0.044576445361599326, 'rtc_check_time': 0.0021856219973415136, 'experiment_id': 'exp_20240620_013617', 'client_id': '0'}
[2024-06-20 01:37:29,167][root][INFO] - Added data to batch for client 0: {'round': 5, 'step_no': 625, 'loss': 0.05880030244588852, 'accuracy': 0.9537500143051147, 'l2_norm': 3.50004506111145, 'computation_time': 0.04000687599182129, 'batch_time': 0.043433928047306836, 'rtc_check_time': 0.0023818250047042966, 'experiment_id': 'exp_20240620_013617', 'client_id': '0'}
[2024-06-20 01:37:29,168][root][INFO] - Added data to batch for client 0: {'round': 5, 'step_no': 626, 'loss': 0.16958270967006683, 'accuracy': 0.9538352489471436, 'l2_norm': 3.5522420406341553, 'computation_time': 0.04465079307556152, 'batch_time': 0.04772165864415001, 'rtc_check_time': 0.001877818998764269, 'experiment_id': 'exp_20240620_013617', 'client_id': '0'}
[2024-06-20 01:37:29,169][root][INFO] - Added data to batch for client 0: {'round': 5, 'step_no': 627, 'loss': 0.2869141697883606, 'accuracy': 0.9533898234367371, 'l2_norm': 3.592463970184326, 'computation_time': 0.041658878326416016, 'batch_time': 0.04446198383811861, 'rtc_check_time': 0.001751917996443808, 'experiment_id': 'exp_20240620_013617', 'client_id': '0'}
[2024-06-20 01:37:29,172][root][INFO] - Added data to batch for client 0: {'round': 5, 'step_no': 628, 'loss': 0.037243202328681946, 'accuracy': 0.9536516666412354, 'l2_norm': 3.5955212116241455, 'computation_time': 0.04565882682800293, 'batch_time': 0.049320652717142366, 'rtc_check_time': 0.002428724998026155, 'experiment_id': 'exp_20240620_013617', 'client_id': '0'}
[2024-06-20 01:37:29,175][root][INFO] - Added data to batch for client 0: {'round': 5, 'step_no': 629, 'loss': 0.18513235449790955, 'accuracy': 0.9537360072135925, 'l2_norm': 3.6551785469055176, 'computation_time': 0.03922891616821289, 'batch_time': 0.04211851765285246, 'rtc_check_time': 0.0018105189956258982, 'experiment_id': 'exp_20240620_013617', 'client_id': '0'}
[2024-06-20 01:37:29,177][root][INFO] - Added data to batch for client 0: {'round': 5, 'step_no': 630, 'loss': 0.03957158699631691, 'accuracy': 0.9539930820465088, 'l2_norm': 3.637096405029297, 'computation_time': 0.04111218452453613, 'batch_time': 0.04374092705256771, 'rtc_check_time': 0.0014209140063030645, 'experiment_id': 'exp_20240620_013617', 'client_id': '0'}
[2024-06-20 01:37:29,178][root][INFO] - Added data to batch for client 0: {'round': 5, 'step_no': 631, 'loss': 0.235309898853302, 'accuracy': 0.9539019465446472, 'l2_norm': 3.6993486881256104, 'computation_time': 0.04165005683898926, 'batch_time': 0.04709202081721742, 'rtc_check_time': 0.004272044010576792, 'experiment_id': 'exp_20240620_013617', 'client_id': '0'}
[2024-06-20 01:37:29,179][root][INFO] - Added data to batch for client 0: {'round': 5, 'step_no': 632, 'loss': 0.02463037334382534, 'accuracy': 0.9541552066802979, 'l2_norm': 3.7031400203704834, 'computation_time': 0.04727315902709961, 'batch_time': 0.04974141830462031, 'rtc_check_time': 0.001353414001641795, 'experiment_id': 'exp_20240620_013617', 'client_id': '0'}
[2024-06-20 01:37:29,180][root][INFO] - Added data to batch for client 0: {'round': 5, 'step_no': 633, 'loss': 0.04277272894978523, 'accuracy': 0.9544057250022888, 'l2_norm': 3.6964893341064453, 'computation_time': 0.03944110870361328, 'batch_time': 0.04390473551757168, 'rtc_check_time': 0.003313734006951563, 'experiment_id': 'exp_20240620_013617', 'client_id': '0'}
[2024-06-20 01:37:29,181][root][INFO] - Added data to batch for client 0: {'round': 5, 'step_no': 634, 'loss': 0.24928028881549835, 'accuracy': 0.954483687877655, 'l2_norm': 3.7349164485931396, 'computation_time': 0.03951692581176758, 'batch_time': 0.04272771747491788, 'rtc_check_time': 0.002108820990542881, 'experiment_id': 'exp_20240620_013617', 'client_id': '0'}
[2024-06-20 01:37:29,183][root][INFO] - Added data to batch for client 0: {'round': 5, 'step_no': 635, 'loss': 0.26184430718421936, 'accuracy': 0.9543918967247009, 'l2_norm': 3.755737781524658, 'computation_time': 0.04024815559387207, 'batch_time': 0.04498068102111574, 'rtc_check_time': 0.0035156369995092973, 'experiment_id': 'exp_20240620_013617', 'client_id': '0'}
[2024-06-20 01:37:29,184][root][INFO] - Added data to batch for client 0: {'round': 5, 'step_no': 636, 'loss': 0.18527740240097046, 'accuracy': 0.9543010592460632, 'l2_norm': 3.8056299686431885, 'computation_time': 0.05119180679321289, 'batch_time': 0.054665127012412995, 'rtc_check_time': 0.0018151190015487373, 'experiment_id': 'exp_20240620_013617', 'client_id': '0'}
[2024-06-20 01:37:29,185][root][INFO] - Added data to batch for client 0: {'round': 5, 'step_no': 637, 'loss': 0.2374635487794876, 'accuracy': 0.9542112350463867, 'l2_norm': 3.8505518436431885, 'computation_time': 0.04344511032104492, 'batch_time': 0.04957397702673916, 'rtc_check_time': 0.00489815000037197, 'experiment_id': 'exp_20240620_013617', 'client_id': '0'}
[2024-06-20 01:37:29,188][root][INFO] - Added data to batch for client 0: {'round': 5, 'step_no': 638, 'loss': 0.04010622948408127, 'accuracy': 0.954454779624939, 'l2_norm': 3.8586947917938232, 'computation_time': 0.0439910888671875, 'batch_time': 0.05842949413636234, 'rtc_check_time': 0.013200536006479524, 'experiment_id': 'exp_20240620_013617', 'client_id': '0'}
[2024-06-20 01:37:29,190][root][INFO] - Added data to batch for client 0: {'round': 5, 'step_no': 639, 'loss': 0.08962176740169525, 'accuracy': 0.9545304179191589, 'l2_norm': 3.8806943893432617, 'computation_time': 0.04773688316345215, 'batch_time': 0.050864160133642145, 'rtc_check_time': 0.002029120994848199, 'experiment_id': 'exp_20240620_013617', 'client_id': '0'}
[2024-06-20 01:37:29,191][root][INFO] - Added data to batch for client 0: {'round': 5, 'step_no': 640, 'loss': 0.35240182280540466, 'accuracy': 0.9541118144989014, 'l2_norm': 3.919255495071411, 'computation_time': 0.04369401931762695, 'batch_time': 0.04701367033703718, 'rtc_check_time': 0.001997619998292066, 'experiment_id': 'exp_20240620_013617', 'client_id': '0'}
[2024-06-20 01:37:29,192][root][INFO] - Added data to batch for client 0: {'round': 5, 'step_no': 641, 'loss': 0.0741141065955162, 'accuracy': 0.9541884660720825, 'l2_norm': 3.9229941368103027, 'computation_time': 0.04069805145263672, 'batch_time': 0.04554206394823268, 'rtc_check_time': 0.003598037001211196, 'experiment_id': 'exp_20240620_013617', 'client_id': '0'}
[2024-06-20 01:37:29,194][root][INFO] - Added data to batch for client 0: {'round': 5, 'step_no': 642, 'loss': 0.15261635184288025, 'accuracy': 0.9542643427848816, 'l2_norm': 3.9261345863342285, 'computation_time': 0.04538297653198242, 'batch_time': 0.051590175076853484, 'rtc_check_time': 0.004737348004709929, 'experiment_id': 'exp_20240620_013617', 'client_id': '0'}
[2024-06-20 01:37:29,195][root][INFO] - Added data to batch for client 0: {'round': 5, 'step_no': 643, 'loss': 0.3337289094924927, 'accuracy': 0.9541774392127991, 'l2_norm': 3.961771249771118, 'computation_time': 0.052870988845825195, 'batch_time': 0.056157626371714287, 'rtc_check_time': 0.0019324199965922162, 'experiment_id': 'exp_20240620_013617', 'client_id': '0'}
[2024-06-20 01:37:29,196][root][INFO] - Added data to batch for client 0: {'round': 5, 'step_no': 644, 'loss': 0.11558498442173004, 'accuracy': 0.954091489315033, 'l2_norm': 4.01486873626709, 'computation_time': 0.049429893493652344, 'batch_time': 0.05190937167208176, 'rtc_check_time': 0.0013043130020378157, 'experiment_id': 'exp_20240620_013617', 'client_id': '0'}
[2024-06-20 01:37:29,197][root][INFO] - Added data to batch for client 0: {'round': 5, 'step_no': 645, 'loss': 0.11054376512765884, 'accuracy': 0.9541666507720947, 'l2_norm': 4.055942058563232, 'computation_time': 0.04477500915527344, 'batch_time': 0.04958401290059555, 'rtc_check_time': 0.0036369380104588345, 'experiment_id': 'exp_20240620_013617', 'client_id': '0'}
[2024-06-20 01:37:29,198][root][INFO] - Added data to batch for client 0: {'round': 5, 'step_no': 646, 'loss': 0.1160404309630394, 'accuracy': 0.9542410969734192, 'l2_norm': 4.059656620025635, 'computation_time': 0.04556393623352051, 'batch_time': 0.048547724436502904, 'rtc_check_time': 0.0016286169993691146, 'experiment_id': 'exp_20240620_013617', 'client_id': '0'}
[2024-06-20 01:37:29,200][root][INFO] - Added data to batch for client 0: {'round': 5, 'step_no': 647, 'loss': 0.08257726579904556, 'accuracy': 0.9543147087097168, 'l2_norm': 4.087791442871094, 'computation_time': 0.045187950134277344, 'batch_time': 0.049479184788651764, 'rtc_check_time': 0.0030252319993451238, 'experiment_id': 'exp_20240620_013617', 'client_id': '0'}
[2024-06-20 01:37:29,201][root][INFO] - Added data to batch for client 0: {'round': 5, 'step_no': 648, 'loss': 0.11117683351039886, 'accuracy': 0.9543876051902771, 'l2_norm': 4.0961384773254395, 'computation_time': 0.04513287544250488, 'batch_time': 0.051435596353258006, 'rtc_check_time': 0.005025751001085155, 'experiment_id': 'exp_20240620_013617', 'client_id': '0'}
[2024-06-20 01:37:29,202][root][INFO] - Added data to batch for client 0: {'round': 5, 'step_no': 649, 'loss': 0.02348381280899048, 'accuracy': 0.9546168446540833, 'l2_norm': 4.088027477264404, 'computation_time': 0.04352283477783203, 'batch_time': 0.04747232059889939, 'rtc_check_time': 0.0027762279933085665, 'experiment_id': 'exp_20240620_013617', 'client_id': '0'}
[2024-06-20 01:37:29,204][root][INFO] - Added data to batch for client 0: {'round': 5, 'step_no': 650, 'loss': 0.07034900784492493, 'accuracy': 0.9546874761581421, 'l2_norm': 4.10574197769165, 'computation_time': 0.0426177978515625, 'batch_time': 0.047679674651590176, 'rtc_check_time': 0.0039427399897249416, 'experiment_id': 'exp_20240620_013617', 'client_id': '0'}
[2024-06-20 01:37:29,207][root][INFO] - Added data to batch for client 0: {'round': 5, 'step_no': 651, 'loss': 0.12843117117881775, 'accuracy': 0.9546020030975342, 'l2_norm': 4.136235237121582, 'computation_time': 0.0450439453125, 'batch_time': 0.053124886224395595, 'rtc_check_time': 0.006803971002227627, 'experiment_id': 'exp_20240620_013617', 'client_id': '0'}
[2024-06-20 01:37:29,208][root][INFO] - Added data to batch for client 0: {'round': 5, 'step_no': 652, 'loss': 0.15412451326847076, 'accuracy': 0.9546720385551453, 'l2_norm': 4.215449333190918, 'computation_time': 0.06098580360412598, 'batch_time': 0.06625350238755345, 'rtc_check_time': 0.003561337012797594, 'experiment_id': 'exp_20240620_013617', 'client_id': '0'}
[2024-06-20 01:37:29,210][root][INFO] - Added data to batch for client 0: {'round': 5, 'step_no': 653, 'loss': 0.026881055906414986, 'accuracy': 0.9548953175544739, 'l2_norm': 4.213203430175781, 'computation_time': 0.08906197547912598, 'batch_time': 0.09589157691516448, 'rtc_check_time': 0.004085642009158619, 'experiment_id': 'exp_20240620_013617', 'client_id': '0'}
[2024-06-20 01:37:29,211][root][INFO] - Added data to batch for client 0: {'round': 5, 'step_no': 654, 'loss': 0.03953935205936432, 'accuracy': 0.9551164507865906, 'l2_norm': 4.244755744934082, 'computation_time': 0.07149505615234375, 'batch_time': 0.07658984142472036, 'rtc_check_time': 0.003772038995521143, 'experiment_id': 'exp_20240620_013617', 'client_id': '0'}
[2024-06-20 01:37:29,212][root][INFO] - Added data to batch for client 0: {'round': 5, 'step_no': 655, 'loss': 0.29293322563171387, 'accuracy': 0.9547256231307983, 'l2_norm': 4.307246685028076, 'computation_time': 0.04963207244873047, 'batch_time': 0.058536985859973356, 'rtc_check_time': 0.0074419770098757, 'experiment_id': 'exp_20240620_013617', 'client_id': '0'}
[2024-06-20 01:37:29,213][root][INFO] - Added data to batch for client 0: {'round': 5, 'step_no': 656, 'loss': 0.18614807724952698, 'accuracy': 0.9544903039932251, 'l2_norm': 4.354160785675049, 'computation_time': 0.03868913650512695, 'batch_time': 0.04299477601307444, 'rtc_check_time': 0.0031519320036750287, 'experiment_id': 'exp_20240620_013617', 'client_id': '0'}
[2024-06-20 01:37:29,215][root][INFO] - Added data to batch for client 0: {'round': 5, 'step_no': 657, 'loss': 0.03654571995139122, 'accuracy': 0.9547101259231567, 'l2_norm': 4.3499555587768555, 'computation_time': 0.04070091247558594, 'batch_time': 0.043570093796006404, 'rtc_check_time': 0.001769117996445857, 'experiment_id': 'exp_20240620_013617', 'client_id': '0'}
[2024-06-20 01:37:29,216][root][INFO] - Added data to batch for client 0: {'round': 5, 'step_no': 658, 'loss': 0.02584381029009819, 'accuracy': 0.9549278616905212, 'l2_norm': 4.355897426605225, 'computation_time': 0.0437009334564209, 'batch_time': 0.053887359506916255, 'rtc_check_time': 0.008684389002155513, 'experiment_id': 'exp_20240620_013617', 'client_id': '0'}
[2024-06-20 01:37:29,217][root][INFO] - Added data to batch for client 0: {'round': 5, 'step_no': 659, 'loss': 0.14353518187999725, 'accuracy': 0.9548444747924805, 'l2_norm': 4.357130527496338, 'computation_time': 0.05432009696960449, 'batch_time': 0.060982677663560025, 'rtc_check_time': 0.004746648992295377, 'experiment_id': 'exp_20240620_013617', 'client_id': '0'}
[2024-06-20 01:37:29,219][root][INFO] - Added data to batch for client 0: {'round': 5, 'step_no': 660, 'loss': 0.16088992357254028, 'accuracy': 0.9547619223594666, 'l2_norm': 4.375648498535156, 'computation_time': 0.050215959548950195, 'batch_time': 0.054422470420831814, 'rtc_check_time': 0.0030275309982243925, 'experiment_id': 'exp_20240620_013617', 'client_id': '0'}
[2024-06-20 01:37:29,220][root][INFO] - Added data to batch for client 0: {'round': 5, 'step_no': 661, 'loss': 0.4562755227088928, 'accuracy': 0.9542357921600342, 'l2_norm': 4.500030040740967, 'computation_time': 0.04746508598327637, 'batch_time': 0.05144297030346934, 'rtc_check_time': 0.002710927990847267, 'experiment_id': 'exp_20240620_013617', 'client_id': '0'}
[2024-06-20 01:37:29,222][root][INFO] - Added data to batch for client 0: {'round': 5, 'step_no': 662, 'loss': 0.05808550864458084, 'accuracy': 0.9544516801834106, 'l2_norm': 4.5194525718688965, 'computation_time': 0.05923008918762207, 'batch_time': 0.062172974037821405, 'rtc_check_time': 0.0017770179983926937, 'experiment_id': 'exp_20240620_013617', 'client_id': '0'}
[2024-06-20 01:37:29,223][root][INFO] - Added data to batch for client 0: {'round': 5, 'step_no': 663, 'loss': 0.16570159792900085, 'accuracy': 0.9543720483779907, 'l2_norm': 4.579098224639893, 'computation_time': 0.04833197593688965, 'batch_time': 0.051156455258023925, 'rtc_check_time': 0.0015165149961831048, 'experiment_id': 'exp_20240620_013617', 'client_id': '0'}
[2024-06-20 01:37:29,225][root][INFO] - Added data to batch for client 0: {'round': 5, 'step_no': 664, 'loss': 0.1748810112476349, 'accuracy': 0.9544392228126526, 'l2_norm': 4.615602970123291, 'computation_time': 0.050705909729003906, 'batch_time': 0.053357405166025274, 'rtc_check_time': 0.001475615004892461, 'experiment_id': 'exp_20240620_013617', 'client_id': '0'}
[2024-06-20 01:37:29,226][root][INFO] - Added data to batch for client 0: {'round': 5, 'step_no': 665, 'loss': 0.01938113011419773, 'accuracy': 0.9546511769294739, 'l2_norm': 4.6213202476501465, 'computation_time': 0.04503989219665527, 'batch_time': 0.051364459926844575, 'rtc_check_time': 0.004726447994471528, 'experiment_id': 'exp_20240620_013617', 'client_id': '0'}
[2024-06-20 01:37:29,228][root][INFO] - Added data to batch for client 0: {'round': 5, 'step_no': 666, 'loss': 0.02773265540599823, 'accuracy': 0.9547164440155029, 'l2_norm': 4.621775150299072, 'computation_time': 0.04180598258972168, 'batch_time': 0.04648653317417484, 'rtc_check_time': 0.003443634996074252, 'experiment_id': 'exp_20240620_013617', 'client_id': '0'}
[2024-06-20 01:37:29,229][root][INFO] - Added data to batch for client 0: {'round': 5, 'step_no': 667, 'loss': 0.20278576016426086, 'accuracy': 0.9544931054115295, 'l2_norm': 4.661166191101074, 'computation_time': 0.04563498497009277, 'batch_time': 0.04839811797137372, 'rtc_check_time': 0.0014542150020133704, 'experiment_id': 'exp_20240620_013617', 'client_id': '0'}
[2024-06-20 01:37:29,230][root][INFO] - Added data to batch for client 0: {'round': 5, 'step_no': 668, 'loss': 0.02867046929895878, 'accuracy': 0.954701840877533, 'l2_norm': 4.655679702758789, 'computation_time': 0.0430760383605957, 'batch_time': 0.045788124480168335, 'rtc_check_time': 0.0013991150044603273, 'experiment_id': 'exp_20240620_013617', 'client_id': '0'}
[2024-06-20 01:37:29,232][root][INFO] - Added data to batch for client 0: {'round': 5, 'step_no': 669, 'loss': 0.15940788388252258, 'accuracy': 0.9543378949165344, 'l2_norm': 4.660999298095703, 'computation_time': 0.04744601249694824, 'batch_time': 0.05093000576016493, 'rtc_check_time': 0.0024540250014979392, 'experiment_id': 'exp_20240620_013617', 'client_id': '0'}
[2024-06-20 01:37:29,233][root][INFO] - Added data to batch for client 0: {'round': 5, 'step_no': 670, 'loss': 0.15798665583133698, 'accuracy': 0.9542613625526428, 'l2_norm': 4.704660892486572, 'computation_time': 0.0423130989074707, 'batch_time': 0.04678498180874158, 'rtc_check_time': 0.0032490340090589598, 'experiment_id': 'exp_20240620_013617', 'client_id': '0'}
[2024-06-20 01:37:29,234][root][INFO] - Added data to batch for client 0: {'round': 5, 'step_no': 671, 'loss': 0.3451116681098938, 'accuracy': 0.9541855454444885, 'l2_norm': 4.726783752441406, 'computation_time': 0.04872894287109375, 'batch_time': 0.051841672175214626, 'rtc_check_time': 0.001766618006513454, 'experiment_id': 'exp_20240620_013617', 'client_id': '0'}
[2024-06-20 01:37:29,236][root][INFO] - Added data to batch for client 0: {'round': 5, 'step_no': 672, 'loss': 0.07833193242549896, 'accuracy': 0.9542511105537415, 'l2_norm': 4.7744855880737305, 'computation_time': 0.0671379566192627, 'batch_time': 0.07001458240847569, 'rtc_check_time': 0.0016447169909952208, 'experiment_id': 'exp_20240620_013617', 'client_id': '0'}
[2024-06-20 01:37:29,239][root][INFO] - Added data to batch for client 0: {'round': 5, 'step_no': 673, 'loss': 0.36072221398353577, 'accuracy': 0.9540358781814575, 'l2_norm': 4.773500442504883, 'computation_time': 0.04289102554321289, 'batch_time': 0.0455522402189672, 'rtc_check_time': 0.0014641149900853634, 'experiment_id': 'exp_20240620_013617', 'client_id': '0'}
[2024-06-20 01:37:29,243][root][INFO] - Added data to batch for client 0: {'round': 5, 'step_no': 674, 'loss': 0.05341431498527527, 'accuracy': 0.9542410969734192, 'l2_norm': 4.786105632781982, 'computation_time': 0.0428309440612793, 'batch_time': 0.04637543470016681, 'rtc_check_time': 0.002414624992525205, 'experiment_id': 'exp_20240620_013617', 'client_id': '0'}
[2024-06-20 01:37:29,244][root][INFO] - Added data to batch for client 0: {'round': 5, 'step_no': 675, 'loss': 0.15914368629455566, 'accuracy': 0.9541666507720947, 'l2_norm': 4.7975616455078125, 'computation_time': 0.04121708869934082, 'batch_time': 0.04404709106893279, 'rtc_check_time': 0.0017242169997189194, 'experiment_id': 'exp_20240620_013617', 'client_id': '0'}
[2024-06-20 01:37:29,245][root][INFO] - Added data to batch for client 0: {'round': 5, 'step_no': 676, 'loss': 0.04886347055435181, 'accuracy': 0.9543694853782654, 'l2_norm': 4.802897930145264, 'computation_time': 0.05311393737792969, 'batch_time': 0.05625493197294418, 'rtc_check_time': 0.001852819012128748, 'experiment_id': 'exp_20240620_013617', 'client_id': '0'}
[2024-06-20 01:37:29,247][root][INFO] - Added data to batch for client 0: {'round': 5, 'step_no': 677, 'loss': 0.16064536571502686, 'accuracy': 0.9542951583862305, 'l2_norm': 4.816523551940918, 'computation_time': 0.05264711380004883, 'batch_time': 0.059087939123855904, 'rtc_check_time': 0.005091853003250435, 'experiment_id': 'exp_20240620_013617', 'client_id': '0'}
[2024-06-20 01:37:29,249][root][INFO] - Added data to batch for client 0: {'round': 5, 'step_no': 678, 'loss': 0.021271083503961563, 'accuracy': 0.9544956088066101, 'l2_norm': 4.823713302612305, 'computation_time': 0.045851945877075195, 'batch_time': 0.04894906653498765, 'rtc_check_time': 0.0018311180028831586, 'experiment_id': 'exp_20240620_013617', 'client_id': '0'}
[2024-06-20 01:37:29,250][root][INFO] - Added data to batch for client 0: {'round': 5, 'step_no': 679, 'loss': 0.04219427332282066, 'accuracy': 0.9546943306922913, 'l2_norm': 4.819495677947998, 'computation_time': 0.06490802764892578, 'batch_time': 0.07146238065615762, 'rtc_check_time': 0.0023553249920951203, 'experiment_id': 'exp_20240620_013617', 'client_id': '0'}
[2024-06-20 01:37:29,252][root][INFO] - Added data to batch for client 0: {'round': 5, 'step_no': 680, 'loss': 0.2316649854183197, 'accuracy': 0.9546195864677429, 'l2_norm': 4.844812870025635, 'computation_time': 0.09151101112365723, 'batch_time': 0.09651126978860702, 'rtc_check_time': 0.0032643329905113205, 'experiment_id': 'exp_20240620_013617', 'client_id': '0'}
[2024-06-20 01:37:29,253][root][INFO] - Added data to batch for client 0: {'round': 5, 'step_no': 681, 'loss': 0.10287053883075714, 'accuracy': 0.9545454382896423, 'l2_norm': 4.872226238250732, 'computation_time': 0.07253408432006836, 'batch_time': 0.07757821009727195, 'rtc_check_time': 0.0019542209920473397, 'experiment_id': 'exp_20240620_013617', 'client_id': '0'}
[2024-06-20 01:37:29,254][root][INFO] - Added data to batch for client 0: {'round': 5, 'step_no': 682, 'loss': 0.21834343671798706, 'accuracy': 0.954472005367279, 'l2_norm': 4.901121139526367, 'computation_time': 0.059422969818115234, 'batch_time': 0.06731154076987877, 'rtc_check_time': 0.006336466001812369, 'experiment_id': 'exp_20240620_013617', 'client_id': '0'}
[2024-06-20 01:37:29,254][root][INFO] - Added batch data list for client 0. New Data Added: 232
[2024-06-20 01:37:29,261][root][INFO] - Batch data saved to /home/psklavos/fl/geom_aio/csv_logs/exp_20240620_013617/clients/client_0/batch.csv
[2024-06-20 01:37:29,261][root][INFO] - Appended data to last row of column distributed_loss in server data for client None
[2024-06-20 01:37:29,262][root][INFO] - Appended data to last row of column distributed_acc in server data for client None
[2024-06-20 01:37:29,262][root][INFO] - Appended {'distributed_loss': 0.11241481204827626, 'distributed_acc': 0.9661666552225748} to the last row of server data
[2024-06-20 01:37:29,263][root][INFO] - Server data saved to /home/psklavos/fl/geom_aio/csv_logs/exp_20240620_013617/server/server.csv
[2024-06-20 01:37:29,263][flwr][INFO] - FL finished in 66.09664348099614
[2024-06-20 01:37:29,263][flwr][INFO] - app_fit: losses_distributed [(1, 1.2394717534383137), (2, 0.3596333960692088), (3, 0.18922486901283264), (4, 0.13806318740049997), (5, 0.11241481204827626)]
[2024-06-20 01:37:29,263][flwr][INFO] - app_fit: metrics_distributed_fit {'average_norm': [(1, 5.145417054494222), (2, 5.0673322677612305), (3, 5.0518646240234375), (4, 5.027754783630371), (5, 5.034761905670166)], 'round_time': [(1, 2.9618855847021486), (2, 5.548986310760254), (3, 8.506032808838013), (4, 12.176028727502075), (5, 13.4493352994906)], 'average_downlink_time': [(1, 0.6706665773333333), (2, 0.7907028973333334), (3, 0.670729644), (4, 0.6630192413333332), (5, 0.6992536893333333)], 'average_rtc_check_time': [(1, 0.07532580298720859), (2, 0.2636441456998), (3, 0.47805228098877706), (4, 0.664550657257981), (5, 0.7969379160592022)], 'average_uplink_time': [(1, 0.6063125326666667), (2, 0.5791610963333333), (3, 0.41337220033333333), (4, 0.9784004816666667), (5, 0.39175153599999996)], 'average_computation_time': [(1, 1.347543716430664), (2, 3.5457759698232016), (3, 6.372913916905721), (4, 8.931616226832071), (5, 10.702978134155273)], 'average_communication_time': [(1, 1.3523049129872087), (2, 1.6335081393664668), (3, 1.5621541253221103), (4, 2.305970380257981), (5, 1.8879431413925356)], 'average_fit_time': [(1, 1.5872270266215007), (2, 4.075873692830403), (3, 7.275545597076416), (4, 10.152908245722452), (5, 12.16527501742045)], 'average_throughput': [(1, 3.695221445904219), (2, 3.8746694150314904), (3, 5.679389578634837), (4, 2.463731882328537), (5, 6.170474571227094)], 'dropouts': [(1, 0), (2, 0), (3, 0), (4, 0), (5, 0)]}
[2024-06-20 01:37:29,263][flwr][INFO] - app_fit: metrics_distributed {'accuracy': [(1, 0.6903333266576132), (2, 0.8988333344459534), (3, 0.9459999998410543), (4, 0.9575000007947286), (5, 0.9661666552225748)]}
[2024-06-20 01:37:29,264][flwr][INFO] - app_fit: losses_centralized [(0, 2.3159804), (1, 1.2178918), (2, 0.3273374), (3, 0.16635203), (4, 0.11731286), (5, 0.09841588)]
[2024-06-20 01:37:29,264][flwr][INFO] - app_fit: metrics_centralized {'accuracy': [(0, 0.0571), (1, 0.6828), (2, 0.9063), (3, 0.9489), (4, 0.9621), (5, 0.9672)]}
