[2024-06-20 22:27:27,182][root][INFO] - Initialized DataManager for experiment exp_20240620_222727
[2024-06-20 22:27:27,186][root][INFO] - Added data to info for client None: {'experiment_id': 'exp_20240620_222727', 'algorithm': 'fda', 'num_clients': 3, 'dataset': 'mnist', 'ann': 'lenet', 'threshold': 5, 'thres_discount_factor': 1.0, 'steps_threshold': 500, 'train_batch_size': 32, 'eval_batch_size': 64, 'network_template': 1, 'client_mobility': False, 'non_iid': False}
[2024-06-20 22:27:27,188][root][INFO] - Info data saved to /home/psklavos/fl/geom_aio/csv_logs/exp_20240620_222727/info.csv
[2024-06-20 22:27:27,188][flwr][INFO] - Starting Flower server, config: ServerConfig(num_rounds=5, round_timeout=None)
[2024-06-20 22:27:27,190][flwr][INFO] - Flower ECE: gRPC server running (5 rounds), SSL is disabled
[2024-06-20 22:27:27,191][flwr][INFO] - Initializing global parameters
[2024-06-20 22:27:27,192][flwr][INFO] - Requesting initial parameters from one random client
[2024-06-20 22:27:35,505][flwr][INFO] - Received initial parameters from one random client
[2024-06-20 22:27:35,506][flwr][INFO] - Evaluating initial parameters
[2024-06-20 22:27:35,681][utils.model][INFO] - LeNet model built
[2024-06-20 22:27:35,989][utils.model][INFO] - Size of serialized model: 279.0341796875 kbytes
[2024-06-20 22:27:36,065][utils.model][INFO] - Step 1/40 - val_loss: 2.2961 - val_accuracy: 0.0781
[2024-06-20 22:27:36,091][utils.model][INFO] - Step 2/40 - val_loss: 2.2968 - val_accuracy: 0.0840
[2024-06-20 22:27:36,116][utils.model][INFO] - Step 3/40 - val_loss: 2.2977 - val_accuracy: 0.0807
[2024-06-20 22:27:36,143][utils.model][INFO] - Step 4/40 - val_loss: 2.2954 - val_accuracy: 0.0869
[2024-06-20 22:27:36,170][utils.model][INFO] - Step 5/40 - val_loss: 2.2966 - val_accuracy: 0.0859
[2024-06-20 22:27:36,201][utils.model][INFO] - Step 6/40 - val_loss: 2.2962 - val_accuracy: 0.0898
[2024-06-20 22:27:36,229][utils.model][INFO] - Step 7/40 - val_loss: 2.2962 - val_accuracy: 0.0954
[2024-06-20 22:27:36,256][utils.model][INFO] - Step 8/40 - val_loss: 2.2967 - val_accuracy: 0.0918
[2024-06-20 22:27:36,282][utils.model][INFO] - Step 9/40 - val_loss: 2.2972 - val_accuracy: 0.0955
[2024-06-20 22:27:36,308][utils.model][INFO] - Step 10/40 - val_loss: 2.2970 - val_accuracy: 0.0969
[2024-06-20 22:27:36,333][utils.model][INFO] - Step 11/40 - val_loss: 2.2970 - val_accuracy: 0.0984
[2024-06-20 22:27:36,359][utils.model][INFO] - Step 12/40 - val_loss: 2.2973 - val_accuracy: 0.0973
[2024-06-20 22:27:36,381][utils.model][INFO] - Step 13/40 - val_loss: 2.2968 - val_accuracy: 0.0974
[2024-06-20 22:27:36,401][utils.model][INFO] - Step 14/40 - val_loss: 2.2969 - val_accuracy: 0.0977
[2024-06-20 22:27:36,423][utils.model][INFO] - Step 15/40 - val_loss: 2.2974 - val_accuracy: 0.0964
[2024-06-20 22:27:36,448][utils.model][INFO] - Step 16/40 - val_loss: 2.2977 - val_accuracy: 0.0945
[2024-06-20 22:27:36,471][utils.model][INFO] - Step 17/40 - val_loss: 2.2972 - val_accuracy: 0.0926
[2024-06-20 22:27:36,501][utils.model][INFO] - Step 18/40 - val_loss: 2.2974 - val_accuracy: 0.0929
[2024-06-20 22:27:36,526][utils.model][INFO] - Step 19/40 - val_loss: 2.2974 - val_accuracy: 0.0925
[2024-06-20 22:27:36,550][utils.model][INFO] - Step 20/40 - val_loss: 2.2972 - val_accuracy: 0.0941
[2024-06-20 22:27:36,575][utils.model][INFO] - Step 21/40 - val_loss: 2.2971 - val_accuracy: 0.0951
[2024-06-20 22:27:36,597][utils.model][INFO] - Step 22/40 - val_loss: 2.2971 - val_accuracy: 0.0962
[2024-06-20 22:27:36,620][utils.model][INFO] - Step 23/40 - val_loss: 2.2969 - val_accuracy: 0.0971
[2024-06-20 22:27:36,644][utils.model][INFO] - Step 24/40 - val_loss: 2.2967 - val_accuracy: 0.0977
[2024-06-20 22:27:36,668][utils.model][INFO] - Step 25/40 - val_loss: 2.2967 - val_accuracy: 0.0984
[2024-06-20 22:27:36,691][utils.model][INFO] - Step 26/40 - val_loss: 2.2968 - val_accuracy: 0.0978
[2024-06-20 22:27:36,716][utils.model][INFO] - Step 27/40 - val_loss: 2.2970 - val_accuracy: 0.0978
[2024-06-20 22:27:36,739][utils.model][INFO] - Step 28/40 - val_loss: 2.2972 - val_accuracy: 0.0997
[2024-06-20 22:27:36,761][utils.model][INFO] - Step 29/40 - val_loss: 2.2973 - val_accuracy: 0.1006
[2024-06-20 22:27:36,783][utils.model][INFO] - Step 30/40 - val_loss: 2.2973 - val_accuracy: 0.1016
[2024-06-20 22:27:36,807][utils.model][INFO] - Step 31/40 - val_loss: 2.2973 - val_accuracy: 0.1028
[2024-06-20 22:27:36,830][utils.model][INFO] - Step 32/40 - val_loss: 2.2975 - val_accuracy: 0.1039
[2024-06-20 22:27:36,851][utils.model][INFO] - Step 33/40 - val_loss: 2.2978 - val_accuracy: 0.1039
[2024-06-20 22:27:36,873][utils.model][INFO] - Step 34/40 - val_loss: 2.2980 - val_accuracy: 0.1032
[2024-06-20 22:27:36,897][utils.model][INFO] - Step 35/40 - val_loss: 2.2981 - val_accuracy: 0.1041
[2024-06-20 22:27:36,918][utils.model][INFO] - Step 36/40 - val_loss: 2.2981 - val_accuracy: 0.1042
[2024-06-20 22:27:36,943][utils.model][INFO] - Step 37/40 - val_loss: 2.2979 - val_accuracy: 0.1039
[2024-06-20 22:27:36,964][utils.model][INFO] - Step 38/40 - val_loss: 2.2978 - val_accuracy: 0.1041
[2024-06-20 22:27:36,987][utils.model][INFO] - Step 39/40 - val_loss: 2.2980 - val_accuracy: 0.1048
[2024-06-20 22:27:37,001][utils.model][INFO] - Step 40/40 - val_loss: 2.2981 - val_accuracy: 0.1049
[2024-06-20 22:27:37,003][utils.model][INFO] - Evaluation Results - Val Loss: 2.2981, Val Accuracy: 0.1049 in 40 steps
[2024-06-20 22:27:37,008][root][INFO] - Added data to server for client None: {'round': 0, 'experiment_id': 'exp_20240620_222727', 'centralized_loss': 0.0, 'centralized_acc': 0.0, 'distributed_loss': 0.0, 'distributed_acc': 0.0, 'dropouts': 0, 'average_norm': 0.0, 'round_time': 0.0, 'average_downlink_time': 0.0, 'average_rtc_check_time': 0.0, 'average_uplink_time': 0.0, 'average_computation_time': 0.0, 'average_communication_time': 0.0, 'average_fit_time': 0.0, 'average_throughput': 0.0}
[2024-06-20 22:27:37,009][flwr][INFO] - initial parameters (loss, other metrics): 2.2981346, {'accuracy': 0.1049}
[2024-06-20 22:27:37,009][flwr][INFO] - FL starting
[2024-06-20 22:27:40,928][flwr][DEBUG] - fit_round 1: strategy sampled 2 clients (out of 3)
[2024-06-20 22:27:42,475][flwr][DEBUG] - fit_round 1 received 2 results and 0 failures
[2024-06-20 22:27:42,481][root][INFO] - Added data to server for client None: {'round': 1, 'average_norm': 5.2506866455078125, 'round_time': 2.472762292109009, 'average_downlink_time': 0.551062386, 'average_rtc_check_time': 0.06434969648398692, 'average_uplink_time': 0.3075696535, 'average_computation_time': 1.2412543296813965, 'average_communication_time': 0.9229817359839869, 'average_fit_time': 1.5036125183105469, 'average_throughput': 7.943521142926871, 'dropouts': 1, 'experiment_id': 'exp_20240620_222727'}
[2024-06-20 22:27:42,542][utils.model][INFO] - LeNet model built
[2024-06-20 22:27:42,659][utils.model][INFO] - Size of serialized model: 279.0341796875 kbytes
[2024-06-20 22:27:42,710][utils.model][INFO] - Step 1/40 - val_loss: 1.3275 - val_accuracy: 0.6758
[2024-06-20 22:27:42,729][utils.model][INFO] - Step 2/40 - val_loss: 1.3331 - val_accuracy: 0.6484
[2024-06-20 22:27:42,748][utils.model][INFO] - Step 3/40 - val_loss: 1.3503 - val_accuracy: 0.6497
[2024-06-20 22:27:42,767][utils.model][INFO] - Step 4/40 - val_loss: 1.3339 - val_accuracy: 0.6562
[2024-06-20 22:27:42,786][utils.model][INFO] - Step 5/40 - val_loss: 1.3519 - val_accuracy: 0.6438
[2024-06-20 22:27:42,806][utils.model][INFO] - Step 6/40 - val_loss: 1.3563 - val_accuracy: 0.6406
[2024-06-20 22:27:42,826][utils.model][INFO] - Step 7/40 - val_loss: 1.3581 - val_accuracy: 0.6395
[2024-06-20 22:27:42,845][utils.model][INFO] - Step 8/40 - val_loss: 1.3610 - val_accuracy: 0.6348
[2024-06-20 22:27:42,864][utils.model][INFO] - Step 9/40 - val_loss: 1.3680 - val_accuracy: 0.6324
[2024-06-20 22:27:42,884][utils.model][INFO] - Step 10/40 - val_loss: 1.3627 - val_accuracy: 0.6391
[2024-06-20 22:27:42,903][utils.model][INFO] - Step 11/40 - val_loss: 1.3662 - val_accuracy: 0.6385
[2024-06-20 22:27:42,924][utils.model][INFO] - Step 12/40 - val_loss: 1.3642 - val_accuracy: 0.6390
[2024-06-20 22:27:42,945][utils.model][INFO] - Step 13/40 - val_loss: 1.3614 - val_accuracy: 0.6403
[2024-06-20 22:27:42,964][utils.model][INFO] - Step 14/40 - val_loss: 1.3622 - val_accuracy: 0.6406
[2024-06-20 22:27:42,983][utils.model][INFO] - Step 15/40 - val_loss: 1.3657 - val_accuracy: 0.6411
[2024-06-20 22:27:43,002][utils.model][INFO] - Step 16/40 - val_loss: 1.3649 - val_accuracy: 0.6423
[2024-06-20 22:27:43,021][utils.model][INFO] - Step 17/40 - val_loss: 1.3632 - val_accuracy: 0.6404
[2024-06-20 22:27:43,039][utils.model][INFO] - Step 18/40 - val_loss: 1.3652 - val_accuracy: 0.6404
[2024-06-20 22:27:43,058][utils.model][INFO] - Step 19/40 - val_loss: 1.3639 - val_accuracy: 0.6404
[2024-06-20 22:27:43,077][utils.model][INFO] - Step 20/40 - val_loss: 1.3559 - val_accuracy: 0.6451
[2024-06-20 22:27:43,095][utils.model][INFO] - Step 21/40 - val_loss: 1.3474 - val_accuracy: 0.6501
[2024-06-20 22:27:43,113][utils.model][INFO] - Step 22/40 - val_loss: 1.3404 - val_accuracy: 0.6532
[2024-06-20 22:27:43,132][utils.model][INFO] - Step 23/40 - val_loss: 1.3353 - val_accuracy: 0.6551
[2024-06-20 22:27:43,151][utils.model][INFO] - Step 24/40 - val_loss: 1.3330 - val_accuracy: 0.6580
[2024-06-20 22:27:43,169][utils.model][INFO] - Step 25/40 - val_loss: 1.3259 - val_accuracy: 0.6622
[2024-06-20 22:27:43,186][utils.model][INFO] - Step 26/40 - val_loss: 1.3236 - val_accuracy: 0.6638
[2024-06-20 22:27:43,204][utils.model][INFO] - Step 27/40 - val_loss: 1.3226 - val_accuracy: 0.6645
[2024-06-20 22:27:43,221][utils.model][INFO] - Step 28/40 - val_loss: 1.3184 - val_accuracy: 0.6685
[2024-06-20 22:27:43,241][utils.model][INFO] - Step 29/40 - val_loss: 1.3159 - val_accuracy: 0.6711
[2024-06-20 22:27:43,259][utils.model][INFO] - Step 30/40 - val_loss: 1.3164 - val_accuracy: 0.6725
[2024-06-20 22:27:43,276][utils.model][INFO] - Step 31/40 - val_loss: 1.3144 - val_accuracy: 0.6734
[2024-06-20 22:27:43,296][utils.model][INFO] - Step 32/40 - val_loss: 1.3099 - val_accuracy: 0.6759
[2024-06-20 22:27:43,317][utils.model][INFO] - Step 33/40 - val_loss: 1.3088 - val_accuracy: 0.6770
[2024-06-20 22:27:43,337][utils.model][INFO] - Step 34/40 - val_loss: 1.3043 - val_accuracy: 0.6803
[2024-06-20 22:27:43,356][utils.model][INFO] - Step 35/40 - val_loss: 1.2975 - val_accuracy: 0.6855
[2024-06-20 22:27:43,374][utils.model][INFO] - Step 36/40 - val_loss: 1.2978 - val_accuracy: 0.6853
[2024-06-20 22:27:43,391][utils.model][INFO] - Step 37/40 - val_loss: 1.2946 - val_accuracy: 0.6876
[2024-06-20 22:27:43,409][utils.model][INFO] - Step 38/40 - val_loss: 1.2943 - val_accuracy: 0.6878
[2024-06-20 22:27:43,427][utils.model][INFO] - Step 39/40 - val_loss: 1.2980 - val_accuracy: 0.6872
[2024-06-20 22:27:43,436][utils.model][INFO] - Step 40/40 - val_loss: 1.2941 - val_accuracy: 0.6871
[2024-06-20 22:27:43,438][utils.model][INFO] - Evaluation Results - Val Loss: 1.2941, Val Accuracy: 0.6871 in 40 steps
[2024-06-20 22:27:43,439][flwr][INFO] - fit progress: (1, 1.2940909, {'accuracy': 0.6871}, 6.43004895899503)
[2024-06-20 22:27:43,440][flwr][DEBUG] - evaluate_round 1: strategy sampled 3 clients (out of 3)
[2024-06-20 22:27:43,993][flwr][DEBUG] - evaluate_round 1 received 3 results and 0 failures
[2024-06-20 22:27:43,994][root][INFO] - Added data to epoch for client 0: {'round': 0, 'experiment_id': 'exp_20240620_222727', 'client_id': '0', 'epoch_steps': 0, 'total_steps': 0, 'l2_norm': 0.0, 'total_computation_time': 0.0, 'total_rtc_check_time': 0.0, 'total_duration': 0.0, 'val_loss': 0.0, 'val_accuracy': 0.0}
[2024-06-20 22:27:43,995][root][INFO] - Added data to batch for client 0: {'round': 0, 'experiment_id': 'exp_20240620_222727', 'client_id': '0', 'step_no': 0, 'loss': 0.0, 'accuracy': 0.0, 'l2_norm': 0.0, 'computation_time': 0.0, 'rtc_check_time': 0.0, 'batch_time': 0.0}
[2024-06-20 22:27:43,996][root][INFO] - Added data to epoch for client 0: {'round': 1, 'epoch_steps': 23, 'total_steps': 23, 'l2_norm': 5.285901069641113, 'total_computation_time': 1.250650405883789, 'total_rtc_check_time': 0.05283769695961382, 'total_duration': 1.502816915512085, 'val_loss': 1.3011903762817383, 'val_accuracy': 0.690500020980835, 'experiment_id': 'exp_20240620_222727', 'client_id': '0'}
[2024-06-20 22:27:43,998][root][INFO] - Epoch data saved to /home/psklavos/fl/geom_aio/csv_logs/exp_20240620_222727/clients/client_0/epoch.csv
[2024-06-20 22:27:43,999][root][INFO] - Added data to batch for client 0: {'round': 1, 'step_no': 1, 'loss': 2.330648183822632, 'accuracy': 0.15625, 'l2_norm': 0.18065254390239716, 'computation_time': 0.32880210876464844, 'batch_time': 0.35037608923448715, 'rtc_check_time': 0.0025960999919334427, 'experiment_id': 'exp_20240620_222727', 'client_id': '0'}
[2024-06-20 22:27:44,000][root][INFO] - Added data to batch for client 0: {'round': 1, 'step_no': 2, 'loss': 2.267076253890991, 'accuracy': 0.171875, 'l2_norm': 0.31068751215934753, 'computation_time': 0.04873299598693848, 'batch_time': 0.0523791624000296, 'rtc_check_time': 0.0018801999976858497, 'experiment_id': 'exp_20240620_222727', 'client_id': '0'}
[2024-06-20 22:27:44,002][root][INFO] - Added data to batch for client 0: {'round': 1, 'step_no': 3, 'loss': 2.2668583393096924, 'accuracy': 0.1354166716337204, 'l2_norm': 0.4184044599533081, 'computation_time': 0.048712968826293945, 'batch_time': 0.05204375613539014, 'rtc_check_time': 0.0018997989973286167, 'experiment_id': 'exp_20240620_222727', 'client_id': '0'}
[2024-06-20 22:27:44,003][root][INFO] - Added data to batch for client 0: {'round': 1, 'step_no': 4, 'loss': 2.2429707050323486, 'accuracy': 0.1875, 'l2_norm': 0.5359845161437988, 'computation_time': 0.05240201950073242, 'batch_time': 0.05531224317383021, 'rtc_check_time': 0.0015901000006124377, 'experiment_id': 'exp_20240620_222727', 'client_id': '0'}
[2024-06-20 22:27:44,004][root][INFO] - Added data to batch for client 0: {'round': 1, 'step_no': 5, 'loss': 2.214840888977051, 'accuracy': 0.20624999701976776, 'l2_norm': 0.6889510750770569, 'computation_time': 0.046601057052612305, 'batch_time': 0.04979029903188348, 'rtc_check_time': 0.001757299993187189, 'experiment_id': 'exp_20240620_222727', 'client_id': '0'}
[2024-06-20 22:27:44,004][root][INFO] - Added data to batch for client 0: {'round': 1, 'step_no': 6, 'loss': 2.229198932647705, 'accuracy': 0.2239583283662796, 'l2_norm': 0.8053255081176758, 'computation_time': 0.04116106033325195, 'batch_time': 0.04635794699424878, 'rtc_check_time': 0.004012899997178465, 'experiment_id': 'exp_20240620_222727', 'client_id': '0'}
[2024-06-20 22:27:44,005][root][INFO] - Added data to batch for client 0: {'round': 1, 'step_no': 7, 'loss': 2.1339333057403564, 'accuracy': 0.25, 'l2_norm': 0.9951579570770264, 'computation_time': 0.0451359748840332, 'batch_time': 0.050354984967270866, 'rtc_check_time': 0.003908899991074577, 'experiment_id': 'exp_20240620_222727', 'client_id': '0'}
[2024-06-20 22:27:44,006][root][INFO] - Added data to batch for client 0: {'round': 1, 'step_no': 8, 'loss': 2.092989921569824, 'accuracy': 0.26171875, 'l2_norm': 1.196631908416748, 'computation_time': 0.045976877212524414, 'batch_time': 0.05000147757527884, 'rtc_check_time': 0.0022335999965434894, 'experiment_id': 'exp_20240620_222727', 'client_id': '0'}
[2024-06-20 22:27:44,007][root][INFO] - Added data to batch for client 0: {'round': 1, 'step_no': 9, 'loss': 2.0113139152526855, 'accuracy': 0.2916666567325592, 'l2_norm': 1.4407247304916382, 'computation_time': 0.0435490608215332, 'batch_time': 0.0495762138889404, 'rtc_check_time': 0.004699400000390597, 'experiment_id': 'exp_20240620_222727', 'client_id': '0'}
[2024-06-20 22:27:44,008][root][INFO] - Added data to batch for client 0: {'round': 1, 'step_no': 10, 'loss': 2.0309975147247314, 'accuracy': 0.3031249940395355, 'l2_norm': 1.7184702157974243, 'computation_time': 0.0407710075378418, 'batch_time': 0.04373459913767874, 'rtc_check_time': 0.0018496999982744455, 'experiment_id': 'exp_20240620_222727', 'client_id': '0'}
[2024-06-20 22:27:44,009][root][INFO] - Added data to batch for client 0: {'round': 1, 'step_no': 11, 'loss': 1.989014983177185, 'accuracy': 0.3068181872367859, 'l2_norm': 1.9823458194732666, 'computation_time': 0.03860187530517578, 'batch_time': 0.044321978159132414, 'rtc_check_time': 0.004625999994459562, 'experiment_id': 'exp_20240620_222727', 'client_id': '0'}
[2024-06-20 22:27:44,010][root][INFO] - Added data to batch for client 0: {'round': 1, 'step_no': 12, 'loss': 1.9925498962402344, 'accuracy': 0.3125, 'l2_norm': 2.2450554370880127, 'computation_time': 0.038565874099731445, 'batch_time': 0.041316668401123025, 'rtc_check_time': 0.0016945999959716573, 'experiment_id': 'exp_20240620_222727', 'client_id': '0'}
[2024-06-20 22:27:44,013][root][INFO] - Added data to batch for client 0: {'round': 1, 'step_no': 13, 'loss': 1.924613118171692, 'accuracy': 0.3125, 'l2_norm': 2.488243341445923, 'computation_time': 0.03561282157897949, 'batch_time': 0.03807040174433496, 'rtc_check_time': 0.0014082999987294897, 'experiment_id': 'exp_20240620_222727', 'client_id': '0'}
[2024-06-20 22:27:44,014][root][INFO] - Added data to batch for client 0: {'round': 1, 'step_no': 14, 'loss': 1.8273961544036865, 'accuracy': 0.3191964328289032, 'l2_norm': 2.7797868251800537, 'computation_time': 0.03514218330383301, 'batch_time': 0.03834493317117449, 'rtc_check_time': 0.002118899006745778, 'experiment_id': 'exp_20240620_222727', 'client_id': '0'}
[2024-06-20 22:27:44,015][root][INFO] - Added data to batch for client 0: {'round': 1, 'step_no': 15, 'loss': 1.887157917022705, 'accuracy': 0.3166666626930237, 'l2_norm': 3.056802749633789, 'computation_time': 0.035852909088134766, 'batch_time': 0.038461205156636424, 'rtc_check_time': 0.0015191999991657212, 'experiment_id': 'exp_20240620_222727', 'client_id': '0'}
[2024-06-20 22:27:44,016][root][INFO] - Added data to batch for client 0: {'round': 1, 'step_no': 16, 'loss': 1.7049540281295776, 'accuracy': 0.31640625, 'l2_norm': 3.392465114593506, 'computation_time': 0.03410506248474121, 'batch_time': 0.03696831148408819, 'rtc_check_time': 0.001854499991168268, 'experiment_id': 'exp_20240620_222727', 'client_id': '0'}
[2024-06-20 22:27:44,017][root][INFO] - Added data to batch for client 0: {'round': 1, 'step_no': 17, 'loss': 1.5916507244110107, 'accuracy': 0.3272058963775635, 'l2_norm': 3.7068417072296143, 'computation_time': 0.038244009017944336, 'batch_time': 0.04139788394968491, 'rtc_check_time': 0.0019047999958274886, 'experiment_id': 'exp_20240620_222727', 'client_id': '0'}
[2024-06-20 22:27:44,018][root][INFO] - Added data to batch for client 0: {'round': 1, 'step_no': 18, 'loss': 1.6160181760787964, 'accuracy': 0.3333333432674408, 'l2_norm': 3.9265856742858887, 'computation_time': 0.04143881797790527, 'batch_time': 0.04530354667804204, 'rtc_check_time': 0.002572500001406297, 'experiment_id': 'exp_20240620_222727', 'client_id': '0'}
[2024-06-20 22:27:44,019][root][INFO] - Added data to batch for client 0: {'round': 1, 'step_no': 19, 'loss': 1.571472406387329, 'accuracy': 0.34046053886413574, 'l2_norm': 4.233871936798096, 'computation_time': 0.04822397232055664, 'batch_time': 0.051749231715803035, 'rtc_check_time': 0.0021472000080393627, 'experiment_id': 'exp_20240620_222727', 'client_id': '0'}
[2024-06-20 22:27:44,020][root][INFO] - Added data to batch for client 0: {'round': 1, 'step_no': 20, 'loss': 1.4664009809494019, 'accuracy': 0.3499999940395355, 'l2_norm': 4.5648040771484375, 'computation_time': 0.043005943298339844, 'batch_time': 0.04609181935666129, 'rtc_check_time': 0.0018430000054650009, 'experiment_id': 'exp_20240620_222727', 'client_id': '0'}
[2024-06-20 22:27:44,021][root][INFO] - Added data to batch for client 0: {'round': 1, 'step_no': 21, 'loss': 1.317874550819397, 'accuracy': 0.3675595223903656, 'l2_norm': 4.882938861846924, 'computation_time': 0.04220986366271973, 'batch_time': 0.045000774814980105, 'rtc_check_time': 0.0015775990032125264, 'experiment_id': 'exp_20240620_222727', 'client_id': '0'}
[2024-06-20 22:27:44,022][root][INFO] - Added data to batch for client 0: {'round': 1, 'step_no': 22, 'loss': 1.5674426555633545, 'accuracy': 0.3764204680919647, 'l2_norm': 5.042438507080078, 'computation_time': 0.040283918380737305, 'batch_time': 0.04273198728333227, 'rtc_check_time': 0.0013789999939035624, 'experiment_id': 'exp_20240620_222727', 'client_id': '0'}
[2024-06-20 22:27:44,023][root][INFO] - Added data to batch for client 0: {'round': 1, 'step_no': 23, 'loss': 1.5779123306274414, 'accuracy': 0.3790760934352875, 'l2_norm': 5.285901069641113, 'computation_time': 0.03751802444458008, 'batch_time': 0.04059199611947406, 'rtc_check_time': 0.0017641000013099983, 'experiment_id': 'exp_20240620_222727', 'client_id': '0'}
[2024-06-20 22:27:44,024][root][INFO] - Batch data saved to /home/psklavos/fl/geom_aio/csv_logs/exp_20240620_222727/clients/client_0/batch.csv
[2024-06-20 22:27:44,025][root][INFO] - Server data saved to /home/psklavos/fl/geom_aio/csv_logs/exp_20240620_222727/server/server.csv
[2024-06-20 22:27:48,495][flwr][DEBUG] - fit_round 2: strategy sampled 3 clients (out of 3)
[2024-06-20 22:27:52,834][flwr][DEBUG] - fit_round 2 received 3 results and 0 failures
[2024-06-20 22:27:52,842][root][INFO] - Added data to server for client None: {'round': 2, 'average_norm': 5.098652203877767, 'round_time': 5.7615671611138914, 'average_downlink_time': 0.6675486776666667, 'average_rtc_check_time': 0.4849055366842852, 'average_uplink_time': 0.580452485, 'average_computation_time': 3.524172226587931, 'average_communication_time': 1.7329066993509519, 'average_fit_time': 4.308911720911662, 'average_throughput': 3.9545383162517163, 'dropouts': 0, 'experiment_id': 'exp_20240620_222727'}
[2024-06-20 22:27:52,912][utils.model][INFO] - LeNet model built
[2024-06-20 22:27:53,053][utils.model][INFO] - Size of serialized model: 279.0341796875 kbytes
[2024-06-20 22:27:53,141][utils.model][INFO] - Step 1/40 - val_loss: 0.3490 - val_accuracy: 0.9062
[2024-06-20 22:27:53,162][utils.model][INFO] - Step 2/40 - val_loss: 0.3911 - val_accuracy: 0.8965
[2024-06-20 22:27:53,184][utils.model][INFO] - Step 3/40 - val_loss: 0.4129 - val_accuracy: 0.8841
[2024-06-20 22:27:53,205][utils.model][INFO] - Step 4/40 - val_loss: 0.4018 - val_accuracy: 0.8887
[2024-06-20 22:27:53,227][utils.model][INFO] - Step 5/40 - val_loss: 0.4287 - val_accuracy: 0.8836
[2024-06-20 22:27:53,251][utils.model][INFO] - Step 6/40 - val_loss: 0.4340 - val_accuracy: 0.8867
[2024-06-20 22:27:53,273][utils.model][INFO] - Step 7/40 - val_loss: 0.4438 - val_accuracy: 0.8856
[2024-06-20 22:27:53,293][utils.model][INFO] - Step 8/40 - val_loss: 0.4417 - val_accuracy: 0.8867
[2024-06-20 22:27:53,313][utils.model][INFO] - Step 9/40 - val_loss: 0.4488 - val_accuracy: 0.8872
[2024-06-20 22:27:53,333][utils.model][INFO] - Step 10/40 - val_loss: 0.4419 - val_accuracy: 0.8871
[2024-06-20 22:27:53,353][utils.model][INFO] - Step 11/40 - val_loss: 0.4391 - val_accuracy: 0.8881
[2024-06-20 22:27:53,375][utils.model][INFO] - Step 12/40 - val_loss: 0.4316 - val_accuracy: 0.8890
[2024-06-20 22:27:53,397][utils.model][INFO] - Step 13/40 - val_loss: 0.4269 - val_accuracy: 0.8906
[2024-06-20 22:27:53,419][utils.model][INFO] - Step 14/40 - val_loss: 0.4255 - val_accuracy: 0.8909
[2024-06-20 22:27:53,440][utils.model][INFO] - Step 15/40 - val_loss: 0.4309 - val_accuracy: 0.8878
[2024-06-20 22:27:53,461][utils.model][INFO] - Step 16/40 - val_loss: 0.4336 - val_accuracy: 0.8867
[2024-06-20 22:27:53,483][utils.model][INFO] - Step 17/40 - val_loss: 0.4366 - val_accuracy: 0.8858
[2024-06-20 22:27:53,505][utils.model][INFO] - Step 18/40 - val_loss: 0.4372 - val_accuracy: 0.8856
[2024-06-20 22:27:53,527][utils.model][INFO] - Step 19/40 - val_loss: 0.4340 - val_accuracy: 0.8857
[2024-06-20 22:27:53,548][utils.model][INFO] - Step 20/40 - val_loss: 0.4289 - val_accuracy: 0.8869
[2024-06-20 22:27:53,567][utils.model][INFO] - Step 21/40 - val_loss: 0.4179 - val_accuracy: 0.8901
[2024-06-20 22:27:53,585][utils.model][INFO] - Step 22/40 - val_loss: 0.4059 - val_accuracy: 0.8942
[2024-06-20 22:27:53,602][utils.model][INFO] - Step 23/40 - val_loss: 0.4001 - val_accuracy: 0.8947
[2024-06-20 22:27:53,621][utils.model][INFO] - Step 24/40 - val_loss: 0.4006 - val_accuracy: 0.8940
[2024-06-20 22:27:53,641][utils.model][INFO] - Step 25/40 - val_loss: 0.3923 - val_accuracy: 0.8967
[2024-06-20 22:27:53,659][utils.model][INFO] - Step 26/40 - val_loss: 0.3895 - val_accuracy: 0.8977
[2024-06-20 22:27:53,677][utils.model][INFO] - Step 27/40 - val_loss: 0.3860 - val_accuracy: 0.8989
[2024-06-20 22:27:53,695][utils.model][INFO] - Step 28/40 - val_loss: 0.3775 - val_accuracy: 0.9016
[2024-06-20 22:27:53,713][utils.model][INFO] - Step 29/40 - val_loss: 0.3708 - val_accuracy: 0.9041
[2024-06-20 22:27:53,732][utils.model][INFO] - Step 30/40 - val_loss: 0.3687 - val_accuracy: 0.9049
[2024-06-20 22:27:53,752][utils.model][INFO] - Step 31/40 - val_loss: 0.3656 - val_accuracy: 0.9054
[2024-06-20 22:27:53,769][utils.model][INFO] - Step 32/40 - val_loss: 0.3595 - val_accuracy: 0.9072
[2024-06-20 22:27:53,788][utils.model][INFO] - Step 33/40 - val_loss: 0.3570 - val_accuracy: 0.9076
[2024-06-20 22:27:53,808][utils.model][INFO] - Step 34/40 - val_loss: 0.3508 - val_accuracy: 0.9094
[2024-06-20 22:27:53,827][utils.model][INFO] - Step 35/40 - val_loss: 0.3430 - val_accuracy: 0.9119
[2024-06-20 22:27:53,847][utils.model][INFO] - Step 36/40 - val_loss: 0.3434 - val_accuracy: 0.9123
[2024-06-20 22:27:53,867][utils.model][INFO] - Step 37/40 - val_loss: 0.3388 - val_accuracy: 0.9140
[2024-06-20 22:27:53,885][utils.model][INFO] - Step 38/40 - val_loss: 0.3368 - val_accuracy: 0.9144
[2024-06-20 22:27:53,903][utils.model][INFO] - Step 39/40 - val_loss: 0.3415 - val_accuracy: 0.9133
[2024-06-20 22:27:53,912][utils.model][INFO] - Step 40/40 - val_loss: 0.3374 - val_accuracy: 0.9133
[2024-06-20 22:27:53,914][utils.model][INFO] - Evaluation Results - Val Loss: 0.3374, Val Accuracy: 0.9133 in 40 steps
[2024-06-20 22:27:53,915][flwr][INFO] - fit progress: (2, 0.337356, {'accuracy': 0.9133}, 16.90613416398992)
[2024-06-20 22:27:53,916][flwr][DEBUG] - evaluate_round 2: strategy sampled 3 clients (out of 3)
[2024-06-20 22:27:54,493][flwr][DEBUG] - evaluate_round 2 received 3 results and 0 failures
[2024-06-20 22:27:54,494][root][INFO] - Added data to epoch for client 0: {'round': 2, 'epoch_steps': 67, 'total_steps': 90, 'l2_norm': 4.770823001861572, 'total_computation_time': 3.4106557369232178, 'total_rtc_check_time': 0.6025045050191693, 'total_duration': 4.3134119510650635, 'val_loss': 0.3311498165130615, 'val_accuracy': 0.9150000214576721, 'experiment_id': 'exp_20240620_222727', 'client_id': '0'}
[2024-06-20 22:27:54,496][root][INFO] - Epoch data saved to /home/psklavos/fl/geom_aio/csv_logs/exp_20240620_222727/clients/client_0/epoch.csv
[2024-06-20 22:27:54,497][root][INFO] - Added data to batch for client 0: {'round': 2, 'step_no': 24, 'loss': 1.4260597229003906, 'accuracy': 0.6875, 'l2_norm': 0.10747460275888443, 'computation_time': 0.05503201484680176, 'batch_time': 0.37540550099220127, 'rtc_check_time': 0.31802840100135654, 'experiment_id': 'exp_20240620_222727', 'client_id': '0'}
[2024-06-20 22:27:54,498][root][INFO] - Added data to batch for client 0: {'round': 2, 'step_no': 25, 'loss': 1.1962459087371826, 'accuracy': 0.671875, 'l2_norm': 0.09699362516403198, 'computation_time': 0.060478925704956055, 'batch_time': 0.0633072974596871, 'rtc_check_time': 0.0014762999926460907, 'experiment_id': 'exp_20240620_222727', 'client_id': '0'}
[2024-06-20 22:27:54,499][root][INFO] - Added data to batch for client 0: {'round': 2, 'step_no': 26, 'loss': 1.361828088760376, 'accuracy': 0.65625, 'l2_norm': 0.13004662096500397, 'computation_time': 0.0492711067199707, 'batch_time': 0.05624739799532108, 'rtc_check_time': 0.005476399994222447, 'experiment_id': 'exp_20240620_222727', 'client_id': '0'}
[2024-06-20 22:27:54,500][root][INFO] - Added data to batch for client 0: {'round': 2, 'step_no': 27, 'loss': 1.3491392135620117, 'accuracy': 0.6484375, 'l2_norm': 0.19823437929153442, 'computation_time': 0.05068206787109375, 'batch_time': 0.05452517469529994, 'rtc_check_time': 0.002472199994372204, 'experiment_id': 'exp_20240620_222727', 'client_id': '0'}
[2024-06-20 22:27:54,501][root][INFO] - Added data to batch for client 0: {'round': 2, 'step_no': 28, 'loss': 1.2493822574615479, 'accuracy': 0.625, 'l2_norm': 0.24071753025054932, 'computation_time': 0.04710984230041504, 'batch_time': 0.05916901776799932, 'rtc_check_time': 0.010556900000665337, 'experiment_id': 'exp_20240620_222727', 'client_id': '0'}
[2024-06-20 22:27:54,503][root][INFO] - Added data to batch for client 0: {'round': 2, 'step_no': 29, 'loss': 1.0449910163879395, 'accuracy': 0.6614583134651184, 'l2_norm': 0.2751225233078003, 'computation_time': 0.0481569766998291, 'batch_time': 0.054374216924770735, 'rtc_check_time': 0.004818200002773665, 'experiment_id': 'exp_20240620_222727', 'client_id': '0'}
[2024-06-20 22:27:54,504][root][INFO] - Added data to batch for client 0: {'round': 2, 'step_no': 30, 'loss': 0.8666344881057739, 'accuracy': 0.6696428656578064, 'l2_norm': 0.33047035336494446, 'computation_time': 0.048631906509399414, 'batch_time': 0.05922438880952541, 'rtc_check_time': 0.00853040000947658, 'experiment_id': 'exp_20240620_222727', 'client_id': '0'}
[2024-06-20 22:27:54,505][root][INFO] - Added data to batch for client 0: {'round': 2, 'step_no': 31, 'loss': 0.7458661198616028, 'accuracy': 0.703125, 'l2_norm': 0.4097203314304352, 'computation_time': 0.05633807182312012, 'batch_time': 0.06181042501702905, 'rtc_check_time': 0.0035476000048220158, 'experiment_id': 'exp_20240620_222727', 'client_id': '0'}
[2024-06-20 22:27:54,506][root][INFO] - Added data to batch for client 0: {'round': 2, 'step_no': 32, 'loss': 0.9357593059539795, 'accuracy': 0.6979166865348816, 'l2_norm': 0.43726640939712524, 'computation_time': 0.05415797233581543, 'batch_time': 0.05853569034661632, 'rtc_check_time': 0.002257700005429797, 'experiment_id': 'exp_20240620_222727', 'client_id': '0'}
[2024-06-20 22:27:54,507][root][INFO] - Added data to batch for client 0: {'round': 2, 'step_no': 33, 'loss': 0.9461838006973267, 'accuracy': 0.715624988079071, 'l2_norm': 0.5438220500946045, 'computation_time': 0.06088709831237793, 'batch_time': 0.06522194962599315, 'rtc_check_time': 0.0022289000044111162, 'experiment_id': 'exp_20240620_222727', 'client_id': '0'}
[2024-06-20 22:27:54,508][root][INFO] - Added data to batch for client 0: {'round': 2, 'step_no': 34, 'loss': 1.1667009592056274, 'accuracy': 0.7045454382896423, 'l2_norm': 0.6072919368743896, 'computation_time': 0.05657315254211426, 'batch_time': 0.06027365487534553, 'rtc_check_time': 0.0020484999986365438, 'experiment_id': 'exp_20240620_222727', 'client_id': '0'}
[2024-06-20 22:27:54,510][root][INFO] - Added data to batch for client 0: {'round': 2, 'step_no': 35, 'loss': 0.6788039207458496, 'accuracy': 0.7161458134651184, 'l2_norm': 0.6916043162345886, 'computation_time': 0.06312799453735352, 'batch_time': 0.06686734515824355, 'rtc_check_time': 0.002227299992227927, 'experiment_id': 'exp_20240620_222727', 'client_id': '0'}
[2024-06-20 22:27:54,511][root][INFO] - Added data to batch for client 0: {'round': 2, 'step_no': 36, 'loss': 0.9087490439414978, 'accuracy': 0.713942289352417, 'l2_norm': 0.7585721611976624, 'computation_time': 0.05242300033569336, 'batch_time': 0.05560249841073528, 'rtc_check_time': 0.0016746000037528574, 'experiment_id': 'exp_20240620_222727', 'client_id': '0'}
[2024-06-20 22:27:54,512][root][INFO] - Added data to batch for client 0: {'round': 2, 'step_no': 37, 'loss': 0.7993360161781311, 'accuracy': 0.71875, 'l2_norm': 0.8605290055274963, 'computation_time': 0.049395084381103516, 'batch_time': 0.054169841707334854, 'rtc_check_time': 0.0032998999959090725, 'experiment_id': 'exp_20240620_222727', 'client_id': '0'}
[2024-06-20 22:27:54,513][root][INFO] - Added data to batch for client 0: {'round': 2, 'step_no': 38, 'loss': 0.8990271687507629, 'accuracy': 0.7208333611488342, 'l2_norm': 0.8851367831230164, 'computation_time': 0.04611682891845703, 'batch_time': 0.052553560584783554, 'rtc_check_time': 0.0050755999982357025, 'experiment_id': 'exp_20240620_222727', 'client_id': '0'}
[2024-06-20 22:27:54,515][root][INFO] - Added data to batch for client 0: {'round': 2, 'step_no': 39, 'loss': 0.7114821672439575, 'accuracy': 0.724609375, 'l2_norm': 0.9794477820396423, 'computation_time': 0.04938316345214844, 'batch_time': 0.06324378060526215, 'rtc_check_time': 0.01241890000528656, 'experiment_id': 'exp_20240620_222727', 'client_id': '0'}
[2024-06-20 22:27:54,516][root][INFO] - Added data to batch for client 0: {'round': 2, 'step_no': 40, 'loss': 0.9473898410797119, 'accuracy': 0.720588207244873, 'l2_norm': 1.0379323959350586, 'computation_time': 0.05427193641662598, 'batch_time': 0.06423577129316982, 'rtc_check_time': 0.008150900001055561, 'experiment_id': 'exp_20240620_222727', 'client_id': '0'}
[2024-06-20 22:27:54,517][root][INFO] - Added data to batch for client 0: {'round': 2, 'step_no': 41, 'loss': 0.7129212021827698, 'accuracy': 0.7256944179534912, 'l2_norm': 1.1279112100601196, 'computation_time': 0.06558895111083984, 'batch_time': 0.06991977691359352, 'rtc_check_time': 0.0019979000062448904, 'experiment_id': 'exp_20240620_222727', 'client_id': '0'}
[2024-06-20 22:27:54,518][root][INFO] - Added data to batch for client 0: {'round': 2, 'step_no': 42, 'loss': 1.2539968490600586, 'accuracy': 0.7171052694320679, 'l2_norm': 1.1568536758422852, 'computation_time': 0.046217918395996094, 'batch_time': 0.05198276802548207, 'rtc_check_time': 0.004460700001800433, 'experiment_id': 'exp_20240620_222727', 'client_id': '0'}
[2024-06-20 22:27:54,520][root][INFO] - Added data to batch for client 0: {'round': 2, 'step_no': 43, 'loss': 1.0389567613601685, 'accuracy': 0.7124999761581421, 'l2_norm': 1.2456676959991455, 'computation_time': 0.048233985900878906, 'batch_time': 0.05258133271127008, 'rtc_check_time': 0.0027714000025298446, 'experiment_id': 'exp_20240620_222727', 'client_id': '0'}
[2024-06-20 22:27:54,521][root][INFO] - Added data to batch for client 0: {'round': 2, 'step_no': 44, 'loss': 0.7309166193008423, 'accuracy': 0.7157738208770752, 'l2_norm': 1.2842215299606323, 'computation_time': 0.04912209510803223, 'batch_time': 0.05699924936925527, 'rtc_check_time': 0.006513399988762103, 'experiment_id': 'exp_20240620_222727', 'client_id': '0'}
[2024-06-20 22:27:54,522][root][INFO] - Added data to batch for client 0: {'round': 2, 'step_no': 45, 'loss': 0.7190189361572266, 'accuracy': 0.7201704382896423, 'l2_norm': 1.3534419536590576, 'computation_time': 0.05664706230163574, 'batch_time': 0.06267313606804237, 'rtc_check_time': 0.00425820000236854, 'experiment_id': 'exp_20240620_222727', 'client_id': '0'}
[2024-06-20 22:27:54,523][root][INFO] - Added data to batch for client 0: {'round': 2, 'step_no': 46, 'loss': 1.1489499807357788, 'accuracy': 0.7160326242446899, 'l2_norm': 1.4378111362457275, 'computation_time': 0.05937790870666504, 'batch_time': 0.06298387949937023, 'rtc_check_time': 0.0019069999980274588, 'experiment_id': 'exp_20240620_222727', 'client_id': '0'}
[2024-06-20 22:27:54,525][root][INFO] - Added data to batch for client 0: {'round': 2, 'step_no': 47, 'loss': 1.047408103942871, 'accuracy': 0.7135416865348816, 'l2_norm': 1.4977366924285889, 'computation_time': 0.048806190490722656, 'batch_time': 0.05480667683877982, 'rtc_check_time': 0.004430500004673377, 'experiment_id': 'exp_20240620_222727', 'client_id': '0'}
[2024-06-20 22:27:54,526][root][INFO] - Added data to batch for client 0: {'round': 2, 'step_no': 48, 'loss': 0.6180848479270935, 'accuracy': 0.7174999713897705, 'l2_norm': 1.580597162246704, 'computation_time': 0.053175926208496094, 'batch_time': 0.05759450419282075, 'rtc_check_time': 0.0030583999905502424, 'experiment_id': 'exp_20240620_222727', 'client_id': '0'}
[2024-06-20 22:27:54,527][root][INFO] - Added data to batch for client 0: {'round': 2, 'step_no': 49, 'loss': 0.6772545576095581, 'accuracy': 0.7211538553237915, 'l2_norm': 1.631233811378479, 'computation_time': 0.04850888252258301, 'batch_time': 0.055568144118296914, 'rtc_check_time': 0.005437300002085976, 'experiment_id': 'exp_20240620_222727', 'client_id': '0'}
[2024-06-20 22:27:54,528][root][INFO] - Added data to batch for client 0: {'round': 2, 'step_no': 50, 'loss': 0.6415704488754272, 'accuracy': 0.7245370149612427, 'l2_norm': 1.7056593894958496, 'computation_time': 0.05945014953613281, 'batch_time': 0.0632492880395148, 'rtc_check_time': 0.0018782000115606934, 'experiment_id': 'exp_20240620_222727', 'client_id': '0'}
[2024-06-20 22:27:54,530][root][INFO] - Added data to batch for client 0: {'round': 2, 'step_no': 51, 'loss': 0.7186163663864136, 'accuracy': 0.7243303656578064, 'l2_norm': 1.77846360206604, 'computation_time': 0.05543708801269531, 'batch_time': 0.065744318839279, 'rtc_check_time': 0.008002200003829785, 'experiment_id': 'exp_20240620_222727', 'client_id': '0'}
[2024-06-20 22:27:54,531][root][INFO] - Added data to batch for client 0: {'round': 2, 'step_no': 52, 'loss': 0.7330337166786194, 'accuracy': 0.7273706793785095, 'l2_norm': 1.8736047744750977, 'computation_time': 0.04764699935913086, 'batch_time': 0.05369895098556299, 'rtc_check_time': 0.004539900997770019, 'experiment_id': 'exp_20240620_222727', 'client_id': '0'}
[2024-06-20 22:27:54,532][root][INFO] - Added data to batch for client 0: {'round': 2, 'step_no': 53, 'loss': 0.5561310052871704, 'accuracy': 0.7302083373069763, 'l2_norm': 1.9518647193908691, 'computation_time': 0.04240703582763672, 'batch_time': 0.04638357200019527, 'rtc_check_time': 0.0028965000092284754, 'experiment_id': 'exp_20240620_222727', 'client_id': '0'}
[2024-06-20 22:27:54,534][root][INFO] - Added data to batch for client 0: {'round': 2, 'step_no': 54, 'loss': 0.8228506445884705, 'accuracy': 0.7338709831237793, 'l2_norm': 1.9910846948623657, 'computation_time': 0.03896689414978027, 'batch_time': 0.04817180379177444, 'rtc_check_time': 0.00810579999233596, 'experiment_id': 'exp_20240620_222727', 'client_id': '0'}
[2024-06-20 22:27:54,535][root][INFO] - Added data to batch for client 0: {'round': 2, 'step_no': 55, 'loss': 0.5004646182060242, 'accuracy': 0.736328125, 'l2_norm': 2.064750909805298, 'computation_time': 0.04297590255737305, 'batch_time': 0.049689275518176146, 'rtc_check_time': 0.005325299993273802, 'experiment_id': 'exp_20240620_222727', 'client_id': '0'}
[2024-06-20 22:27:54,537][root][INFO] - Added data to batch for client 0: {'round': 2, 'step_no': 56, 'loss': 0.40950852632522583, 'accuracy': 0.7424242496490479, 'l2_norm': 2.1277854442596436, 'computation_time': 0.050150156021118164, 'batch_time': 0.05399253604991827, 'rtc_check_time': 0.002322700005606748, 'experiment_id': 'exp_20240620_222727', 'client_id': '0'}
[2024-06-20 22:27:54,538][root][INFO] - Added data to batch for client 0: {'round': 2, 'step_no': 57, 'loss': 0.5583500862121582, 'accuracy': 0.7454044222831726, 'l2_norm': 2.2079896926879883, 'computation_time': 0.04111313819885254, 'batch_time': 0.052041875474969856, 'rtc_check_time': 0.00985489999584388, 'experiment_id': 'exp_20240620_222727', 'client_id': '0'}
[2024-06-20 22:27:54,539][root][INFO] - Added data to batch for client 0: {'round': 2, 'step_no': 58, 'loss': 0.5142253637313843, 'accuracy': 0.7473214268684387, 'l2_norm': 2.3072121143341064, 'computation_time': 0.04272890090942383, 'batch_time': 0.0487269167060731, 'rtc_check_time': 0.00493300000380259, 'experiment_id': 'exp_20240620_222727', 'client_id': '0'}
[2024-06-20 22:27:54,540][root][INFO] - Added data to batch for client 0: {'round': 2, 'step_no': 59, 'loss': 0.5364919304847717, 'accuracy': 0.7517361044883728, 'l2_norm': 2.3967297077178955, 'computation_time': 0.04310107231140137, 'batch_time': 0.04907593422103673, 'rtc_check_time': 0.004738899995572865, 'experiment_id': 'exp_20240620_222727', 'client_id': '0'}
[2024-06-20 22:27:54,541][root][INFO] - Added data to batch for client 0: {'round': 2, 'step_no': 60, 'loss': 0.5691803097724915, 'accuracy': 0.7533783912658691, 'l2_norm': 2.480010986328125, 'computation_time': 0.04868602752685547, 'batch_time': 0.05384595975920092, 'rtc_check_time': 0.0038019000057829544, 'experiment_id': 'exp_20240620_222727', 'client_id': '0'}
[2024-06-20 22:27:54,542][root][INFO] - Added data to batch for client 0: {'round': 2, 'step_no': 61, 'loss': 0.5126152038574219, 'accuracy': 0.7549341917037964, 'l2_norm': 2.597174882888794, 'computation_time': 0.05134916305541992, 'batch_time': 0.05501535224902909, 'rtc_check_time': 0.0026243000029353425, 'experiment_id': 'exp_20240620_222727', 'client_id': '0'}
[2024-06-20 22:27:54,543][root][INFO] - Added data to batch for client 0: {'round': 2, 'step_no': 62, 'loss': 0.6558815240859985, 'accuracy': 0.7564102411270142, 'l2_norm': 2.6783018112182617, 'computation_time': 0.04465198516845703, 'batch_time': 0.04844448344374541, 'rtc_check_time': 0.0024594999995315447, 'experiment_id': 'exp_20240620_222727', 'client_id': '0'}
[2024-06-20 22:27:54,545][root][INFO] - Added data to batch for client 0: {'round': 2, 'step_no': 63, 'loss': 0.5409156084060669, 'accuracy': 0.7578125, 'l2_norm': 2.7838549613952637, 'computation_time': 0.052892208099365234, 'batch_time': 0.05738639130140655, 'rtc_check_time': 0.0030775000050198287, 'experiment_id': 'exp_20240620_222727', 'client_id': '0'}
[2024-06-20 22:27:54,546][root][INFO] - Added data to batch for client 0: {'round': 2, 'step_no': 64, 'loss': 0.6191299557685852, 'accuracy': 0.7583841681480408, 'l2_norm': 2.8864097595214844, 'computation_time': 0.054884910583496094, 'batch_time': 0.0636417420610087, 'rtc_check_time': 0.006412700007786043, 'experiment_id': 'exp_20240620_222727', 'client_id': '0'}
[2024-06-20 22:27:54,547][root][INFO] - Added data to batch for client 0: {'round': 2, 'step_no': 65, 'loss': 0.6399576663970947, 'accuracy': 0.758184552192688, 'l2_norm': 2.929431200027466, 'computation_time': 0.05661201477050781, 'batch_time': 0.062013720962568186, 'rtc_check_time': 0.00325880000309553, 'experiment_id': 'exp_20240620_222727', 'client_id': '0'}
[2024-06-20 22:27:54,548][root][INFO] - Added data to batch for client 0: {'round': 2, 'step_no': 66, 'loss': 0.5410208106040955, 'accuracy': 0.7594476938247681, 'l2_norm': 3.020547389984131, 'computation_time': 0.04835104942321777, 'batch_time': 0.05431442985718604, 'rtc_check_time': 0.004787500001839362, 'experiment_id': 'exp_20240620_222727', 'client_id': '0'}
[2024-06-20 22:27:54,550][root][INFO] - Added data to batch for client 0: {'round': 2, 'step_no': 67, 'loss': 0.7719739675521851, 'accuracy': 0.7613636255264282, 'l2_norm': 3.062903881072998, 'computation_time': 0.04605698585510254, 'batch_time': 0.05119851369818207, 'rtc_check_time': 0.0037164999957894906, 'experiment_id': 'exp_20240620_222727', 'client_id': '0'}
[2024-06-20 22:27:54,551][root][INFO] - Added data to batch for client 0: {'round': 2, 'step_no': 68, 'loss': 0.2846183776855469, 'accuracy': 0.7652778029441833, 'l2_norm': 3.1296730041503906, 'computation_time': 0.05301713943481445, 'batch_time': 0.05790239217458293, 'rtc_check_time': 0.003171499993186444, 'experiment_id': 'exp_20240620_222727', 'client_id': '0'}
[2024-06-20 22:27:54,552][root][INFO] - Added data to batch for client 0: {'round': 2, 'step_no': 69, 'loss': 0.44957083463668823, 'accuracy': 0.7683423757553101, 'l2_norm': 3.2174131870269775, 'computation_time': 0.048767805099487305, 'batch_time': 0.053549040589132346, 'rtc_check_time': 0.00348400000075344, 'experiment_id': 'exp_20240620_222727', 'client_id': '0'}
[2024-06-20 22:27:54,554][root][INFO] - Added data to batch for client 0: {'round': 2, 'step_no': 70, 'loss': 0.7200665473937988, 'accuracy': 0.7692819237709045, 'l2_norm': 3.2956910133361816, 'computation_time': 0.04880094528198242, 'batch_time': 0.051788475742796436, 'rtc_check_time': 0.0016623999981675297, 'experiment_id': 'exp_20240620_222727', 'client_id': '0'}
[2024-06-20 22:27:54,555][root][INFO] - Added data to batch for client 0: {'round': 2, 'step_no': 71, 'loss': 0.7310136556625366, 'accuracy': 0.7708333134651184, 'l2_norm': 3.3570945262908936, 'computation_time': 0.052265167236328125, 'batch_time': 0.055484582713688724, 'rtc_check_time': 0.0017684000049484894, 'experiment_id': 'exp_20240620_222727', 'client_id': '0'}
[2024-06-20 22:27:54,556][root][INFO] - Added data to batch for client 0: {'round': 2, 'step_no': 72, 'loss': 0.5442888140678406, 'accuracy': 0.7716836929321289, 'l2_norm': 3.382117748260498, 'computation_time': 0.05924105644226074, 'batch_time': 0.06298167500062846, 'rtc_check_time': 0.0016236999945249408, 'experiment_id': 'exp_20240620_222727', 'client_id': '0'}
[2024-06-20 22:27:54,557][root][INFO] - Added data to batch for client 0: {'round': 2, 'step_no': 73, 'loss': 0.3523791432380676, 'accuracy': 0.7749999761581421, 'l2_norm': 3.4275519847869873, 'computation_time': 0.05289506912231445, 'batch_time': 0.056020839474513195, 'rtc_check_time': 0.0016378000000258908, 'experiment_id': 'exp_20240620_222727', 'client_id': '0'}
[2024-06-20 22:27:54,563][root][INFO] - Added data to batch for client 0: {'round': 2, 'step_no': 74, 'loss': 0.7241435050964355, 'accuracy': 0.7745097875595093, 'l2_norm': 3.47969913482666, 'computation_time': 0.057008981704711914, 'batch_time': 0.061722632774035446, 'rtc_check_time': 0.00299059999815654, 'experiment_id': 'exp_20240620_222727', 'client_id': '0'}
[2024-06-20 22:27:54,564][root][INFO] - Added data to batch for client 0: {'round': 2, 'step_no': 75, 'loss': 0.5884676575660706, 'accuracy': 0.7758413553237915, 'l2_norm': 3.5749011039733887, 'computation_time': 0.05931901931762695, 'batch_time': 0.06642650642606895, 'rtc_check_time': 0.005712500002118759, 'experiment_id': 'exp_20240620_222727', 'client_id': '0'}
[2024-06-20 22:27:54,565][root][INFO] - Added data to batch for client 0: {'round': 2, 'step_no': 76, 'loss': 0.7992681264877319, 'accuracy': 0.7741745114326477, 'l2_norm': 3.62436580657959, 'computation_time': 0.053099870681762695, 'batch_time': 0.05776387082005385, 'rtc_check_time': 0.003463801011093892, 'experiment_id': 'exp_20240620_222727', 'client_id': '0'}
[2024-06-20 22:27:54,566][root][INFO] - Added data to batch for client 0: {'round': 2, 'step_no': 77, 'loss': 0.5385069847106934, 'accuracy': 0.7754629850387573, 'l2_norm': 3.7489089965820312, 'computation_time': 0.04495096206665039, 'batch_time': 0.061039125837851316, 'rtc_check_time': 0.013965999998617917, 'experiment_id': 'exp_20240620_222727', 'client_id': '0'}
[2024-06-20 22:27:54,567][root][INFO] - Added data to batch for client 0: {'round': 2, 'step_no': 78, 'loss': 0.4954077899456024, 'accuracy': 0.7772727012634277, 'l2_norm': 3.8162453174591064, 'computation_time': 0.049504995346069336, 'batch_time': 0.05455651137162931, 'rtc_check_time': 0.0036035999946761876, 'experiment_id': 'exp_20240620_222727', 'client_id': '0'}
[2024-06-20 22:27:54,568][root][INFO] - Added data to batch for client 0: {'round': 2, 'step_no': 79, 'loss': 0.3277164697647095, 'accuracy': 0.7801339030265808, 'l2_norm': 3.9002249240875244, 'computation_time': 0.049523115158081055, 'batch_time': 0.05441223994421307, 'rtc_check_time': 0.0035751999967033044, 'experiment_id': 'exp_20240620_222727', 'client_id': '0'}
[2024-06-20 22:27:54,569][root][INFO] - Added data to batch for client 0: {'round': 2, 'step_no': 80, 'loss': 0.38295814394950867, 'accuracy': 0.7828947305679321, 'l2_norm': 3.980140447616577, 'computation_time': 0.049189090728759766, 'batch_time': 0.05393450611154549, 'rtc_check_time': 0.00333659999887459, 'experiment_id': 'exp_20240620_222727', 'client_id': '0'}
[2024-06-20 22:27:54,570][root][INFO] - Added data to batch for client 0: {'round': 2, 'step_no': 81, 'loss': 0.38413065671920776, 'accuracy': 0.7834051847457886, 'l2_norm': 4.065275192260742, 'computation_time': 0.04688215255737305, 'batch_time': 0.05417357351689134, 'rtc_check_time': 0.005913599990890361, 'experiment_id': 'exp_20240620_222727', 'client_id': '0'}
[2024-06-20 22:27:54,571][root][INFO] - Added data to batch for client 0: {'round': 2, 'step_no': 82, 'loss': 0.5823469161987305, 'accuracy': 0.7838982939720154, 'l2_norm': 4.179892539978027, 'computation_time': 0.04665112495422363, 'batch_time': 0.05581349947897252, 'rtc_check_time': 0.007777400998747908, 'experiment_id': 'exp_20240620_222727', 'client_id': '0'}
[2024-06-20 22:27:54,572][root][INFO] - Added data to batch for client 0: {'round': 2, 'step_no': 83, 'loss': 0.584065318107605, 'accuracy': 0.7838541865348816, 'l2_norm': 4.2214436531066895, 'computation_time': 0.04593205451965332, 'batch_time': 0.04897768115915824, 'rtc_check_time': 0.0016565999976592138, 'experiment_id': 'exp_20240620_222727', 'client_id': '0'}
[2024-06-20 22:27:54,573][root][INFO] - Added data to batch for client 0: {'round': 2, 'step_no': 84, 'loss': 0.4349478483200073, 'accuracy': 0.7858606576919556, 'l2_norm': 4.314661502838135, 'computation_time': 0.046504974365234375, 'batch_time': 0.05537626838486176, 'rtc_check_time': 0.006874300001072697, 'experiment_id': 'exp_20240620_222727', 'client_id': '0'}
[2024-06-20 22:27:54,574][root][INFO] - Added data to batch for client 0: {'round': 2, 'step_no': 85, 'loss': 0.7098817825317383, 'accuracy': 0.7862903475761414, 'l2_norm': 4.364451885223389, 'computation_time': 0.05586695671081543, 'batch_time': 0.05913122465426568, 'rtc_check_time': 0.00184830000216607, 'experiment_id': 'exp_20240620_222727', 'client_id': '0'}
[2024-06-20 22:27:54,575][root][INFO] - Added data to batch for client 0: {'round': 2, 'step_no': 86, 'loss': 0.3178248703479767, 'accuracy': 0.788690447807312, 'l2_norm': 4.4484477043151855, 'computation_time': 0.04952287673950195, 'batch_time': 0.05295935124740936, 'rtc_check_time': 0.0015873000083956867, 'experiment_id': 'exp_20240620_222727', 'client_id': '0'}
[2024-06-20 22:27:54,576][root][INFO] - Added data to batch for client 0: {'round': 2, 'step_no': 87, 'loss': 0.6043010950088501, 'accuracy': 0.7890625, 'l2_norm': 4.5697760581970215, 'computation_time': 0.04688405990600586, 'batch_time': 0.05447685315448325, 'rtc_check_time': 0.006231899998965673, 'experiment_id': 'exp_20240620_222727', 'client_id': '0'}
[2024-06-20 22:27:54,577][root][INFO] - Added data to batch for client 0: {'round': 2, 'step_no': 88, 'loss': 0.7587999105453491, 'accuracy': 0.7899038195610046, 'l2_norm': 4.609363079071045, 'computation_time': 0.048509836196899414, 'batch_time': 0.054566113991313614, 'rtc_check_time': 0.004732101006084122, 'experiment_id': 'exp_20240620_222727', 'client_id': '0'}
[2024-06-20 22:27:54,578][root][INFO] - Added data to batch for client 0: {'round': 2, 'step_no': 89, 'loss': 0.7109360694885254, 'accuracy': 0.7892992496490479, 'l2_norm': 4.692602157592773, 'computation_time': 0.04844188690185547, 'batch_time': 0.05202893335081171, 'rtc_check_time': 0.002179899995098822, 'experiment_id': 'exp_20240620_222727', 'client_id': '0'}
[2024-06-20 22:27:54,579][root][INFO] - Added data to batch for client 0: {'round': 2, 'step_no': 90, 'loss': 0.4904494881629944, 'accuracy': 0.7896454930305481, 'l2_norm': 4.770823001861572, 'computation_time': 0.05269885063171387, 'batch_time': 0.05578745774982963, 'rtc_check_time': 0.001847399995313026, 'experiment_id': 'exp_20240620_222727', 'client_id': '0'}
[2024-06-20 22:27:54,581][root][INFO] - Batch data saved to /home/psklavos/fl/geom_aio/csv_logs/exp_20240620_222727/clients/client_0/batch.csv
[2024-06-20 22:27:54,582][root][INFO] - Server data saved to /home/psklavos/fl/geom_aio/csv_logs/exp_20240620_222727/server/server.csv
[2024-06-20 22:27:59,055][flwr][DEBUG] - fit_round 3: strategy sampled 3 clients (out of 3)
[2024-06-20 22:28:07,586][flwr][DEBUG] - fit_round 3 received 3 results and 0 failures
[2024-06-20 22:28:07,594][root][INFO] - Added data to server for client None: {'round': 3, 'average_norm': 5.037612756093343, 'round_time': 9.94582467401892, 'average_downlink_time': 0.7058191116666667, 'average_rtc_check_time': 0.6172840069630183, 'average_uplink_time': 0.6654643140000001, 'average_computation_time': 7.340943733851115, 'average_communication_time': 1.988567432629685, 'average_fit_time': 8.508004983266195, 'average_throughput': 3.475895908814513, 'dropouts': 0, 'experiment_id': 'exp_20240620_222727'}
[2024-06-20 22:28:07,671][utils.model][INFO] - LeNet model built
[2024-06-20 22:28:07,806][utils.model][INFO] - Size of serialized model: 279.0341796875 kbytes
[2024-06-20 22:28:07,881][utils.model][INFO] - Step 1/40 - val_loss: 0.1243 - val_accuracy: 0.9648
[2024-06-20 22:28:07,900][utils.model][INFO] - Step 2/40 - val_loss: 0.1847 - val_accuracy: 0.9453
[2024-06-20 22:28:07,918][utils.model][INFO] - Step 3/40 - val_loss: 0.2185 - val_accuracy: 0.9284
[2024-06-20 22:28:07,938][utils.model][INFO] - Step 4/40 - val_loss: 0.2201 - val_accuracy: 0.9229
[2024-06-20 22:28:07,957][utils.model][INFO] - Step 5/40 - val_loss: 0.2444 - val_accuracy: 0.9172
[2024-06-20 22:28:07,974][utils.model][INFO] - Step 6/40 - val_loss: 0.2497 - val_accuracy: 0.9199
[2024-06-20 22:28:07,992][utils.model][INFO] - Step 7/40 - val_loss: 0.2582 - val_accuracy: 0.9180
[2024-06-20 22:28:08,010][utils.model][INFO] - Step 8/40 - val_loss: 0.2571 - val_accuracy: 0.9180
[2024-06-20 22:28:08,027][utils.model][INFO] - Step 9/40 - val_loss: 0.2637 - val_accuracy: 0.9175
[2024-06-20 22:28:08,046][utils.model][INFO] - Step 10/40 - val_loss: 0.2575 - val_accuracy: 0.9195
[2024-06-20 22:28:08,064][utils.model][INFO] - Step 11/40 - val_loss: 0.2517 - val_accuracy: 0.9212
[2024-06-20 22:28:08,082][utils.model][INFO] - Step 12/40 - val_loss: 0.2473 - val_accuracy: 0.9222
[2024-06-20 22:28:08,098][utils.model][INFO] - Step 13/40 - val_loss: 0.2463 - val_accuracy: 0.9225
[2024-06-20 22:28:08,116][utils.model][INFO] - Step 14/40 - val_loss: 0.2457 - val_accuracy: 0.9213
[2024-06-20 22:28:08,134][utils.model][INFO] - Step 15/40 - val_loss: 0.2501 - val_accuracy: 0.9203
[2024-06-20 22:28:08,152][utils.model][INFO] - Step 16/40 - val_loss: 0.2511 - val_accuracy: 0.9199
[2024-06-20 22:28:08,170][utils.model][INFO] - Step 17/40 - val_loss: 0.2530 - val_accuracy: 0.9189
[2024-06-20 22:28:08,187][utils.model][INFO] - Step 18/40 - val_loss: 0.2516 - val_accuracy: 0.9197
[2024-06-20 22:28:08,205][utils.model][INFO] - Step 19/40 - val_loss: 0.2516 - val_accuracy: 0.9196
[2024-06-20 22:28:08,223][utils.model][INFO] - Step 20/40 - val_loss: 0.2477 - val_accuracy: 0.9211
[2024-06-20 22:28:08,242][utils.model][INFO] - Step 21/40 - val_loss: 0.2415 - val_accuracy: 0.9232
[2024-06-20 22:28:08,259][utils.model][INFO] - Step 22/40 - val_loss: 0.2339 - val_accuracy: 0.9258
[2024-06-20 22:28:08,278][utils.model][INFO] - Step 23/40 - val_loss: 0.2324 - val_accuracy: 0.9258
[2024-06-20 22:28:08,297][utils.model][INFO] - Step 24/40 - val_loss: 0.2321 - val_accuracy: 0.9253
[2024-06-20 22:28:08,314][utils.model][INFO] - Step 25/40 - val_loss: 0.2264 - val_accuracy: 0.9272
[2024-06-20 22:28:08,332][utils.model][INFO] - Step 26/40 - val_loss: 0.2255 - val_accuracy: 0.9283
[2024-06-20 22:28:08,350][utils.model][INFO] - Step 27/40 - val_loss: 0.2210 - val_accuracy: 0.9300
[2024-06-20 22:28:08,368][utils.model][INFO] - Step 28/40 - val_loss: 0.2159 - val_accuracy: 0.9316
[2024-06-20 22:28:08,387][utils.model][INFO] - Step 29/40 - val_loss: 0.2110 - val_accuracy: 0.9335
[2024-06-20 22:28:08,404][utils.model][INFO] - Step 30/40 - val_loss: 0.2077 - val_accuracy: 0.9348
[2024-06-20 22:28:08,422][utils.model][INFO] - Step 31/40 - val_loss: 0.2040 - val_accuracy: 0.9359
[2024-06-20 22:28:08,440][utils.model][INFO] - Step 32/40 - val_loss: 0.1995 - val_accuracy: 0.9375
[2024-06-20 22:28:08,459][utils.model][INFO] - Step 33/40 - val_loss: 0.1966 - val_accuracy: 0.9386
[2024-06-20 22:28:08,477][utils.model][INFO] - Step 34/40 - val_loss: 0.1929 - val_accuracy: 0.9399
[2024-06-20 22:28:08,496][utils.model][INFO] - Step 35/40 - val_loss: 0.1880 - val_accuracy: 0.9415
[2024-06-20 22:28:08,515][utils.model][INFO] - Step 36/40 - val_loss: 0.1880 - val_accuracy: 0.9417
[2024-06-20 22:28:08,535][utils.model][INFO] - Step 37/40 - val_loss: 0.1848 - val_accuracy: 0.9429
[2024-06-20 22:28:08,555][utils.model][INFO] - Step 38/40 - val_loss: 0.1832 - val_accuracy: 0.9433
[2024-06-20 22:28:08,573][utils.model][INFO] - Step 39/40 - val_loss: 0.1865 - val_accuracy: 0.9422
[2024-06-20 22:28:08,583][utils.model][INFO] - Step 40/40 - val_loss: 0.1822 - val_accuracy: 0.9423
[2024-06-20 22:28:08,585][utils.model][INFO] - Evaluation Results - Val Loss: 0.1822, Val Accuracy: 0.9423 in 40 steps
[2024-06-20 22:28:08,587][flwr][INFO] - fit progress: (3, 0.18222167, {'accuracy': 0.9423}, 31.577841635997174)
[2024-06-20 22:28:08,587][flwr][DEBUG] - evaluate_round 3: strategy sampled 3 clients (out of 3)
[2024-06-20 22:28:09,189][flwr][DEBUG] - evaluate_round 3 received 3 results and 0 failures
[2024-06-20 22:28:09,191][root][INFO] - Added data to epoch for client 0: {'round': 3, 'epoch_steps': 139, 'total_steps': 229, 'l2_norm': 5.022449493408203, 'total_computation_time': 7.339292526245117, 'total_rtc_check_time': 0.6066637069161516, 'total_duration': 8.5068359375, 'val_loss': 0.17555180191993713, 'val_accuracy': 0.9480000138282776, 'experiment_id': 'exp_20240620_222727', 'client_id': '0'}
[2024-06-20 22:28:09,192][root][INFO] - Epoch data saved to /home/psklavos/fl/geom_aio/csv_logs/exp_20240620_222727/clients/client_0/epoch.csv
[2024-06-20 22:28:09,193][root][INFO] - Added data to batch for client 0: {'round': 3, 'step_no': 91, 'loss': 0.33657610416412354, 'accuracy': 0.90625, 'l2_norm': 0.032425567507743835, 'computation_time': 0.05673718452453613, 'batch_time': 0.060490288626169786, 'rtc_check_time': 0.002068200003122911, 'experiment_id': 'exp_20240620_222727', 'client_id': '0'}
[2024-06-20 22:28:09,194][root][INFO] - Added data to batch for client 0: {'round': 3, 'step_no': 92, 'loss': 0.4072307348251343, 'accuracy': 0.875, 'l2_norm': 0.06360062956809998, 'computation_time': 0.07000517845153809, 'batch_time': 0.07660607105935924, 'rtc_check_time': 0.005279100005282089, 'experiment_id': 'exp_20240620_222727', 'client_id': '0'}
[2024-06-20 22:28:09,196][root][INFO] - Added data to batch for client 0: {'round': 3, 'step_no': 93, 'loss': 0.2522405683994293, 'accuracy': 0.8958333134651184, 'l2_norm': 0.053310900926589966, 'computation_time': 0.05307292938232422, 'batch_time': 0.05877640575636178, 'rtc_check_time': 0.003224399988539517, 'experiment_id': 'exp_20240620_222727', 'client_id': '0'}
[2024-06-20 22:28:09,198][root][INFO] - Added data to batch for client 0: {'round': 3, 'step_no': 94, 'loss': 0.6614701747894287, 'accuracy': 0.8828125, 'l2_norm': 0.06686265021562576, 'computation_time': 0.04877901077270508, 'batch_time': 0.05471247136301827, 'rtc_check_time': 0.0045193999976618215, 'experiment_id': 'exp_20240620_222727', 'client_id': '0'}
[2024-06-20 22:28:09,199][root][INFO] - Added data to batch for client 0: {'round': 3, 'step_no': 95, 'loss': 0.33652517199516296, 'accuracy': 0.90625, 'l2_norm': 0.0853586420416832, 'computation_time': 0.04785490036010742, 'batch_time': 0.055836840576375835, 'rtc_check_time': 0.006582899994100444, 'experiment_id': 'exp_20240620_222727', 'client_id': '0'}
[2024-06-20 22:28:09,201][root][INFO] - Added data to batch for client 0: {'round': 3, 'step_no': 96, 'loss': 0.3107263445854187, 'accuracy': 0.9114583134651184, 'l2_norm': 0.09902183711528778, 'computation_time': 0.04664802551269531, 'batch_time': 0.05051736388122663, 'rtc_check_time': 0.00254539999878034, 'experiment_id': 'exp_20240620_222727', 'client_id': '0'}
[2024-06-20 22:28:09,202][root][INFO] - Added data to batch for client 0: {'round': 3, 'step_no': 97, 'loss': 0.2960820198059082, 'accuracy': 0.9107142686843872, 'l2_norm': 0.10412926971912384, 'computation_time': 0.04956698417663574, 'batch_time': 0.05287473776843399, 'rtc_check_time': 0.001726799993775785, 'experiment_id': 'exp_20240620_222727', 'client_id': '0'}
[2024-06-20 22:28:09,204][root][INFO] - Added data to batch for client 0: {'round': 3, 'step_no': 98, 'loss': 0.2527415156364441, 'accuracy': 0.91015625, 'l2_norm': 0.1108439490199089, 'computation_time': 0.04999804496765137, 'batch_time': 0.05446914203639608, 'rtc_check_time': 0.0031740999984322116, 'experiment_id': 'exp_20240620_222727', 'client_id': '0'}
[2024-06-20 22:28:09,205][root][INFO] - Added data to batch for client 0: {'round': 3, 'step_no': 99, 'loss': 0.15997613966464996, 'accuracy': 0.9131944179534912, 'l2_norm': 0.1218704879283905, 'computation_time': 0.05105113983154297, 'batch_time': 0.05863548741035629, 'rtc_check_time': 0.006183400008012541, 'experiment_id': 'exp_20240620_222727', 'client_id': '0'}
[2024-06-20 22:28:09,207][root][INFO] - Added data to batch for client 0: {'round': 3, 'step_no': 100, 'loss': 0.4713873267173767, 'accuracy': 0.909375011920929, 'l2_norm': 0.17704558372497559, 'computation_time': 0.05471611022949219, 'batch_time': 0.05773167072038632, 'rtc_check_time': 0.0016436999867437407, 'experiment_id': 'exp_20240620_222727', 'client_id': '0'}
[2024-06-20 22:28:09,209][root][INFO] - Added data to batch for client 0: {'round': 3, 'step_no': 101, 'loss': 0.3710453510284424, 'accuracy': 0.9090909361839294, 'l2_norm': 0.16786061227321625, 'computation_time': 0.05629706382751465, 'batch_time': 0.05929040219052695, 'rtc_check_time': 0.0016693999932613224, 'experiment_id': 'exp_20240620_222727', 'client_id': '0'}
[2024-06-20 22:28:09,210][root][INFO] - Added data to batch for client 0: {'round': 3, 'step_no': 102, 'loss': 0.2864471673965454, 'accuracy': 0.90625, 'l2_norm': 0.184644415974617, 'computation_time': 0.05211591720581055, 'batch_time': 0.06188704428495839, 'rtc_check_time': 0.00817109999479726, 'experiment_id': 'exp_20240620_222727', 'client_id': '0'}
[2024-06-20 22:28:09,211][root][INFO] - Added data to batch for client 0: {'round': 3, 'step_no': 103, 'loss': 0.408519446849823, 'accuracy': 0.901442289352417, 'l2_norm': 0.2449844479560852, 'computation_time': 0.05406904220581055, 'batch_time': 0.06196128157898784, 'rtc_check_time': 0.006360400002449751, 'experiment_id': 'exp_20240620_222727', 'client_id': '0'}
[2024-06-20 22:28:09,212][root][INFO] - Added data to batch for client 0: {'round': 3, 'step_no': 104, 'loss': 0.45269814133644104, 'accuracy': 0.8995535969734192, 'l2_norm': 0.2174890786409378, 'computation_time': 0.05717802047729492, 'batch_time': 0.06649739795830101, 'rtc_check_time': 0.0074013000121340156, 'experiment_id': 'exp_20240620_222727', 'client_id': '0'}
[2024-06-20 22:28:09,213][root][INFO] - Added data to batch for client 0: {'round': 3, 'step_no': 105, 'loss': 0.2354571372270584, 'accuracy': 0.9020833373069763, 'l2_norm': 0.2204957902431488, 'computation_time': 0.07684206962585449, 'batch_time': 0.08305342860694509, 'rtc_check_time': 0.004489500002819113, 'experiment_id': 'exp_20240620_222727', 'client_id': '0'}
[2024-06-20 22:28:09,215][root][INFO] - Added data to batch for client 0: {'round': 3, 'step_no': 106, 'loss': 0.6287915706634521, 'accuracy': 0.900390625, 'l2_norm': 0.250541090965271, 'computation_time': 0.06433892250061035, 'batch_time': 0.06882571760797873, 'rtc_check_time': 0.0022396999993361533, 'experiment_id': 'exp_20240620_222727', 'client_id': '0'}
[2024-06-20 22:28:09,216][root][INFO] - Added data to batch for client 0: {'round': 3, 'step_no': 107, 'loss': 0.3313843011856079, 'accuracy': 0.8988970518112183, 'l2_norm': 0.2686515748500824, 'computation_time': 0.05400204658508301, 'batch_time': 0.06218226811324712, 'rtc_check_time': 0.006805500001064502, 'experiment_id': 'exp_20240620_222727', 'client_id': '0'}
[2024-06-20 22:28:09,217][root][INFO] - Added data to batch for client 0: {'round': 3, 'step_no': 108, 'loss': 0.6096510887145996, 'accuracy': 0.8923611044883728, 'l2_norm': 0.3268701732158661, 'computation_time': 0.054000139236450195, 'batch_time': 0.056760231833322905, 'rtc_check_time': 0.0014382999943336472, 'experiment_id': 'exp_20240620_222727', 'client_id': '0'}
[2024-06-20 22:28:09,218][root][INFO] - Added data to batch for client 0: {'round': 3, 'step_no': 109, 'loss': 0.29707497358322144, 'accuracy': 0.8930920958518982, 'l2_norm': 0.3437013030052185, 'computation_time': 0.04664206504821777, 'batch_time': 0.05381211439089384, 'rtc_check_time': 0.005736200007959269, 'experiment_id': 'exp_20240620_222727', 'client_id': '0'}
[2024-06-20 22:28:09,220][root][INFO] - Added data to batch for client 0: {'round': 3, 'step_no': 110, 'loss': 0.16214844584465027, 'accuracy': 0.8968750238418579, 'l2_norm': 0.36894893646240234, 'computation_time': 0.048336029052734375, 'batch_time': 0.0554935208929237, 'rtc_check_time': 0.0056607000005897135, 'experiment_id': 'exp_20240620_222727', 'client_id': '0'}
[2024-06-20 22:28:09,221][root][INFO] - Added data to batch for client 0: {'round': 3, 'step_no': 111, 'loss': 0.4121524691581726, 'accuracy': 0.8973214030265808, 'l2_norm': 0.365499883890152, 'computation_time': 0.05357789993286133, 'batch_time': 0.06319829214771744, 'rtc_check_time': 0.008211099993786775, 'experiment_id': 'exp_20240620_222727', 'client_id': '0'}
[2024-06-20 22:28:09,222][root][INFO] - Added data to batch for client 0: {'round': 3, 'step_no': 112, 'loss': 0.5652885437011719, 'accuracy': 0.8963068127632141, 'l2_norm': 0.3800644874572754, 'computation_time': 0.06554412841796875, 'batch_time': 0.06897745179594494, 'rtc_check_time': 0.0019834999984595925, 'experiment_id': 'exp_20240620_222727', 'client_id': '0'}
[2024-06-20 22:28:09,223][root][INFO] - Added data to batch for client 0: {'round': 3, 'step_no': 113, 'loss': 0.2882600426673889, 'accuracy': 0.898097813129425, 'l2_norm': 0.3948155641555786, 'computation_time': 0.048973798751831055, 'batch_time': 0.05605804576771334, 'rtc_check_time': 0.005888101004529744, 'experiment_id': 'exp_20240620_222727', 'client_id': '0'}
[2024-06-20 22:28:09,225][root][INFO] - Added data to batch for client 0: {'round': 3, 'step_no': 114, 'loss': 0.4804171919822693, 'accuracy': 0.8971354365348816, 'l2_norm': 0.443046897649765, 'computation_time': 0.04958987236022949, 'batch_time': 0.05841272680845577, 'rtc_check_time': 0.00737469999876339, 'experiment_id': 'exp_20240620_222727', 'client_id': '0'}
[2024-06-20 22:28:09,226][root][INFO] - Added data to batch for client 0: {'round': 3, 'step_no': 115, 'loss': 0.33373695611953735, 'accuracy': 0.8974999785423279, 'l2_norm': 0.48006415367126465, 'computation_time': 0.05211019515991211, 'batch_time': 0.05826208468351979, 'rtc_check_time': 0.004684900006395765, 'experiment_id': 'exp_20240620_222727', 'client_id': '0'}
[2024-06-20 22:28:09,227][root][INFO] - Added data to batch for client 0: {'round': 3, 'step_no': 116, 'loss': 0.41693294048309326, 'accuracy': 0.895432710647583, 'l2_norm': 0.5072190761566162, 'computation_time': 0.05540299415588379, 'batch_time': 0.05930844566319138, 'rtc_check_time': 0.001971399993635714, 'experiment_id': 'exp_20240620_222727', 'client_id': '0'}
[2024-06-20 22:28:09,228][root][INFO] - Added data to batch for client 0: {'round': 3, 'step_no': 117, 'loss': 0.16683053970336914, 'accuracy': 0.8969907164573669, 'l2_norm': 0.5150688290596008, 'computation_time': 0.0482640266418457, 'batch_time': 0.052294448905740865, 'rtc_check_time': 0.0025744000013219193, 'experiment_id': 'exp_20240620_222727', 'client_id': '0'}
[2024-06-20 22:28:09,229][root][INFO] - Added data to batch for client 0: {'round': 3, 'step_no': 118, 'loss': 0.655913233757019, 'accuracy': 0.8928571343421936, 'l2_norm': 0.541955292224884, 'computation_time': 0.052709102630615234, 'batch_time': 0.0591131619294174, 'rtc_check_time': 0.0050682000000961125, 'experiment_id': 'exp_20240620_222727', 'client_id': '0'}
[2024-06-20 22:28:09,231][root][INFO] - Added data to batch for client 0: {'round': 3, 'step_no': 119, 'loss': 0.2162821888923645, 'accuracy': 0.8943965435028076, 'l2_norm': 0.5305854082107544, 'computation_time': 0.05604815483093262, 'batch_time': 0.060484165951493196, 'rtc_check_time': 0.0023631999938515946, 'experiment_id': 'exp_20240620_222727', 'client_id': '0'}
[2024-06-20 22:28:09,232][root][INFO] - Added data to batch for client 0: {'round': 3, 'step_no': 120, 'loss': 0.09003793448209763, 'accuracy': 0.8979166746139526, 'l2_norm': 0.5419081449508667, 'computation_time': 0.05104684829711914, 'batch_time': 0.054884219585801475, 'rtc_check_time': 0.0024399999965680763, 'experiment_id': 'exp_20240620_222727', 'client_id': '0'}
[2024-06-20 22:28:09,233][root][INFO] - Added data to batch for client 0: {'round': 3, 'step_no': 121, 'loss': 0.33738434314727783, 'accuracy': 0.8981854915618896, 'l2_norm': 0.5664405226707458, 'computation_time': 0.05151104927062988, 'batch_time': 0.05893279114388861, 'rtc_check_time': 0.005775700003141537, 'experiment_id': 'exp_20240620_222727', 'client_id': '0'}
[2024-06-20 22:28:09,234][root][INFO] - Added data to batch for client 0: {'round': 3, 'step_no': 122, 'loss': 0.4886971116065979, 'accuracy': 0.8974609375, 'l2_norm': 0.6254526376724243, 'computation_time': 0.06032299995422363, 'batch_time': 0.07711402891436592, 'rtc_check_time': 0.015372199995908886, 'experiment_id': 'exp_20240620_222727', 'client_id': '0'}
[2024-06-20 22:28:09,235][root][INFO] - Added data to batch for client 0: {'round': 3, 'step_no': 123, 'loss': 0.26831740140914917, 'accuracy': 0.8977272510528564, 'l2_norm': 0.6404394507408142, 'computation_time': 0.05714583396911621, 'batch_time': 0.06484737001301255, 'rtc_check_time': 0.005596299990429543, 'experiment_id': 'exp_20240620_222727', 'client_id': '0'}
[2024-06-20 22:28:09,236][root][INFO] - Added data to batch for client 0: {'round': 3, 'step_no': 124, 'loss': 0.13630443811416626, 'accuracy': 0.8988970518112183, 'l2_norm': 0.6543239951133728, 'computation_time': 0.06609606742858887, 'batch_time': 0.07103803560312372, 'rtc_check_time': 0.0031430999952135608, 'experiment_id': 'exp_20240620_222727', 'client_id': '0'}
[2024-06-20 22:28:09,237][root][INFO] - Added data to batch for client 0: {'round': 3, 'step_no': 125, 'loss': 0.1696639209985733, 'accuracy': 0.9008928537368774, 'l2_norm': 0.6795455813407898, 'computation_time': 0.06756210327148438, 'batch_time': 0.07331118546426296, 'rtc_check_time': 0.00372919999063015, 'experiment_id': 'exp_20240620_222727', 'client_id': '0'}
[2024-06-20 22:28:09,239][root][INFO] - Added data to batch for client 0: {'round': 3, 'step_no': 126, 'loss': 0.3352457284927368, 'accuracy': 0.9001736044883728, 'l2_norm': 0.7115927934646606, 'computation_time': 0.058193206787109375, 'batch_time': 0.06671943259425461, 'rtc_check_time': 0.006193300010636449, 'experiment_id': 'exp_20240620_222727', 'client_id': '0'}
[2024-06-20 22:28:09,240][root][INFO] - Added data to batch for client 0: {'round': 3, 'step_no': 127, 'loss': 0.26178574562072754, 'accuracy': 0.900337815284729, 'l2_norm': 0.7516713738441467, 'computation_time': 0.0523679256439209, 'batch_time': 0.05584825368714519, 'rtc_check_time': 0.0022271999914664775, 'experiment_id': 'exp_20240620_222727', 'client_id': '0'}
[2024-06-20 22:28:09,241][root][INFO] - Added data to batch for client 0: {'round': 3, 'step_no': 128, 'loss': 0.29646557569503784, 'accuracy': 0.9004934430122375, 'l2_norm': 0.7628321051597595, 'computation_time': 0.05035400390625, 'batch_time': 0.052952902944525704, 'rtc_check_time': 0.0014408999995794147, 'experiment_id': 'exp_20240620_222727', 'client_id': '0'}
[2024-06-20 22:28:09,242][root][INFO] - Added data to batch for client 0: {'round': 3, 'step_no': 129, 'loss': 0.18728289008140564, 'accuracy': 0.9022436141967773, 'l2_norm': 0.8018678426742554, 'computation_time': 0.05220508575439453, 'batch_time': 0.058976442844141275, 'rtc_check_time': 0.0048682999913580716, 'experiment_id': 'exp_20240620_222727', 'client_id': '0'}
[2024-06-20 22:28:09,243][root][INFO] - Added data to batch for client 0: {'round': 3, 'step_no': 130, 'loss': 0.3866174817085266, 'accuracy': 0.901562511920929, 'l2_norm': 0.8548124432563782, 'computation_time': 0.08506202697753906, 'batch_time': 0.0914774525735993, 'rtc_check_time': 0.003910600004019216, 'experiment_id': 'exp_20240620_222727', 'client_id': '0'}
[2024-06-20 22:28:09,244][root][INFO] - Added data to batch for client 0: {'round': 3, 'step_no': 131, 'loss': 0.4786105155944824, 'accuracy': 0.9009146094322205, 'l2_norm': 0.8657227754592896, 'computation_time': 0.06972694396972656, 'batch_time': 0.08079030818771571, 'rtc_check_time': 0.009541300009004772, 'experiment_id': 'exp_20240620_222727', 'client_id': '0'}
[2024-06-20 22:28:09,246][root][INFO] - Added data to batch for client 0: {'round': 3, 'step_no': 132, 'loss': 0.43125155568122864, 'accuracy': 0.8995535969734192, 'l2_norm': 0.9674228429794312, 'computation_time': 0.05974912643432617, 'batch_time': 0.0702028146624798, 'rtc_check_time': 0.008253799998783506, 'experiment_id': 'exp_20240620_222727', 'client_id': '0'}
[2024-06-20 22:28:09,247][root][INFO] - Added data to batch for client 0: {'round': 3, 'step_no': 133, 'loss': 0.14702418446540833, 'accuracy': 0.9004360437393188, 'l2_norm': 0.9696529507637024, 'computation_time': 0.06019091606140137, 'batch_time': 0.06329712539445609, 'rtc_check_time': 0.0016211000038310885, 'experiment_id': 'exp_20240620_222727', 'client_id': '0'}
[2024-06-20 22:28:09,248][root][INFO] - Added data to batch for client 0: {'round': 3, 'step_no': 134, 'loss': 0.5913683176040649, 'accuracy': 0.8977272510528564, 'l2_norm': 1.017998218536377, 'computation_time': 0.0574038028717041, 'batch_time': 0.06224663619650528, 'rtc_check_time': 0.002423600002657622, 'experiment_id': 'exp_20240620_222727', 'client_id': '0'}
[2024-06-20 22:28:09,249][root][INFO] - Added data to batch for client 0: {'round': 3, 'step_no': 135, 'loss': 0.4167501926422119, 'accuracy': 0.8986111283302307, 'l2_norm': 1.0676727294921875, 'computation_time': 0.05869913101196289, 'batch_time': 0.06913282755704131, 'rtc_check_time': 0.008578799999668263, 'experiment_id': 'exp_20240620_222727', 'client_id': '0'}
[2024-06-20 22:28:09,250][root][INFO] - Added data to batch for client 0: {'round': 3, 'step_no': 136, 'loss': 0.33303090929985046, 'accuracy': 0.898097813129425, 'l2_norm': 1.079473853111267, 'computation_time': 0.0605318546295166, 'batch_time': 0.06531336014450062, 'rtc_check_time': 0.002421400000457652, 'experiment_id': 'exp_20240620_222727', 'client_id': '0'}
[2024-06-20 22:28:09,252][root][INFO] - Added data to batch for client 0: {'round': 3, 'step_no': 137, 'loss': 0.2913973927497864, 'accuracy': 0.8989361524581909, 'l2_norm': 1.071645736694336, 'computation_time': 0.09946990013122559, 'batch_time': 0.10731036358629353, 'rtc_check_time': 0.00533230000291951, 'experiment_id': 'exp_20240620_222727', 'client_id': '0'}
[2024-06-20 22:28:09,253][root][INFO] - Added data to batch for client 0: {'round': 3, 'step_no': 138, 'loss': 0.26579412817955017, 'accuracy': 0.8997395634651184, 'l2_norm': 1.1055221557617188, 'computation_time': 0.09230995178222656, 'batch_time': 0.09780182664690074, 'rtc_check_time': 0.0034739000111585483, 'experiment_id': 'exp_20240620_222727', 'client_id': '0'}
[2024-06-20 22:28:09,254][root][INFO] - Added data to batch for client 0: {'round': 3, 'step_no': 139, 'loss': 0.22801877558231354, 'accuracy': 0.9005101919174194, 'l2_norm': 1.1312227249145508, 'computation_time': 0.07503700256347656, 'batch_time': 0.0814787197887199, 'rtc_check_time': 0.0049577999889152125, 'experiment_id': 'exp_20240620_222727', 'client_id': '0'}
[2024-06-20 22:28:09,255][root][INFO] - Added data to batch for client 0: {'round': 3, 'step_no': 140, 'loss': 0.25672370195388794, 'accuracy': 0.8999999761581421, 'l2_norm': 1.1488248109817505, 'computation_time': 0.10714888572692871, 'batch_time': 0.11169365925888997, 'rtc_check_time': 0.0023486999998567626, 'experiment_id': 'exp_20240620_222727', 'client_id': '0'}
[2024-06-20 22:28:09,256][root][INFO] - Added data to batch for client 0: {'round': 3, 'step_no': 141, 'loss': 0.14166174829006195, 'accuracy': 0.9019607901573181, 'l2_norm': 1.1763781309127808, 'computation_time': 0.06875491142272949, 'batch_time': 0.07339229619537946, 'rtc_check_time': 0.0032721999887144193, 'experiment_id': 'exp_20240620_222727', 'client_id': '0'}
[2024-06-20 22:28:09,257][root][INFO] - Added data to batch for client 0: {'round': 3, 'step_no': 142, 'loss': 0.6359918713569641, 'accuracy': 0.901442289352417, 'l2_norm': 1.2448320388793945, 'computation_time': 0.054505109786987305, 'batch_time': 0.06167621379427146, 'rtc_check_time': 0.005736300998250954, 'experiment_id': 'exp_20240620_222727', 'client_id': '0'}
[2024-06-20 22:28:09,258][root][INFO] - Added data to batch for client 0: {'round': 3, 'step_no': 143, 'loss': 0.28338927030563354, 'accuracy': 0.9015330076217651, 'l2_norm': 1.279236078262329, 'computation_time': 0.04751992225646973, 'batch_time': 0.056614405737491325, 'rtc_check_time': 0.007807499991031364, 'experiment_id': 'exp_20240620_222727', 'client_id': '0'}
[2024-06-20 22:28:09,259][root][INFO] - Added data to batch for client 0: {'round': 3, 'step_no': 144, 'loss': 0.14955052733421326, 'accuracy': 0.9027777910232544, 'l2_norm': 1.291588306427002, 'computation_time': 0.04887580871582031, 'batch_time': 0.06683145658462308, 'rtc_check_time': 0.01668440000503324, 'experiment_id': 'exp_20240620_222727', 'client_id': '0'}
[2024-06-20 22:28:09,260][root][INFO] - Added data to batch for client 0: {'round': 3, 'step_no': 145, 'loss': 0.43543529510498047, 'accuracy': 0.9022727012634277, 'l2_norm': 1.344886302947998, 'computation_time': 0.04910612106323242, 'batch_time': 0.05317241190641653, 'rtc_check_time': 0.002777400004561059, 'experiment_id': 'exp_20240620_222727', 'client_id': '0'}
[2024-06-20 22:28:09,262][root][INFO] - Added data to batch for client 0: {'round': 3, 'step_no': 146, 'loss': 0.41866743564605713, 'accuracy': 0.9012276530265808, 'l2_norm': 1.3830342292785645, 'computation_time': 0.0491940975189209, 'batch_time': 0.06284706405131146, 'rtc_check_time': 0.012101100001018494, 'experiment_id': 'exp_20240620_222727', 'client_id': '0'}
[2024-06-20 22:28:09,263][root][INFO] - Added data to batch for client 0: {'round': 3, 'step_no': 147, 'loss': 0.32529401779174805, 'accuracy': 0.9007675647735596, 'l2_norm': 1.3958334922790527, 'computation_time': 0.06329011917114258, 'batch_time': 0.06965270037471782, 'rtc_check_time': 0.004550600002403371, 'experiment_id': 'exp_20240620_222727', 'client_id': '0'}
[2024-06-20 22:28:09,264][root][INFO] - Added data to batch for client 0: {'round': 3, 'step_no': 148, 'loss': 0.11876820772886276, 'accuracy': 0.9019396305084229, 'l2_norm': 1.407874584197998, 'computation_time': 0.05483508110046387, 'batch_time': 0.05849698532256298, 'rtc_check_time': 0.0021911000076215714, 'experiment_id': 'exp_20240620_222727', 'client_id': '0'}
[2024-06-20 22:28:09,265][root][INFO] - Added data to batch for client 0: {'round': 3, 'step_no': 149, 'loss': 0.392421156167984, 'accuracy': 0.9020127058029175, 'l2_norm': 1.4466854333877563, 'computation_time': 0.04975104331970215, 'batch_time': 0.05531101442466024, 'rtc_check_time': 0.00424699998984579, 'experiment_id': 'exp_20240620_222727', 'client_id': '0'}
[2024-06-20 22:28:09,266][root][INFO] - Added data to batch for client 0: {'round': 3, 'step_no': 150, 'loss': 0.1858999878168106, 'accuracy': 0.903124988079071, 'l2_norm': 1.4555814266204834, 'computation_time': 0.05100202560424805, 'batch_time': 0.05427734841941856, 'rtc_check_time': 0.0018223999941255897, 'experiment_id': 'exp_20240620_222727', 'client_id': '0'}
[2024-06-20 22:28:09,267][root][INFO] - Added data to batch for client 0: {'round': 3, 'step_no': 151, 'loss': 0.1242506355047226, 'accuracy': 0.9031762480735779, 'l2_norm': 1.5046766996383667, 'computation_time': 0.046912193298339844, 'batch_time': 0.057502340656355955, 'rtc_check_time': 0.009225200992659666, 'experiment_id': 'exp_20240620_222727', 'client_id': '0'}
[2024-06-20 22:28:09,268][root][INFO] - Added data to batch for client 0: {'round': 3, 'step_no': 152, 'loss': 0.16027233004570007, 'accuracy': 0.9042338728904724, 'l2_norm': 1.504177451133728, 'computation_time': 0.058335065841674805, 'batch_time': 0.06172683487238828, 'rtc_check_time': 0.0017256999999517575, 'experiment_id': 'exp_20240620_222727', 'client_id': '0'}
[2024-06-20 22:28:09,269][root][INFO] - Added data to batch for client 0: {'round': 3, 'step_no': 153, 'loss': 0.21974781155586243, 'accuracy': 0.9047619104385376, 'l2_norm': 1.5379294157028198, 'computation_time': 0.04819989204406738, 'batch_time': 0.052533636888256297, 'rtc_check_time': 0.0026188000047113746, 'experiment_id': 'exp_20240620_222727', 'client_id': '0'}
[2024-06-20 22:28:09,270][root][INFO] - Added data to batch for client 0: {'round': 3, 'step_no': 154, 'loss': 0.2979363203048706, 'accuracy': 0.90478515625, 'l2_norm': 1.6299868822097778, 'computation_time': 0.04493093490600586, 'batch_time': 0.05690903963113669, 'rtc_check_time': 0.010808900013216771, 'experiment_id': 'exp_20240620_222727', 'client_id': '0'}
[2024-06-20 22:28:09,271][root][INFO] - Added data to batch for client 0: {'round': 3, 'step_no': 155, 'loss': 0.43676772713661194, 'accuracy': 0.9033653736114502, 'l2_norm': 1.6834110021591187, 'computation_time': 0.047148942947387695, 'batch_time': 0.05341316641715821, 'rtc_check_time': 0.004772200001752935, 'experiment_id': 'exp_20240620_222727', 'client_id': '0'}
[2024-06-20 22:28:09,273][root][INFO] - Added data to batch for client 0: {'round': 3, 'step_no': 156, 'loss': 0.5081937313079834, 'accuracy': 0.9024621248245239, 'l2_norm': 1.76820707321167, 'computation_time': 0.05496501922607422, 'batch_time': 0.058551271504256874, 'rtc_check_time': 0.0018272000015713274, 'experiment_id': 'exp_20240620_222727', 'client_id': '0'}
[2024-06-20 22:28:09,274][root][INFO] - Added data to batch for client 0: {'round': 3, 'step_no': 157, 'loss': 0.38724473118782043, 'accuracy': 0.902518630027771, 'l2_norm': 1.7953920364379883, 'computation_time': 0.05049896240234375, 'batch_time': 0.06151965890603606, 'rtc_check_time': 0.009720599991851486, 'experiment_id': 'exp_20240620_222727', 'client_id': '0'}
[2024-06-20 22:28:09,276][root][INFO] - Added data to batch for client 0: {'round': 3, 'step_no': 158, 'loss': 0.1681663691997528, 'accuracy': 0.9030330777168274, 'l2_norm': 1.829532504081726, 'computation_time': 0.05611991882324219, 'batch_time': 0.05882739933440462, 'rtc_check_time': 0.0014893999905325472, 'experiment_id': 'exp_20240620_222727', 'client_id': '0'}
[2024-06-20 22:28:09,277][root][INFO] - Added data to batch for client 0: {'round': 3, 'step_no': 159, 'loss': 0.24622301757335663, 'accuracy': 0.9030796885490417, 'l2_norm': 1.865803837776184, 'computation_time': 0.04811596870422363, 'batch_time': 0.053866633126745, 'rtc_check_time': 0.004400500009069219, 'experiment_id': 'exp_20240620_222727', 'client_id': '0'}
[2024-06-20 22:28:09,278][root][INFO] - Added data to batch for client 0: {'round': 3, 'step_no': 160, 'loss': 0.3924112915992737, 'accuracy': 0.9013392925262451, 'l2_norm': 1.9057072401046753, 'computation_time': 0.051857948303222656, 'batch_time': 0.054811788722872734, 'rtc_check_time': 0.0017266999930143356, 'experiment_id': 'exp_20240620_222727', 'client_id': '0'}
[2024-06-20 22:28:09,279][root][INFO] - Added data to batch for client 0: {'round': 3, 'step_no': 161, 'loss': 0.20893996953964233, 'accuracy': 0.9018486142158508, 'l2_norm': 1.948987364768982, 'computation_time': 0.05224013328552246, 'batch_time': 0.060157509564305656, 'rtc_check_time': 0.00629159998788964, 'experiment_id': 'exp_20240620_222727', 'client_id': '0'}
[2024-06-20 22:28:09,280][root][INFO] - Added data to batch for client 0: {'round': 3, 'step_no': 162, 'loss': 0.3180372714996338, 'accuracy': 0.9014756679534912, 'l2_norm': 1.9630146026611328, 'computation_time': 0.05448198318481445, 'batch_time': 0.05796573577390518, 'rtc_check_time': 0.002110699992044829, 'experiment_id': 'exp_20240620_222727', 'client_id': '0'}
[2024-06-20 22:28:09,281][root][INFO] - Added data to batch for client 0: {'round': 3, 'step_no': 163, 'loss': 0.41241973638534546, 'accuracy': 0.9006849527359009, 'l2_norm': 2.0187342166900635, 'computation_time': 0.05107307434082031, 'batch_time': 0.05638853779237252, 'rtc_check_time': 0.003618400005507283, 'experiment_id': 'exp_20240620_222727', 'client_id': '0'}
[2024-06-20 22:28:09,282][root][INFO] - Added data to batch for client 0: {'round': 3, 'step_no': 164, 'loss': 0.24710988998413086, 'accuracy': 0.9011824131011963, 'l2_norm': 2.0501515865325928, 'computation_time': 0.04523587226867676, 'batch_time': 0.048982724867528304, 'rtc_check_time': 0.002373800001805648, 'experiment_id': 'exp_20240620_222727', 'client_id': '0'}
[2024-06-20 22:28:09,283][root][INFO] - Added data to batch for client 0: {'round': 3, 'step_no': 165, 'loss': 0.3935864269733429, 'accuracy': 0.9008333086967468, 'l2_norm': 2.1092817783355713, 'computation_time': 0.04985690116882324, 'batch_time': 0.0677606165263569, 'rtc_check_time': 0.016238600001088344, 'experiment_id': 'exp_20240620_222727', 'client_id': '0'}
[2024-06-20 22:28:09,284][root][INFO] - Added data to batch for client 0: {'round': 3, 'step_no': 166, 'loss': 0.3874327838420868, 'accuracy': 0.9009045958518982, 'l2_norm': 2.1463217735290527, 'computation_time': 0.058608055114746094, 'batch_time': 0.06250110652763397, 'rtc_check_time': 0.002001199987716973, 'experiment_id': 'exp_20240620_222727', 'client_id': '0'}
[2024-06-20 22:28:09,285][root][INFO] - Added data to batch for client 0: {'round': 3, 'step_no': 167, 'loss': 0.12186042964458466, 'accuracy': 0.9017857313156128, 'l2_norm': 2.1798927783966064, 'computation_time': 0.05215191841125488, 'batch_time': 0.06243724175146781, 'rtc_check_time': 0.008579199988162145, 'experiment_id': 'exp_20240620_222727', 'client_id': '0'}
[2024-06-20 22:28:09,287][root][INFO] - Added data to batch for client 0: {'round': 3, 'step_no': 168, 'loss': 0.5274478197097778, 'accuracy': 0.9010416865348816, 'l2_norm': 2.2250242233276367, 'computation_time': 0.04569387435913086, 'batch_time': 0.04952863791550044, 'rtc_check_time': 0.002559700995334424, 'experiment_id': 'exp_20240620_222727', 'client_id': '0'}
[2024-06-20 22:28:09,288][root][INFO] - Added data to batch for client 0: {'round': 3, 'step_no': 169, 'loss': 0.2240152657032013, 'accuracy': 0.9018987417221069, 'l2_norm': 2.2453420162200928, 'computation_time': 0.03982877731323242, 'batch_time': 0.04429351737780962, 'rtc_check_time': 0.0034063999919453636, 'experiment_id': 'exp_20240620_222727', 'client_id': '0'}
[2024-06-20 22:28:09,289][root][INFO] - Added data to batch for client 0: {'round': 3, 'step_no': 170, 'loss': 0.18455840647220612, 'accuracy': 0.9019531011581421, 'l2_norm': 2.2615885734558105, 'computation_time': 0.03921198844909668, 'batch_time': 0.04254914674675092, 'rtc_check_time': 0.002209199999924749, 'experiment_id': 'exp_20240620_222727', 'client_id': '0'}
[2024-06-20 22:28:09,290][root][INFO] - Added data to batch for client 0: {'round': 3, 'step_no': 171, 'loss': 0.3999366760253906, 'accuracy': 0.9020061492919922, 'l2_norm': 2.2846033573150635, 'computation_time': 0.04149913787841797, 'batch_time': 0.04664593761845026, 'rtc_check_time': 0.003859100994304754, 'experiment_id': 'exp_20240620_222727', 'client_id': '0'}
[2024-06-20 22:28:09,292][root][INFO] - Added data to batch for client 0: {'round': 3, 'step_no': 172, 'loss': 0.32607582211494446, 'accuracy': 0.9024389982223511, 'l2_norm': 2.3242673873901367, 'computation_time': 0.0508580207824707, 'batch_time': 0.057820108777377754, 'rtc_check_time': 0.0051451000035740435, 'experiment_id': 'exp_20240620_222727', 'client_id': '0'}
[2024-06-20 22:28:09,293][root][INFO] - Added data to batch for client 0: {'round': 3, 'step_no': 173, 'loss': 0.166316956281662, 'accuracy': 0.9024849534034729, 'l2_norm': 2.349290609359741, 'computation_time': 0.04948306083679199, 'batch_time': 0.053666118285036646, 'rtc_check_time': 0.002922300001955591, 'experiment_id': 'exp_20240620_222727', 'client_id': '0'}
[2024-06-20 22:28:09,294][root][INFO] - Added data to batch for client 0: {'round': 3, 'step_no': 174, 'loss': 0.21166181564331055, 'accuracy': 0.9029017686843872, 'l2_norm': 2.3795111179351807, 'computation_time': 0.047077178955078125, 'batch_time': 0.06082738960685674, 'rtc_check_time': 0.01244320000114385, 'experiment_id': 'exp_20240620_222727', 'client_id': '0'}
[2024-06-20 22:28:09,295][root][INFO] - Added data to batch for client 0: {'round': 3, 'step_no': 175, 'loss': 0.21577070653438568, 'accuracy': 0.9033088088035583, 'l2_norm': 2.41365122795105, 'computation_time': 0.04432320594787598, 'batch_time': 0.047479652013862506, 'rtc_check_time': 0.0016617999935988337, 'experiment_id': 'exp_20240620_222727', 'client_id': '0'}
[2024-06-20 22:28:09,296][root][INFO] - Added data to batch for client 0: {'round': 3, 'step_no': 176, 'loss': 0.1026759147644043, 'accuracy': 0.9044331312179565, 'l2_norm': 2.437281847000122, 'computation_time': 0.043707847595214844, 'batch_time': 0.04852203861810267, 'rtc_check_time': 0.003440900007262826, 'experiment_id': 'exp_20240620_222727', 'client_id': '0'}
[2024-06-20 22:28:09,298][root][INFO] - Added data to batch for client 0: {'round': 3, 'step_no': 177, 'loss': 0.6166094541549683, 'accuracy': 0.9037356376647949, 'l2_norm': 2.5089826583862305, 'computation_time': 0.05013012886047363, 'batch_time': 0.05304104006791022, 'rtc_check_time': 0.0016069999983301386, 'experiment_id': 'exp_20240620_222727', 'client_id': '0'}
[2024-06-20 22:28:09,299][root][INFO] - Added data to batch for client 0: {'round': 3, 'step_no': 178, 'loss': 0.12341329455375671, 'accuracy': 0.9044744372367859, 'l2_norm': 2.5382609367370605, 'computation_time': 0.050514936447143555, 'batch_time': 0.056638546331669204, 'rtc_check_time': 0.004641599996830337, 'experiment_id': 'exp_20240620_222727', 'client_id': '0'}
[2024-06-20 22:28:09,301][root][INFO] - Added data to batch for client 0: {'round': 3, 'step_no': 179, 'loss': 0.32078009843826294, 'accuracy': 0.903792142868042, 'l2_norm': 2.5764353275299072, 'computation_time': 0.04730796813964844, 'batch_time': 0.05253933793574106, 'rtc_check_time': 0.00374030000239145, 'experiment_id': 'exp_20240620_222727', 'client_id': '0'}
[2024-06-20 22:28:09,302][root][INFO] - Added data to batch for client 0: {'round': 3, 'step_no': 180, 'loss': 0.3643227517604828, 'accuracy': 0.9038194417953491, 'l2_norm': 2.614035129547119, 'computation_time': 0.04807686805725098, 'batch_time': 0.05060610159125645, 'rtc_check_time': 0.0013492999860318378, 'experiment_id': 'exp_20240620_222727', 'client_id': '0'}
[2024-06-20 22:28:09,303][root][INFO] - Added data to batch for client 0: {'round': 3, 'step_no': 181, 'loss': 0.21638359129428864, 'accuracy': 0.9041895866394043, 'l2_norm': 2.637652635574341, 'computation_time': 0.04058504104614258, 'batch_time': 0.045290598573046736, 'rtc_check_time': 0.0034025999921141192, 'experiment_id': 'exp_20240620_222727', 'client_id': '0'}
[2024-06-20 22:28:09,304][root][INFO] - Added data to batch for client 0: {'round': 3, 'step_no': 182, 'loss': 0.22892509400844574, 'accuracy': 0.9042119383811951, 'l2_norm': 2.671799421310425, 'computation_time': 0.04881882667541504, 'batch_time': 0.05468842852860689, 'rtc_check_time': 0.004172299988567829, 'experiment_id': 'exp_20240620_222727', 'client_id': '0'}
[2024-06-20 22:28:09,305][root][INFO] - Added data to batch for client 0: {'round': 3, 'step_no': 183, 'loss': 0.0819394439458847, 'accuracy': 0.9052419066429138, 'l2_norm': 2.695833683013916, 'computation_time': 0.04449892044067383, 'batch_time': 0.05138849702780135, 'rtc_check_time': 0.005393500003265217, 'experiment_id': 'exp_20240620_222727', 'client_id': '0'}
[2024-06-20 22:28:09,307][root][INFO] - Added data to batch for client 0: {'round': 3, 'step_no': 184, 'loss': 0.3039928078651428, 'accuracy': 0.9055851101875305, 'l2_norm': 2.748609781265259, 'computation_time': 0.040097951889038086, 'batch_time': 0.044342164386762306, 'rtc_check_time': 0.0028620999946724623, 'experiment_id': 'exp_20240620_222727', 'client_id': '0'}
[2024-06-20 22:28:09,308][root][INFO] - Added data to batch for client 0: {'round': 3, 'step_no': 185, 'loss': 0.14436256885528564, 'accuracy': 0.90625, 'l2_norm': 2.794377565383911, 'computation_time': 0.03980088233947754, 'batch_time': 0.04344097169814631, 'rtc_check_time': 0.002513799990992993, 'experiment_id': 'exp_20240620_222727', 'client_id': '0'}
[2024-06-20 22:28:09,309][root][INFO] - Added data to batch for client 0: {'round': 3, 'step_no': 186, 'loss': 0.263809472322464, 'accuracy': 0.90625, 'l2_norm': 2.897581100463867, 'computation_time': 0.042964935302734375, 'batch_time': 0.04527378505736124, 'rtc_check_time': 0.001218800010974519, 'experiment_id': 'exp_20240620_222727', 'client_id': '0'}
[2024-06-20 22:28:09,310][root][INFO] - Added data to batch for client 0: {'round': 3, 'step_no': 187, 'loss': 0.39301714301109314, 'accuracy': 0.905283510684967, 'l2_norm': 3.0188870429992676, 'computation_time': 0.04049801826477051, 'batch_time': 0.044896735140355304, 'rtc_check_time': 0.0030835999932605773, 'experiment_id': 'exp_20240620_222727', 'client_id': '0'}
[2024-06-20 22:28:09,311][root][INFO] - Added data to batch for client 0: {'round': 3, 'step_no': 188, 'loss': 0.2127944380044937, 'accuracy': 0.905293345451355, 'l2_norm': 3.086603879928589, 'computation_time': 0.046141862869262695, 'batch_time': 0.04966311369207688, 'rtc_check_time': 0.0021810999896842986, 'experiment_id': 'exp_20240620_222727', 'client_id': '0'}
[2024-06-20 22:28:09,312][root][INFO] - Added data to batch for client 0: {'round': 3, 'step_no': 189, 'loss': 0.757498025894165, 'accuracy': 0.9040403962135315, 'l2_norm': 3.184046745300293, 'computation_time': 0.04259300231933594, 'batch_time': 0.045507125338190235, 'rtc_check_time': 0.0016330999933416024, 'experiment_id': 'exp_20240620_222727', 'client_id': '0'}
[2024-06-20 22:28:09,314][root][INFO] - Added data to batch for client 0: {'round': 3, 'step_no': 190, 'loss': 0.18694192171096802, 'accuracy': 0.9043750166893005, 'l2_norm': 3.215548038482666, 'computation_time': 0.03909111022949219, 'batch_time': 0.04411426173464861, 'rtc_check_time': 0.003900199997588061, 'experiment_id': 'exp_20240620_222727', 'client_id': '0'}
[2024-06-20 22:28:09,315][root][INFO] - Added data to batch for client 0: {'round': 3, 'step_no': 191, 'loss': 0.1299005150794983, 'accuracy': 0.9053217768669128, 'l2_norm': 3.2745542526245117, 'computation_time': 0.04201316833496094, 'batch_time': 0.044754165413905866, 'rtc_check_time': 0.001444000008632429, 'experiment_id': 'exp_20240620_222727', 'client_id': '0'}
[2024-06-20 22:28:09,316][root][INFO] - Added data to batch for client 0: {'round': 3, 'step_no': 192, 'loss': 0.28798699378967285, 'accuracy': 0.9053308963775635, 'l2_norm': 3.2954094409942627, 'computation_time': 0.044645071029663086, 'batch_time': 0.049741300972527824, 'rtc_check_time': 0.0034211010060971603, 'experiment_id': 'exp_20240620_222727', 'client_id': '0'}
[2024-06-20 22:28:09,317][root][INFO] - Added data to batch for client 0: {'round': 3, 'step_no': 193, 'loss': 0.46370869874954224, 'accuracy': 0.9047330021858215, 'l2_norm': 3.3565447330474854, 'computation_time': 0.04052591323852539, 'batch_time': 0.04643131971533876, 'rtc_check_time': 0.00470330000098329, 'experiment_id': 'exp_20240620_222727', 'client_id': '0'}
[2024-06-20 22:28:09,318][root][INFO] - Added data to batch for client 0: {'round': 3, 'step_no': 194, 'loss': 0.18967832624912262, 'accuracy': 0.9050480723381042, 'l2_norm': 3.384012222290039, 'computation_time': 0.04566311836242676, 'batch_time': 0.049755284897401, 'rtc_check_time': 0.0025403000036021695, 'experiment_id': 'exp_20240620_222727', 'client_id': '0'}
[2024-06-20 22:28:09,319][root][INFO] - Added data to batch for client 0: {'round': 3, 'step_no': 195, 'loss': 0.3918134570121765, 'accuracy': 0.9047619104385376, 'l2_norm': 3.4234044551849365, 'computation_time': 0.0434110164642334, 'batch_time': 0.04714370433066506, 'rtc_check_time': 0.0025126999971689656, 'experiment_id': 'exp_20240620_222727', 'client_id': '0'}
[2024-06-20 22:28:09,320][root][INFO] - Added data to batch for client 0: {'round': 3, 'step_no': 196, 'loss': 0.19578680396080017, 'accuracy': 0.9047759175300598, 'l2_norm': 3.4488935470581055, 'computation_time': 0.045228004455566406, 'batch_time': 0.04936027742223814, 'rtc_check_time': 0.002744199999142438, 'experiment_id': 'exp_20240620_222727', 'client_id': '0'}
[2024-06-20 22:28:09,321][root][INFO] - Added data to batch for client 0: {'round': 3, 'step_no': 197, 'loss': 0.1960792988538742, 'accuracy': 0.9053738117218018, 'l2_norm': 3.4752492904663086, 'computation_time': 0.04475998878479004, 'batch_time': 0.04892974434187636, 'rtc_check_time': 0.0027277999906800687, 'experiment_id': 'exp_20240620_222727', 'client_id': '0'}
[2024-06-20 22:28:09,322][root][INFO] - Added data to batch for client 0: {'round': 3, 'step_no': 198, 'loss': 0.11917427182197571, 'accuracy': 0.9059606194496155, 'l2_norm': 3.508821964263916, 'computation_time': 0.041159868240356445, 'batch_time': 0.04602492718549911, 'rtc_check_time': 0.0036980000004405156, 'experiment_id': 'exp_20240620_222727', 'client_id': '0'}
[2024-06-20 22:28:09,323][root][INFO] - Added data to batch for client 0: {'round': 3, 'step_no': 199, 'loss': 0.2570268213748932, 'accuracy': 0.9059633016586304, 'l2_norm': 3.558037042617798, 'computation_time': 0.0402369499206543, 'batch_time': 0.04471955980989151, 'rtc_check_time': 0.0030006000015418977, 'experiment_id': 'exp_20240620_222727', 'client_id': '0'}
[2024-06-20 22:28:09,324][root][INFO] - Added data to batch for client 0: {'round': 3, 'step_no': 200, 'loss': 0.24737301468849182, 'accuracy': 0.9059659242630005, 'l2_norm': 3.5996952056884766, 'computation_time': 0.0426790714263916, 'batch_time': 0.04679767126799561, 'rtc_check_time': 0.002580800006398931, 'experiment_id': 'exp_20240620_222727', 'client_id': '0'}
[2024-06-20 22:28:09,325][root][INFO] - Added data to batch for client 0: {'round': 3, 'step_no': 201, 'loss': 0.18445679545402527, 'accuracy': 0.90625, 'l2_norm': 3.644158363342285, 'computation_time': 0.05141615867614746, 'batch_time': 0.054307001424604096, 'rtc_check_time': 0.001633899999433197, 'experiment_id': 'exp_20240620_222727', 'client_id': '0'}
[2024-06-20 22:28:09,326][root][INFO] - Added data to batch for client 0: {'round': 3, 'step_no': 202, 'loss': 0.44144004583358765, 'accuracy': 0.90625, 'l2_norm': 3.6982264518737793, 'computation_time': 0.05771589279174805, 'batch_time': 0.06127222173381597, 'rtc_check_time': 0.001881200005300343, 'experiment_id': 'exp_20240620_222727', 'client_id': '0'}
[2024-06-20 22:28:09,327][root][INFO] - Added data to batch for client 0: {'round': 3, 'step_no': 203, 'loss': 0.40290510654449463, 'accuracy': 0.9059734344482422, 'l2_norm': 3.781834363937378, 'computation_time': 0.04734301567077637, 'batch_time': 0.05063036135106813, 'rtc_check_time': 0.0017051999893737957, 'experiment_id': 'exp_20240620_222727', 'client_id': '0'}
[2024-06-20 22:28:09,328][root][INFO] - Added data to batch for client 0: {'round': 3, 'step_no': 204, 'loss': 0.36216244101524353, 'accuracy': 0.905701756477356, 'l2_norm': 3.8193955421447754, 'computation_time': 0.05196118354797363, 'batch_time': 0.055052886775229126, 'rtc_check_time': 0.0018288000137545168, 'experiment_id': 'exp_20240620_222727', 'client_id': '0'}
[2024-06-20 22:28:09,329][root][INFO] - Added data to batch for client 0: {'round': 3, 'step_no': 205, 'loss': 0.26387056708335876, 'accuracy': 0.90625, 'l2_norm': 3.856243848800659, 'computation_time': 0.057042837142944336, 'batch_time': 0.06049383583012968, 'rtc_check_time': 0.0016506999963894486, 'experiment_id': 'exp_20240620_222727', 'client_id': '0'}
[2024-06-20 22:28:09,331][root][INFO] - Added data to batch for client 0: {'round': 3, 'step_no': 206, 'loss': 0.2625768184661865, 'accuracy': 0.90625, 'l2_norm': 3.919235944747925, 'computation_time': 0.05246901512145996, 'batch_time': 0.059003060407121666, 'rtc_check_time': 0.0048160010046558455, 'experiment_id': 'exp_20240620_222727', 'client_id': '0'}
[2024-06-20 22:28:09,332][root][INFO] - Added data to batch for client 0: {'round': 3, 'step_no': 207, 'loss': 0.14355331659317017, 'accuracy': 0.9065170884132385, 'l2_norm': 3.9817464351654053, 'computation_time': 0.04637908935546875, 'batch_time': 0.0499718591599958, 'rtc_check_time': 0.00210170001082588, 'experiment_id': 'exp_20240620_222727', 'client_id': '0'}
[2024-06-20 22:28:09,334][root][INFO] - Added data to batch for client 0: {'round': 3, 'step_no': 208, 'loss': 0.25033700466156006, 'accuracy': 0.9067796468734741, 'l2_norm': 4.034273624420166, 'computation_time': 0.04606199264526367, 'batch_time': 0.05621778349450324, 'rtc_check_time': 0.008866900010616519, 'experiment_id': 'exp_20240620_222727', 'client_id': '0'}
[2024-06-20 22:28:09,335][root][INFO] - Added data to batch for client 0: {'round': 3, 'step_no': 209, 'loss': 0.3968413174152374, 'accuracy': 0.9067752361297607, 'l2_norm': 4.051391124725342, 'computation_time': 0.04555988311767578, 'batch_time': 0.04979795050167013, 'rtc_check_time': 0.0028190000011818483, 'experiment_id': 'exp_20240620_222727', 'client_id': '0'}
[2024-06-20 22:28:09,336][root][INFO] - Added data to batch for client 0: {'round': 3, 'step_no': 210, 'loss': 0.10477904975414276, 'accuracy': 0.9072916507720947, 'l2_norm': 4.075467109680176, 'computation_time': 0.05240011215209961, 'batch_time': 0.05569265820668079, 'rtc_check_time': 0.0015416000096593052, 'experiment_id': 'exp_20240620_222727', 'client_id': '0'}
[2024-06-20 22:28:09,338][root][INFO] - Added data to batch for client 0: {'round': 3, 'step_no': 211, 'loss': 0.09253612160682678, 'accuracy': 0.9077996015548706, 'l2_norm': 4.087980270385742, 'computation_time': 0.04968404769897461, 'batch_time': 0.06198405442410149, 'rtc_check_time': 0.01071500001125969, 'experiment_id': 'exp_20240620_222727', 'client_id': '0'}
[2024-06-20 22:28:09,339][root][INFO] - Added data to batch for client 0: {'round': 3, 'step_no': 212, 'loss': 0.2556917071342468, 'accuracy': 0.9077869057655334, 'l2_norm': 4.13773250579834, 'computation_time': 0.06336593627929688, 'batch_time': 0.07822220977686811, 'rtc_check_time': 0.013214999999036081, 'experiment_id': 'exp_20240620_222727', 'client_id': '0'}
[2024-06-20 22:28:09,340][root][INFO] - Added data to batch for client 0: {'round': 3, 'step_no': 213, 'loss': 0.1297663450241089, 'accuracy': 0.9082825183868408, 'l2_norm': 4.164838790893555, 'computation_time': 0.053251028060913086, 'batch_time': 0.06377005811373238, 'rtc_check_time': 0.008850099999108352, 'experiment_id': 'exp_20240620_222727', 'client_id': '0'}
[2024-06-20 22:28:09,341][root][INFO] - Added data to batch for client 0: {'round': 3, 'step_no': 214, 'loss': 0.10393981635570526, 'accuracy': 0.9087701439857483, 'l2_norm': 4.2188591957092285, 'computation_time': 0.05757594108581543, 'batch_time': 0.06075229565612972, 'rtc_check_time': 0.0019423000048846006, 'experiment_id': 'exp_20240620_222727', 'client_id': '0'}
[2024-06-20 22:28:09,342][root][INFO] - Added data to batch for client 0: {'round': 3, 'step_no': 215, 'loss': 0.33223897218704224, 'accuracy': 0.9082499742507935, 'l2_norm': 4.312172889709473, 'computation_time': 0.04697084426879883, 'batch_time': 0.05168119278096128, 'rtc_check_time': 0.003400000001420267, 'experiment_id': 'exp_20240620_222727', 'client_id': '0'}
[2024-06-20 22:28:09,343][root][INFO] - Added data to batch for client 0: {'round': 3, 'step_no': 216, 'loss': 0.3418523967266083, 'accuracy': 0.9082341194152832, 'l2_norm': 4.36137580871582, 'computation_time': 0.05927300453186035, 'batch_time': 0.06427679175976664, 'rtc_check_time': 0.003011799999512732, 'experiment_id': 'exp_20240620_222727', 'client_id': '0'}
[2024-06-20 22:28:09,344][root][INFO] - Added data to batch for client 0: {'round': 3, 'step_no': 217, 'loss': 0.3345211148262024, 'accuracy': 0.9084645509719849, 'l2_norm': 4.412405490875244, 'computation_time': 0.04443192481994629, 'batch_time': 0.050168421323178336, 'rtc_check_time': 0.004436399991391227, 'experiment_id': 'exp_20240620_222727', 'client_id': '0'}
[2024-06-20 22:28:09,345][root][INFO] - Added data to batch for client 0: {'round': 3, 'step_no': 218, 'loss': 0.36432379484176636, 'accuracy': 0.90869140625, 'l2_norm': 4.479630947113037, 'computation_time': 0.05152297019958496, 'batch_time': 0.054942393107921816, 'rtc_check_time': 0.001924299998790957, 'experiment_id': 'exp_20240620_222727', 'client_id': '0'}
[2024-06-20 22:28:09,346][root][INFO] - Added data to batch for client 0: {'round': 3, 'step_no': 219, 'loss': 0.16150495409965515, 'accuracy': 0.9089147448539734, 'l2_norm': 4.497912406921387, 'computation_time': 0.05619001388549805, 'batch_time': 0.05998496299434919, 'rtc_check_time': 0.001932900006067939, 'experiment_id': 'exp_20240620_222727', 'client_id': '0'}
[2024-06-20 22:28:09,347][root][INFO] - Added data to batch for client 0: {'round': 3, 'step_no': 220, 'loss': 0.26125308871269226, 'accuracy': 0.9091346263885498, 'l2_norm': 4.564624309539795, 'computation_time': 0.05346393585205078, 'batch_time': 0.06309305659669917, 'rtc_check_time': 0.007823100007954054, 'experiment_id': 'exp_20240620_222727', 'client_id': '0'}
[2024-06-20 22:28:09,348][root][INFO] - Added data to batch for client 0: {'round': 3, 'step_no': 221, 'loss': 0.1750568151473999, 'accuracy': 0.9093511700630188, 'l2_norm': 4.606690883636475, 'computation_time': 0.05755805969238281, 'batch_time': 0.0663843420916237, 'rtc_check_time': 0.00697829999262467, 'experiment_id': 'exp_20240620_222727', 'client_id': '0'}
[2024-06-20 22:28:09,349][root][INFO] - Added data to batch for client 0: {'round': 3, 'step_no': 222, 'loss': 0.16626331210136414, 'accuracy': 0.9098011255264282, 'l2_norm': 4.636349678039551, 'computation_time': 0.06284809112548828, 'batch_time': 0.06751131145574618, 'rtc_check_time': 0.002513400002499111, 'experiment_id': 'exp_20240620_222727', 'client_id': '0'}
[2024-06-20 22:28:09,350][root][INFO] - Added data to batch for client 0: {'round': 3, 'step_no': 223, 'loss': 0.0814208835363388, 'accuracy': 0.9104793071746826, 'l2_norm': 4.680912494659424, 'computation_time': 0.047760009765625, 'batch_time': 0.05162415676750243, 'rtc_check_time': 0.0024600999895483255, 'experiment_id': 'exp_20240620_222727', 'client_id': '0'}
[2024-06-20 22:28:09,351][root][INFO] - Added data to batch for client 0: {'round': 3, 'step_no': 224, 'loss': 0.17260895669460297, 'accuracy': 0.9109141826629639, 'l2_norm': 4.744232177734375, 'computation_time': 0.045556068420410156, 'batch_time': 0.04924574894539546, 'rtc_check_time': 0.002471600004355423, 'experiment_id': 'exp_20240620_222727', 'client_id': '0'}
[2024-06-20 22:28:09,352][root][INFO] - Added data to batch for client 0: {'round': 3, 'step_no': 225, 'loss': 0.4353056252002716, 'accuracy': 0.9106481671333313, 'l2_norm': 4.808654308319092, 'computation_time': 0.051516056060791016, 'batch_time': 0.054926461569266394, 'rtc_check_time': 0.0018614000000525266, 'experiment_id': 'exp_20240620_222727', 'client_id': '0'}
[2024-06-20 22:28:09,353][root][INFO] - Added data to batch for client 0: {'round': 3, 'step_no': 226, 'loss': 0.11700467765331268, 'accuracy': 0.9113051295280457, 'l2_norm': 4.844381809234619, 'computation_time': 0.052633047103881836, 'batch_time': 0.056063201918732375, 'rtc_check_time': 0.001813200011383742, 'experiment_id': 'exp_20240620_222727', 'client_id': '0'}
[2024-06-20 22:28:09,354][root][INFO] - Added data to batch for client 0: {'round': 3, 'step_no': 227, 'loss': 0.24489212036132812, 'accuracy': 0.9117244482040405, 'l2_norm': 4.889863967895508, 'computation_time': 0.05503988265991211, 'batch_time': 0.058077574241906404, 'rtc_check_time': 0.0016675000078976154, 'experiment_id': 'exp_20240620_222727', 'client_id': '0'}
[2024-06-20 22:28:09,355][root][INFO] - Added data to batch for client 0: {'round': 3, 'step_no': 228, 'loss': 0.1902570128440857, 'accuracy': 0.9119112491607666, 'l2_norm': 4.937922954559326, 'computation_time': 0.04679512977600098, 'batch_time': 0.05715810944093391, 'rtc_check_time': 0.009012099995743483, 'experiment_id': 'exp_20240620_222727', 'client_id': '0'}
[2024-06-20 22:28:09,356][root][INFO] - Added data to batch for client 0: {'round': 3, 'step_no': 229, 'loss': 0.3847798705101013, 'accuracy': 0.9116457104682922, 'l2_norm': 5.022449493408203, 'computation_time': 0.04820895195007324, 'batch_time': 0.051373235328355804, 'rtc_check_time': 0.0016632000042591244, 'experiment_id': 'exp_20240620_222727', 'client_id': '0'}
[2024-06-20 22:28:09,359][root][INFO] - Batch data saved to /home/psklavos/fl/geom_aio/csv_logs/exp_20240620_222727/clients/client_0/batch.csv
[2024-06-20 22:28:09,360][root][INFO] - Server data saved to /home/psklavos/fl/geom_aio/csv_logs/exp_20240620_222727/server/server.csv
[2024-06-20 22:28:13,719][flwr][DEBUG] - fit_round 4: strategy sampled 3 clients (out of 3)
[2024-06-20 22:28:24,998][flwr][DEBUG] - fit_round 4 received 3 results and 0 failures
[2024-06-20 22:28:25,005][root][INFO] - Added data to server for client None: {'round': 4, 'average_norm': 5.00399382909139, 'round_time': 12.354080588233277, 'average_downlink_time': 0.6140204623333333, 'average_rtc_check_time': 0.7975934782880358, 'average_uplink_time': 0.4374760956666666, 'average_computation_time': 9.71188990275065, 'average_communication_time': 1.8490900362880358, 'average_fit_time': 11.249136130015055, 'average_throughput': 5.249587884466887, 'dropouts': 0, 'experiment_id': 'exp_20240620_222727'}
[2024-06-20 22:28:25,086][utils.model][INFO] - LeNet model built
[2024-06-20 22:28:25,219][utils.model][INFO] - Size of serialized model: 279.0341796875 kbytes
[2024-06-20 22:28:25,290][utils.model][INFO] - Step 1/40 - val_loss: 0.0502 - val_accuracy: 0.9922
[2024-06-20 22:28:25,312][utils.model][INFO] - Step 2/40 - val_loss: 0.1020 - val_accuracy: 0.9727
[2024-06-20 22:28:25,334][utils.model][INFO] - Step 3/40 - val_loss: 0.1174 - val_accuracy: 0.9635
[2024-06-20 22:28:25,356][utils.model][INFO] - Step 4/40 - val_loss: 0.1188 - val_accuracy: 0.9629
[2024-06-20 22:28:25,377][utils.model][INFO] - Step 5/40 - val_loss: 0.1316 - val_accuracy: 0.9570
[2024-06-20 22:28:25,401][utils.model][INFO] - Step 6/40 - val_loss: 0.1360 - val_accuracy: 0.9557
[2024-06-20 22:28:25,423][utils.model][INFO] - Step 7/40 - val_loss: 0.1404 - val_accuracy: 0.9537
[2024-06-20 22:28:25,443][utils.model][INFO] - Step 8/40 - val_loss: 0.1431 - val_accuracy: 0.9521
[2024-06-20 22:28:25,468][utils.model][INFO] - Step 9/40 - val_loss: 0.1476 - val_accuracy: 0.9497
[2024-06-20 22:28:25,491][utils.model][INFO] - Step 10/40 - val_loss: 0.1433 - val_accuracy: 0.9516
[2024-06-20 22:28:25,511][utils.model][INFO] - Step 11/40 - val_loss: 0.1396 - val_accuracy: 0.9538
[2024-06-20 22:28:25,536][utils.model][INFO] - Step 12/40 - val_loss: 0.1391 - val_accuracy: 0.9551
[2024-06-20 22:28:25,556][utils.model][INFO] - Step 13/40 - val_loss: 0.1378 - val_accuracy: 0.9561
[2024-06-20 22:28:25,579][utils.model][INFO] - Step 14/40 - val_loss: 0.1387 - val_accuracy: 0.9559
[2024-06-20 22:28:25,598][utils.model][INFO] - Step 15/40 - val_loss: 0.1424 - val_accuracy: 0.9555
[2024-06-20 22:28:25,617][utils.model][INFO] - Step 16/40 - val_loss: 0.1438 - val_accuracy: 0.9548
[2024-06-20 22:28:25,637][utils.model][INFO] - Step 17/40 - val_loss: 0.1452 - val_accuracy: 0.9538
[2024-06-20 22:28:25,658][utils.model][INFO] - Step 18/40 - val_loss: 0.1442 - val_accuracy: 0.9536
[2024-06-20 22:28:25,679][utils.model][INFO] - Step 19/40 - val_loss: 0.1451 - val_accuracy: 0.9535
[2024-06-20 22:28:25,699][utils.model][INFO] - Step 20/40 - val_loss: 0.1430 - val_accuracy: 0.9549
[2024-06-20 22:28:25,717][utils.model][INFO] - Step 21/40 - val_loss: 0.1395 - val_accuracy: 0.9559
[2024-06-20 22:28:25,738][utils.model][INFO] - Step 22/40 - val_loss: 0.1349 - val_accuracy: 0.9574
[2024-06-20 22:28:25,759][utils.model][INFO] - Step 23/40 - val_loss: 0.1338 - val_accuracy: 0.9572
[2024-06-20 22:28:25,779][utils.model][INFO] - Step 24/40 - val_loss: 0.1341 - val_accuracy: 0.9569
[2024-06-20 22:28:25,799][utils.model][INFO] - Step 25/40 - val_loss: 0.1301 - val_accuracy: 0.9581
[2024-06-20 22:28:25,820][utils.model][INFO] - Step 26/40 - val_loss: 0.1315 - val_accuracy: 0.9585
[2024-06-20 22:28:25,842][utils.model][INFO] - Step 27/40 - val_loss: 0.1283 - val_accuracy: 0.9596
[2024-06-20 22:28:25,866][utils.model][INFO] - Step 28/40 - val_loss: 0.1253 - val_accuracy: 0.9605
[2024-06-20 22:28:25,885][utils.model][INFO] - Step 29/40 - val_loss: 0.1218 - val_accuracy: 0.9619
[2024-06-20 22:28:25,905][utils.model][INFO] - Step 30/40 - val_loss: 0.1194 - val_accuracy: 0.9626
[2024-06-20 22:28:25,924][utils.model][INFO] - Step 31/40 - val_loss: 0.1169 - val_accuracy: 0.9633
[2024-06-20 22:28:25,943][utils.model][INFO] - Step 32/40 - val_loss: 0.1146 - val_accuracy: 0.9642
[2024-06-20 22:28:25,961][utils.model][INFO] - Step 33/40 - val_loss: 0.1123 - val_accuracy: 0.9652
[2024-06-20 22:28:25,982][utils.model][INFO] - Step 34/40 - val_loss: 0.1096 - val_accuracy: 0.9661
[2024-06-20 22:28:26,002][utils.model][INFO] - Step 35/40 - val_loss: 0.1066 - val_accuracy: 0.9671
[2024-06-20 22:28:26,021][utils.model][INFO] - Step 36/40 - val_loss: 0.1054 - val_accuracy: 0.9673
[2024-06-20 22:28:26,042][utils.model][INFO] - Step 37/40 - val_loss: 0.1031 - val_accuracy: 0.9682
[2024-06-20 22:28:26,062][utils.model][INFO] - Step 38/40 - val_loss: 0.1026 - val_accuracy: 0.9684
[2024-06-20 22:28:26,084][utils.model][INFO] - Step 39/40 - val_loss: 0.1061 - val_accuracy: 0.9673
[2024-06-20 22:28:26,094][utils.model][INFO] - Step 40/40 - val_loss: 0.1035 - val_accuracy: 0.9674
[2024-06-20 22:28:26,097][utils.model][INFO] - Evaluation Results - Val Loss: 0.1035, Val Accuracy: 0.9674 in 40 steps
[2024-06-20 22:28:26,099][flwr][INFO] - fit progress: (4, 0.10353595, {'accuracy': 0.9674}, 49.08939365900005)
[2024-06-20 22:28:26,099][flwr][DEBUG] - evaluate_round 4: strategy sampled 3 clients (out of 3)
[2024-06-20 22:28:26,666][flwr][DEBUG] - evaluate_round 4 received 3 results and 0 failures
[2024-06-20 22:28:26,668][root][INFO] - Added data to epoch for client 0: {'round': 4, 'epoch_steps': 194, 'total_steps': 423, 'l2_norm': 4.955662727355957, 'total_computation_time': 9.66133975982666, 'total_rtc_check_time': 0.8087106119928649, 'total_duration': 11.247172117233276, 'val_loss': 0.09631740301847458, 'val_accuracy': 0.9714999794960022, 'experiment_id': 'exp_20240620_222727', 'client_id': '0'}
[2024-06-20 22:28:26,669][root][INFO] - Epoch data saved to /home/psklavos/fl/geom_aio/csv_logs/exp_20240620_222727/clients/client_0/epoch.csv
[2024-06-20 22:28:26,670][root][INFO] - Added data to batch for client 0: {'round': 4, 'step_no': 230, 'loss': 0.12242098897695541, 'accuracy': 0.96875, 'l2_norm': 0.0249994695186615, 'computation_time': 0.05405282974243164, 'batch_time': 0.05757606511178892, 'rtc_check_time': 0.0020118999964324757, 'experiment_id': 'exp_20240620_222727', 'client_id': '0'}
[2024-06-20 22:28:26,671][root][INFO] - Added data to batch for client 0: {'round': 4, 'step_no': 231, 'loss': 0.1988033801317215, 'accuracy': 0.953125, 'l2_norm': 0.052941277623176575, 'computation_time': 0.07121586799621582, 'batch_time': 0.07700739336723927, 'rtc_check_time': 0.002858500010916032, 'experiment_id': 'exp_20240620_222727', 'client_id': '0'}
[2024-06-20 22:28:26,672][root][INFO] - Added data to batch for client 0: {'round': 4, 'step_no': 232, 'loss': 0.22519612312316895, 'accuracy': 0.9375, 'l2_norm': 0.07114925980567932, 'computation_time': 0.05998086929321289, 'batch_time': 0.0649427069874946, 'rtc_check_time': 0.003420699998969212, 'experiment_id': 'exp_20240620_222727', 'client_id': '0'}
[2024-06-20 22:28:26,673][root][INFO] - Added data to batch for client 0: {'round': 4, 'step_no': 233, 'loss': 0.23408496379852295, 'accuracy': 0.921875, 'l2_norm': 0.11942829936742783, 'computation_time': 0.051651954650878906, 'batch_time': 0.056350232553086244, 'rtc_check_time': 0.0033802999969339, 'experiment_id': 'exp_20240620_222727', 'client_id': '0'}
[2024-06-20 22:28:26,673][root][INFO] - Added data to batch for client 0: {'round': 4, 'step_no': 234, 'loss': 0.24685823917388916, 'accuracy': 0.90625, 'l2_norm': 0.1222197636961937, 'computation_time': 0.047722816467285156, 'batch_time': 0.05231002338405233, 'rtc_check_time': 0.0031740999984322116, 'experiment_id': 'exp_20240620_222727', 'client_id': '0'}
[2024-06-20 22:28:26,674][root][INFO] - Added data to batch for client 0: {'round': 4, 'step_no': 235, 'loss': 0.07448066771030426, 'accuracy': 0.9166666865348816, 'l2_norm': 0.12223341315984726, 'computation_time': 0.06269598007202148, 'batch_time': 0.06704000913305208, 'rtc_check_time': 0.002071900002192706, 'experiment_id': 'exp_20240620_222727', 'client_id': '0'}
[2024-06-20 22:28:26,675][root][INFO] - Added data to batch for client 0: {'round': 4, 'step_no': 236, 'loss': 0.3177112936973572, 'accuracy': 0.9196428656578064, 'l2_norm': 0.133621945977211, 'computation_time': 0.0531611442565918, 'batch_time': 0.06187623862933833, 'rtc_check_time': 0.0073604000062914565, 'experiment_id': 'exp_20240620_222727', 'client_id': '0'}
[2024-06-20 22:28:26,677][root][INFO] - Added data to batch for client 0: {'round': 4, 'step_no': 237, 'loss': 0.15574714541435242, 'accuracy': 0.921875, 'l2_norm': 0.1422058790922165, 'computation_time': 0.05365109443664551, 'batch_time': 0.05903635220602155, 'rtc_check_time': 0.003699399996548891, 'experiment_id': 'exp_20240620_222727', 'client_id': '0'}
[2024-06-20 22:28:26,678][root][INFO] - Added data to batch for client 0: {'round': 4, 'step_no': 238, 'loss': 0.34756287932395935, 'accuracy': 0.9201388955116272, 'l2_norm': 0.1761036217212677, 'computation_time': 0.05133795738220215, 'batch_time': 0.05463002902979497, 'rtc_check_time': 0.0017259000014746562, 'experiment_id': 'exp_20240620_222727', 'client_id': '0'}
[2024-06-20 22:28:26,679][root][INFO] - Added data to batch for client 0: {'round': 4, 'step_no': 239, 'loss': 0.06460033357143402, 'accuracy': 0.9281250238418579, 'l2_norm': 0.16922937333583832, 'computation_time': 0.0522310733795166, 'batch_time': 0.06284562754444778, 'rtc_check_time': 0.008225600002333522, 'experiment_id': 'exp_20240620_222727', 'client_id': '0'}
[2024-06-20 22:28:26,680][root][INFO] - Added data to batch for client 0: {'round': 4, 'step_no': 240, 'loss': 0.37366771697998047, 'accuracy': 0.9261363744735718, 'l2_norm': 0.20128990709781647, 'computation_time': 0.061486005783081055, 'batch_time': 0.07308012009889353, 'rtc_check_time': 0.008002100003068335, 'experiment_id': 'exp_20240620_222727', 'client_id': '0'}
[2024-06-20 22:28:26,681][root][INFO] - Added data to batch for client 0: {'round': 4, 'step_no': 241, 'loss': 0.3744109272956848, 'accuracy': 0.9270833134651184, 'l2_norm': 0.23961469531059265, 'computation_time': 0.055419921875, 'batch_time': 0.05916635716857854, 'rtc_check_time': 0.0022773000091547146, 'experiment_id': 'exp_20240620_222727', 'client_id': '0'}
[2024-06-20 22:28:26,682][root][INFO] - Added data to batch for client 0: {'round': 4, 'step_no': 242, 'loss': 0.26679348945617676, 'accuracy': 0.9230769276618958, 'l2_norm': 0.27998048067092896, 'computation_time': 0.05195498466491699, 'batch_time': 0.05736820254242048, 'rtc_check_time': 0.0038901999942027032, 'experiment_id': 'exp_20240620_222727', 'client_id': '0'}
[2024-06-20 22:28:26,683][root][INFO] - Added data to batch for client 0: {'round': 4, 'step_no': 243, 'loss': 0.24774818122386932, 'accuracy': 0.9241071343421936, 'l2_norm': 0.2912089228630066, 'computation_time': 0.0595550537109375, 'batch_time': 0.0628666986594908, 'rtc_check_time': 0.001810799993108958, 'experiment_id': 'exp_20240620_222727', 'client_id': '0'}
[2024-06-20 22:28:26,684][root][INFO] - Added data to batch for client 0: {'round': 4, 'step_no': 244, 'loss': 0.24354404211044312, 'accuracy': 0.925000011920929, 'l2_norm': 0.2913731336593628, 'computation_time': 0.061879873275756836, 'batch_time': 0.06529406103072688, 'rtc_check_time': 0.0019801000016741455, 'experiment_id': 'exp_20240620_222727', 'client_id': '0'}
[2024-06-20 22:28:26,685][root][INFO] - Added data to batch for client 0: {'round': 4, 'step_no': 245, 'loss': 0.06246602535247803, 'accuracy': 0.9296875, 'l2_norm': 0.2924768626689911, 'computation_time': 0.062081098556518555, 'batch_time': 0.08033217604679521, 'rtc_check_time': 0.016589299993938766, 'experiment_id': 'exp_20240620_222727', 'client_id': '0'}
[2024-06-20 22:28:26,686][root][INFO] - Added data to batch for client 0: {'round': 4, 'step_no': 246, 'loss': 0.21004745364189148, 'accuracy': 0.9301470518112183, 'l2_norm': 0.33266961574554443, 'computation_time': 0.057379961013793945, 'batch_time': 0.06077976968663279, 'rtc_check_time': 0.001953799990587868, 'experiment_id': 'exp_20240620_222727', 'client_id': '0'}
[2024-06-20 22:28:26,687][root][INFO] - Added data to batch for client 0: {'round': 4, 'step_no': 247, 'loss': 0.1042269840836525, 'accuracy': 0.9322916865348816, 'l2_norm': 0.33660590648651123, 'computation_time': 0.055190086364746094, 'batch_time': 0.05851191160036251, 'rtc_check_time': 0.001796900003682822, 'experiment_id': 'exp_20240620_222727', 'client_id': '0'}
[2024-06-20 22:28:26,689][root][INFO] - Added data to batch for client 0: {'round': 4, 'step_no': 248, 'loss': 0.30234265327453613, 'accuracy': 0.9292762875556946, 'l2_norm': 0.3862692415714264, 'computation_time': 0.053045034408569336, 'batch_time': 0.06726373883429915, 'rtc_check_time': 0.012919800006784499, 'experiment_id': 'exp_20240620_222727', 'client_id': '0'}
[2024-06-20 22:28:26,690][root][INFO] - Added data to batch for client 0: {'round': 4, 'step_no': 249, 'loss': 0.20174621045589447, 'accuracy': 0.9281250238418579, 'l2_norm': 0.37211015820503235, 'computation_time': 0.054535865783691406, 'batch_time': 0.05853833655419294, 'rtc_check_time': 0.0020472000032896176, 'experiment_id': 'exp_20240620_222727', 'client_id': '0'}
[2024-06-20 22:28:26,691][root][INFO] - Added data to batch for client 0: {'round': 4, 'step_no': 250, 'loss': 0.3501453697681427, 'accuracy': 0.9270833134651184, 'l2_norm': 0.41212981939315796, 'computation_time': 0.0587158203125, 'batch_time': 0.06187453487655148, 'rtc_check_time': 0.0018734000041149557, 'experiment_id': 'exp_20240620_222727', 'client_id': '0'}
[2024-06-20 22:28:26,693][root][INFO] - Added data to batch for client 0: {'round': 4, 'step_no': 251, 'loss': 0.14980074763298035, 'accuracy': 0.9275568127632141, 'l2_norm': 0.4418478310108185, 'computation_time': 0.06237292289733887, 'batch_time': 0.07220639816659968, 'rtc_check_time': 0.008159300006809644, 'experiment_id': 'exp_20240620_222727', 'client_id': '0'}
[2024-06-20 22:28:26,694][root][INFO] - Added data to batch for client 0: {'round': 4, 'step_no': 252, 'loss': 0.16105546057224274, 'accuracy': 0.92798912525177, 'l2_norm': 0.48045995831489563, 'computation_time': 0.055017948150634766, 'batch_time': 0.058665564720286056, 'rtc_check_time': 0.0019465000077616423, 'experiment_id': 'exp_20240620_222727', 'client_id': '0'}
[2024-06-20 22:28:26,695][root][INFO] - Added data to batch for client 0: {'round': 4, 'step_no': 253, 'loss': 0.2759804427623749, 'accuracy': 0.9270833134651184, 'l2_norm': 0.47980356216430664, 'computation_time': 0.052143096923828125, 'batch_time': 0.055515902990009636, 'rtc_check_time': 0.0018268999992869794, 'experiment_id': 'exp_20240620_222727', 'client_id': '0'}
[2024-06-20 22:28:26,696][root][INFO] - Added data to batch for client 0: {'round': 4, 'step_no': 254, 'loss': 0.14966470003128052, 'accuracy': 0.9275000095367432, 'l2_norm': 0.4896433651447296, 'computation_time': 0.05040717124938965, 'batch_time': 0.05612795827619266, 'rtc_check_time': 0.004368000008980744, 'experiment_id': 'exp_20240620_222727', 'client_id': '0'}
[2024-06-20 22:28:26,698][root][INFO] - Added data to batch for client 0: {'round': 4, 'step_no': 255, 'loss': 0.16265946626663208, 'accuracy': 0.9278846383094788, 'l2_norm': 0.5076918005943298, 'computation_time': 0.06041884422302246, 'batch_time': 0.06319675748818554, 'rtc_check_time': 0.001570799999171868, 'experiment_id': 'exp_20240620_222727', 'client_id': '0'}
[2024-06-20 22:28:26,700][root][INFO] - Added data to batch for client 0: {'round': 4, 'step_no': 256, 'loss': 0.4113925099372864, 'accuracy': 0.9282407164573669, 'l2_norm': 0.5227424502372742, 'computation_time': 0.05149102210998535, 'batch_time': 0.05576103505154606, 'rtc_check_time': 0.0026768999960040674, 'experiment_id': 'exp_20240620_222727', 'client_id': '0'}
[2024-06-20 22:28:26,701][root][INFO] - Added data to batch for client 0: {'round': 4, 'step_no': 257, 'loss': 0.2770357131958008, 'accuracy': 0.9296875, 'l2_norm': 0.5310893654823303, 'computation_time': 0.05215787887573242, 'batch_time': 0.06376077351160347, 'rtc_check_time': 0.010121600003913045, 'experiment_id': 'exp_20240620_222727', 'client_id': '0'}
[2024-06-20 22:28:26,702][root][INFO] - Added data to batch for client 0: {'round': 4, 'step_no': 258, 'loss': 0.16015104949474335, 'accuracy': 0.9299569129943848, 'l2_norm': 0.5406566262245178, 'computation_time': 0.050360918045043945, 'batch_time': 0.05665020261949394, 'rtc_check_time': 0.00475219999498222, 'experiment_id': 'exp_20240620_222727', 'client_id': '0'}
[2024-06-20 22:28:26,703][root][INFO] - Added data to batch for client 0: {'round': 4, 'step_no': 259, 'loss': 0.05588550493121147, 'accuracy': 0.9322916865348816, 'l2_norm': 0.5465567111968994, 'computation_time': 0.06561899185180664, 'batch_time': 0.0709799137111986, 'rtc_check_time': 0.002749999999650754, 'experiment_id': 'exp_20240620_222727', 'client_id': '0'}
[2024-06-20 22:28:26,704][root][INFO] - Added data to batch for client 0: {'round': 4, 'step_no': 260, 'loss': 0.0438995398581028, 'accuracy': 0.9344757795333862, 'l2_norm': 0.5492706894874573, 'computation_time': 0.06970906257629395, 'batch_time': 0.0794355173711665, 'rtc_check_time': 0.008109499991405755, 'experiment_id': 'exp_20240620_222727', 'client_id': '0'}
[2024-06-20 22:28:26,706][root][INFO] - Added data to batch for client 0: {'round': 4, 'step_no': 261, 'loss': 0.2704257369041443, 'accuracy': 0.93359375, 'l2_norm': 0.6065173149108887, 'computation_time': 0.07433295249938965, 'batch_time': 0.08046413490956184, 'rtc_check_time': 0.004283200003555976, 'experiment_id': 'exp_20240620_222727', 'client_id': '0'}
[2024-06-20 22:28:26,708][root][INFO] - Added data to batch for client 0: {'round': 4, 'step_no': 262, 'loss': 0.29240408539772034, 'accuracy': 0.9327651262283325, 'l2_norm': 0.6855835914611816, 'computation_time': 0.05016016960144043, 'batch_time': 0.05863367811252829, 'rtc_check_time': 0.007111900005838834, 'experiment_id': 'exp_20240620_222727', 'client_id': '0'}
[2024-06-20 22:28:26,710][root][INFO] - Added data to batch for client 0: {'round': 4, 'step_no': 263, 'loss': 0.5385051965713501, 'accuracy': 0.9310661554336548, 'l2_norm': 0.6744092702865601, 'computation_time': 0.03994011878967285, 'batch_time': 0.043461210385430604, 'rtc_check_time': 0.0024071999941952527, 'experiment_id': 'exp_20240620_222727', 'client_id': '0'}
[2024-06-20 22:28:26,711][root][INFO] - Added data to batch for client 0: {'round': 4, 'step_no': 264, 'loss': 0.1904357373714447, 'accuracy': 0.9312499761581421, 'l2_norm': 0.6903742551803589, 'computation_time': 0.04185199737548828, 'batch_time': 0.04752306663431227, 'rtc_check_time': 0.004433199996128678, 'experiment_id': 'exp_20240620_222727', 'client_id': '0'}
[2024-06-20 22:28:26,712][root][INFO] - Added data to batch for client 0: {'round': 4, 'step_no': 265, 'loss': 0.07692883908748627, 'accuracy': 0.9331597089767456, 'l2_norm': 0.6918374300003052, 'computation_time': 0.04381299018859863, 'batch_time': 0.04990687620011158, 'rtc_check_time': 0.004948999994667247, 'experiment_id': 'exp_20240620_222727', 'client_id': '0'}
[2024-06-20 22:28:26,713][root][INFO] - Added data to batch for client 0: {'round': 4, 'step_no': 266, 'loss': 0.20338717103004456, 'accuracy': 0.9324324131011963, 'l2_norm': 0.7054020166397095, 'computation_time': 0.04670000076293945, 'batch_time': 0.050276742069399916, 'rtc_check_time': 0.0019275999948149547, 'experiment_id': 'exp_20240620_222727', 'client_id': '0'}
[2024-06-20 22:28:26,715][root][INFO] - Added data to batch for client 0: {'round': 4, 'step_no': 267, 'loss': 0.15552309155464172, 'accuracy': 0.9317434430122375, 'l2_norm': 0.7417218685150146, 'computation_time': 0.05619001388549805, 'batch_time': 0.05973598235868849, 'rtc_check_time': 0.0018768000009004027, 'experiment_id': 'exp_20240620_222727', 'client_id': '0'}
[2024-06-20 22:28:26,716][root][INFO] - Added data to batch for client 0: {'round': 4, 'step_no': 268, 'loss': 0.15823577344417572, 'accuracy': 0.9318910241127014, 'l2_norm': 0.755942702293396, 'computation_time': 0.06247687339782715, 'batch_time': 0.06604508995951619, 'rtc_check_time': 0.0018670999997993931, 'experiment_id': 'exp_20240620_222727', 'client_id': '0'}
[2024-06-20 22:28:26,717][root][INFO] - Added data to batch for client 0: {'round': 4, 'step_no': 269, 'loss': 0.07576577365398407, 'accuracy': 0.932812511920929, 'l2_norm': 0.774832546710968, 'computation_time': 0.05438709259033203, 'batch_time': 0.05776812646945473, 'rtc_check_time': 0.001776000004610978, 'experiment_id': 'exp_20240620_222727', 'client_id': '0'}
[2024-06-20 22:28:26,718][root][INFO] - Added data to batch for client 0: {'round': 4, 'step_no': 270, 'loss': 0.2517375648021698, 'accuracy': 0.9321646094322205, 'l2_norm': 0.8162623047828674, 'computation_time': 0.04694795608520508, 'batch_time': 0.049978332230239175, 'rtc_check_time': 0.0017453000036766753, 'experiment_id': 'exp_20240620_222727', 'client_id': '0'}
[2024-06-20 22:28:26,719][root][INFO] - Added data to batch for client 0: {'round': 4, 'step_no': 271, 'loss': 0.13467785716056824, 'accuracy': 0.9322916865348816, 'l2_norm': 0.8229537606239319, 'computation_time': 0.04885506629943848, 'batch_time': 0.059497855938388966, 'rtc_check_time': 0.008578799999668263, 'experiment_id': 'exp_20240620_222727', 'client_id': '0'}
[2024-06-20 22:28:26,720][root][INFO] - Added data to batch for client 0: {'round': 4, 'step_no': 272, 'loss': 0.3416275382041931, 'accuracy': 0.9309592843055725, 'l2_norm': 0.8295984268188477, 'computation_time': 0.04787707328796387, 'batch_time': 0.05268278952280525, 'rtc_check_time': 0.0035296999994898215, 'experiment_id': 'exp_20240620_222727', 'client_id': '0'}
[2024-06-20 22:28:26,722][root][INFO] - Added data to batch for client 0: {'round': 4, 'step_no': 273, 'loss': 0.12707538902759552, 'accuracy': 0.9303977489471436, 'l2_norm': 0.8333345055580139, 'computation_time': 0.04080796241760254, 'batch_time': 0.044587495853193104, 'rtc_check_time': 0.0023855000035837293, 'experiment_id': 'exp_20240620_222727', 'client_id': '0'}
[2024-06-20 22:28:26,723][root][INFO] - Added data to batch for client 0: {'round': 4, 'step_no': 274, 'loss': 0.20970162749290466, 'accuracy': 0.9298611283302307, 'l2_norm': 0.8679327964782715, 'computation_time': 0.04285693168640137, 'batch_time': 0.04738196906691883, 'rtc_check_time': 0.0034090000117430463, 'experiment_id': 'exp_20240620_222727', 'client_id': '0'}
[2024-06-20 22:28:26,724][root][INFO] - Added data to batch for client 0: {'round': 4, 'step_no': 275, 'loss': 0.8127464652061462, 'accuracy': 0.9273098111152649, 'l2_norm': 0.9224873781204224, 'computation_time': 0.03898286819458008, 'batch_time': 0.041631742133176886, 'rtc_check_time': 0.001607700003660284, 'experiment_id': 'exp_20240620_222727', 'client_id': '0'}
[2024-06-20 22:28:26,726][root][INFO] - Added data to batch for client 0: {'round': 4, 'step_no': 276, 'loss': 0.33839184045791626, 'accuracy': 0.926196813583374, 'l2_norm': 0.9244563579559326, 'computation_time': 0.04550790786743164, 'batch_time': 0.04876302418415435, 'rtc_check_time': 0.001936899992870167, 'experiment_id': 'exp_20240620_222727', 'client_id': '0'}
[2024-06-20 22:28:26,728][root][INFO] - Added data to batch for client 0: {'round': 4, 'step_no': 277, 'loss': 0.23496025800704956, 'accuracy': 0.92578125, 'l2_norm': 0.9514503479003906, 'computation_time': 0.04347395896911621, 'batch_time': 0.0469495530705899, 'rtc_check_time': 0.0022475000005215406, 'experiment_id': 'exp_20240620_222727', 'client_id': '0'}
[2024-06-20 22:28:26,730][root][INFO] - Added data to batch for client 0: {'round': 4, 'step_no': 278, 'loss': 0.06095753610134125, 'accuracy': 0.9272959232330322, 'l2_norm': 0.9458067417144775, 'computation_time': 0.04066276550292969, 'batch_time': 0.04335431588697247, 'rtc_check_time': 0.0015623999934177846, 'experiment_id': 'exp_20240620_222727', 'client_id': '0'}
[2024-06-20 22:28:26,731][root][INFO] - Added data to batch for client 0: {'round': 4, 'step_no': 279, 'loss': 0.08187633752822876, 'accuracy': 0.9281250238418579, 'l2_norm': 0.9617020487785339, 'computation_time': 0.042550086975097656, 'batch_time': 0.04528002107690554, 'rtc_check_time': 0.0015530999953625724, 'experiment_id': 'exp_20240620_222727', 'client_id': '0'}
[2024-06-20 22:28:26,733][root][INFO] - Added data to batch for client 0: {'round': 4, 'step_no': 280, 'loss': 0.24077081680297852, 'accuracy': 0.9276960492134094, 'l2_norm': 0.9730192422866821, 'computation_time': 0.042756080627441406, 'batch_time': 0.046405098066315986, 'rtc_check_time': 0.0023369999980786815, 'experiment_id': 'exp_20240620_222727', 'client_id': '0'}
[2024-06-20 22:28:26,735][root][INFO] - Added data to batch for client 0: {'round': 4, 'step_no': 281, 'loss': 0.17932265996932983, 'accuracy': 0.9278846383094788, 'l2_norm': 0.9985857605934143, 'computation_time': 0.04910993576049805, 'batch_time': 0.05850627401378006, 'rtc_check_time': 0.007858299999497831, 'experiment_id': 'exp_20240620_222727', 'client_id': '0'}
[2024-06-20 22:28:26,736][root][INFO] - Added data to batch for client 0: {'round': 4, 'step_no': 282, 'loss': 0.1580466777086258, 'accuracy': 0.9286556839942932, 'l2_norm': 1.0302088260650635, 'computation_time': 0.04279303550720215, 'batch_time': 0.04603859063354321, 'rtc_check_time': 0.0020146000024396926, 'experiment_id': 'exp_20240620_222727', 'client_id': '0'}
[2024-06-20 22:28:26,738][root][INFO] - Added data to batch for client 0: {'round': 4, 'step_no': 283, 'loss': 0.10085921734571457, 'accuracy': 0.9299768805503845, 'l2_norm': 1.0307830572128296, 'computation_time': 0.03931307792663574, 'batch_time': 0.04275852767750621, 'rtc_check_time': 0.0023554000072181225, 'experiment_id': 'exp_20240620_222727', 'client_id': '0'}
[2024-06-20 22:28:26,739][root][INFO] - Added data to batch for client 0: {'round': 4, 'step_no': 284, 'loss': 0.06822545826435089, 'accuracy': 0.9312499761581421, 'l2_norm': 1.0428028106689453, 'computation_time': 0.04747414588928223, 'batch_time': 0.0514138577709673, 'rtc_check_time': 0.002041899992036633, 'experiment_id': 'exp_20240620_222727', 'client_id': '0'}
[2024-06-20 22:28:26,740][root][INFO] - Added data to batch for client 0: {'round': 4, 'step_no': 285, 'loss': 0.10946497321128845, 'accuracy': 0.9324776530265808, 'l2_norm': 1.0662009716033936, 'computation_time': 0.04413890838623047, 'batch_time': 0.0479559821105795, 'rtc_check_time': 0.0026039999938802794, 'experiment_id': 'exp_20240620_222727', 'client_id': '0'}
[2024-06-20 22:28:26,742][root][INFO] - Added data to batch for client 0: {'round': 4, 'step_no': 286, 'loss': 0.48283421993255615, 'accuracy': 0.9314693212509155, 'l2_norm': 1.1506942510604858, 'computation_time': 0.04395484924316406, 'batch_time': 0.04702861563418992, 'rtc_check_time': 0.0018626000091899186, 'experiment_id': 'exp_20240620_222727', 'client_id': '0'}
[2024-06-20 22:28:26,744][root][INFO] - Added data to batch for client 0: {'round': 4, 'step_no': 287, 'loss': 0.2673202157020569, 'accuracy': 0.9304956793785095, 'l2_norm': 1.154910683631897, 'computation_time': 0.055052995681762695, 'batch_time': 0.059129053450305946, 'rtc_check_time': 0.0023901999957161024, 'experiment_id': 'exp_20240620_222727', 'client_id': '0'}
[2024-06-20 22:28:26,745][root][INFO] - Added data to batch for client 0: {'round': 4, 'step_no': 288, 'loss': 0.1708962768316269, 'accuracy': 0.9311440587043762, 'l2_norm': 1.1966185569763184, 'computation_time': 0.04839301109313965, 'batch_time': 0.06154418231744785, 'rtc_check_time': 0.012052299993229099, 'experiment_id': 'exp_20240620_222727', 'client_id': '0'}
[2024-06-20 22:28:26,746][root][INFO] - Added data to batch for client 0: {'round': 4, 'step_no': 289, 'loss': 0.11260638386011124, 'accuracy': 0.9312499761581421, 'l2_norm': 1.2147804498672485, 'computation_time': 0.04917407035827637, 'batch_time': 0.05384637357201427, 'rtc_check_time': 0.0034094000002369285, 'experiment_id': 'exp_20240620_222727', 'client_id': '0'}
[2024-06-20 22:28:26,748][root][INFO] - Added data to batch for client 0: {'round': 4, 'step_no': 290, 'loss': 0.13360483944416046, 'accuracy': 0.9318647384643555, 'l2_norm': 1.238529920578003, 'computation_time': 0.04668879508972168, 'batch_time': 0.05107415797829162, 'rtc_check_time': 0.0026852000009967014, 'experiment_id': 'exp_20240620_222727', 'client_id': '0'}
[2024-06-20 22:28:26,749][root][INFO] - Added data to batch for client 0: {'round': 4, 'step_no': 291, 'loss': 0.12823013961315155, 'accuracy': 0.9324596524238586, 'l2_norm': 1.2727431058883667, 'computation_time': 0.04878807067871094, 'batch_time': 0.05858814979728777, 'rtc_check_time': 0.008446100007859059, 'experiment_id': 'exp_20240620_222727', 'client_id': '0'}
[2024-06-20 22:28:26,750][root][INFO] - Added data to batch for client 0: {'round': 4, 'step_no': 292, 'loss': 0.109442800283432, 'accuracy': 0.9330357313156128, 'l2_norm': 1.2962114810943604, 'computation_time': 0.05302309989929199, 'batch_time': 0.057972064867499284, 'rtc_check_time': 0.003601899996283464, 'experiment_id': 'exp_20240620_222727', 'client_id': '0'}
[2024-06-20 22:28:26,751][root][INFO] - Added data to batch for client 0: {'round': 4, 'step_no': 293, 'loss': 0.23469500243663788, 'accuracy': 0.9326171875, 'l2_norm': 1.3333570957183838, 'computation_time': 0.0473630428314209, 'batch_time': 0.05014200530422386, 'rtc_check_time': 0.0015461000002687797, 'experiment_id': 'exp_20240620_222727', 'client_id': '0'}
[2024-06-20 22:28:26,753][root][INFO] - Added data to batch for client 0: {'round': 4, 'step_no': 294, 'loss': 0.03126826137304306, 'accuracy': 0.9336538314819336, 'l2_norm': 1.3212347030639648, 'computation_time': 0.04369401931762695, 'batch_time': 0.04988136261817999, 'rtc_check_time': 0.005141400994034484, 'experiment_id': 'exp_20240620_222727', 'client_id': '0'}
[2024-06-20 22:28:26,754][root][INFO] - Added data to batch for client 0: {'round': 4, 'step_no': 295, 'loss': 0.05042016878724098, 'accuracy': 0.9346590638160706, 'l2_norm': 1.339674472808838, 'computation_time': 0.04754996299743652, 'batch_time': 0.058403740913490765, 'rtc_check_time': 0.009535800010780804, 'experiment_id': 'exp_20240620_222727', 'client_id': '0'}
[2024-06-20 22:28:26,755][root][INFO] - Added data to batch for client 0: {'round': 4, 'step_no': 296, 'loss': 0.148538738489151, 'accuracy': 0.9351679086685181, 'l2_norm': 1.366665244102478, 'computation_time': 0.046196937561035156, 'batch_time': 0.05033232431742363, 'rtc_check_time': 0.0029092000040691346, 'experiment_id': 'exp_20240620_222727', 'client_id': '0'}
[2024-06-20 22:28:26,756][root][INFO] - Added data to batch for client 0: {'round': 4, 'step_no': 297, 'loss': 0.10301496088504791, 'accuracy': 0.935661792755127, 'l2_norm': 1.3635022640228271, 'computation_time': 0.046501874923706055, 'batch_time': 0.050377679435769096, 'rtc_check_time': 0.0025347000046167523, 'experiment_id': 'exp_20240620_222727', 'client_id': '0'}
[2024-06-20 22:28:26,757][root][INFO] - Added data to batch for client 0: {'round': 4, 'step_no': 298, 'loss': 0.22873938083648682, 'accuracy': 0.9352355003356934, 'l2_norm': 1.4445574283599854, 'computation_time': 0.0431818962097168, 'batch_time': 0.04738079765229486, 'rtc_check_time': 0.0029688999929931015, 'experiment_id': 'exp_20240620_222727', 'client_id': '0'}
[2024-06-20 22:28:26,759][root][INFO] - Added data to batch for client 0: {'round': 4, 'step_no': 299, 'loss': 0.14524412155151367, 'accuracy': 0.9352678656578064, 'l2_norm': 1.4364218711853027, 'computation_time': 0.04590106010437012, 'batch_time': 0.049461751827038825, 'rtc_check_time': 0.0020577010000124574, 'experiment_id': 'exp_20240620_222727', 'client_id': '0'}
[2024-06-20 22:28:26,760][root][INFO] - Added data to batch for client 0: {'round': 4, 'step_no': 300, 'loss': 0.4779684841632843, 'accuracy': 0.9339788556098938, 'l2_norm': 1.4675517082214355, 'computation_time': 0.05437302589416504, 'batch_time': 0.05959739022364374, 'rtc_check_time': 0.0039164000045275316, 'experiment_id': 'exp_20240620_222727', 'client_id': '0'}
[2024-06-20 22:28:26,761][root][INFO] - Added data to batch for client 0: {'round': 4, 'step_no': 301, 'loss': 0.1499178260564804, 'accuracy': 0.9344618320465088, 'l2_norm': 1.5005598068237305, 'computation_time': 0.0609591007232666, 'batch_time': 0.0655245833331719, 'rtc_check_time': 0.002889399998821318, 'experiment_id': 'exp_20240620_222727', 'client_id': '0'}
[2024-06-20 22:28:26,762][root][INFO] - Added data to batch for client 0: {'round': 4, 'step_no': 302, 'loss': 0.20882949233055115, 'accuracy': 0.934503436088562, 'l2_norm': 1.4825977087020874, 'computation_time': 0.048094987869262695, 'batch_time': 0.055542484420584515, 'rtc_check_time': 0.0047814999998081475, 'experiment_id': 'exp_20240620_222727', 'client_id': '0'}
[2024-06-20 22:28:26,764][root][INFO] - Added data to batch for client 0: {'round': 4, 'step_no': 303, 'loss': 0.2563891112804413, 'accuracy': 0.9349662065505981, 'l2_norm': 1.5141968727111816, 'computation_time': 0.04931902885437012, 'batch_time': 0.053402594741783105, 'rtc_check_time': 0.0025708000030135736, 'experiment_id': 'exp_20240620_222727', 'client_id': '0'}
[2024-06-20 22:28:26,765][root][INFO] - Added data to batch for client 0: {'round': 4, 'step_no': 304, 'loss': 0.134108304977417, 'accuracy': 0.934583306312561, 'l2_norm': 1.5754778385162354, 'computation_time': 0.04586291313171387, 'batch_time': 0.04860074556199834, 'rtc_check_time': 0.0015516999992541969, 'experiment_id': 'exp_20240620_222727', 'client_id': '0'}
[2024-06-20 22:28:26,766][root][INFO] - Added data to batch for client 0: {'round': 4, 'step_no': 305, 'loss': 0.2381763458251953, 'accuracy': 0.9350329041481018, 'l2_norm': 1.603944182395935, 'computation_time': 0.04511308670043945, 'batch_time': 0.05066839714709204, 'rtc_check_time': 0.004076400000485592, 'experiment_id': 'exp_20240620_222727', 'client_id': '0'}
[2024-06-20 22:28:26,767][root][INFO] - Added data to batch for client 0: {'round': 4, 'step_no': 306, 'loss': 0.38362598419189453, 'accuracy': 0.9346590638160706, 'l2_norm': 1.620744228363037, 'computation_time': 0.04961395263671875, 'batch_time': 0.05460456646687817, 'rtc_check_time': 0.0037866000056965277, 'experiment_id': 'exp_20240620_222727', 'client_id': '0'}
[2024-06-20 22:28:26,769][root][INFO] - Added data to batch for client 0: {'round': 4, 'step_no': 307, 'loss': 0.18733394145965576, 'accuracy': 0.9346955418586731, 'l2_norm': 1.6789474487304688, 'computation_time': 0.054427146911621094, 'batch_time': 0.05950636634952389, 'rtc_check_time': 0.00335139999515377, 'experiment_id': 'exp_20240620_222727', 'client_id': '0'}
[2024-06-20 22:28:26,770][root][INFO] - Added data to batch for client 0: {'round': 4, 'step_no': 308, 'loss': 0.13140937685966492, 'accuracy': 0.9347310066223145, 'l2_norm': 1.6715178489685059, 'computation_time': 0.04721379280090332, 'batch_time': 0.052112204299191944, 'rtc_check_time': 0.0037241999962134287, 'experiment_id': 'exp_20240620_222727', 'client_id': '0'}
[2024-06-20 22:28:26,772][root][INFO] - Added data to batch for client 0: {'round': 4, 'step_no': 309, 'loss': 0.15936897695064545, 'accuracy': 0.9351562261581421, 'l2_norm': 1.6750918626785278, 'computation_time': 0.048066139221191406, 'batch_time': 0.05539857430267148, 'rtc_check_time': 0.005691400001524016, 'experiment_id': 'exp_20240620_222727', 'client_id': '0'}
[2024-06-20 22:28:26,773][root][INFO] - Added data to batch for client 0: {'round': 4, 'step_no': 310, 'loss': 0.10969163477420807, 'accuracy': 0.935571014881134, 'l2_norm': 1.6814683675765991, 'computation_time': 0.046475887298583984, 'batch_time': 0.053819997832761146, 'rtc_check_time': 0.005822999999509193, 'experiment_id': 'exp_20240620_222727', 'client_id': '0'}
[2024-06-20 22:28:26,774][root][INFO] - Added data to batch for client 0: {'round': 4, 'step_no': 311, 'loss': 0.11980277299880981, 'accuracy': 0.9359756112098694, 'l2_norm': 1.730272889137268, 'computation_time': 0.05370497703552246, 'batch_time': 0.061142575985286385, 'rtc_check_time': 0.00469959998736158, 'experiment_id': 'exp_20240620_222727', 'client_id': '0'}
[2024-06-20 22:28:26,775][root][INFO] - Added data to batch for client 0: {'round': 4, 'step_no': 312, 'loss': 0.28619250655174255, 'accuracy': 0.9356174468994141, 'l2_norm': 1.7347710132598877, 'computation_time': 0.07020211219787598, 'batch_time': 0.07560658936563414, 'rtc_check_time': 0.003356699991854839, 'experiment_id': 'exp_20240620_222727', 'client_id': '0'}
[2024-06-20 22:28:26,776][root][INFO] - Added data to batch for client 0: {'round': 4, 'step_no': 313, 'loss': 0.07951219379901886, 'accuracy': 0.9360119104385376, 'l2_norm': 1.7289506196975708, 'computation_time': 0.05592489242553711, 'batch_time': 0.06578440923476592, 'rtc_check_time': 0.006153299997095019, 'experiment_id': 'exp_20240620_222727', 'client_id': '0'}
[2024-06-20 22:28:26,778][root][INFO] - Added data to batch for client 0: {'round': 4, 'step_no': 314, 'loss': 0.28202229738235474, 'accuracy': 0.935661792755127, 'l2_norm': 1.7761585712432861, 'computation_time': 0.05486917495727539, 'batch_time': 0.05845737962226849, 'rtc_check_time': 0.001906400008010678, 'experiment_id': 'exp_20240620_222727', 'client_id': '0'}
[2024-06-20 22:28:26,779][root][INFO] - Added data to batch for client 0: {'round': 4, 'step_no': 315, 'loss': 0.22250059247016907, 'accuracy': 0.9360465407371521, 'l2_norm': 1.798770785331726, 'computation_time': 0.04708695411682129, 'batch_time': 0.05227638613723684, 'rtc_check_time': 0.0036594999983208254, 'experiment_id': 'exp_20240620_222727', 'client_id': '0'}
[2024-06-20 22:28:26,780][root][INFO] - Added data to batch for client 0: {'round': 4, 'step_no': 316, 'loss': 0.07201718538999557, 'accuracy': 0.9367815852165222, 'l2_norm': 1.8161687850952148, 'computation_time': 0.05233287811279297, 'batch_time': 0.05541387230914552, 'rtc_check_time': 0.001810700006899424, 'experiment_id': 'exp_20240620_222727', 'client_id': '0'}
[2024-06-20 22:28:26,782][root][INFO] - Added data to batch for client 0: {'round': 4, 'step_no': 317, 'loss': 0.07014334946870804, 'accuracy': 0.9371448755264282, 'l2_norm': 1.8264235258102417, 'computation_time': 0.06022977828979492, 'batch_time': 0.06526301630947273, 'rtc_check_time': 0.0030669999978272244, 'experiment_id': 'exp_20240620_222727', 'client_id': '0'}
[2024-06-20 22:28:26,783][root][INFO] - Added data to batch for client 0: {'round': 4, 'step_no': 318, 'loss': 0.06444698572158813, 'accuracy': 0.9375, 'l2_norm': 1.8138962984085083, 'computation_time': 0.056524038314819336, 'batch_time': 0.0807718862342881, 'rtc_check_time': 0.022886000995640643, 'experiment_id': 'exp_20240620_222727', 'client_id': '0'}
[2024-06-20 22:28:26,784][root][INFO] - Added data to batch for client 0: {'round': 4, 'step_no': 319, 'loss': 0.04287249222397804, 'accuracy': 0.9381944537162781, 'l2_norm': 1.8347442150115967, 'computation_time': 0.04780411720275879, 'batch_time': 0.05161067028529942, 'rtc_check_time': 0.001667700009420514, 'experiment_id': 'exp_20240620_222727', 'client_id': '0'}
[2024-06-20 22:28:26,786][root][INFO] - Added data to batch for client 0: {'round': 4, 'step_no': 320, 'loss': 0.2395874261856079, 'accuracy': 0.937843382358551, 'l2_norm': 1.921526551246643, 'computation_time': 0.045593976974487305, 'batch_time': 0.05327095619577449, 'rtc_check_time': 0.006537099994602613, 'experiment_id': 'exp_20240620_222727', 'client_id': '0'}
[2024-06-20 22:28:26,788][root][INFO] - Added data to batch for client 0: {'round': 4, 'step_no': 321, 'loss': 0.22683678567409515, 'accuracy': 0.937839686870575, 'l2_norm': 1.9178481101989746, 'computation_time': 0.04387688636779785, 'batch_time': 0.047796045953873545, 'rtc_check_time': 0.0027129999944008887, 'experiment_id': 'exp_20240620_222727', 'client_id': '0'}
[2024-06-20 22:28:26,791][root][INFO] - Added data to batch for client 0: {'round': 4, 'step_no': 322, 'loss': 0.2878381609916687, 'accuracy': 0.9368279576301575, 'l2_norm': 1.9125112295150757, 'computation_time': 0.04174518585205078, 'batch_time': 0.04440238600363955, 'rtc_check_time': 0.0015053999959491193, 'experiment_id': 'exp_20240620_222727', 'client_id': '0'}
[2024-06-20 22:28:26,792][root][INFO] - Added data to batch for client 0: {'round': 4, 'step_no': 323, 'loss': 0.36555641889572144, 'accuracy': 0.9368351101875305, 'l2_norm': 1.9372073411941528, 'computation_time': 0.04021596908569336, 'batch_time': 0.04541812617389951, 'rtc_check_time': 0.004110199995920993, 'experiment_id': 'exp_20240620_222727', 'client_id': '0'}
[2024-06-20 22:28:26,793][root][INFO] - Added data to batch for client 0: {'round': 4, 'step_no': 324, 'loss': 0.1295621246099472, 'accuracy': 0.9365131855010986, 'l2_norm': 1.9472126960754395, 'computation_time': 0.04406404495239258, 'batch_time': 0.046967335787485354, 'rtc_check_time': 0.0016143999964697286, 'experiment_id': 'exp_20240620_222727', 'client_id': '0'}
[2024-06-20 22:28:26,794][root][INFO] - Added data to batch for client 0: {'round': 4, 'step_no': 325, 'loss': 0.3361896574497223, 'accuracy': 0.9358723759651184, 'l2_norm': 2.0070998668670654, 'computation_time': 0.039572954177856445, 'batch_time': 0.04492646658036392, 'rtc_check_time': 0.004221500988933258, 'experiment_id': 'exp_20240620_222727', 'client_id': '0'}
[2024-06-20 22:28:26,796][root][INFO] - Added data to batch for client 0: {'round': 4, 'step_no': 326, 'loss': 0.1818779706954956, 'accuracy': 0.9358891844749451, 'l2_norm': 2.006105661392212, 'computation_time': 0.04248809814453125, 'batch_time': 0.045218308150651865, 'rtc_check_time': 0.0014623000024585053, 'experiment_id': 'exp_20240620_222727', 'client_id': '0'}
[2024-06-20 22:28:26,797][root][INFO] - Added data to batch for client 0: {'round': 4, 'step_no': 327, 'loss': 0.12586580216884613, 'accuracy': 0.9362244606018066, 'l2_norm': 2.0518534183502197, 'computation_time': 0.041970014572143555, 'batch_time': 0.04613188207440544, 'rtc_check_time': 0.0029569000034825876, 'experiment_id': 'exp_20240620_222727', 'client_id': '0'}
[2024-06-20 22:28:26,798][root][INFO] - Added data to batch for client 0: {'round': 4, 'step_no': 328, 'loss': 0.10297068953514099, 'accuracy': 0.9362373948097229, 'l2_norm': 2.104074716567993, 'computation_time': 0.040042877197265625, 'batch_time': 0.044135263306088746, 'rtc_check_time': 0.002905300003476441, 'experiment_id': 'exp_20240620_222727', 'client_id': '0'}
[2024-06-20 22:28:26,799][root][INFO] - Added data to batch for client 0: {'round': 4, 'step_no': 329, 'loss': 0.14258962869644165, 'accuracy': 0.9365624785423279, 'l2_norm': 2.116983413696289, 'computation_time': 0.04437899589538574, 'batch_time': 0.0490394022926921, 'rtc_check_time': 0.002689400003873743, 'experiment_id': 'exp_20240620_222727', 'client_id': '0'}
[2024-06-20 22:28:26,800][root][INFO] - Added data to batch for client 0: {'round': 4, 'step_no': 330, 'loss': 0.1674557328224182, 'accuracy': 0.9362623691558838, 'l2_norm': 2.160231113433838, 'computation_time': 0.04347681999206543, 'batch_time': 0.04764105548383668, 'rtc_check_time': 0.0028670000028796494, 'experiment_id': 'exp_20240620_222727', 'client_id': '0'}
[2024-06-20 22:28:26,802][root][INFO] - Added data to batch for client 0: {'round': 4, 'step_no': 331, 'loss': 0.23978129029273987, 'accuracy': 0.936274528503418, 'l2_norm': 2.2275969982147217, 'computation_time': 0.05084109306335449, 'batch_time': 0.05551187627133913, 'rtc_check_time': 0.002443000004859641, 'experiment_id': 'exp_20240620_222727', 'client_id': '0'}
[2024-06-20 22:28:26,803][root][INFO] - Added data to batch for client 0: {'round': 4, 'step_no': 332, 'loss': 0.2259935587644577, 'accuracy': 0.936589777469635, 'l2_norm': 2.2153656482696533, 'computation_time': 0.04549908638000488, 'batch_time': 0.04989214555826038, 'rtc_check_time': 0.0028430999955162406, 'experiment_id': 'exp_20240620_222727', 'client_id': '0'}
[2024-06-20 22:28:26,804][root][INFO] - Added data to batch for client 0: {'round': 4, 'step_no': 333, 'loss': 0.10684159398078918, 'accuracy': 0.9371995329856873, 'l2_norm': 2.279094696044922, 'computation_time': 0.0422821044921875, 'batch_time': 0.05595143804384861, 'rtc_check_time': 0.012489400003687479, 'experiment_id': 'exp_20240620_222727', 'client_id': '0'}
[2024-06-20 22:28:26,805][root][INFO] - Added data to batch for client 0: {'round': 4, 'step_no': 334, 'loss': 0.2411693036556244, 'accuracy': 0.9372023940086365, 'l2_norm': 2.316809892654419, 'computation_time': 0.06081700325012207, 'batch_time': 0.06506459004594944, 'rtc_check_time': 0.002466600009938702, 'experiment_id': 'exp_20240620_222727', 'client_id': '0'}
[2024-06-20 22:28:26,806][root][INFO] - Added data to batch for client 0: {'round': 4, 'step_no': 335, 'loss': 0.08408429473638535, 'accuracy': 0.9375, 'l2_norm': 2.354213237762451, 'computation_time': 0.06882691383361816, 'batch_time': 0.07501596928341314, 'rtc_check_time': 0.004532999999355525, 'experiment_id': 'exp_20240620_222727', 'client_id': '0'}
[2024-06-20 22:28:26,807][root][INFO] - Added data to batch for client 0: {'round': 4, 'step_no': 336, 'loss': 0.20841656625270844, 'accuracy': 0.9377920627593994, 'l2_norm': 2.3653194904327393, 'computation_time': 0.05000901222229004, 'batch_time': 0.057777029811404645, 'rtc_check_time': 0.006323200999759138, 'experiment_id': 'exp_20240620_222727', 'client_id': '0'}
[2024-06-20 22:28:26,809][root][INFO] - Added data to batch for client 0: {'round': 4, 'step_no': 337, 'loss': 0.25023266673088074, 'accuracy': 0.9369212985038757, 'l2_norm': 2.400747776031494, 'computation_time': 0.050189971923828125, 'batch_time': 0.05527045541384723, 'rtc_check_time': 0.003793500000028871, 'experiment_id': 'exp_20240620_222727', 'client_id': '0'}
[2024-06-20 22:28:26,810][root][INFO] - Added data to batch for client 0: {'round': 4, 'step_no': 338, 'loss': 0.10010946542024612, 'accuracy': 0.9372133016586304, 'l2_norm': 2.3997859954833984, 'computation_time': 0.056596994400024414, 'batch_time': 0.06318957878102083, 'rtc_check_time': 0.0048836000059964135, 'experiment_id': 'exp_20240620_222727', 'client_id': '0'}
[2024-06-20 22:28:26,811][root][INFO] - Added data to batch for client 0: {'round': 4, 'step_no': 339, 'loss': 0.12518052756786346, 'accuracy': 0.9375, 'l2_norm': 2.391817092895508, 'computation_time': 0.05211210250854492, 'batch_time': 0.05513391483691521, 'rtc_check_time': 0.0017241000023204833, 'experiment_id': 'exp_20240620_222727', 'client_id': '0'}
[2024-06-20 22:28:26,812][root][INFO] - Added data to batch for client 0: {'round': 4, 'step_no': 340, 'loss': 0.3191109895706177, 'accuracy': 0.9369369149208069, 'l2_norm': 2.4585700035095215, 'computation_time': 0.052538156509399414, 'batch_time': 0.0637661045184359, 'rtc_check_time': 0.009615999995730817, 'experiment_id': 'exp_20240620_222727', 'client_id': '0'}
[2024-06-20 22:28:26,814][root][INFO] - Added data to batch for client 0: {'round': 4, 'step_no': 341, 'loss': 0.36317238211631775, 'accuracy': 0.9361048936843872, 'l2_norm': 2.4709012508392334, 'computation_time': 0.057418107986450195, 'batch_time': 0.06054881919408217, 'rtc_check_time': 0.00182679999852553, 'experiment_id': 'exp_20240620_222727', 'client_id': '0'}
[2024-06-20 22:28:26,815][root][INFO] - Added data to batch for client 0: {'round': 4, 'step_no': 342, 'loss': 0.31903088092803955, 'accuracy': 0.9358407258987427, 'l2_norm': 2.513089656829834, 'computation_time': 0.048660993576049805, 'batch_time': 0.054200421436689794, 'rtc_check_time': 0.0033033000072464347, 'experiment_id': 'exp_20240620_222727', 'client_id': '0'}
[2024-06-20 22:28:26,817][root][INFO] - Added data to batch for client 0: {'round': 4, 'step_no': 343, 'loss': 0.31059330701828003, 'accuracy': 0.9358552694320679, 'l2_norm': 2.531912088394165, 'computation_time': 0.04659104347229004, 'batch_time': 0.061003791488474235, 'rtc_check_time': 0.013008701003855094, 'experiment_id': 'exp_20240620_222727', 'client_id': '0'}
[2024-06-20 22:28:26,818][root][INFO] - Added data to batch for client 0: {'round': 4, 'step_no': 344, 'loss': 0.05048365890979767, 'accuracy': 0.936413049697876, 'l2_norm': 2.5378706455230713, 'computation_time': 0.04454612731933594, 'batch_time': 0.047418017595191486, 'rtc_check_time': 0.0015798999957041815, 'experiment_id': 'exp_20240620_222727', 'client_id': '0'}
[2024-06-20 22:28:26,819][root][INFO] - Added data to batch for client 0: {'round': 4, 'step_no': 345, 'loss': 0.29545822739601135, 'accuracy': 0.9356142282485962, 'l2_norm': 2.573173761367798, 'computation_time': 0.041391849517822266, 'batch_time': 0.045583252373035066, 'rtc_check_time': 0.00309729999571573, 'experiment_id': 'exp_20240620_222727', 'client_id': '0'}
[2024-06-20 22:28:26,820][root][INFO] - Added data to batch for client 0: {'round': 4, 'step_no': 346, 'loss': 0.07612884789705276, 'accuracy': 0.9358974099159241, 'l2_norm': 2.6088271141052246, 'computation_time': 0.039166927337646484, 'batch_time': 0.04257794935256243, 'rtc_check_time': 0.0023378999903798103, 'experiment_id': 'exp_20240620_222727', 'client_id': '0'}
[2024-06-20 22:28:26,821][root][INFO] - Added data to batch for client 0: {'round': 4, 'step_no': 347, 'loss': 0.18430912494659424, 'accuracy': 0.9356461763381958, 'l2_norm': 2.6653313636779785, 'computation_time': 0.03899097442626953, 'batch_time': 0.05249311059014872, 'rtc_check_time': 0.012422100000549108, 'experiment_id': 'exp_20240620_222727', 'client_id': '0'}
[2024-06-20 22:28:26,822][root][INFO] - Added data to batch for client 0: {'round': 4, 'step_no': 348, 'loss': 0.10739742964506149, 'accuracy': 0.9361869692802429, 'l2_norm': 2.720296859741211, 'computation_time': 0.038591861724853516, 'batch_time': 0.041494742457871325, 'rtc_check_time': 0.0018567000079201534, 'experiment_id': 'exp_20240620_222727', 'client_id': '0'}
[2024-06-20 22:28:26,823][root][INFO] - Added data to batch for client 0: {'round': 4, 'step_no': 349, 'loss': 0.1848243623971939, 'accuracy': 0.9361979365348816, 'l2_norm': 2.7287864685058594, 'computation_time': 0.03995108604431152, 'batch_time': 0.04271645848348271, 'rtc_check_time': 0.00163050000264775, 'experiment_id': 'exp_20240620_222727', 'client_id': '0'}
[2024-06-20 22:28:26,825][root][INFO] - Added data to batch for client 0: {'round': 4, 'step_no': 350, 'loss': 0.18888616561889648, 'accuracy': 0.9364669322967529, 'l2_norm': 2.7776761054992676, 'computation_time': 0.04282402992248535, 'batch_time': 0.04778846382396296, 'rtc_check_time': 0.0028045999933965504, 'experiment_id': 'exp_20240620_222727', 'client_id': '0'}
[2024-06-20 22:28:26,826][root][INFO] - Added data to batch for client 0: {'round': 4, 'step_no': 351, 'loss': 0.25655922293663025, 'accuracy': 0.9362192749977112, 'l2_norm': 2.812892198562622, 'computation_time': 0.044294118881225586, 'batch_time': 0.04729104881698731, 'rtc_check_time': 0.0019250000041211024, 'experiment_id': 'exp_20240620_222727', 'client_id': '0'}
[2024-06-20 22:28:26,827][root][INFO] - Added data to batch for client 0: {'round': 4, 'step_no': 352, 'loss': 0.08886416256427765, 'accuracy': 0.9364837408065796, 'l2_norm': 2.833925485610962, 'computation_time': 0.04095315933227539, 'batch_time': 0.043524871856789105, 'rtc_check_time': 0.0014458999939961359, 'experiment_id': 'exp_20240620_222727', 'client_id': '0'}
[2024-06-20 22:28:26,828][root][INFO] - Added data to batch for client 0: {'round': 4, 'step_no': 353, 'loss': 0.08187628537416458, 'accuracy': 0.936743974685669, 'l2_norm': 2.846893310546875, 'computation_time': 0.04157114028930664, 'batch_time': 0.04581230034818873, 'rtc_check_time': 0.0030802999972365797, 'experiment_id': 'exp_20240620_222727', 'client_id': '0'}
[2024-06-20 22:28:26,829][root][INFO] - Added data to batch for client 0: {'round': 4, 'step_no': 354, 'loss': 0.05496404320001602, 'accuracy': 0.937250018119812, 'l2_norm': 2.8527228832244873, 'computation_time': 0.046957969665527344, 'batch_time': 0.04934515029890463, 'rtc_check_time': 0.0013831999967806041, 'experiment_id': 'exp_20240620_222727', 'client_id': '0'}
[2024-06-20 22:28:26,831][root][INFO] - Added data to batch for client 0: {'round': 4, 'step_no': 355, 'loss': 0.23379230499267578, 'accuracy': 0.9370039701461792, 'l2_norm': 2.8861846923828125, 'computation_time': 0.04178285598754883, 'batch_time': 0.0462447764002718, 'rtc_check_time': 0.0032889010035432875, 'experiment_id': 'exp_20240620_222727', 'client_id': '0'}
[2024-06-20 22:28:26,832][root][INFO] - Added data to batch for client 0: {'round': 4, 'step_no': 356, 'loss': 0.14968045055866241, 'accuracy': 0.9370078444480896, 'l2_norm': 2.938253164291382, 'computation_time': 0.04254412651062012, 'batch_time': 0.048520832700887695, 'rtc_check_time': 0.00464490000740625, 'experiment_id': 'exp_20240620_222727', 'client_id': '0'}
[2024-06-20 22:28:26,834][root][INFO] - Added data to batch for client 0: {'round': 4, 'step_no': 357, 'loss': 0.2192291021347046, 'accuracy': 0.936767578125, 'l2_norm': 2.955817222595215, 'computation_time': 0.0535130500793457, 'batch_time': 0.05744138154841494, 'rtc_check_time': 0.0026032010064227507, 'experiment_id': 'exp_20240620_222727', 'client_id': '0'}
[2024-06-20 22:28:26,835][root][INFO] - Added data to batch for client 0: {'round': 4, 'step_no': 358, 'loss': 0.24948085844516754, 'accuracy': 0.9367732405662537, 'l2_norm': 3.029542922973633, 'computation_time': 0.055253028869628906, 'batch_time': 0.05928506012423895, 'rtc_check_time': 0.0023270999954547733, 'experiment_id': 'exp_20240620_222727', 'client_id': '0'}
[2024-06-20 22:28:26,836][root][INFO] - Added data to batch for client 0: {'round': 4, 'step_no': 359, 'loss': 0.23109371960163116, 'accuracy': 0.9365384578704834, 'l2_norm': 3.010300874710083, 'computation_time': 0.04499697685241699, 'batch_time': 0.04936688028101344, 'rtc_check_time': 0.0032789000106276944, 'experiment_id': 'exp_20240620_222727', 'client_id': '0'}
[2024-06-20 22:28:26,838][root][INFO] - Added data to batch for client 0: {'round': 4, 'step_no': 360, 'loss': 0.18041817843914032, 'accuracy': 0.9367843270301819, 'l2_norm': 3.03328800201416, 'computation_time': 0.042617082595825195, 'batch_time': 0.052410314296139404, 'rtc_check_time': 0.007877299998654053, 'experiment_id': 'exp_20240620_222727', 'client_id': '0'}
[2024-06-20 22:28:26,839][root][INFO] - Added data to batch for client 0: {'round': 4, 'step_no': 361, 'loss': 0.019822383299469948, 'accuracy': 0.9372632503509521, 'l2_norm': 3.0351669788360596, 'computation_time': 0.04671311378479004, 'batch_time': 0.04956328502157703, 'rtc_check_time': 0.0017513000057078898, 'experiment_id': 'exp_20240620_222727', 'client_id': '0'}
[2024-06-20 22:28:26,840][root][INFO] - Added data to batch for client 0: {'round': 4, 'step_no': 362, 'loss': 0.14803922176361084, 'accuracy': 0.9375, 'l2_norm': 3.076742649078369, 'computation_time': 0.04385781288146973, 'batch_time': 0.049218626707443036, 'rtc_check_time': 0.004156800001510419, 'experiment_id': 'exp_20240620_222727', 'client_id': '0'}
[2024-06-20 22:28:26,841][root][INFO] - Added data to batch for client 0: {'round': 4, 'step_no': 363, 'loss': 0.31048551201820374, 'accuracy': 0.9375, 'l2_norm': 3.1244232654571533, 'computation_time': 0.046755075454711914, 'batch_time': 0.058295631140936166, 'rtc_check_time': 0.009709500998724252, 'experiment_id': 'exp_20240620_222727', 'client_id': '0'}
[2024-06-20 22:28:26,842][root][INFO] - Added data to batch for client 0: {'round': 4, 'step_no': 364, 'loss': 0.13013142347335815, 'accuracy': 0.9377315044403076, 'l2_norm': 3.152942657470703, 'computation_time': 0.04928183555603027, 'batch_time': 0.05255467409733683, 'rtc_check_time': 0.0018644999945536256, 'experiment_id': 'exp_20240620_222727', 'client_id': '0'}
[2024-06-20 22:28:26,843][root][INFO] - Added data to batch for client 0: {'round': 4, 'step_no': 365, 'loss': 0.05869940295815468, 'accuracy': 0.9379595518112183, 'l2_norm': 3.1525967121124268, 'computation_time': 0.04976701736450195, 'batch_time': 0.056477897669537924, 'rtc_check_time': 0.005320899988873862, 'experiment_id': 'exp_20240620_222727', 'client_id': '0'}
[2024-06-20 22:28:26,844][root][INFO] - Added data to batch for client 0: {'round': 4, 'step_no': 366, 'loss': 0.2961960732936859, 'accuracy': 0.9379562139511108, 'l2_norm': 3.1662514209747314, 'computation_time': 0.04954218864440918, 'batch_time': 0.05298121257510502, 'rtc_check_time': 0.001992299992707558, 'experiment_id': 'exp_20240620_222727', 'client_id': '0'}
[2024-06-20 22:28:26,845][root][INFO] - Added data to batch for client 0: {'round': 4, 'step_no': 367, 'loss': 0.08765947073698044, 'accuracy': 0.9381793737411499, 'l2_norm': 3.204949378967285, 'computation_time': 0.04928898811340332, 'batch_time': 0.05354221002198756, 'rtc_check_time': 0.002966000000014901, 'experiment_id': 'exp_20240620_222727', 'client_id': '0'}
[2024-06-20 22:28:26,846][root][INFO] - Added data to batch for client 0: {'round': 4, 'step_no': 368, 'loss': 0.026840390637516975, 'accuracy': 0.9386240839958191, 'l2_norm': 3.2127623558044434, 'computation_time': 0.05409693717956543, 'batch_time': 0.05734890521853231, 'rtc_check_time': 0.001793800009181723, 'experiment_id': 'exp_20240620_222727', 'client_id': '0'}
[2024-06-20 22:28:26,847][root][INFO] - Added data to batch for client 0: {'round': 4, 'step_no': 369, 'loss': 0.07305218279361725, 'accuracy': 0.9388392567634583, 'l2_norm': 3.2445642948150635, 'computation_time': 0.04882979393005371, 'batch_time': 0.052035241591511294, 'rtc_check_time': 0.0017623000021558255, 'experiment_id': 'exp_20240620_222727', 'client_id': '0'}
[2024-06-20 22:28:26,848][root][INFO] - Added data to batch for client 0: {'round': 4, 'step_no': 370, 'loss': 0.11228248476982117, 'accuracy': 0.9390513896942139, 'l2_norm': 3.2904000282287598, 'computation_time': 0.05136919021606445, 'batch_time': 0.057588759722420946, 'rtc_check_time': 0.004598800005624071, 'experiment_id': 'exp_20240620_222727', 'client_id': '0'}
[2024-06-20 22:28:26,850][root][INFO] - Added data to batch for client 0: {'round': 4, 'step_no': 371, 'loss': 0.083733931183815, 'accuracy': 0.9392605423927307, 'l2_norm': 3.3112881183624268, 'computation_time': 0.04580497741699219, 'batch_time': 0.05381614941870794, 'rtc_check_time': 0.006276200001593679, 'experiment_id': 'exp_20240620_222727', 'client_id': '0'}
[2024-06-20 22:28:26,851][root][INFO] - Added data to batch for client 0: {'round': 4, 'step_no': 372, 'loss': 0.2575142979621887, 'accuracy': 0.9390296936035156, 'l2_norm': 3.404674530029297, 'computation_time': 0.052874088287353516, 'batch_time': 0.05961256675072946, 'rtc_check_time': 0.005423599999630824, 'experiment_id': 'exp_20240620_222727', 'client_id': '0'}
[2024-06-20 22:28:26,852][root][INFO] - Added data to batch for client 0: {'round': 4, 'step_no': 373, 'loss': 0.1877741813659668, 'accuracy': 0.9390190839767456, 'l2_norm': 3.4038171768188477, 'computation_time': 0.04156899452209473, 'batch_time': 0.04685391020029783, 'rtc_check_time': 0.004005800001323223, 'experiment_id': 'exp_20240620_222727', 'client_id': '0'}
[2024-06-20 22:28:26,853][root][INFO] - Added data to batch for client 0: {'round': 4, 'step_no': 374, 'loss': 0.1609003245830536, 'accuracy': 0.939224123954773, 'l2_norm': 3.46103572845459, 'computation_time': 0.04451894760131836, 'batch_time': 0.04950634225679096, 'rtc_check_time': 0.003762399996048771, 'experiment_id': 'exp_20240620_222727', 'client_id': '0'}
[2024-06-20 22:28:26,854][root][INFO] - Added data to batch for client 0: {'round': 4, 'step_no': 375, 'loss': 0.11180649697780609, 'accuracy': 0.9394263625144958, 'l2_norm': 3.4847795963287354, 'computation_time': 0.03980898857116699, 'batch_time': 0.045326451247092336, 'rtc_check_time': 0.004456499998923391, 'experiment_id': 'exp_20240620_222727', 'client_id': '0'}
[2024-06-20 22:28:26,855][root][INFO] - Added data to batch for client 0: {'round': 4, 'step_no': 376, 'loss': 0.04822999984025955, 'accuracy': 0.9398384094238281, 'l2_norm': 3.517324924468994, 'computation_time': 0.04287600517272949, 'batch_time': 0.045552821320598014, 'rtc_check_time': 0.0014430000010179356, 'experiment_id': 'exp_20240620_222727', 'client_id': '0'}
[2024-06-20 22:28:26,857][root][INFO] - Added data to batch for client 0: {'round': 4, 'step_no': 377, 'loss': 0.26090899109840393, 'accuracy': 0.9398226141929626, 'l2_norm': 3.614192485809326, 'computation_time': 0.04070305824279785, 'batch_time': 0.046015491883736104, 'rtc_check_time': 0.004090300004463643, 'experiment_id': 'exp_20240620_222727', 'client_id': '0'}
[2024-06-20 22:28:26,859][root][INFO] - Added data to batch for client 0: {'round': 4, 'step_no': 378, 'loss': 0.28458738327026367, 'accuracy': 0.9395973086357117, 'l2_norm': 3.627950668334961, 'computation_time': 0.053015947341918945, 'batch_time': 0.05802749370923266, 'rtc_check_time': 0.002835499995853752, 'experiment_id': 'exp_20240620_222727', 'client_id': '0'}
[2024-06-20 22:28:26,860][root][INFO] - Added data to batch for client 0: {'round': 4, 'step_no': 379, 'loss': 0.4760512411594391, 'accuracy': 0.9393749833106995, 'l2_norm': 3.693614959716797, 'computation_time': 0.06469583511352539, 'batch_time': 0.07428619856364094, 'rtc_check_time': 0.007290100998943672, 'experiment_id': 'exp_20240620_222727', 'client_id': '0'}
[2024-06-20 22:28:26,862][root][INFO] - Added data to batch for client 0: {'round': 4, 'step_no': 380, 'loss': 0.08791433274745941, 'accuracy': 0.9395695328712463, 'l2_norm': 3.7009761333465576, 'computation_time': 0.04424405097961426, 'batch_time': 0.04686543007846922, 'rtc_check_time': 0.0012673999881371856, 'experiment_id': 'exp_20240620_222727', 'client_id': '0'}
[2024-06-20 22:28:26,863][root][INFO] - Added data to batch for client 0: {'round': 4, 'step_no': 381, 'loss': 0.10684669017791748, 'accuracy': 0.9395559430122375, 'l2_norm': 3.7360405921936035, 'computation_time': 0.04243206977844238, 'batch_time': 0.045599595323437825, 'rtc_check_time': 0.002028599992627278, 'experiment_id': 'exp_20240620_222727', 'client_id': '0'}
[2024-06-20 22:28:26,864][root][INFO] - Added data to batch for client 0: {'round': 4, 'step_no': 382, 'loss': 0.11307328939437866, 'accuracy': 0.9397467374801636, 'l2_norm': 3.7675085067749023, 'computation_time': 0.0508120059967041, 'batch_time': 0.05352973331173416, 'rtc_check_time': 0.001545899998745881, 'experiment_id': 'exp_20240620_222727', 'client_id': '0'}
[2024-06-20 22:28:26,866][root][INFO] - Added data to batch for client 0: {'round': 4, 'step_no': 383, 'loss': 0.18704816699028015, 'accuracy': 0.9395292401313782, 'l2_norm': 3.801771640777588, 'computation_time': 0.05115103721618652, 'batch_time': 0.055883837907458656, 'rtc_check_time': 0.0033278000046266243, 'experiment_id': 'exp_20240620_222727', 'client_id': '0'}
[2024-06-20 22:28:26,867][root][INFO] - Added data to batch for client 0: {'round': 4, 'step_no': 384, 'loss': 0.08762777596712112, 'accuracy': 0.9397177696228027, 'l2_norm': 3.841083526611328, 'computation_time': 0.06154799461364746, 'batch_time': 0.06518343398056459, 'rtc_check_time': 0.002103599996189587, 'experiment_id': 'exp_20240620_222727', 'client_id': '0'}
[2024-06-20 22:28:26,868][root][INFO] - Added data to batch for client 0: {'round': 4, 'step_no': 385, 'loss': 0.1625223457813263, 'accuracy': 0.9399038553237915, 'l2_norm': 3.8502087593078613, 'computation_time': 0.04655909538269043, 'batch_time': 0.051657717194757424, 'rtc_check_time': 0.0038535999919986352, 'experiment_id': 'exp_20240620_222727', 'client_id': '0'}
[2024-06-20 22:28:26,870][root][INFO] - Added data to batch for client 0: {'round': 4, 'step_no': 386, 'loss': 0.34736698865890503, 'accuracy': 0.9396895170211792, 'l2_norm': 3.9222664833068848, 'computation_time': 0.04489707946777344, 'batch_time': 0.054332490923115984, 'rtc_check_time': 0.006937500002095476, 'experiment_id': 'exp_20240620_222727', 'client_id': '0'}
[2024-06-20 22:28:26,871][root][INFO] - Added data to batch for client 0: {'round': 4, 'step_no': 387, 'loss': 0.07046370208263397, 'accuracy': 0.9400712251663208, 'l2_norm': 3.9446821212768555, 'computation_time': 0.04742312431335449, 'batch_time': 0.05269126870553009, 'rtc_check_time': 0.0037641999952029437, 'experiment_id': 'exp_20240620_222727', 'client_id': '0'}
[2024-06-20 22:28:26,872][root][INFO] - Added data to batch for client 0: {'round': 4, 'step_no': 388, 'loss': 0.0622682198882103, 'accuracy': 0.9402515888214111, 'l2_norm': 3.9484386444091797, 'computation_time': 0.05075979232788086, 'batch_time': 0.05528201237029862, 'rtc_check_time': 0.0030538000137312338, 'experiment_id': 'exp_20240620_222727', 'client_id': '0'}
[2024-06-20 22:28:26,873][root][INFO] - Added data to batch for client 0: {'round': 4, 'step_no': 389, 'loss': 0.15145759284496307, 'accuracy': 0.9404296875, 'l2_norm': 3.988072156906128, 'computation_time': 0.048616886138916016, 'batch_time': 0.05296909416210838, 'rtc_check_time': 0.0029452999879140407, 'experiment_id': 'exp_20240620_222727', 'client_id': '0'}
[2024-06-20 22:28:26,874][root][INFO] - Added data to batch for client 0: {'round': 4, 'step_no': 390, 'loss': 0.1638929694890976, 'accuracy': 0.9404115080833435, 'l2_norm': 4.029696941375732, 'computation_time': 0.051915884017944336, 'batch_time': 0.05480615839769598, 'rtc_check_time': 0.0016381000023102388, 'experiment_id': 'exp_20240620_222727', 'client_id': '0'}
[2024-06-20 22:28:26,875][root][INFO] - Added data to batch for client 0: {'round': 4, 'step_no': 391, 'loss': 0.14957624673843384, 'accuracy': 0.9403935074806213, 'l2_norm': 4.076354026794434, 'computation_time': 0.05084586143493652, 'batch_time': 0.0563069632044062, 'rtc_check_time': 0.0038059999933466315, 'experiment_id': 'exp_20240620_222727', 'client_id': '0'}
[2024-06-20 22:28:26,877][root][INFO] - Added data to batch for client 0: {'round': 4, 'step_no': 392, 'loss': 0.24245086312294006, 'accuracy': 0.9399923086166382, 'l2_norm': 4.152717590332031, 'computation_time': 0.04936099052429199, 'batch_time': 0.05622757159289904, 'rtc_check_time': 0.005651599989505485, 'experiment_id': 'exp_20240620_222727', 'client_id': '0'}
[2024-06-20 22:28:26,878][root][INFO] - Added data to batch for client 0: {'round': 4, 'step_no': 393, 'loss': 0.22996878623962402, 'accuracy': 0.9397866129875183, 'l2_norm': 4.14310359954834, 'computation_time': 0.04866600036621094, 'batch_time': 0.051663596226717345, 'rtc_check_time': 0.0017365999956382439, 'experiment_id': 'exp_20240620_222727', 'client_id': '0'}
[2024-06-20 22:28:26,879][root][INFO] - Added data to batch for client 0: {'round': 4, 'step_no': 394, 'loss': 0.2622930407524109, 'accuracy': 0.9397727251052856, 'l2_norm': 4.181537628173828, 'computation_time': 0.04816389083862305, 'batch_time': 0.05335670686326921, 'rtc_check_time': 0.003744899993762374, 'experiment_id': 'exp_20240620_222727', 'client_id': '0'}
[2024-06-20 22:28:26,880][root][INFO] - Added data to batch for client 0: {'round': 4, 'step_no': 395, 'loss': 0.20398205518722534, 'accuracy': 0.9397590160369873, 'l2_norm': 4.207560062408447, 'computation_time': 0.056066036224365234, 'batch_time': 0.06361490811104886, 'rtc_check_time': 0.0055998000025283545, 'experiment_id': 'exp_20240620_222727', 'client_id': '0'}
[2024-06-20 22:28:26,882][root][INFO] - Added data to batch for client 0: {'round': 4, 'step_no': 396, 'loss': 0.04583059251308441, 'accuracy': 0.940119743347168, 'l2_norm': 4.228006839752197, 'computation_time': 0.05770397186279297, 'batch_time': 0.06641714507713914, 'rtc_check_time': 0.006339001003652811, 'experiment_id': 'exp_20240620_222727', 'client_id': '0'}
[2024-06-20 22:28:26,883][root][INFO] - Added data to batch for client 0: {'round': 4, 'step_no': 397, 'loss': 0.11870779097080231, 'accuracy': 0.9402901530265808, 'l2_norm': 4.269668102264404, 'computation_time': 0.0466768741607666, 'batch_time': 0.05119025576277636, 'rtc_check_time': 0.0030451999919023365, 'experiment_id': 'exp_20240620_222727', 'client_id': '0'}
[2024-06-20 22:28:26,884][root][INFO] - Added data to batch for client 0: {'round': 4, 'step_no': 398, 'loss': 0.13291345536708832, 'accuracy': 0.940273642539978, 'l2_norm': 4.307728290557861, 'computation_time': 0.047872066497802734, 'batch_time': 0.051619257021229714, 'rtc_check_time': 0.0022802010062150657, 'experiment_id': 'exp_20240620_222727', 'client_id': '0'}
[2024-06-20 22:28:26,886][root][INFO] - Added data to batch for client 0: {'round': 4, 'step_no': 399, 'loss': 0.19031471014022827, 'accuracy': 0.940073549747467, 'l2_norm': 4.401403903961182, 'computation_time': 0.050137996673583984, 'batch_time': 0.05667471970082261, 'rtc_check_time': 0.004444599995622411, 'experiment_id': 'exp_20240620_222727', 'client_id': '0'}
[2024-06-20 22:28:26,887][root][INFO] - Added data to batch for client 0: {'round': 4, 'step_no': 400, 'loss': 0.07703188061714172, 'accuracy': 0.9402412176132202, 'l2_norm': 4.4030914306640625, 'computation_time': 0.04463815689086914, 'batch_time': 0.05748421682801563, 'rtc_check_time': 0.011471099991467781, 'experiment_id': 'exp_20240620_222727', 'client_id': '0'}
[2024-06-20 22:28:26,888][root][INFO] - Added data to batch for client 0: {'round': 4, 'step_no': 401, 'loss': 0.025806855410337448, 'accuracy': 0.940588653087616, 'l2_norm': 4.405671119689941, 'computation_time': 0.0648641586303711, 'batch_time': 0.06840825417020824, 'rtc_check_time': 0.0018970999954035506, 'experiment_id': 'exp_20240620_222727', 'client_id': '0'}
[2024-06-20 22:28:26,889][root][INFO] - Added data to batch for client 0: {'round': 4, 'step_no': 402, 'loss': 0.20146073400974274, 'accuracy': 0.9407514333724976, 'l2_norm': 4.42213773727417, 'computation_time': 0.054380178451538086, 'batch_time': 0.05818907017237507, 'rtc_check_time': 0.0020979999972041696, 'experiment_id': 'exp_20240620_222727', 'client_id': '0'}
[2024-06-20 22:28:26,890][root][INFO] - Added data to batch for client 0: {'round': 4, 'step_no': 403, 'loss': 0.06211351603269577, 'accuracy': 0.9409123659133911, 'l2_norm': 4.461248397827148, 'computation_time': 0.04791116714477539, 'batch_time': 0.053198558554868214, 'rtc_check_time': 0.003190500006894581, 'experiment_id': 'exp_20240620_222727', 'client_id': '0'}
[2024-06-20 22:28:26,891][root][INFO] - Added data to batch for client 0: {'round': 4, 'step_no': 404, 'loss': 0.18264444172382355, 'accuracy': 0.9408928751945496, 'l2_norm': 4.4740986824035645, 'computation_time': 0.049134016036987305, 'batch_time': 0.05579296416544821, 'rtc_check_time': 0.0052610999991884455, 'experiment_id': 'exp_20240620_222727', 'client_id': '0'}
[2024-06-20 22:28:26,892][root][INFO] - Added data to batch for client 0: {'round': 4, 'step_no': 405, 'loss': 0.12894734740257263, 'accuracy': 0.9408735632896423, 'l2_norm': 4.505629062652588, 'computation_time': 0.04537391662597656, 'batch_time': 0.049317711920593865, 'rtc_check_time': 0.0026796999882208183, 'experiment_id': 'exp_20240620_222727', 'client_id': '0'}
[2024-06-20 22:28:26,893][root][INFO] - Added data to batch for client 0: {'round': 4, 'step_no': 406, 'loss': 0.02511177770793438, 'accuracy': 0.9412076473236084, 'l2_norm': 4.510941028594971, 'computation_time': 0.04812312126159668, 'batch_time': 0.05652755461051129, 'rtc_check_time': 0.007052600005408749, 'experiment_id': 'exp_20240620_222727', 'client_id': '0'}
[2024-06-20 22:28:26,894][root][INFO] - Added data to batch for client 0: {'round': 4, 'step_no': 407, 'loss': 0.0531446747481823, 'accuracy': 0.9413623809814453, 'l2_norm': 4.524479866027832, 'computation_time': 0.04665803909301758, 'batch_time': 0.05337193179002497, 'rtc_check_time': 0.005349900005967356, 'experiment_id': 'exp_20240620_222727', 'client_id': '0'}
[2024-06-20 22:28:26,896][root][INFO] - Added data to batch for client 0: {'round': 4, 'step_no': 408, 'loss': 0.09475547075271606, 'accuracy': 0.9415153861045837, 'l2_norm': 4.520995140075684, 'computation_time': 0.04532003402709961, 'batch_time': 0.0513007311092224, 'rtc_check_time': 0.004683700011810288, 'experiment_id': 'exp_20240620_222727', 'client_id': '0'}
[2024-06-20 22:28:26,897][root][INFO] - Added data to batch for client 0: {'round': 4, 'step_no': 409, 'loss': 0.08954039961099625, 'accuracy': 0.9416666626930237, 'l2_norm': 4.549196720123291, 'computation_time': 0.04589509963989258, 'batch_time': 0.048856897265068255, 'rtc_check_time': 0.0016678999963914976, 'experiment_id': 'exp_20240620_222727', 'client_id': '0'}
[2024-06-20 22:28:26,898][root][INFO] - Added data to batch for client 0: {'round': 4, 'step_no': 410, 'loss': 0.26060301065444946, 'accuracy': 0.9414709806442261, 'l2_norm': 4.576517105102539, 'computation_time': 0.04664802551269531, 'batch_time': 0.050978168059373274, 'rtc_check_time': 0.002901300002122298, 'experiment_id': 'exp_20240620_222727', 'client_id': '0'}
[2024-06-20 22:28:26,899][root][INFO] - Added data to batch for client 0: {'round': 4, 'step_no': 411, 'loss': 0.0756930559873581, 'accuracy': 0.9417926073074341, 'l2_norm': 4.609354496002197, 'computation_time': 0.052362918853759766, 'batch_time': 0.05690763682650868, 'rtc_check_time': 0.002979500000947155, 'experiment_id': 'exp_20240620_222727', 'client_id': '0'}
[2024-06-20 22:28:26,900][root][INFO] - Added data to batch for client 0: {'round': 4, 'step_no': 412, 'loss': 0.04535948112607002, 'accuracy': 0.9419398903846741, 'l2_norm': 4.605196952819824, 'computation_time': 0.04823493957519531, 'batch_time': 0.05971083171607461, 'rtc_check_time': 0.010108800008310936, 'experiment_id': 'exp_20240620_222727', 'client_id': '0'}
[2024-06-20 22:28:26,901][root][INFO] - Added data to batch for client 0: {'round': 4, 'step_no': 413, 'loss': 0.06468838453292847, 'accuracy': 0.9420856237411499, 'l2_norm': 4.631087303161621, 'computation_time': 0.048074960708618164, 'batch_time': 0.051521048255381174, 'rtc_check_time': 0.0018400999979348853, 'experiment_id': 'exp_20240620_222727', 'client_id': '0'}
[2024-06-20 22:28:26,903][root][INFO] - Added data to batch for client 0: {'round': 4, 'step_no': 414, 'loss': 0.4422309994697571, 'accuracy': 0.9420608282089233, 'l2_norm': 4.721884727478027, 'computation_time': 0.050787925720214844, 'batch_time': 0.05652867438038811, 'rtc_check_time': 0.004089699999894947, 'experiment_id': 'exp_20240620_222727', 'client_id': '0'}
[2024-06-20 22:28:26,904][root][INFO] - Added data to batch for client 0: {'round': 4, 'step_no': 415, 'loss': 0.1085805743932724, 'accuracy': 0.9422042965888977, 'l2_norm': 4.699594974517822, 'computation_time': 0.0518190860748291, 'batch_time': 0.06147695031540934, 'rtc_check_time': 0.0075809999980265275, 'experiment_id': 'exp_20240620_222727', 'client_id': '0'}
[2024-06-20 22:28:26,905][root][INFO] - Added data to batch for client 0: {'round': 4, 'step_no': 416, 'loss': 0.04093988239765167, 'accuracy': 0.9425133466720581, 'l2_norm': 4.723469257354736, 'computation_time': 0.055082082748413086, 'batch_time': 0.0608785381045891, 'rtc_check_time': 0.004182599994237535, 'experiment_id': 'exp_20240620_222727', 'client_id': '0'}
[2024-06-20 22:28:26,906][root][INFO] - Added data to batch for client 0: {'round': 4, 'step_no': 417, 'loss': 0.015572262927889824, 'accuracy': 0.9428191781044006, 'l2_norm': 4.7365522384643555, 'computation_time': 0.05239105224609375, 'batch_time': 0.05528900625358801, 'rtc_check_time': 0.0016608000005362555, 'experiment_id': 'exp_20240620_222727', 'client_id': '0'}
[2024-06-20 22:28:26,907][root][INFO] - Added data to batch for client 0: {'round': 4, 'step_no': 418, 'loss': 0.06529255211353302, 'accuracy': 0.9429563283920288, 'l2_norm': 4.778624534606934, 'computation_time': 0.05212998390197754, 'batch_time': 0.06851712336356286, 'rtc_check_time': 0.014813100002356805, 'experiment_id': 'exp_20240620_222727', 'client_id': '0'}
[2024-06-20 22:28:26,908][root][INFO] - Added data to batch for client 0: {'round': 4, 'step_no': 419, 'loss': 0.124791219830513, 'accuracy': 0.9429276585578918, 'l2_norm': 4.790473937988281, 'computation_time': 0.05048990249633789, 'batch_time': 0.05525642400607467, 'rtc_check_time': 0.0031355000101029873, 'experiment_id': 'exp_20240620_222727', 'client_id': '0'}
[2024-06-20 22:28:26,909][root][INFO] - Added data to batch for client 0: {'round': 4, 'step_no': 420, 'loss': 0.24146217107772827, 'accuracy': 0.9427356123924255, 'l2_norm': 4.91589879989624, 'computation_time': 0.05056405067443848, 'batch_time': 0.05700022111705039, 'rtc_check_time': 0.004906000001938082, 'experiment_id': 'exp_20240620_222727', 'client_id': '0'}
[2024-06-20 22:28:26,910][root][INFO] - Added data to batch for client 0: {'round': 4, 'step_no': 421, 'loss': 0.1934555321931839, 'accuracy': 0.9427083134651184, 'l2_norm': 4.890066623687744, 'computation_time': 0.05750083923339844, 'batch_time': 0.06460875997436233, 'rtc_check_time': 0.005301900004269555, 'experiment_id': 'exp_20240620_222727', 'client_id': '0'}
[2024-06-20 22:28:26,911][root][INFO] - Added data to batch for client 0: {'round': 4, 'step_no': 422, 'loss': 0.7711001634597778, 'accuracy': 0.9423575401306152, 'l2_norm': 4.931025981903076, 'computation_time': 0.054945945739746094, 'batch_time': 0.06210692835156806, 'rtc_check_time': 0.00548490000073798, 'experiment_id': 'exp_20240620_222727', 'client_id': '0'}
[2024-06-20 22:28:26,913][root][INFO] - Added data to batch for client 0: {'round': 4, 'step_no': 423, 'loss': 0.06377305835485458, 'accuracy': 0.9426546096801758, 'l2_norm': 4.955662727355957, 'computation_time': 0.05076909065246582, 'batch_time': 0.0710665248479927, 'rtc_check_time': 0.019078400000580586, 'experiment_id': 'exp_20240620_222727', 'client_id': '0'}
[2024-06-20 22:28:26,918][root][INFO] - Batch data saved to /home/psklavos/fl/geom_aio/csv_logs/exp_20240620_222727/clients/client_0/batch.csv
[2024-06-20 22:28:26,919][root][INFO] - Server data saved to /home/psklavos/fl/geom_aio/csv_logs/exp_20240620_222727/server/server.csv
[2024-06-20 22:28:31,507][flwr][DEBUG] - fit_round 5: strategy sampled 3 clients (out of 3)
[2024-06-20 22:28:45,532][flwr][DEBUG] - fit_round 5 received 3 results and 0 failures
[2024-06-20 22:28:45,539][root][INFO] - Added data to server for client None: {'round': 5, 'average_norm': 5.019128640492757, 'round_time': 15.357633300491944, 'average_downlink_time': 0.67931917, 'average_rtc_check_time': 1.0092016050524155, 'average_uplink_time': 0.46634734866666666, 'average_computation_time': 12.053027868270874, 'average_communication_time': 2.154868123719082, 'average_fit_time': 13.98978567123413, 'average_throughput': 5.311861123250535, 'dropouts': 0, 'experiment_id': 'exp_20240620_222727'}
[2024-06-20 22:28:45,708][utils.model][INFO] - LeNet model built
[2024-06-20 22:28:45,823][utils.model][INFO] - Size of serialized model: 279.0341796875 kbytes
[2024-06-20 22:28:45,886][utils.model][INFO] - Step 1/40 - val_loss: 0.0321 - val_accuracy: 1.0000
[2024-06-20 22:28:45,906][utils.model][INFO] - Step 2/40 - val_loss: 0.0596 - val_accuracy: 0.9824
[2024-06-20 22:28:45,926][utils.model][INFO] - Step 3/40 - val_loss: 0.0742 - val_accuracy: 0.9779
[2024-06-20 22:28:45,947][utils.model][INFO] - Step 4/40 - val_loss: 0.0763 - val_accuracy: 0.9756
[2024-06-20 22:28:45,968][utils.model][INFO] - Step 5/40 - val_loss: 0.0938 - val_accuracy: 0.9688
[2024-06-20 22:28:45,989][utils.model][INFO] - Step 6/40 - val_loss: 0.0977 - val_accuracy: 0.9674
[2024-06-20 22:28:46,008][utils.model][INFO] - Step 7/40 - val_loss: 0.1005 - val_accuracy: 0.9682
[2024-06-20 22:28:46,027][utils.model][INFO] - Step 8/40 - val_loss: 0.1000 - val_accuracy: 0.9692
[2024-06-20 22:28:46,049][utils.model][INFO] - Step 9/40 - val_loss: 0.1025 - val_accuracy: 0.9670
[2024-06-20 22:28:46,070][utils.model][INFO] - Step 10/40 - val_loss: 0.1010 - val_accuracy: 0.9676
[2024-06-20 22:28:46,088][utils.model][INFO] - Step 11/40 - val_loss: 0.0999 - val_accuracy: 0.9688
[2024-06-20 22:28:46,107][utils.model][INFO] - Step 12/40 - val_loss: 0.1024 - val_accuracy: 0.9674
[2024-06-20 22:28:46,127][utils.model][INFO] - Step 13/40 - val_loss: 0.0995 - val_accuracy: 0.9691
[2024-06-20 22:28:46,144][utils.model][INFO] - Step 14/40 - val_loss: 0.1015 - val_accuracy: 0.9685
[2024-06-20 22:28:46,162][utils.model][INFO] - Step 15/40 - val_loss: 0.1042 - val_accuracy: 0.9680
[2024-06-20 22:28:46,183][utils.model][INFO] - Step 16/40 - val_loss: 0.1044 - val_accuracy: 0.9670
[2024-06-20 22:28:46,203][utils.model][INFO] - Step 17/40 - val_loss: 0.1054 - val_accuracy: 0.9669
[2024-06-20 22:28:46,223][utils.model][INFO] - Step 18/40 - val_loss: 0.1057 - val_accuracy: 0.9661
[2024-06-20 22:28:46,244][utils.model][INFO] - Step 19/40 - val_loss: 0.1065 - val_accuracy: 0.9657
[2024-06-20 22:28:46,262][utils.model][INFO] - Step 20/40 - val_loss: 0.1051 - val_accuracy: 0.9662
[2024-06-20 22:28:46,282][utils.model][INFO] - Step 21/40 - val_loss: 0.1019 - val_accuracy: 0.9671
[2024-06-20 22:28:46,302][utils.model][INFO] - Step 22/40 - val_loss: 0.0981 - val_accuracy: 0.9684
[2024-06-20 22:28:46,324][utils.model][INFO] - Step 23/40 - val_loss: 0.0970 - val_accuracy: 0.9688
[2024-06-20 22:28:46,346][utils.model][INFO] - Step 24/40 - val_loss: 0.0970 - val_accuracy: 0.9686
[2024-06-20 22:28:46,369][utils.model][INFO] - Step 25/40 - val_loss: 0.0938 - val_accuracy: 0.9697
[2024-06-20 22:28:46,389][utils.model][INFO] - Step 26/40 - val_loss: 0.0956 - val_accuracy: 0.9694
[2024-06-20 22:28:46,413][utils.model][INFO] - Step 27/40 - val_loss: 0.0930 - val_accuracy: 0.9703
[2024-06-20 22:28:46,441][utils.model][INFO] - Step 28/40 - val_loss: 0.0905 - val_accuracy: 0.9710
[2024-06-20 22:28:46,465][utils.model][INFO] - Step 29/40 - val_loss: 0.0879 - val_accuracy: 0.9720
[2024-06-20 22:28:46,489][utils.model][INFO] - Step 30/40 - val_loss: 0.0857 - val_accuracy: 0.9727
[2024-06-20 22:28:46,512][utils.model][INFO] - Step 31/40 - val_loss: 0.0846 - val_accuracy: 0.9727
[2024-06-20 22:28:46,533][utils.model][INFO] - Step 32/40 - val_loss: 0.0828 - val_accuracy: 0.9734
[2024-06-20 22:28:46,553][utils.model][INFO] - Step 33/40 - val_loss: 0.0816 - val_accuracy: 0.9737
[2024-06-20 22:28:46,574][utils.model][INFO] - Step 34/40 - val_loss: 0.0796 - val_accuracy: 0.9743
[2024-06-20 22:28:46,595][utils.model][INFO] - Step 35/40 - val_loss: 0.0774 - val_accuracy: 0.9750
[2024-06-20 22:28:46,616][utils.model][INFO] - Step 36/40 - val_loss: 0.0776 - val_accuracy: 0.9750
[2024-06-20 22:28:46,638][utils.model][INFO] - Step 37/40 - val_loss: 0.0758 - val_accuracy: 0.9757
[2024-06-20 22:28:46,660][utils.model][INFO] - Step 38/40 - val_loss: 0.0754 - val_accuracy: 0.9758
[2024-06-20 22:28:46,679][utils.model][INFO] - Step 39/40 - val_loss: 0.0767 - val_accuracy: 0.9753
[2024-06-20 22:28:46,689][utils.model][INFO] - Step 40/40 - val_loss: 0.0748 - val_accuracy: 0.9753
[2024-06-20 22:28:46,690][utils.model][INFO] - Evaluation Results - Val Loss: 0.0748, Val Accuracy: 0.9753 in 40 steps
[2024-06-20 22:28:46,692][flwr][INFO] - fit progress: (5, 0.074832305, {'accuracy': 0.9753}, 69.6827774609992)
[2024-06-20 22:28:46,692][flwr][DEBUG] - evaluate_round 5: strategy sampled 3 clients (out of 3)
[2024-06-20 22:28:47,381][flwr][DEBUG] - evaluate_round 5 received 3 results and 0 failures
[2024-06-20 22:28:47,384][root][INFO] - Added data to epoch for client 0: {'round': 5, 'epoch_steps': 233, 'total_steps': 656, 'l2_norm': 4.87467098236084, 'total_computation_time': 12.032314777374268, 'total_rtc_check_time': 0.9966939040023135, 'total_duration': 13.985586881637573, 'val_loss': 0.07172166556119919, 'val_accuracy': 0.9804999828338623, 'experiment_id': 'exp_20240620_222727', 'client_id': '0'}
[2024-06-20 22:28:47,386][root][INFO] - Epoch data saved to /home/psklavos/fl/geom_aio/csv_logs/exp_20240620_222727/clients/client_0/epoch.csv
[2024-06-20 22:28:47,388][root][INFO] - Added data to batch for client 0: {'round': 5, 'step_no': 424, 'loss': 0.046916816383600235, 'accuracy': 1.0, 'l2_norm': 0.011683403514325619, 'computation_time': 0.05472707748413086, 'batch_time': 0.057692676957231015, 'rtc_check_time': 0.0015965999918989837, 'experiment_id': 'exp_20240620_222727', 'client_id': '0'}
[2024-06-20 22:28:47,389][root][INFO] - Added data to batch for client 0: {'round': 5, 'step_no': 425, 'loss': 0.09556017071008682, 'accuracy': 0.984375, 'l2_norm': 0.028963269665837288, 'computation_time': 0.061438798904418945, 'batch_time': 0.06802633134066127, 'rtc_check_time': 0.004590299999108538, 'experiment_id': 'exp_20240620_222727', 'client_id': '0'}
[2024-06-20 22:28:47,391][root][INFO] - Added data to batch for client 0: {'round': 5, 'step_no': 426, 'loss': 0.1341688334941864, 'accuracy': 0.96875, 'l2_norm': 0.07149677723646164, 'computation_time': 0.048291921615600586, 'batch_time': 0.05380542503553443, 'rtc_check_time': 0.003611399995861575, 'experiment_id': 'exp_20240620_222727', 'client_id': '0'}
[2024-06-20 22:28:47,392][root][INFO] - Added data to batch for client 0: {'round': 5, 'step_no': 427, 'loss': 0.040677621960639954, 'accuracy': 0.96875, 'l2_norm': 0.09128458052873611, 'computation_time': 0.051796913146972656, 'batch_time': 0.05516638918197714, 'rtc_check_time': 0.0018703000096138567, 'experiment_id': 'exp_20240620_222727', 'client_id': '0'}
[2024-06-20 22:28:47,394][root][INFO] - Added data to batch for client 0: {'round': 5, 'step_no': 428, 'loss': 0.06674663722515106, 'accuracy': 0.96875, 'l2_norm': 0.09972050786018372, 'computation_time': 0.0549921989440918, 'batch_time': 0.06933197904436383, 'rtc_check_time': 0.012777899988577701, 'experiment_id': 'exp_20240620_222727', 'client_id': '0'}
[2024-06-20 22:28:47,395][root][INFO] - Added data to batch for client 0: {'round': 5, 'step_no': 429, 'loss': 0.10321392863988876, 'accuracy': 0.9635416865348816, 'l2_norm': 0.1225399300456047, 'computation_time': 0.056455135345458984, 'batch_time': 0.06012569255835842, 'rtc_check_time': 0.0019815999985439703, 'experiment_id': 'exp_20240620_222727', 'client_id': '0'}
[2024-06-20 22:28:47,397][root][INFO] - Added data to batch for client 0: {'round': 5, 'step_no': 430, 'loss': 0.03838808462023735, 'accuracy': 0.9642857313156128, 'l2_norm': 0.12044499069452286, 'computation_time': 0.05367088317871094, 'batch_time': 0.057618272010586224, 'rtc_check_time': 0.0022631999891018495, 'experiment_id': 'exp_20240620_222727', 'client_id': '0'}
[2024-06-20 22:28:47,398][root][INFO] - Added data to batch for client 0: {'round': 5, 'step_no': 431, 'loss': 0.07659203559160233, 'accuracy': 0.96484375, 'l2_norm': 0.13314422965049744, 'computation_time': 0.05474686622619629, 'batch_time': 0.0580113669129787, 'rtc_check_time': 0.0018595000001369044, 'experiment_id': 'exp_20240620_222727', 'client_id': '0'}
[2024-06-20 22:28:47,400][root][INFO] - Added data to batch for client 0: {'round': 5, 'step_no': 432, 'loss': 0.020180709660053253, 'accuracy': 0.96875, 'l2_norm': 0.1415245234966278, 'computation_time': 0.05347108840942383, 'batch_time': 0.062124937743647024, 'rtc_check_time': 0.007219999999506399, 'experiment_id': 'exp_20240620_222727', 'client_id': '0'}
[2024-06-20 22:28:47,401][root][INFO] - Added data to batch for client 0: {'round': 5, 'step_no': 433, 'loss': 0.08643364906311035, 'accuracy': 0.96875, 'l2_norm': 0.1730877012014389, 'computation_time': 0.05682182312011719, 'batch_time': 0.06050104591122363, 'rtc_check_time': 0.0019699999975273386, 'experiment_id': 'exp_20240620_222727', 'client_id': '0'}
[2024-06-20 22:28:47,403][root][INFO] - Added data to batch for client 0: {'round': 5, 'step_no': 434, 'loss': 0.13194522261619568, 'accuracy': 0.9659090638160706, 'l2_norm': 0.23350611329078674, 'computation_time': 0.05053091049194336, 'batch_time': 0.053935072937747464, 'rtc_check_time': 0.0019150000007357448, 'experiment_id': 'exp_20240620_222727', 'client_id': '0'}
[2024-06-20 22:28:47,404][root][INFO] - Added data to batch for client 0: {'round': 5, 'step_no': 435, 'loss': 0.04988201707601547, 'accuracy': 0.96875, 'l2_norm': 0.2526906430721283, 'computation_time': 0.0525968074798584, 'batch_time': 0.06467306005652063, 'rtc_check_time': 0.01044690000708215, 'experiment_id': 'exp_20240620_222727', 'client_id': '0'}
[2024-06-20 22:28:47,406][root][INFO] - Added data to batch for client 0: {'round': 5, 'step_no': 436, 'loss': 0.07472832500934601, 'accuracy': 0.96875, 'l2_norm': 0.27644774317741394, 'computation_time': 0.05416989326477051, 'batch_time': 0.05768055583757814, 'rtc_check_time': 0.002235600011772476, 'experiment_id': 'exp_20240620_222727', 'client_id': '0'}
[2024-06-20 22:28:47,408][root][INFO] - Added data to batch for client 0: {'round': 5, 'step_no': 437, 'loss': 0.20670469105243683, 'accuracy': 0.96875, 'l2_norm': 0.28675413131713867, 'computation_time': 0.048547983169555664, 'batch_time': 0.05391068353492301, 'rtc_check_time': 0.003571699999156408, 'experiment_id': 'exp_20240620_222727', 'client_id': '0'}
[2024-06-20 22:28:47,409][root][INFO] - Added data to batch for client 0: {'round': 5, 'step_no': 438, 'loss': 0.05471859499812126, 'accuracy': 0.9708333611488342, 'l2_norm': 0.2757270634174347, 'computation_time': 0.05102396011352539, 'batch_time': 0.055304772409726866, 'rtc_check_time': 0.0027267999976174906, 'experiment_id': 'exp_20240620_222727', 'client_id': '0'}
[2024-06-20 22:28:47,411][root][INFO] - Added data to batch for client 0: {'round': 5, 'step_no': 439, 'loss': 0.1365283876657486, 'accuracy': 0.970703125, 'l2_norm': 0.3553856313228607, 'computation_time': 0.047757863998413086, 'batch_time': 0.05240679743292276, 'rtc_check_time': 0.0032549000025028363, 'experiment_id': 'exp_20240620_222727', 'client_id': '0'}
[2024-06-20 22:28:47,412][root][INFO] - Added data to batch for client 0: {'round': 5, 'step_no': 440, 'loss': 0.21285027265548706, 'accuracy': 0.96875, 'l2_norm': 0.43306511640548706, 'computation_time': 0.04828691482543945, 'batch_time': 0.05583825320354663, 'rtc_check_time': 0.005416300002252683, 'experiment_id': 'exp_20240620_222727', 'client_id': '0'}
[2024-06-20 22:28:47,414][root][INFO] - Added data to batch for client 0: {'round': 5, 'step_no': 441, 'loss': 0.0556199811398983, 'accuracy': 0.9704861044883728, 'l2_norm': 0.4268190264701843, 'computation_time': 0.04883098602294922, 'batch_time': 0.053077334887348115, 'rtc_check_time': 0.002767199999652803, 'experiment_id': 'exp_20240620_222727', 'client_id': '0'}
[2024-06-20 22:28:47,416][root][INFO] - Added data to batch for client 0: {'round': 5, 'step_no': 442, 'loss': 0.4140397608280182, 'accuracy': 0.9671052694320679, 'l2_norm': 0.4934529662132263, 'computation_time': 0.06049489974975586, 'batch_time': 0.06460711674299091, 'rtc_check_time': 0.0022000999888405204, 'experiment_id': 'exp_20240620_222727', 'client_id': '0'}
[2024-06-20 22:28:47,417][root][INFO] - Added data to batch for client 0: {'round': 5, 'step_no': 443, 'loss': 0.16998234391212463, 'accuracy': 0.9624999761581421, 'l2_norm': 0.46360456943511963, 'computation_time': 0.04703187942504883, 'batch_time': 0.05499047080229502, 'rtc_check_time': 0.006416500007617287, 'experiment_id': 'exp_20240620_222727', 'client_id': '0'}
[2024-06-20 22:28:47,419][root][INFO] - Added data to batch for client 0: {'round': 5, 'step_no': 444, 'loss': 0.03241688758134842, 'accuracy': 0.9642857313156128, 'l2_norm': 0.466224730014801, 'computation_time': 0.04813504219055176, 'batch_time': 0.056602481767185964, 'rtc_check_time': 0.007107500001438893, 'experiment_id': 'exp_20240620_222727', 'client_id': '0'}
[2024-06-20 22:28:47,421][root][INFO] - Added data to batch for client 0: {'round': 5, 'step_no': 445, 'loss': 0.052394721657037735, 'accuracy': 0.9644886255264282, 'l2_norm': 0.4799485206604004, 'computation_time': 0.05899405479431152, 'batch_time': 0.06485030389740132, 'rtc_check_time': 0.003994200000306591, 'experiment_id': 'exp_20240620_222727', 'client_id': '0'}
[2024-06-20 22:28:47,422][root][INFO] - Added data to batch for client 0: {'round': 5, 'step_no': 446, 'loss': 0.04507189244031906, 'accuracy': 0.9646739363670349, 'l2_norm': 0.5014887452125549, 'computation_time': 0.049385786056518555, 'batch_time': 0.05622622190276161, 'rtc_check_time': 0.005374400003347546, 'experiment_id': 'exp_20240620_222727', 'client_id': '0'}
[2024-06-20 22:28:47,423][root][INFO] - Added data to batch for client 0: {'round': 5, 'step_no': 447, 'loss': 0.17036226391792297, 'accuracy': 0.9635416865348816, 'l2_norm': 0.5078389644622803, 'computation_time': 0.05028986930847168, 'batch_time': 0.054995587284793146, 'rtc_check_time': 0.0031405000045197085, 'experiment_id': 'exp_20240620_222727', 'client_id': '0'}
[2024-06-20 22:28:47,425][root][INFO] - Added data to batch for client 0: {'round': 5, 'step_no': 448, 'loss': 0.14723315834999084, 'accuracy': 0.9624999761581421, 'l2_norm': 0.5253826379776001, 'computation_time': 0.05398893356323242, 'batch_time': 0.057181208379915915, 'rtc_check_time': 0.0017290999967372045, 'experiment_id': 'exp_20240620_222727', 'client_id': '0'}
[2024-06-20 22:28:47,426][root][INFO] - Added data to batch for client 0: {'round': 5, 'step_no': 449, 'loss': 0.05639272928237915, 'accuracy': 0.9627403616905212, 'l2_norm': 0.5269097685813904, 'computation_time': 0.04863095283508301, 'batch_time': 0.05885111277166288, 'rtc_check_time': 0.008845199990901165, 'experiment_id': 'exp_20240620_222727', 'client_id': '0'}
[2024-06-20 22:28:47,428][root][INFO] - Added data to batch for client 0: {'round': 5, 'step_no': 450, 'loss': 0.2541748881340027, 'accuracy': 0.9606481194496155, 'l2_norm': 0.5421814322471619, 'computation_time': 0.06255984306335449, 'batch_time': 0.0657891302544158, 'rtc_check_time': 0.0017920999962370843, 'experiment_id': 'exp_20240620_222727', 'client_id': '0'}
[2024-06-20 22:28:47,430][root][INFO] - Added data to batch for client 0: {'round': 5, 'step_no': 451, 'loss': 0.19222719967365265, 'accuracy': 0.9598214030265808, 'l2_norm': 0.5619868040084839, 'computation_time': 0.062088966369628906, 'batch_time': 0.06522795115597546, 'rtc_check_time': 0.0017738000024110079, 'experiment_id': 'exp_20240620_222727', 'client_id': '0'}
[2024-06-20 22:28:47,431][root][INFO] - Added data to batch for client 0: {'round': 5, 'step_no': 452, 'loss': 0.06458678841590881, 'accuracy': 0.9601293206214905, 'l2_norm': 0.574214518070221, 'computation_time': 0.054773807525634766, 'batch_time': 0.05895345025055576, 'rtc_check_time': 0.0026664000033633783, 'experiment_id': 'exp_20240620_222727', 'client_id': '0'}
[2024-06-20 22:28:47,433][root][INFO] - Added data to batch for client 0: {'round': 5, 'step_no': 453, 'loss': 0.16548103094100952, 'accuracy': 0.9604166746139526, 'l2_norm': 0.5947259664535522, 'computation_time': 0.05754685401916504, 'batch_time': 0.06273242438328452, 'rtc_check_time': 0.002886500005843118, 'experiment_id': 'exp_20240620_222727', 'client_id': '0'}
[2024-06-20 22:28:47,435][root][INFO] - Added data to batch for client 0: {'round': 5, 'step_no': 454, 'loss': 0.036961063742637634, 'accuracy': 0.961693525314331, 'l2_norm': 0.5899388790130615, 'computation_time': 0.05288887023925781, 'batch_time': 0.05727598877274431, 'rtc_check_time': 0.002825000003213063, 'experiment_id': 'exp_20240620_222727', 'client_id': '0'}
[2024-06-20 22:28:47,437][root][INFO] - Added data to batch for client 0: {'round': 5, 'step_no': 455, 'loss': 0.11135883629322052, 'accuracy': 0.9619140625, 'l2_norm': 0.588665783405304, 'computation_time': 0.06230282783508301, 'batch_time': 0.06652642675908282, 'rtc_check_time': 0.002851500001270324, 'experiment_id': 'exp_20240620_222727', 'client_id': '0'}
[2024-06-20 22:28:47,439][root][INFO] - Added data to batch for client 0: {'round': 5, 'step_no': 456, 'loss': 0.19093486666679382, 'accuracy': 0.9621211886405945, 'l2_norm': 0.6310674548149109, 'computation_time': 0.04906010627746582, 'batch_time': 0.054309067025315017, 'rtc_check_time': 0.0037021010066382587, 'experiment_id': 'exp_20240620_222727', 'client_id': '0'}
[2024-06-20 22:28:47,441][root][INFO] - Added data to batch for client 0: {'round': 5, 'step_no': 457, 'loss': 0.08672835677862167, 'accuracy': 0.9623161554336548, 'l2_norm': 0.6221708059310913, 'computation_time': 0.049964189529418945, 'batch_time': 0.05747253897425253, 'rtc_check_time': 0.005477499988046475, 'experiment_id': 'exp_20240620_222727', 'client_id': '0'}
[2024-06-20 22:28:47,442][root][INFO] - Added data to batch for client 0: {'round': 5, 'step_no': 458, 'loss': 0.02378055639564991, 'accuracy': 0.9633928537368774, 'l2_norm': 0.6170035600662231, 'computation_time': 0.05200600624084473, 'batch_time': 0.05637510781525634, 'rtc_check_time': 0.0025421000027563423, 'experiment_id': 'exp_20240620_222727', 'client_id': '0'}
[2024-06-20 22:28:47,444][root][INFO] - Added data to batch for client 0: {'round': 5, 'step_no': 459, 'loss': 0.03191731125116348, 'accuracy': 0.9644097089767456, 'l2_norm': 0.6307518482208252, 'computation_time': 0.04923391342163086, 'batch_time': 0.05384553171461448, 'rtc_check_time': 0.0034324000007472932, 'experiment_id': 'exp_20240620_222727', 'client_id': '0'}
[2024-06-20 22:28:47,446][root][INFO] - Added data to batch for client 0: {'round': 5, 'step_no': 460, 'loss': 0.0361974760890007, 'accuracy': 0.9653716087341309, 'l2_norm': 0.6356368064880371, 'computation_time': 0.05057191848754883, 'batch_time': 0.05628563778009266, 'rtc_check_time': 0.004326599999330938, 'experiment_id': 'exp_20240620_222727', 'client_id': '0'}
[2024-06-20 22:28:47,447][root][INFO] - Added data to batch for client 0: {'round': 5, 'step_no': 461, 'loss': 0.12988394498825073, 'accuracy': 0.9646381735801697, 'l2_norm': 0.6968709826469421, 'computation_time': 0.045382022857666016, 'batch_time': 0.05091173108667135, 'rtc_check_time': 0.004294699989259243, 'experiment_id': 'exp_20240620_222727', 'client_id': '0'}
[2024-06-20 22:28:47,448][root][INFO] - Added data to batch for client 0: {'round': 5, 'step_no': 462, 'loss': 0.5199662446975708, 'accuracy': 0.9631410241127014, 'l2_norm': 0.6885858178138733, 'computation_time': 0.0448300838470459, 'batch_time': 0.048200876655755565, 'rtc_check_time': 0.00222090000170283, 'experiment_id': 'exp_20240620_222727', 'client_id': '0'}
[2024-06-20 22:28:47,450][root][INFO] - Added data to batch for client 0: {'round': 5, 'step_no': 463, 'loss': 0.19956256449222565, 'accuracy': 0.9624999761581421, 'l2_norm': 0.7382775545120239, 'computation_time': 0.03922390937805176, 'batch_time': 0.04291674357955344, 'rtc_check_time': 0.0024738000065553933, 'experiment_id': 'exp_20240620_222727', 'client_id': '0'}
[2024-06-20 22:28:47,451][root][INFO] - Added data to batch for client 0: {'round': 5, 'step_no': 464, 'loss': 0.09629003703594208, 'accuracy': 0.9626524448394775, 'l2_norm': 0.7621176242828369, 'computation_time': 0.04108119010925293, 'batch_time': 0.045254753218614496, 'rtc_check_time': 0.0029015999898547307, 'experiment_id': 'exp_20240620_222727', 'client_id': '0'}
[2024-06-20 22:28:47,452][root][INFO] - Added data to batch for client 0: {'round': 5, 'step_no': 465, 'loss': 0.44193559885025024, 'accuracy': 0.961309552192688, 'l2_norm': 0.7771739959716797, 'computation_time': 0.0484619140625, 'batch_time': 0.05202115373685956, 'rtc_check_time': 0.002157100010663271, 'experiment_id': 'exp_20240620_222727', 'client_id': '0'}
[2024-06-20 22:28:47,453][root][INFO] - Added data to batch for client 0: {'round': 5, 'step_no': 466, 'loss': 0.08918772637844086, 'accuracy': 0.961482584476471, 'l2_norm': 0.7716888785362244, 'computation_time': 0.04152488708496094, 'batch_time': 0.04413724044570699, 'rtc_check_time': 0.0014143000007607043, 'experiment_id': 'exp_20240620_222727', 'client_id': '0'}
[2024-06-20 22:28:47,454][root][INFO] - Added data to batch for client 0: {'round': 5, 'step_no': 467, 'loss': 0.01591360569000244, 'accuracy': 0.9623579382896423, 'l2_norm': 0.7721540331840515, 'computation_time': 0.04274320602416992, 'batch_time': 0.04596958319598343, 'rtc_check_time': 0.0019897000020137057, 'experiment_id': 'exp_20240620_222727', 'client_id': '0'}
[2024-06-20 22:28:47,456][root][INFO] - Added data to batch for client 0: {'round': 5, 'step_no': 468, 'loss': 0.15164728462696075, 'accuracy': 0.9618055820465088, 'l2_norm': 0.7784872651100159, 'computation_time': 0.04495406150817871, 'batch_time': 0.04781487830041442, 'rtc_check_time': 0.0015878999984124675, 'experiment_id': 'exp_20240620_222727', 'client_id': '0'}
[2024-06-20 22:28:47,457][root][INFO] - Added data to batch for client 0: {'round': 5, 'step_no': 469, 'loss': 0.023302199319005013, 'accuracy': 0.96263587474823, 'l2_norm': 0.7774415612220764, 'computation_time': 0.041201114654541016, 'batch_time': 0.04470176552422345, 'rtc_check_time': 0.002416800009086728, 'experiment_id': 'exp_20240620_222727', 'client_id': '0'}
[2024-06-20 22:28:47,459][root][INFO] - Added data to batch for client 0: {'round': 5, 'step_no': 470, 'loss': 0.20621517300605774, 'accuracy': 0.9627659320831299, 'l2_norm': 0.8176214098930359, 'computation_time': 0.04293394088745117, 'batch_time': 0.04845084856788162, 'rtc_check_time': 0.0042787999991560355, 'experiment_id': 'exp_20240620_222727', 'client_id': '0'}
[2024-06-20 22:28:47,460][root][INFO] - Added data to batch for client 0: {'round': 5, 'step_no': 471, 'loss': 0.39293986558914185, 'accuracy': 0.9602864384651184, 'l2_norm': 0.8626049160957336, 'computation_time': 0.04457211494445801, 'batch_time': 0.04722015286097303, 'rtc_check_time': 0.0015350999892689288, 'experiment_id': 'exp_20240620_222727', 'client_id': '0'}
[2024-06-20 22:28:47,462][root][INFO] - Added data to batch for client 0: {'round': 5, 'step_no': 472, 'loss': 0.04661130532622337, 'accuracy': 0.9610969424247742, 'l2_norm': 0.8669329881668091, 'computation_time': 0.0401611328125, 'batch_time': 0.046214177971705794, 'rtc_check_time': 0.004724099999293685, 'experiment_id': 'exp_20240620_222727', 'client_id': '0'}
[2024-06-20 22:28:47,463][root][INFO] - Added data to batch for client 0: {'round': 5, 'step_no': 473, 'loss': 0.1164744645357132, 'accuracy': 0.9612500071525574, 'l2_norm': 0.872879683971405, 'computation_time': 0.039376020431518555, 'batch_time': 0.04479084337071981, 'rtc_check_time': 0.004176000002189539, 'experiment_id': 'exp_20240620_222727', 'client_id': '0'}
[2024-06-20 22:28:47,465][root][INFO] - Added data to batch for client 0: {'round': 5, 'step_no': 474, 'loss': 0.11014558374881744, 'accuracy': 0.9601715803146362, 'l2_norm': 0.8685544729232788, 'computation_time': 0.04503297805786133, 'batch_time': 0.04823192245385144, 'rtc_check_time': 0.0016949999990174547, 'experiment_id': 'exp_20240620_222727', 'client_id': '0'}
[2024-06-20 22:28:47,466][root][INFO] - Added data to batch for client 0: {'round': 5, 'step_no': 475, 'loss': 0.4287129342556, 'accuracy': 0.9591346383094788, 'l2_norm': 0.9180876016616821, 'computation_time': 0.05830788612365723, 'batch_time': 0.06417891987075564, 'rtc_check_time': 0.004051899988553487, 'experiment_id': 'exp_20240620_222727', 'client_id': '0'}
[2024-06-20 22:28:47,468][root][INFO] - Added data to batch for client 0: {'round': 5, 'step_no': 476, 'loss': 0.1110943928360939, 'accuracy': 0.9593160152435303, 'l2_norm': 0.9300501942634583, 'computation_time': 0.044033050537109375, 'batch_time': 0.04678490268997848, 'rtc_check_time': 0.0015897999983280897, 'experiment_id': 'exp_20240620_222727', 'client_id': '0'}
[2024-06-20 22:28:47,469][root][INFO] - Added data to batch for client 0: {'round': 5, 'step_no': 477, 'loss': 0.17448629438877106, 'accuracy': 0.9589120149612427, 'l2_norm': 0.9495106339454651, 'computation_time': 0.041953086853027344, 'batch_time': 0.04542029935691971, 'rtc_check_time': 0.0020851000008406118, 'experiment_id': 'exp_20240620_222727', 'client_id': '0'}
[2024-06-20 22:28:47,470][root][INFO] - Added data to batch for client 0: {'round': 5, 'step_no': 478, 'loss': 0.10059258341789246, 'accuracy': 0.9590908885002136, 'l2_norm': 0.9706757664680481, 'computation_time': 0.041158199310302734, 'batch_time': 0.04487310745753348, 'rtc_check_time': 0.002522099995985627, 'experiment_id': 'exp_20240620_222727', 'client_id': '0'}
[2024-06-20 22:28:47,471][root][INFO] - Added data to batch for client 0: {'round': 5, 'step_no': 479, 'loss': 0.34246766567230225, 'accuracy': 0.9575892686843872, 'l2_norm': 0.989108145236969, 'computation_time': 0.037837982177734375, 'batch_time': 0.04301224308437668, 'rtc_check_time': 0.004146199993556365, 'experiment_id': 'exp_20240620_222727', 'client_id': '0'}
[2024-06-20 22:28:47,472][root][INFO] - Added data to batch for client 0: {'round': 5, 'step_no': 480, 'loss': 0.16543617844581604, 'accuracy': 0.9566885828971863, 'l2_norm': 1.0101262331008911, 'computation_time': 0.04128694534301758, 'batch_time': 0.04494752139726188, 'rtc_check_time': 0.002417700001387857, 'experiment_id': 'exp_20240620_222727', 'client_id': '0'}
[2024-06-20 22:28:47,474][root][INFO] - Added data to batch for client 0: {'round': 5, 'step_no': 481, 'loss': 0.09306301921606064, 'accuracy': 0.9568965435028076, 'l2_norm': 1.0045326948165894, 'computation_time': 0.04795193672180176, 'batch_time': 0.06553538570005912, 'rtc_check_time': 0.016318399997544475, 'experiment_id': 'exp_20240620_222727', 'client_id': '0'}
[2024-06-20 22:28:47,475][root][INFO] - Added data to batch for client 0: {'round': 5, 'step_no': 482, 'loss': 0.05320095643401146, 'accuracy': 0.9576271176338196, 'l2_norm': 1.0046052932739258, 'computation_time': 0.043456077575683594, 'batch_time': 0.04730741956154816, 'rtc_check_time': 0.0024193999997805804, 'experiment_id': 'exp_20240620_222727', 'client_id': '0'}
[2024-06-20 22:28:47,476][root][INFO] - Added data to batch for client 0: {'round': 5, 'step_no': 483, 'loss': 0.028629694133996964, 'accuracy': 0.9583333134651184, 'l2_norm': 1.0094846487045288, 'computation_time': 0.043311119079589844, 'batch_time': 0.04654841976298485, 'rtc_check_time': 0.001832299996749498, 'experiment_id': 'exp_20240620_222727', 'client_id': '0'}
[2024-06-20 22:28:47,477][root][INFO] - Added data to batch for client 0: {'round': 5, 'step_no': 484, 'loss': 0.13832969963550568, 'accuracy': 0.9579917788505554, 'l2_norm': 1.0311553478240967, 'computation_time': 0.04320788383483887, 'batch_time': 0.04820972446759697, 'rtc_check_time': 0.003135499995551072, 'experiment_id': 'exp_20240620_222727', 'client_id': '0'}
[2024-06-20 22:28:47,479][root][INFO] - Added data to batch for client 0: {'round': 5, 'step_no': 485, 'loss': 0.04540073126554489, 'accuracy': 0.9586693644523621, 'l2_norm': 1.032112717628479, 'computation_time': 0.04147005081176758, 'batch_time': 0.04528361851407681, 'rtc_check_time': 0.002780499999062158, 'experiment_id': 'exp_20240620_222727', 'client_id': '0'}
[2024-06-20 22:28:47,480][root][INFO] - Added data to batch for client 0: {'round': 5, 'step_no': 486, 'loss': 0.05108528584241867, 'accuracy': 0.95932537317276, 'l2_norm': 1.0526710748672485, 'computation_time': 0.04409289360046387, 'batch_time': 0.04699392351903953, 'rtc_check_time': 0.0018290999869350344, 'experiment_id': 'exp_20240620_222727', 'client_id': '0'}
[2024-06-20 22:28:47,481][root][INFO] - Added data to batch for client 0: {'round': 5, 'step_no': 487, 'loss': 0.07778120040893555, 'accuracy': 0.95947265625, 'l2_norm': 1.0682510137557983, 'computation_time': 0.04030895233154297, 'batch_time': 0.04861141806759406, 'rtc_check_time': 0.007130400001187809, 'experiment_id': 'exp_20240620_222727', 'client_id': '0'}
[2024-06-20 22:28:47,482][root][INFO] - Added data to batch for client 0: {'round': 5, 'step_no': 488, 'loss': 0.16943679749965668, 'accuracy': 0.9591346383094788, 'l2_norm': 1.0757629871368408, 'computation_time': 0.042433977127075195, 'batch_time': 0.04536037913931068, 'rtc_check_time': 0.0016995000041788444, 'experiment_id': 'exp_20240620_222727', 'client_id': '0'}
[2024-06-20 22:28:47,483][root][INFO] - Added data to batch for client 0: {'round': 5, 'step_no': 489, 'loss': 0.26264849305152893, 'accuracy': 0.9583333134651184, 'l2_norm': 1.1190966367721558, 'computation_time': 0.041352033615112305, 'batch_time': 0.04412814624083694, 'rtc_check_time': 0.0016081000067060813, 'experiment_id': 'exp_20240620_222727', 'client_id': '0'}
[2024-06-20 22:28:47,485][root][INFO] - Added data to batch for client 0: {'round': 5, 'step_no': 490, 'loss': 0.07489699870347977, 'accuracy': 0.9584888219833374, 'l2_norm': 1.1263377666473389, 'computation_time': 0.040532827377319336, 'batch_time': 0.043342241857317276, 'rtc_check_time': 0.0015663000085623935, 'experiment_id': 'exp_20240620_222727', 'client_id': '0'}
[2024-06-20 22:28:47,486][root][INFO] - Added data to batch for client 0: {'round': 5, 'step_no': 491, 'loss': 0.018298085778951645, 'accuracy': 0.959099292755127, 'l2_norm': 1.1221463680267334, 'computation_time': 0.03998994827270508, 'batch_time': 0.04529464468942024, 'rtc_check_time': 0.004046799993375316, 'experiment_id': 'exp_20240620_222727', 'client_id': '0'}
[2024-06-20 22:28:47,487][root][INFO] - Added data to batch for client 0: {'round': 5, 'step_no': 492, 'loss': 0.23076200485229492, 'accuracy': 0.9587862491607666, 'l2_norm': 1.1765729188919067, 'computation_time': 0.04337501525878906, 'batch_time': 0.050481330283218995, 'rtc_check_time': 0.005866299994522706, 'experiment_id': 'exp_20240620_222727', 'client_id': '0'}
[2024-06-20 22:28:47,488][root][INFO] - Added data to batch for client 0: {'round': 5, 'step_no': 493, 'loss': 0.06281360238790512, 'accuracy': 0.9589285850524902, 'l2_norm': 1.1716097593307495, 'computation_time': 0.042742013931274414, 'batch_time': 0.047084731282666326, 'rtc_check_time': 0.0030728999990969896, 'experiment_id': 'exp_20240620_222727', 'client_id': '0'}
[2024-06-20 22:28:47,490][root][INFO] - Added data to batch for client 0: {'round': 5, 'step_no': 494, 'loss': 0.019465383142232895, 'accuracy': 0.9595070481300354, 'l2_norm': 1.1707366704940796, 'computation_time': 0.0387120246887207, 'batch_time': 0.04309650279174093, 'rtc_check_time': 0.0032383999932790175, 'experiment_id': 'exp_20240620_222727', 'client_id': '0'}
[2024-06-20 22:28:47,491][root][INFO] - Added data to batch for client 0: {'round': 5, 'step_no': 495, 'loss': 0.04011791571974754, 'accuracy': 0.9600694179534912, 'l2_norm': 1.1744718551635742, 'computation_time': 0.046547889709472656, 'batch_time': 0.049711178871802986, 'rtc_check_time': 0.0018650999991223216, 'experiment_id': 'exp_20240620_222727', 'client_id': '0'}
[2024-06-20 22:28:47,492][root][INFO] - Added data to batch for client 0: {'round': 5, 'step_no': 496, 'loss': 0.11759300529956818, 'accuracy': 0.9601883292198181, 'l2_norm': 1.2132744789123535, 'computation_time': 0.04450798034667969, 'batch_time': 0.04819040217262227, 'rtc_check_time': 0.002437400005874224, 'experiment_id': 'exp_20240620_222727', 'client_id': '0'}
[2024-06-20 22:28:47,494][root][INFO] - Added data to batch for client 0: {'round': 5, 'step_no': 497, 'loss': 0.19756078720092773, 'accuracy': 0.9598817825317383, 'l2_norm': 1.2596303224563599, 'computation_time': 0.04663801193237305, 'batch_time': 0.04992243877495639, 'rtc_check_time': 0.002067299996269867, 'experiment_id': 'exp_20240620_222727', 'client_id': '0'}
[2024-06-20 22:28:47,496][root][INFO] - Added data to batch for client 0: {'round': 5, 'step_no': 498, 'loss': 0.07020106911659241, 'accuracy': 0.9604166746139526, 'l2_norm': 1.2613449096679688, 'computation_time': 0.04568004608154297, 'batch_time': 0.05075445445254445, 'rtc_check_time': 0.0032424000091850758, 'experiment_id': 'exp_20240620_222727', 'client_id': '0'}
[2024-06-20 22:28:47,497][root][INFO] - Added data to batch for client 0: {'round': 5, 'step_no': 499, 'loss': 0.0537029430270195, 'accuracy': 0.9609375, 'l2_norm': 1.2798385620117188, 'computation_time': 0.04777097702026367, 'batch_time': 0.056598731462145224, 'rtc_check_time': 0.007379599992418662, 'experiment_id': 'exp_20240620_222727', 'client_id': '0'}
[2024-06-20 22:28:47,498][root][INFO] - Added data to batch for client 0: {'round': 5, 'step_no': 500, 'loss': 0.09979699552059174, 'accuracy': 0.9610389471054077, 'l2_norm': 1.3014034032821655, 'computation_time': 0.04909110069274902, 'batch_time': 0.06187737839354668, 'rtc_check_time': 0.01129639999999199, 'experiment_id': 'exp_20240620_222727', 'client_id': '0'}
[2024-06-20 22:28:47,500][root][INFO] - Added data to batch for client 0: {'round': 5, 'step_no': 501, 'loss': 0.11678529530763626, 'accuracy': 0.9607371687889099, 'l2_norm': 1.2937214374542236, 'computation_time': 0.0430300235748291, 'batch_time': 0.04723990388447419, 'rtc_check_time': 0.002819899993482977, 'experiment_id': 'exp_20240620_222727', 'client_id': '0'}
[2024-06-20 22:28:47,501][root][INFO] - Added data to batch for client 0: {'round': 5, 'step_no': 502, 'loss': 0.02501474693417549, 'accuracy': 0.9612341523170471, 'l2_norm': 1.2883220911026, 'computation_time': 0.04720497131347656, 'batch_time': 0.050664869355387054, 'rtc_check_time': 0.0016986999980872497, 'experiment_id': 'exp_20240620_222727', 'client_id': '0'}
[2024-06-20 22:28:47,503][root][INFO] - Added data to batch for client 0: {'round': 5, 'step_no': 503, 'loss': 0.024412887170910835, 'accuracy': 0.961718738079071, 'l2_norm': 1.286428689956665, 'computation_time': 0.04631185531616211, 'batch_time': 0.049429955644882284, 'rtc_check_time': 0.0018818999960785732, 'experiment_id': 'exp_20240620_222727', 'client_id': '0'}
[2024-06-20 22:28:47,504][root][INFO] - Added data to batch for client 0: {'round': 5, 'step_no': 504, 'loss': 0.07600855827331543, 'accuracy': 0.9614197611808777, 'l2_norm': 1.3103537559509277, 'computation_time': 0.04327988624572754, 'batch_time': 0.0478024679759983, 'rtc_check_time': 0.0032685000041965395, 'experiment_id': 'exp_20240620_222727', 'client_id': '0'}
[2024-06-20 22:28:47,506][root][INFO] - Added data to batch for client 0: {'round': 5, 'step_no': 505, 'loss': 0.222014918923378, 'accuracy': 0.9603658318519592, 'l2_norm': 1.394982933998108, 'computation_time': 0.061187028884887695, 'batch_time': 0.06591085479885805, 'rtc_check_time': 0.0026050000014947727, 'experiment_id': 'exp_20240620_222727', 'client_id': '0'}
[2024-06-20 22:28:47,507][root][INFO] - Added data to batch for client 0: {'round': 5, 'step_no': 506, 'loss': 0.24217446148395538, 'accuracy': 0.9600903391838074, 'l2_norm': 1.4447345733642578, 'computation_time': 0.04398989677429199, 'batch_time': 0.04735759711184073, 'rtc_check_time': 0.0021315000049071386, 'experiment_id': 'exp_20240620_222727', 'client_id': '0'}
[2024-06-20 22:28:47,509][root][INFO] - Added data to batch for client 0: {'round': 5, 'step_no': 507, 'loss': 0.2389896959066391, 'accuracy': 0.9598214030265808, 'l2_norm': 1.4315001964569092, 'computation_time': 0.0454869270324707, 'batch_time': 0.048276531539158896, 'rtc_check_time': 0.0014484999992419034, 'experiment_id': 'exp_20240620_222727', 'client_id': '0'}
[2024-06-20 22:28:47,510][root][INFO] - Added data to batch for client 0: {'round': 5, 'step_no': 508, 'loss': 0.31631091237068176, 'accuracy': 0.9588235020637512, 'l2_norm': 1.4805450439453125, 'computation_time': 0.040313005447387695, 'batch_time': 0.043697263739886694, 'rtc_check_time': 0.002256299994769506, 'experiment_id': 'exp_20240620_222727', 'client_id': '0'}
[2024-06-20 22:28:47,512][root][INFO] - Added data to batch for client 0: {'round': 5, 'step_no': 509, 'loss': 0.044063590466976166, 'accuracy': 0.9589389562606812, 'l2_norm': 1.516201376914978, 'computation_time': 0.039044857025146484, 'batch_time': 0.04148708640423138, 'rtc_check_time': 0.0013672000059159473, 'experiment_id': 'exp_20240620_222727', 'client_id': '0'}
[2024-06-20 22:28:47,514][root][INFO] - Added data to batch for client 0: {'round': 5, 'step_no': 510, 'loss': 0.14528396725654602, 'accuracy': 0.9590517282485962, 'l2_norm': 1.4651273488998413, 'computation_time': 0.04236912727355957, 'batch_time': 0.045359866751823574, 'rtc_check_time': 0.001672999991569668, 'experiment_id': 'exp_20240620_222727', 'client_id': '0'}
[2024-06-20 22:28:47,516][root][INFO] - Added data to batch for client 0: {'round': 5, 'step_no': 511, 'loss': 0.15469865500926971, 'accuracy': 0.9588068127632141, 'l2_norm': 1.4878222942352295, 'computation_time': 0.04228997230529785, 'batch_time': 0.04491292948659975, 'rtc_check_time': 0.0014888000005157664, 'experiment_id': 'exp_20240620_222727', 'client_id': '0'}
[2024-06-20 22:28:47,518][root][INFO] - Added data to batch for client 0: {'round': 5, 'step_no': 512, 'loss': 0.27448010444641113, 'accuracy': 0.9585674405097961, 'l2_norm': 1.4903881549835205, 'computation_time': 0.0417780876159668, 'batch_time': 0.04585882376704831, 'rtc_check_time': 0.0030006999877514318, 'experiment_id': 'exp_20240620_222727', 'client_id': '0'}
[2024-06-20 22:28:47,519][root][INFO] - Added data to batch for client 0: {'round': 5, 'step_no': 513, 'loss': 0.33294206857681274, 'accuracy': 0.9576388597488403, 'l2_norm': 1.5233197212219238, 'computation_time': 0.03882598876953125, 'batch_time': 0.04152589042496402, 'rtc_check_time': 0.0016418000013800338, 'experiment_id': 'exp_20240620_222727', 'client_id': '0'}
[2024-06-20 22:28:47,520][root][INFO] - Added data to batch for client 0: {'round': 5, 'step_no': 514, 'loss': 0.3273170292377472, 'accuracy': 0.9570741653442383, 'l2_norm': 1.549195408821106, 'computation_time': 0.03931593894958496, 'batch_time': 0.044615069520659745, 'rtc_check_time': 0.0041880999924615026, 'experiment_id': 'exp_20240620_222727', 'client_id': '0'}
[2024-06-20 22:28:47,522][root][INFO] - Added data to batch for client 0: {'round': 5, 'step_no': 515, 'loss': 0.05864281952381134, 'accuracy': 0.9572010636329651, 'l2_norm': 1.545554757118225, 'computation_time': 0.04627394676208496, 'batch_time': 0.05257753990008496, 'rtc_check_time': 0.004728600004455075, 'experiment_id': 'exp_20240620_222727', 'client_id': '0'}
[2024-06-20 22:28:47,524][root][INFO] - Added data to batch for client 0: {'round': 5, 'step_no': 516, 'loss': 0.12236282974481583, 'accuracy': 0.957325279712677, 'l2_norm': 1.5616416931152344, 'computation_time': 0.04204201698303223, 'batch_time': 0.05142302587046288, 'rtc_check_time': 0.008106900000711903, 'experiment_id': 'exp_20240620_222727', 'client_id': '0'}
[2024-06-20 22:28:47,526][root][INFO] - Added data to batch for client 0: {'round': 5, 'step_no': 517, 'loss': 0.2937352657318115, 'accuracy': 0.9567819237709045, 'l2_norm': 1.589209794998169, 'computation_time': 0.04326200485229492, 'batch_time': 0.046988939051516354, 'rtc_check_time': 0.002507900004275143, 'experiment_id': 'exp_20240620_222727', 'client_id': '0'}
[2024-06-20 22:28:47,528][root][INFO] - Added data to batch for client 0: {'round': 5, 'step_no': 518, 'loss': 0.18806585669517517, 'accuracy': 0.956250011920929, 'l2_norm': 1.6164954900741577, 'computation_time': 0.04274415969848633, 'batch_time': 0.04878727825416718, 'rtc_check_time': 0.004737299997941591, 'experiment_id': 'exp_20240620_222727', 'client_id': '0'}
[2024-06-20 22:28:47,529][root][INFO] - Added data to batch for client 0: {'round': 5, 'step_no': 519, 'loss': 0.028878696262836456, 'accuracy': 0.9567057490348816, 'l2_norm': 1.6105672121047974, 'computation_time': 0.0516510009765625, 'batch_time': 0.055523546019685455, 'rtc_check_time': 0.002329499999177642, 'experiment_id': 'exp_20240620_222727', 'client_id': '0'}
[2024-06-20 22:28:47,531][root][INFO] - Added data to batch for client 0: {'round': 5, 'step_no': 520, 'loss': 0.18327060341835022, 'accuracy': 0.9568299055099487, 'l2_norm': 1.6258878707885742, 'computation_time': 0.040316104888916016, 'batch_time': 0.059861404486582614, 'rtc_check_time': 0.01839040000049863, 'experiment_id': 'exp_20240620_222727', 'client_id': '0'}
[2024-06-20 22:28:47,533][root][INFO] - Added data to batch for client 0: {'round': 5, 'step_no': 521, 'loss': 0.03374769911170006, 'accuracy': 0.9572703838348389, 'l2_norm': 1.622071385383606, 'computation_time': 0.048033952713012695, 'batch_time': 0.05127442865341436, 'rtc_check_time': 0.0017835000035120174, 'experiment_id': 'exp_20240620_222727', 'client_id': '0'}
[2024-06-20 22:28:47,534][root][INFO] - Added data to batch for client 0: {'round': 5, 'step_no': 522, 'loss': 0.2976306974887848, 'accuracy': 0.9567550420761108, 'l2_norm': 1.6985739469528198, 'computation_time': 0.04665994644165039, 'batch_time': 0.05030528984207194, 'rtc_check_time': 0.0023493000044254586, 'experiment_id': 'exp_20240620_222727', 'client_id': '0'}
[2024-06-20 22:28:47,536][root][INFO] - Added data to batch for client 0: {'round': 5, 'step_no': 523, 'loss': 0.17567995190620422, 'accuracy': 0.956250011920929, 'l2_norm': 1.6996906995773315, 'computation_time': 0.04420113563537598, 'batch_time': 0.04756764500052668, 'rtc_check_time': 0.002137700008461252, 'experiment_id': 'exp_20240620_222727', 'client_id': '0'}
[2024-06-20 22:28:47,537][root][INFO] - Added data to batch for client 0: {'round': 5, 'step_no': 524, 'loss': 0.03242665156722069, 'accuracy': 0.9566831588745117, 'l2_norm': 1.707704782485962, 'computation_time': 0.03880000114440918, 'batch_time': 0.041644396565970965, 'rtc_check_time': 0.0017943999991985038, 'experiment_id': 'exp_20240620_222727', 'client_id': '0'}
[2024-06-20 22:28:47,539][root][INFO] - Added data to batch for client 0: {'round': 5, 'step_no': 525, 'loss': 0.23828141391277313, 'accuracy': 0.9564951062202454, 'l2_norm': 1.7339351177215576, 'computation_time': 0.0443570613861084, 'batch_time': 0.04828421771526337, 'rtc_check_time': 0.002660199999809265, 'experiment_id': 'exp_20240620_222727', 'client_id': '0'}
[2024-06-20 22:28:47,540][root][INFO] - Added data to batch for client 0: {'round': 5, 'step_no': 526, 'loss': 0.031650856137275696, 'accuracy': 0.9569174647331238, 'l2_norm': 1.7405287027359009, 'computation_time': 0.03960013389587402, 'batch_time': 0.04402704029052984, 'rtc_check_time': 0.0032670000073267147, 'experiment_id': 'exp_20240620_222727', 'client_id': '0'}
[2024-06-20 22:28:47,543][root][INFO] - Added data to batch for client 0: {'round': 5, 'step_no': 527, 'loss': 0.258065402507782, 'accuracy': 0.95703125, 'l2_norm': 1.7835158109664917, 'computation_time': 0.04130196571350098, 'batch_time': 0.04492989199934527, 'rtc_check_time': 0.0024076999980024993, 'experiment_id': 'exp_20240620_222727', 'client_id': '0'}
[2024-06-20 22:28:47,545][root][INFO] - Added data to batch for client 0: {'round': 5, 'step_no': 528, 'loss': 0.11199057102203369, 'accuracy': 0.9571428298950195, 'l2_norm': 1.81807279586792, 'computation_time': 0.04203510284423828, 'batch_time': 0.04689375434827525, 'rtc_check_time': 0.003735699996468611, 'experiment_id': 'exp_20240620_222727', 'client_id': '0'}
[2024-06-20 22:28:47,547][root][INFO] - Added data to batch for client 0: {'round': 5, 'step_no': 529, 'loss': 0.09579026699066162, 'accuracy': 0.9572523832321167, 'l2_norm': 1.8224397897720337, 'computation_time': 0.04112100601196289, 'batch_time': 0.044437084026867524, 'rtc_check_time': 0.002212199993664399, 'experiment_id': 'exp_20240620_222727', 'client_id': '0'}
[2024-06-20 22:28:47,549][root][INFO] - Added data to batch for client 0: {'round': 5, 'step_no': 530, 'loss': 0.11014103889465332, 'accuracy': 0.957359790802002, 'l2_norm': 1.8144351243972778, 'computation_time': 0.04283404350280762, 'batch_time': 0.045671292682527564, 'rtc_check_time': 0.0017440999945392832, 'experiment_id': 'exp_20240620_222727', 'client_id': '0'}
[2024-06-20 22:28:47,551][root][INFO] - Added data to batch for client 0: {'round': 5, 'step_no': 531, 'loss': 0.19653207063674927, 'accuracy': 0.9571759104728699, 'l2_norm': 1.8320022821426392, 'computation_time': 0.04192495346069336, 'batch_time': 0.04646177472022828, 'rtc_check_time': 0.003288699997938238, 'experiment_id': 'exp_20240620_222727', 'client_id': '0'}
[2024-06-20 22:28:47,553][root][INFO] - Added data to batch for client 0: {'round': 5, 'step_no': 532, 'loss': 0.238910973072052, 'accuracy': 0.9567087292671204, 'l2_norm': 1.8501427173614502, 'computation_time': 0.04327511787414551, 'batch_time': 0.04950249579269439, 'rtc_check_time': 0.0049094000132754445, 'experiment_id': 'exp_20240620_222727', 'client_id': '0'}
[2024-06-20 22:28:47,555][root][INFO] - Added data to batch for client 0: {'round': 5, 'step_no': 533, 'loss': 0.04084434360265732, 'accuracy': 0.9571022987365723, 'l2_norm': 1.847548007965088, 'computation_time': 0.04329705238342285, 'batch_time': 0.04938758164644241, 'rtc_check_time': 0.004801400005817413, 'experiment_id': 'exp_20240620_222727', 'client_id': '0'}
[2024-06-20 22:28:47,557][root][INFO] - Added data to batch for client 0: {'round': 5, 'step_no': 534, 'loss': 0.0536259189248085, 'accuracy': 0.957207202911377, 'l2_norm': 1.8558297157287598, 'computation_time': 0.041496992111206055, 'batch_time': 0.044680138686089776, 'rtc_check_time': 0.001990100005059503, 'experiment_id': 'exp_20240620_222727', 'client_id': '0'}
[2024-06-20 22:28:47,559][root][INFO] - Added data to batch for client 0: {'round': 5, 'step_no': 535, 'loss': 0.1050938069820404, 'accuracy': 0.9573102593421936, 'l2_norm': 1.8725134134292603, 'computation_time': 0.04461789131164551, 'batch_time': 0.04826307653274853, 'rtc_check_time': 0.0020689999946625903, 'experiment_id': 'exp_20240620_222727', 'client_id': '0'}
[2024-06-20 22:28:47,561][root][INFO] - Added data to batch for client 0: {'round': 5, 'step_no': 536, 'loss': 0.04291464388370514, 'accuracy': 0.95768803358078, 'l2_norm': 1.880337119102478, 'computation_time': 0.0431210994720459, 'batch_time': 0.04776504462643061, 'rtc_check_time': 0.0033149999944726005, 'experiment_id': 'exp_20240620_222727', 'client_id': '0'}
[2024-06-20 22:28:47,563][root][INFO] - Added data to batch for client 0: {'round': 5, 'step_no': 537, 'loss': 0.02816471830010414, 'accuracy': 0.9580591917037964, 'l2_norm': 1.879677414894104, 'computation_time': 0.044255971908569336, 'batch_time': 0.05170547094894573, 'rtc_check_time': 0.006291500001680106, 'experiment_id': 'exp_20240620_222727', 'client_id': '0'}
[2024-06-20 22:28:47,564][root][INFO] - Added data to batch for client 0: {'round': 5, 'step_no': 538, 'loss': 0.007145465351641178, 'accuracy': 0.958423912525177, 'l2_norm': 1.8807871341705322, 'computation_time': 0.04504203796386719, 'batch_time': 0.0547129897022387, 'rtc_check_time': 0.008165099992766045, 'experiment_id': 'exp_20240620_222727', 'client_id': '0'}
[2024-06-20 22:28:47,567][root][INFO] - Added data to batch for client 0: {'round': 5, 'step_no': 539, 'loss': 0.07033415138721466, 'accuracy': 0.9585129022598267, 'l2_norm': 1.8979164361953735, 'computation_time': 0.04857301712036133, 'batch_time': 0.05284200039750431, 'rtc_check_time': 0.0028100999916205183, 'experiment_id': 'exp_20240620_222727', 'client_id': '0'}
[2024-06-20 22:28:47,569][root][INFO] - Added data to batch for client 0: {'round': 5, 'step_no': 540, 'loss': 0.017790477722883224, 'accuracy': 0.9588675498962402, 'l2_norm': 1.9030019044876099, 'computation_time': 0.052845001220703125, 'batch_time': 0.05556669467478059, 'rtc_check_time': 0.0015327000000979751, 'experiment_id': 'exp_20240620_222727', 'client_id': '0'}
[2024-06-20 22:28:47,572][root][INFO] - Added data to batch for client 0: {'round': 5, 'step_no': 541, 'loss': 0.062075503170490265, 'accuracy': 0.9589512944221497, 'l2_norm': 1.945095181465149, 'computation_time': 0.05732893943786621, 'batch_time': 0.06075609062099829, 'rtc_check_time': 0.0019181999959982932, 'experiment_id': 'exp_20240620_222727', 'client_id': '0'}
[2024-06-20 22:28:47,574][root][INFO] - Added data to batch for client 0: {'round': 5, 'step_no': 542, 'loss': 0.09367555379867554, 'accuracy': 0.9590336084365845, 'l2_norm': 1.998684287071228, 'computation_time': 0.05854606628417969, 'batch_time': 0.06373567444097716, 'rtc_check_time': 0.0031856999994488433, 'experiment_id': 'exp_20240620_222727', 'client_id': '0'}
[2024-06-20 22:28:47,575][root][INFO] - Added data to batch for client 0: {'round': 5, 'step_no': 543, 'loss': 0.032009489834308624, 'accuracy': 0.9593750238418579, 'l2_norm': 2.020000457763672, 'computation_time': 0.05573606491088867, 'batch_time': 0.05853449649293907, 'rtc_check_time': 0.0014795000024605542, 'experiment_id': 'exp_20240620_222727', 'client_id': '0'}
[2024-06-20 22:28:47,577][root][INFO] - Added data to batch for client 0: {'round': 5, 'step_no': 544, 'loss': 0.2496020644903183, 'accuracy': 0.9594524502754211, 'l2_norm': 2.055283308029175, 'computation_time': 0.05005002021789551, 'batch_time': 0.059684204708901234, 'rtc_check_time': 0.00813930000003893, 'experiment_id': 'exp_20240620_222727', 'client_id': '0'}
[2024-06-20 22:28:47,578][root][INFO] - Added data to batch for client 0: {'round': 5, 'step_no': 545, 'loss': 0.0412980318069458, 'accuracy': 0.9597848653793335, 'l2_norm': 2.0666720867156982, 'computation_time': 0.0649271011352539, 'batch_time': 0.07175968486990314, 'rtc_check_time': 0.00516270000662189, 'experiment_id': 'exp_20240620_222727', 'client_id': '0'}
[2024-06-20 22:28:47,580][root][INFO] - Added data to batch for client 0: {'round': 5, 'step_no': 546, 'loss': 0.08082866668701172, 'accuracy': 0.959857702255249, 'l2_norm': 2.0609402656555176, 'computation_time': 0.06349802017211914, 'batch_time': 0.08183186883979943, 'rtc_check_time': 0.016682800007401966, 'experiment_id': 'exp_20240620_222727', 'client_id': '0'}
[2024-06-20 22:28:47,582][root][INFO] - Added data to batch for client 0: {'round': 5, 'step_no': 547, 'loss': 0.2357785403728485, 'accuracy': 0.9596773982048035, 'l2_norm': 2.1422717571258545, 'computation_time': 0.06580591201782227, 'batch_time': 0.06969868410669733, 'rtc_check_time': 0.002115600000252016, 'experiment_id': 'exp_20240620_222727', 'client_id': '0'}
[2024-06-20 22:28:47,584][root][INFO] - Added data to batch for client 0: {'round': 5, 'step_no': 548, 'loss': 0.08006968349218369, 'accuracy': 0.9595000147819519, 'l2_norm': 2.161437749862671, 'computation_time': 0.06165194511413574, 'batch_time': 0.06514299025002401, 'rtc_check_time': 0.001905800003441982, 'experiment_id': 'exp_20240620_222727', 'client_id': '0'}
[2024-06-20 22:28:47,585][root][INFO] - Added data to batch for client 0: {'round': 5, 'step_no': 549, 'loss': 0.1661079078912735, 'accuracy': 0.95932537317276, 'l2_norm': 2.1839115619659424, 'computation_time': 0.05620694160461426, 'batch_time': 0.06981095008086413, 'rtc_check_time': 0.01198609999846667, 'experiment_id': 'exp_20240620_222727', 'client_id': '0'}
[2024-06-20 22:28:47,587][root][INFO] - Added data to batch for client 0: {'round': 5, 'step_no': 550, 'loss': 0.11088594794273376, 'accuracy': 0.9591535329818726, 'l2_norm': 2.223942279815674, 'computation_time': 0.05582284927368164, 'batch_time': 0.05884580577549059, 'rtc_check_time': 0.0016715999954612926, 'experiment_id': 'exp_20240620_222727', 'client_id': '0'}
[2024-06-20 22:28:47,588][root][INFO] - Added data to batch for client 0: {'round': 5, 'step_no': 551, 'loss': 0.23983894288539886, 'accuracy': 0.958740234375, 'l2_norm': 2.2514305114746094, 'computation_time': 0.04829287528991699, 'batch_time': 0.05826622909808066, 'rtc_check_time': 0.00856430000567343, 'experiment_id': 'exp_20240620_222727', 'client_id': '0'}
[2024-06-20 22:28:47,589][root][INFO] - Added data to batch for client 0: {'round': 5, 'step_no': 552, 'loss': 0.3527171015739441, 'accuracy': 0.9585756063461304, 'l2_norm': 2.259143114089966, 'computation_time': 0.05100393295288086, 'batch_time': 0.06261374504538253, 'rtc_check_time': 0.010091800999362022, 'experiment_id': 'exp_20240620_222727', 'client_id': '0'}
[2024-06-20 22:28:47,591][root][INFO] - Added data to batch for client 0: {'round': 5, 'step_no': 553, 'loss': 0.14264240860939026, 'accuracy': 0.9584134817123413, 'l2_norm': 2.2866201400756836, 'computation_time': 0.0528719425201416, 'batch_time': 0.058761895445059054, 'rtc_check_time': 0.004091800001333468, 'experiment_id': 'exp_20240620_222727', 'client_id': '0'}
[2024-06-20 22:28:47,594][root][INFO] - Added data to batch for client 0: {'round': 5, 'step_no': 554, 'loss': 0.15424682199954987, 'accuracy': 0.958253800868988, 'l2_norm': 2.318188428878784, 'computation_time': 0.05142021179199219, 'batch_time': 0.05485937879711855, 'rtc_check_time': 0.001932600003783591, 'experiment_id': 'exp_20240620_222727', 'client_id': '0'}
[2024-06-20 22:28:47,596][root][INFO] - Added data to batch for client 0: {'round': 5, 'step_no': 555, 'loss': 0.06406868994235992, 'accuracy': 0.9585700631141663, 'l2_norm': 2.322976589202881, 'computation_time': 0.053987979888916016, 'batch_time': 0.0652499317220645, 'rtc_check_time': 0.009713899999042042, 'experiment_id': 'exp_20240620_222727', 'client_id': '0'}
[2024-06-20 22:28:47,597][root][INFO] - Added data to batch for client 0: {'round': 5, 'step_no': 556, 'loss': 0.07838115841150284, 'accuracy': 0.9588815569877625, 'l2_norm': 2.3278274536132812, 'computation_time': 0.05239510536193848, 'batch_time': 0.05661656706070062, 'rtc_check_time': 0.0028135999891674146, 'experiment_id': 'exp_20240620_222727', 'client_id': '0'}
[2024-06-20 22:28:47,599][root][INFO] - Added data to batch for client 0: {'round': 5, 'step_no': 557, 'loss': 0.08316421508789062, 'accuracy': 0.9589552283287048, 'l2_norm': 2.334890604019165, 'computation_time': 0.05646109580993652, 'batch_time': 0.06023177572933491, 'rtc_check_time': 0.0020369000121718273, 'experiment_id': 'exp_20240620_222727', 'client_id': '0'}
[2024-06-20 22:28:47,601][root][INFO] - Added data to batch for client 0: {'round': 5, 'step_no': 558, 'loss': 0.3675971031188965, 'accuracy': 0.958564817905426, 'l2_norm': 2.3839306831359863, 'computation_time': 0.05742812156677246, 'batch_time': 0.06029124571068678, 'rtc_check_time': 0.0015883000014582649, 'experiment_id': 'exp_20240620_222727', 'client_id': '0'}
[2024-06-20 22:28:47,603][root][INFO] - Added data to batch for client 0: {'round': 5, 'step_no': 559, 'loss': 0.25293731689453125, 'accuracy': 0.9581801295280457, 'l2_norm': 2.40511417388916, 'computation_time': 0.06155991554260254, 'batch_time': 0.06629902435815893, 'rtc_check_time': 0.002696100011235103, 'experiment_id': 'exp_20240620_222727', 'client_id': '0'}
[2024-06-20 22:28:47,604][root][INFO] - Added data to batch for client 0: {'round': 5, 'step_no': 560, 'loss': 0.08435550332069397, 'accuracy': 0.9584854245185852, 'l2_norm': 2.4333598613739014, 'computation_time': 0.047380924224853516, 'batch_time': 0.06363131976104341, 'rtc_check_time': 0.014603399991756305, 'experiment_id': 'exp_20240620_222727', 'client_id': '0'}
[2024-06-20 22:28:47,607][root][INFO] - Added data to batch for client 0: {'round': 5, 'step_no': 561, 'loss': 0.1677827537059784, 'accuracy': 0.9583333134651184, 'l2_norm': 2.4257938861846924, 'computation_time': 0.049249887466430664, 'batch_time': 0.057449142026598565, 'rtc_check_time': 0.006965199994738214, 'experiment_id': 'exp_20240620_222727', 'client_id': '0'}
[2024-06-20 22:28:47,610][root][INFO] - Added data to batch for client 0: {'round': 5, 'step_no': 562, 'loss': 0.10216885060071945, 'accuracy': 0.9581834673881531, 'l2_norm': 2.4369735717773438, 'computation_time': 0.04777717590332031, 'batch_time': 0.052986724593210965, 'rtc_check_time': 0.0038148000021465123, 'experiment_id': 'exp_20240620_222727', 'client_id': '0'}
[2024-06-20 22:28:47,615][root][INFO] - Added data to batch for client 0: {'round': 5, 'step_no': 563, 'loss': 0.11355496197938919, 'accuracy': 0.9582589268684387, 'l2_norm': 2.4620273113250732, 'computation_time': 0.1167449951171875, 'batch_time': 0.12404222822806332, 'rtc_check_time': 0.005517199999303557, 'experiment_id': 'exp_20240620_222727', 'client_id': '0'}
[2024-06-20 22:28:47,617][root][INFO] - Added data to batch for client 0: {'round': 5, 'step_no': 564, 'loss': 0.07460790127515793, 'accuracy': 0.9583333134651184, 'l2_norm': 2.476412773132324, 'computation_time': 0.07188606262207031, 'batch_time': 0.07811411369766574, 'rtc_check_time': 0.004505000004428439, 'experiment_id': 'exp_20240620_222727', 'client_id': '0'}
[2024-06-20 22:28:47,619][root][INFO] - Added data to batch for client 0: {'round': 5, 'step_no': 565, 'loss': 0.17174723744392395, 'accuracy': 0.9581866264343262, 'l2_norm': 2.5149316787719727, 'computation_time': 0.07987809181213379, 'batch_time': 0.09332373007782735, 'rtc_check_time': 0.01190760001190938, 'experiment_id': 'exp_20240620_222727', 'client_id': '0'}
[2024-06-20 22:28:47,621][root][INFO] - Added data to batch for client 0: {'round': 5, 'step_no': 566, 'loss': 0.028890296816825867, 'accuracy': 0.9584790468215942, 'l2_norm': 2.521937608718872, 'computation_time': 0.06558704376220703, 'batch_time': 0.06881175794114824, 'rtc_check_time': 0.0018519000004744157, 'experiment_id': 'exp_20240620_222727', 'client_id': '0'}
[2024-06-20 22:28:47,623][root][INFO] - Added data to batch for client 0: {'round': 5, 'step_no': 567, 'loss': 0.04008960723876953, 'accuracy': 0.9585503339767456, 'l2_norm': 2.513681650161743, 'computation_time': 0.0498499870300293, 'batch_time': 0.056820393991074525, 'rtc_check_time': 0.005210401010117494, 'experiment_id': 'exp_20240620_222727', 'client_id': '0'}
[2024-06-20 22:28:47,625][root][INFO] - Added data to batch for client 0: {'round': 5, 'step_no': 568, 'loss': 0.11849536001682281, 'accuracy': 0.9584051966667175, 'l2_norm': 2.5702903270721436, 'computation_time': 0.06347918510437012, 'batch_time': 0.06763061428500805, 'rtc_check_time': 0.002093400005833246, 'experiment_id': 'exp_20240620_222727', 'client_id': '0'}
[2024-06-20 22:28:47,626][root][INFO] - Added data to batch for client 0: {'round': 5, 'step_no': 569, 'loss': 0.006879398133605719, 'accuracy': 0.9586900472640991, 'l2_norm': 2.5707128047943115, 'computation_time': 0.0542299747467041, 'batch_time': 0.05771784445096273, 'rtc_check_time': 0.002038999999058433, 'experiment_id': 'exp_20240620_222727', 'client_id': '0'}
[2024-06-20 22:28:47,628][root][INFO] - Added data to batch for client 0: {'round': 5, 'step_no': 570, 'loss': 0.08157354593276978, 'accuracy': 0.958758533000946, 'l2_norm': 2.596781015396118, 'computation_time': 0.05701398849487305, 'batch_time': 0.06392037187470123, 'rtc_check_time': 0.005405300005804747, 'experiment_id': 'exp_20240620_222727', 'client_id': '0'}
[2024-06-20 22:28:47,630][root][INFO] - Added data to batch for client 0: {'round': 5, 'step_no': 571, 'loss': 0.05933017656207085, 'accuracy': 0.9588260054588318, 'l2_norm': 2.608245849609375, 'computation_time': 0.062342166900634766, 'batch_time': 0.07423098775325343, 'rtc_check_time': 0.010296899999957532, 'experiment_id': 'exp_20240620_222727', 'client_id': '0'}
[2024-06-20 22:28:47,631][root][INFO] - Added data to batch for client 0: {'round': 5, 'step_no': 572, 'loss': 0.21641826629638672, 'accuracy': 0.9584731459617615, 'l2_norm': 2.670212745666504, 'computation_time': 0.07394003868103027, 'batch_time': 0.0773474291927414, 'rtc_check_time': 0.0017324999935226515, 'experiment_id': 'exp_20240620_222727', 'client_id': '0'}
[2024-06-20 22:28:47,633][root][INFO] - Added data to batch for client 0: {'round': 5, 'step_no': 573, 'loss': 0.08547280728816986, 'accuracy': 0.9585416913032532, 'l2_norm': 2.6648406982421875, 'computation_time': 0.05364799499511719, 'batch_time': 0.05665959886391647, 'rtc_check_time': 0.0017096000083256513, 'experiment_id': 'exp_20240620_222727', 'client_id': '0'}
[2024-06-20 22:28:47,635][root][INFO] - Added data to batch for client 0: {'round': 5, 'step_no': 574, 'loss': 0.05593910813331604, 'accuracy': 0.9586092829704285, 'l2_norm': 2.6568310260772705, 'computation_time': 0.059710025787353516, 'batch_time': 0.06265656107279938, 'rtc_check_time': 0.0014774000010220334, 'experiment_id': 'exp_20240620_222727', 'client_id': '0'}
[2024-06-20 22:28:47,637][root][INFO] - Added data to batch for client 0: {'round': 5, 'step_no': 575, 'loss': 0.08674100041389465, 'accuracy': 0.9586759805679321, 'l2_norm': 2.6822683811187744, 'computation_time': 0.056616783142089844, 'batch_time': 0.0692151311377529, 'rtc_check_time': 0.010730100009823218, 'experiment_id': 'exp_20240620_222727', 'client_id': '0'}
[2024-06-20 22:28:47,638][root][INFO] - Added data to batch for client 0: {'round': 5, 'step_no': 576, 'loss': 0.07601068913936615, 'accuracy': 0.9589460492134094, 'l2_norm': 2.715090036392212, 'computation_time': 0.08793902397155762, 'batch_time': 0.10646665807871614, 'rtc_check_time': 0.015728599988506176, 'experiment_id': 'exp_20240620_222727', 'client_id': '0'}
[2024-06-20 22:28:47,640][root][INFO] - Added data to batch for client 0: {'round': 5, 'step_no': 577, 'loss': 0.014025120064616203, 'accuracy': 0.9592126607894897, 'l2_norm': 2.7149689197540283, 'computation_time': 0.10025811195373535, 'batch_time': 0.11273655138211325, 'rtc_check_time': 0.007958500005770475, 'experiment_id': 'exp_20240620_222727', 'client_id': '0'}
[2024-06-20 22:28:47,641][root][INFO] - Added data to batch for client 0: {'round': 5, 'step_no': 578, 'loss': 0.08789205551147461, 'accuracy': 0.959274172782898, 'l2_norm': 2.736577033996582, 'computation_time': 0.1314089298248291, 'batch_time': 0.13867484587535728, 'rtc_check_time': 0.00338470000133384, 'experiment_id': 'exp_20240620_222727', 'client_id': '0'}
[2024-06-20 22:28:47,643][root][INFO] - Added data to batch for client 0: {'round': 5, 'step_no': 579, 'loss': 0.3747008740901947, 'accuracy': 0.9589343070983887, 'l2_norm': 2.770115852355957, 'computation_time': 0.12090492248535156, 'batch_time': 0.13543560296238866, 'rtc_check_time': 0.010574600994004868, 'experiment_id': 'exp_20240620_222727', 'client_id': '0'}
[2024-06-20 22:28:47,644][root][INFO] - Added data to batch for client 0: {'round': 5, 'step_no': 580, 'loss': 0.14198996126651764, 'accuracy': 0.9587977528572083, 'l2_norm': 2.8317508697509766, 'computation_time': 0.11964702606201172, 'batch_time': 0.12432641364284791, 'rtc_check_time': 0.002518599998438731, 'experiment_id': 'exp_20240620_222727', 'client_id': '0'}
[2024-06-20 22:28:47,646][root][INFO] - Added data to batch for client 0: {'round': 5, 'step_no': 581, 'loss': 0.03736414387822151, 'accuracy': 0.9590585231781006, 'l2_norm': 2.8397512435913086, 'computation_time': 0.06077885627746582, 'batch_time': 0.06868517797556706, 'rtc_check_time': 0.006447199993999675, 'experiment_id': 'exp_20240620_222727', 'client_id': '0'}
[2024-06-20 22:28:47,649][root][INFO] - Added data to batch for client 0: {'round': 5, 'step_no': 582, 'loss': 0.21923144161701202, 'accuracy': 0.9591194987297058, 'l2_norm': 2.8576114177703857, 'computation_time': 0.050599098205566406, 'batch_time': 0.05701906704052817, 'rtc_check_time': 0.004582000008667819, 'experiment_id': 'exp_20240620_222727', 'client_id': '0'}
[2024-06-20 22:28:47,651][root][INFO] - Added data to batch for client 0: {'round': 5, 'step_no': 583, 'loss': 0.05796157568693161, 'accuracy': 0.9593750238418579, 'l2_norm': 2.8889081478118896, 'computation_time': 0.050766944885253906, 'batch_time': 0.054076416534371674, 'rtc_check_time': 0.0017433000029996037, 'experiment_id': 'exp_20240620_222727', 'client_id': '0'}
[2024-06-20 22:28:47,653][root][INFO] - Added data to batch for client 0: {'round': 5, 'step_no': 584, 'loss': 0.0855218693614006, 'accuracy': 0.9594332575798035, 'l2_norm': 2.954470157623291, 'computation_time': 0.05333399772644043, 'batch_time': 0.059104675077833235, 'rtc_check_time': 0.004449600004591048, 'experiment_id': 'exp_20240620_222727', 'client_id': '0'}
[2024-06-20 22:28:47,654][root][INFO] - Added data to batch for client 0: {'round': 5, 'step_no': 585, 'loss': 0.46330317854881287, 'accuracy': 0.9591049551963806, 'l2_norm': 2.966174840927124, 'computation_time': 0.05955696105957031, 'batch_time': 0.07086717215133831, 'rtc_check_time': 0.009792199998628348, 'experiment_id': 'exp_20240620_222727', 'client_id': '0'}
[2024-06-20 22:28:47,656][root][INFO] - Added data to batch for client 0: {'round': 5, 'step_no': 586, 'loss': 0.16247540712356567, 'accuracy': 0.9591640830039978, 'l2_norm': 3.003448247909546, 'computation_time': 0.05222511291503906, 'batch_time': 0.06147792949923314, 'rtc_check_time': 0.00780799999483861, 'experiment_id': 'exp_20240620_222727', 'client_id': '0'}
[2024-06-20 22:28:47,658][root][INFO] - Added data to batch for client 0: {'round': 5, 'step_no': 587, 'loss': 0.07873222231864929, 'accuracy': 0.9592225551605225, 'l2_norm': 3.0108869075775146, 'computation_time': 0.05351114273071289, 'batch_time': 0.05728800411452539, 'rtc_check_time': 0.0019829999946523458, 'experiment_id': 'exp_20240620_222727', 'client_id': '0'}
[2024-06-20 22:28:47,659][root][INFO] - Added data to batch for client 0: {'round': 5, 'step_no': 588, 'loss': 0.3170131742954254, 'accuracy': 0.9589015245437622, 'l2_norm': 3.073521137237549, 'computation_time': 0.05073881149291992, 'batch_time': 0.05463810371293221, 'rtc_check_time': 0.002489999998942949, 'experiment_id': 'exp_20240620_222727', 'client_id': '0'}
[2024-06-20 22:28:47,661][root][INFO] - Added data to batch for client 0: {'round': 5, 'step_no': 589, 'loss': 0.13141459226608276, 'accuracy': 0.958772599697113, 'l2_norm': 3.1341660022735596, 'computation_time': 0.06745386123657227, 'batch_time': 0.0712347961962223, 'rtc_check_time': 0.0019257999956607819, 'experiment_id': 'exp_20240620_222727', 'client_id': '0'}
[2024-06-20 22:28:47,663][root][INFO] - Added data to batch for client 0: {'round': 5, 'step_no': 590, 'loss': 0.08223051577806473, 'accuracy': 0.958832323551178, 'l2_norm': 3.175302743911743, 'computation_time': 0.058042049407958984, 'batch_time': 0.0622684139671037, 'rtc_check_time': 0.0025354999961564317, 'experiment_id': 'exp_20240620_222727', 'client_id': '0'}
[2024-06-20 22:28:47,665][root][INFO] - Added data to batch for client 0: {'round': 5, 'step_no': 591, 'loss': 0.04282860830426216, 'accuracy': 0.9590773582458496, 'l2_norm': 3.1990504264831543, 'computation_time': 0.056459903717041016, 'batch_time': 0.06546704471111298, 'rtc_check_time': 0.006972000002861023, 'experiment_id': 'exp_20240620_222727', 'client_id': '0'}
[2024-06-20 22:28:47,667][root][INFO] - Added data to batch for client 0: {'round': 5, 'step_no': 592, 'loss': 0.049728117883205414, 'accuracy': 0.959319531917572, 'l2_norm': 3.1840786933898926, 'computation_time': 0.045578956604003906, 'batch_time': 0.05223315935290884, 'rtc_check_time': 0.005346000005374663, 'experiment_id': 'exp_20240620_222727', 'client_id': '0'}
[2024-06-20 22:28:47,668][root][INFO] - Added data to batch for client 0: {'round': 5, 'step_no': 593, 'loss': 0.0608554370701313, 'accuracy': 0.9595588445663452, 'l2_norm': 3.199878692626953, 'computation_time': 0.04763484001159668, 'batch_time': 0.060451507481047884, 'rtc_check_time': 0.011355399998137727, 'experiment_id': 'exp_20240620_222727', 'client_id': '0'}
[2024-06-20 22:28:47,670][root][INFO] - Added data to batch for client 0: {'round': 5, 'step_no': 594, 'loss': 0.02688332460820675, 'accuracy': 0.9597952961921692, 'l2_norm': 3.193852663040161, 'computation_time': 0.05591702461242676, 'batch_time': 0.05882666615070775, 'rtc_check_time': 0.0016886999947018921, 'experiment_id': 'exp_20240620_222727', 'client_id': '0'}
[2024-06-20 22:28:47,671][root][INFO] - Added data to batch for client 0: {'round': 5, 'step_no': 595, 'loss': 0.06636032462120056, 'accuracy': 0.9598473906517029, 'l2_norm': 3.2156906127929688, 'computation_time': 0.0527801513671875, 'batch_time': 0.059629232477163896, 'rtc_check_time': 0.0050792999973054975, 'experiment_id': 'exp_20240620_222727', 'client_id': '0'}
[2024-06-20 22:28:47,674][root][INFO] - Added data to batch for client 0: {'round': 5, 'step_no': 596, 'loss': 0.06886622309684753, 'accuracy': 0.959898829460144, 'l2_norm': 3.2255654335021973, 'computation_time': 0.05840277671813965, 'batch_time': 0.061103700601961464, 'rtc_check_time': 0.0015527000068686903, 'experiment_id': 'exp_20240620_222727', 'client_id': '0'}
[2024-06-20 22:28:47,675][root][INFO] - Added data to batch for client 0: {'round': 5, 'step_no': 597, 'loss': 0.043650731444358826, 'accuracy': 0.9601293206214905, 'l2_norm': 3.2531075477600098, 'computation_time': 0.05603504180908203, 'batch_time': 0.059517406567465514, 'rtc_check_time': 0.001963399990927428, 'experiment_id': 'exp_20240620_222727', 'client_id': '0'}
[2024-06-20 22:28:47,677][root][INFO] - Added data to batch for client 0: {'round': 5, 'step_no': 598, 'loss': 0.030145347118377686, 'accuracy': 0.960357129573822, 'l2_norm': 3.2517919540405273, 'computation_time': 0.04794478416442871, 'batch_time': 0.05147338649840094, 'rtc_check_time': 0.001876599999377504, 'experiment_id': 'exp_20240620_222727', 'client_id': '0'}
[2024-06-20 22:28:47,679][root][INFO] - Added data to batch for client 0: {'round': 5, 'step_no': 599, 'loss': 0.173728346824646, 'accuracy': 0.9600496888160706, 'l2_norm': 3.289607048034668, 'computation_time': 0.04703402519226074, 'batch_time': 0.05459025416348595, 'rtc_check_time': 0.006137400006991811, 'experiment_id': 'exp_20240620_222727', 'client_id': '0'}
[2024-06-20 22:28:47,680][root][INFO] - Added data to batch for client 0: {'round': 5, 'step_no': 600, 'loss': 0.0725138857960701, 'accuracy': 0.9600988626480103, 'l2_norm': 3.3079848289489746, 'computation_time': 0.045809030532836914, 'batch_time': 0.05347967811394483, 'rtc_check_time': 0.006269700010307133, 'experiment_id': 'exp_20240620_222727', 'client_id': '0'}
[2024-06-20 22:28:47,682][root][INFO] - Added data to batch for client 0: {'round': 5, 'step_no': 601, 'loss': 0.03368164226412773, 'accuracy': 0.9603230357170105, 'l2_norm': 3.3380796909332275, 'computation_time': 0.05162811279296875, 'batch_time': 0.06825928369653411, 'rtc_check_time': 0.01514629999292083, 'experiment_id': 'exp_20240620_222727', 'client_id': '0'}
[2024-06-20 22:28:47,683][root][INFO] - Added data to batch for client 0: {'round': 5, 'step_no': 602, 'loss': 0.08755164593458176, 'accuracy': 0.9603701233863831, 'l2_norm': 3.3301150798797607, 'computation_time': 0.045629024505615234, 'batch_time': 0.053736517191282474, 'rtc_check_time': 0.0067434999946272, 'experiment_id': 'exp_20240620_222727', 'client_id': '0'}
[2024-06-20 22:28:47,684][root][INFO] - Added data to batch for client 0: {'round': 5, 'step_no': 603, 'loss': 0.10670603811740875, 'accuracy': 0.9604166746139526, 'l2_norm': 3.348606586456299, 'computation_time': 0.049710988998413086, 'batch_time': 0.054435377882327884, 'rtc_check_time': 0.002485400007572025, 'experiment_id': 'exp_20240620_222727', 'client_id': '0'}
[2024-06-20 22:28:47,686][root][INFO] - Added data to batch for client 0: {'round': 5, 'step_no': 604, 'loss': 0.12683729827404022, 'accuracy': 0.9602900743484497, 'l2_norm': 3.4078972339630127, 'computation_time': 0.04768705368041992, 'batch_time': 0.054134226447786205, 'rtc_check_time': 0.004887200004304759, 'experiment_id': 'exp_20240620_222727', 'client_id': '0'}
[2024-06-20 22:28:47,687][root][INFO] - Added data to batch for client 0: {'round': 5, 'step_no': 605, 'loss': 0.18056879937648773, 'accuracy': 0.9601648449897766, 'l2_norm': 3.406423568725586, 'computation_time': 0.05627799034118652, 'batch_time': 0.05987291566270869, 'rtc_check_time': 0.0020278000010875985, 'experiment_id': 'exp_20240620_222727', 'client_id': '0'}
[2024-06-20 22:28:47,689][root][INFO] - Added data to batch for client 0: {'round': 5, 'step_no': 606, 'loss': 0.06607943773269653, 'accuracy': 0.9603825211524963, 'l2_norm': 3.4523518085479736, 'computation_time': 0.05617785453796387, 'batch_time': 0.05887453265313525, 'rtc_check_time': 0.0015506000054301694, 'experiment_id': 'exp_20240620_222727', 'client_id': '0'}
[2024-06-20 22:28:47,690][root][INFO] - Added data to batch for client 0: {'round': 5, 'step_no': 607, 'loss': 0.07232235372066498, 'accuracy': 0.96042799949646, 'l2_norm': 3.4674415588378906, 'computation_time': 0.05369305610656738, 'batch_time': 0.05780169459467288, 'rtc_check_time': 0.002187699996284209, 'experiment_id': 'exp_20240620_222727', 'client_id': '0'}
[2024-06-20 22:28:47,692][root][INFO] - Added data to batch for client 0: {'round': 5, 'step_no': 608, 'loss': 0.03507278859615326, 'accuracy': 0.9606419205665588, 'l2_norm': 3.494567632675171, 'computation_time': 0.04771995544433594, 'batch_time': 0.06388936236908194, 'rtc_check_time': 0.014756300006411038, 'experiment_id': 'exp_20240620_222727', 'client_id': '0'}
[2024-06-20 22:28:47,693][root][INFO] - Added data to batch for client 0: {'round': 5, 'step_no': 609, 'loss': 0.07313863188028336, 'accuracy': 0.9606854915618896, 'l2_norm': 3.5449726581573486, 'computation_time': 0.04392194747924805, 'batch_time': 0.04763626930071041, 'rtc_check_time': 0.0024693000013940036, 'experiment_id': 'exp_20240620_222727', 'client_id': '0'}
[2024-06-20 22:28:47,694][root][INFO] - Added data to batch for client 0: {'round': 5, 'step_no': 610, 'loss': 0.05904984474182129, 'accuracy': 0.9608957171440125, 'l2_norm': 3.576096296310425, 'computation_time': 0.040123939514160156, 'batch_time': 0.04431589046726003, 'rtc_check_time': 0.003065900004003197, 'experiment_id': 'exp_20240620_222727', 'client_id': '0'}
[2024-06-20 22:28:47,696][root][INFO] - Added data to batch for client 0: {'round': 5, 'step_no': 611, 'loss': 0.10125333815813065, 'accuracy': 0.9609375, 'l2_norm': 3.577683925628662, 'computation_time': 0.0400700569152832, 'batch_time': 0.043267628134344704, 'rtc_check_time': 0.0020986999879823998, 'experiment_id': 'exp_20240620_222727', 'client_id': '0'}
[2024-06-20 22:28:47,697][root][INFO] - Added data to batch for client 0: {'round': 5, 'step_no': 612, 'loss': 0.16072553396224976, 'accuracy': 0.9608134627342224, 'l2_norm': 3.6543102264404297, 'computation_time': 0.04440903663635254, 'batch_time': 0.04816965528880246, 'rtc_check_time': 0.0016015000001061708, 'experiment_id': 'exp_20240620_222727', 'client_id': '0'}
[2024-06-20 22:28:47,699][root][INFO] - Added data to batch for client 0: {'round': 5, 'step_no': 613, 'loss': 0.04206398129463196, 'accuracy': 0.96085524559021, 'l2_norm': 3.6768882274627686, 'computation_time': 0.04216599464416504, 'batch_time': 0.04681002350116614, 'rtc_check_time': 0.003011100008734502, 'experiment_id': 'exp_20240620_222727', 'client_id': '0'}
[2024-06-20 22:28:47,701][root][INFO] - Added data to batch for client 0: {'round': 5, 'step_no': 614, 'loss': 0.12390091270208359, 'accuracy': 0.9608966112136841, 'l2_norm': 3.670593500137329, 'computation_time': 0.0425570011138916, 'batch_time': 0.04609304989571683, 'rtc_check_time': 0.0020991000055801123, 'experiment_id': 'exp_20240620_222727', 'client_id': '0'}
[2024-06-20 22:28:47,702][root][INFO] - Added data to batch for client 0: {'round': 5, 'step_no': 615, 'loss': 0.2039247751235962, 'accuracy': 0.9607747197151184, 'l2_norm': 3.685823917388916, 'computation_time': 0.056645870208740234, 'batch_time': 0.06487968051806092, 'rtc_check_time': 0.006284500006586313, 'experiment_id': 'exp_20240620_222727', 'client_id': '0'}
[2024-06-20 22:28:47,703][root][INFO] - Added data to batch for client 0: {'round': 5, 'step_no': 616, 'loss': 0.00807617325335741, 'accuracy': 0.9609779715538025, 'l2_norm': 3.690763473510742, 'computation_time': 0.05294179916381836, 'batch_time': 0.061819160197046585, 'rtc_check_time': 0.00644119999196846, 'experiment_id': 'exp_20240620_222727', 'client_id': '0'}
[2024-06-20 22:28:47,704][root][INFO] - Added data to batch for client 0: {'round': 5, 'step_no': 617, 'loss': 0.14716480672359467, 'accuracy': 0.9606958627700806, 'l2_norm': 3.7461392879486084, 'computation_time': 0.07036995887756348, 'batch_time': 0.07754126988584176, 'rtc_check_time': 0.004073299991432577, 'experiment_id': 'exp_20240620_222727', 'client_id': '0'}
[2024-06-20 22:28:47,706][root][INFO] - Added data to batch for client 0: {'round': 5, 'step_no': 618, 'loss': 0.24385640025138855, 'accuracy': 0.9604166746139526, 'l2_norm': 3.8213419914245605, 'computation_time': 0.05323004722595215, 'batch_time': 0.056613688575453125, 'rtc_check_time': 0.0019908000103896484, 'experiment_id': 'exp_20240620_222727', 'client_id': '0'}
[2024-06-20 22:28:47,707][root][INFO] - Added data to batch for client 0: {'round': 5, 'step_no': 619, 'loss': 0.08048532158136368, 'accuracy': 0.9606186151504517, 'l2_norm': 3.8645365238189697, 'computation_time': 0.05130791664123535, 'batch_time': 0.05730385192146059, 'rtc_check_time': 0.004526799995801412, 'experiment_id': 'exp_20240620_222727', 'client_id': '0'}
[2024-06-20 22:28:47,708][root][INFO] - Added data to batch for client 0: {'round': 5, 'step_no': 620, 'loss': 0.6087132692337036, 'accuracy': 0.9601840376853943, 'l2_norm': 3.8939666748046875, 'computation_time': 0.0513460636138916, 'batch_time': 0.064942843731842, 'rtc_check_time': 0.012034900006256066, 'experiment_id': 'exp_20240620_222727', 'client_id': '0'}
[2024-06-20 22:28:47,709][root][INFO] - Added data to batch for client 0: {'round': 5, 'step_no': 621, 'loss': 0.04995536804199219, 'accuracy': 0.9603850841522217, 'l2_norm': 3.9018959999084473, 'computation_time': 0.0534510612487793, 'batch_time': 0.057762899741646834, 'rtc_check_time': 0.0023909000010462478, 'experiment_id': 'exp_20240620_222727', 'client_id': '0'}
[2024-06-20 22:28:47,711][root][INFO] - Added data to batch for client 0: {'round': 5, 'step_no': 622, 'loss': 0.004939106293022633, 'accuracy': 0.9605841636657715, 'l2_norm': 3.9036061763763428, 'computation_time': 0.0482180118560791, 'batch_time': 0.05278072491637431, 'rtc_check_time': 0.003183699998771772, 'experiment_id': 'exp_20240620_222727', 'client_id': '0'}
[2024-06-20 22:28:47,712][root][INFO] - Added data to batch for client 0: {'round': 5, 'step_no': 623, 'loss': 0.07463333010673523, 'accuracy': 0.9606249928474426, 'l2_norm': 3.916724920272827, 'computation_time': 0.05675101280212402, 'batch_time': 0.06051600878708996, 'rtc_check_time': 0.0019069999980274588, 'experiment_id': 'exp_20240620_222727', 'client_id': '0'}
[2024-06-20 22:28:47,714][root][INFO] - Added data to batch for client 0: {'round': 5, 'step_no': 624, 'loss': 0.06586941331624985, 'accuracy': 0.9606654047966003, 'l2_norm': 3.948587417602539, 'computation_time': 0.04721999168395996, 'batch_time': 0.06688624287198763, 'rtc_check_time': 0.018157300000893883, 'experiment_id': 'exp_20240620_222727', 'client_id': '0'}
[2024-06-20 22:28:47,716][root][INFO] - Added data to batch for client 0: {'round': 5, 'step_no': 625, 'loss': 0.07626735419034958, 'accuracy': 0.9607054591178894, 'l2_norm': 3.983428955078125, 'computation_time': 0.05795001983642578, 'batch_time': 0.06246436183573678, 'rtc_check_time': 0.0022713000071235, 'experiment_id': 'exp_20240620_222727', 'client_id': '0'}
[2024-06-20 22:28:47,717][root][INFO] - Added data to batch for client 0: {'round': 5, 'step_no': 626, 'loss': 0.1702950894832611, 'accuracy': 0.9604371786117554, 'l2_norm': 4.001556396484375, 'computation_time': 0.04665207862854004, 'batch_time': 0.05305655095435213, 'rtc_check_time': 0.005055500005255453, 'experiment_id': 'exp_20240620_222727', 'client_id': '0'}
[2024-06-20 22:28:47,719][root][INFO] - Added data to batch for client 0: {'round': 5, 'step_no': 627, 'loss': 0.04979019984602928, 'accuracy': 0.9606311321258545, 'l2_norm': 4.040053844451904, 'computation_time': 0.046885013580322266, 'batch_time': 0.0517479792033555, 'rtc_check_time': 0.0034768000041367486, 'experiment_id': 'exp_20240620_222727', 'client_id': '0'}
[2024-06-20 22:28:47,720][root][INFO] - Added data to batch for client 0: {'round': 5, 'step_no': 628, 'loss': 0.13951005041599274, 'accuracy': 0.9606707096099854, 'l2_norm': 4.040297508239746, 'computation_time': 0.04670596122741699, 'batch_time': 0.0544374934543157, 'rtc_check_time': 0.0063735000003362074, 'experiment_id': 'exp_20240620_222727', 'client_id': '0'}
[2024-06-20 22:28:47,722][root][INFO] - Added data to batch for client 0: {'round': 5, 'step_no': 629, 'loss': 0.07210444658994675, 'accuracy': 0.9607099294662476, 'l2_norm': 4.045373439788818, 'computation_time': 0.048416852951049805, 'batch_time': 0.054982441462925635, 'rtc_check_time': 0.005306499995640479, 'experiment_id': 'exp_20240620_222727', 'client_id': '0'}
[2024-06-20 22:28:47,724][root][INFO] - Added data to batch for client 0: {'round': 5, 'step_no': 630, 'loss': 0.414824903011322, 'accuracy': 0.960597813129425, 'l2_norm': 4.079252243041992, 'computation_time': 0.05253791809082031, 'batch_time': 0.057717956573469564, 'rtc_check_time': 0.0032590999908279628, 'experiment_id': 'exp_20240620_222727', 'client_id': '0'}
[2024-06-20 22:28:47,725][root][INFO] - Added data to batch for client 0: {'round': 5, 'step_no': 631, 'loss': 0.09349560737609863, 'accuracy': 0.9606370329856873, 'l2_norm': 4.1000566482543945, 'computation_time': 0.04920196533203125, 'batch_time': 0.05221912592242006, 'rtc_check_time': 0.001603099997737445, 'experiment_id': 'exp_20240620_222727', 'client_id': '0'}
[2024-06-20 22:28:47,727][root][INFO] - Added data to batch for client 0: {'round': 5, 'step_no': 632, 'loss': 0.011826783418655396, 'accuracy': 0.9608253836631775, 'l2_norm': 4.102508544921875, 'computation_time': 0.0535430908203125, 'batch_time': 0.06296617894258816, 'rtc_check_time': 0.007009100008872338, 'experiment_id': 'exp_20240620_222727', 'client_id': '0'}
[2024-06-20 22:28:47,728][root][INFO] - Added data to batch for client 0: {'round': 5, 'step_no': 633, 'loss': 0.3057303726673126, 'accuracy': 0.960565447807312, 'l2_norm': 4.19625997543335, 'computation_time': 0.04703998565673828, 'batch_time': 0.05306274977920111, 'rtc_check_time': 0.004542900001979433, 'experiment_id': 'exp_20240620_222727', 'client_id': '0'}
[2024-06-20 22:28:47,730][root][INFO] - Added data to batch for client 0: {'round': 5, 'step_no': 634, 'loss': 0.006186626385897398, 'accuracy': 0.9607523679733276, 'l2_norm': 4.198217868804932, 'computation_time': 0.05024409294128418, 'batch_time': 0.05508074240060523, 'rtc_check_time': 0.0028058000025339425, 'experiment_id': 'exp_20240620_222727', 'client_id': '0'}
[2024-06-20 22:28:47,731][root][INFO] - Added data to batch for client 0: {'round': 5, 'step_no': 635, 'loss': 0.2012123167514801, 'accuracy': 0.9604952931404114, 'l2_norm': 4.236605644226074, 'computation_time': 0.052362918853759766, 'batch_time': 0.056605815363582224, 'rtc_check_time': 0.0029427999979816377, 'experiment_id': 'exp_20240620_222727', 'client_id': '0'}
[2024-06-20 22:28:47,733][root][INFO] - Added data to batch for client 0: {'round': 5, 'step_no': 636, 'loss': 0.08868099004030228, 'accuracy': 0.9605340361595154, 'l2_norm': 4.276045322418213, 'computation_time': 0.06504392623901367, 'batch_time': 0.06945017185353208, 'rtc_check_time': 0.0020552000059979036, 'experiment_id': 'exp_20240620_222727', 'client_id': '0'}
[2024-06-20 22:28:47,734][root][INFO] - Added data to batch for client 0: {'round': 5, 'step_no': 637, 'loss': 0.16048066318035126, 'accuracy': 0.960426390171051, 'l2_norm': 4.292880535125732, 'computation_time': 0.052084922790527344, 'batch_time': 0.06687268667155877, 'rtc_check_time': 0.012879699992481619, 'experiment_id': 'exp_20240620_222727', 'client_id': '0'}
[2024-06-20 22:28:47,736][root][INFO] - Added data to batch for client 0: {'round': 5, 'step_no': 638, 'loss': 0.1202109307050705, 'accuracy': 0.9603197574615479, 'l2_norm': 4.347723007202148, 'computation_time': 0.04680299758911133, 'batch_time': 0.05659036168071907, 'rtc_check_time': 0.008051199998590164, 'experiment_id': 'exp_20240620_222727', 'client_id': '0'}
[2024-06-20 22:28:47,737][root][INFO] - Added data to batch for client 0: {'round': 5, 'step_no': 639, 'loss': 0.06823600083589554, 'accuracy': 0.9603587985038757, 'l2_norm': 4.375812530517578, 'computation_time': 0.04793906211853027, 'batch_time': 0.05525421121274121, 'rtc_check_time': 0.0054530999914277345, 'experiment_id': 'exp_20240620_222727', 'client_id': '0'}
[2024-06-20 22:28:47,739][root][INFO] - Added data to batch for client 0: {'round': 5, 'step_no': 640, 'loss': 0.0380609966814518, 'accuracy': 0.9605414867401123, 'l2_norm': 4.36747932434082, 'computation_time': 0.052317142486572266, 'batch_time': 0.057481744297547266, 'rtc_check_time': 0.0029547000012826174, 'experiment_id': 'exp_20240620_222727', 'client_id': '0'}
[2024-06-20 22:28:47,741][root][INFO] - Added data to batch for client 0: {'round': 5, 'step_no': 641, 'loss': 0.1092434823513031, 'accuracy': 0.9604358077049255, 'l2_norm': 4.40653657913208, 'computation_time': 0.04782986640930176, 'batch_time': 0.0544219111034181, 'rtc_check_time': 0.005217800004174933, 'experiment_id': 'exp_20240620_222727', 'client_id': '0'}
[2024-06-20 22:28:47,742][root][INFO] - Added data to batch for client 0: {'round': 5, 'step_no': 642, 'loss': 0.16510805487632751, 'accuracy': 0.9603310227394104, 'l2_norm': 4.420882225036621, 'computation_time': 0.0462641716003418, 'batch_time': 0.05103190438239835, 'rtc_check_time': 0.0034127999970223755, 'experiment_id': 'exp_20240620_222727', 'client_id': '0'}
[2024-06-20 22:28:47,744][root][INFO] - Added data to batch for client 0: {'round': 5, 'step_no': 643, 'loss': 0.12853623926639557, 'accuracy': 0.9602272510528564, 'l2_norm': 4.453397274017334, 'computation_time': 0.04938006401062012, 'batch_time': 0.05391619660076685, 'rtc_check_time': 0.003009300009580329, 'experiment_id': 'exp_20240620_222727', 'client_id': '0'}
[2024-06-20 22:28:47,745][root][INFO] - Added data to batch for client 0: {'round': 5, 'step_no': 644, 'loss': 0.07010084390640259, 'accuracy': 0.9602658152580261, 'l2_norm': 4.474749565124512, 'computation_time': 0.054177045822143555, 'batch_time': 0.05865952023304999, 'rtc_check_time': 0.002675499999895692, 'experiment_id': 'exp_20240620_222727', 'client_id': '0'}
[2024-06-20 22:28:47,746][root][INFO] - Added data to batch for client 0: {'round': 5, 'step_no': 645, 'loss': 0.15310078859329224, 'accuracy': 0.9601632952690125, 'l2_norm': 4.51902961730957, 'computation_time': 0.055329084396362305, 'batch_time': 0.05814073754299898, 'rtc_check_time': 0.0014416999911190942, 'experiment_id': 'exp_20240620_222727', 'client_id': '0'}
[2024-06-20 22:28:47,748][root][INFO] - Added data to batch for client 0: {'round': 5, 'step_no': 646, 'loss': 0.08709153532981873, 'accuracy': 0.9600616693496704, 'l2_norm': 4.537237644195557, 'computation_time': 0.05339694023132324, 'batch_time': 0.0582540634641191, 'rtc_check_time': 0.0029368999967118725, 'experiment_id': 'exp_20240620_222727', 'client_id': '0'}
[2024-06-20 22:28:47,749][root][INFO] - Added data to batch for client 0: {'round': 5, 'step_no': 647, 'loss': 0.023651383817195892, 'accuracy': 0.9602399468421936, 'l2_norm': 4.537564277648926, 'computation_time': 0.052639007568359375, 'batch_time': 0.05686420443817042, 'rtc_check_time': 0.0027563000039663166, 'experiment_id': 'exp_20240620_222727', 'client_id': '0'}
[2024-06-20 22:28:47,750][root][INFO] - Added data to batch for client 0: {'round': 5, 'step_no': 648, 'loss': 0.10925815999507904, 'accuracy': 0.960277795791626, 'l2_norm': 4.5826311111450195, 'computation_time': 0.054963111877441406, 'batch_time': 0.05835164546442684, 'rtc_check_time': 0.0016538000054424629, 'experiment_id': 'exp_20240620_222727', 'client_id': '0'}
[2024-06-20 22:28:47,752][root][INFO] - Added data to batch for client 0: {'round': 5, 'step_no': 649, 'loss': 0.22955040633678436, 'accuracy': 0.9601770043373108, 'l2_norm': 4.6516852378845215, 'computation_time': 0.054559946060180664, 'batch_time': 0.058689709068858065, 'rtc_check_time': 0.0026437000051373616, 'experiment_id': 'exp_20240620_222727', 'client_id': '0'}
[2024-06-20 22:28:47,753][root][INFO] - Added data to batch for client 0: {'round': 5, 'step_no': 650, 'loss': 0.37599295377731323, 'accuracy': 0.9596641063690186, 'l2_norm': 4.728442668914795, 'computation_time': 0.04786491394042969, 'batch_time': 0.05633138996199705, 'rtc_check_time': 0.006967299996176735, 'experiment_id': 'exp_20240620_222727', 'client_id': '0'}
[2024-06-20 22:28:47,755][root][INFO] - Added data to batch for client 0: {'round': 5, 'step_no': 651, 'loss': 0.027525287121534348, 'accuracy': 0.9598410129547119, 'l2_norm': 4.749888896942139, 'computation_time': 0.046354055404663086, 'batch_time': 0.05567111895652488, 'rtc_check_time': 0.007834099989850074, 'experiment_id': 'exp_20240620_222727', 'client_id': '0'}
[2024-06-20 22:28:47,756][root][INFO] - Added data to batch for client 0: {'round': 5, 'step_no': 652, 'loss': 0.018582608550786972, 'accuracy': 0.9600163698196411, 'l2_norm': 4.760457992553711, 'computation_time': 0.053942203521728516, 'batch_time': 0.05801528046140447, 'rtc_check_time': 0.002408200001809746, 'experiment_id': 'exp_20240620_222727', 'client_id': '0'}
[2024-06-20 22:28:47,758][root][INFO] - Added data to batch for client 0: {'round': 5, 'step_no': 653, 'loss': 0.037153467535972595, 'accuracy': 0.9601902365684509, 'l2_norm': 4.76243782043457, 'computation_time': 0.065155029296875, 'batch_time': 0.06824950120062567, 'rtc_check_time': 0.0014016999921295792, 'experiment_id': 'exp_20240620_222727', 'client_id': '0'}
[2024-06-20 22:28:47,759][root][INFO] - Added data to batch for client 0: {'round': 5, 'step_no': 654, 'loss': 0.05880547687411308, 'accuracy': 0.9602272510528564, 'l2_norm': 4.789313316345215, 'computation_time': 0.04578113555908203, 'batch_time': 0.05036641961487476, 'rtc_check_time': 0.0033014000073308125, 'experiment_id': 'exp_20240620_222727', 'client_id': '0'}
[2024-06-20 22:28:47,761][root][INFO] - Added data to batch for client 0: {'round': 5, 'step_no': 655, 'loss': 0.03192245215177536, 'accuracy': 0.9603987336158752, 'l2_norm': 4.811277866363525, 'computation_time': 0.062307119369506836, 'batch_time': 0.06850263374508359, 'rtc_check_time': 0.004994599992642179, 'experiment_id': 'exp_20240620_222727', 'client_id': '0'}
[2024-06-20 22:28:47,762][root][INFO] - Added data to batch for client 0: {'round': 5, 'step_no': 656, 'loss': 0.12114889919757843, 'accuracy': 0.960166335105896, 'l2_norm': 4.87467098236084, 'computation_time': 0.04285311698913574, 'batch_time': 0.04694104439113289, 'rtc_check_time': 0.0028738999972119927, 'experiment_id': 'exp_20240620_222727', 'client_id': '0'}
[2024-06-20 22:28:47,770][root][INFO] - Batch data saved to /home/psklavos/fl/geom_aio/csv_logs/exp_20240620_222727/clients/client_0/batch.csv
[2024-06-20 22:28:47,772][root][INFO] - Server data saved to /home/psklavos/fl/geom_aio/csv_logs/exp_20240620_222727/server/server.csv
[2024-06-20 22:28:47,773][flwr][INFO] - FL finished in 70.76327026399667
[2024-06-20 22:28:47,773][flwr][INFO] - app_fit: losses_distributed [(1, 1.3038541475931804), (2, 0.3515584369500478), (3, 0.1882531295220057), (4, 0.10842025031646092), (5, 0.08234430352846782)]
[2024-06-20 22:28:47,773][flwr][INFO] - app_fit: metrics_distributed_fit {'average_norm': [(1, 5.2506866455078125), (2, 5.098652203877767), (3, 5.037612756093343), (4, 5.00399382909139), (5, 5.019128640492757)], 'round_time': [(1, 2.472762292109009), (2, 5.7615671611138914), (3, 9.94582467401892), (4, 12.354080588233277), (5, 15.357633300491944)], 'average_downlink_time': [(1, 0.551062386), (2, 0.6675486776666667), (3, 0.7058191116666667), (4, 0.6140204623333333), (5, 0.67931917)], 'average_rtc_check_time': [(1, 0.06434969648398692), (2, 0.4849055366842852), (3, 0.6172840069630183), (4, 0.7975934782880358), (5, 1.0092016050524155)], 'average_uplink_time': [(1, 0.3075696535), (2, 0.580452485), (3, 0.6654643140000001), (4, 0.4374760956666666), (5, 0.46634734866666666)], 'average_computation_time': [(1, 1.2412543296813965), (2, 3.524172226587931), (3, 7.340943733851115), (4, 9.71188990275065), (5, 12.053027868270874)], 'average_communication_time': [(1, 0.9229817359839869), (2, 1.7329066993509519), (3, 1.988567432629685), (4, 1.8490900362880358), (5, 2.154868123719082)], 'average_fit_time': [(1, 1.5036125183105469), (2, 4.308911720911662), (3, 8.508004983266195), (4, 11.249136130015055), (5, 13.98978567123413)], 'average_throughput': [(1, 7.943521142926871), (2, 3.9545383162517163), (3, 3.475895908814513), (4, 5.249587884466887), (5, 5.311861123250535)], 'dropouts': [(1, 1), (2, 0), (3, 0), (4, 0), (5, 0)]}
[2024-06-20 22:28:47,773][flwr][INFO] - app_fit: metrics_distributed {'accuracy': [(1, 0.6811666687329611), (2, 0.9078333377838135), (3, 0.9448333382606506), (4, 0.9673333366711935), (5, 0.9736666480700175)]}
[2024-06-20 22:28:47,773][flwr][INFO] - app_fit: losses_centralized [(0, 2.2981346), (1, 1.2940909), (2, 0.337356), (3, 0.18222167), (4, 0.10353595), (5, 0.074832305)]
[2024-06-20 22:28:47,774][flwr][INFO] - app_fit: metrics_centralized {'accuracy': [(0, 0.1049), (1, 0.6871), (2, 0.9133), (3, 0.9423), (4, 0.9674), (5, 0.9753)]}
