[2024-06-20 22:14:14,498][root][INFO] - Initialized DataManager for experiment exp_20240620_221414
[2024-06-20 22:14:14,506][root][INFO] - Added data to info for client None: {'experiment_id': 'exp_20240620_221414', 'algorithm': 'fda', 'num_clients': 3, 'dataset': 'mnist', 'ann': 'lenet', 'threshold': 5, 'thres_discount_factor': 1.0, 'steps_threshold': 500, 'train_batch_size': 32, 'eval_batch_size': 64, 'network_template': 1, 'client_mobility': False, 'non_iid': False}
[2024-06-20 22:14:14,507][root][INFO] - Added info data: {'experiment_id': 'exp_20240620_221414', 'algorithm': 'fda', 'num_clients': 3, 'dataset': 'mnist', 'ann': 'lenet', 'threshold': 5, 'thres_discount_factor': 1.0, 'steps_threshold': 500, 'train_batch_size': 32, 'eval_batch_size': 64, 'network_template': 1, 'client_mobility': False, 'non_iid': False}
[2024-06-20 22:14:14,513][root][INFO] - Info data saved to /home/psklavos/fl/geom_aio/csv_logs/exp_20240620_221414/info.csv
[2024-06-20 22:14:14,516][flwr][INFO] - Starting Flower server, config: ServerConfig(num_rounds=5, round_timeout=None)
[2024-06-20 22:14:14,519][flwr][INFO] - Flower ECE: gRPC server running (5 rounds), SSL is disabled
[2024-06-20 22:14:14,521][flwr][INFO] - Initializing global parameters
[2024-06-20 22:14:14,521][flwr][INFO] - Requesting initial parameters from one random client
[2024-06-20 22:14:15,122][flwr][INFO] - Received initial parameters from one random client
[2024-06-20 22:14:15,122][flwr][INFO] - Evaluating initial parameters
[2024-06-20 22:14:15,247][utils.model][INFO] - LeNet model built
[2024-06-20 22:14:15,529][utils.model][INFO] - Size of serialized model: 279.0341796875 kbytes
[2024-06-20 22:14:15,600][utils.model][INFO] - Step 1/40 - val_loss: 2.3263 - val_accuracy: 0.0703
[2024-06-20 22:14:15,622][utils.model][INFO] - Step 2/40 - val_loss: 2.3237 - val_accuracy: 0.0645
[2024-06-20 22:14:15,646][utils.model][INFO] - Step 3/40 - val_loss: 2.3236 - val_accuracy: 0.0703
[2024-06-20 22:14:15,669][utils.model][INFO] - Step 4/40 - val_loss: 2.3194 - val_accuracy: 0.0693
[2024-06-20 22:14:15,691][utils.model][INFO] - Step 5/40 - val_loss: 2.3210 - val_accuracy: 0.0727
[2024-06-20 22:14:15,716][utils.model][INFO] - Step 6/40 - val_loss: 2.3213 - val_accuracy: 0.0762
[2024-06-20 22:14:15,740][utils.model][INFO] - Step 7/40 - val_loss: 2.3215 - val_accuracy: 0.0737
[2024-06-20 22:14:15,763][utils.model][INFO] - Step 8/40 - val_loss: 2.3209 - val_accuracy: 0.0713
[2024-06-20 22:14:15,786][utils.model][INFO] - Step 9/40 - val_loss: 2.3202 - val_accuracy: 0.0747
[2024-06-20 22:14:15,811][utils.model][INFO] - Step 10/40 - val_loss: 2.3207 - val_accuracy: 0.0734
[2024-06-20 22:14:15,845][utils.model][INFO] - Step 11/40 - val_loss: 2.3206 - val_accuracy: 0.0732
[2024-06-20 22:14:15,875][utils.model][INFO] - Step 12/40 - val_loss: 2.3212 - val_accuracy: 0.0703
[2024-06-20 22:14:15,899][utils.model][INFO] - Step 13/40 - val_loss: 2.3203 - val_accuracy: 0.0700
[2024-06-20 22:14:15,925][utils.model][INFO] - Step 14/40 - val_loss: 2.3205 - val_accuracy: 0.0698
[2024-06-20 22:14:15,952][utils.model][INFO] - Step 15/40 - val_loss: 2.3202 - val_accuracy: 0.0695
[2024-06-20 22:14:15,976][utils.model][INFO] - Step 16/40 - val_loss: 2.3212 - val_accuracy: 0.0676
[2024-06-20 22:14:16,001][utils.model][INFO] - Step 17/40 - val_loss: 2.3210 - val_accuracy: 0.0676
[2024-06-20 22:14:16,023][utils.model][INFO] - Step 18/40 - val_loss: 2.3209 - val_accuracy: 0.0684
[2024-06-20 22:14:16,045][utils.model][INFO] - Step 19/40 - val_loss: 2.3205 - val_accuracy: 0.0685
[2024-06-20 22:14:16,069][utils.model][INFO] - Step 20/40 - val_loss: 2.3204 - val_accuracy: 0.0689
[2024-06-20 22:14:16,094][utils.model][INFO] - Step 21/40 - val_loss: 2.3210 - val_accuracy: 0.0683
[2024-06-20 22:14:16,116][utils.model][INFO] - Step 22/40 - val_loss: 2.3211 - val_accuracy: 0.0678
[2024-06-20 22:14:16,139][utils.model][INFO] - Step 23/40 - val_loss: 2.3213 - val_accuracy: 0.0681
[2024-06-20 22:14:16,162][utils.model][INFO] - Step 24/40 - val_loss: 2.3211 - val_accuracy: 0.0705
[2024-06-20 22:14:16,191][utils.model][INFO] - Step 25/40 - val_loss: 2.3213 - val_accuracy: 0.0706
[2024-06-20 22:14:16,215][utils.model][INFO] - Step 26/40 - val_loss: 2.3214 - val_accuracy: 0.0705
[2024-06-20 22:14:16,238][utils.model][INFO] - Step 27/40 - val_loss: 2.3215 - val_accuracy: 0.0693
[2024-06-20 22:14:16,261][utils.model][INFO] - Step 28/40 - val_loss: 2.3213 - val_accuracy: 0.0696
[2024-06-20 22:14:16,282][utils.model][INFO] - Step 29/40 - val_loss: 2.3214 - val_accuracy: 0.0692
[2024-06-20 22:14:16,304][utils.model][INFO] - Step 30/40 - val_loss: 2.3212 - val_accuracy: 0.0695
[2024-06-20 22:14:16,326][utils.model][INFO] - Step 31/40 - val_loss: 2.3210 - val_accuracy: 0.0698
[2024-06-20 22:14:16,345][utils.model][INFO] - Step 32/40 - val_loss: 2.3212 - val_accuracy: 0.0695
[2024-06-20 22:14:16,364][utils.model][INFO] - Step 33/40 - val_loss: 2.3213 - val_accuracy: 0.0697
[2024-06-20 22:14:16,385][utils.model][INFO] - Step 34/40 - val_loss: 2.3213 - val_accuracy: 0.0701
[2024-06-20 22:14:16,405][utils.model][INFO] - Step 35/40 - val_loss: 2.3215 - val_accuracy: 0.0696
[2024-06-20 22:14:16,425][utils.model][INFO] - Step 36/40 - val_loss: 2.3214 - val_accuracy: 0.0703
[2024-06-20 22:14:16,444][utils.model][INFO] - Step 37/40 - val_loss: 2.3216 - val_accuracy: 0.0697
[2024-06-20 22:14:16,462][utils.model][INFO] - Step 38/40 - val_loss: 2.3214 - val_accuracy: 0.0697
[2024-06-20 22:14:16,481][utils.model][INFO] - Step 39/40 - val_loss: 2.3211 - val_accuracy: 0.0704
[2024-06-20 22:14:16,489][utils.model][INFO] - Step 40/40 - val_loss: 2.3206 - val_accuracy: 0.0705
[2024-06-20 22:14:16,491][utils.model][INFO] - Evaluation Results - Val Loss: 2.3206, Val Accuracy: 0.0705 in 40 steps
[2024-06-20 22:14:16,494][root][INFO] - Added data to server for client None: {'round': 0, 'experiment_id': 'exp_20240620_221414', 'centralized_loss': 0.0, 'centralized_acc': 0.0, 'distributed_loss': 0.0, 'distributed_acc': 0.0, 'dropouts': 0, 'average_norm': 0.0, 'round_time': 0.0, 'average_downlink_time': 0.0, 'average_rtc_check_time': 0.0, 'average_uplink_time': 0.0, 'average_computation_time': 0.0, 'average_communication_time': 0.0, 'average_fit_time': 0.0, 'average_throughput': 0.0}
[2024-06-20 22:14:16,495][root][INFO] - Added server data: {'round': 0, 'experiment_id': 'exp_20240620_221414', 'centralized_loss': 0.0, 'centralized_acc': 0.0, 'distributed_loss': 0.0, 'distributed_acc': 0.0, 'dropouts': 0, 'average_norm': 0.0, 'round_time': 0.0, 'average_downlink_time': 0.0, 'average_rtc_check_time': 0.0, 'average_uplink_time': 0.0, 'average_computation_time': 0.0, 'average_communication_time': 0.0, 'average_fit_time': 0.0, 'average_throughput': 0.0}
[2024-06-20 22:14:16,498][root][INFO] - Appended data to last row of column centralized_loss in server data for client None
[2024-06-20 22:14:16,498][root][INFO] - Appended data to last row of column centralized_acc in server data for client None
[2024-06-20 22:14:16,498][root][INFO] - Appended {'centralized_loss': 2.3206403, 'centralized_acc': 0.0705} to the last row of server data
[2024-06-20 22:14:16,498][flwr][INFO] - initial parameters (loss, other metrics): 2.3206403, {'accuracy': 0.0705}
[2024-06-20 22:14:16,498][flwr][INFO] - FL starting
[2024-06-20 22:14:19,943][flwr][DEBUG] - fit_round 1: strategy sampled 2 clients (out of 3)
[2024-06-20 22:14:21,201][flwr][DEBUG] - fit_round 1 received 2 results and 0 failures
[2024-06-20 22:14:21,207][root][INFO] - Added data to server for client None: {'round': 1, 'average_norm': 5.072036027908325, 'round_time': 2.1921662742714845, 'average_downlink_time': 0.551062386, 'average_rtc_check_time': 0.05302569999184925, 'average_uplink_time': 0.3075696535, 'average_computation_time': 1.0352829694747925, 'average_communication_time': 0.9116577394918493, 'average_fit_time': 1.2227290868759155, 'average_throughput': 7.943521142926871, 'dropouts': 1, 'experiment_id': 'exp_20240620_221414'}
[2024-06-20 22:14:21,207][root][INFO] - Added server data: {'round': 1, 'average_norm': 5.072036027908325, 'round_time': 2.1921662742714845, 'average_downlink_time': 0.551062386, 'average_rtc_check_time': 0.05302569999184925, 'average_uplink_time': 0.3075696535, 'average_computation_time': 1.0352829694747925, 'average_communication_time': 0.9116577394918493, 'average_fit_time': 1.2227290868759155, 'average_throughput': 7.943521142926871, 'dropouts': 1, 'experiment_id': 'exp_20240620_221414'}
[2024-06-20 22:14:21,261][utils.model][INFO] - LeNet model built
[2024-06-20 22:14:21,378][utils.model][INFO] - Size of serialized model: 279.0341796875 kbytes
[2024-06-20 22:14:21,420][utils.model][INFO] - Step 1/40 - val_loss: 1.2563 - val_accuracy: 0.7031
[2024-06-20 22:14:21,441][utils.model][INFO] - Step 2/40 - val_loss: 1.2975 - val_accuracy: 0.6582
[2024-06-20 22:14:21,466][utils.model][INFO] - Step 3/40 - val_loss: 1.3246 - val_accuracy: 0.6510
[2024-06-20 22:14:21,489][utils.model][INFO] - Step 4/40 - val_loss: 1.3089 - val_accuracy: 0.6602
[2024-06-20 22:14:21,512][utils.model][INFO] - Step 5/40 - val_loss: 1.3338 - val_accuracy: 0.6430
[2024-06-20 22:14:21,534][utils.model][INFO] - Step 6/40 - val_loss: 1.3441 - val_accuracy: 0.6432
[2024-06-20 22:14:21,558][utils.model][INFO] - Step 7/40 - val_loss: 1.3478 - val_accuracy: 0.6390
[2024-06-20 22:14:21,580][utils.model][INFO] - Step 8/40 - val_loss: 1.3413 - val_accuracy: 0.6421
[2024-06-20 22:14:21,602][utils.model][INFO] - Step 9/40 - val_loss: 1.3487 - val_accuracy: 0.6393
[2024-06-20 22:14:21,623][utils.model][INFO] - Step 10/40 - val_loss: 1.3456 - val_accuracy: 0.6438
[2024-06-20 22:14:21,643][utils.model][INFO] - Step 11/40 - val_loss: 1.3408 - val_accuracy: 0.6449
[2024-06-20 22:14:21,661][utils.model][INFO] - Step 12/40 - val_loss: 1.3378 - val_accuracy: 0.6491
[2024-06-20 22:14:21,680][utils.model][INFO] - Step 13/40 - val_loss: 1.3362 - val_accuracy: 0.6490
[2024-06-20 22:14:21,698][utils.model][INFO] - Step 14/40 - val_loss: 1.3407 - val_accuracy: 0.6462
[2024-06-20 22:14:21,716][utils.model][INFO] - Step 15/40 - val_loss: 1.3393 - val_accuracy: 0.6466
[2024-06-20 22:14:21,733][utils.model][INFO] - Step 16/40 - val_loss: 1.3359 - val_accuracy: 0.6492
[2024-06-20 22:14:21,751][utils.model][INFO] - Step 17/40 - val_loss: 1.3363 - val_accuracy: 0.6480
[2024-06-20 22:14:21,769][utils.model][INFO] - Step 18/40 - val_loss: 1.3400 - val_accuracy: 0.6452
[2024-06-20 22:14:21,786][utils.model][INFO] - Step 19/40 - val_loss: 1.3380 - val_accuracy: 0.6464
[2024-06-20 22:14:21,805][utils.model][INFO] - Step 20/40 - val_loss: 1.3370 - val_accuracy: 0.6455
[2024-06-20 22:14:21,823][utils.model][INFO] - Step 21/40 - val_loss: 1.3275 - val_accuracy: 0.6505
[2024-06-20 22:14:21,841][utils.model][INFO] - Step 22/40 - val_loss: 1.3213 - val_accuracy: 0.6532
[2024-06-20 22:14:21,858][utils.model][INFO] - Step 23/40 - val_loss: 1.3160 - val_accuracy: 0.6562
[2024-06-20 22:14:21,876][utils.model][INFO] - Step 24/40 - val_loss: 1.3129 - val_accuracy: 0.6564
[2024-06-20 22:14:21,894][utils.model][INFO] - Step 25/40 - val_loss: 1.3043 - val_accuracy: 0.6605
[2024-06-20 22:14:21,913][utils.model][INFO] - Step 26/40 - val_loss: 1.3046 - val_accuracy: 0.6620
[2024-06-20 22:14:21,931][utils.model][INFO] - Step 27/40 - val_loss: 1.3040 - val_accuracy: 0.6620
[2024-06-20 22:14:21,948][utils.model][INFO] - Step 28/40 - val_loss: 1.3015 - val_accuracy: 0.6649
[2024-06-20 22:14:21,966][utils.model][INFO] - Step 29/40 - val_loss: 1.3009 - val_accuracy: 0.6677
[2024-06-20 22:14:21,985][utils.model][INFO] - Step 30/40 - val_loss: 1.3018 - val_accuracy: 0.6693
[2024-06-20 22:14:22,002][utils.model][INFO] - Step 31/40 - val_loss: 1.2965 - val_accuracy: 0.6726
[2024-06-20 22:14:22,020][utils.model][INFO] - Step 32/40 - val_loss: 1.2937 - val_accuracy: 0.6727
[2024-06-20 22:14:22,037][utils.model][INFO] - Step 33/40 - val_loss: 1.2922 - val_accuracy: 0.6732
[2024-06-20 22:14:22,055][utils.model][INFO] - Step 34/40 - val_loss: 1.2861 - val_accuracy: 0.6754
[2024-06-20 22:14:22,072][utils.model][INFO] - Step 35/40 - val_loss: 1.2796 - val_accuracy: 0.6798
[2024-06-20 22:14:22,090][utils.model][INFO] - Step 36/40 - val_loss: 1.2780 - val_accuracy: 0.6812
[2024-06-20 22:14:22,108][utils.model][INFO] - Step 37/40 - val_loss: 1.2735 - val_accuracy: 0.6839
[2024-06-20 22:14:22,126][utils.model][INFO] - Step 38/40 - val_loss: 1.2730 - val_accuracy: 0.6855
[2024-06-20 22:14:22,144][utils.model][INFO] - Step 39/40 - val_loss: 1.2782 - val_accuracy: 0.6826
[2024-06-20 22:14:22,152][utils.model][INFO] - Step 40/40 - val_loss: 1.2748 - val_accuracy: 0.6827
[2024-06-20 22:14:22,154][utils.model][INFO] - Evaluation Results - Val Loss: 1.2748, Val Accuracy: 0.6827 in 40 steps
[2024-06-20 22:14:22,155][root][INFO] - Appended data to last row of column centralized_loss in server data for client None
[2024-06-20 22:14:22,155][root][INFO] - Appended data to last row of column centralized_acc in server data for client None
[2024-06-20 22:14:22,156][root][INFO] - Appended {'centralized_loss': 1.2747629, 'centralized_acc': 0.6827} to the last row of server data
[2024-06-20 22:14:22,156][flwr][INFO] - fit progress: (1, 1.2747629, {'accuracy': 0.6827}, 5.6569164090033155)
[2024-06-20 22:14:22,156][flwr][DEBUG] - evaluate_round 1: strategy sampled 3 clients (out of 3)
[2024-06-20 22:14:22,717][flwr][DEBUG] - evaluate_round 1 received 3 results and 0 failures
[2024-06-20 22:14:22,718][root][INFO] - Added data to epoch for client 0: {'round': 0, 'experiment_id': 'exp_20240620_221414', 'client_id': '0', 'epoch_steps': 0, 'total_steps': 0, 'l2_norm': 0.0, 'total_computation_time': 0.0, 'total_rtc_check_time': 0.0, 'total_duration': 0.0, 'val_loss': 0.0, 'val_accuracy': 0.0}
[2024-06-20 22:14:22,718][root][INFO] - Added epoch data for client 0: {'round': 0, 'experiment_id': 'exp_20240620_221414', 'client_id': '0', 'epoch_steps': 0, 'total_steps': 0, 'l2_norm': 0.0, 'total_computation_time': 0.0, 'total_rtc_check_time': 0.0, 'total_duration': 0.0, 'val_loss': 0.0, 'val_accuracy': 0.0}
[2024-06-20 22:14:22,719][root][INFO] - Added data to batch for client 0: {'round': 0, 'experiment_id': 'exp_20240620_221414', 'client_id': '0', 'step_no': 0, 'loss': 0.0, 'accuracy': 0.0, 'l2_norm': 0.0, 'computation_time': 0.0, 'rtc_check_time': 0.0, 'batch_time': 0.0}
[2024-06-20 22:14:22,719][root][INFO] - Added batch data for client 0: {'round': 0, 'experiment_id': 'exp_20240620_221414', 'client_id': '0', 'step_no': 0, 'loss': 0.0, 'accuracy': 0.0, 'l2_norm': 0.0, 'computation_time': 0.0, 'rtc_check_time': 0.0, 'batch_time': 0.0}
[2024-06-20 22:14:22,720][root][INFO] - Added data to epoch for client 0: {'round': 1, 'epoch_steps': 21, 'total_steps': 21, 'l2_norm': 4.972672462463379, 'total_computation_time': 1.029266357421875, 'total_rtc_check_time': 0.05393509997520596, 'total_duration': 1.2216460704803467, 'val_loss': 1.3080806732177734, 'val_accuracy': 0.659500002861023, 'experiment_id': 'exp_20240620_221414', 'client_id': '0'}
[2024-06-20 22:14:22,720][root][INFO] - Added epoch data for client 0: {'round': 1, 'epoch_steps': 21, 'total_steps': 21, 'l2_norm': 4.972672462463379, 'total_computation_time': 1.029266357421875, 'total_rtc_check_time': 0.05393509997520596, 'total_duration': 1.2216460704803467, 'val_loss': 1.3080806732177734, 'val_accuracy': 0.659500002861023, 'experiment_id': 'exp_20240620_221414', 'client_id': '0'}
[2024-06-20 22:14:22,721][root][INFO] - Epoch data saved to /home/psklavos/fl/geom_aio/csv_logs/exp_20240620_221414/clients/client_0/epoch.csv
[2024-06-20 22:14:22,722][root][INFO] - Added data to batch for client 0: {'round': 1, 'step_no': 1, 'loss': 2.294297695159912, 'accuracy': 0.03125, 'l2_norm': 0.1958698183298111, 'computation_time': 0.2993190288543701, 'batch_time': 0.3269465657067485, 'rtc_check_time': 0.004394599993247539, 'experiment_id': 'exp_20240620_221414', 'client_id': '0'}
[2024-06-20 22:14:22,723][root][INFO] - Added data to batch for client 0: {'round': 1, 'step_no': 2, 'loss': 2.3294496536254883, 'accuracy': 0.140625, 'l2_norm': 0.33654630184173584, 'computation_time': 0.03995108604431152, 'batch_time': 0.04309768005623482, 'rtc_check_time': 0.0019606999994721264, 'experiment_id': 'exp_20240620_221414', 'client_id': '0'}
[2024-06-20 22:14:22,724][root][INFO] - Added data to batch for client 0: {'round': 1, 'step_no': 3, 'loss': 2.3024234771728516, 'accuracy': 0.1354166716337204, 'l2_norm': 0.4420187473297119, 'computation_time': 0.03672313690185547, 'batch_time': 0.03977627298445441, 'rtc_check_time': 0.002015300007769838, 'experiment_id': 'exp_20240620_221414', 'client_id': '0'}
[2024-06-20 22:14:22,725][root][INFO] - Added data to batch for client 0: {'round': 1, 'step_no': 4, 'loss': 2.206758975982666, 'accuracy': 0.171875, 'l2_norm': 0.5557595491409302, 'computation_time': 0.03694295883178711, 'batch_time': 0.04279665360809304, 'rtc_check_time': 0.004842800000915304, 'experiment_id': 'exp_20240620_221414', 'client_id': '0'}
[2024-06-20 22:14:22,726][root][INFO] - Added data to batch for client 0: {'round': 1, 'step_no': 5, 'loss': 2.194951295852661, 'accuracy': 0.17499999701976776, 'l2_norm': 0.7335389852523804, 'computation_time': 0.03668999671936035, 'batch_time': 0.04090539269964211, 'rtc_check_time': 0.0031684999994467944, 'experiment_id': 'exp_20240620_221414', 'client_id': '0'}
[2024-06-20 22:14:22,728][root][INFO] - Added data to batch for client 0: {'round': 1, 'step_no': 6, 'loss': 2.2249436378479004, 'accuracy': 0.1666666716337204, 'l2_norm': 0.8812997341156006, 'computation_time': 0.0339810848236084, 'batch_time': 0.03866351969190873, 'rtc_check_time': 0.003680599998915568, 'experiment_id': 'exp_20240620_221414', 'client_id': '0'}
[2024-06-20 22:14:22,729][root][INFO] - Added data to batch for client 0: {'round': 1, 'step_no': 7, 'loss': 2.1473002433776855, 'accuracy': 0.1785714328289032, 'l2_norm': 1.0953906774520874, 'computation_time': 0.03630995750427246, 'batch_time': 0.039392569771735, 'rtc_check_time': 0.0020834000024478883, 'experiment_id': 'exp_20240620_221414', 'client_id': '0'}
[2024-06-20 22:14:22,730][root][INFO] - Added data to batch for client 0: {'round': 1, 'step_no': 8, 'loss': 2.0606184005737305, 'accuracy': 0.21875, 'l2_norm': 1.3273239135742188, 'computation_time': 0.0351259708404541, 'batch_time': 0.037857271934626624, 'rtc_check_time': 0.0016700999985914677, 'experiment_id': 'exp_20240620_221414', 'client_id': '0'}
[2024-06-20 22:14:22,731][root][INFO] - Added data to batch for client 0: {'round': 1, 'step_no': 9, 'loss': 2.1063337326049805, 'accuracy': 0.2326388955116272, 'l2_norm': 1.5756824016571045, 'computation_time': 0.03447079658508301, 'batch_time': 0.037017915077740327, 'rtc_check_time': 0.0015397999959532171, 'experiment_id': 'exp_20240620_221414', 'client_id': '0'}
[2024-06-20 22:14:22,732][root][INFO] - Added data to batch for client 0: {'round': 1, 'step_no': 10, 'loss': 2.0442771911621094, 'accuracy': 0.24687500298023224, 'l2_norm': 1.7873592376708984, 'computation_time': 0.03446006774902344, 'batch_time': 0.03697418057709001, 'rtc_check_time': 0.0015180000045802444, 'experiment_id': 'exp_20240620_221414', 'client_id': '0'}
[2024-06-20 22:14:22,733][root][INFO] - Added data to batch for client 0: {'round': 1, 'step_no': 11, 'loss': 1.9205065965652466, 'accuracy': 0.27840909361839294, 'l2_norm': 2.0883731842041016, 'computation_time': 0.036502838134765625, 'batch_time': 0.03907148556027096, 'rtc_check_time': 0.0015084000042406842, 'experiment_id': 'exp_20240620_221414', 'client_id': '0'}
[2024-06-20 22:14:22,734][root][INFO] - Added data to batch for client 0: {'round': 1, 'step_no': 12, 'loss': 1.911128044128418, 'accuracy': 0.2942708432674408, 'l2_norm': 2.401759624481201, 'computation_time': 0.038162946701049805, 'batch_time': 0.04226173533243127, 'rtc_check_time': 0.0030537999991793185, 'experiment_id': 'exp_20240620_221414', 'client_id': '0'}
[2024-06-20 22:14:22,735][root][INFO] - Added data to batch for client 0: {'round': 1, 'step_no': 13, 'loss': 1.8252043724060059, 'accuracy': 0.3100961446762085, 'l2_norm': 2.734910488128662, 'computation_time': 0.03594398498535156, 'batch_time': 0.03981857735197991, 'rtc_check_time': 0.00212459999602288, 'experiment_id': 'exp_20240620_221414', 'client_id': '0'}
[2024-06-20 22:14:22,736][root][INFO] - Added data to batch for client 0: {'round': 1, 'step_no': 14, 'loss': 1.7204893827438354, 'accuracy': 0.3191964328289032, 'l2_norm': 3.0030081272125244, 'computation_time': 0.036321163177490234, 'batch_time': 0.04558947152690962, 'rtc_check_time': 0.008247399993706495, 'experiment_id': 'exp_20240620_221414', 'client_id': '0'}
[2024-06-20 22:14:22,736][root][INFO] - Added data to batch for client 0: {'round': 1, 'step_no': 15, 'loss': 1.7402846813201904, 'accuracy': 0.3187499940395355, 'l2_norm': 3.219038248062134, 'computation_time': 0.036242008209228516, 'batch_time': 0.03876161712105386, 'rtc_check_time': 0.0015017999976407737, 'experiment_id': 'exp_20240620_221414', 'client_id': '0'}
[2024-06-20 22:14:22,737][root][INFO] - Added data to batch for client 0: {'round': 1, 'step_no': 16, 'loss': 1.759422779083252, 'accuracy': 0.328125, 'l2_norm': 3.513737916946411, 'computation_time': 0.03459501266479492, 'batch_time': 0.03734591990360059, 'rtc_check_time': 0.0017238000000361353, 'experiment_id': 'exp_20240620_221414', 'client_id': '0'}
[2024-06-20 22:14:22,738][root][INFO] - Added data to batch for client 0: {'round': 1, 'step_no': 17, 'loss': 1.5483007431030273, 'accuracy': 0.3492647111415863, 'l2_norm': 3.839313268661499, 'computation_time': 0.035456180572509766, 'batch_time': 0.03843017711187713, 'rtc_check_time': 0.0019302000000607222, 'experiment_id': 'exp_20240620_221414', 'client_id': '0'}
[2024-06-20 22:14:22,739][root][INFO] - Added data to batch for client 0: {'round': 1, 'step_no': 18, 'loss': 1.4575750827789307, 'accuracy': 0.3663194477558136, 'l2_norm': 4.10425329208374, 'computation_time': 0.043807029724121094, 'batch_time': 0.04660598540795036, 'rtc_check_time': 0.001571100001456216, 'experiment_id': 'exp_20240620_221414', 'client_id': '0'}
[2024-06-20 22:14:22,740][root][INFO] - Added data to batch for client 0: {'round': 1, 'step_no': 19, 'loss': 1.6095502376556396, 'accuracy': 0.3684210479259491, 'l2_norm': 4.383439064025879, 'computation_time': 0.038861989974975586, 'batch_time': 0.04166957225243095, 'rtc_check_time': 0.0015565999929094687, 'experiment_id': 'exp_20240620_221414', 'client_id': '0'}
[2024-06-20 22:14:22,741][root][INFO] - Added data to batch for client 0: {'round': 1, 'step_no': 20, 'loss': 1.3929978609085083, 'accuracy': 0.3812499940395355, 'l2_norm': 4.668165683746338, 'computation_time': 0.03491520881652832, 'batch_time': 0.03760554926702753, 'rtc_check_time': 0.0017194999963976443, 'experiment_id': 'exp_20240620_221414', 'client_id': '0'}
[2024-06-20 22:14:22,742][root][INFO] - Added data to batch for client 0: {'round': 1, 'step_no': 21, 'loss': 1.3343234062194824, 'accuracy': 0.394345223903656, 'l2_norm': 4.972672462463379, 'computation_time': 0.034483909606933594, 'batch_time': 0.03760602977126837, 'rtc_check_time': 0.0021240999922156334, 'experiment_id': 'exp_20240620_221414', 'client_id': '0'}
[2024-06-20 22:14:22,743][root][INFO] - Added batch data list for client 0. New Data Added: 21
[2024-06-20 22:14:22,744][root][INFO] - Batch data saved to /home/psklavos/fl/geom_aio/csv_logs/exp_20240620_221414/clients/client_0/batch.csv
[2024-06-20 22:14:22,744][root][INFO] - Appended data to last row of column distributed_loss in server data for client None
[2024-06-20 22:14:22,744][root][INFO] - Appended data to last row of column distributed_acc in server data for client None
[2024-06-20 22:14:22,744][root][INFO] - Appended {'distributed_loss': 1.2902827660242717, 'distributed_acc': 0.6705000003178915} to the last row of server data
[2024-06-20 22:14:22,745][root][INFO] - Server data saved to /home/psklavos/fl/geom_aio/csv_logs/exp_20240620_221414/server/server.csv
[2024-06-20 22:14:27,350][flwr][DEBUG] - fit_round 2: strategy sampled 3 clients (out of 3)
[2024-06-20 22:14:30,781][flwr][DEBUG] - fit_round 2 received 3 results and 0 failures
[2024-06-20 22:14:30,786][root][INFO] - Added data to server for client None: {'round': 2, 'average_norm': 5.058019638061523, 'round_time': 4.860968158275757, 'average_downlink_time': 0.6675486776666667, 'average_rtc_check_time': 0.3803261023228212, 'average_uplink_time': 0.580452485, 'average_computation_time': 2.803311824798584, 'average_communication_time': 1.6283272649894878, 'average_fit_time': 3.406964381535848, 'average_throughput': 3.9545383162517163, 'dropouts': 0, 'experiment_id': 'exp_20240620_221414'}
[2024-06-20 22:14:30,786][root][INFO] - Added server data: {'round': 2, 'average_norm': 5.058019638061523, 'round_time': 4.860968158275757, 'average_downlink_time': 0.6675486776666667, 'average_rtc_check_time': 0.3803261023228212, 'average_uplink_time': 0.580452485, 'average_computation_time': 2.803311824798584, 'average_communication_time': 1.6283272649894878, 'average_fit_time': 3.406964381535848, 'average_throughput': 3.9545383162517163, 'dropouts': 0, 'experiment_id': 'exp_20240620_221414'}
[2024-06-20 22:14:30,844][utils.model][INFO] - LeNet model built
[2024-06-20 22:14:30,958][utils.model][INFO] - Size of serialized model: 279.0341796875 kbytes
[2024-06-20 22:14:31,001][utils.model][INFO] - Step 1/40 - val_loss: 0.3127 - val_accuracy: 0.9102
[2024-06-20 22:14:31,019][utils.model][INFO] - Step 2/40 - val_loss: 0.3710 - val_accuracy: 0.8906
[2024-06-20 22:14:31,038][utils.model][INFO] - Step 3/40 - val_loss: 0.3950 - val_accuracy: 0.8802
[2024-06-20 22:14:31,058][utils.model][INFO] - Step 4/40 - val_loss: 0.3867 - val_accuracy: 0.8818
[2024-06-20 22:14:31,078][utils.model][INFO] - Step 5/40 - val_loss: 0.4190 - val_accuracy: 0.8766
[2024-06-20 22:14:31,099][utils.model][INFO] - Step 6/40 - val_loss: 0.4241 - val_accuracy: 0.8763
[2024-06-20 22:14:31,118][utils.model][INFO] - Step 7/40 - val_loss: 0.4296 - val_accuracy: 0.8767
[2024-06-20 22:14:31,139][utils.model][INFO] - Step 8/40 - val_loss: 0.4228 - val_accuracy: 0.8799
[2024-06-20 22:14:31,158][utils.model][INFO] - Step 9/40 - val_loss: 0.4325 - val_accuracy: 0.8793
[2024-06-20 22:14:31,177][utils.model][INFO] - Step 10/40 - val_loss: 0.4258 - val_accuracy: 0.8809
[2024-06-20 22:14:31,198][utils.model][INFO] - Step 11/40 - val_loss: 0.4228 - val_accuracy: 0.8807
[2024-06-20 22:14:31,218][utils.model][INFO] - Step 12/40 - val_loss: 0.4148 - val_accuracy: 0.8822
[2024-06-20 22:14:31,238][utils.model][INFO] - Step 13/40 - val_loss: 0.4134 - val_accuracy: 0.8819
[2024-06-20 22:14:31,259][utils.model][INFO] - Step 14/40 - val_loss: 0.4133 - val_accuracy: 0.8817
[2024-06-20 22:14:31,278][utils.model][INFO] - Step 15/40 - val_loss: 0.4165 - val_accuracy: 0.8807
[2024-06-20 22:14:31,295][utils.model][INFO] - Step 16/40 - val_loss: 0.4177 - val_accuracy: 0.8806
[2024-06-20 22:14:31,315][utils.model][INFO] - Step 17/40 - val_loss: 0.4200 - val_accuracy: 0.8796
[2024-06-20 22:14:31,332][utils.model][INFO] - Step 18/40 - val_loss: 0.4206 - val_accuracy: 0.8798
[2024-06-20 22:14:31,351][utils.model][INFO] - Step 19/40 - val_loss: 0.4180 - val_accuracy: 0.8808
[2024-06-20 22:14:31,369][utils.model][INFO] - Step 20/40 - val_loss: 0.4168 - val_accuracy: 0.8820
[2024-06-20 22:14:31,387][utils.model][INFO] - Step 21/40 - val_loss: 0.4061 - val_accuracy: 0.8850
[2024-06-20 22:14:31,406][utils.model][INFO] - Step 22/40 - val_loss: 0.3946 - val_accuracy: 0.8887
[2024-06-20 22:14:31,424][utils.model][INFO] - Step 23/40 - val_loss: 0.3888 - val_accuracy: 0.8901
[2024-06-20 22:14:31,443][utils.model][INFO] - Step 24/40 - val_loss: 0.3888 - val_accuracy: 0.8896
[2024-06-20 22:14:31,463][utils.model][INFO] - Step 25/40 - val_loss: 0.3798 - val_accuracy: 0.8922
[2024-06-20 22:14:31,482][utils.model][INFO] - Step 26/40 - val_loss: 0.3788 - val_accuracy: 0.8929
[2024-06-20 22:14:31,502][utils.model][INFO] - Step 27/40 - val_loss: 0.3754 - val_accuracy: 0.8951
[2024-06-20 22:14:31,520][utils.model][INFO] - Step 28/40 - val_loss: 0.3679 - val_accuracy: 0.8972
[2024-06-20 22:14:31,539][utils.model][INFO] - Step 29/40 - val_loss: 0.3622 - val_accuracy: 0.8995
[2024-06-20 22:14:31,558][utils.model][INFO] - Step 30/40 - val_loss: 0.3596 - val_accuracy: 0.9007
[2024-06-20 22:14:31,576][utils.model][INFO] - Step 31/40 - val_loss: 0.3551 - val_accuracy: 0.9023
[2024-06-20 22:14:31,594][utils.model][INFO] - Step 32/40 - val_loss: 0.3499 - val_accuracy: 0.9037
[2024-06-20 22:14:31,612][utils.model][INFO] - Step 33/40 - val_loss: 0.3476 - val_accuracy: 0.9040
[2024-06-20 22:14:31,630][utils.model][INFO] - Step 34/40 - val_loss: 0.3413 - val_accuracy: 0.9060
[2024-06-20 22:14:31,648][utils.model][INFO] - Step 35/40 - val_loss: 0.3336 - val_accuracy: 0.9086
[2024-06-20 22:14:31,666][utils.model][INFO] - Step 36/40 - val_loss: 0.3328 - val_accuracy: 0.9089
[2024-06-20 22:14:31,684][utils.model][INFO] - Step 37/40 - val_loss: 0.3277 - val_accuracy: 0.9108
[2024-06-20 22:14:31,702][utils.model][INFO] - Step 38/40 - val_loss: 0.3276 - val_accuracy: 0.9101
[2024-06-20 22:14:31,721][utils.model][INFO] - Step 39/40 - val_loss: 0.3323 - val_accuracy: 0.9086
[2024-06-20 22:14:31,730][utils.model][INFO] - Step 40/40 - val_loss: 0.3289 - val_accuracy: 0.9086
[2024-06-20 22:14:31,732][utils.model][INFO] - Evaluation Results - Val Loss: 0.3289, Val Accuracy: 0.9086 in 40 steps
[2024-06-20 22:14:31,734][root][INFO] - Appended data to last row of column centralized_loss in server data for client None
[2024-06-20 22:14:31,734][root][INFO] - Appended data to last row of column centralized_acc in server data for client None
[2024-06-20 22:14:31,734][root][INFO] - Appended {'centralized_loss': 0.3289165, 'centralized_acc': 0.9086} to the last row of server data
[2024-06-20 22:14:31,734][flwr][INFO] - fit progress: (2, 0.3289165, {'accuracy': 0.9086}, 15.23517762600386)
[2024-06-20 22:14:31,734][flwr][DEBUG] - evaluate_round 2: strategy sampled 3 clients (out of 3)
[2024-06-20 22:14:32,270][flwr][DEBUG] - evaluate_round 2 received 3 results and 0 failures
[2024-06-20 22:14:32,272][root][INFO] - Added data to epoch for client 0: {'round': 2, 'epoch_steps': 63, 'total_steps': 84, 'l2_norm': 4.849154949188232, 'total_computation_time': 2.7548041343688965, 'total_rtc_check_time': 0.4345929019909818, 'total_duration': 3.4096410274505615, 'val_loss': 0.36323824524879456, 'val_accuracy': 0.890999972820282, 'experiment_id': 'exp_20240620_221414', 'client_id': '0'}
[2024-06-20 22:14:32,272][root][INFO] - Added epoch data for client 0: {'round': 2, 'epoch_steps': 63, 'total_steps': 84, 'l2_norm': 4.849154949188232, 'total_computation_time': 2.7548041343688965, 'total_rtc_check_time': 0.4345929019909818, 'total_duration': 3.4096410274505615, 'val_loss': 0.36323824524879456, 'val_accuracy': 0.890999972820282, 'experiment_id': 'exp_20240620_221414', 'client_id': '0'}
[2024-06-20 22:14:32,273][root][INFO] - Epoch data saved to /home/psklavos/fl/geom_aio/csv_logs/exp_20240620_221414/clients/client_0/epoch.csv
[2024-06-20 22:14:32,274][root][INFO] - Added data to batch for client 0: {'round': 2, 'step_no': 22, 'loss': 1.5649664402008057, 'accuracy': 0.4375, 'l2_norm': 0.08317864686250687, 'computation_time': 0.045420169830322266, 'batch_time': 0.2850993781030411, 'rtc_check_time': 0.23809730100037996, 'experiment_id': 'exp_20240620_221414', 'client_id': '0'}
[2024-06-20 22:14:32,275][root][INFO] - Added data to batch for client 0: {'round': 2, 'step_no': 23, 'loss': 1.3687639236450195, 'accuracy': 0.546875, 'l2_norm': 0.15429550409317017, 'computation_time': 0.045169830322265625, 'batch_time': 0.05038504667754751, 'rtc_check_time': 0.003342199997860007, 'experiment_id': 'exp_20240620_221414', 'client_id': '0'}
[2024-06-20 22:14:32,276][root][INFO] - Added data to batch for client 0: {'round': 2, 'step_no': 24, 'loss': 1.2254654169082642, 'accuracy': 0.6041666865348816, 'l2_norm': 0.158694788813591, 'computation_time': 0.05058884620666504, 'batch_time': 0.05439469749398995, 'rtc_check_time': 0.0022547000116901472, 'experiment_id': 'exp_20240620_221414', 'client_id': '0'}
[2024-06-20 22:14:32,276][root][INFO] - Added data to batch for client 0: {'round': 2, 'step_no': 25, 'loss': 0.9750462770462036, 'accuracy': 0.640625, 'l2_norm': 0.22237840294837952, 'computation_time': 0.04912209510803223, 'batch_time': 0.052670972247142345, 'rtc_check_time': 0.0020558999967761338, 'experiment_id': 'exp_20240620_221414', 'client_id': '0'}
[2024-06-20 22:14:32,277][root][INFO] - Added data to batch for client 0: {'round': 2, 'step_no': 26, 'loss': 1.0446937084197998, 'accuracy': 0.668749988079071, 'l2_norm': 0.30490943789482117, 'computation_time': 0.03864717483520508, 'batch_time': 0.04281853119027801, 'rtc_check_time': 0.003160699998261407, 'experiment_id': 'exp_20240620_221414', 'client_id': '0'}
[2024-06-20 22:14:32,278][root][INFO] - Added data to batch for client 0: {'round': 2, 'step_no': 27, 'loss': 1.2735192775726318, 'accuracy': 0.65625, 'l2_norm': 0.4036145508289337, 'computation_time': 0.04751706123352051, 'batch_time': 0.04977900056110229, 'rtc_check_time': 0.0012848999904235825, 'experiment_id': 'exp_20240620_221414', 'client_id': '0'}
[2024-06-20 22:14:32,279][root][INFO] - Added data to batch for client 0: {'round': 2, 'step_no': 28, 'loss': 1.294236183166504, 'accuracy': 0.6517857313156128, 'l2_norm': 0.46180078387260437, 'computation_time': 0.03905200958251953, 'batch_time': 0.0446591451036511, 'rtc_check_time': 0.004566200004774146, 'experiment_id': 'exp_20240620_221414', 'client_id': '0'}
[2024-06-20 22:14:32,280][root][INFO] - Added data to batch for client 0: {'round': 2, 'step_no': 29, 'loss': 0.9777055978775024, 'accuracy': 0.6640625, 'l2_norm': 0.5385779142379761, 'computation_time': 0.04198813438415527, 'batch_time': 0.04695662533049472, 'rtc_check_time': 0.0038936999917495996, 'experiment_id': 'exp_20240620_221414', 'client_id': '0'}
[2024-06-20 22:14:32,282][root][INFO] - Added data to batch for client 0: {'round': 2, 'step_no': 30, 'loss': 1.03212308883667, 'accuracy': 0.6701388955116272, 'l2_norm': 0.5825700163841248, 'computation_time': 0.04276394844055176, 'batch_time': 0.04728755044925492, 'rtc_check_time': 0.003296700000646524, 'experiment_id': 'exp_20240620_221414', 'client_id': '0'}
[2024-06-20 22:14:32,283][root][INFO] - Added data to batch for client 0: {'round': 2, 'step_no': 31, 'loss': 0.7863867282867432, 'accuracy': 0.690625011920929, 'l2_norm': 0.6733202338218689, 'computation_time': 0.04608488082885742, 'batch_time': 0.049494583799969405, 'rtc_check_time': 0.0017185999895446002, 'experiment_id': 'exp_20240620_221414', 'client_id': '0'}
[2024-06-20 22:14:32,284][root][INFO] - Added data to batch for client 0: {'round': 2, 'step_no': 32, 'loss': 0.8823959827423096, 'accuracy': 0.6903409361839294, 'l2_norm': 0.7374569177627563, 'computation_time': 0.05273699760437012, 'batch_time': 0.058594308138708584, 'rtc_check_time': 0.004336199999670498, 'experiment_id': 'exp_20240620_221414', 'client_id': '0'}
[2024-06-20 22:14:32,285][root][INFO] - Added data to batch for client 0: {'round': 2, 'step_no': 33, 'loss': 1.014601707458496, 'accuracy': 0.6927083134651184, 'l2_norm': 0.830302894115448, 'computation_time': 0.06401515007019043, 'batch_time': 0.07201829839323182, 'rtc_check_time': 0.0067771999893011525, 'experiment_id': 'exp_20240620_221414', 'client_id': '0'}
[2024-06-20 22:14:32,286][root][INFO] - Added data to batch for client 0: {'round': 2, 'step_no': 34, 'loss': 0.7129828929901123, 'accuracy': 0.692307710647583, 'l2_norm': 0.9293590784072876, 'computation_time': 0.05179715156555176, 'batch_time': 0.054366570329875685, 'rtc_check_time': 0.0014355000021168962, 'experiment_id': 'exp_20240620_221414', 'client_id': '0'}
[2024-06-20 22:14:32,287][root][INFO] - Added data to batch for client 0: {'round': 2, 'step_no': 35, 'loss': 1.1019208431243896, 'accuracy': 0.6852678656578064, 'l2_norm': 0.9766533970832825, 'computation_time': 0.04436993598937988, 'batch_time': 0.047568227688316256, 'rtc_check_time': 0.0020422000088728964, 'experiment_id': 'exp_20240620_221414', 'client_id': '0'}
[2024-06-20 22:14:32,288][root][INFO] - Added data to batch for client 0: {'round': 2, 'step_no': 36, 'loss': 0.8397656083106995, 'accuracy': 0.6895833611488342, 'l2_norm': 1.0320676565170288, 'computation_time': 0.03998708724975586, 'batch_time': 0.042369663511635736, 'rtc_check_time': 0.0013116000045556575, 'experiment_id': 'exp_20240620_221414', 'client_id': '0'}
[2024-06-20 22:14:32,288][root][INFO] - Added data to batch for client 0: {'round': 2, 'step_no': 37, 'loss': 0.759422242641449, 'accuracy': 0.697265625, 'l2_norm': 1.1142646074295044, 'computation_time': 0.040472984313964844, 'batch_time': 0.04298350810131524, 'rtc_check_time': 0.0014044999988982454, 'experiment_id': 'exp_20240620_221414', 'client_id': '0'}
[2024-06-20 22:14:32,290][root][INFO] - Added data to batch for client 0: {'round': 2, 'step_no': 38, 'loss': 0.6926181316375732, 'accuracy': 0.7003676295280457, 'l2_norm': 1.2110644578933716, 'computation_time': 0.04204583168029785, 'batch_time': 0.04547636958886869, 'rtc_check_time': 0.0020613000087905675, 'experiment_id': 'exp_20240620_221414', 'client_id': '0'}
[2024-06-20 22:14:32,291][root][INFO] - Added data to batch for client 0: {'round': 2, 'step_no': 39, 'loss': 0.5301260948181152, 'accuracy': 0.7118055820465088, 'l2_norm': 1.2793024778366089, 'computation_time': 0.038134098052978516, 'batch_time': 0.04156106128357351, 'rtc_check_time': 0.00236909999512136, 'experiment_id': 'exp_20240620_221414', 'client_id': '0'}
[2024-06-20 22:14:32,292][root][INFO] - Added data to batch for client 0: {'round': 2, 'step_no': 40, 'loss': 0.6909055709838867, 'accuracy': 0.71875, 'l2_norm': 1.3663707971572876, 'computation_time': 0.039320945739746094, 'batch_time': 0.04285559998243116, 'rtc_check_time': 0.0019145999976899475, 'experiment_id': 'exp_20240620_221414', 'client_id': '0'}
[2024-06-20 22:14:32,292][root][INFO] - Added data to batch for client 0: {'round': 2, 'step_no': 41, 'loss': 0.697298526763916, 'accuracy': 0.723437488079071, 'l2_norm': 1.4639346599578857, 'computation_time': 0.03850603103637695, 'batch_time': 0.04396153446577955, 'rtc_check_time': 0.004364500011433847, 'experiment_id': 'exp_20240620_221414', 'client_id': '0'}
[2024-06-20 22:14:32,294][root][INFO] - Added data to batch for client 0: {'round': 2, 'step_no': 42, 'loss': 0.7925206422805786, 'accuracy': 0.726190447807312, 'l2_norm': 1.553459644317627, 'computation_time': 0.04451894760131836, 'batch_time': 0.04934889943979215, 'rtc_check_time': 0.003281900004367344, 'experiment_id': 'exp_20240620_221414', 'client_id': '0'}
[2024-06-20 22:14:32,296][root][INFO] - Added data to batch for client 0: {'round': 2, 'step_no': 43, 'loss': 0.7072405815124512, 'accuracy': 0.7272727489471436, 'l2_norm': 1.6327046155929565, 'computation_time': 0.0490720272064209, 'batch_time': 0.059989047615090385, 'rtc_check_time': 0.009536099998513237, 'experiment_id': 'exp_20240620_221414', 'client_id': '0'}
[2024-06-20 22:14:32,297][root][INFO] - Added data to batch for client 0: {'round': 2, 'step_no': 44, 'loss': 0.792547345161438, 'accuracy': 0.7255434989929199, 'l2_norm': 1.7040284872055054, 'computation_time': 0.0539860725402832, 'batch_time': 0.056591113985632546, 'rtc_check_time': 0.0014262999902712181, 'experiment_id': 'exp_20240620_221414', 'client_id': '0'}
[2024-06-20 22:14:32,298][root][INFO] - Added data to batch for client 0: {'round': 2, 'step_no': 45, 'loss': 0.6611068844795227, 'accuracy': 0.7265625, 'l2_norm': 1.7761272192001343, 'computation_time': 0.04149007797241211, 'batch_time': 0.053105092272744514, 'rtc_check_time': 0.010456300005898811, 'experiment_id': 'exp_20240620_221414', 'client_id': '0'}
[2024-06-20 22:14:32,299][root][INFO] - Added data to batch for client 0: {'round': 2, 'step_no': 46, 'loss': 0.6510683298110962, 'accuracy': 0.731249988079071, 'l2_norm': 1.8665571212768555, 'computation_time': 0.03805804252624512, 'batch_time': 0.04309940202801954, 'rtc_check_time': 0.0038773999986005947, 'experiment_id': 'exp_20240620_221414', 'client_id': '0'}
[2024-06-20 22:14:32,300][root][INFO] - Added data to batch for client 0: {'round': 2, 'step_no': 47, 'loss': 0.8338805437088013, 'accuracy': 0.729567289352417, 'l2_norm': 1.979612946510315, 'computation_time': 0.03926897048950195, 'batch_time': 0.04449664300773293, 'rtc_check_time': 0.004050599993206561, 'experiment_id': 'exp_20240620_221414', 'client_id': '0'}
[2024-06-20 22:14:32,301][root][INFO] - Added data to batch for client 0: {'round': 2, 'step_no': 48, 'loss': 0.544972836971283, 'accuracy': 0.7326388955116272, 'l2_norm': 2.099762201309204, 'computation_time': 0.040830135345458984, 'batch_time': 0.04558399420056958, 'rtc_check_time': 0.0036289999989094213, 'experiment_id': 'exp_20240620_221414', 'client_id': '0'}
[2024-06-20 22:14:32,302][root][INFO] - Added data to batch for client 0: {'round': 2, 'step_no': 49, 'loss': 0.6158844232559204, 'accuracy': 0.7354910969734192, 'l2_norm': 2.1683144569396973, 'computation_time': 0.051820993423461914, 'batch_time': 0.055980892590014264, 'rtc_check_time': 0.0024049000057857484, 'experiment_id': 'exp_20240620_221414', 'client_id': '0'}
[2024-06-20 22:14:32,303][root][INFO] - Added data to batch for client 0: {'round': 2, 'step_no': 50, 'loss': 0.746972382068634, 'accuracy': 0.7381465435028076, 'l2_norm': 2.2341692447662354, 'computation_time': 0.043020009994506836, 'batch_time': 0.04682273148500826, 'rtc_check_time': 0.002171699990867637, 'experiment_id': 'exp_20240620_221414', 'client_id': '0'}
[2024-06-20 22:14:32,304][root][INFO] - Added data to batch for client 0: {'round': 2, 'step_no': 51, 'loss': 0.8449463248252869, 'accuracy': 0.737500011920929, 'l2_norm': 2.3450424671173096, 'computation_time': 0.03867506980895996, 'batch_time': 0.04220853227889165, 'rtc_check_time': 0.002300599997397512, 'experiment_id': 'exp_20240620_221414', 'client_id': '0'}
[2024-06-20 22:14:32,305][root][INFO] - Added data to batch for client 0: {'round': 2, 'step_no': 52, 'loss': 0.7625745534896851, 'accuracy': 0.7379032373428345, 'l2_norm': 2.406236410140991, 'computation_time': 0.040888071060180664, 'batch_time': 0.044269754114793614, 'rtc_check_time': 0.002305700007127598, 'experiment_id': 'exp_20240620_221414', 'client_id': '0'}
[2024-06-20 22:14:32,306][root][INFO] - Added data to batch for client 0: {'round': 2, 'step_no': 53, 'loss': 0.7244353294372559, 'accuracy': 0.73828125, 'l2_norm': 2.4456722736358643, 'computation_time': 0.04348611831665039, 'batch_time': 0.04720628869836219, 'rtc_check_time': 0.002488500002073124, 'experiment_id': 'exp_20240620_221414', 'client_id': '0'}
[2024-06-20 22:14:32,307][root][INFO] - Added data to batch for client 0: {'round': 2, 'step_no': 54, 'loss': 0.7672978639602661, 'accuracy': 0.7386363744735718, 'l2_norm': 2.566020965576172, 'computation_time': 0.043591976165771484, 'batch_time': 0.049903479011845775, 'rtc_check_time': 0.00521739998657722, 'experiment_id': 'exp_20240620_221414', 'client_id': '0'}
[2024-06-20 22:14:32,308][root][INFO] - Added data to batch for client 0: {'round': 2, 'step_no': 55, 'loss': 0.7018698453903198, 'accuracy': 0.7398896813392639, 'l2_norm': 2.5864675045013428, 'computation_time': 0.0386199951171875, 'batch_time': 0.042238833048031665, 'rtc_check_time': 0.0025059000035980716, 'experiment_id': 'exp_20240620_221414', 'client_id': '0'}
[2024-06-20 22:14:32,309][root][INFO] - Added data to batch for client 0: {'round': 2, 'step_no': 56, 'loss': 0.45856356620788574, 'accuracy': 0.7428571581840515, 'l2_norm': 2.6767518520355225, 'computation_time': 0.03959918022155762, 'batch_time': 0.04391261871205643, 'rtc_check_time': 0.0032036000047810376, 'experiment_id': 'exp_20240620_221414', 'client_id': '0'}
[2024-06-20 22:14:32,310][root][INFO] - Added data to batch for client 0: {'round': 2, 'step_no': 57, 'loss': 0.6996822357177734, 'accuracy': 0.7413194179534912, 'l2_norm': 2.7823219299316406, 'computation_time': 0.04294610023498535, 'batch_time': 0.045591526984935626, 'rtc_check_time': 0.0014704999921377748, 'experiment_id': 'exp_20240620_221414', 'client_id': '0'}
[2024-06-20 22:14:32,311][root][INFO] - Added data to batch for client 0: {'round': 2, 'step_no': 58, 'loss': 0.441112756729126, 'accuracy': 0.7457770109176636, 'l2_norm': 2.8636412620544434, 'computation_time': 0.04582691192626953, 'batch_time': 0.04971329803811386, 'rtc_check_time': 0.0026993000064976513, 'experiment_id': 'exp_20240620_221414', 'client_id': '0'}
[2024-06-20 22:14:32,313][root][INFO] - Added data to batch for client 0: {'round': 2, 'step_no': 59, 'loss': 0.4375244975090027, 'accuracy': 0.75, 'l2_norm': 2.9519033432006836, 'computation_time': 0.03954005241394043, 'batch_time': 0.043339668758562766, 'rtc_check_time': 0.002737699993303977, 'experiment_id': 'exp_20240620_221414', 'client_id': '0'}
[2024-06-20 22:14:32,315][root][INFO] - Added data to batch for client 0: {'round': 2, 'step_no': 60, 'loss': 0.4911247789859772, 'accuracy': 0.7524038553237915, 'l2_norm': 3.085672616958618, 'computation_time': 0.03870511054992676, 'batch_time': 0.04223991070466582, 'rtc_check_time': 0.002382999999099411, 'experiment_id': 'exp_20240620_221414', 'client_id': '0'}
[2024-06-20 22:14:32,318][root][INFO] - Added data to batch for client 0: {'round': 2, 'step_no': 61, 'loss': 0.7873334884643555, 'accuracy': 0.750781238079071, 'l2_norm': 3.1271839141845703, 'computation_time': 0.039482831954956055, 'batch_time': 0.0430383349157637, 'rtc_check_time': 0.002419200012809597, 'experiment_id': 'exp_20240620_221414', 'client_id': '0'}
[2024-06-20 22:14:32,320][root][INFO] - Added data to batch for client 0: {'round': 2, 'step_no': 62, 'loss': 0.6300351023674011, 'accuracy': 0.7492377758026123, 'l2_norm': 3.249603271484375, 'computation_time': 0.03865814208984375, 'batch_time': 0.04407732449180912, 'rtc_check_time': 0.004382300001452677, 'experiment_id': 'exp_20240620_221414', 'client_id': '0'}
[2024-06-20 22:14:32,321][root][INFO] - Added data to batch for client 0: {'round': 2, 'step_no': 63, 'loss': 0.3344724178314209, 'accuracy': 0.753720223903656, 'l2_norm': 3.291419267654419, 'computation_time': 0.04491996765136719, 'batch_time': 0.05059154881746508, 'rtc_check_time': 0.004414399998495355, 'experiment_id': 'exp_20240620_221414', 'client_id': '0'}
[2024-06-20 22:14:32,322][root][INFO] - Added data to batch for client 0: {'round': 2, 'step_no': 64, 'loss': 0.5760552287101746, 'accuracy': 0.7565407156944275, 'l2_norm': 3.337402105331421, 'computation_time': 0.04232215881347656, 'batch_time': 0.04606268809584435, 'rtc_check_time': 0.0027076999976998195, 'experiment_id': 'exp_20240620_221414', 'client_id': '0'}
[2024-06-20 22:14:32,323][root][INFO] - Added data to batch for client 0: {'round': 2, 'step_no': 65, 'loss': 0.4231290817260742, 'accuracy': 0.7599431872367859, 'l2_norm': 3.445951461791992, 'computation_time': 0.040261030197143555, 'batch_time': 0.045340425058384426, 'rtc_check_time': 0.00402629999734927, 'experiment_id': 'exp_20240620_221414', 'client_id': '0'}
[2024-06-20 22:14:32,324][root][INFO] - Added data to batch for client 0: {'round': 2, 'step_no': 66, 'loss': 0.45051854848861694, 'accuracy': 0.7631944417953491, 'l2_norm': 3.545220136642456, 'computation_time': 0.041092872619628906, 'batch_time': 0.0526555032847682, 'rtc_check_time': 0.010409399998025037, 'experiment_id': 'exp_20240620_221414', 'client_id': '0'}
[2024-06-20 22:14:32,326][root][INFO] - Added data to batch for client 0: {'round': 2, 'step_no': 67, 'loss': 0.5682938098907471, 'accuracy': 0.7629076242446899, 'l2_norm': 3.641815185546875, 'computation_time': 0.04972100257873535, 'batch_time': 0.052627502620453015, 'rtc_check_time': 0.0015406000020448118, 'experiment_id': 'exp_20240620_221414', 'client_id': '0'}
[2024-06-20 22:14:32,327][root][INFO] - Added data to batch for client 0: {'round': 2, 'step_no': 68, 'loss': 0.6068596839904785, 'accuracy': 0.7639627456665039, 'l2_norm': 3.780846118927002, 'computation_time': 0.042047977447509766, 'batch_time': 0.046920240769395605, 'rtc_check_time': 0.0037721999979112297, 'experiment_id': 'exp_20240620_221414', 'client_id': '0'}
[2024-06-20 22:14:32,328][root][INFO] - Added data to batch for client 0: {'round': 2, 'step_no': 69, 'loss': 0.6209501028060913, 'accuracy': 0.7643229365348816, 'l2_norm': 3.8201417922973633, 'computation_time': 0.041903018951416016, 'batch_time': 0.04637119805556722, 'rtc_check_time': 0.0033221009944099933, 'experiment_id': 'exp_20240620_221414', 'client_id': '0'}
[2024-06-20 22:14:32,329][root][INFO] - Added data to batch for client 0: {'round': 2, 'step_no': 70, 'loss': 0.32959216833114624, 'accuracy': 0.766581654548645, 'l2_norm': 3.8945152759552, 'computation_time': 0.044229984283447266, 'batch_time': 0.04864577938860748, 'rtc_check_time': 0.002979800003231503, 'experiment_id': 'exp_20240620_221414', 'client_id': '0'}
[2024-06-20 22:14:32,330][root][INFO] - Added data to batch for client 0: {'round': 2, 'step_no': 71, 'loss': 0.8743948936462402, 'accuracy': 0.7643749713897705, 'l2_norm': 3.982168674468994, 'computation_time': 0.040513038635253906, 'batch_time': 0.04433777897793334, 'rtc_check_time': 0.002639800004544668, 'experiment_id': 'exp_20240620_221414', 'client_id': '0'}
[2024-06-20 22:14:32,331][root][INFO] - Added data to batch for client 0: {'round': 2, 'step_no': 72, 'loss': 0.29439565539360046, 'accuracy': 0.7677696347236633, 'l2_norm': 4.0471272468566895, 'computation_time': 0.03899097442626953, 'batch_time': 0.04470927105285227, 'rtc_check_time': 0.0046322999987751245, 'experiment_id': 'exp_20240620_221414', 'client_id': '0'}
[2024-06-20 22:14:32,332][root][INFO] - Added data to batch for client 0: {'round': 2, 'step_no': 73, 'loss': 0.5568594336509705, 'accuracy': 0.768629789352417, 'l2_norm': 4.140118598937988, 'computation_time': 0.042632102966308594, 'batch_time': 0.04518117978295777, 'rtc_check_time': 0.0014812000008532777, 'experiment_id': 'exp_20240620_221414', 'client_id': '0'}
[2024-06-20 22:14:32,333][root][INFO] - Added data to batch for client 0: {'round': 2, 'step_no': 74, 'loss': 0.4505273401737213, 'accuracy': 0.7700471878051758, 'l2_norm': 4.2134623527526855, 'computation_time': 0.04791688919067383, 'batch_time': 0.05162818000826519, 'rtc_check_time': 0.002166100006434135, 'experiment_id': 'exp_20240620_221414', 'client_id': '0'}
[2024-06-20 22:14:32,334][root][INFO] - Added data to batch for client 0: {'round': 2, 'step_no': 75, 'loss': 0.5003857612609863, 'accuracy': 0.7708333134651184, 'l2_norm': 4.295567989349365, 'computation_time': 0.03990817070007324, 'batch_time': 0.044181769640999846, 'rtc_check_time': 0.0031577999907312915, 'experiment_id': 'exp_20240620_221414', 'client_id': '0'}
[2024-06-20 22:14:32,335][root][INFO] - Added data to batch for client 0: {'round': 2, 'step_no': 76, 'loss': 0.3838772177696228, 'accuracy': 0.7727272510528564, 'l2_norm': 4.366769313812256, 'computation_time': 0.05227780342102051, 'batch_time': 0.05505053517117631, 'rtc_check_time': 0.0013693999935640022, 'experiment_id': 'exp_20240620_221414', 'client_id': '0'}
[2024-06-20 22:14:32,336][root][INFO] - Added data to batch for client 0: {'round': 2, 'step_no': 77, 'loss': 0.22712208330631256, 'accuracy': 0.7762276530265808, 'l2_norm': 4.434635639190674, 'computation_time': 0.04676389694213867, 'batch_time': 0.05073570727836341, 'rtc_check_time': 0.0022788000060245395, 'experiment_id': 'exp_20240620_221414', 'client_id': '0'}
[2024-06-20 22:14:32,337][root][INFO] - Added data to batch for client 0: {'round': 2, 'step_no': 78, 'loss': 0.24583475291728973, 'accuracy': 0.7790570259094238, 'l2_norm': 4.488659381866455, 'computation_time': 0.05218982696533203, 'batch_time': 0.05641110090073198, 'rtc_check_time': 0.0023689999943599105, 'experiment_id': 'exp_20240620_221414', 'client_id': '0'}
[2024-06-20 22:14:32,338][root][INFO] - Added data to batch for client 0: {'round': 2, 'step_no': 79, 'loss': 0.6554522514343262, 'accuracy': 0.779633641242981, 'l2_norm': 4.560792446136475, 'computation_time': 0.05165410041809082, 'batch_time': 0.05490577712771483, 'rtc_check_time': 0.0019697000097949058, 'experiment_id': 'exp_20240620_221414', 'client_id': '0'}
[2024-06-20 22:14:32,339][root][INFO] - Added data to batch for client 0: {'round': 2, 'step_no': 80, 'loss': 0.35477975010871887, 'accuracy': 0.7817796468734741, 'l2_norm': 4.627938747406006, 'computation_time': 0.04139590263366699, 'batch_time': 0.04566388556850143, 'rtc_check_time': 0.002977900003315881, 'experiment_id': 'exp_20240620_221414', 'client_id': '0'}
[2024-06-20 22:14:32,340][root][INFO] - Added data to batch for client 0: {'round': 2, 'step_no': 81, 'loss': 0.3892775774002075, 'accuracy': 0.7833333611488342, 'l2_norm': 4.670156478881836, 'computation_time': 0.040634870529174805, 'batch_time': 0.04547458203160204, 'rtc_check_time': 0.00366550000035204, 'experiment_id': 'exp_20240620_221414', 'client_id': '0'}
[2024-06-20 22:14:32,341][root][INFO] - Added data to batch for client 0: {'round': 2, 'step_no': 82, 'loss': 0.6587660312652588, 'accuracy': 0.7838114500045776, 'l2_norm': 4.684140205383301, 'computation_time': 0.03963112831115723, 'batch_time': 0.04299775618710555, 'rtc_check_time': 0.0021979000011924654, 'experiment_id': 'exp_20240620_221414', 'client_id': '0'}
[2024-06-20 22:14:32,342][root][INFO] - Added data to batch for client 0: {'round': 2, 'step_no': 83, 'loss': 0.2873820662498474, 'accuracy': 0.7862903475761414, 'l2_norm': 4.786245822906494, 'computation_time': 0.04214000701904297, 'batch_time': 0.045156808468163945, 'rtc_check_time': 0.001786799999536015, 'experiment_id': 'exp_20240620_221414', 'client_id': '0'}
[2024-06-20 22:14:32,343][root][INFO] - Added data to batch for client 0: {'round': 2, 'step_no': 84, 'loss': 0.3192996084690094, 'accuracy': 0.788690447807312, 'l2_norm': 4.849154949188232, 'computation_time': 0.04183220863342285, 'batch_time': 0.04514060496876482, 'rtc_check_time': 0.0020927000005031005, 'experiment_id': 'exp_20240620_221414', 'client_id': '0'}
[2024-06-20 22:14:32,343][root][INFO] - Added batch data list for client 0. New Data Added: 63
[2024-06-20 22:14:32,345][root][INFO] - Batch data saved to /home/psklavos/fl/geom_aio/csv_logs/exp_20240620_221414/clients/client_0/batch.csv
[2024-06-20 22:14:32,345][root][INFO] - Appended data to last row of column distributed_loss in server data for client None
[2024-06-20 22:14:32,345][root][INFO] - Appended data to last row of column distributed_acc in server data for client None
[2024-06-20 22:14:32,345][root][INFO] - Appended {'distributed_loss': 0.3473234872023265, 'distributed_acc': 0.9008333086967468} to the last row of server data
[2024-06-20 22:14:32,346][root][INFO] - Server data saved to /home/psklavos/fl/geom_aio/csv_logs/exp_20240620_221414/server/server.csv
[2024-06-20 22:14:36,821][flwr][DEBUG] - fit_round 3: strategy sampled 3 clients (out of 3)
[2024-06-20 22:14:43,571][flwr][DEBUG] - fit_round 3 received 3 results and 0 failures
[2024-06-20 22:14:43,576][root][INFO] - Added data to server for client None: {'round': 3, 'average_norm': 5.027385234832764, 'round_time': 8.165999463447632, 'average_downlink_time': 0.7058191116666666, 'average_rtc_check_time': 0.49335716732700047, 'average_uplink_time': 0.665464314, 'average_computation_time': 5.84446914990743, 'average_communication_time': 1.864640592993667, 'average_fit_time': 6.731220881144206, 'average_throughput': 3.475895908814513, 'dropouts': 0, 'experiment_id': 'exp_20240620_221414'}
[2024-06-20 22:14:43,577][root][INFO] - Added server data: {'round': 3, 'average_norm': 5.027385234832764, 'round_time': 8.165999463447632, 'average_downlink_time': 0.7058191116666666, 'average_rtc_check_time': 0.49335716732700047, 'average_uplink_time': 0.665464314, 'average_computation_time': 5.84446914990743, 'average_communication_time': 1.864640592993667, 'average_fit_time': 6.731220881144206, 'average_throughput': 3.475895908814513, 'dropouts': 0, 'experiment_id': 'exp_20240620_221414'}
[2024-06-20 22:14:43,636][utils.model][INFO] - LeNet model built
[2024-06-20 22:14:43,763][utils.model][INFO] - Size of serialized model: 279.0341796875 kbytes
[2024-06-20 22:14:43,809][utils.model][INFO] - Step 1/40 - val_loss: 0.1399 - val_accuracy: 0.9609
[2024-06-20 22:14:43,831][utils.model][INFO] - Step 2/40 - val_loss: 0.1978 - val_accuracy: 0.9355
[2024-06-20 22:14:43,852][utils.model][INFO] - Step 3/40 - val_loss: 0.2134 - val_accuracy: 0.9258
[2024-06-20 22:14:43,874][utils.model][INFO] - Step 4/40 - val_loss: 0.2108 - val_accuracy: 0.9248
[2024-06-20 22:14:43,895][utils.model][INFO] - Step 5/40 - val_loss: 0.2262 - val_accuracy: 0.9211
[2024-06-20 22:14:43,915][utils.model][INFO] - Step 6/40 - val_loss: 0.2289 - val_accuracy: 0.9238
[2024-06-20 22:14:43,933][utils.model][INFO] - Step 7/40 - val_loss: 0.2333 - val_accuracy: 0.9235
[2024-06-20 22:14:43,952][utils.model][INFO] - Step 8/40 - val_loss: 0.2357 - val_accuracy: 0.9248
[2024-06-20 22:14:43,974][utils.model][INFO] - Step 9/40 - val_loss: 0.2476 - val_accuracy: 0.9245
[2024-06-20 22:14:43,992][utils.model][INFO] - Step 10/40 - val_loss: 0.2411 - val_accuracy: 0.9254
[2024-06-20 22:14:44,011][utils.model][INFO] - Step 11/40 - val_loss: 0.2364 - val_accuracy: 0.9268
[2024-06-20 22:14:44,029][utils.model][INFO] - Step 12/40 - val_loss: 0.2345 - val_accuracy: 0.9268
[2024-06-20 22:14:44,048][utils.model][INFO] - Step 13/40 - val_loss: 0.2338 - val_accuracy: 0.9264
[2024-06-20 22:14:44,066][utils.model][INFO] - Step 14/40 - val_loss: 0.2352 - val_accuracy: 0.9252
[2024-06-20 22:14:44,085][utils.model][INFO] - Step 15/40 - val_loss: 0.2361 - val_accuracy: 0.9255
[2024-06-20 22:14:44,104][utils.model][INFO] - Step 16/40 - val_loss: 0.2373 - val_accuracy: 0.9246
[2024-06-20 22:14:44,122][utils.model][INFO] - Step 17/40 - val_loss: 0.2377 - val_accuracy: 0.9251
[2024-06-20 22:14:44,140][utils.model][INFO] - Step 18/40 - val_loss: 0.2374 - val_accuracy: 0.9247
[2024-06-20 22:14:44,158][utils.model][INFO] - Step 19/40 - val_loss: 0.2355 - val_accuracy: 0.9256
[2024-06-20 22:14:44,177][utils.model][INFO] - Step 20/40 - val_loss: 0.2333 - val_accuracy: 0.9262
[2024-06-20 22:14:44,197][utils.model][INFO] - Step 21/40 - val_loss: 0.2262 - val_accuracy: 0.9284
[2024-06-20 22:14:44,216][utils.model][INFO] - Step 22/40 - val_loss: 0.2192 - val_accuracy: 0.9306
[2024-06-20 22:14:44,234][utils.model][INFO] - Step 23/40 - val_loss: 0.2147 - val_accuracy: 0.9319
[2024-06-20 22:14:44,253][utils.model][INFO] - Step 24/40 - val_loss: 0.2169 - val_accuracy: 0.9315
[2024-06-20 22:14:44,271][utils.model][INFO] - Step 25/40 - val_loss: 0.2107 - val_accuracy: 0.9336
[2024-06-20 22:14:44,292][utils.model][INFO] - Step 26/40 - val_loss: 0.2101 - val_accuracy: 0.9346
[2024-06-20 22:14:44,311][utils.model][INFO] - Step 27/40 - val_loss: 0.2062 - val_accuracy: 0.9361
[2024-06-20 22:14:44,331][utils.model][INFO] - Step 28/40 - val_loss: 0.2012 - val_accuracy: 0.9372
[2024-06-20 22:14:44,349][utils.model][INFO] - Step 29/40 - val_loss: 0.1967 - val_accuracy: 0.9390
[2024-06-20 22:14:44,367][utils.model][INFO] - Step 30/40 - val_loss: 0.1940 - val_accuracy: 0.9402
[2024-06-20 22:14:44,386][utils.model][INFO] - Step 31/40 - val_loss: 0.1908 - val_accuracy: 0.9413
[2024-06-20 22:14:44,406][utils.model][INFO] - Step 32/40 - val_loss: 0.1875 - val_accuracy: 0.9423
[2024-06-20 22:14:44,424][utils.model][INFO] - Step 33/40 - val_loss: 0.1846 - val_accuracy: 0.9433
[2024-06-20 22:14:44,443][utils.model][INFO] - Step 34/40 - val_loss: 0.1806 - val_accuracy: 0.9447
[2024-06-20 22:14:44,462][utils.model][INFO] - Step 35/40 - val_loss: 0.1758 - val_accuracy: 0.9463
[2024-06-20 22:14:44,481][utils.model][INFO] - Step 36/40 - val_loss: 0.1750 - val_accuracy: 0.9466
[2024-06-20 22:14:44,499][utils.model][INFO] - Step 37/40 - val_loss: 0.1714 - val_accuracy: 0.9477
[2024-06-20 22:14:44,519][utils.model][INFO] - Step 38/40 - val_loss: 0.1714 - val_accuracy: 0.9476
[2024-06-20 22:14:44,537][utils.model][INFO] - Step 39/40 - val_loss: 0.1749 - val_accuracy: 0.9464
[2024-06-20 22:14:44,546][utils.model][INFO] - Step 40/40 - val_loss: 0.1717 - val_accuracy: 0.9465
[2024-06-20 22:14:44,548][utils.model][INFO] - Evaluation Results - Val Loss: 0.1717, Val Accuracy: 0.9465 in 40 steps
[2024-06-20 22:14:44,549][root][INFO] - Appended data to last row of column centralized_loss in server data for client None
[2024-06-20 22:14:44,549][root][INFO] - Appended data to last row of column centralized_acc in server data for client None
[2024-06-20 22:14:44,549][root][INFO] - Appended {'centralized_loss': 0.17171513, 'centralized_acc': 0.9465} to the last row of server data
[2024-06-20 22:14:44,550][flwr][INFO] - fit progress: (3, 0.17171513, {'accuracy': 0.9465}, 28.050815065013012)
[2024-06-20 22:14:44,550][flwr][DEBUG] - evaluate_round 3: strategy sampled 3 clients (out of 3)
[2024-06-20 22:14:45,080][flwr][DEBUG] - evaluate_round 3 received 3 results and 0 failures
[2024-06-20 22:14:45,082][root][INFO] - Added data to epoch for client 0: {'round': 3, 'epoch_steps': 130, 'total_steps': 214, 'l2_norm': 5.066366195678711, 'total_computation_time': 5.878019094467163, 'total_rtc_check_time': 0.461322300878237, 'total_duration': 6.7325358390808105, 'val_loss': 0.19127175211906433, 'val_accuracy': 0.9419999718666077, 'experiment_id': 'exp_20240620_221414', 'client_id': '0'}
[2024-06-20 22:14:45,082][root][INFO] - Added epoch data for client 0: {'round': 3, 'epoch_steps': 130, 'total_steps': 214, 'l2_norm': 5.066366195678711, 'total_computation_time': 5.878019094467163, 'total_rtc_check_time': 0.461322300878237, 'total_duration': 6.7325358390808105, 'val_loss': 0.19127175211906433, 'val_accuracy': 0.9419999718666077, 'experiment_id': 'exp_20240620_221414', 'client_id': '0'}
[2024-06-20 22:14:45,083][root][INFO] - Epoch data saved to /home/psklavos/fl/geom_aio/csv_logs/exp_20240620_221414/clients/client_0/epoch.csv
[2024-06-20 22:14:45,084][root][INFO] - Added data to batch for client 0: {'round': 3, 'step_no': 85, 'loss': 0.28853049874305725, 'accuracy': 0.9375, 'l2_norm': 0.028887499123811722, 'computation_time': 0.0562591552734375, 'batch_time': 0.06933124184433836, 'rtc_check_time': 0.011119199989479966, 'experiment_id': 'exp_20240620_221414', 'client_id': '0'}
[2024-06-20 22:14:45,085][root][INFO] - Added data to batch for client 0: {'round': 3, 'step_no': 86, 'loss': 0.3221398591995239, 'accuracy': 0.921875, 'l2_norm': 0.0368303544819355, 'computation_time': 0.06886887550354004, 'batch_time': 0.07490631750260945, 'rtc_check_time': 0.0029833000007783994, 'experiment_id': 'exp_20240620_221414', 'client_id': '0'}
[2024-06-20 22:14:45,086][root][INFO] - Added data to batch for client 0: {'round': 3, 'step_no': 87, 'loss': 0.3007727265357971, 'accuracy': 0.9166666865348816, 'l2_norm': 0.04397616907954216, 'computation_time': 0.05572009086608887, 'batch_time': 0.06298528554907534, 'rtc_check_time': 0.0054853999899933115, 'experiment_id': 'exp_20240620_221414', 'client_id': '0'}
[2024-06-20 22:14:45,087][root][INFO] - Added data to batch for client 0: {'round': 3, 'step_no': 88, 'loss': 0.3994585871696472, 'accuracy': 0.90625, 'l2_norm': 0.07902631908655167, 'computation_time': 0.07099413871765137, 'batch_time': 0.07428448562859558, 'rtc_check_time': 0.0019284999871160835, 'experiment_id': 'exp_20240620_221414', 'client_id': '0'}
[2024-06-20 22:14:45,088][root][INFO] - Added data to batch for client 0: {'round': 3, 'step_no': 89, 'loss': 0.30990463495254517, 'accuracy': 0.8999999761581421, 'l2_norm': 0.09868797659873962, 'computation_time': 0.05266094207763672, 'batch_time': 0.057538777371519245, 'rtc_check_time': 0.0034087000094586983, 'experiment_id': 'exp_20240620_221414', 'client_id': '0'}
[2024-06-20 22:14:45,089][root][INFO] - Added data to batch for client 0: {'round': 3, 'step_no': 90, 'loss': 0.4807983636856079, 'accuracy': 0.8958333134651184, 'l2_norm': 0.12185654789209366, 'computation_time': 0.04816603660583496, 'batch_time': 0.05348633925314061, 'rtc_check_time': 0.00324319998617284, 'experiment_id': 'exp_20240620_221414', 'client_id': '0'}
[2024-06-20 22:14:45,090][root][INFO] - Added data to batch for client 0: {'round': 3, 'step_no': 91, 'loss': 0.7282317876815796, 'accuracy': 0.8794642686843872, 'l2_norm': 0.15381798148155212, 'computation_time': 0.060996055603027344, 'batch_time': 0.06537814764305949, 'rtc_check_time': 0.00224609998986125, 'experiment_id': 'exp_20240620_221414', 'client_id': '0'}
[2024-06-20 22:14:45,091][root][INFO] - Added data to batch for client 0: {'round': 3, 'step_no': 92, 'loss': 0.4213888645172119, 'accuracy': 0.87890625, 'l2_norm': 0.16508664190769196, 'computation_time': 0.04619884490966797, 'batch_time': 0.049645486986264586, 'rtc_check_time': 0.0019725000020116568, 'experiment_id': 'exp_20240620_221414', 'client_id': '0'}
[2024-06-20 22:14:45,092][root][INFO] - Added data to batch for client 0: {'round': 3, 'step_no': 93, 'loss': 0.2433599829673767, 'accuracy': 0.8854166865348816, 'l2_norm': 0.17571794986724854, 'computation_time': 0.04860210418701172, 'batch_time': 0.051635018360684626, 'rtc_check_time': 0.0016600999952061102, 'experiment_id': 'exp_20240620_221414', 'client_id': '0'}
[2024-06-20 22:14:45,093][root][INFO] - Added data to batch for client 0: {'round': 3, 'step_no': 94, 'loss': 0.3284366726875305, 'accuracy': 0.8843749761581421, 'l2_norm': 0.18244297802448273, 'computation_time': 0.05223393440246582, 'batch_time': 0.0564226273127133, 'rtc_check_time': 0.0021855000086361542, 'experiment_id': 'exp_20240620_221414', 'client_id': '0'}
[2024-06-20 22:14:45,095][root][INFO] - Added data to batch for client 0: {'round': 3, 'step_no': 95, 'loss': 0.6673581004142761, 'accuracy': 0.8806818127632141, 'l2_norm': 0.2058025300502777, 'computation_time': 0.0489351749420166, 'batch_time': 0.05624437872029375, 'rtc_check_time': 0.006049400006304495, 'experiment_id': 'exp_20240620_221414', 'client_id': '0'}
[2024-06-20 22:14:45,096][root][INFO] - Added data to batch for client 0: {'round': 3, 'step_no': 96, 'loss': 0.2436419129371643, 'accuracy': 0.8854166865348816, 'l2_norm': 0.21515457332134247, 'computation_time': 0.04875302314758301, 'batch_time': 0.05567821583827026, 'rtc_check_time': 0.005561199999647215, 'experiment_id': 'exp_20240620_221414', 'client_id': '0'}
[2024-06-20 22:14:45,097][root][INFO] - Added data to batch for client 0: {'round': 3, 'step_no': 97, 'loss': 0.23958179354667664, 'accuracy': 0.8870192170143127, 'l2_norm': 0.236475870013237, 'computation_time': 0.04672408103942871, 'batch_time': 0.05497004711651243, 'rtc_check_time': 0.006905099988216534, 'experiment_id': 'exp_20240620_221414', 'client_id': '0'}
[2024-06-20 22:14:45,098][root][INFO] - Added data to batch for client 0: {'round': 3, 'step_no': 98, 'loss': 0.47760558128356934, 'accuracy': 0.8794642686843872, 'l2_norm': 0.2855878174304962, 'computation_time': 0.049037933349609375, 'batch_time': 0.05300124148197938, 'rtc_check_time': 0.0025142000085907057, 'experiment_id': 'exp_20240620_221414', 'client_id': '0'}
[2024-06-20 22:14:45,099][root][INFO] - Added data to batch for client 0: {'round': 3, 'step_no': 99, 'loss': 0.504871666431427, 'accuracy': 0.8770833611488342, 'l2_norm': 0.29026275873184204, 'computation_time': 0.0435030460357666, 'batch_time': 0.0492818209604593, 'rtc_check_time': 0.004529699988779612, 'experiment_id': 'exp_20240620_221414', 'client_id': '0'}
[2024-06-20 22:14:45,100][root][INFO] - Added data to batch for client 0: {'round': 3, 'step_no': 100, 'loss': 0.3402574956417084, 'accuracy': 0.880859375, 'l2_norm': 0.31689345836639404, 'computation_time': 0.04593706130981445, 'batch_time': 0.051698373805265874, 'rtc_check_time': 0.004379199992399663, 'experiment_id': 'exp_20240620_221414', 'client_id': '0'}
[2024-06-20 22:14:45,101][root][INFO] - Added data to batch for client 0: {'round': 3, 'step_no': 101, 'loss': 0.4100245237350464, 'accuracy': 0.8786764740943909, 'l2_norm': 0.33920860290527344, 'computation_time': 0.0534968376159668, 'batch_time': 0.059420708057587035, 'rtc_check_time': 0.00439370000094641, 'experiment_id': 'exp_20240620_221414', 'client_id': '0'}
[2024-06-20 22:14:45,102][root][INFO] - Added data to batch for client 0: {'round': 3, 'step_no': 102, 'loss': 0.36808913946151733, 'accuracy': 0.8802083134651184, 'l2_norm': 0.382407546043396, 'computation_time': 0.04389309883117676, 'batch_time': 0.047830994706600904, 'rtc_check_time': 0.0026769000105559826, 'experiment_id': 'exp_20240620_221414', 'client_id': '0'}
[2024-06-20 22:14:45,103][root][INFO] - Added data to batch for client 0: {'round': 3, 'step_no': 103, 'loss': 0.39048096537590027, 'accuracy': 0.8799341917037964, 'l2_norm': 0.41244369745254517, 'computation_time': 0.043128013610839844, 'batch_time': 0.0462632352282526, 'rtc_check_time': 0.0017183000018121675, 'experiment_id': 'exp_20240620_221414', 'client_id': '0'}
[2024-06-20 22:14:45,104][root][INFO] - Added data to batch for client 0: {'round': 3, 'step_no': 104, 'loss': 0.5069400668144226, 'accuracy': 0.878125011920929, 'l2_norm': 0.4287795126438141, 'computation_time': 0.053446054458618164, 'batch_time': 0.05665718065574765, 'rtc_check_time': 0.0020330999977886677, 'experiment_id': 'exp_20240620_221414', 'client_id': '0'}
[2024-06-20 22:14:45,105][root][INFO] - Added data to batch for client 0: {'round': 3, 'step_no': 105, 'loss': 0.36496636271476746, 'accuracy': 0.8794642686843872, 'l2_norm': 0.4462728500366211, 'computation_time': 0.04461503028869629, 'batch_time': 0.0620417125755921, 'rtc_check_time': 0.016175700002349913, 'experiment_id': 'exp_20240620_221414', 'client_id': '0'}
[2024-06-20 22:14:45,107][root][INFO] - Added data to batch for client 0: {'round': 3, 'step_no': 106, 'loss': 0.2146291434764862, 'accuracy': 0.8806818127632141, 'l2_norm': 0.4691236615180969, 'computation_time': 0.045825958251953125, 'batch_time': 0.052900904935086146, 'rtc_check_time': 0.00528489999123849, 'experiment_id': 'exp_20240620_221414', 'client_id': '0'}
[2024-06-20 22:14:45,107][root][INFO] - Added data to batch for client 0: {'round': 3, 'step_no': 107, 'loss': 0.26356810331344604, 'accuracy': 0.8817934989929199, 'l2_norm': 0.47851529717445374, 'computation_time': 0.050985097885131836, 'batch_time': 0.05734989189659245, 'rtc_check_time': 0.005178899999009445, 'experiment_id': 'exp_20240620_221414', 'client_id': '0'}
[2024-06-20 22:14:45,108][root][INFO] - Added data to batch for client 0: {'round': 3, 'step_no': 108, 'loss': 0.5029045343399048, 'accuracy': 0.8802083134651184, 'l2_norm': 0.542107880115509, 'computation_time': 0.05661320686340332, 'batch_time': 0.06089740483730566, 'rtc_check_time': 0.0028214999911142513, 'experiment_id': 'exp_20240620_221414', 'client_id': '0'}
[2024-06-20 22:14:45,110][root][INFO] - Added data to batch for client 0: {'round': 3, 'step_no': 109, 'loss': 0.24007102847099304, 'accuracy': 0.8824999928474426, 'l2_norm': 0.5496919751167297, 'computation_time': 0.051809072494506836, 'batch_time': 0.0617867714172462, 'rtc_check_time': 0.008605600000009872, 'experiment_id': 'exp_20240620_221414', 'client_id': '0'}
[2024-06-20 22:14:45,111][root][INFO] - Added data to batch for client 0: {'round': 3, 'step_no': 110, 'loss': 0.10703326016664505, 'accuracy': 0.8870192170143127, 'l2_norm': 0.5533420443534851, 'computation_time': 0.0538029670715332, 'batch_time': 0.0573640873626573, 'rtc_check_time': 0.001966099996934645, 'experiment_id': 'exp_20240620_221414', 'client_id': '0'}
[2024-06-20 22:14:45,112][root][INFO] - Added data to batch for client 0: {'round': 3, 'step_no': 111, 'loss': 0.26031696796417236, 'accuracy': 0.8888888955116272, 'l2_norm': 0.5835747718811035, 'computation_time': 0.053357839584350586, 'batch_time': 0.061277220767806284, 'rtc_check_time': 0.0058511000097496435, 'experiment_id': 'exp_20240620_221414', 'client_id': '0'}
[2024-06-20 22:14:45,113][root][INFO] - Added data to batch for client 0: {'round': 3, 'step_no': 112, 'loss': 0.29835045337677, 'accuracy': 0.8895089030265808, 'l2_norm': 0.633506178855896, 'computation_time': 0.05765700340270996, 'batch_time': 0.06266075655003078, 'rtc_check_time': 0.0036337999918032438, 'experiment_id': 'exp_20240620_221414', 'client_id': '0'}
[2024-06-20 22:14:45,114][root][INFO] - Added data to batch for client 0: {'round': 3, 'step_no': 113, 'loss': 0.24194994568824768, 'accuracy': 0.8900862336158752, 'l2_norm': 0.6429532766342163, 'computation_time': 0.04850506782531738, 'batch_time': 0.05174771595920902, 'rtc_check_time': 0.0018448000046191737, 'experiment_id': 'exp_20240620_221414', 'client_id': '0'}
[2024-06-20 22:14:45,115][root][INFO] - Added data to batch for client 0: {'round': 3, 'step_no': 114, 'loss': 0.19309966266155243, 'accuracy': 0.8927083611488342, 'l2_norm': 0.6640570759773254, 'computation_time': 0.048150062561035156, 'batch_time': 0.05210755328880623, 'rtc_check_time': 0.0024545000051148236, 'experiment_id': 'exp_20240620_221414', 'client_id': '0'}
[2024-06-20 22:14:45,116][root][INFO] - Added data to batch for client 0: {'round': 3, 'step_no': 115, 'loss': 0.3172728419303894, 'accuracy': 0.8921371102333069, 'l2_norm': 0.7080430388450623, 'computation_time': 0.04567408561706543, 'batch_time': 0.05659322648716625, 'rtc_check_time': 0.009481000000960194, 'experiment_id': 'exp_20240620_221414', 'client_id': '0'}
[2024-06-20 22:14:45,117][root][INFO] - Added data to batch for client 0: {'round': 3, 'step_no': 116, 'loss': 0.3657475709915161, 'accuracy': 0.8916015625, 'l2_norm': 0.7413821220397949, 'computation_time': 0.05263710021972656, 'batch_time': 0.0575383230461739, 'rtc_check_time': 0.003448300005402416, 'experiment_id': 'exp_20240620_221414', 'client_id': '0'}
[2024-06-20 22:14:45,118][root][INFO] - Added data to batch for client 0: {'round': 3, 'step_no': 117, 'loss': 0.4373127818107605, 'accuracy': 0.8920454382896423, 'l2_norm': 0.7544527649879456, 'computation_time': 0.04813694953918457, 'batch_time': 0.05474437172233593, 'rtc_check_time': 0.005193600009079091, 'experiment_id': 'exp_20240620_221414', 'client_id': '0'}
[2024-06-20 22:14:45,119][root][INFO] - Added data to batch for client 0: {'round': 3, 'step_no': 118, 'loss': 0.18871313333511353, 'accuracy': 0.8943014740943909, 'l2_norm': 0.7703133821487427, 'computation_time': 0.057494163513183594, 'batch_time': 0.061172411995357834, 'rtc_check_time': 0.002111599998897873, 'experiment_id': 'exp_20240620_221414', 'client_id': '0'}
[2024-06-20 22:14:45,120][root][INFO] - Added data to batch for client 0: {'round': 3, 'step_no': 119, 'loss': 0.3116219639778137, 'accuracy': 0.893750011920929, 'l2_norm': 0.8013647198677063, 'computation_time': 0.05090188980102539, 'batch_time': 0.0546465975639876, 'rtc_check_time': 0.0024643999931868166, 'experiment_id': 'exp_20240620_221414', 'client_id': '0'}
[2024-06-20 22:14:45,121][root][INFO] - Added data to batch for client 0: {'round': 3, 'step_no': 120, 'loss': 0.25939178466796875, 'accuracy': 0.8940972089767456, 'l2_norm': 0.8427857756614685, 'computation_time': 0.0381770133972168, 'batch_time': 0.04196552361827344, 'rtc_check_time': 0.0026925000129267573, 'experiment_id': 'exp_20240620_221414', 'client_id': '0'}
[2024-06-20 22:14:45,122][root][INFO] - Added data to batch for client 0: {'round': 3, 'step_no': 121, 'loss': 0.6692193746566772, 'accuracy': 0.8918918967247009, 'l2_norm': 0.897930920124054, 'computation_time': 0.045311927795410156, 'batch_time': 0.048280550458002836, 'rtc_check_time': 0.0018563999910838902, 'experiment_id': 'exp_20240620_221414', 'client_id': '0'}
[2024-06-20 22:14:45,123][root][INFO] - Added data to batch for client 0: {'round': 3, 'step_no': 122, 'loss': 0.3311038613319397, 'accuracy': 0.8930920958518982, 'l2_norm': 0.9303932189941406, 'computation_time': 0.0382080078125, 'batch_time': 0.04214279029110912, 'rtc_check_time': 0.0028556999895954505, 'experiment_id': 'exp_20240620_221414', 'client_id': '0'}
[2024-06-20 22:14:45,124][root][INFO] - Added data to batch for client 0: {'round': 3, 'step_no': 123, 'loss': 0.17770913243293762, 'accuracy': 0.8942307829856873, 'l2_norm': 0.9538348317146301, 'computation_time': 0.0393519401550293, 'batch_time': 0.041879831842379645, 'rtc_check_time': 0.001371799997286871, 'experiment_id': 'exp_20240620_221414', 'client_id': '0'}
[2024-06-20 22:14:45,125][root][INFO] - Added data to batch for client 0: {'round': 3, 'step_no': 124, 'loss': 0.19566361606121063, 'accuracy': 0.895312488079071, 'l2_norm': 0.9745281934738159, 'computation_time': 0.044445037841796875, 'batch_time': 0.05147376042441465, 'rtc_check_time': 0.005958699999609962, 'experiment_id': 'exp_20240620_221414', 'client_id': '0'}
[2024-06-20 22:14:45,126][root][INFO] - Added data to batch for client 0: {'round': 3, 'step_no': 125, 'loss': 0.37138721346855164, 'accuracy': 0.8925305008888245, 'l2_norm': 1.0103784799575806, 'computation_time': 0.042788028717041016, 'batch_time': 0.046168012981070206, 'rtc_check_time': 0.0022680000110995024, 'experiment_id': 'exp_20240620_221414', 'client_id': '0'}
[2024-06-20 22:14:45,127][root][INFO] - Added data to batch for client 0: {'round': 3, 'step_no': 126, 'loss': 0.3388406038284302, 'accuracy': 0.8913690447807312, 'l2_norm': 1.042486548423767, 'computation_time': 0.06951284408569336, 'batch_time': 0.07241815481393132, 'rtc_check_time': 0.001556099989102222, 'experiment_id': 'exp_20240620_221414', 'client_id': '0'}
[2024-06-20 22:14:45,128][root][INFO] - Added data to batch for client 0: {'round': 3, 'step_no': 127, 'loss': 1.1016091108322144, 'accuracy': 0.8880813717842102, 'l2_norm': 1.0968620777130127, 'computation_time': 0.05315804481506348, 'batch_time': 0.0644830814562738, 'rtc_check_time': 0.00947920000180602, 'experiment_id': 'exp_20240620_221414', 'client_id': '0'}
[2024-06-20 22:14:45,129][root][INFO] - Added data to batch for client 0: {'round': 3, 'step_no': 128, 'loss': 0.42524904012680054, 'accuracy': 0.8863636255264282, 'l2_norm': 1.135701298713684, 'computation_time': 0.0536189079284668, 'batch_time': 0.05707614771381486, 'rtc_check_time': 0.0022692000056849793, 'experiment_id': 'exp_20240620_221414', 'client_id': '0'}
[2024-06-20 22:14:45,130][root][INFO] - Added data to batch for client 0: {'round': 3, 'step_no': 129, 'loss': 0.2017359584569931, 'accuracy': 0.886805534362793, 'l2_norm': 1.1545323133468628, 'computation_time': 0.03961515426635742, 'batch_time': 0.047566190696670674, 'rtc_check_time': 0.006744400001480244, 'experiment_id': 'exp_20240620_221414', 'client_id': '0'}
[2024-06-20 22:14:45,131][root][INFO] - Added data to batch for client 0: {'round': 3, 'step_no': 130, 'loss': 0.24823608994483948, 'accuracy': 0.88722825050354, 'l2_norm': 1.2052996158599854, 'computation_time': 0.042893171310424805, 'batch_time': 0.04582847247365862, 'rtc_check_time': 0.0015756000066176057, 'experiment_id': 'exp_20240620_221414', 'client_id': '0'}
[2024-06-20 22:14:45,132][root][INFO] - Added data to batch for client 0: {'round': 3, 'step_no': 131, 'loss': 0.27289459109306335, 'accuracy': 0.8882978558540344, 'l2_norm': 1.223327398300171, 'computation_time': 0.04232215881347656, 'batch_time': 0.049233110243221745, 'rtc_check_time': 0.0058302000106778, 'experiment_id': 'exp_20240620_221414', 'client_id': '0'}
[2024-06-20 22:14:45,133][root][INFO] - Added data to batch for client 0: {'round': 3, 'step_no': 132, 'loss': 0.3928753137588501, 'accuracy': 0.8880208134651184, 'l2_norm': 1.2715632915496826, 'computation_time': 0.04115009307861328, 'batch_time': 0.043550671107368544, 'rtc_check_time': 0.0012967000075150281, 'experiment_id': 'exp_20240620_221414', 'client_id': '0'}
[2024-06-20 22:14:45,134][root][INFO] - Added data to batch for client 0: {'round': 3, 'step_no': 133, 'loss': 0.5315017104148865, 'accuracy': 0.887117326259613, 'l2_norm': 1.2916700839996338, 'computation_time': 0.03952193260192871, 'batch_time': 0.04344895068788901, 'rtc_check_time': 0.002575899998191744, 'experiment_id': 'exp_20240620_221414', 'client_id': '0'}
[2024-06-20 22:14:45,134][root][INFO] - Added data to batch for client 0: {'round': 3, 'step_no': 134, 'loss': 0.3719203770160675, 'accuracy': 0.8862500190734863, 'l2_norm': 1.3345162868499756, 'computation_time': 0.036817073822021484, 'batch_time': 0.04202309073298238, 'rtc_check_time': 0.004147200001170859, 'experiment_id': 'exp_20240620_221414', 'client_id': '0'}
[2024-06-20 22:14:45,135][root][INFO] - Added data to batch for client 0: {'round': 3, 'step_no': 135, 'loss': 0.2442379891872406, 'accuracy': 0.8866421580314636, 'l2_norm': 1.3641085624694824, 'computation_time': 0.0396268367767334, 'batch_time': 0.04251567776373122, 'rtc_check_time': 0.0016648000018903986, 'experiment_id': 'exp_20240620_221414', 'client_id': '0'}
[2024-06-20 22:14:45,136][root][INFO] - Added data to batch for client 0: {'round': 3, 'step_no': 136, 'loss': 0.280131459236145, 'accuracy': 0.887620210647583, 'l2_norm': 1.4241691827774048, 'computation_time': 0.042160987854003906, 'batch_time': 0.047193549980875105, 'rtc_check_time': 0.003968500008340925, 'experiment_id': 'exp_20240620_221414', 'client_id': '0'}
[2024-06-20 22:14:45,138][root][INFO] - Added data to batch for client 0: {'round': 3, 'step_no': 137, 'loss': 0.5117599964141846, 'accuracy': 0.8862028121948242, 'l2_norm': 1.4817806482315063, 'computation_time': 0.04431414604187012, 'batch_time': 0.04729945649160072, 'rtc_check_time': 0.0015064000035636127, 'experiment_id': 'exp_20240620_221414', 'client_id': '0'}
[2024-06-20 22:14:45,139][root][INFO] - Added data to batch for client 0: {'round': 3, 'step_no': 138, 'loss': 0.36923789978027344, 'accuracy': 0.8865740895271301, 'l2_norm': 1.4928128719329834, 'computation_time': 0.04448509216308594, 'batch_time': 0.047977244219509885, 'rtc_check_time': 0.002372299990383908, 'experiment_id': 'exp_20240620_221414', 'client_id': '0'}
[2024-06-20 22:14:45,139][root][INFO] - Added data to batch for client 0: {'round': 3, 'step_no': 139, 'loss': 0.19579365849494934, 'accuracy': 0.886931836605072, 'l2_norm': 1.5215684175491333, 'computation_time': 0.05093717575073242, 'batch_time': 0.05390407523373142, 'rtc_check_time': 0.001597900001797825, 'experiment_id': 'exp_20240620_221414', 'client_id': '0'}
[2024-06-20 22:14:45,140][root][INFO] - Added data to batch for client 0: {'round': 3, 'step_no': 140, 'loss': 0.4503241181373596, 'accuracy': 0.8861607313156128, 'l2_norm': 1.6177010536193848, 'computation_time': 0.03979897499084473, 'batch_time': 0.046340810382389463, 'rtc_check_time': 0.005286799991154112, 'experiment_id': 'exp_20240620_221414', 'client_id': '0'}
[2024-06-20 22:14:45,141][root][INFO] - Added data to batch for client 0: {'round': 3, 'step_no': 141, 'loss': 0.6806825399398804, 'accuracy': 0.8848684430122375, 'l2_norm': 1.6422384977340698, 'computation_time': 0.03879189491271973, 'batch_time': 0.043027421677834354, 'rtc_check_time': 0.0030606000073021278, 'experiment_id': 'exp_20240620_221414', 'client_id': '0'}
[2024-06-20 22:14:45,142][root][INFO] - Added data to batch for client 0: {'round': 3, 'step_no': 142, 'loss': 0.37334832549095154, 'accuracy': 0.8852370977401733, 'l2_norm': 1.6724414825439453, 'computation_time': 0.03828692436218262, 'batch_time': 0.0417881234025117, 'rtc_check_time': 0.0023432000016327947, 'experiment_id': 'exp_20240620_221414', 'client_id': '0'}
[2024-06-20 22:14:45,143][root][INFO] - Added data to batch for client 0: {'round': 3, 'step_no': 143, 'loss': 0.405711829662323, 'accuracy': 0.8850635886192322, 'l2_norm': 1.6967312097549438, 'computation_time': 0.039163827896118164, 'batch_time': 0.043260267964797094, 'rtc_check_time': 0.0030380999960470945, 'experiment_id': 'exp_20240620_221414', 'client_id': '0'}
[2024-06-20 22:14:45,144][root][INFO] - Added data to batch for client 0: {'round': 3, 'step_no': 144, 'loss': 0.18489030003547668, 'accuracy': 0.885937511920929, 'l2_norm': 1.7175077199935913, 'computation_time': 0.03879690170288086, 'batch_time': 0.043405693300883286, 'rtc_check_time': 0.0034948999964399263, 'experiment_id': 'exp_20240620_221414', 'client_id': '0'}
[2024-06-20 22:14:45,145][root][INFO] - Added data to batch for client 0: {'round': 3, 'step_no': 145, 'loss': 0.08216747641563416, 'accuracy': 0.8878073692321777, 'l2_norm': 1.7372097969055176, 'computation_time': 0.04673504829406738, 'batch_time': 0.05032715664128773, 'rtc_check_time': 0.0025711999915074557, 'experiment_id': 'exp_20240620_221414', 'client_id': '0'}
[2024-06-20 22:14:45,146][root][INFO] - Added data to batch for client 0: {'round': 3, 'step_no': 146, 'loss': 0.3043040633201599, 'accuracy': 0.8886088728904724, 'l2_norm': 1.8065242767333984, 'computation_time': 0.042437076568603516, 'batch_time': 0.05064351385226473, 'rtc_check_time': 0.007132600003387779, 'experiment_id': 'exp_20240620_221414', 'client_id': '0'}
[2024-06-20 22:14:45,147][root][INFO] - Added data to batch for client 0: {'round': 3, 'step_no': 147, 'loss': 0.3314787745475769, 'accuracy': 0.8888888955116272, 'l2_norm': 1.8708784580230713, 'computation_time': 0.04226493835449219, 'batch_time': 0.044828147438238375, 'rtc_check_time': 0.001460999992559664, 'experiment_id': 'exp_20240620_221414', 'client_id': '0'}
[2024-06-20 22:14:45,148][root][INFO] - Added data to batch for client 0: {'round': 3, 'step_no': 148, 'loss': 0.4512201249599457, 'accuracy': 0.8896484375, 'l2_norm': 1.8982772827148438, 'computation_time': 0.038236141204833984, 'batch_time': 0.041795876721153036, 'rtc_check_time': 0.0025187999999616295, 'experiment_id': 'exp_20240620_221414', 'client_id': '0'}
[2024-06-20 22:14:45,149][root][INFO] - Added data to batch for client 0: {'round': 3, 'step_no': 149, 'loss': 0.8300783038139343, 'accuracy': 0.888942301273346, 'l2_norm': 1.9602442979812622, 'computation_time': 0.03802800178527832, 'batch_time': 0.04113561933627352, 'rtc_check_time': 0.0020096999942325056, 'experiment_id': 'exp_20240620_221414', 'client_id': '0'}
[2024-06-20 22:14:45,150][root][INFO] - Added data to batch for client 0: {'round': 3, 'step_no': 150, 'loss': 0.24451172351837158, 'accuracy': 0.8896780014038086, 'l2_norm': 2.0013322830200195, 'computation_time': 0.043164968490600586, 'batch_time': 0.04628827299166005, 'rtc_check_time': 0.001782199993613176, 'experiment_id': 'exp_20240620_221414', 'client_id': '0'}
[2024-06-20 22:14:45,151][root][INFO] - Added data to batch for client 0: {'round': 3, 'step_no': 151, 'loss': 0.23307746648788452, 'accuracy': 0.8899253606796265, 'l2_norm': 2.066715717315674, 'computation_time': 0.03895401954650879, 'batch_time': 0.0433766365313204, 'rtc_check_time': 0.003321599986520596, 'experiment_id': 'exp_20240620_221414', 'client_id': '0'}
[2024-06-20 22:14:45,152][root][INFO] - Added data to batch for client 0: {'round': 3, 'step_no': 152, 'loss': 0.1380893588066101, 'accuracy': 0.8915441036224365, 'l2_norm': 2.0818662643432617, 'computation_time': 0.05129218101501465, 'batch_time': 0.053809618853847496, 'rtc_check_time': 0.0014467000000877306, 'experiment_id': 'exp_20240620_221414', 'client_id': '0'}
[2024-06-20 22:14:45,153][root][INFO] - Added data to batch for client 0: {'round': 3, 'step_no': 153, 'loss': 0.20730066299438477, 'accuracy': 0.8926630616188049, 'l2_norm': 2.1115381717681885, 'computation_time': 0.04308581352233887, 'batch_time': 0.04600636556278914, 'rtc_check_time': 0.0015444000018760562, 'experiment_id': 'exp_20240620_221414', 'client_id': '0'}
[2024-06-20 22:14:45,153][root][INFO] - Added data to batch for client 0: {'round': 3, 'step_no': 154, 'loss': 0.2369765192270279, 'accuracy': 0.8928571343421936, 'l2_norm': 2.148383140563965, 'computation_time': 0.04126596450805664, 'batch_time': 0.043856568008777685, 'rtc_check_time': 0.0014573999942513183, 'experiment_id': 'exp_20240620_221414', 'client_id': '0'}
[2024-06-20 22:14:45,154][root][INFO] - Added data to batch for client 0: {'round': 3, 'step_no': 155, 'loss': 0.5668543577194214, 'accuracy': 0.8930457830429077, 'l2_norm': 2.201843738555908, 'computation_time': 0.04043388366699219, 'batch_time': 0.04336481378413737, 'rtc_check_time': 0.0017746000085026026, 'experiment_id': 'exp_20240620_221414', 'client_id': '0'}
[2024-06-20 22:14:45,155][root][INFO] - Added data to batch for client 0: {'round': 3, 'step_no': 156, 'loss': 0.19364185631275177, 'accuracy': 0.8936631679534912, 'l2_norm': 2.2527644634246826, 'computation_time': 0.04739117622375488, 'batch_time': 0.04977439984213561, 'rtc_check_time': 0.00136160000693053, 'experiment_id': 'exp_20240620_221414', 'client_id': '0'}
[2024-06-20 22:14:45,156][root][INFO] - Added data to batch for client 0: {'round': 3, 'step_no': 157, 'loss': 0.37931519746780396, 'accuracy': 0.8929794430732727, 'l2_norm': 2.3017361164093018, 'computation_time': 0.04163098335266113, 'batch_time': 0.04531082510948181, 'rtc_check_time': 0.0026308000087738037, 'experiment_id': 'exp_20240620_221414', 'client_id': '0'}
[2024-06-20 22:14:45,157][root][INFO] - Added data to batch for client 0: {'round': 3, 'step_no': 158, 'loss': 0.278232604265213, 'accuracy': 0.8931587934494019, 'l2_norm': 2.363952398300171, 'computation_time': 0.039732933044433594, 'batch_time': 0.045243674583616666, 'rtc_check_time': 0.004289799995603971, 'experiment_id': 'exp_20240620_221414', 'client_id': '0'}
[2024-06-20 22:14:45,158][root][INFO] - Added data to batch for client 0: {'round': 3, 'step_no': 159, 'loss': 0.1996622383594513, 'accuracy': 0.893750011920929, 'l2_norm': 2.3810036182403564, 'computation_time': 0.04597806930541992, 'batch_time': 0.04897801566403359, 'rtc_check_time': 0.0016349999932572246, 'experiment_id': 'exp_20240620_221414', 'client_id': '0'}
[2024-06-20 22:14:45,159][root][INFO] - Added data to batch for client 0: {'round': 3, 'step_no': 160, 'loss': 0.18340501189231873, 'accuracy': 0.8943256735801697, 'l2_norm': 2.4403414726257324, 'computation_time': 0.04382681846618652, 'batch_time': 0.046831785497488454, 'rtc_check_time': 0.0017547000024933368, 'experiment_id': 'exp_20240620_221414', 'client_id': '0'}
[2024-06-20 22:14:45,160][root][INFO] - Added data to batch for client 0: {'round': 3, 'step_no': 161, 'loss': 0.14641767740249634, 'accuracy': 0.895698070526123, 'l2_norm': 2.462712526321411, 'computation_time': 0.04563498497009277, 'batch_time': 0.04858087525644805, 'rtc_check_time': 0.0016539000062039122, 'experiment_id': 'exp_20240620_221414', 'client_id': '0'}
[2024-06-20 22:14:45,161][root][INFO] - Added data to batch for client 0: {'round': 3, 'step_no': 162, 'loss': 0.3245490491390228, 'accuracy': 0.8958333134651184, 'l2_norm': 2.558694362640381, 'computation_time': 0.0377349853515625, 'batch_time': 0.04049139973358251, 'rtc_check_time': 0.0015554999990854412, 'experiment_id': 'exp_20240620_221414', 'client_id': '0'}
[2024-06-20 22:14:45,162][root][INFO] - Added data to batch for client 0: {'round': 3, 'step_no': 163, 'loss': 0.4351744055747986, 'accuracy': 0.8951740264892578, 'l2_norm': 2.644801139831543, 'computation_time': 0.03810000419616699, 'batch_time': 0.04185002621670719, 'rtc_check_time': 0.0026768999960040674, 'experiment_id': 'exp_20240620_221414', 'client_id': '0'}
[2024-06-20 22:14:45,163][root][INFO] - Added data to batch for client 0: {'round': 3, 'step_no': 164, 'loss': 0.09130838513374329, 'accuracy': 0.896484375, 'l2_norm': 2.6533095836639404, 'computation_time': 0.041046142578125, 'batch_time': 0.043651381696690805, 'rtc_check_time': 0.0014562999858753756, 'experiment_id': 'exp_20240620_221414', 'client_id': '0'}
[2024-06-20 22:14:45,164][root][INFO] - Added data to batch for client 0: {'round': 3, 'step_no': 165, 'loss': 0.1851492077112198, 'accuracy': 0.8969907164573669, 'l2_norm': 2.700059175491333, 'computation_time': 0.04065203666687012, 'batch_time': 0.045230767893372104, 'rtc_check_time': 0.003428600000916049, 'experiment_id': 'exp_20240620_221414', 'client_id': '0'}
[2024-06-20 22:14:45,165][root][INFO] - Added data to batch for client 0: {'round': 3, 'step_no': 166, 'loss': 0.3897077739238739, 'accuracy': 0.8971036672592163, 'l2_norm': 2.7460718154907227, 'computation_time': 0.04488086700439453, 'batch_time': 0.04826162353856489, 'rtc_check_time': 0.0014745999942533672, 'experiment_id': 'exp_20240620_221414', 'client_id': '0'}
[2024-06-20 22:14:45,166][root][INFO] - Added data to batch for client 0: {'round': 3, 'step_no': 167, 'loss': 0.28477153182029724, 'accuracy': 0.8968373537063599, 'l2_norm': 2.8205411434173584, 'computation_time': 0.04002118110656738, 'batch_time': 0.04623663373058662, 'rtc_check_time': 0.004287599993404001, 'experiment_id': 'exp_20240620_221414', 'client_id': '0'}
[2024-06-20 22:14:45,167][root][INFO] - Added data to batch for client 0: {'round': 3, 'step_no': 168, 'loss': 0.4637638330459595, 'accuracy': 0.8954613208770752, 'l2_norm': 2.890296697616577, 'computation_time': 0.043727874755859375, 'batch_time': 0.04755798011319712, 'rtc_check_time': 0.0026217999984510243, 'experiment_id': 'exp_20240620_221414', 'client_id': '0'}
[2024-06-20 22:14:45,168][root][INFO] - Added data to batch for client 0: {'round': 3, 'step_no': 169, 'loss': 0.35108810663223267, 'accuracy': 0.8948529362678528, 'l2_norm': 2.9066877365112305, 'computation_time': 0.03888297080993652, 'batch_time': 0.04238002045894973, 'rtc_check_time': 0.002449199993861839, 'experiment_id': 'exp_20240620_221414', 'client_id': '0'}
[2024-06-20 22:14:45,169][root][INFO] - Added data to batch for client 0: {'round': 3, 'step_no': 170, 'loss': 0.19199705123901367, 'accuracy': 0.8946220874786377, 'l2_norm': 2.9651987552642822, 'computation_time': 0.04433107376098633, 'batch_time': 0.04709195483883377, 'rtc_check_time': 0.001545899998745881, 'experiment_id': 'exp_20240620_221414', 'client_id': '0'}
[2024-06-20 22:14:45,170][root][INFO] - Added data to batch for client 0: {'round': 3, 'step_no': 171, 'loss': 0.2506635785102844, 'accuracy': 0.8943965435028076, 'l2_norm': 3.029974937438965, 'computation_time': 0.04135394096374512, 'batch_time': 0.056918944377684966, 'rtc_check_time': 0.014473999995971099, 'experiment_id': 'exp_20240620_221414', 'client_id': '0'}
[2024-06-20 22:14:45,171][root][INFO] - Added data to batch for client 0: {'round': 3, 'step_no': 172, 'loss': 0.17741303145885468, 'accuracy': 0.89453125, 'l2_norm': 3.051740884780884, 'computation_time': 0.044816017150878906, 'batch_time': 0.048752021000836976, 'rtc_check_time': 0.002633999989484437, 'experiment_id': 'exp_20240620_221414', 'client_id': '0'}
[2024-06-20 22:14:45,172][root][INFO] - Added data to batch for client 0: {'round': 3, 'step_no': 173, 'loss': 0.15878161787986755, 'accuracy': 0.8953651785850525, 'l2_norm': 3.0809738636016846, 'computation_time': 0.05625581741333008, 'batch_time': 0.0592178876104299, 'rtc_check_time': 0.001814799994463101, 'experiment_id': 'exp_20240620_221414', 'client_id': '0'}
[2024-06-20 22:14:45,172][root][INFO] - Added data to batch for client 0: {'round': 3, 'step_no': 174, 'loss': 0.31843775510787964, 'accuracy': 0.8947916626930237, 'l2_norm': 3.1265485286712646, 'computation_time': 0.04532504081726074, 'batch_time': 0.05358843132853508, 'rtc_check_time': 0.006796400994062424, 'experiment_id': 'exp_20240620_221414', 'client_id': '0'}
[2024-06-20 22:14:45,173][root][INFO] - Added data to batch for client 0: {'round': 3, 'step_no': 175, 'loss': 0.10891272127628326, 'accuracy': 0.8959478139877319, 'l2_norm': 3.150853395462036, 'computation_time': 0.04226112365722656, 'batch_time': 0.04818516006343998, 'rtc_check_time': 0.00446110000484623, 'experiment_id': 'exp_20240620_221414', 'client_id': '0'}
[2024-06-20 22:14:45,174][root][INFO] - Added data to batch for client 0: {'round': 3, 'step_no': 176, 'loss': 0.6685760617256165, 'accuracy': 0.8957201242446899, 'l2_norm': 3.252253293991089, 'computation_time': 0.04617619514465332, 'batch_time': 0.050360497829387896, 'rtc_check_time': 0.0023634999961359426, 'experiment_id': 'exp_20240620_221414', 'client_id': '0'}
[2024-06-20 22:14:45,175][root][INFO] - Added data to batch for client 0: {'round': 3, 'step_no': 177, 'loss': 0.736879825592041, 'accuracy': 0.8944892287254333, 'l2_norm': 3.3094027042388916, 'computation_time': 0.04106593132019043, 'batch_time': 0.04363699025998358, 'rtc_check_time': 0.0014039999950909987, 'experiment_id': 'exp_20240620_221414', 'client_id': '0'}
[2024-06-20 22:14:45,176][root][INFO] - Added data to batch for client 0: {'round': 3, 'step_no': 178, 'loss': 0.2210155874490738, 'accuracy': 0.894946813583374, 'l2_norm': 3.334280490875244, 'computation_time': 0.04047989845275879, 'batch_time': 0.04301730252336711, 'rtc_check_time': 0.0014073000056669116, 'experiment_id': 'exp_20240620_221414', 'client_id': '0'}
[2024-06-20 22:14:45,177][root][INFO] - Added data to batch for client 0: {'round': 3, 'step_no': 179, 'loss': 0.11377769708633423, 'accuracy': 0.8957237005233765, 'l2_norm': 3.3332836627960205, 'computation_time': 0.03970980644226074, 'batch_time': 0.044641209387918934, 'rtc_check_time': 0.003795099997660145, 'experiment_id': 'exp_20240620_221414', 'client_id': '0'}
[2024-06-20 22:14:45,178][root][INFO] - Added data to batch for client 0: {'round': 3, 'step_no': 180, 'loss': 0.2807847261428833, 'accuracy': 0.8955078125, 'l2_norm': 3.385162353515625, 'computation_time': 0.04232597351074219, 'batch_time': 0.0451191410102183, 'rtc_check_time': 0.0015882000006968156, 'experiment_id': 'exp_20240620_221414', 'client_id': '0'}
[2024-06-20 22:14:45,179][root][INFO] - Added data to batch for client 0: {'round': 3, 'step_no': 181, 'loss': 0.3733742833137512, 'accuracy': 0.8956185579299927, 'l2_norm': 3.405428647994995, 'computation_time': 0.037941932678222656, 'batch_time': 0.051364738144911826, 'rtc_check_time': 0.012428599991835654, 'experiment_id': 'exp_20240620_221414', 'client_id': '0'}
[2024-06-20 22:14:45,180][root][INFO] - Added data to batch for client 0: {'round': 3, 'step_no': 182, 'loss': 0.14101751148700714, 'accuracy': 0.8960459232330322, 'l2_norm': 3.432887315750122, 'computation_time': 0.04048299789428711, 'batch_time': 0.043313151807524264, 'rtc_check_time': 0.0016351999947801232, 'experiment_id': 'exp_20240620_221414', 'client_id': '0'}
[2024-06-20 22:14:45,181][root][INFO] - Added data to batch for client 0: {'round': 3, 'step_no': 183, 'loss': 0.1579432487487793, 'accuracy': 0.8967803120613098, 'l2_norm': 3.501253843307495, 'computation_time': 0.039689064025878906, 'batch_time': 0.04371462269045878, 'rtc_check_time': 0.0027288000128464773, 'experiment_id': 'exp_20240620_221414', 'client_id': '0'}
[2024-06-20 22:14:45,182][root][INFO] - Added data to batch for client 0: {'round': 3, 'step_no': 184, 'loss': 0.2819257378578186, 'accuracy': 0.8968750238418579, 'l2_norm': 3.5182738304138184, 'computation_time': 0.04080510139465332, 'batch_time': 0.055385407875292, 'rtc_check_time': 0.013378200004808605, 'experiment_id': 'exp_20240620_221414', 'client_id': '0'}
[2024-06-20 22:14:45,184][root][INFO] - Added data to batch for client 0: {'round': 3, 'step_no': 185, 'loss': 0.12319426238536835, 'accuracy': 0.8975866436958313, 'l2_norm': 3.544142246246338, 'computation_time': 0.03864002227783203, 'batch_time': 0.04238733051170129, 'rtc_check_time': 0.0025122999941231683, 'experiment_id': 'exp_20240620_221414', 'client_id': '0'}
[2024-06-20 22:14:45,184][root][INFO] - Added data to batch for client 0: {'round': 3, 'step_no': 186, 'loss': 0.08442846685647964, 'accuracy': 0.8985906839370728, 'l2_norm': 3.6009392738342285, 'computation_time': 0.0418391227722168, 'batch_time': 0.049027131477487274, 'rtc_check_time': 0.00599829999555368, 'experiment_id': 'exp_20240620_221414', 'client_id': '0'}
[2024-06-20 22:14:45,185][root][INFO] - Added data to batch for client 0: {'round': 3, 'step_no': 187, 'loss': 0.08511388301849365, 'accuracy': 0.8992718458175659, 'l2_norm': 3.639021635055542, 'computation_time': 0.04016900062561035, 'batch_time': 0.0428246904630214, 'rtc_check_time': 0.0015746999997645617, 'experiment_id': 'exp_20240620_221414', 'client_id': '0'}
[2024-06-20 22:14:45,186][root][INFO] - Added data to batch for client 0: {'round': 3, 'step_no': 188, 'loss': 0.11540375649929047, 'accuracy': 0.8999398946762085, 'l2_norm': 3.6650478839874268, 'computation_time': 0.044512033462524414, 'batch_time': 0.05588106821232941, 'rtc_check_time': 0.010153099996387027, 'experiment_id': 'exp_20240620_221414', 'client_id': '0'}
[2024-06-20 22:14:45,187][root][INFO] - Added data to batch for client 0: {'round': 3, 'step_no': 189, 'loss': 0.17609715461730957, 'accuracy': 0.8999999761581421, 'l2_norm': 3.742170810699463, 'computation_time': 0.040364980697631836, 'batch_time': 0.04379541992966551, 'rtc_check_time': 0.002239300010842271, 'experiment_id': 'exp_20240620_221414', 'client_id': '0'}
[2024-06-20 22:14:45,188][root][INFO] - Added data to batch for client 0: {'round': 3, 'step_no': 190, 'loss': 0.248488187789917, 'accuracy': 0.9003537893295288, 'l2_norm': 3.786508083343506, 'computation_time': 0.04126787185668945, 'batch_time': 0.04599706968292594, 'rtc_check_time': 0.0036071999929845333, 'experiment_id': 'exp_20240620_221414', 'client_id': '0'}
[2024-06-20 22:14:45,189][root][INFO] - Added data to batch for client 0: {'round': 3, 'step_no': 191, 'loss': 0.19243720173835754, 'accuracy': 0.9004088640213013, 'l2_norm': 3.8681933879852295, 'computation_time': 0.03985404968261719, 'batch_time': 0.0507601634162711, 'rtc_check_time': 0.009744299997691996, 'experiment_id': 'exp_20240620_221414', 'client_id': '0'}
[2024-06-20 22:14:45,190][root][INFO] - Added data to batch for client 0: {'round': 3, 'step_no': 192, 'loss': 0.14680230617523193, 'accuracy': 0.9007523059844971, 'l2_norm': 3.9331114292144775, 'computation_time': 0.04200387001037598, 'batch_time': 0.0452971462655114, 'rtc_check_time': 0.0022222999978112057, 'experiment_id': 'exp_20240620_221414', 'client_id': '0'}
[2024-06-20 22:14:45,191][root][INFO] - Added data to batch for client 0: {'round': 3, 'step_no': 193, 'loss': 0.34463760256767273, 'accuracy': 0.9013761281967163, 'l2_norm': 3.9318461418151855, 'computation_time': 0.041905879974365234, 'batch_time': 0.04464677725627553, 'rtc_check_time': 0.0016158000071300194, 'experiment_id': 'exp_20240620_221414', 'client_id': '0'}
[2024-06-20 22:14:45,192][root][INFO] - Added data to batch for client 0: {'round': 3, 'step_no': 194, 'loss': 0.21143440902233124, 'accuracy': 0.9017045497894287, 'l2_norm': 3.9736428260803223, 'computation_time': 0.04344797134399414, 'batch_time': 0.04622956227103714, 'rtc_check_time': 0.001450499999918975, 'experiment_id': 'exp_20240620_221414', 'client_id': '0'}
[2024-06-20 22:14:45,193][root][INFO] - Added data to batch for client 0: {'round': 3, 'step_no': 195, 'loss': 0.07309484481811523, 'accuracy': 0.9025900959968567, 'l2_norm': 4.00319766998291, 'computation_time': 0.03952288627624512, 'batch_time': 0.04331923667632509, 'rtc_check_time': 0.002667200009454973, 'experiment_id': 'exp_20240620_221414', 'client_id': '0'}
[2024-06-20 22:14:45,194][root][INFO] - Added data to batch for client 0: {'round': 3, 'step_no': 196, 'loss': 0.13858452439308167, 'accuracy': 0.9029017686843872, 'l2_norm': 4.088174343109131, 'computation_time': 0.05145692825317383, 'batch_time': 0.05554404000577051, 'rtc_check_time': 0.002530000012484379, 'experiment_id': 'exp_20240620_221414', 'client_id': '0'}
[2024-06-20 22:14:45,195][root][INFO] - Added data to batch for client 0: {'round': 3, 'step_no': 197, 'loss': 0.42973053455352783, 'accuracy': 0.9032079577445984, 'l2_norm': 4.177154541015625, 'computation_time': 0.0415339469909668, 'batch_time': 0.04435960573027842, 'rtc_check_time': 0.0014866999990772456, 'experiment_id': 'exp_20240620_221414', 'client_id': '0'}
[2024-06-20 22:14:45,196][root][INFO] - Added data to batch for client 0: {'round': 3, 'step_no': 198, 'loss': 0.1363103985786438, 'accuracy': 0.9035087823867798, 'l2_norm': 4.246857166290283, 'computation_time': 0.04295206069946289, 'batch_time': 0.045902627549367025, 'rtc_check_time': 0.0017846999980974942, 'experiment_id': 'exp_20240620_221414', 'client_id': '0'}
[2024-06-20 22:14:45,197][root][INFO] - Added data to batch for client 0: {'round': 3, 'step_no': 199, 'loss': 0.40619978308677673, 'accuracy': 0.9032608866691589, 'l2_norm': 4.342914581298828, 'computation_time': 0.0385739803314209, 'batch_time': 0.04344002320431173, 'rtc_check_time': 0.0038232000079005957, 'experiment_id': 'exp_20240620_221414', 'client_id': '0'}
[2024-06-20 22:14:45,197][root][INFO] - Added data to batch for client 0: {'round': 3, 'step_no': 200, 'loss': 0.17220443487167358, 'accuracy': 0.9032866358757019, 'l2_norm': 4.413186550140381, 'computation_time': 0.04104113578796387, 'batch_time': 0.043827491463162005, 'rtc_check_time': 0.0015584999928250909, 'experiment_id': 'exp_20240620_221414', 'client_id': '0'}
[2024-06-20 22:14:45,198][root][INFO] - Added data to batch for client 0: {'round': 3, 'step_no': 201, 'loss': 0.1380918323993683, 'accuracy': 0.9038461446762085, 'l2_norm': 4.494007587432861, 'computation_time': 0.03858804702758789, 'batch_time': 0.043143496208358556, 'rtc_check_time': 0.0034622999955900013, 'experiment_id': 'exp_20240620_221414', 'client_id': '0'}
[2024-06-20 22:14:45,200][root][INFO] - Added data to batch for client 0: {'round': 3, 'step_no': 202, 'loss': 0.16278837621212006, 'accuracy': 0.9043961763381958, 'l2_norm': 4.538293838500977, 'computation_time': 0.040812015533447266, 'batch_time': 0.044235662106075324, 'rtc_check_time': 0.0022306000028038397, 'experiment_id': 'exp_20240620_221414', 'client_id': '0'}
[2024-06-20 22:14:45,201][root][INFO] - Added data to batch for client 0: {'round': 3, 'step_no': 203, 'loss': 0.26362597942352295, 'accuracy': 0.904411792755127, 'l2_norm': 4.556302070617676, 'computation_time': 0.03984212875366211, 'batch_time': 0.0442013018327998, 'rtc_check_time': 0.0031851999956415966, 'experiment_id': 'exp_20240620_221414', 'client_id': '0'}
[2024-06-20 22:14:45,202][root][INFO] - Added data to batch for client 0: {'round': 3, 'step_no': 204, 'loss': 0.08846436440944672, 'accuracy': 0.9052083492279053, 'l2_norm': 4.595765113830566, 'computation_time': 0.03961896896362305, 'batch_time': 0.04409793963714037, 'rtc_check_time': 0.003377000000909902, 'experiment_id': 'exp_20240620_221414', 'client_id': '0'}
[2024-06-20 22:14:45,203][root][INFO] - Added data to batch for client 0: {'round': 3, 'step_no': 205, 'loss': 0.3154539167881012, 'accuracy': 0.9049586653709412, 'l2_norm': 4.6521477699279785, 'computation_time': 0.03844404220581055, 'batch_time': 0.041524277155986056, 'rtc_check_time': 0.0020361999922897667, 'experiment_id': 'exp_20240620_221414', 'client_id': '0'}
[2024-06-20 22:14:45,204][root][INFO] - Added data to batch for client 0: {'round': 3, 'step_no': 206, 'loss': 0.7142387628555298, 'accuracy': 0.9044569730758667, 'l2_norm': 4.738649845123291, 'computation_time': 0.04400801658630371, 'batch_time': 0.05147081550967414, 'rtc_check_time': 0.006090700000640936, 'experiment_id': 'exp_20240620_221414', 'client_id': '0'}
[2024-06-20 22:14:45,204][root][INFO] - Added data to batch for client 0: {'round': 3, 'step_no': 207, 'loss': 0.029717274010181427, 'accuracy': 0.9052337408065796, 'l2_norm': 4.745663166046143, 'computation_time': 0.0392451286315918, 'batch_time': 0.04215027205646038, 'rtc_check_time': 0.0018654000014066696, 'experiment_id': 'exp_20240620_221414', 'client_id': '0'}
[2024-06-20 22:14:45,205][root][INFO] - Added data to batch for client 0: {'round': 3, 'step_no': 208, 'loss': 0.44789743423461914, 'accuracy': 0.9052419066429138, 'l2_norm': 4.788550853729248, 'computation_time': 0.03924703598022461, 'batch_time': 0.04211314553685952, 'rtc_check_time': 0.0018091999954776838, 'experiment_id': 'exp_20240620_221414', 'client_id': '0'}
[2024-06-20 22:14:45,206][root][INFO] - Added data to batch for client 0: {'round': 3, 'step_no': 209, 'loss': 0.23622141778469086, 'accuracy': 0.9054999947547913, 'l2_norm': 4.827520847320557, 'computation_time': 0.04375004768371582, 'batch_time': 0.047504256799584255, 'rtc_check_time': 0.002097199991112575, 'experiment_id': 'exp_20240620_221414', 'client_id': '0'}
[2024-06-20 22:14:45,207][root][INFO] - Added data to batch for client 0: {'round': 3, 'step_no': 210, 'loss': 0.35273900628089905, 'accuracy': 0.9052579402923584, 'l2_norm': 4.927020072937012, 'computation_time': 0.062088966369628906, 'batch_time': 0.0650525209348416, 'rtc_check_time': 0.0017294999997830018, 'experiment_id': 'exp_20240620_221414', 'client_id': '0'}
[2024-06-20 22:14:45,208][root][INFO] - Added data to batch for client 0: {'round': 3, 'step_no': 211, 'loss': 0.42597928643226624, 'accuracy': 0.9047735929489136, 'l2_norm': 4.969890594482422, 'computation_time': 0.05067086219787598, 'batch_time': 0.05445997526112478, 'rtc_check_time': 0.002410100001725368, 'experiment_id': 'exp_20240620_221414', 'client_id': '0'}
[2024-06-20 22:14:45,209][root][INFO] - Added data to batch for client 0: {'round': 3, 'step_no': 212, 'loss': 0.14875203371047974, 'accuracy': 0.905029296875, 'l2_norm': 4.980567455291748, 'computation_time': 0.05584907531738281, 'batch_time': 0.0594670189457247, 'rtc_check_time': 0.0019389999943086877, 'experiment_id': 'exp_20240620_221414', 'client_id': '0'}
[2024-06-20 22:14:45,210][root][INFO] - Added data to batch for client 0: {'round': 3, 'step_no': 213, 'loss': 0.041310179978609085, 'accuracy': 0.9057655334472656, 'l2_norm': 4.998040199279785, 'computation_time': 0.04924583435058594, 'batch_time': 0.05352575630240608, 'rtc_check_time': 0.001626800003577955, 'experiment_id': 'exp_20240620_221414', 'client_id': '0'}
[2024-06-20 22:14:45,211][root][INFO] - Added data to batch for client 0: {'round': 3, 'step_no': 214, 'loss': 0.20168578624725342, 'accuracy': 0.90625, 'l2_norm': 5.066366195678711, 'computation_time': 0.04239010810852051, 'batch_time': 0.048935067519778386, 'rtc_check_time': 0.005423199996585026, 'experiment_id': 'exp_20240620_221414', 'client_id': '0'}
[2024-06-20 22:14:45,211][root][INFO] - Added batch data list for client 0. New Data Added: 130
[2024-06-20 22:14:45,214][root][INFO] - Batch data saved to /home/psklavos/fl/geom_aio/csv_logs/exp_20240620_221414/clients/client_0/batch.csv
[2024-06-20 22:14:45,214][root][INFO] - Appended data to last row of column distributed_loss in server data for client None
[2024-06-20 22:14:45,215][root][INFO] - Appended data to last row of column distributed_acc in server data for client None
[2024-06-20 22:14:45,215][root][INFO] - Appended {'distributed_loss': 0.1875934898853302, 'distributed_acc': 0.9424999952316284} to the last row of server data
[2024-06-20 22:14:45,215][root][INFO] - Server data saved to /home/psklavos/fl/geom_aio/csv_logs/exp_20240620_221414/server/server.csv
[2024-06-20 22:14:49,626][flwr][DEBUG] - fit_round 4: strategy sampled 3 clients (out of 3)
[2024-06-20 22:14:59,245][flwr][DEBUG] - fit_round 4 received 3 results and 0 failures
[2024-06-20 22:14:59,250][root][INFO] - Added data to server for client None: {'round': 4, 'average_norm': 5.014275232950847, 'round_time': 10.69941654862146, 'average_downlink_time': 0.6140204623333333, 'average_rtc_check_time': 0.6701203350385185, 'average_uplink_time': 0.4374760956666666, 'average_computation_time': 8.365678946177164, 'average_communication_time': 1.7216168930385185, 'average_fit_time': 9.596843322118124, 'average_throughput': 5.249587884466887, 'dropouts': 0, 'experiment_id': 'exp_20240620_221414'}
[2024-06-20 22:14:59,250][root][INFO] - Added server data: {'round': 4, 'average_norm': 5.014275232950847, 'round_time': 10.69941654862146, 'average_downlink_time': 0.6140204623333333, 'average_rtc_check_time': 0.6701203350385185, 'average_uplink_time': 0.4374760956666666, 'average_computation_time': 8.365678946177164, 'average_communication_time': 1.7216168930385185, 'average_fit_time': 9.596843322118124, 'average_throughput': 5.249587884466887, 'dropouts': 0, 'experiment_id': 'exp_20240620_221414'}
[2024-06-20 22:14:59,306][utils.model][INFO] - LeNet model built
[2024-06-20 22:14:59,420][utils.model][INFO] - Size of serialized model: 279.0341796875 kbytes
[2024-06-20 22:14:59,480][utils.model][INFO] - Step 1/40 - val_loss: 0.0605 - val_accuracy: 0.9805
[2024-06-20 22:14:59,500][utils.model][INFO] - Step 2/40 - val_loss: 0.1078 - val_accuracy: 0.9648
[2024-06-20 22:14:59,522][utils.model][INFO] - Step 3/40 - val_loss: 0.1141 - val_accuracy: 0.9622
[2024-06-20 22:14:59,544][utils.model][INFO] - Step 4/40 - val_loss: 0.1171 - val_accuracy: 0.9600
[2024-06-20 22:14:59,566][utils.model][INFO] - Step 5/40 - val_loss: 0.1374 - val_accuracy: 0.9539
[2024-06-20 22:14:59,587][utils.model][INFO] - Step 6/40 - val_loss: 0.1445 - val_accuracy: 0.9525
[2024-06-20 22:14:59,608][utils.model][INFO] - Step 7/40 - val_loss: 0.1462 - val_accuracy: 0.9520
[2024-06-20 22:14:59,628][utils.model][INFO] - Step 8/40 - val_loss: 0.1482 - val_accuracy: 0.9507
[2024-06-20 22:14:59,647][utils.model][INFO] - Step 9/40 - val_loss: 0.1591 - val_accuracy: 0.9462
[2024-06-20 22:14:59,667][utils.model][INFO] - Step 10/40 - val_loss: 0.1555 - val_accuracy: 0.9477
[2024-06-20 22:14:59,685][utils.model][INFO] - Step 11/40 - val_loss: 0.1508 - val_accuracy: 0.9492
[2024-06-20 22:14:59,705][utils.model][INFO] - Step 12/40 - val_loss: 0.1520 - val_accuracy: 0.9492
[2024-06-20 22:14:59,724][utils.model][INFO] - Step 13/40 - val_loss: 0.1496 - val_accuracy: 0.9501
[2024-06-20 22:14:59,745][utils.model][INFO] - Step 14/40 - val_loss: 0.1495 - val_accuracy: 0.9509
[2024-06-20 22:14:59,765][utils.model][INFO] - Step 15/40 - val_loss: 0.1528 - val_accuracy: 0.9500
[2024-06-20 22:14:59,783][utils.model][INFO] - Step 16/40 - val_loss: 0.1548 - val_accuracy: 0.9490
[2024-06-20 22:14:59,801][utils.model][INFO] - Step 17/40 - val_loss: 0.1551 - val_accuracy: 0.9490
[2024-06-20 22:14:59,821][utils.model][INFO] - Step 18/40 - val_loss: 0.1547 - val_accuracy: 0.9497
[2024-06-20 22:14:59,840][utils.model][INFO] - Step 19/40 - val_loss: 0.1553 - val_accuracy: 0.9496
[2024-06-20 22:14:59,860][utils.model][INFO] - Step 20/40 - val_loss: 0.1543 - val_accuracy: 0.9502
[2024-06-20 22:14:59,880][utils.model][INFO] - Step 21/40 - val_loss: 0.1499 - val_accuracy: 0.9513
[2024-06-20 22:14:59,900][utils.model][INFO] - Step 22/40 - val_loss: 0.1449 - val_accuracy: 0.9529
[2024-06-20 22:14:59,919][utils.model][INFO] - Step 23/40 - val_loss: 0.1419 - val_accuracy: 0.9540
[2024-06-20 22:14:59,939][utils.model][INFO] - Step 24/40 - val_loss: 0.1425 - val_accuracy: 0.9539
[2024-06-20 22:14:59,958][utils.model][INFO] - Step 25/40 - val_loss: 0.1386 - val_accuracy: 0.9552
[2024-06-20 22:14:59,976][utils.model][INFO] - Step 26/40 - val_loss: 0.1391 - val_accuracy: 0.9557
[2024-06-20 22:14:59,995][utils.model][INFO] - Step 27/40 - val_loss: 0.1360 - val_accuracy: 0.9572
[2024-06-20 22:15:00,018][utils.model][INFO] - Step 28/40 - val_loss: 0.1323 - val_accuracy: 0.9583
[2024-06-20 22:15:00,037][utils.model][INFO] - Step 29/40 - val_loss: 0.1287 - val_accuracy: 0.9597
[2024-06-20 22:15:00,056][utils.model][INFO] - Step 30/40 - val_loss: 0.1269 - val_accuracy: 0.9604
[2024-06-20 22:15:00,076][utils.model][INFO] - Step 31/40 - val_loss: 0.1241 - val_accuracy: 0.9614
[2024-06-20 22:15:00,096][utils.model][INFO] - Step 32/40 - val_loss: 0.1217 - val_accuracy: 0.9623
[2024-06-20 22:15:00,114][utils.model][INFO] - Step 33/40 - val_loss: 0.1196 - val_accuracy: 0.9631
[2024-06-20 22:15:00,133][utils.model][INFO] - Step 34/40 - val_loss: 0.1169 - val_accuracy: 0.9639
[2024-06-20 22:15:00,153][utils.model][INFO] - Step 35/40 - val_loss: 0.1138 - val_accuracy: 0.9650
[2024-06-20 22:15:00,171][utils.model][INFO] - Step 36/40 - val_loss: 0.1130 - val_accuracy: 0.9653
[2024-06-20 22:15:00,190][utils.model][INFO] - Step 37/40 - val_loss: 0.1105 - val_accuracy: 0.9661
[2024-06-20 22:15:00,209][utils.model][INFO] - Step 38/40 - val_loss: 0.1101 - val_accuracy: 0.9661
[2024-06-20 22:15:00,228][utils.model][INFO] - Step 39/40 - val_loss: 0.1126 - val_accuracy: 0.9652
[2024-06-20 22:15:00,239][utils.model][INFO] - Step 40/40 - val_loss: 0.1101 - val_accuracy: 0.9653
[2024-06-20 22:15:00,241][utils.model][INFO] - Evaluation Results - Val Loss: 0.1101, Val Accuracy: 0.9653 in 40 steps
[2024-06-20 22:15:00,243][root][INFO] - Appended data to last row of column centralized_loss in server data for client None
[2024-06-20 22:15:00,244][root][INFO] - Appended data to last row of column centralized_acc in server data for client None
[2024-06-20 22:15:00,244][root][INFO] - Appended {'centralized_loss': 0.11005156, 'centralized_acc': 0.9653} to the last row of server data
[2024-06-20 22:15:00,244][flwr][INFO] - fit progress: (4, 0.11005156, {'accuracy': 0.9653}, 43.74509872600902)
[2024-06-20 22:15:00,244][flwr][DEBUG] - evaluate_round 4: strategy sampled 3 clients (out of 3)
[2024-06-20 22:15:00,866][flwr][DEBUG] - evaluate_round 4 received 3 results and 0 failures
[2024-06-20 22:15:00,868][root][INFO] - Added data to epoch for client 0: {'round': 4, 'epoch_steps': 186, 'total_steps': 400, 'l2_norm': 4.77600622177124, 'total_computation_time': 8.337302923202515, 'total_rtc_check_time': 0.6938119010301307, 'total_duration': 9.59250807762146, 'val_loss': 0.12898758053779602, 'val_accuracy': 0.9585000276565552, 'experiment_id': 'exp_20240620_221414', 'client_id': '0'}
[2024-06-20 22:15:00,869][root][INFO] - Added epoch data for client 0: {'round': 4, 'epoch_steps': 186, 'total_steps': 400, 'l2_norm': 4.77600622177124, 'total_computation_time': 8.337302923202515, 'total_rtc_check_time': 0.6938119010301307, 'total_duration': 9.59250807762146, 'val_loss': 0.12898758053779602, 'val_accuracy': 0.9585000276565552, 'experiment_id': 'exp_20240620_221414', 'client_id': '0'}
[2024-06-20 22:15:00,870][root][INFO] - Epoch data saved to /home/psklavos/fl/geom_aio/csv_logs/exp_20240620_221414/clients/client_0/epoch.csv
[2024-06-20 22:15:00,871][root][INFO] - Added data to batch for client 0: {'round': 4, 'step_no': 215, 'loss': 0.17279569804668427, 'accuracy': 0.9375, 'l2_norm': 0.039393387734889984, 'computation_time': 0.04848003387451172, 'batch_time': 0.052872940141242, 'rtc_check_time': 0.003018899995367974, 'experiment_id': 'exp_20240620_221414', 'client_id': '0'}
[2024-06-20 22:15:00,872][root][INFO] - Added data to batch for client 0: {'round': 4, 'step_no': 216, 'loss': 0.11428199708461761, 'accuracy': 0.953125, 'l2_norm': 0.03874291852116585, 'computation_time': 0.04736900329589844, 'batch_time': 0.05492306653468404, 'rtc_check_time': 0.006496200003311969, 'experiment_id': 'exp_20240620_221414', 'client_id': '0'}
[2024-06-20 22:15:00,874][root][INFO] - Added data to batch for client 0: {'round': 4, 'step_no': 217, 'loss': 0.2547692656517029, 'accuracy': 0.9479166865348816, 'l2_norm': 0.06095166131854057, 'computation_time': 0.05594491958618164, 'batch_time': 0.05954633736109827, 'rtc_check_time': 0.0018643000075826421, 'experiment_id': 'exp_20240620_221414', 'client_id': '0'}
[2024-06-20 22:15:00,875][root][INFO] - Added data to batch for client 0: {'round': 4, 'step_no': 218, 'loss': 0.1875634789466858, 'accuracy': 0.9453125, 'l2_norm': 0.07687591016292572, 'computation_time': 0.04398703575134277, 'batch_time': 0.047890312533127144, 'rtc_check_time': 0.0025790999934542924, 'experiment_id': 'exp_20240620_221414', 'client_id': '0'}
[2024-06-20 22:15:00,876][root][INFO] - Added data to batch for client 0: {'round': 4, 'step_no': 219, 'loss': 0.2583591341972351, 'accuracy': 0.9375, 'l2_norm': 0.10005350410938263, 'computation_time': 0.04745602607727051, 'batch_time': 0.05061180650955066, 'rtc_check_time': 0.001979900000151247, 'experiment_id': 'exp_20240620_221414', 'client_id': '0'}
[2024-06-20 22:15:00,877][root][INFO] - Added data to batch for client 0: {'round': 4, 'step_no': 220, 'loss': 0.12854576110839844, 'accuracy': 0.9427083134651184, 'l2_norm': 0.11232756078243256, 'computation_time': 0.04019594192504883, 'batch_time': 0.04512709846312646, 'rtc_check_time': 0.0038361000042641535, 'experiment_id': 'exp_20240620_221414', 'client_id': '0'}
[2024-06-20 22:15:00,878][root][INFO] - Added data to batch for client 0: {'round': 4, 'step_no': 221, 'loss': 0.353823184967041, 'accuracy': 0.9375, 'l2_norm': 0.16262060403823853, 'computation_time': 0.04153108596801758, 'batch_time': 0.044193059045937844, 'rtc_check_time': 0.0014879999944241717, 'experiment_id': 'exp_20240620_221414', 'client_id': '0'}
[2024-06-20 22:15:00,879][root][INFO] - Added data to batch for client 0: {'round': 4, 'step_no': 222, 'loss': 0.44115179777145386, 'accuracy': 0.92578125, 'l2_norm': 0.1961626261472702, 'computation_time': 0.05449700355529785, 'batch_time': 0.06171041193010751, 'rtc_check_time': 0.005381400012993254, 'experiment_id': 'exp_20240620_221414', 'client_id': '0'}
[2024-06-20 22:15:00,880][root][INFO] - Added data to batch for client 0: {'round': 4, 'step_no': 223, 'loss': 0.6665266752243042, 'accuracy': 0.9201388955116272, 'l2_norm': 0.24745510518550873, 'computation_time': 0.0489649772644043, 'batch_time': 0.05799972373642959, 'rtc_check_time': 0.007883899990702048, 'experiment_id': 'exp_20240620_221414', 'client_id': '0'}
[2024-06-20 22:15:00,881][root][INFO] - Added data to batch for client 0: {'round': 4, 'step_no': 224, 'loss': 0.3305853307247162, 'accuracy': 0.9156249761581421, 'l2_norm': 0.25334402918815613, 'computation_time': 0.04519510269165039, 'batch_time': 0.052105944021604955, 'rtc_check_time': 0.0055179999908432364, 'experiment_id': 'exp_20240620_221414', 'client_id': '0'}
[2024-06-20 22:15:00,882][root][INFO] - Added data to batch for client 0: {'round': 4, 'step_no': 225, 'loss': 0.16809961199760437, 'accuracy': 0.9176136255264282, 'l2_norm': 0.2643972337245941, 'computation_time': 0.044363975524902344, 'batch_time': 0.049007710156729445, 'rtc_check_time': 0.0032136999943759292, 'experiment_id': 'exp_20240620_221414', 'client_id': '0'}
[2024-06-20 22:15:00,883][root][INFO] - Added data to batch for client 0: {'round': 4, 'step_no': 226, 'loss': 0.22497963905334473, 'accuracy': 0.9166666865348816, 'l2_norm': 0.27613458037376404, 'computation_time': 0.05706191062927246, 'batch_time': 0.06699438283976633, 'rtc_check_time': 0.008369400005904026, 'experiment_id': 'exp_20240620_221414', 'client_id': '0'}
[2024-06-20 22:15:00,884][root][INFO] - Added data to batch for client 0: {'round': 4, 'step_no': 227, 'loss': 0.2653580904006958, 'accuracy': 0.9182692170143127, 'l2_norm': 0.30184540152549744, 'computation_time': 0.06323099136352539, 'batch_time': 0.0734854098118376, 'rtc_check_time': 0.007923400000436231, 'experiment_id': 'exp_20240620_221414', 'client_id': '0'}
[2024-06-20 22:15:00,885][root][INFO] - Added data to batch for client 0: {'round': 4, 'step_no': 228, 'loss': 0.17014151811599731, 'accuracy': 0.9196428656578064, 'l2_norm': 0.30999550223350525, 'computation_time': 0.05769085884094238, 'batch_time': 0.060180756117915735, 'rtc_check_time': 0.0013648000021930784, 'experiment_id': 'exp_20240620_221414', 'client_id': '0'}
[2024-06-20 22:15:00,887][root][INFO] - Added data to batch for client 0: {'round': 4, 'step_no': 229, 'loss': 0.2171436846256256, 'accuracy': 0.918749988079071, 'l2_norm': 0.33443814516067505, 'computation_time': 0.06245684623718262, 'batch_time': 0.07114290475146845, 'rtc_check_time': 0.006918900005985051, 'experiment_id': 'exp_20240620_221414', 'client_id': '0'}
[2024-06-20 22:15:00,888][root][INFO] - Added data to batch for client 0: {'round': 4, 'step_no': 230, 'loss': 0.2317945957183838, 'accuracy': 0.91796875, 'l2_norm': 0.3518016040325165, 'computation_time': 0.05869317054748535, 'batch_time': 0.07469040871364996, 'rtc_check_time': 0.014501400000881404, 'experiment_id': 'exp_20240620_221414', 'client_id': '0'}
[2024-06-20 22:15:00,889][root][INFO] - Added data to batch for client 0: {'round': 4, 'step_no': 231, 'loss': 0.2059374302625656, 'accuracy': 0.9209558963775635, 'l2_norm': 0.3465275168418884, 'computation_time': 0.05206704139709473, 'batch_time': 0.05767067923443392, 'rtc_check_time': 0.0045328999985940754, 'experiment_id': 'exp_20240620_221414', 'client_id': '0'}
[2024-06-20 22:15:00,890][root][INFO] - Added data to batch for client 0: {'round': 4, 'step_no': 232, 'loss': 0.05463555455207825, 'accuracy': 0.9253472089767456, 'l2_norm': 0.34412890672683716, 'computation_time': 0.03992009162902832, 'batch_time': 0.04234062333125621, 'rtc_check_time': 0.0013157000066712499, 'experiment_id': 'exp_20240620_221414', 'client_id': '0'}
[2024-06-20 22:15:00,891][root][INFO] - Added data to batch for client 0: {'round': 4, 'step_no': 233, 'loss': 0.349770188331604, 'accuracy': 0.9226973652839661, 'l2_norm': 0.4023398756980896, 'computation_time': 0.03786897659301758, 'batch_time': 0.04228618057095446, 'rtc_check_time': 0.003329300001496449, 'experiment_id': 'exp_20240620_221414', 'client_id': '0'}
[2024-06-20 22:15:00,892][root][INFO] - Added data to batch for client 0: {'round': 4, 'step_no': 234, 'loss': 0.3069874048233032, 'accuracy': 0.921875, 'l2_norm': 0.4152989387512207, 'computation_time': 0.03984403610229492, 'batch_time': 0.044972667121328413, 'rtc_check_time': 0.0038065999979153275, 'experiment_id': 'exp_20240620_221414', 'client_id': '0'}
[2024-06-20 22:15:00,893][root][INFO] - Added data to batch for client 0: {'round': 4, 'step_no': 235, 'loss': 0.14008936285972595, 'accuracy': 0.9241071343421936, 'l2_norm': 0.4221275746822357, 'computation_time': 0.04216289520263672, 'batch_time': 0.04468763880140614, 'rtc_check_time': 0.0014005999983055517, 'experiment_id': 'exp_20240620_221414', 'client_id': '0'}
[2024-06-20 22:15:00,894][root][INFO] - Added data to batch for client 0: {'round': 4, 'step_no': 236, 'loss': 0.1942610740661621, 'accuracy': 0.9232954382896423, 'l2_norm': 0.428129106760025, 'computation_time': 0.041604042053222656, 'batch_time': 0.049333403527271, 'rtc_check_time': 0.006704400002490729, 'experiment_id': 'exp_20240620_221414', 'client_id': '0'}
[2024-06-20 22:15:00,895][root][INFO] - Added data to batch for client 0: {'round': 4, 'step_no': 237, 'loss': 0.2795693874359131, 'accuracy': 0.9211956262588501, 'l2_norm': 0.4585665166378021, 'computation_time': 0.040426015853881836, 'batch_time': 0.04442319201189093, 'rtc_check_time': 0.002968399989185855, 'experiment_id': 'exp_20240620_221414', 'client_id': '0'}
[2024-06-20 22:15:00,896][root][INFO] - Added data to batch for client 0: {'round': 4, 'step_no': 238, 'loss': 0.11504530161619186, 'accuracy': 0.9231770634651184, 'l2_norm': 0.4663848578929901, 'computation_time': 0.04012107849121094, 'batch_time': 0.04305679090612102, 'rtc_check_time': 0.0015958000003593042, 'experiment_id': 'exp_20240620_221414', 'client_id': '0'}
[2024-06-20 22:15:00,897][root][INFO] - Added data to batch for client 0: {'round': 4, 'step_no': 239, 'loss': 0.1834583580493927, 'accuracy': 0.9237499833106995, 'l2_norm': 0.4691486358642578, 'computation_time': 0.04091000556945801, 'batch_time': 0.04652457844349556, 'rtc_check_time': 0.004268699995009229, 'experiment_id': 'exp_20240620_221414', 'client_id': '0'}
[2024-06-20 22:15:00,898][root][INFO] - Added data to batch for client 0: {'round': 4, 'step_no': 240, 'loss': 0.05114773288369179, 'accuracy': 0.926682710647583, 'l2_norm': 0.4757540822029114, 'computation_time': 0.03852200508117676, 'batch_time': 0.042440881428774446, 'rtc_check_time': 0.002805700001772493, 'experiment_id': 'exp_20240620_221414', 'client_id': '0'}
[2024-06-20 22:15:00,900][root][INFO] - Added data to batch for client 0: {'round': 4, 'step_no': 241, 'loss': 0.16635096073150635, 'accuracy': 0.9270833134651184, 'l2_norm': 0.5022678375244141, 'computation_time': 0.038815975189208984, 'batch_time': 0.04236165032489225, 'rtc_check_time': 0.002468499995302409, 'experiment_id': 'exp_20240620_221414', 'client_id': '0'}
[2024-06-20 22:15:00,901][root][INFO] - Added data to batch for client 0: {'round': 4, 'step_no': 242, 'loss': 0.32759031653404236, 'accuracy': 0.9252232313156128, 'l2_norm': 0.5306574702262878, 'computation_time': 0.038848876953125, 'batch_time': 0.04233932288479991, 'rtc_check_time': 0.00233650000882335, 'experiment_id': 'exp_20240620_221414', 'client_id': '0'}
[2024-06-20 22:15:00,902][root][INFO] - Added data to batch for client 0: {'round': 4, 'step_no': 243, 'loss': 0.32573240995407104, 'accuracy': 0.923491358757019, 'l2_norm': 0.5852373838424683, 'computation_time': 0.03882789611816406, 'batch_time': 0.043055597867351025, 'rtc_check_time': 0.003127400006633252, 'experiment_id': 'exp_20240620_221414', 'client_id': '0'}
[2024-06-20 22:15:00,903][root][INFO] - Added data to batch for client 0: {'round': 4, 'step_no': 244, 'loss': 0.26611030101776123, 'accuracy': 0.9239583611488342, 'l2_norm': 0.6033504009246826, 'computation_time': 0.039624929428100586, 'batch_time': 0.04380115485400893, 'rtc_check_time': 0.002823199989506975, 'experiment_id': 'exp_20240620_221414', 'client_id': '0'}
[2024-06-20 22:15:00,904][root][INFO] - Added data to batch for client 0: {'round': 4, 'step_no': 245, 'loss': 0.2936052978038788, 'accuracy': 0.9223790168762207, 'l2_norm': 0.602621853351593, 'computation_time': 0.04161405563354492, 'batch_time': 0.04506233947176952, 'rtc_check_time': 0.0019924999942304567, 'experiment_id': 'exp_20240620_221414', 'client_id': '0'}
[2024-06-20 22:15:00,905][root][INFO] - Added data to batch for client 0: {'round': 4, 'step_no': 246, 'loss': 0.2113201916217804, 'accuracy': 0.9208984375, 'l2_norm': 0.6142910718917847, 'computation_time': 0.042340993881225586, 'batch_time': 0.04666715348139405, 'rtc_check_time': 0.003120000008493662, 'experiment_id': 'exp_20240620_221414', 'client_id': '0'}
[2024-06-20 22:15:00,906][root][INFO] - Added data to batch for client 0: {'round': 4, 'step_no': 247, 'loss': 0.38586896657943726, 'accuracy': 0.9204545617103577, 'l2_norm': 0.6378687620162964, 'computation_time': 0.03933382034301758, 'batch_time': 0.042611525059328414, 'rtc_check_time': 0.002108500004396774, 'experiment_id': 'exp_20240620_221414', 'client_id': '0'}
[2024-06-20 22:15:00,907][root][INFO] - Added data to batch for client 0: {'round': 4, 'step_no': 248, 'loss': 0.42533552646636963, 'accuracy': 0.9172794222831726, 'l2_norm': 0.662379801273346, 'computation_time': 0.037180185317993164, 'batch_time': 0.04270286860992201, 'rtc_check_time': 0.004063800006406382, 'experiment_id': 'exp_20240620_221414', 'client_id': '0'}
[2024-06-20 22:15:00,908][root][INFO] - Added data to batch for client 0: {'round': 4, 'step_no': 249, 'loss': 0.1716439425945282, 'accuracy': 0.918749988079071, 'l2_norm': 0.667981743812561, 'computation_time': 0.04222297668457031, 'batch_time': 0.0451668069435982, 'rtc_check_time': 0.00144680000084918, 'experiment_id': 'exp_20240620_221414', 'client_id': '0'}
[2024-06-20 22:15:00,909][root][INFO] - Added data to batch for client 0: {'round': 4, 'step_no': 250, 'loss': 0.12165579944849014, 'accuracy': 0.9192708134651184, 'l2_norm': 0.6768378615379333, 'computation_time': 0.04098010063171387, 'batch_time': 0.04447563603753224, 'rtc_check_time': 0.002240500005427748, 'experiment_id': 'exp_20240620_221414', 'client_id': '0'}
[2024-06-20 22:15:00,910][root][INFO] - Added data to batch for client 0: {'round': 4, 'step_no': 251, 'loss': 0.19075851142406464, 'accuracy': 0.9206081032752991, 'l2_norm': 0.7031255960464478, 'computation_time': 0.03988504409790039, 'batch_time': 0.04481007644790225, 'rtc_check_time': 0.00378110000747256, 'experiment_id': 'exp_20240620_221414', 'client_id': '0'}
[2024-06-20 22:15:00,911][root][INFO] - Added data to batch for client 0: {'round': 4, 'step_no': 252, 'loss': 0.13404762744903564, 'accuracy': 0.921875, 'l2_norm': 0.7201775908470154, 'computation_time': 0.0420680046081543, 'batch_time': 0.04497922347218264, 'rtc_check_time': 0.0017351000133203343, 'experiment_id': 'exp_20240620_221414', 'client_id': '0'}
[2024-06-20 22:15:00,913][root][INFO] - Added data to batch for client 0: {'round': 4, 'step_no': 253, 'loss': 0.30729052424430847, 'accuracy': 0.9206730723381042, 'l2_norm': 0.7425541877746582, 'computation_time': 0.0428621768951416, 'batch_time': 0.04615936543268617, 'rtc_check_time': 0.002294399993843399, 'experiment_id': 'exp_20240620_221414', 'client_id': '0'}
[2024-06-20 22:15:00,914][root][INFO] - Added data to batch for client 0: {'round': 4, 'step_no': 254, 'loss': 0.2554645240306854, 'accuracy': 0.9203125238418579, 'l2_norm': 0.7725376486778259, 'computation_time': 0.042207956314086914, 'batch_time': 0.04479934670962393, 'rtc_check_time': 0.0015134999994188547, 'experiment_id': 'exp_20240620_221414', 'client_id': '0'}
[2024-06-20 22:15:00,915][root][INFO] - Added data to batch for client 0: {'round': 4, 'step_no': 255, 'loss': 0.1858469843864441, 'accuracy': 0.9207317233085632, 'l2_norm': 0.7804650068283081, 'computation_time': 0.039266109466552734, 'batch_time': 0.04393531903042458, 'rtc_check_time': 0.003612300002714619, 'experiment_id': 'exp_20240620_221414', 'client_id': '0'}
[2024-06-20 22:15:00,916][root][INFO] - Added data to batch for client 0: {'round': 4, 'step_no': 256, 'loss': 0.07268743216991425, 'accuracy': 0.9226190447807312, 'l2_norm': 0.7885373830795288, 'computation_time': 0.04725003242492676, 'batch_time': 0.05698852280329447, 'rtc_check_time': 0.00840430000971537, 'experiment_id': 'exp_20240620_221414', 'client_id': '0'}
[2024-06-20 22:15:00,917][root][INFO] - Added data to batch for client 0: {'round': 4, 'step_no': 257, 'loss': 0.22014111280441284, 'accuracy': 0.9222383499145508, 'l2_norm': 0.814696729183197, 'computation_time': 0.0442960262298584, 'batch_time': 0.05407791168545373, 'rtc_check_time': 0.008633899997221306, 'experiment_id': 'exp_20240620_221414', 'client_id': '0'}
[2024-06-20 22:15:00,918][root][INFO] - Added data to batch for client 0: {'round': 4, 'step_no': 258, 'loss': 0.2757711112499237, 'accuracy': 0.9225852489471436, 'l2_norm': 0.8491858243942261, 'computation_time': 0.04251408576965332, 'batch_time': 0.04633080377243459, 'rtc_check_time': 0.002507800003513694, 'experiment_id': 'exp_20240620_221414', 'client_id': '0'}
[2024-06-20 22:15:00,919][root][INFO] - Added data to batch for client 0: {'round': 4, 'step_no': 259, 'loss': 0.7290460467338562, 'accuracy': 0.9208333492279053, 'l2_norm': 0.9215574264526367, 'computation_time': 0.03817605972290039, 'batch_time': 0.0458536698424723, 'rtc_check_time': 0.006623799999943003, 'experiment_id': 'exp_20240620_221414', 'client_id': '0'}
[2024-06-20 22:15:00,920][root][INFO] - Added data to batch for client 0: {'round': 4, 'step_no': 260, 'loss': 0.17760953307151794, 'accuracy': 0.9211956262588501, 'l2_norm': 0.952446460723877, 'computation_time': 0.03746509552001953, 'batch_time': 0.041680020425701514, 'rtc_check_time': 0.003115100000286475, 'experiment_id': 'exp_20240620_221414', 'client_id': '0'}
[2024-06-20 22:15:00,921][root][INFO] - Added data to batch for client 0: {'round': 4, 'step_no': 261, 'loss': 0.17611338198184967, 'accuracy': 0.9215425252914429, 'l2_norm': 0.9739655256271362, 'computation_time': 0.039530038833618164, 'batch_time': 0.044182185403769836, 'rtc_check_time': 0.003459100000327453, 'experiment_id': 'exp_20240620_221414', 'client_id': '0'}
[2024-06-20 22:15:00,922][root][INFO] - Added data to batch for client 0: {'round': 4, 'step_no': 262, 'loss': 0.34153085947036743, 'accuracy': 0.9192708134651184, 'l2_norm': 1.009917140007019, 'computation_time': 0.03977608680725098, 'batch_time': 0.04417624631605577, 'rtc_check_time': 0.0032362000056309626, 'experiment_id': 'exp_20240620_221414', 'client_id': '0'}
[2024-06-20 22:15:00,923][root][INFO] - Added data to batch for client 0: {'round': 4, 'step_no': 263, 'loss': 0.1426231861114502, 'accuracy': 0.9190050959587097, 'l2_norm': 1.0397707223892212, 'computation_time': 0.041882991790771484, 'batch_time': 0.0451319176791003, 'rtc_check_time': 0.001684900009422563, 'experiment_id': 'exp_20240620_221414', 'client_id': '0'}
[2024-06-20 22:15:00,925][root][INFO] - Added data to batch for client 0: {'round': 4, 'step_no': 264, 'loss': 0.14373049139976501, 'accuracy': 0.9206249713897705, 'l2_norm': 1.030775785446167, 'computation_time': 0.04186892509460449, 'batch_time': 0.04494419027469121, 'rtc_check_time': 0.0019001000036951154, 'experiment_id': 'exp_20240620_221414', 'client_id': '0'}
[2024-06-20 22:15:00,926][root][INFO] - Added data to batch for client 0: {'round': 4, 'step_no': 265, 'loss': 0.09914974868297577, 'accuracy': 0.9215686321258545, 'l2_norm': 1.0269747972488403, 'computation_time': 0.03874993324279785, 'batch_time': 0.0417541077331407, 'rtc_check_time': 0.001966099996934645, 'experiment_id': 'exp_20240620_221414', 'client_id': '0'}
[2024-06-20 22:15:00,927][root][INFO] - Added data to batch for client 0: {'round': 4, 'step_no': 266, 'loss': 0.15338970720767975, 'accuracy': 0.921875, 'l2_norm': 1.0608564615249634, 'computation_time': 0.046257972717285156, 'batch_time': 0.04972960909071844, 'rtc_check_time': 0.0017523999995319173, 'experiment_id': 'exp_20240620_221414', 'client_id': '0'}
[2024-06-20 22:15:00,928][root][INFO] - Added data to batch for client 0: {'round': 4, 'step_no': 267, 'loss': 0.09885667264461517, 'accuracy': 0.9227594137191772, 'l2_norm': 1.0556316375732422, 'computation_time': 0.04153800010681152, 'batch_time': 0.04687214724253863, 'rtc_check_time': 0.004144200007431209, 'experiment_id': 'exp_20240620_221414', 'client_id': '0'}
[2024-06-20 22:15:00,929][root][INFO] - Added data to batch for client 0: {'round': 4, 'step_no': 268, 'loss': 0.1414143592119217, 'accuracy': 0.9230324029922485, 'l2_norm': 1.0734628438949585, 'computation_time': 0.04109001159667969, 'batch_time': 0.04453298292355612, 'rtc_check_time': 0.0023019000072963536, 'experiment_id': 'exp_20240620_221414', 'client_id': '0'}
[2024-06-20 22:15:00,930][root][INFO] - Added data to batch for client 0: {'round': 4, 'step_no': 269, 'loss': 0.0702657625079155, 'accuracy': 0.9244318008422852, 'l2_norm': 1.0739068984985352, 'computation_time': 0.03736090660095215, 'batch_time': 0.041395681735593826, 'rtc_check_time': 0.0029575999942608178, 'experiment_id': 'exp_20240620_221414', 'client_id': '0'}
[2024-06-20 22:15:00,931][root][INFO] - Added data to batch for client 0: {'round': 4, 'step_no': 270, 'loss': 0.19705379009246826, 'accuracy': 0.9246651530265808, 'l2_norm': 1.0916281938552856, 'computation_time': 0.03866100311279297, 'batch_time': 0.04331715220178012, 'rtc_check_time': 0.003605199992307462, 'experiment_id': 'exp_20240620_221414', 'client_id': '0'}
[2024-06-20 22:15:00,932][root][INFO] - Added data to batch for client 0: {'round': 4, 'step_no': 271, 'loss': 0.09538842737674713, 'accuracy': 0.9248903393745422, 'l2_norm': 1.101684808731079, 'computation_time': 0.03936910629272461, 'batch_time': 0.0438869497156702, 'rtc_check_time': 0.0034780999994836748, 'experiment_id': 'exp_20240620_221414', 'client_id': '0'}
[2024-06-20 22:15:00,933][root][INFO] - Added data to batch for client 0: {'round': 4, 'step_no': 272, 'loss': 0.02008962444961071, 'accuracy': 0.9261853694915771, 'l2_norm': 1.104772925376892, 'computation_time': 0.03968405723571777, 'batch_time': 0.04251314939756412, 'rtc_check_time': 0.0017183000018121675, 'experiment_id': 'exp_20240620_221414', 'client_id': '0'}
[2024-06-20 22:15:00,934][root][INFO] - Added data to batch for client 0: {'round': 4, 'step_no': 273, 'loss': 0.2511145770549774, 'accuracy': 0.9263771176338196, 'l2_norm': 1.1796356439590454, 'computation_time': 0.04443717002868652, 'batch_time': 0.04724378617538605, 'rtc_check_time': 0.0015727999998489395, 'experiment_id': 'exp_20240620_221414', 'client_id': '0'}
[2024-06-20 22:15:00,935][root][INFO] - Added data to batch for client 0: {'round': 4, 'step_no': 274, 'loss': 0.5227582454681396, 'accuracy': 0.9244791865348816, 'l2_norm': 1.209219217300415, 'computation_time': 0.047827959060668945, 'batch_time': 0.05296557629480958, 'rtc_check_time': 0.0036536999978125095, 'experiment_id': 'exp_20240620_221414', 'client_id': '0'}
[2024-06-20 22:15:00,937][root][INFO] - Added data to batch for client 0: {'round': 4, 'step_no': 275, 'loss': 0.13719773292541504, 'accuracy': 0.9252049326896667, 'l2_norm': 1.2147085666656494, 'computation_time': 0.046231985092163086, 'batch_time': 0.04961962904781103, 'rtc_check_time': 0.002094700001180172, 'experiment_id': 'exp_20240620_221414', 'client_id': '0'}
[2024-06-20 22:15:00,938][root][INFO] - Added data to batch for client 0: {'round': 4, 'step_no': 276, 'loss': 0.3422233462333679, 'accuracy': 0.9254032373428345, 'l2_norm': 1.2187128067016602, 'computation_time': 0.05221414566040039, 'batch_time': 0.05688550758350175, 'rtc_check_time': 0.003435400009038858, 'experiment_id': 'exp_20240620_221414', 'client_id': '0'}
[2024-06-20 22:15:00,939][root][INFO] - Added data to batch for client 0: {'round': 4, 'step_no': 277, 'loss': 0.14215920865535736, 'accuracy': 0.9260912537574768, 'l2_norm': 1.224696397781372, 'computation_time': 0.04365801811218262, 'batch_time': 0.04931636652327143, 'rtc_check_time': 0.004390199988847598, 'experiment_id': 'exp_20240620_221414', 'client_id': '0'}
[2024-06-20 22:15:00,940][root][INFO] - Added data to batch for client 0: {'round': 4, 'step_no': 278, 'loss': 0.20928657054901123, 'accuracy': 0.92578125, 'l2_norm': 1.2423516511917114, 'computation_time': 0.04218912124633789, 'batch_time': 0.045289331130334176, 'rtc_check_time': 0.001618199996300973, 'experiment_id': 'exp_20240620_221414', 'client_id': '0'}
[2024-06-20 22:15:00,942][root][INFO] - Added data to batch for client 0: {'round': 4, 'step_no': 279, 'loss': 0.13602465391159058, 'accuracy': 0.9264423251152039, 'l2_norm': 1.2613052129745483, 'computation_time': 0.03859519958496094, 'batch_time': 0.044533914522617124, 'rtc_check_time': 0.0047408999962499365, 'experiment_id': 'exp_20240620_221414', 'client_id': '0'}
[2024-06-20 22:15:00,943][root][INFO] - Added data to batch for client 0: {'round': 4, 'step_no': 280, 'loss': 0.09860842674970627, 'accuracy': 0.9270833134651184, 'l2_norm': 1.2885702848434448, 'computation_time': 0.04412102699279785, 'batch_time': 0.0477001654508058, 'rtc_check_time': 0.0022129999997559935, 'experiment_id': 'exp_20240620_221414', 'client_id': '0'}
[2024-06-20 22:15:00,944][root][INFO] - Added data to batch for client 0: {'round': 4, 'step_no': 281, 'loss': 0.07947079092264175, 'accuracy': 0.9277052283287048, 'l2_norm': 1.310980200767517, 'computation_time': 0.04372215270996094, 'batch_time': 0.04915093052841257, 'rtc_check_time': 0.004153000001679175, 'experiment_id': 'exp_20240620_221414', 'client_id': '0'}
[2024-06-20 22:15:00,945][root][INFO] - Added data to batch for client 0: {'round': 4, 'step_no': 282, 'loss': 0.4644147455692291, 'accuracy': 0.9260110259056091, 'l2_norm': 1.376892328262329, 'computation_time': 0.0443120002746582, 'batch_time': 0.054915763190365396, 'rtc_check_time': 0.00915990000066813, 'experiment_id': 'exp_20240620_221414', 'client_id': '0'}
[2024-06-20 22:15:00,946][root][INFO] - Added data to batch for client 0: {'round': 4, 'step_no': 283, 'loss': 0.11439716815948486, 'accuracy': 0.926630437374115, 'l2_norm': 1.3487857580184937, 'computation_time': 0.040782928466796875, 'batch_time': 0.04487004228576552, 'rtc_check_time': 0.0028830999945057556, 'experiment_id': 'exp_20240620_221414', 'client_id': '0'}
[2024-06-20 22:15:00,947][root][INFO] - Added data to batch for client 0: {'round': 4, 'step_no': 284, 'loss': 0.12315624952316284, 'accuracy': 0.9267857074737549, 'l2_norm': 1.3655037879943848, 'computation_time': 0.038931846618652344, 'batch_time': 0.04315761728503276, 'rtc_check_time': 0.003123799993772991, 'experiment_id': 'exp_20240620_221414', 'client_id': '0'}
[2024-06-20 22:15:00,948][root][INFO] - Added data to batch for client 0: {'round': 4, 'step_no': 285, 'loss': 0.35792773962020874, 'accuracy': 0.9264965057373047, 'l2_norm': 1.4317723512649536, 'computation_time': 0.039566993713378906, 'batch_time': 0.04207564587704837, 'rtc_check_time': 0.0013466000091284513, 'experiment_id': 'exp_20240620_221414', 'client_id': '0'}
[2024-06-20 22:15:00,949][root][INFO] - Added data to batch for client 0: {'round': 4, 'step_no': 286, 'loss': 0.23554345965385437, 'accuracy': 0.9266493320465088, 'l2_norm': 1.4399129152297974, 'computation_time': 0.04296398162841797, 'batch_time': 0.047208820207742974, 'rtc_check_time': 0.0030928000051062554, 'experiment_id': 'exp_20240620_221414', 'client_id': '0'}
[2024-06-20 22:15:00,951][root][INFO] - Added data to batch for client 0: {'round': 4, 'step_no': 287, 'loss': 0.09581780433654785, 'accuracy': 0.9276540875434875, 'l2_norm': 1.4747074842453003, 'computation_time': 0.048577070236206055, 'batch_time': 0.0639841963420622, 'rtc_check_time': 0.013460199988912791, 'experiment_id': 'exp_20240620_221414', 'client_id': '0'}
[2024-06-20 22:15:00,952][root][INFO] - Added data to batch for client 0: {'round': 4, 'step_no': 288, 'loss': 0.2441023588180542, 'accuracy': 0.927787184715271, 'l2_norm': 1.5041745901107788, 'computation_time': 0.05708193778991699, 'batch_time': 0.06206573157396633, 'rtc_check_time': 0.0033697000035317615, 'experiment_id': 'exp_20240620_221414', 'client_id': '0'}
[2024-06-20 22:15:00,953][root][INFO] - Added data to batch for client 0: {'round': 4, 'step_no': 289, 'loss': 0.21311280131340027, 'accuracy': 0.9275000095367432, 'l2_norm': 1.533837080001831, 'computation_time': 0.058364152908325195, 'batch_time': 0.06253541943442542, 'rtc_check_time': 0.0026193999947281554, 'experiment_id': 'exp_20240620_221414', 'client_id': '0'}
[2024-06-20 22:15:00,954][root][INFO] - Added data to batch for client 0: {'round': 4, 'step_no': 290, 'loss': 0.17575201392173767, 'accuracy': 0.9272204041481018, 'l2_norm': 1.59281587600708, 'computation_time': 0.04314112663269043, 'batch_time': 0.04916424241673667, 'rtc_check_time': 0.0049580999911995605, 'experiment_id': 'exp_20240620_221414', 'client_id': '0'}
[2024-06-20 22:15:00,956][root][INFO] - Added data to batch for client 0: {'round': 4, 'step_no': 291, 'loss': 0.0205811969935894, 'accuracy': 0.9281655550003052, 'l2_norm': 1.5945247411727905, 'computation_time': 0.05165290832519531, 'batch_time': 0.05652906840259675, 'rtc_check_time': 0.0029042000096524134, 'experiment_id': 'exp_20240620_221414', 'client_id': '0'}
[2024-06-20 22:15:00,957][root][INFO] - Added data to batch for client 0: {'round': 4, 'step_no': 292, 'loss': 0.32569456100463867, 'accuracy': 0.9282852411270142, 'l2_norm': 1.613657832145691, 'computation_time': 0.04663896560668945, 'batch_time': 0.04961790177912917, 'rtc_check_time': 0.0018989000091096386, 'experiment_id': 'exp_20240620_221414', 'client_id': '0'}
[2024-06-20 22:15:00,958][root][INFO] - Added data to batch for client 0: {'round': 4, 'step_no': 293, 'loss': 0.21541514992713928, 'accuracy': 0.9284018874168396, 'l2_norm': 1.6386263370513916, 'computation_time': 0.04145193099975586, 'batch_time': 0.04578117998607922, 'rtc_check_time': 0.0030642000056104735, 'experiment_id': 'exp_20240620_221414', 'client_id': '0'}
[2024-06-20 22:15:00,959][root][INFO] - Added data to batch for client 0: {'round': 4, 'step_no': 294, 'loss': 0.17103637754917145, 'accuracy': 0.928515613079071, 'l2_norm': 1.6837608814239502, 'computation_time': 0.0429229736328125, 'batch_time': 0.05836377629020717, 'rtc_check_time': 0.014174800002365373, 'experiment_id': 'exp_20240620_221414', 'client_id': '0'}
[2024-06-20 22:15:00,960][root][INFO] - Added data to batch for client 0: {'round': 4, 'step_no': 295, 'loss': 0.5382677316665649, 'accuracy': 0.9270833134651184, 'l2_norm': 1.7350378036499023, 'computation_time': 0.043190956115722656, 'batch_time': 0.05748220947862137, 'rtc_check_time': 0.013093200002913363, 'experiment_id': 'exp_20240620_221414', 'client_id': '0'}
[2024-06-20 22:15:00,961][root][INFO] - Added data to batch for client 0: {'round': 4, 'step_no': 296, 'loss': 0.33467501401901245, 'accuracy': 0.9272103905677795, 'l2_norm': 1.7465243339538574, 'computation_time': 0.051177024841308594, 'batch_time': 0.0541464281413937, 'rtc_check_time': 0.0016642999980831519, 'experiment_id': 'exp_20240620_221414', 'client_id': '0'}
[2024-06-20 22:15:00,962][root][INFO] - Added data to batch for client 0: {'round': 4, 'step_no': 297, 'loss': 0.05600740760564804, 'accuracy': 0.9280873537063599, 'l2_norm': 1.7484211921691895, 'computation_time': 0.04207611083984375, 'batch_time': 0.04669867407938, 'rtc_check_time': 0.0035647000040626153, 'experiment_id': 'exp_20240620_221414', 'client_id': '0'}
[2024-06-20 22:15:00,963][root][INFO] - Added data to batch for client 0: {'round': 4, 'step_no': 298, 'loss': 0.04174681007862091, 'accuracy': 0.9289434552192688, 'l2_norm': 1.7570316791534424, 'computation_time': 0.04500412940979004, 'batch_time': 0.056802924431394786, 'rtc_check_time': 0.010405000008177012, 'experiment_id': 'exp_20240620_221414', 'client_id': '0'}
[2024-06-20 22:15:00,964][root][INFO] - Added data to batch for client 0: {'round': 4, 'step_no': 299, 'loss': 0.11642425507307053, 'accuracy': 0.929411768913269, 'l2_norm': 1.7610738277435303, 'computation_time': 0.041792869567871094, 'batch_time': 0.04668657977890689, 'rtc_check_time': 0.0037977000029059127, 'experiment_id': 'exp_20240620_221414', 'client_id': '0'}
[2024-06-20 22:15:00,965][root][INFO] - Added data to batch for client 0: {'round': 4, 'step_no': 300, 'loss': 0.43023809790611267, 'accuracy': 0.9287790656089783, 'l2_norm': 1.8107624053955078, 'computation_time': 0.040032148361206055, 'batch_time': 0.042611332319211215, 'rtc_check_time': 0.0013374999980442226, 'experiment_id': 'exp_20240620_221414', 'client_id': '0'}
[2024-06-20 22:15:00,967][root][INFO] - Added data to batch for client 0: {'round': 4, 'step_no': 301, 'loss': 0.3332790732383728, 'accuracy': 0.9281609058380127, 'l2_norm': 1.8917704820632935, 'computation_time': 0.05420494079589844, 'batch_time': 0.05876606097444892, 'rtc_check_time': 0.0027520000003278255, 'experiment_id': 'exp_20240620_221414', 'client_id': '0'}
[2024-06-20 22:15:00,968][root][INFO] - Added data to batch for client 0: {'round': 4, 'step_no': 302, 'loss': 0.2754383087158203, 'accuracy': 0.9275568127632141, 'l2_norm': 1.8936196565628052, 'computation_time': 0.0420839786529541, 'batch_time': 0.04623315841308795, 'rtc_check_time': 0.002756100002443418, 'experiment_id': 'exp_20240620_221414', 'client_id': '0'}
[2024-06-20 22:15:00,969][root][INFO] - Added data to batch for client 0: {'round': 4, 'step_no': 303, 'loss': 0.12855970859527588, 'accuracy': 0.9276685118675232, 'l2_norm': 1.9138280153274536, 'computation_time': 0.0420680046081543, 'batch_time': 0.048695229401346296, 'rtc_check_time': 0.004502199997659773, 'experiment_id': 'exp_20240620_221414', 'client_id': '0'}
[2024-06-20 22:15:00,970][root][INFO] - Added data to batch for client 0: {'round': 4, 'step_no': 304, 'loss': 0.20056390762329102, 'accuracy': 0.9274305701255798, 'l2_norm': 1.9258778095245361, 'computation_time': 0.044877052307128906, 'batch_time': 0.047727009281516075, 'rtc_check_time': 0.0015438999980688095, 'experiment_id': 'exp_20240620_221414', 'client_id': '0'}
[2024-06-20 22:15:00,971][root][INFO] - Added data to batch for client 0: {'round': 4, 'step_no': 305, 'loss': 0.21036797761917114, 'accuracy': 0.927541196346283, 'l2_norm': 1.9569073915481567, 'computation_time': 0.040992021560668945, 'batch_time': 0.04662857130460907, 'rtc_check_time': 0.004546500000287779, 'experiment_id': 'exp_20240620_221414', 'client_id': '0'}
[2024-06-20 22:15:00,972][root][INFO] - Added data to batch for client 0: {'round': 4, 'step_no': 306, 'loss': 0.1951262652873993, 'accuracy': 0.92798912525177, 'l2_norm': 1.9757298231124878, 'computation_time': 0.044161081314086914, 'batch_time': 0.049480300513096154, 'rtc_check_time': 0.003974299994297326, 'experiment_id': 'exp_20240620_221414', 'client_id': '0'}
[2024-06-20 22:15:00,973][root][INFO] - Added data to batch for client 0: {'round': 4, 'step_no': 307, 'loss': 0.20503383874893188, 'accuracy': 0.9277553558349609, 'l2_norm': 1.9864404201507568, 'computation_time': 0.039247989654541016, 'batch_time': 0.04318106031860225, 'rtc_check_time': 0.0028310999914538115, 'experiment_id': 'exp_20240620_221414', 'client_id': '0'}
[2024-06-20 22:15:00,974][root][INFO] - Added data to batch for client 0: {'round': 4, 'step_no': 308, 'loss': 0.29460060596466064, 'accuracy': 0.9281914830207825, 'l2_norm': 2.018850088119507, 'computation_time': 0.040914058685302734, 'batch_time': 0.04435652018582914, 'rtc_check_time': 0.0018626999953994527, 'experiment_id': 'exp_20240620_221414', 'client_id': '0'}
[2024-06-20 22:15:00,975][root][INFO] - Added data to batch for client 0: {'round': 4, 'step_no': 309, 'loss': 0.1397392451763153, 'accuracy': 0.9286184310913086, 'l2_norm': 2.0822107791900635, 'computation_time': 0.052477121353149414, 'batch_time': 0.05676556477556005, 'rtc_check_time': 0.0024375999928452075, 'experiment_id': 'exp_20240620_221414', 'client_id': '0'}
[2024-06-20 22:15:00,976][root][INFO] - Added data to batch for client 0: {'round': 4, 'step_no': 310, 'loss': 0.16888770461082458, 'accuracy': 0.9287109375, 'l2_norm': 2.0999701023101807, 'computation_time': 0.043573856353759766, 'batch_time': 0.049444534350186586, 'rtc_check_time': 0.004510500002652407, 'experiment_id': 'exp_20240620_221414', 'client_id': '0'}
[2024-06-20 22:15:00,977][root][INFO] - Added data to batch for client 0: {'round': 4, 'step_no': 311, 'loss': 0.056865401566028595, 'accuracy': 0.9294458627700806, 'l2_norm': 2.1137897968292236, 'computation_time': 0.04003000259399414, 'batch_time': 0.04371939921111334, 'rtc_check_time': 0.0026033999893115833, 'experiment_id': 'exp_20240620_221414', 'client_id': '0'}
[2024-06-20 22:15:00,978][root][INFO] - Added data to batch for client 0: {'round': 4, 'step_no': 312, 'loss': 0.19134731590747833, 'accuracy': 0.9298469424247742, 'l2_norm': 2.1393303871154785, 'computation_time': 0.039324045181274414, 'batch_time': 0.04412437984137796, 'rtc_check_time': 0.0036265999951865524, 'experiment_id': 'exp_20240620_221414', 'client_id': '0'}
[2024-06-20 22:15:00,979][root][INFO] - Added data to batch for client 0: {'round': 4, 'step_no': 313, 'loss': 0.1283578723669052, 'accuracy': 0.9302399158477783, 'l2_norm': 2.147784471511841, 'computation_time': 0.04047703742980957, 'batch_time': 0.04326796418172307, 'rtc_check_time': 0.0016159999941010028, 'experiment_id': 'exp_20240620_221414', 'client_id': '0'}
[2024-06-20 22:15:00,980][root][INFO] - Added data to batch for client 0: {'round': 4, 'step_no': 314, 'loss': 0.056597523391246796, 'accuracy': 0.9309375286102295, 'l2_norm': 2.1634738445281982, 'computation_time': 0.0414891242980957, 'batch_time': 0.04415374723612331, 'rtc_check_time': 0.0014258000010158867, 'experiment_id': 'exp_20240620_221414', 'client_id': '0'}
[2024-06-20 22:15:00,981][root][INFO] - Added data to batch for client 0: {'round': 4, 'step_no': 315, 'loss': 0.050364553928375244, 'accuracy': 0.9316213130950928, 'l2_norm': 2.166773557662964, 'computation_time': 0.04068398475646973, 'batch_time': 0.044110976363299415, 'rtc_check_time': 0.002313100005267188, 'experiment_id': 'exp_20240620_221414', 'client_id': '0'}
[2024-06-20 22:15:00,982][root][INFO] - Added data to batch for client 0: {'round': 4, 'step_no': 316, 'loss': 0.20017291605472565, 'accuracy': 0.9316789507865906, 'l2_norm': 2.1983842849731445, 'computation_time': 0.045033931732177734, 'batch_time': 0.0484651897859294, 'rtc_check_time': 0.001875099987955764, 'experiment_id': 'exp_20240620_221414', 'client_id': '0'}
[2024-06-20 22:15:00,982][root][INFO] - Added data to batch for client 0: {'round': 4, 'step_no': 317, 'loss': 0.04842706769704819, 'accuracy': 0.9323422312736511, 'l2_norm': 2.205836772918701, 'computation_time': 0.04616403579711914, 'batch_time': 0.051323977997526526, 'rtc_check_time': 0.003899900009855628, 'experiment_id': 'exp_20240620_221414', 'client_id': '0'}
[2024-06-20 22:15:00,983][root][INFO] - Added data to batch for client 0: {'round': 4, 'step_no': 318, 'loss': 0.3077724277973175, 'accuracy': 0.9317908883094788, 'l2_norm': 2.233863115310669, 'computation_time': 0.05115485191345215, 'batch_time': 0.05610285465081688, 'rtc_check_time': 0.0036397999938344583, 'experiment_id': 'exp_20240620_221414', 'client_id': '0'}
[2024-06-20 22:15:00,984][root][INFO] - Added data to batch for client 0: {'round': 4, 'step_no': 319, 'loss': 0.18049682676792145, 'accuracy': 0.9321428537368774, 'l2_norm': 2.262631893157959, 'computation_time': 0.04380202293395996, 'batch_time': 0.04644711759465281, 'rtc_check_time': 0.0014201000012690201, 'experiment_id': 'exp_20240620_221414', 'client_id': '0'}
[2024-06-20 22:15:00,985][root][INFO] - Added data to batch for client 0: {'round': 4, 'step_no': 320, 'loss': 0.18512579798698425, 'accuracy': 0.9318985939025879, 'l2_norm': 2.3583903312683105, 'computation_time': 0.04369401931762695, 'batch_time': 0.056733052857453004, 'rtc_check_time': 0.011859099991852418, 'experiment_id': 'exp_20240620_221414', 'client_id': '0'}
[2024-06-20 22:15:00,986][root][INFO] - Added data to batch for client 0: {'round': 4, 'step_no': 321, 'loss': 0.13721919059753418, 'accuracy': 0.9322429895401001, 'l2_norm': 2.430202007293701, 'computation_time': 0.042526960372924805, 'batch_time': 0.04596609401050955, 'rtc_check_time': 0.0022170000011101365, 'experiment_id': 'exp_20240620_221414', 'client_id': '0'}
[2024-06-20 22:15:00,987][root][INFO] - Added data to batch for client 0: {'round': 4, 'step_no': 322, 'loss': 0.08637402206659317, 'accuracy': 0.9325810074806213, 'l2_norm': 2.446730613708496, 'computation_time': 0.039288997650146484, 'batch_time': 0.04346182088193018, 'rtc_check_time': 0.0030637000018032268, 'experiment_id': 'exp_20240620_221414', 'client_id': '0'}
[2024-06-20 22:15:00,988][root][INFO] - Added data to batch for client 0: {'round': 4, 'step_no': 323, 'loss': 0.1652030646800995, 'accuracy': 0.9323394298553467, 'l2_norm': 2.4464778900146484, 'computation_time': 0.0399019718170166, 'batch_time': 0.04312143231800292, 'rtc_check_time': 0.0018475999968359247, 'experiment_id': 'exp_20240620_221414', 'client_id': '0'}
[2024-06-20 22:15:00,989][root][INFO] - Added data to batch for client 0: {'round': 4, 'step_no': 324, 'loss': 0.03423795849084854, 'accuracy': 0.9329545497894287, 'l2_norm': 2.447258710861206, 'computation_time': 0.04360699653625488, 'batch_time': 0.04637906403513625, 'rtc_check_time': 0.001567100000102073, 'experiment_id': 'exp_20240620_221414', 'client_id': '0'}
[2024-06-20 22:15:00,991][root][INFO] - Added data to batch for client 0: {'round': 4, 'step_no': 325, 'loss': 0.25596603751182556, 'accuracy': 0.9332770109176636, 'l2_norm': 2.474020004272461, 'computation_time': 0.041307926177978516, 'batch_time': 0.04599592028534971, 'rtc_check_time': 0.0034599000064190477, 'experiment_id': 'exp_20240620_221414', 'client_id': '0'}
[2024-06-20 22:15:00,992][root][INFO] - Added data to batch for client 0: {'round': 4, 'step_no': 326, 'loss': 0.2172621637582779, 'accuracy': 0.9327567219734192, 'l2_norm': 2.5287270545959473, 'computation_time': 0.04291510581970215, 'batch_time': 0.04845766983635258, 'rtc_check_time': 0.0038486000121338293, 'experiment_id': 'exp_20240620_221414', 'client_id': '0'}
[2024-06-20 22:15:00,993][root][INFO] - Added data to batch for client 0: {'round': 4, 'step_no': 327, 'loss': 0.23305019736289978, 'accuracy': 0.9327986836433411, 'l2_norm': 2.5741703510284424, 'computation_time': 0.0393218994140625, 'batch_time': 0.05602615418320056, 'rtc_check_time': 0.0156420999992406, 'experiment_id': 'exp_20240620_221414', 'client_id': '0'}
[2024-06-20 22:15:00,994][root][INFO] - Added data to batch for client 0: {'round': 4, 'step_no': 328, 'loss': 0.3471032381057739, 'accuracy': 0.9322916865348816, 'l2_norm': 2.6481666564941406, 'computation_time': 0.051506996154785156, 'batch_time': 0.05439216422382742, 'rtc_check_time': 0.0016833000117912889, 'experiment_id': 'exp_20240620_221414', 'client_id': '0'}
[2024-06-20 22:15:00,995][root][INFO] - Added data to batch for client 0: {'round': 4, 'step_no': 329, 'loss': 0.3499143123626709, 'accuracy': 0.9320651888847351, 'l2_norm': 2.636087417602539, 'computation_time': 0.043578147888183594, 'batch_time': 0.04862691384914797, 'rtc_check_time': 0.0034937999880639836, 'experiment_id': 'exp_20240620_221414', 'client_id': '0'}
[2024-06-20 22:15:00,996][root][INFO] - Added data to batch for client 0: {'round': 4, 'step_no': 330, 'loss': 0.18926414847373962, 'accuracy': 0.9318426847457886, 'l2_norm': 2.6669180393218994, 'computation_time': 0.046707868576049805, 'batch_time': 0.04971969149482902, 'rtc_check_time': 0.0015167000092333183, 'experiment_id': 'exp_20240620_221414', 'client_id': '0'}
[2024-06-20 22:15:00,997][root][INFO] - Added data to batch for client 0: {'round': 4, 'step_no': 331, 'loss': 0.47227442264556885, 'accuracy': 0.9310897588729858, 'l2_norm': 2.7304954528808594, 'computation_time': 0.043702125549316406, 'batch_time': 0.048586446937406436, 'rtc_check_time': 0.003850300010526553, 'experiment_id': 'exp_20240620_221414', 'client_id': '0'}
[2024-06-20 22:15:00,998][root][INFO] - Added data to batch for client 0: {'round': 4, 'step_no': 332, 'loss': 0.11050517857074738, 'accuracy': 0.9314088821411133, 'l2_norm': 2.763296365737915, 'computation_time': 0.038620948791503906, 'batch_time': 0.043064825687906705, 'rtc_check_time': 0.0033337999921059236, 'experiment_id': 'exp_20240620_221414', 'client_id': '0'}
[2024-06-20 22:15:00,999][root][INFO] - Added data to batch for client 0: {'round': 4, 'step_no': 333, 'loss': 0.04555992782115936, 'accuracy': 0.9319853186607361, 'l2_norm': 2.7712697982788086, 'computation_time': 0.037403106689453125, 'batch_time': 0.040872952609788626, 'rtc_check_time': 0.002315899997483939, 'experiment_id': 'exp_20240620_221414', 'client_id': '0'}
[2024-06-20 22:15:00,999][root][INFO] - Added data to batch for client 0: {'round': 4, 'step_no': 334, 'loss': 0.058111488819122314, 'accuracy': 0.9325520992279053, 'l2_norm': 2.7685248851776123, 'computation_time': 0.039479970932006836, 'batch_time': 0.04331135189568158, 'rtc_check_time': 0.0026102010015165433, 'experiment_id': 'exp_20240620_221414', 'client_id': '0'}
[2024-06-20 22:15:01,000][root][INFO] - Added data to batch for client 0: {'round': 4, 'step_no': 335, 'loss': 0.05465385317802429, 'accuracy': 0.9331095218658447, 'l2_norm': 2.78480863571167, 'computation_time': 0.04849100112915039, 'batch_time': 0.050864101576735266, 'rtc_check_time': 0.0013509999989764765, 'experiment_id': 'exp_20240620_221414', 'client_id': '0'}
[2024-06-20 22:15:01,001][root][INFO] - Added data to batch for client 0: {'round': 4, 'step_no': 336, 'loss': 0.22052937746047974, 'accuracy': 0.9328893423080444, 'l2_norm': 2.8436570167541504, 'computation_time': 0.04164314270019531, 'batch_time': 0.04692281282041222, 'rtc_check_time': 0.004174600006081164, 'experiment_id': 'exp_20240620_221414', 'client_id': '0'}
[2024-06-20 22:15:01,002][root][INFO] - Added data to batch for client 0: {'round': 4, 'step_no': 337, 'loss': 0.1271194964647293, 'accuracy': 0.9331808686256409, 'l2_norm': 2.856867790222168, 'computation_time': 0.04803109169006348, 'batch_time': 0.05201056826626882, 'rtc_check_time': 0.0024833999923430383, 'experiment_id': 'exp_20240620_221414', 'client_id': '0'}
[2024-06-20 22:15:01,003][root][INFO] - Added data to batch for client 0: {'round': 4, 'step_no': 338, 'loss': 0.04153694584965706, 'accuracy': 0.9337197542190552, 'l2_norm': 2.8684139251708984, 'computation_time': 0.04361915588378906, 'batch_time': 0.056470164825441316, 'rtc_check_time': 0.011278399993898347, 'experiment_id': 'exp_20240620_221414', 'client_id': '0'}
[2024-06-20 22:15:01,004][root][INFO] - Added data to batch for client 0: {'round': 4, 'step_no': 339, 'loss': 0.18781860172748566, 'accuracy': 0.9332500100135803, 'l2_norm': 2.8665642738342285, 'computation_time': 0.058561086654663086, 'batch_time': 0.06198958231834695, 'rtc_check_time': 0.001995600003283471, 'experiment_id': 'exp_20240620_221414', 'client_id': '0'}
[2024-06-20 22:15:01,005][root][INFO] - Added data to batch for client 0: {'round': 4, 'step_no': 340, 'loss': 0.31309497356414795, 'accuracy': 0.9332837462425232, 'l2_norm': 2.890626907348633, 'computation_time': 0.05044913291931152, 'batch_time': 0.05451714392984286, 'rtc_check_time': 0.0017810999997891486, 'experiment_id': 'exp_20240620_221414', 'client_id': '0'}
[2024-06-20 22:15:01,007][root][INFO] - Added data to batch for client 0: {'round': 4, 'step_no': 341, 'loss': 0.13396255671977997, 'accuracy': 0.9335629940032959, 'l2_norm': 2.905395984649658, 'computation_time': 0.050599098205566406, 'batch_time': 0.05515869180089794, 'rtc_check_time': 0.0030298999918159097, 'experiment_id': 'exp_20240620_221414', 'client_id': '0'}
[2024-06-20 22:15:01,008][root][INFO] - Added data to batch for client 0: {'round': 4, 'step_no': 342, 'loss': 0.14982423186302185, 'accuracy': 0.93359375, 'l2_norm': 2.950784206390381, 'computation_time': 0.049751996994018555, 'batch_time': 0.05354410941072274, 'rtc_check_time': 0.002452200002153404, 'experiment_id': 'exp_20240620_221414', 'client_id': '0'}
[2024-06-20 22:15:01,009][root][INFO] - Added data to batch for client 0: {'round': 4, 'step_no': 343, 'loss': 0.0886942446231842, 'accuracy': 0.9338662624359131, 'l2_norm': 2.9669082164764404, 'computation_time': 0.04597592353820801, 'batch_time': 0.05120278554386459, 'rtc_check_time': 0.0039487000030931085, 'experiment_id': 'exp_20240620_221414', 'client_id': '0'}
[2024-06-20 22:15:01,010][root][INFO] - Added data to batch for client 0: {'round': 4, 'step_no': 344, 'loss': 0.09220100939273834, 'accuracy': 0.9341346025466919, 'l2_norm': 2.993847131729126, 'computation_time': 0.04200887680053711, 'batch_time': 0.0456086815247545, 'rtc_check_time': 0.00243060001230333, 'experiment_id': 'exp_20240620_221414', 'client_id': '0'}
[2024-06-20 22:15:01,011][root][INFO] - Added data to batch for client 0: {'round': 4, 'step_no': 345, 'loss': 0.2033955454826355, 'accuracy': 0.933921754360199, 'l2_norm': 2.9904520511627197, 'computation_time': 0.050653934478759766, 'batch_time': 0.05402651030453853, 'rtc_check_time': 0.001701500004855916, 'experiment_id': 'exp_20240620_221414', 'client_id': '0'}
[2024-06-20 22:15:01,012][root][INFO] - Added data to batch for client 0: {'round': 4, 'step_no': 346, 'loss': 0.18114173412322998, 'accuracy': 0.9337121248245239, 'l2_norm': 3.0067927837371826, 'computation_time': 0.05344200134277344, 'batch_time': 0.05679494333162438, 'rtc_check_time': 0.0019210000027669594, 'experiment_id': 'exp_20240620_221414', 'client_id': '0'}
[2024-06-20 22:15:01,012][root][INFO] - Added data to batch for client 0: {'round': 4, 'step_no': 347, 'loss': 0.28402450680732727, 'accuracy': 0.933505654335022, 'l2_norm': 3.096987724304199, 'computation_time': 0.048967838287353516, 'batch_time': 0.056448260744218715, 'rtc_check_time': 0.006196299989824183, 'experiment_id': 'exp_20240620_221414', 'client_id': '0'}
[2024-06-20 22:15:01,013][root][INFO] - Added data to batch for client 0: {'round': 4, 'step_no': 348, 'loss': 0.05409107357263565, 'accuracy': 0.933768630027771, 'l2_norm': 3.1088476181030273, 'computation_time': 0.050045013427734375, 'batch_time': 0.062118854009895585, 'rtc_check_time': 0.010506000005989335, 'experiment_id': 'exp_20240620_221414', 'client_id': '0'}
[2024-06-20 22:15:01,014][root][INFO] - Added data to batch for client 0: {'round': 4, 'step_no': 349, 'loss': 0.4130288362503052, 'accuracy': 0.9335648417472839, 'l2_norm': 3.0970025062561035, 'computation_time': 0.04822993278503418, 'batch_time': 0.05445377979776822, 'rtc_check_time': 0.004819800000404939, 'experiment_id': 'exp_20240620_221414', 'client_id': '0'}
[2024-06-20 22:15:01,015][root][INFO] - Added data to batch for client 0: {'round': 4, 'step_no': 350, 'loss': 0.22208625078201294, 'accuracy': 0.93359375, 'l2_norm': 3.170361280441284, 'computation_time': 0.04682588577270508, 'batch_time': 0.054552369911107235, 'rtc_check_time': 0.006400400001439266, 'experiment_id': 'exp_20240620_221414', 'client_id': '0'}
[2024-06-20 22:15:01,016][root][INFO] - Added data to batch for client 0: {'round': 4, 'step_no': 351, 'loss': 0.02214733697474003, 'accuracy': 0.9340784549713135, 'l2_norm': 3.177260637283325, 'computation_time': 0.045166969299316406, 'batch_time': 0.05386030887893867, 'rtc_check_time': 0.007333400004426949, 'experiment_id': 'exp_20240620_221414', 'client_id': '0'}
[2024-06-20 22:15:01,017][root][INFO] - Added data to batch for client 0: {'round': 4, 'step_no': 352, 'loss': 0.2602555751800537, 'accuracy': 0.93410325050354, 'l2_norm': 3.2040388584136963, 'computation_time': 0.04932594299316406, 'batch_time': 0.053239463828504086, 'rtc_check_time': 0.0020653000101447105, 'experiment_id': 'exp_20240620_221414', 'client_id': '0'}
[2024-06-20 22:15:01,018][root][INFO] - Added data to batch for client 0: {'round': 4, 'step_no': 353, 'loss': 0.27931708097457886, 'accuracy': 0.9339028596878052, 'l2_norm': 3.2791390419006348, 'computation_time': 0.043138980865478516, 'batch_time': 0.049334367402479984, 'rtc_check_time': 0.004797299989149906, 'experiment_id': 'exp_20240620_221414', 'client_id': '0'}
[2024-06-20 22:15:01,019][root][INFO] - Added data to batch for client 0: {'round': 4, 'step_no': 354, 'loss': 0.1110800951719284, 'accuracy': 0.934374988079071, 'l2_norm': 3.2957308292388916, 'computation_time': 0.04480600357055664, 'batch_time': 0.05078176854294725, 'rtc_check_time': 0.004628700000466779, 'experiment_id': 'exp_20240620_221414', 'client_id': '0'}
[2024-06-20 22:15:01,020][root][INFO] - Added data to batch for client 0: {'round': 4, 'step_no': 355, 'loss': 0.056232750415802, 'accuracy': 0.9348404407501221, 'l2_norm': 3.3237767219543457, 'computation_time': 0.047833919525146484, 'batch_time': 0.05237919313367456, 'rtc_check_time': 0.0031180999940261245, 'experiment_id': 'exp_20240620_221414', 'client_id': '0'}
[2024-06-20 22:15:01,021][root][INFO] - Added data to batch for client 0: {'round': 4, 'step_no': 356, 'loss': 0.13955910503864288, 'accuracy': 0.9350792169570923, 'l2_norm': 3.3485946655273438, 'computation_time': 0.059942007064819336, 'batch_time': 0.06333509767137002, 'rtc_check_time': 0.001675999999861233, 'experiment_id': 'exp_20240620_221414', 'client_id': '0'}
[2024-06-20 22:15:01,022][root][INFO] - Added data to batch for client 0: {'round': 4, 'step_no': 357, 'loss': 0.08836860209703445, 'accuracy': 0.9353147149085999, 'l2_norm': 3.3878209590911865, 'computation_time': 0.047467947006225586, 'batch_time': 0.0514630279794801, 'rtc_check_time': 0.002566000010119751, 'experiment_id': 'exp_20240620_221414', 'client_id': '0'}
[2024-06-20 22:15:01,023][root][INFO] - Added data to batch for client 0: {'round': 4, 'step_no': 358, 'loss': 0.09783633053302765, 'accuracy': 0.9353298544883728, 'l2_norm': 3.440040349960327, 'computation_time': 0.04215192794799805, 'batch_time': 0.051640395540744066, 'rtc_check_time': 0.008241300005465746, 'experiment_id': 'exp_20240620_221414', 'client_id': '0'}
[2024-06-20 22:15:01,024][root][INFO] - Added data to batch for client 0: {'round': 4, 'step_no': 359, 'loss': 0.18494945764541626, 'accuracy': 0.9353448152542114, 'l2_norm': 3.4535505771636963, 'computation_time': 0.04893898963928223, 'batch_time': 0.0519411250425037, 'rtc_check_time': 0.001747100002830848, 'experiment_id': 'exp_20240620_221414', 'client_id': '0'}
[2024-06-20 22:15:01,025][root][INFO] - Added data to batch for client 0: {'round': 4, 'step_no': 360, 'loss': 0.08877016603946686, 'accuracy': 0.9355736374855042, 'l2_norm': 3.4764301776885986, 'computation_time': 0.05077385902404785, 'batch_time': 0.05790571459510829, 'rtc_check_time': 0.004878799998550676, 'experiment_id': 'exp_20240620_221414', 'client_id': '0'}
[2024-06-20 22:15:01,026][root][INFO] - Added data to batch for client 0: {'round': 4, 'step_no': 361, 'loss': 0.08317482471466064, 'accuracy': 0.9360119104385376, 'l2_norm': 3.5347797870635986, 'computation_time': 0.0545809268951416, 'batch_time': 0.06065104478329886, 'rtc_check_time': 0.003735999998752959, 'experiment_id': 'exp_20240620_221414', 'client_id': '0'}
[2024-06-20 22:15:01,027][root][INFO] - Added data to batch for client 0: {'round': 4, 'step_no': 362, 'loss': 0.14647655189037323, 'accuracy': 0.9358108043670654, 'l2_norm': 3.572672128677368, 'computation_time': 0.04643988609313965, 'batch_time': 0.06004944603773765, 'rtc_check_time': 0.012234599998919293, 'experiment_id': 'exp_20240620_221414', 'client_id': '0'}
[2024-06-20 22:15:01,028][root][INFO] - Added data to batch for client 0: {'round': 4, 'step_no': 363, 'loss': 0.16245202720165253, 'accuracy': 0.9358221292495728, 'l2_norm': 3.5877156257629395, 'computation_time': 0.05611085891723633, 'batch_time': 0.05896762650809251, 'rtc_check_time': 0.0016096000035759062, 'experiment_id': 'exp_20240620_221414', 'client_id': '0'}
[2024-06-20 22:15:01,029][root][INFO] - Added data to batch for client 0: {'round': 4, 'step_no': 364, 'loss': 0.04687757417559624, 'accuracy': 0.9362499713897705, 'l2_norm': 3.5779306888580322, 'computation_time': 0.04965710639953613, 'batch_time': 0.05484950964455493, 'rtc_check_time': 0.0033746999979484826, 'experiment_id': 'exp_20240620_221414', 'client_id': '0'}
[2024-06-20 22:15:01,030][root][INFO] - Added data to batch for client 0: {'round': 4, 'step_no': 365, 'loss': 0.30739539861679077, 'accuracy': 0.935844361782074, 'l2_norm': 3.620232105255127, 'computation_time': 0.046838998794555664, 'batch_time': 0.054467324778670445, 'rtc_check_time': 0.006278399989241734, 'experiment_id': 'exp_20240620_221414', 'client_id': '0'}
[2024-06-20 22:15:01,031][root][INFO] - Added data to batch for client 0: {'round': 4, 'step_no': 366, 'loss': 0.1834460198879242, 'accuracy': 0.9358552694320679, 'l2_norm': 3.6858973503112793, 'computation_time': 0.05249619483947754, 'batch_time': 0.05752228767960332, 'rtc_check_time': 0.0033213999995496124, 'experiment_id': 'exp_20240620_221414', 'client_id': '0'}
[2024-06-20 22:15:01,032][root][INFO] - Added data to batch for client 0: {'round': 4, 'step_no': 367, 'loss': 0.18002495169639587, 'accuracy': 0.9358659982681274, 'l2_norm': 3.7141196727752686, 'computation_time': 0.04575014114379883, 'batch_time': 0.051308967696968466, 'rtc_check_time': 0.004211999999824911, 'experiment_id': 'exp_20240620_221414', 'client_id': '0'}
[2024-06-20 22:15:01,033][root][INFO] - Added data to batch for client 0: {'round': 4, 'step_no': 368, 'loss': 0.2170511782169342, 'accuracy': 0.9358766078948975, 'l2_norm': 3.783679246902466, 'computation_time': 0.05097389221191406, 'batch_time': 0.05351984994194936, 'rtc_check_time': 0.001414899990777485, 'experiment_id': 'exp_20240620_221414', 'client_id': '0'}
[2024-06-20 22:15:01,034][root][INFO] - Added data to batch for client 0: {'round': 4, 'step_no': 369, 'loss': 0.841483473777771, 'accuracy': 0.9350806474685669, 'l2_norm': 3.7591652870178223, 'computation_time': 0.04676389694213867, 'batch_time': 0.05256311527045909, 'rtc_check_time': 0.004065200002514757, 'experiment_id': 'exp_20240620_221414', 'client_id': '0'}
[2024-06-20 22:15:01,035][root][INFO] - Added data to batch for client 0: {'round': 4, 'step_no': 370, 'loss': 0.10694760084152222, 'accuracy': 0.9350961446762085, 'l2_norm': 3.7824316024780273, 'computation_time': 0.05010080337524414, 'batch_time': 0.0556911252788268, 'rtc_check_time': 0.004303099995013326, 'experiment_id': 'exp_20240620_221414', 'client_id': '0'}
[2024-06-20 22:15:01,036][root][INFO] - Added data to batch for client 0: {'round': 4, 'step_no': 371, 'loss': 0.06815783679485321, 'accuracy': 0.9353104829788208, 'l2_norm': 3.785898447036743, 'computation_time': 0.046920061111450195, 'batch_time': 0.051347276821616106, 'rtc_check_time': 0.0025932999997166917, 'experiment_id': 'exp_20240620_221414', 'client_id': '0'}
[2024-06-20 22:15:01,037][root][INFO] - Added data to batch for client 0: {'round': 4, 'step_no': 372, 'loss': 0.02306010015308857, 'accuracy': 0.935719907283783, 'l2_norm': 3.798708200454712, 'computation_time': 0.047142982482910156, 'batch_time': 0.056535424024332315, 'rtc_check_time': 0.008171499997843057, 'experiment_id': 'exp_20240620_221414', 'client_id': '0'}
[2024-06-20 22:15:01,038][root][INFO] - Added data to batch for client 0: {'round': 4, 'step_no': 373, 'loss': 0.15547829866409302, 'accuracy': 0.9357311129570007, 'l2_norm': 3.842209815979004, 'computation_time': 0.0485532283782959, 'batch_time': 0.052641180242062546, 'rtc_check_time': 0.0027962000021943823, 'experiment_id': 'exp_20240620_221414', 'client_id': '0'}
[2024-06-20 22:15:01,039][root][INFO] - Added data to batch for client 0: {'round': 4, 'step_no': 374, 'loss': 0.1448926329612732, 'accuracy': 0.935742199420929, 'l2_norm': 3.909773588180542, 'computation_time': 0.04426407814025879, 'batch_time': 0.048046605341369286, 'rtc_check_time': 0.0023966000007931143, 'experiment_id': 'exp_20240620_221414', 'client_id': '0'}
[2024-06-20 22:15:01,040][root][INFO] - Added data to batch for client 0: {'round': 4, 'step_no': 375, 'loss': 0.07661866396665573, 'accuracy': 0.9359471797943115, 'l2_norm': 3.918285369873047, 'computation_time': 0.043550968170166016, 'batch_time': 0.04671521967975423, 'rtc_check_time': 0.0020413000020198524, 'experiment_id': 'exp_20240620_221414', 'client_id': '0'}
[2024-06-20 22:15:01,041][root][INFO] - Added data to batch for client 0: {'round': 4, 'step_no': 376, 'loss': 0.3289506733417511, 'accuracy': 0.9361497163772583, 'l2_norm': 3.9670610427856445, 'computation_time': 0.04439091682434082, 'batch_time': 0.050572809399454854, 'rtc_check_time': 0.004603800000040792, 'experiment_id': 'exp_20240620_221414', 'client_id': '0'}
[2024-06-20 22:15:01,041][root][INFO] - Added data to batch for client 0: {'round': 4, 'step_no': 377, 'loss': 0.13266168534755707, 'accuracy': 0.9363496899604797, 'l2_norm': 4.026091575622559, 'computation_time': 0.04012894630432129, 'batch_time': 0.04703073743439745, 'rtc_check_time': 0.005742599998484366, 'experiment_id': 'exp_20240620_221414', 'client_id': '0'}
[2024-06-20 22:15:01,043][root][INFO] - Added data to batch for client 0: {'round': 4, 'step_no': 378, 'loss': 0.09655836224555969, 'accuracy': 0.9365472793579102, 'l2_norm': 4.0768842697143555, 'computation_time': 0.049629926681518555, 'batch_time': 0.05309521345770918, 'rtc_check_time': 0.0016842999903019518, 'experiment_id': 'exp_20240620_221414', 'client_id': '0'}
[2024-06-20 22:15:01,044][root][INFO] - Added data to batch for client 0: {'round': 4, 'step_no': 379, 'loss': 0.1168927401304245, 'accuracy': 0.9367424249649048, 'l2_norm': 4.091470241546631, 'computation_time': 0.055264949798583984, 'batch_time': 0.05778137675952166, 'rtc_check_time': 0.0015133999986574054, 'experiment_id': 'exp_20240620_221414', 'client_id': '0'}
[2024-06-20 22:15:01,045][root][INFO] - Added data to batch for client 0: {'round': 4, 'step_no': 380, 'loss': 0.2726902365684509, 'accuracy': 0.936558723449707, 'l2_norm': 4.154877662658691, 'computation_time': 0.041177988052368164, 'batch_time': 0.04389531722699758, 'rtc_check_time': 0.0014704000059282407, 'experiment_id': 'exp_20240620_221414', 'client_id': '0'}
[2024-06-20 22:15:01,045][root][INFO] - Added data to batch for client 0: {'round': 4, 'step_no': 381, 'loss': 0.29861992597579956, 'accuracy': 0.936190128326416, 'l2_norm': 4.213213920593262, 'computation_time': 0.040611982345581055, 'batch_time': 0.045475264720153064, 'rtc_check_time': 0.003570100001525134, 'experiment_id': 'exp_20240620_221414', 'client_id': '0'}
[2024-06-20 22:15:01,046][root][INFO] - Added data to batch for client 0: {'round': 4, 'step_no': 382, 'loss': 0.019782863557338715, 'accuracy': 0.9365699291229248, 'l2_norm': 4.217953205108643, 'computation_time': 0.04903817176818848, 'batch_time': 0.05175240969401784, 'rtc_check_time': 0.001601299998583272, 'experiment_id': 'exp_20240620_221414', 'client_id': '0'}
[2024-06-20 22:15:01,047][root][INFO] - Added data to batch for client 0: {'round': 4, 'step_no': 383, 'loss': 0.1154242604970932, 'accuracy': 0.9365754723548889, 'l2_norm': 4.2709455490112305, 'computation_time': 0.04714202880859375, 'batch_time': 0.05021638634207193, 'rtc_check_time': 0.001771399998688139, 'experiment_id': 'exp_20240620_221414', 'client_id': '0'}
[2024-06-20 22:15:01,048][root][INFO] - Added data to batch for client 0: {'round': 4, 'step_no': 384, 'loss': 0.0815325379371643, 'accuracy': 0.9369485378265381, 'l2_norm': 4.275505542755127, 'computation_time': 0.048419952392578125, 'batch_time': 0.052465224827756174, 'rtc_check_time': 0.0029103999986546114, 'experiment_id': 'exp_20240620_221414', 'client_id': '0'}
[2024-06-20 22:15:01,049][root][INFO] - Added data to batch for client 0: {'round': 4, 'step_no': 385, 'loss': 0.06252742558717728, 'accuracy': 0.9373172521591187, 'l2_norm': 4.284727573394775, 'computation_time': 0.04224801063537598, 'batch_time': 0.04963368766766507, 'rtc_check_time': 0.005678600005921908, 'experiment_id': 'exp_20240620_221414', 'client_id': '0'}
[2024-06-20 22:15:01,051][root][INFO] - Added data to batch for client 0: {'round': 4, 'step_no': 386, 'loss': 0.17948397994041443, 'accuracy': 0.9373183250427246, 'l2_norm': 4.3631415367126465, 'computation_time': 0.04888010025024414, 'batch_time': 0.051532513985875994, 'rtc_check_time': 0.0014905999996699393, 'experiment_id': 'exp_20240620_221414', 'client_id': '0'}
[2024-06-20 22:15:01,052][root][INFO] - Added data to batch for client 0: {'round': 4, 'step_no': 387, 'loss': 0.09305863082408905, 'accuracy': 0.9375, 'l2_norm': 4.358345031738281, 'computation_time': 0.038626909255981445, 'batch_time': 0.04147703303897288, 'rtc_check_time': 0.0017440999945392832, 'experiment_id': 'exp_20240620_221414', 'client_id': '0'}
[2024-06-20 22:15:01,053][root][INFO] - Added data to batch for client 0: {'round': 4, 'step_no': 388, 'loss': 0.05337900668382645, 'accuracy': 0.9378591775894165, 'l2_norm': 4.389675617218018, 'computation_time': 0.03932905197143555, 'batch_time': 0.04601713360170834, 'rtc_check_time': 0.005476199992699549, 'experiment_id': 'exp_20240620_221414', 'client_id': '0'}
[2024-06-20 22:15:01,054][root][INFO] - Added data to batch for client 0: {'round': 4, 'step_no': 389, 'loss': 0.056144408881664276, 'accuracy': 0.9380357265472412, 'l2_norm': 4.407159805297852, 'computation_time': 0.04742097854614258, 'batch_time': 0.049835593134048395, 'rtc_check_time': 0.001385600000503473, 'experiment_id': 'exp_20240620_221414', 'client_id': '0'}
[2024-06-20 22:15:01,055][root][INFO] - Added data to batch for client 0: {'round': 4, 'step_no': 390, 'loss': 0.13017800450325012, 'accuracy': 0.9378551244735718, 'l2_norm': 4.4817304611206055, 'computation_time': 0.0402369499206543, 'batch_time': 0.042986277971067466, 'rtc_check_time': 0.0014961999986553565, 'experiment_id': 'exp_20240620_221414', 'client_id': '0'}
[2024-06-20 22:15:01,056][root][INFO] - Added data to batch for client 0: {'round': 4, 'step_no': 391, 'loss': 0.18285894393920898, 'accuracy': 0.9378530979156494, 'l2_norm': 4.529291152954102, 'computation_time': 0.04099583625793457, 'batch_time': 0.04413852882862557, 'rtc_check_time': 0.0015645999956177548, 'experiment_id': 'exp_20240620_221414', 'client_id': '0'}
[2024-06-20 22:15:01,057][root][INFO] - Added data to batch for client 0: {'round': 4, 'step_no': 392, 'loss': 0.14480508863925934, 'accuracy': 0.9378511309623718, 'l2_norm': 4.56955623626709, 'computation_time': 0.04297494888305664, 'batch_time': 0.04596085041703191, 'rtc_check_time': 0.0017136999958893284, 'experiment_id': 'exp_20240620_221414', 'client_id': '0'}
[2024-06-20 22:15:01,057][root][INFO] - Added data to batch for client 0: {'round': 4, 'step_no': 393, 'loss': 0.09098115563392639, 'accuracy': 0.9380237460136414, 'l2_norm': 4.574182510375977, 'computation_time': 0.046022891998291016, 'batch_time': 0.048453908995725214, 'rtc_check_time': 0.0013299999991431832, 'experiment_id': 'exp_20240620_221414', 'client_id': '0'}
[2024-06-20 22:15:01,058][root][INFO] - Added data to batch for client 0: {'round': 4, 'step_no': 394, 'loss': 0.014514407142996788, 'accuracy': 0.9383680820465088, 'l2_norm': 4.580265045166016, 'computation_time': 0.0394589900970459, 'batch_time': 0.04326505638891831, 'rtc_check_time': 0.002637099998537451, 'experiment_id': 'exp_20240620_221414', 'client_id': '0'}
[2024-06-20 22:15:01,059][root][INFO] - Added data to batch for client 0: {'round': 4, 'step_no': 395, 'loss': 0.11455760896205902, 'accuracy': 0.938363254070282, 'l2_norm': 4.636261940002441, 'computation_time': 0.0413670539855957, 'batch_time': 0.04641206475207582, 'rtc_check_time': 0.0039520999998785555, 'experiment_id': 'exp_20240620_221414', 'client_id': '0'}
[2024-06-20 22:15:01,060][root][INFO] - Added data to batch for client 0: {'round': 4, 'step_no': 396, 'loss': 0.3424726724624634, 'accuracy': 0.9383585453033447, 'l2_norm': 4.634608745574951, 'computation_time': 0.04337310791015625, 'batch_time': 0.04751610729726963, 'rtc_check_time': 0.002816199994413182, 'experiment_id': 'exp_20240620_221414', 'client_id': '0'}
[2024-06-20 22:15:01,061][root][INFO] - Added data to batch for client 0: {'round': 4, 'step_no': 397, 'loss': 0.047867268323898315, 'accuracy': 0.9386953711509705, 'l2_norm': 4.654448986053467, 'computation_time': 0.043908119201660156, 'batch_time': 0.04719240087433718, 'rtc_check_time': 0.001517600001534447, 'experiment_id': 'exp_20240620_221414', 'client_id': '0'}
[2024-06-20 22:15:01,062][root][INFO] - Added data to batch for client 0: {'round': 4, 'step_no': 398, 'loss': 0.3358268141746521, 'accuracy': 0.9385190010070801, 'l2_norm': 4.74280309677124, 'computation_time': 0.03959488868713379, 'batch_time': 0.04273010503675323, 'rtc_check_time': 0.0020732999983010814, 'experiment_id': 'exp_20240620_221414', 'client_id': '0'}
[2024-06-20 22:15:01,063][root][INFO] - Added data to batch for client 0: {'round': 4, 'step_no': 399, 'loss': 0.08860281109809875, 'accuracy': 0.9388513565063477, 'l2_norm': 4.7604451179504395, 'computation_time': 0.040364980697631836, 'batch_time': 0.044114766249549575, 'rtc_check_time': 0.002559600005042739, 'experiment_id': 'exp_20240620_221414', 'client_id': '0'}
[2024-06-20 22:15:01,064][root][INFO] - Added data to batch for client 0: {'round': 4, 'step_no': 400, 'loss': 0.03828765079379082, 'accuracy': 0.9391801357269287, 'l2_norm': 4.77600622177124, 'computation_time': 0.03861403465270996, 'batch_time': 0.04168589231267106, 'rtc_check_time': 0.001983000009204261, 'experiment_id': 'exp_20240620_221414', 'client_id': '0'}
[2024-06-20 22:15:01,064][root][INFO] - Added batch data list for client 0. New Data Added: 186
[2024-06-20 22:15:01,069][root][INFO] - Batch data saved to /home/psklavos/fl/geom_aio/csv_logs/exp_20240620_221414/clients/client_0/batch.csv
[2024-06-20 22:15:01,069][root][INFO] - Appended data to last row of column distributed_loss in server data for client None
[2024-06-20 22:15:01,069][root][INFO] - Appended data to last row of column distributed_acc in server data for client None
[2024-06-20 22:15:01,069][root][INFO] - Appended {'distributed_loss': 0.12474037706851959, 'distributed_acc': 0.9616666833559672} to the last row of server data
[2024-06-20 22:15:01,070][root][INFO] - Server data saved to /home/psklavos/fl/geom_aio/csv_logs/exp_20240620_221414/server/server.csv
[2024-06-20 22:15:05,269][flwr][DEBUG] - fit_round 5: strategy sampled 3 clients (out of 3)
[2024-06-20 22:15:17,305][flwr][DEBUG] - fit_round 5 received 3 results and 0 failures
[2024-06-20 22:15:17,310][root][INFO] - Added data to server for client None: {'round': 5, 'average_norm': 5.00230598449707, 'round_time': 13.385456271835938, 'average_downlink_time': 0.67931917, 'average_rtc_check_time': 0.7977962073103603, 'average_uplink_time': 0.46634734866666666, 'average_computation_time': 10.524293502171835, 'average_communication_time': 1.943462725977027, 'average_fit_time': 12.016399383544922, 'average_throughput': 5.311861123250535, 'dropouts': 0, 'experiment_id': 'exp_20240620_221414'}
[2024-06-20 22:15:17,310][root][INFO] - Added server data: {'round': 5, 'average_norm': 5.00230598449707, 'round_time': 13.385456271835938, 'average_downlink_time': 0.67931917, 'average_rtc_check_time': 0.7977962073103603, 'average_uplink_time': 0.46634734866666666, 'average_computation_time': 10.524293502171835, 'average_communication_time': 1.943462725977027, 'average_fit_time': 12.016399383544922, 'average_throughput': 5.311861123250535, 'dropouts': 0, 'experiment_id': 'exp_20240620_221414'}
[2024-06-20 22:15:17,489][utils.model][INFO] - LeNet model built
[2024-06-20 22:15:17,621][utils.model][INFO] - Size of serialized model: 279.0341796875 kbytes
[2024-06-20 22:15:17,665][utils.model][INFO] - Step 1/40 - val_loss: 0.0463 - val_accuracy: 0.9922
[2024-06-20 22:15:17,686][utils.model][INFO] - Step 2/40 - val_loss: 0.0739 - val_accuracy: 0.9766
[2024-06-20 22:15:17,706][utils.model][INFO] - Step 3/40 - val_loss: 0.0813 - val_accuracy: 0.9714
[2024-06-20 22:15:17,727][utils.model][INFO] - Step 4/40 - val_loss: 0.0882 - val_accuracy: 0.9688
[2024-06-20 22:15:17,747][utils.model][INFO] - Step 5/40 - val_loss: 0.1057 - val_accuracy: 0.9625
[2024-06-20 22:15:17,767][utils.model][INFO] - Step 6/40 - val_loss: 0.1119 - val_accuracy: 0.9596
[2024-06-20 22:15:17,787][utils.model][INFO] - Step 7/40 - val_loss: 0.1122 - val_accuracy: 0.9593
[2024-06-20 22:15:17,808][utils.model][INFO] - Step 8/40 - val_loss: 0.1118 - val_accuracy: 0.9609
[2024-06-20 22:15:17,829][utils.model][INFO] - Step 9/40 - val_loss: 0.1205 - val_accuracy: 0.9575
[2024-06-20 22:15:17,849][utils.model][INFO] - Step 10/40 - val_loss: 0.1177 - val_accuracy: 0.9586
[2024-06-20 22:15:17,869][utils.model][INFO] - Step 11/40 - val_loss: 0.1137 - val_accuracy: 0.9606
[2024-06-20 22:15:17,890][utils.model][INFO] - Step 12/40 - val_loss: 0.1150 - val_accuracy: 0.9616
[2024-06-20 22:15:17,911][utils.model][INFO] - Step 13/40 - val_loss: 0.1128 - val_accuracy: 0.9624
[2024-06-20 22:15:17,933][utils.model][INFO] - Step 14/40 - val_loss: 0.1125 - val_accuracy: 0.9629
[2024-06-20 22:15:17,954][utils.model][INFO] - Step 15/40 - val_loss: 0.1142 - val_accuracy: 0.9625
[2024-06-20 22:15:17,973][utils.model][INFO] - Step 16/40 - val_loss: 0.1168 - val_accuracy: 0.9617
[2024-06-20 22:15:17,993][utils.model][INFO] - Step 17/40 - val_loss: 0.1169 - val_accuracy: 0.9619
[2024-06-20 22:15:18,013][utils.model][INFO] - Step 18/40 - val_loss: 0.1163 - val_accuracy: 0.9616
[2024-06-20 22:15:18,035][utils.model][INFO] - Step 19/40 - val_loss: 0.1168 - val_accuracy: 0.9613
[2024-06-20 22:15:18,055][utils.model][INFO] - Step 20/40 - val_loss: 0.1148 - val_accuracy: 0.9619
[2024-06-20 22:15:18,074][utils.model][INFO] - Step 21/40 - val_loss: 0.1108 - val_accuracy: 0.9632
[2024-06-20 22:15:18,094][utils.model][INFO] - Step 22/40 - val_loss: 0.1072 - val_accuracy: 0.9643
[2024-06-20 22:15:18,115][utils.model][INFO] - Step 23/40 - val_loss: 0.1054 - val_accuracy: 0.9650
[2024-06-20 22:15:18,137][utils.model][INFO] - Step 24/40 - val_loss: 0.1068 - val_accuracy: 0.9645
[2024-06-20 22:15:18,157][utils.model][INFO] - Step 25/40 - val_loss: 0.1041 - val_accuracy: 0.9653
[2024-06-20 22:15:18,176][utils.model][INFO] - Step 26/40 - val_loss: 0.1046 - val_accuracy: 0.9656
[2024-06-20 22:15:18,196][utils.model][INFO] - Step 27/40 - val_loss: 0.1016 - val_accuracy: 0.9666
[2024-06-20 22:15:18,217][utils.model][INFO] - Step 28/40 - val_loss: 0.0985 - val_accuracy: 0.9675
[2024-06-20 22:15:18,237][utils.model][INFO] - Step 29/40 - val_loss: 0.0957 - val_accuracy: 0.9685
[2024-06-20 22:15:18,256][utils.model][INFO] - Step 30/40 - val_loss: 0.0939 - val_accuracy: 0.9691
[2024-06-20 22:15:18,275][utils.model][INFO] - Step 31/40 - val_loss: 0.0920 - val_accuracy: 0.9696
[2024-06-20 22:15:18,294][utils.model][INFO] - Step 32/40 - val_loss: 0.0905 - val_accuracy: 0.9702
[2024-06-20 22:15:18,314][utils.model][INFO] - Step 33/40 - val_loss: 0.0889 - val_accuracy: 0.9710
[2024-06-20 22:15:18,334][utils.model][INFO] - Step 34/40 - val_loss: 0.0868 - val_accuracy: 0.9717
[2024-06-20 22:15:18,353][utils.model][INFO] - Step 35/40 - val_loss: 0.0844 - val_accuracy: 0.9725
[2024-06-20 22:15:18,378][utils.model][INFO] - Step 36/40 - val_loss: 0.0838 - val_accuracy: 0.9728
[2024-06-20 22:15:18,405][utils.model][INFO] - Step 37/40 - val_loss: 0.0818 - val_accuracy: 0.9735
[2024-06-20 22:15:18,426][utils.model][INFO] - Step 38/40 - val_loss: 0.0816 - val_accuracy: 0.9735
[2024-06-20 22:15:18,450][utils.model][INFO] - Step 39/40 - val_loss: 0.0835 - val_accuracy: 0.9731
[2024-06-20 22:15:18,460][utils.model][INFO] - Step 40/40 - val_loss: 0.0815 - val_accuracy: 0.9731
[2024-06-20 22:15:18,462][utils.model][INFO] - Evaluation Results - Val Loss: 0.0815, Val Accuracy: 0.9731 in 40 steps
[2024-06-20 22:15:18,464][root][INFO] - Appended data to last row of column centralized_loss in server data for client None
[2024-06-20 22:15:18,465][root][INFO] - Appended data to last row of column centralized_acc in server data for client None
[2024-06-20 22:15:18,465][root][INFO] - Appended {'centralized_loss': 0.08151984, 'centralized_acc': 0.9731} to the last row of server data
[2024-06-20 22:15:18,465][flwr][INFO] - fit progress: (5, 0.08151984, {'accuracy': 0.9731}, 61.9662576970004)
[2024-06-20 22:15:18,465][flwr][DEBUG] - evaluate_round 5: strategy sampled 3 clients (out of 3)
[2024-06-20 22:15:19,085][flwr][DEBUG] - evaluate_round 5 received 3 results and 0 failures
[2024-06-20 22:15:19,088][root][INFO] - Added data to epoch for client 0: {'round': 5, 'epoch_steps': 228, 'total_steps': 628, 'l2_norm': 5.02003812789917, 'total_computation_time': 10.523636102676392, 'total_rtc_check_time': 0.7870454069197876, 'total_duration': 12.015809059143066, 'val_loss': 0.11539831012487411, 'val_accuracy': 0.968999981880188, 'experiment_id': 'exp_20240620_221414', 'client_id': '0'}
[2024-06-20 22:15:19,088][root][INFO] - Added epoch data for client 0: {'round': 5, 'epoch_steps': 228, 'total_steps': 628, 'l2_norm': 5.02003812789917, 'total_computation_time': 10.523636102676392, 'total_rtc_check_time': 0.7870454069197876, 'total_duration': 12.015809059143066, 'val_loss': 0.11539831012487411, 'val_accuracy': 0.968999981880188, 'experiment_id': 'exp_20240620_221414', 'client_id': '0'}
[2024-06-20 22:15:19,089][root][INFO] - Epoch data saved to /home/psklavos/fl/geom_aio/csv_logs/exp_20240620_221414/clients/client_0/epoch.csv
[2024-06-20 22:15:19,090][root][INFO] - Added data to batch for client 0: {'round': 5, 'step_no': 401, 'loss': 0.10263765603303909, 'accuracy': 0.9375, 'l2_norm': 0.03944123908877373, 'computation_time': 0.050282955169677734, 'batch_time': 0.05424842025968246, 'rtc_check_time': 0.0020213999960105866, 'experiment_id': 'exp_20240620_221414', 'client_id': '0'}
[2024-06-20 22:15:19,091][root][INFO] - Added data to batch for client 0: {'round': 5, 'step_no': 402, 'loss': 0.2161003202199936, 'accuracy': 0.953125, 'l2_norm': 0.04224449023604393, 'computation_time': 0.05458712577819824, 'batch_time': 0.06857480121834669, 'rtc_check_time': 0.012437001001671888, 'experiment_id': 'exp_20240620_221414', 'client_id': '0'}
[2024-06-20 22:15:19,093][root][INFO] - Added data to batch for client 0: {'round': 5, 'step_no': 403, 'loss': 0.13918650150299072, 'accuracy': 0.9479166865348816, 'l2_norm': 0.07428063452243805, 'computation_time': 0.048864126205444336, 'batch_time': 0.053706230071838945, 'rtc_check_time': 0.0035401000059209764, 'experiment_id': 'exp_20240620_221414', 'client_id': '0'}
[2024-06-20 22:15:19,094][root][INFO] - Added data to batch for client 0: {'round': 5, 'step_no': 404, 'loss': 0.07211078703403473, 'accuracy': 0.953125, 'l2_norm': 0.07880397140979767, 'computation_time': 0.05185508728027344, 'batch_time': 0.05521590627904516, 'rtc_check_time': 0.001843999998527579, 'experiment_id': 'exp_20240620_221414', 'client_id': '0'}
[2024-06-20 22:15:19,096][root][INFO] - Added data to batch for client 0: {'round': 5, 'step_no': 405, 'loss': 0.08683351427316666, 'accuracy': 0.956250011920929, 'l2_norm': 0.08534050732851028, 'computation_time': 0.047163963317871094, 'batch_time': 0.05283968654111959, 'rtc_check_time': 0.0037554999871645123, 'experiment_id': 'exp_20240620_221414', 'client_id': '0'}
[2024-06-20 22:15:19,097][root][INFO] - Added data to batch for client 0: {'round': 5, 'step_no': 406, 'loss': 0.21149417757987976, 'accuracy': 0.953125, 'l2_norm': 0.14045490324497223, 'computation_time': 0.04587697982788086, 'batch_time': 0.05036858489620499, 'rtc_check_time': 0.003153600002406165, 'experiment_id': 'exp_20240620_221414', 'client_id': '0'}
[2024-06-20 22:15:19,098][root][INFO] - Added data to batch for client 0: {'round': 5, 'step_no': 407, 'loss': 0.11752288043498993, 'accuracy': 0.9508928656578064, 'l2_norm': 0.15473532676696777, 'computation_time': 0.047287940979003906, 'batch_time': 0.04992718940775376, 'rtc_check_time': 0.001371100006508641, 'experiment_id': 'exp_20240620_221414', 'client_id': '0'}
[2024-06-20 22:15:19,100][root][INFO] - Added data to batch for client 0: {'round': 5, 'step_no': 408, 'loss': 0.0760640799999237, 'accuracy': 0.95703125, 'l2_norm': 0.17688904702663422, 'computation_time': 0.04630899429321289, 'batch_time': 0.05802188205416314, 'rtc_check_time': 0.010278800007654354, 'experiment_id': 'exp_20240620_221414', 'client_id': '0'}
[2024-06-20 22:15:19,101][root][INFO] - Added data to batch for client 0: {'round': 5, 'step_no': 409, 'loss': 0.381025493144989, 'accuracy': 0.9513888955116272, 'l2_norm': 0.26587581634521484, 'computation_time': 0.0464329719543457, 'batch_time': 0.0510294391278876, 'rtc_check_time': 0.0030054999951971695, 'experiment_id': 'exp_20240620_221414', 'client_id': '0'}
[2024-06-20 22:15:19,102][root][INFO] - Added data to batch for client 0: {'round': 5, 'step_no': 410, 'loss': 0.12506869435310364, 'accuracy': 0.949999988079071, 'l2_norm': 0.25159379839897156, 'computation_time': 0.04684090614318848, 'batch_time': 0.05196504821651615, 'rtc_check_time': 0.0036499999987427145, 'experiment_id': 'exp_20240620_221414', 'client_id': '0'}
[2024-06-20 22:15:19,104][root][INFO] - Added data to batch for client 0: {'round': 5, 'step_no': 411, 'loss': 0.19755572080612183, 'accuracy': 0.9488636255264282, 'l2_norm': 0.27358561754226685, 'computation_time': 0.04881906509399414, 'batch_time': 0.05486389415455051, 'rtc_check_time': 0.004583800007821992, 'experiment_id': 'exp_20240620_221414', 'client_id': '0'}
[2024-06-20 22:15:19,105][root][INFO] - Added data to batch for client 0: {'round': 5, 'step_no': 412, 'loss': 0.050841886550188065, 'accuracy': 0.9505208134651184, 'l2_norm': 0.27704674005508423, 'computation_time': 0.05471014976501465, 'batch_time': 0.06533239678537939, 'rtc_check_time': 0.009218200008035637, 'experiment_id': 'exp_20240620_221414', 'client_id': '0'}
[2024-06-20 22:15:19,107][root][INFO] - Added data to batch for client 0: {'round': 5, 'step_no': 413, 'loss': 0.04262585937976837, 'accuracy': 0.9519230723381042, 'l2_norm': 0.30319592356681824, 'computation_time': 0.06034111976623535, 'batch_time': 0.06408172473311424, 'rtc_check_time': 0.002444799989461899, 'experiment_id': 'exp_20240620_221414', 'client_id': '0'}
[2024-06-20 22:15:19,108][root][INFO] - Added data to batch for client 0: {'round': 5, 'step_no': 414, 'loss': 0.17640510201454163, 'accuracy': 0.9508928656578064, 'l2_norm': 0.2972770631313324, 'computation_time': 0.0590968132019043, 'batch_time': 0.06829138890316244, 'rtc_check_time': 0.007517300997278653, 'experiment_id': 'exp_20240620_221414', 'client_id': '0'}
[2024-06-20 22:15:19,110][root][INFO] - Added data to batch for client 0: {'round': 5, 'step_no': 415, 'loss': 0.05992618948221207, 'accuracy': 0.9541666507720947, 'l2_norm': 0.303164541721344, 'computation_time': 0.05006098747253418, 'batch_time': 0.05697944488201756, 'rtc_check_time': 0.005401399990660138, 'experiment_id': 'exp_20240620_221414', 'client_id': '0'}
[2024-06-20 22:15:19,111][root][INFO] - Added data to batch for client 0: {'round': 5, 'step_no': 416, 'loss': 0.19555146992206573, 'accuracy': 0.94921875, 'l2_norm': 0.3550879657268524, 'computation_time': 0.04919695854187012, 'batch_time': 0.053224732822855, 'rtc_check_time': 0.0028177999920444563, 'experiment_id': 'exp_20240620_221414', 'client_id': '0'}
[2024-06-20 22:15:19,113][root][INFO] - Added data to batch for client 0: {'round': 5, 'step_no': 417, 'loss': 0.3139472007751465, 'accuracy': 0.9466911554336548, 'l2_norm': 0.3997924327850342, 'computation_time': 0.05194997787475586, 'batch_time': 0.05600368654995691, 'rtc_check_time': 0.0026076999929500744, 'experiment_id': 'exp_20240620_221414', 'client_id': '0'}
[2024-06-20 22:15:19,114][root][INFO] - Added data to batch for client 0: {'round': 5, 'step_no': 418, 'loss': 0.019013123586773872, 'accuracy': 0.9496527910232544, 'l2_norm': 0.3917432427406311, 'computation_time': 0.04492497444152832, 'batch_time': 0.04824370164715219, 'rtc_check_time': 0.0019328000053064898, 'experiment_id': 'exp_20240620_221414', 'client_id': '0'}
[2024-06-20 22:15:19,115][root][INFO] - Added data to batch for client 0: {'round': 5, 'step_no': 419, 'loss': 0.15624482929706573, 'accuracy': 0.9506579041481018, 'l2_norm': 0.40224185585975647, 'computation_time': 0.04594707489013672, 'batch_time': 0.049203527392819524, 'rtc_check_time': 0.0019255999941378832, 'experiment_id': 'exp_20240620_221414', 'client_id': '0'}
[2024-06-20 22:15:19,116][root][INFO] - Added data to batch for client 0: {'round': 5, 'step_no': 420, 'loss': 0.3217093050479889, 'accuracy': 0.948437511920929, 'l2_norm': 0.43035605549812317, 'computation_time': 0.04749107360839844, 'batch_time': 0.05283262916782405, 'rtc_check_time': 0.0038995999930193648, 'experiment_id': 'exp_20240620_221414', 'client_id': '0'}
[2024-06-20 22:15:19,117][root][INFO] - Added data to batch for client 0: {'round': 5, 'step_no': 421, 'loss': 0.02341645210981369, 'accuracy': 0.9508928656578064, 'l2_norm': 0.4239104986190796, 'computation_time': 0.052574872970581055, 'batch_time': 0.05722077803511638, 'rtc_check_time': 0.0033078999986173585, 'experiment_id': 'exp_20240620_221414', 'client_id': '0'}
[2024-06-20 22:15:19,118][root][INFO] - Added data to batch for client 0: {'round': 5, 'step_no': 422, 'loss': 0.10765079408884048, 'accuracy': 0.9502840638160706, 'l2_norm': 0.41441580653190613, 'computation_time': 0.054347991943359375, 'batch_time': 0.05755505812703632, 'rtc_check_time': 0.0018240000063087791, 'experiment_id': 'exp_20240620_221414', 'client_id': '0'}
[2024-06-20 22:15:19,119][root][INFO] - Added data to batch for client 0: {'round': 5, 'step_no': 423, 'loss': 0.1895192265510559, 'accuracy': 0.94972825050354, 'l2_norm': 0.4837815463542938, 'computation_time': 0.05093193054199219, 'batch_time': 0.06579826155211776, 'rtc_check_time': 0.013544299989007413, 'experiment_id': 'exp_20240620_221414', 'client_id': '0'}
[2024-06-20 22:15:19,121][root][INFO] - Added data to batch for client 0: {'round': 5, 'step_no': 424, 'loss': 0.20276883244514465, 'accuracy': 0.9479166865348816, 'l2_norm': 0.4926668405532837, 'computation_time': 0.050364017486572266, 'batch_time': 0.05324061903229449, 'rtc_check_time': 0.0016044000076362863, 'experiment_id': 'exp_20240620_221414', 'client_id': '0'}
[2024-06-20 22:15:19,122][root][INFO] - Added data to batch for client 0: {'round': 5, 'step_no': 425, 'loss': 0.042146775871515274, 'accuracy': 0.949999988079071, 'l2_norm': 0.4868856370449066, 'computation_time': 0.0469820499420166, 'batch_time': 0.05050494922033977, 'rtc_check_time': 0.0019820000015897676, 'experiment_id': 'exp_20240620_221414', 'client_id': '0'}
[2024-06-20 22:15:19,123][root][INFO] - Added data to batch for client 0: {'round': 5, 'step_no': 426, 'loss': 0.27670353651046753, 'accuracy': 0.948317289352417, 'l2_norm': 0.5338144898414612, 'computation_time': 0.04861903190612793, 'batch_time': 0.051701639298698865, 'rtc_check_time': 0.0017148000042652711, 'experiment_id': 'exp_20240620_221414', 'client_id': '0'}
[2024-06-20 22:15:19,125][root][INFO] - Added data to batch for client 0: {'round': 5, 'step_no': 427, 'loss': 0.08928780257701874, 'accuracy': 0.9490740895271301, 'l2_norm': 0.5249989628791809, 'computation_time': 0.04604506492614746, 'batch_time': 0.05419966248155106, 'rtc_check_time': 0.006299701009993441, 'experiment_id': 'exp_20240620_221414', 'client_id': '0'}
[2024-06-20 22:15:19,127][root][INFO] - Added data to batch for client 0: {'round': 5, 'step_no': 428, 'loss': 0.16613082587718964, 'accuracy': 0.9486607313156128, 'l2_norm': 0.5554530620574951, 'computation_time': 0.05359506607055664, 'batch_time': 0.056365129741607234, 'rtc_check_time': 0.0015011999930720776, 'experiment_id': 'exp_20240620_221414', 'client_id': '0'}
[2024-06-20 22:15:19,128][root][INFO] - Added data to batch for client 0: {'round': 5, 'step_no': 429, 'loss': 0.0935007706284523, 'accuracy': 0.9504310488700867, 'l2_norm': 0.560592770576477, 'computation_time': 0.045864105224609375, 'batch_time': 0.05057697830488905, 'rtc_check_time': 0.0035388999967835844, 'experiment_id': 'exp_20240620_221414', 'client_id': '0'}
[2024-06-20 22:15:19,130][root][INFO] - Added data to batch for client 0: {'round': 5, 'step_no': 430, 'loss': 0.24486520886421204, 'accuracy': 0.949999988079071, 'l2_norm': 0.5865172147750854, 'computation_time': 0.04857301712036133, 'batch_time': 0.057162792058079503, 'rtc_check_time': 0.007340700001805089, 'experiment_id': 'exp_20240620_221414', 'client_id': '0'}
[2024-06-20 22:15:19,131][root][INFO] - Added data to batch for client 0: {'round': 5, 'step_no': 431, 'loss': 0.1694514900445938, 'accuracy': 0.9485887289047241, 'l2_norm': 0.6120387315750122, 'computation_time': 0.04838299751281738, 'batch_time': 0.05499731450981926, 'rtc_check_time': 0.004702199992607348, 'experiment_id': 'exp_20240620_221414', 'client_id': '0'}
[2024-06-20 22:15:19,133][root][INFO] - Added data to batch for client 0: {'round': 5, 'step_no': 432, 'loss': 0.19977404177188873, 'accuracy': 0.94921875, 'l2_norm': 0.6367871165275574, 'computation_time': 0.05115795135498047, 'batch_time': 0.05735987132356968, 'rtc_check_time': 0.005032000000937842, 'experiment_id': 'exp_20240620_221414', 'client_id': '0'}
[2024-06-20 22:15:19,135][root][INFO] - Added data to batch for client 0: {'round': 5, 'step_no': 433, 'loss': 0.017741987481713295, 'accuracy': 0.9507575631141663, 'l2_norm': 0.635589599609375, 'computation_time': 0.05344200134277344, 'batch_time': 0.061000337096629664, 'rtc_check_time': 0.0061344999994616956, 'experiment_id': 'exp_20240620_221414', 'client_id': '0'}
[2024-06-20 22:15:19,136][root][INFO] - Added data to batch for client 0: {'round': 5, 'step_no': 434, 'loss': 0.07393413782119751, 'accuracy': 0.951286792755127, 'l2_norm': 0.6250662207603455, 'computation_time': 0.05143284797668457, 'batch_time': 0.05555420341261197, 'rtc_check_time': 0.0022090000129537657, 'experiment_id': 'exp_20240620_221414', 'client_id': '0'}
[2024-06-20 22:15:19,137][root][INFO] - Added data to batch for client 0: {'round': 5, 'step_no': 435, 'loss': 0.1081136167049408, 'accuracy': 0.9517857432365417, 'l2_norm': 0.6314833760261536, 'computation_time': 0.04904913902282715, 'batch_time': 0.052230090121156536, 'rtc_check_time': 0.001714199999696575, 'experiment_id': 'exp_20240620_221414', 'client_id': '0'}
[2024-06-20 22:15:19,138][root][INFO] - Added data to batch for client 0: {'round': 5, 'step_no': 436, 'loss': 0.1675538867712021, 'accuracy': 0.9513888955116272, 'l2_norm': 0.6549966931343079, 'computation_time': 0.04965019226074219, 'batch_time': 0.05295545211993158, 'rtc_check_time': 0.0019725000020116568, 'experiment_id': 'exp_20240620_221414', 'client_id': '0'}
[2024-06-20 22:15:19,139][root][INFO] - Added data to batch for client 0: {'round': 5, 'step_no': 437, 'loss': 0.12255845963954926, 'accuracy': 0.9518581032752991, 'l2_norm': 0.6646526455879211, 'computation_time': 0.03951883316040039, 'batch_time': 0.0419635896832915, 'rtc_check_time': 0.0013496999890776351, 'experiment_id': 'exp_20240620_221414', 'client_id': '0'}
[2024-06-20 22:15:19,141][root][INFO] - Added data to batch for client 0: {'round': 5, 'step_no': 438, 'loss': 0.06875358521938324, 'accuracy': 0.9523026347160339, 'l2_norm': 0.6796325445175171, 'computation_time': 0.04837512969970703, 'batch_time': 0.051717799200559966, 'rtc_check_time': 0.0017219000001205131, 'experiment_id': 'exp_20240620_221414', 'client_id': '0'}
[2024-06-20 22:15:19,143][root][INFO] - Added data to batch for client 0: {'round': 5, 'step_no': 439, 'loss': 0.1369808167219162, 'accuracy': 0.9519230723381042, 'l2_norm': 0.7032743692398071, 'computation_time': 0.04153704643249512, 'batch_time': 0.04664921504445374, 'rtc_check_time': 0.003913399996235967, 'experiment_id': 'exp_20240620_221414', 'client_id': '0'}
[2024-06-20 22:15:19,144][root][INFO] - Added data to batch for client 0: {'round': 5, 'step_no': 440, 'loss': 0.05041869357228279, 'accuracy': 0.953125, 'l2_norm': 0.7306839823722839, 'computation_time': 0.040470123291015625, 'batch_time': 0.04445140139432624, 'rtc_check_time': 0.002835199993569404, 'experiment_id': 'exp_20240620_221414', 'client_id': '0'}
[2024-06-20 22:15:19,146][root][INFO] - Added data to batch for client 0: {'round': 5, 'step_no': 441, 'loss': 0.019821157678961754, 'accuracy': 0.9542682766914368, 'l2_norm': 0.7265015840530396, 'computation_time': 0.04524111747741699, 'batch_time': 0.051030881149927154, 'rtc_check_time': 0.004520899994531646, 'experiment_id': 'exp_20240620_221414', 'client_id': '0'}
[2024-06-20 22:15:19,147][root][INFO] - Added data to batch for client 0: {'round': 5, 'step_no': 442, 'loss': 0.05016275495290756, 'accuracy': 0.9553571343421936, 'l2_norm': 0.7197461724281311, 'computation_time': 0.0560760498046875, 'batch_time': 0.05917190472246148, 'rtc_check_time': 0.0016929999983403832, 'experiment_id': 'exp_20240620_221414', 'client_id': '0'}
[2024-06-20 22:15:19,148][root][INFO] - Added data to batch for client 0: {'round': 5, 'step_no': 443, 'loss': 0.04538000375032425, 'accuracy': 0.9563953280448914, 'l2_norm': 0.7326557040214539, 'computation_time': 0.04398298263549805, 'batch_time': 0.04933969951525796, 'rtc_check_time': 0.004041599997435696, 'experiment_id': 'exp_20240620_221414', 'client_id': '0'}
[2024-06-20 22:15:19,150][root][INFO] - Added data to batch for client 0: {'round': 5, 'step_no': 444, 'loss': 0.05961381271481514, 'accuracy': 0.9573863744735718, 'l2_norm': 0.7447271347045898, 'computation_time': 0.04214119911193848, 'batch_time': 0.04521910288895015, 'rtc_check_time': 0.001818100005039014, 'experiment_id': 'exp_20240620_221414', 'client_id': '0'}
[2024-06-20 22:15:19,151][root][INFO] - Added data to batch for client 0: {'round': 5, 'step_no': 445, 'loss': 0.11840991675853729, 'accuracy': 0.9576388597488403, 'l2_norm': 0.791560709476471, 'computation_time': 0.04016995429992676, 'batch_time': 0.04301927305641584, 'rtc_check_time': 0.001715399994282052, 'experiment_id': 'exp_20240620_221414', 'client_id': '0'}
[2024-06-20 22:15:19,153][root][INFO] - Added data to batch for client 0: {'round': 5, 'step_no': 446, 'loss': 0.08031327277421951, 'accuracy': 0.957880437374115, 'l2_norm': 0.7908423542976379, 'computation_time': 0.042997121810913086, 'batch_time': 0.0498241986206267, 'rtc_check_time': 0.0057591999939177185, 'experiment_id': 'exp_20240620_221414', 'client_id': '0'}
[2024-06-20 22:15:19,154][root][INFO] - Added data to batch for client 0: {'round': 5, 'step_no': 447, 'loss': 0.04788989573717117, 'accuracy': 0.958776593208313, 'l2_norm': 0.8111204504966736, 'computation_time': 0.04217410087585449, 'batch_time': 0.045016037387540564, 'rtc_check_time': 0.0015930999943520874, 'experiment_id': 'exp_20240620_221414', 'client_id': '0'}
[2024-06-20 22:15:19,155][root][INFO] - Added data to batch for client 0: {'round': 5, 'step_no': 448, 'loss': 0.043072327971458435, 'accuracy': 0.9596354365348816, 'l2_norm': 0.8354262709617615, 'computation_time': 0.038687944412231445, 'batch_time': 0.04195725341560319, 'rtc_check_time': 0.0022093000006861985, 'experiment_id': 'exp_20240620_221414', 'client_id': '0'}
[2024-06-20 22:15:19,157][root][INFO] - Added data to batch for client 0: {'round': 5, 'step_no': 449, 'loss': 0.04051611199975014, 'accuracy': 0.9604591727256775, 'l2_norm': 0.8375372886657715, 'computation_time': 0.04147195816040039, 'batch_time': 0.04433855337265413, 'rtc_check_time': 0.001644699994358234, 'experiment_id': 'exp_20240620_221414', 'client_id': '0'}
[2024-06-20 22:15:19,158][root][INFO] - Added data to batch for client 0: {'round': 5, 'step_no': 450, 'loss': 0.10885193943977356, 'accuracy': 0.9599999785423279, 'l2_norm': 0.9097689986228943, 'computation_time': 0.040093183517456055, 'batch_time': 0.04448445234447718, 'rtc_check_time': 0.0033644000068306923, 'experiment_id': 'exp_20240620_221414', 'client_id': '0'}
[2024-06-20 22:15:19,159][root][INFO] - Added data to batch for client 0: {'round': 5, 'step_no': 451, 'loss': 0.015348035842180252, 'accuracy': 0.9607843160629272, 'l2_norm': 0.9060288071632385, 'computation_time': 0.0411069393157959, 'batch_time': 0.044931913042091765, 'rtc_check_time': 0.002611899995827116, 'experiment_id': 'exp_20240620_221414', 'client_id': '0'}
[2024-06-20 22:15:19,161][root][INFO] - Added data to batch for client 0: {'round': 5, 'step_no': 452, 'loss': 0.011133619584143162, 'accuracy': 0.9615384340286255, 'l2_norm': 0.9044912457466125, 'computation_time': 0.0437619686126709, 'batch_time': 0.046482174526317976, 'rtc_check_time': 0.0015149999962886795, 'experiment_id': 'exp_20240620_221414', 'client_id': '0'}
[2024-06-20 22:15:19,162][root][INFO] - Added data to batch for client 0: {'round': 5, 'step_no': 453, 'loss': 0.0565427802503109, 'accuracy': 0.9616745114326477, 'l2_norm': 0.9319268465042114, 'computation_time': 0.04267716407775879, 'batch_time': 0.047339583761640824, 'rtc_check_time': 0.003362800009199418, 'experiment_id': 'exp_20240620_221414', 'client_id': '0'}
[2024-06-20 22:15:19,163][root][INFO] - Added data to batch for client 0: {'round': 5, 'step_no': 454, 'loss': 0.10822473466396332, 'accuracy': 0.9618055820465088, 'l2_norm': 0.9643537998199463, 'computation_time': 0.04778409004211426, 'batch_time': 0.05104149313410744, 'rtc_check_time': 0.0017803999944590032, 'experiment_id': 'exp_20240620_221414', 'client_id': '0'}
[2024-06-20 22:15:19,164][root][INFO] - Added data to batch for client 0: {'round': 5, 'step_no': 455, 'loss': 0.40406569838523865, 'accuracy': 0.9596590995788574, 'l2_norm': 1.0331276655197144, 'computation_time': 0.055169105529785156, 'batch_time': 0.06097695244534407, 'rtc_check_time': 0.004445999991730787, 'experiment_id': 'exp_20240620_221414', 'client_id': '0'}
[2024-06-20 22:15:19,166][root][INFO] - Added data to batch for client 0: {'round': 5, 'step_no': 456, 'loss': 0.03910346329212189, 'accuracy': 0.9598214030265808, 'l2_norm': 1.0124391317367554, 'computation_time': 0.05421185493469238, 'batch_time': 0.0632585626153741, 'rtc_check_time': 0.007808599999407306, 'experiment_id': 'exp_20240620_221414', 'client_id': '0'}
[2024-06-20 22:15:19,167][root][INFO] - Added data to batch for client 0: {'round': 5, 'step_no': 457, 'loss': 0.13291528820991516, 'accuracy': 0.9594298005104065, 'l2_norm': 1.0405142307281494, 'computation_time': 0.05293893814086914, 'batch_time': 0.05604352228692733, 'rtc_check_time': 0.0017785000090952963, 'experiment_id': 'exp_20240620_221414', 'client_id': '0'}
[2024-06-20 22:15:19,169][root][INFO] - Added data to batch for client 0: {'round': 5, 'step_no': 458, 'loss': 0.020486069843173027, 'accuracy': 0.9601293206214905, 'l2_norm': 1.0451557636260986, 'computation_time': 0.04538106918334961, 'batch_time': 0.04922579890990164, 'rtc_check_time': 0.0026008999993791804, 'experiment_id': 'exp_20240620_221414', 'client_id': '0'}
[2024-06-20 22:15:19,170][root][INFO] - Added data to batch for client 0: {'round': 5, 'step_no': 459, 'loss': 0.30947145819664, 'accuracy': 0.9597457647323608, 'l2_norm': 1.0852471590042114, 'computation_time': 0.041851043701171875, 'batch_time': 0.044687603862257674, 'rtc_check_time': 0.001633500010939315, 'experiment_id': 'exp_20240620_221414', 'client_id': '0'}
[2024-06-20 22:15:19,171][root][INFO] - Added data to batch for client 0: {'round': 5, 'step_no': 460, 'loss': 0.03904735669493675, 'accuracy': 0.9604166746139526, 'l2_norm': 1.1125034093856812, 'computation_time': 0.04523491859436035, 'batch_time': 0.04843630504910834, 'rtc_check_time': 0.0018454999953974038, 'experiment_id': 'exp_20240620_221414', 'client_id': '0'}
[2024-06-20 22:15:19,173][root][INFO] - Added data to batch for client 0: {'round': 5, 'step_no': 461, 'loss': 0.23250587284564972, 'accuracy': 0.9595286846160889, 'l2_norm': 1.170603632926941, 'computation_time': 0.04362607002258301, 'batch_time': 0.05535310633422341, 'rtc_check_time': 0.010514200999750756, 'experiment_id': 'exp_20240620_221414', 'client_id': '0'}
[2024-06-20 22:15:19,174][root][INFO] - Added data to batch for client 0: {'round': 5, 'step_no': 462, 'loss': 0.06317684799432755, 'accuracy': 0.960181474685669, 'l2_norm': 1.163154125213623, 'computation_time': 0.043827056884765625, 'batch_time': 0.05101378103427123, 'rtc_check_time': 0.005911900007049553, 'experiment_id': 'exp_20240620_221414', 'client_id': '0'}
[2024-06-20 22:15:19,175][root][INFO] - Added data to batch for client 0: {'round': 5, 'step_no': 463, 'loss': 0.09605060517787933, 'accuracy': 0.9608134627342224, 'l2_norm': 1.1555812358856201, 'computation_time': 0.04217410087585449, 'batch_time': 0.05784951646637637, 'rtc_check_time': 0.014438500002142973, 'experiment_id': 'exp_20240620_221414', 'client_id': '0'}
[2024-06-20 22:15:19,177][root][INFO] - Added data to batch for client 0: {'round': 5, 'step_no': 464, 'loss': 0.22655364871025085, 'accuracy': 0.9599609375, 'l2_norm': 1.2286897897720337, 'computation_time': 0.04074215888977051, 'batch_time': 0.04320353067305405, 'rtc_check_time': 0.0013655999937327579, 'experiment_id': 'exp_20240620_221414', 'client_id': '0'}
[2024-06-20 22:15:19,178][root][INFO] - Added data to batch for client 0: {'round': 5, 'step_no': 465, 'loss': 0.09155835956335068, 'accuracy': 0.9600961804389954, 'l2_norm': 1.2545104026794434, 'computation_time': 0.04050421714782715, 'batch_time': 0.0434420530218631, 'rtc_check_time': 0.0017281000036746264, 'experiment_id': 'exp_20240620_221414', 'client_id': '0'}
[2024-06-20 22:15:19,179][root][INFO] - Added data to batch for client 0: {'round': 5, 'step_no': 466, 'loss': 0.19875656068325043, 'accuracy': 0.9602272510528564, 'l2_norm': 1.2620078325271606, 'computation_time': 0.04457998275756836, 'batch_time': 0.0492255155404564, 'rtc_check_time': 0.0032905999978538603, 'experiment_id': 'exp_20240620_221414', 'client_id': '0'}
[2024-06-20 22:15:19,180][root][INFO] - Added data to batch for client 0: {'round': 5, 'step_no': 467, 'loss': 0.017325660213828087, 'accuracy': 0.9608209133148193, 'l2_norm': 1.2598410844802856, 'computation_time': 0.04259300231933594, 'batch_time': 0.04662476676458027, 'rtc_check_time': 0.002937900004326366, 'experiment_id': 'exp_20240620_221414', 'client_id': '0'}
[2024-06-20 22:15:19,182][root][INFO] - Added data to batch for client 0: {'round': 5, 'step_no': 468, 'loss': 0.06840752065181732, 'accuracy': 0.9609375, 'l2_norm': 1.266740083694458, 'computation_time': 0.040724992752075195, 'batch_time': 0.04605522750352975, 'rtc_check_time': 0.004114299998036586, 'experiment_id': 'exp_20240620_221414', 'client_id': '0'}
[2024-06-20 22:15:19,184][root][INFO] - Added data to batch for client 0: {'round': 5, 'step_no': 469, 'loss': 0.09004883468151093, 'accuracy': 0.9610507488250732, 'l2_norm': 1.259842872619629, 'computation_time': 0.03972601890563965, 'batch_time': 0.04249576044094283, 'rtc_check_time': 0.0015487999917240813, 'experiment_id': 'exp_20240620_221414', 'client_id': '0'}
[2024-06-20 22:15:19,185][root][INFO] - Added data to batch for client 0: {'round': 5, 'step_no': 470, 'loss': 0.19365893304347992, 'accuracy': 0.9607142806053162, 'l2_norm': 1.3321179151535034, 'computation_time': 0.03881716728210449, 'batch_time': 0.043424331161077134, 'rtc_check_time': 0.003510199996526353, 'experiment_id': 'exp_20240620_221414', 'client_id': '0'}
[2024-06-20 22:15:19,187][root][INFO] - Added data to batch for client 0: {'round': 5, 'step_no': 471, 'loss': 0.1459340900182724, 'accuracy': 0.9599471688270569, 'l2_norm': 1.3397424221038818, 'computation_time': 0.038127899169921875, 'batch_time': 0.04281704389723018, 'rtc_check_time': 0.0035712000099010766, 'experiment_id': 'exp_20240620_221414', 'client_id': '0'}
[2024-06-20 22:15:19,188][root][INFO] - Added data to batch for client 0: {'round': 5, 'step_no': 472, 'loss': 0.36809277534484863, 'accuracy': 0.9600694179534912, 'l2_norm': 1.3793134689331055, 'computation_time': 0.0452120304107666, 'batch_time': 0.05117560534563381, 'rtc_check_time': 0.004714499998954125, 'experiment_id': 'exp_20240620_221414', 'client_id': '0'}
[2024-06-20 22:15:19,189][root][INFO] - Added data to batch for client 0: {'round': 5, 'step_no': 473, 'loss': 0.279963880777359, 'accuracy': 0.9601883292198181, 'l2_norm': 1.3773342370986938, 'computation_time': 0.04339599609375, 'batch_time': 0.04862734430935234, 'rtc_check_time': 0.003791299997828901, 'experiment_id': 'exp_20240620_221414', 'client_id': '0'}
[2024-06-20 22:15:19,190][root][INFO] - Added data to batch for client 0: {'round': 5, 'step_no': 474, 'loss': 0.10428733378648758, 'accuracy': 0.9603040814399719, 'l2_norm': 1.3825011253356934, 'computation_time': 0.04331803321838379, 'batch_time': 0.04653361308737658, 'rtc_check_time': 0.002036599995335564, 'experiment_id': 'exp_20240620_221414', 'client_id': '0'}
[2024-06-20 22:15:19,192][root][INFO] - Added data to batch for client 0: {'round': 5, 'step_no': 475, 'loss': 0.09600021690130234, 'accuracy': 0.9608333110809326, 'l2_norm': 1.3916258811950684, 'computation_time': 0.04068589210510254, 'batch_time': 0.04695188443292864, 'rtc_check_time': 0.005070799990789965, 'experiment_id': 'exp_20240620_221414', 'client_id': '0'}
[2024-06-20 22:15:19,193][root][INFO] - Added data to batch for client 0: {'round': 5, 'step_no': 476, 'loss': 0.02059250697493553, 'accuracy': 0.9613487124443054, 'l2_norm': 1.401249885559082, 'computation_time': 0.04047513008117676, 'batch_time': 0.04427122607012279, 'rtc_check_time': 0.0027492000081110746, 'experiment_id': 'exp_20240620_221414', 'client_id': '0'}
[2024-06-20 22:15:19,194][root][INFO] - Added data to batch for client 0: {'round': 5, 'step_no': 477, 'loss': 0.1280520260334015, 'accuracy': 0.9610389471054077, 'l2_norm': 1.4643584489822388, 'computation_time': 0.03865790367126465, 'batch_time': 0.04317638736392837, 'rtc_check_time': 0.003403399998205714, 'experiment_id': 'exp_20240620_221414', 'client_id': '0'}
[2024-06-20 22:15:19,196][root][INFO] - Added data to batch for client 0: {'round': 5, 'step_no': 478, 'loss': 0.15905389189720154, 'accuracy': 0.9607371687889099, 'l2_norm': 1.457088589668274, 'computation_time': 0.03998994827270508, 'batch_time': 0.043169694297830574, 'rtc_check_time': 0.001983600013772957, 'experiment_id': 'exp_20240620_221414', 'client_id': '0'}
[2024-06-20 22:15:19,197][root][INFO] - Added data to batch for client 0: {'round': 5, 'step_no': 479, 'loss': 0.35623466968536377, 'accuracy': 0.9600474834442139, 'l2_norm': 1.5252668857574463, 'computation_time': 0.047601938247680664, 'batch_time': 0.05108933958399575, 'rtc_check_time': 0.002043300002696924, 'experiment_id': 'exp_20240620_221414', 'client_id': '0'}
[2024-06-20 22:15:19,200][root][INFO] - Added data to batch for client 0: {'round': 5, 'step_no': 480, 'loss': 0.13810278475284576, 'accuracy': 0.959765613079071, 'l2_norm': 1.5614830255508423, 'computation_time': 0.042508840560913086, 'batch_time': 0.045345571139478125, 'rtc_check_time': 0.0017256999999517575, 'experiment_id': 'exp_20240620_221414', 'client_id': '0'}
[2024-06-20 22:15:19,201][root][INFO] - Added data to batch for client 0: {'round': 5, 'step_no': 481, 'loss': 0.09333910048007965, 'accuracy': 0.959876537322998, 'l2_norm': 1.5691516399383545, 'computation_time': 0.039422035217285156, 'batch_time': 0.04285005286510568, 'rtc_check_time': 0.002287900002556853, 'experiment_id': 'exp_20240620_221414', 'client_id': '0'}
[2024-06-20 22:15:19,203][root][INFO] - Added data to batch for client 0: {'round': 5, 'step_no': 482, 'loss': 0.03210335969924927, 'accuracy': 0.9603658318519592, 'l2_norm': 1.5642859935760498, 'computation_time': 0.05737805366516113, 'batch_time': 0.06263426117948256, 'rtc_check_time': 0.003291400003945455, 'experiment_id': 'exp_20240620_221414', 'client_id': '0'}
[2024-06-20 22:15:19,204][root][INFO] - Added data to batch for client 0: {'round': 5, 'step_no': 483, 'loss': 0.23268915712833405, 'accuracy': 0.9604668617248535, 'l2_norm': 1.5843294858932495, 'computation_time': 0.05222511291503906, 'batch_time': 0.05516528776206542, 'rtc_check_time': 0.0017332999996142462, 'experiment_id': 'exp_20240620_221414', 'client_id': '0'}
[2024-06-20 22:15:19,206][root][INFO] - Added data to batch for client 0: {'round': 5, 'step_no': 484, 'loss': 0.07238861173391342, 'accuracy': 0.9609375, 'l2_norm': 1.5908688306808472, 'computation_time': 0.05724000930786133, 'batch_time': 0.06044014112558216, 'rtc_check_time': 0.0014983000000938773, 'experiment_id': 'exp_20240620_221414', 'client_id': '0'}
[2024-06-20 22:15:19,207][root][INFO] - Added data to batch for client 0: {'round': 5, 'step_no': 485, 'loss': 0.3666282594203949, 'accuracy': 0.960661768913269, 'l2_norm': 1.625402569770813, 'computation_time': 0.054595947265625, 'batch_time': 0.05806773646327201, 'rtc_check_time': 0.001618800000869669, 'experiment_id': 'exp_20240620_221414', 'client_id': '0'}
[2024-06-20 22:15:19,208][root][INFO] - Added data to batch for client 0: {'round': 5, 'step_no': 486, 'loss': 0.055884163826704025, 'accuracy': 0.9611191749572754, 'l2_norm': 1.6152714490890503, 'computation_time': 0.046740055084228516, 'batch_time': 0.049776186104281805, 'rtc_check_time': 0.0017140999989351258, 'experiment_id': 'exp_20240620_221414', 'client_id': '0'}
[2024-06-20 22:15:19,210][root][INFO] - Added data to batch for client 0: {'round': 5, 'step_no': 487, 'loss': 0.06892029941082001, 'accuracy': 0.9612069129943848, 'l2_norm': 1.6220202445983887, 'computation_time': 0.051535844802856445, 'batch_time': 0.05562014393217396, 'rtc_check_time': 0.002884100002120249, 'experiment_id': 'exp_20240620_221414', 'client_id': '0'}
[2024-06-20 22:15:19,211][root][INFO] - Added data to batch for client 0: {'round': 5, 'step_no': 488, 'loss': 0.052735839039087296, 'accuracy': 0.9616477489471436, 'l2_norm': 1.6389795541763306, 'computation_time': 0.04656100273132324, 'batch_time': 0.0519461589428829, 'rtc_check_time': 0.0039040999981807545, 'experiment_id': 'exp_20240620_221414', 'client_id': '0'}
[2024-06-20 22:15:19,212][root][INFO] - Added data to batch for client 0: {'round': 5, 'step_no': 489, 'loss': 0.15825948119163513, 'accuracy': 0.961376428604126, 'l2_norm': 1.6728140115737915, 'computation_time': 0.04766106605529785, 'batch_time': 0.051287371112266555, 'rtc_check_time': 0.002288299991050735, 'experiment_id': 'exp_20240620_221414', 'client_id': '0'}
[2024-06-20 22:15:19,214][root][INFO] - Added data to batch for client 0: {'round': 5, 'step_no': 490, 'loss': 0.11952343583106995, 'accuracy': 0.9611111283302307, 'l2_norm': 1.718770146369934, 'computation_time': 0.0483708381652832, 'batch_time': 0.05498264069319703, 'rtc_check_time': 0.005131699988851324, 'experiment_id': 'exp_20240620_221414', 'client_id': '0'}
[2024-06-20 22:15:19,215][root][INFO] - Added data to batch for client 0: {'round': 5, 'step_no': 491, 'loss': 0.1391202211380005, 'accuracy': 0.9608516693115234, 'l2_norm': 1.7123135328292847, 'computation_time': 0.06042909622192383, 'batch_time': 0.06481098401127383, 'rtc_check_time': 0.0023930000024847686, 'experiment_id': 'exp_20240620_221414', 'client_id': '0'}
[2024-06-20 22:15:19,217][root][INFO] - Added data to batch for client 0: {'round': 5, 'step_no': 492, 'loss': 0.2165212631225586, 'accuracy': 0.960597813129425, 'l2_norm': 1.719150185585022, 'computation_time': 0.05028796195983887, 'batch_time': 0.05333110303035937, 'rtc_check_time': 0.0017768999969121069, 'experiment_id': 'exp_20240620_221414', 'client_id': '0'}
[2024-06-20 22:15:19,218][root][INFO] - Added data to batch for client 0: {'round': 5, 'step_no': 493, 'loss': 0.25314611196517944, 'accuracy': 0.9596773982048035, 'l2_norm': 1.7746258974075317, 'computation_time': 0.052690982818603516, 'batch_time': 0.05566992360400036, 'rtc_check_time': 0.0015830000047571957, 'experiment_id': 'exp_20240620_221414', 'client_id': '0'}
[2024-06-20 22:15:19,220][root][INFO] - Added data to batch for client 0: {'round': 5, 'step_no': 494, 'loss': 0.18534183502197266, 'accuracy': 0.9594414830207825, 'l2_norm': 1.7899994850158691, 'computation_time': 0.04552602767944336, 'batch_time': 0.04884125728858635, 'rtc_check_time': 0.0018572999979369342, 'experiment_id': 'exp_20240620_221414', 'client_id': '0'}
[2024-06-20 22:15:19,221][root][INFO] - Added data to batch for client 0: {'round': 5, 'step_no': 495, 'loss': 0.052558496594429016, 'accuracy': 0.9595394730567932, 'l2_norm': 1.7833753824234009, 'computation_time': 0.04637885093688965, 'batch_time': 0.060586921841604635, 'rtc_check_time': 0.012931100995047018, 'experiment_id': 'exp_20240620_221414', 'client_id': '0'}
[2024-06-20 22:15:19,223][root][INFO] - Added data to batch for client 0: {'round': 5, 'step_no': 496, 'loss': 0.3398875594139099, 'accuracy': 0.9593098759651184, 'l2_norm': 1.8131123781204224, 'computation_time': 0.04984903335571289, 'batch_time': 0.05341397039592266, 'rtc_check_time': 0.0020628999918699265, 'experiment_id': 'exp_20240620_221414', 'client_id': '0'}
[2024-06-20 22:15:19,224][root][INFO] - Added data to batch for client 0: {'round': 5, 'step_no': 497, 'loss': 0.3839923143386841, 'accuracy': 0.9587628841400146, 'l2_norm': 1.847641944885254, 'computation_time': 0.05336499214172363, 'batch_time': 0.061247272256878205, 'rtc_check_time': 0.006320400003460236, 'experiment_id': 'exp_20240620_221414', 'client_id': '0'}
[2024-06-20 22:15:19,225][root][INFO] - Added data to batch for client 0: {'round': 5, 'step_no': 498, 'loss': 0.05575612932443619, 'accuracy': 0.9591836929321289, 'l2_norm': 1.8371076583862305, 'computation_time': 0.05471992492675781, 'batch_time': 0.058871042681857944, 'rtc_check_time': 0.0024139999877661467, 'experiment_id': 'exp_20240620_221414', 'client_id': '0'}
[2024-06-20 22:15:19,227][root][INFO] - Added data to batch for client 0: {'round': 5, 'step_no': 499, 'loss': 0.015044658444821835, 'accuracy': 0.9595959782600403, 'l2_norm': 1.8290669918060303, 'computation_time': 0.05231499671936035, 'batch_time': 0.05953224012046121, 'rtc_check_time': 0.00511009999900125, 'experiment_id': 'exp_20240620_221414', 'client_id': '0'}
[2024-06-20 22:15:19,228][root][INFO] - Added data to batch for client 0: {'round': 5, 'step_no': 500, 'loss': 0.4771080017089844, 'accuracy': 0.9587500095367432, 'l2_norm': 1.9322377443313599, 'computation_time': 0.053256988525390625, 'batch_time': 0.056919401919003576, 'rtc_check_time': 0.0018583000055514276, 'experiment_id': 'exp_20240620_221414', 'client_id': '0'}
[2024-06-20 22:15:19,229][root][INFO] - Added data to batch for client 0: {'round': 5, 'step_no': 501, 'loss': 0.2677815556526184, 'accuracy': 0.9579207897186279, 'l2_norm': 1.946251392364502, 'computation_time': 0.06908607482910156, 'batch_time': 0.07302023434021976, 'rtc_check_time': 0.001959100001840852, 'experiment_id': 'exp_20240620_221414', 'client_id': '0'}
[2024-06-20 22:15:19,231][root][INFO] - Added data to batch for client 0: {'round': 5, 'step_no': 502, 'loss': 0.12880775332450867, 'accuracy': 0.9580269455909729, 'l2_norm': 1.9530788660049438, 'computation_time': 0.04929685592651367, 'batch_time': 0.05642187477496918, 'rtc_check_time': 0.005948899997747503, 'experiment_id': 'exp_20240620_221414', 'client_id': '0'}
[2024-06-20 22:15:19,232][root][INFO] - Added data to batch for client 0: {'round': 5, 'step_no': 503, 'loss': 0.06747683137655258, 'accuracy': 0.9581310749053955, 'l2_norm': 1.9601702690124512, 'computation_time': 0.045178890228271484, 'batch_time': 0.04841592012962792, 'rtc_check_time': 0.0019087999971816316, 'experiment_id': 'exp_20240620_221414', 'client_id': '0'}
[2024-06-20 22:15:19,233][root][INFO] - Added data to batch for client 0: {'round': 5, 'step_no': 504, 'loss': 0.1469854712486267, 'accuracy': 0.9582331776618958, 'l2_norm': 1.9715020656585693, 'computation_time': 0.04419994354248047, 'batch_time': 0.046881670292350464, 'rtc_check_time': 0.0015067999920574948, 'experiment_id': 'exp_20240620_221414', 'client_id': '0'}
[2024-06-20 22:15:19,235][root][INFO] - Added data to batch for client 0: {'round': 5, 'step_no': 505, 'loss': 0.1387200802564621, 'accuracy': 0.9577381014823914, 'l2_norm': 1.9486392736434937, 'computation_time': 0.0425570011138916, 'batch_time': 0.046406803114223294, 'rtc_check_time': 0.0026228999922750518, 'experiment_id': 'exp_20240620_221414', 'client_id': '0'}
[2024-06-20 22:15:19,238][root][INFO] - Added data to batch for client 0: {'round': 5, 'step_no': 506, 'loss': 0.2043888121843338, 'accuracy': 0.9575471878051758, 'l2_norm': 1.9600520133972168, 'computation_time': 0.045187950134277344, 'batch_time': 0.05012476001866162, 'rtc_check_time': 0.003454799996688962, 'experiment_id': 'exp_20240620_221414', 'client_id': '0'}
[2024-06-20 22:15:19,240][root][INFO] - Added data to batch for client 0: {'round': 5, 'step_no': 507, 'loss': 0.04565974697470665, 'accuracy': 0.9579439163208008, 'l2_norm': 1.9658745527267456, 'computation_time': 0.04863595962524414, 'batch_time': 0.0525552042236086, 'rtc_check_time': 0.002587199996924028, 'experiment_id': 'exp_20240620_221414', 'client_id': '0'}
[2024-06-20 22:15:19,241][root][INFO] - Added data to batch for client 0: {'round': 5, 'step_no': 508, 'loss': 0.1871267557144165, 'accuracy': 0.9571759104728699, 'l2_norm': 1.9932173490524292, 'computation_time': 0.04778313636779785, 'batch_time': 0.052066212505451404, 'rtc_check_time': 0.00299799999629613, 'experiment_id': 'exp_20240620_221414', 'client_id': '0'}
[2024-06-20 22:15:19,242][root][INFO] - Added data to batch for client 0: {'round': 5, 'step_no': 509, 'loss': 0.1998881697654724, 'accuracy': 0.9567087292671204, 'l2_norm': 2.0335915088653564, 'computation_time': 0.042694091796875, 'batch_time': 0.04629573093552608, 'rtc_check_time': 0.0024527000059606507, 'experiment_id': 'exp_20240620_221414', 'client_id': '0'}
[2024-06-20 22:15:19,244][root][INFO] - Added data to batch for client 0: {'round': 5, 'step_no': 510, 'loss': 0.02851913683116436, 'accuracy': 0.9571022987365723, 'l2_norm': 2.0320682525634766, 'computation_time': 0.06231188774108887, 'batch_time': 0.06697119718592148, 'rtc_check_time': 0.0025771999935386702, 'experiment_id': 'exp_20240620_221414', 'client_id': '0'}
[2024-06-20 22:15:19,245][root][INFO] - Added data to batch for client 0: {'round': 5, 'step_no': 511, 'loss': 0.16827833652496338, 'accuracy': 0.9569256901741028, 'l2_norm': 2.0652875900268555, 'computation_time': 0.048091888427734375, 'batch_time': 0.0516813372814795, 'rtc_check_time': 0.0021102999889990315, 'experiment_id': 'exp_20240620_221414', 'client_id': '0'}
[2024-06-20 22:15:19,246][root][INFO] - Added data to batch for client 0: {'round': 5, 'step_no': 512, 'loss': 0.13355183601379395, 'accuracy': 0.95703125, 'l2_norm': 2.0537495613098145, 'computation_time': 0.05026507377624512, 'batch_time': 0.05468180635944009, 'rtc_check_time': 0.002889900002628565, 'experiment_id': 'exp_20240620_221414', 'client_id': '0'}
[2024-06-20 22:15:19,247][root][INFO] - Added data to batch for client 0: {'round': 5, 'step_no': 513, 'loss': 0.033876046538352966, 'accuracy': 0.957411527633667, 'l2_norm': 2.061677932739258, 'computation_time': 0.0509030818939209, 'batch_time': 0.05390343186445534, 'rtc_check_time': 0.0015273999888449907, 'experiment_id': 'exp_20240620_221414', 'client_id': '0'}
[2024-06-20 22:15:19,248][root][INFO] - Added data to batch for client 0: {'round': 5, 'step_no': 514, 'loss': 0.018515894189476967, 'accuracy': 0.9577850699424744, 'l2_norm': 2.067026138305664, 'computation_time': 0.05236482620239258, 'batch_time': 0.0590726855880348, 'rtc_check_time': 0.004518699992331676, 'experiment_id': 'exp_20240620_221414', 'client_id': '0'}
[2024-06-20 22:15:19,250][root][INFO] - Added data to batch for client 0: {'round': 5, 'step_no': 515, 'loss': 0.08452950417995453, 'accuracy': 0.958152174949646, 'l2_norm': 2.105464458465576, 'computation_time': 0.058732032775878906, 'batch_time': 0.061542362498585135, 'rtc_check_time': 0.001566499995533377, 'experiment_id': 'exp_20240620_221414', 'client_id': '0'}
[2024-06-20 22:15:19,252][root][INFO] - Added data to batch for client 0: {'round': 5, 'step_no': 516, 'loss': 0.2140076756477356, 'accuracy': 0.9577047228813171, 'l2_norm': 2.1587696075439453, 'computation_time': 0.04653120040893555, 'batch_time': 0.05542881578730885, 'rtc_check_time': 0.00748879999446217, 'experiment_id': 'exp_20240620_221414', 'client_id': '0'}
[2024-06-20 22:15:19,253][root][INFO] - Added data to batch for client 0: {'round': 5, 'step_no': 517, 'loss': 0.0555083267390728, 'accuracy': 0.9577991366386414, 'l2_norm': 2.1511995792388916, 'computation_time': 0.053730010986328125, 'batch_time': 0.056268979897140525, 'rtc_check_time': 0.001469900002120994, 'experiment_id': 'exp_20240620_221414', 'client_id': '0'}
[2024-06-20 22:15:19,255][root][INFO] - Added data to batch for client 0: {'round': 5, 'step_no': 518, 'loss': 0.2126987874507904, 'accuracy': 0.9573622941970825, 'l2_norm': 2.216885566711426, 'computation_time': 0.05479311943054199, 'batch_time': 0.06161500701273326, 'rtc_check_time': 0.004661099999793805, 'experiment_id': 'exp_20240620_221414', 'client_id': '0'}
[2024-06-20 22:15:19,256][root][INFO] - Added data to batch for client 0: {'round': 5, 'step_no': 519, 'loss': 0.030214324593544006, 'accuracy': 0.9577205777168274, 'l2_norm': 2.211482048034668, 'computation_time': 0.04883909225463867, 'batch_time': 0.05314742941118311, 'rtc_check_time': 0.003020399992237799, 'experiment_id': 'exp_20240620_221414', 'client_id': '0'}
[2024-06-20 22:15:19,258][root][INFO] - Added data to batch for client 0: {'round': 5, 'step_no': 520, 'loss': 0.07098826766014099, 'accuracy': 0.957812488079071, 'l2_norm': 2.2273030281066895, 'computation_time': 0.04436922073364258, 'batch_time': 0.04927154960751068, 'rtc_check_time': 0.0035256999981356785, 'experiment_id': 'exp_20240620_221414', 'client_id': '0'}
[2024-06-20 22:15:19,259][root][INFO] - Added data to batch for client 0: {'round': 5, 'step_no': 521, 'loss': 0.26910147070884705, 'accuracy': 0.95712810754776, 'l2_norm': 2.236701726913452, 'computation_time': 0.050366878509521484, 'batch_time': 0.05762867863813881, 'rtc_check_time': 0.005853700000443496, 'experiment_id': 'exp_20240620_221414', 'client_id': '0'}
[2024-06-20 22:15:19,260][root][INFO] - Added data to batch for client 0: {'round': 5, 'step_no': 522, 'loss': 0.05652140453457832, 'accuracy': 0.9574795365333557, 'l2_norm': 2.252765655517578, 'computation_time': 0.056281089782714844, 'batch_time': 0.06331886672705878, 'rtc_check_time': 0.005372900006477721, 'experiment_id': 'exp_20240620_221414', 'client_id': '0'}
[2024-06-20 22:15:19,261][root][INFO] - Added data to batch for client 0: {'round': 5, 'step_no': 523, 'loss': 0.15215349197387695, 'accuracy': 0.957317054271698, 'l2_norm': 2.2879440784454346, 'computation_time': 0.0422060489654541, 'batch_time': 0.047423906609765254, 'rtc_check_time': 0.0041289999935543165, 'experiment_id': 'exp_20240620_221414', 'client_id': '0'}
[2024-06-20 22:15:19,263][root][INFO] - Added data to batch for client 0: {'round': 5, 'step_no': 524, 'loss': 0.14711707830429077, 'accuracy': 0.9574092626571655, 'l2_norm': 2.2829530239105225, 'computation_time': 0.042754173278808594, 'batch_time': 0.04742649252875708, 'rtc_check_time': 0.0027726000116672367, 'experiment_id': 'exp_20240620_221414', 'client_id': '0'}
[2024-06-20 22:15:19,264][root][INFO] - Added data to batch for client 0: {'round': 5, 'step_no': 525, 'loss': 0.1752331256866455, 'accuracy': 0.9572499990463257, 'l2_norm': 2.3406922817230225, 'computation_time': 0.04616212844848633, 'batch_time': 0.05243769027583767, 'rtc_check_time': 0.005081800001789816, 'experiment_id': 'exp_20240620_221414', 'client_id': '0'}
[2024-06-20 22:15:19,266][root][INFO] - Added data to batch for client 0: {'round': 5, 'step_no': 526, 'loss': 0.1638086587190628, 'accuracy': 0.9573412537574768, 'l2_norm': 2.369413137435913, 'computation_time': 0.043946027755737305, 'batch_time': 0.04692244454054162, 'rtc_check_time': 0.0017034999909810722, 'experiment_id': 'exp_20240620_221414', 'client_id': '0'}
[2024-06-20 22:15:19,267][root][INFO] - Added data to batch for client 0: {'round': 5, 'step_no': 527, 'loss': 0.2844311594963074, 'accuracy': 0.9564468264579773, 'l2_norm': 2.420015573501587, 'computation_time': 0.0399630069732666, 'batch_time': 0.04486273747170344, 'rtc_check_time': 0.0038309000083245337, 'experiment_id': 'exp_20240620_221414', 'client_id': '0'}
[2024-06-20 22:15:19,269][root][INFO] - Added data to batch for client 0: {'round': 5, 'step_no': 528, 'loss': 0.1432860642671585, 'accuracy': 0.95654296875, 'l2_norm': 2.4296624660491943, 'computation_time': 0.046279191970825195, 'batch_time': 0.04872395585698541, 'rtc_check_time': 0.0013478000037139282, 'experiment_id': 'exp_20240620_221414', 'client_id': '0'}
[2024-06-20 22:15:19,270][root][INFO] - Added data to batch for client 0: {'round': 5, 'step_no': 529, 'loss': 0.25884056091308594, 'accuracy': 0.9563953280448914, 'l2_norm': 2.466998815536499, 'computation_time': 0.03966188430786133, 'batch_time': 0.0441371464257827, 'rtc_check_time': 0.0034111999993911013, 'experiment_id': 'exp_20240620_221414', 'client_id': '0'}
[2024-06-20 22:15:19,271][root][INFO] - Added data to batch for client 0: {'round': 5, 'step_no': 530, 'loss': 0.41582223773002625, 'accuracy': 0.956250011920929, 'l2_norm': 2.519365072250366, 'computation_time': 0.039955854415893555, 'batch_time': 0.046779045995208435, 'rtc_check_time': 0.0054530000052182, 'experiment_id': 'exp_20240620_221414', 'client_id': '0'}
[2024-06-20 22:15:19,273][root][INFO] - Added data to batch for client 0: {'round': 5, 'step_no': 531, 'loss': 0.2576720714569092, 'accuracy': 0.9561068415641785, 'l2_norm': 2.5626320838928223, 'computation_time': 0.04167914390563965, 'batch_time': 0.047724350850330666, 'rtc_check_time': 0.004888399998890236, 'experiment_id': 'exp_20240620_221414', 'client_id': '0'}
[2024-06-20 22:15:19,274][root][INFO] - Added data to batch for client 0: {'round': 5, 'step_no': 532, 'loss': 0.14445176720619202, 'accuracy': 0.9559659361839294, 'l2_norm': 2.5829451084136963, 'computation_time': 0.04502582550048828, 'batch_time': 0.04987946142500732, 'rtc_check_time': 0.0033453999931225553, 'experiment_id': 'exp_20240620_221414', 'client_id': '0'}
[2024-06-20 22:15:19,275][root][INFO] - Added data to batch for client 0: {'round': 5, 'step_no': 533, 'loss': 0.24925044178962708, 'accuracy': 0.9558270573616028, 'l2_norm': 2.61834716796875, 'computation_time': 0.05435299873352051, 'batch_time': 0.05895029942621477, 'rtc_check_time': 0.003192300006048754, 'experiment_id': 'exp_20240620_221414', 'client_id': '0'}
[2024-06-20 22:15:19,276][root][INFO] - Added data to batch for client 0: {'round': 5, 'step_no': 534, 'loss': 0.0808006078004837, 'accuracy': 0.9559234976768494, 'l2_norm': 2.6319563388824463, 'computation_time': 0.057662010192871094, 'batch_time': 0.061368493901682086, 'rtc_check_time': 0.001780300008249469, 'experiment_id': 'exp_20240620_221414', 'client_id': '0'}
[2024-06-20 22:15:19,278][root][INFO] - Added data to batch for client 0: {'round': 5, 'step_no': 535, 'loss': 0.08489976078271866, 'accuracy': 0.9560185074806213, 'l2_norm': 2.6408417224884033, 'computation_time': 0.051737070083618164, 'batch_time': 0.058365724005852826, 'rtc_check_time': 0.005433700003777631, 'experiment_id': 'exp_20240620_221414', 'client_id': '0'}
[2024-06-20 22:15:19,279][root][INFO] - Added data to batch for client 0: {'round': 5, 'step_no': 536, 'loss': 0.19609922170639038, 'accuracy': 0.9556525945663452, 'l2_norm': 2.6575236320495605, 'computation_time': 0.04552602767944336, 'batch_time': 0.04934315991704352, 'rtc_check_time': 0.0024591000110376626, 'experiment_id': 'exp_20240620_221414', 'client_id': '0'}
[2024-06-20 22:15:19,280][root][INFO] - Added data to batch for client 0: {'round': 5, 'step_no': 537, 'loss': 0.28615519404411316, 'accuracy': 0.9555200934410095, 'l2_norm': 2.675609827041626, 'computation_time': 0.04419207572937012, 'batch_time': 0.05040004312468227, 'rtc_check_time': 0.004788900012499653, 'experiment_id': 'exp_20240620_221414', 'client_id': '0'}
[2024-06-20 22:15:19,282][root][INFO] - Added data to batch for client 0: {'round': 5, 'step_no': 538, 'loss': 0.3492911458015442, 'accuracy': 0.9549366235733032, 'l2_norm': 2.7261762619018555, 'computation_time': 0.0407710075378418, 'batch_time': 0.0443381263903575, 'rtc_check_time': 0.002391000001807697, 'experiment_id': 'exp_20240620_221414', 'client_id': '0'}
[2024-06-20 22:15:19,283][root][INFO] - Added data to batch for client 0: {'round': 5, 'step_no': 539, 'loss': 0.024921700358390808, 'accuracy': 0.9552608132362366, 'l2_norm': 2.72465443611145, 'computation_time': 0.04773116111755371, 'batch_time': 0.05507672317617107, 'rtc_check_time': 0.005768899995018728, 'experiment_id': 'exp_20240620_221414', 'client_id': '0'}
[2024-06-20 22:15:19,284][root][INFO] - Added data to batch for client 0: {'round': 5, 'step_no': 540, 'loss': 0.17564046382904053, 'accuracy': 0.9551339149475098, 'l2_norm': 2.7477056980133057, 'computation_time': 0.058679819107055664, 'batch_time': 0.07325858909462113, 'rtc_check_time': 0.01325959998939652, 'experiment_id': 'exp_20240620_221414', 'client_id': '0'}
[2024-06-20 22:15:19,285][root][INFO] - Added data to batch for client 0: {'round': 5, 'step_no': 541, 'loss': 0.2853417694568634, 'accuracy': 0.9547872543334961, 'l2_norm': 2.7827036380767822, 'computation_time': 0.04407787322998047, 'batch_time': 0.04867226853093598, 'rtc_check_time': 0.0033302999945590273, 'experiment_id': 'exp_20240620_221414', 'client_id': '0'}
[2024-06-20 22:15:19,287][root][INFO] - Added data to batch for client 0: {'round': 5, 'step_no': 542, 'loss': 0.2158905267715454, 'accuracy': 0.9544454216957092, 'l2_norm': 2.7721197605133057, 'computation_time': 0.05883002281188965, 'batch_time': 0.06335614761337638, 'rtc_check_time': 0.002401100005954504, 'experiment_id': 'exp_20240620_221414', 'client_id': '0'}
[2024-06-20 22:15:19,288][root][INFO] - Added data to batch for client 0: {'round': 5, 'step_no': 543, 'loss': 0.03006676584482193, 'accuracy': 0.9547640085220337, 'l2_norm': 2.776982545852661, 'computation_time': 0.04364299774169922, 'batch_time': 0.047611605885322206, 'rtc_check_time': 0.00277579999237787, 'experiment_id': 'exp_20240620_221414', 'client_id': '0'}
[2024-06-20 22:15:19,289][root][INFO] - Added data to batch for client 0: {'round': 5, 'step_no': 544, 'loss': 0.018184836953878403, 'accuracy': 0.955078125, 'l2_norm': 2.7813239097595215, 'computation_time': 0.04440593719482422, 'batch_time': 0.051533863399527036, 'rtc_check_time': 0.005949900005361997, 'experiment_id': 'exp_20240620_221414', 'client_id': '0'}
[2024-06-20 22:15:19,290][root][INFO] - Added data to batch for client 0: {'round': 5, 'step_no': 545, 'loss': 0.07826825976371765, 'accuracy': 0.9551724195480347, 'l2_norm': 2.809356212615967, 'computation_time': 0.04811596870422363, 'batch_time': 0.05728748076944612, 'rtc_check_time': 0.008000400004675612, 'experiment_id': 'exp_20240620_221414', 'client_id': '0'}
[2024-06-20 22:15:19,291][root][INFO] - Added data to batch for client 0: {'round': 5, 'step_no': 546, 'loss': 0.43954360485076904, 'accuracy': 0.9544092416763306, 'l2_norm': 2.887925148010254, 'computation_time': 0.049542903900146484, 'batch_time': 0.06166696087166201, 'rtc_check_time': 0.01081799999519717, 'experiment_id': 'exp_20240620_221414', 'client_id': '0'}
[2024-06-20 22:15:19,292][root][INFO] - Added data to batch for client 0: {'round': 5, 'step_no': 547, 'loss': 0.20723633468151093, 'accuracy': 0.9542942047119141, 'l2_norm': 2.9219415187835693, 'computation_time': 0.046743154525756836, 'batch_time': 0.050754784810123965, 'rtc_check_time': 0.002770899998722598, 'experiment_id': 'exp_20240620_221414', 'client_id': '0'}
[2024-06-20 22:15:19,293][root][INFO] - Added data to batch for client 0: {'round': 5, 'step_no': 548, 'loss': 0.11505065858364105, 'accuracy': 0.9543918967247009, 'l2_norm': 2.8869450092315674, 'computation_time': 0.04257917404174805, 'batch_time': 0.047876639931928366, 'rtc_check_time': 0.0037847000057809055, 'experiment_id': 'exp_20240620_221414', 'client_id': '0'}
[2024-06-20 22:15:19,295][root][INFO] - Added data to batch for client 0: {'round': 5, 'step_no': 549, 'loss': 0.2304966300725937, 'accuracy': 0.9542785286903381, 'l2_norm': 2.9272916316986084, 'computation_time': 0.05182290077209473, 'batch_time': 0.05481250034063123, 'rtc_check_time': 0.0015783999988343567, 'experiment_id': 'exp_20240620_221414', 'client_id': '0'}
[2024-06-20 22:15:19,296][root][INFO] - Added data to batch for client 0: {'round': 5, 'step_no': 550, 'loss': 0.38922637701034546, 'accuracy': 0.9539583325386047, 'l2_norm': 2.9838805198669434, 'computation_time': 0.0478060245513916, 'batch_time': 0.05196651200822089, 'rtc_check_time': 0.0025966999965021387, 'experiment_id': 'exp_20240620_221414', 'client_id': '0'}
[2024-06-20 22:15:19,297][root][INFO] - Added data to batch for client 0: {'round': 5, 'step_no': 551, 'loss': 0.1023331731557846, 'accuracy': 0.9540562629699707, 'l2_norm': 2.9801435470581055, 'computation_time': 0.04816389083862305, 'batch_time': 0.05388548024347983, 'rtc_check_time': 0.004040500003611669, 'experiment_id': 'exp_20240620_221414', 'client_id': '0'}
[2024-06-20 22:15:19,299][root][INFO] - Added data to batch for client 0: {'round': 5, 'step_no': 552, 'loss': 0.14618706703186035, 'accuracy': 0.9539473652839661, 'l2_norm': 3.014573097229004, 'computation_time': 0.04922008514404297, 'batch_time': 0.05303859506966546, 'rtc_check_time': 0.00259280001046136, 'experiment_id': 'exp_20240620_221414', 'client_id': '0'}
[2024-06-20 22:15:19,300][root][INFO] - Added data to batch for client 0: {'round': 5, 'step_no': 553, 'loss': 0.1632671356201172, 'accuracy': 0.9540441036224365, 'l2_norm': 3.0159029960632324, 'computation_time': 0.055129051208496094, 'batch_time': 0.05834858966409229, 'rtc_check_time': 0.0018533999973442405, 'experiment_id': 'exp_20240620_221414', 'client_id': '0'}
[2024-06-20 22:15:19,301][root][INFO] - Added data to batch for client 0: {'round': 5, 'step_no': 554, 'loss': 0.10284510254859924, 'accuracy': 0.9541395902633667, 'l2_norm': 3.0273125171661377, 'computation_time': 0.04815387725830078, 'batch_time': 0.05334820794814732, 'rtc_check_time': 0.0034862999891629443, 'experiment_id': 'exp_20240620_221414', 'client_id': '0'}
[2024-06-20 22:15:19,302][root][INFO] - Added data to batch for client 0: {'round': 5, 'step_no': 555, 'loss': 0.07411803305149078, 'accuracy': 0.9542338848114014, 'l2_norm': 3.042191505432129, 'computation_time': 0.04829692840576172, 'batch_time': 0.05290170137595851, 'rtc_check_time': 0.003216700002667494, 'experiment_id': 'exp_20240620_221414', 'client_id': '0'}
[2024-06-20 22:15:19,304][root][INFO] - Added data to batch for client 0: {'round': 5, 'step_no': 556, 'loss': 0.021748775616288185, 'accuracy': 0.9545272588729858, 'l2_norm': 3.0450000762939453, 'computation_time': 0.039769887924194336, 'batch_time': 0.04314966418314725, 'rtc_check_time': 0.002308800001628697, 'experiment_id': 'exp_20240620_221414', 'client_id': '0'}
[2024-06-20 22:15:19,305][root][INFO] - Added data to batch for client 0: {'round': 5, 'step_no': 557, 'loss': 0.13518814742565155, 'accuracy': 0.9542197585105896, 'l2_norm': 3.0612916946411133, 'computation_time': 0.039813995361328125, 'batch_time': 0.04233501477574464, 'rtc_check_time': 0.0013480000052368268, 'experiment_id': 'exp_20240620_221414', 'client_id': '0'}
[2024-06-20 22:15:19,306][root][INFO] - Added data to batch for client 0: {'round': 5, 'step_no': 558, 'loss': 0.09859652072191238, 'accuracy': 0.954311728477478, 'l2_norm': 3.089205503463745, 'computation_time': 0.04076409339904785, 'batch_time': 0.045252049079863355, 'rtc_check_time': 0.003260099998442456, 'experiment_id': 'exp_20240620_221414', 'client_id': '0'}
[2024-06-20 22:15:19,308][root][INFO] - Added data to batch for client 0: {'round': 5, 'step_no': 559, 'loss': 0.03206270933151245, 'accuracy': 0.9545990824699402, 'l2_norm': 3.0881292819976807, 'computation_time': 0.03815317153930664, 'batch_time': 0.04323923960328102, 'rtc_check_time': 0.003884200006723404, 'experiment_id': 'exp_20240620_221414', 'client_id': '0'}
[2024-06-20 22:15:19,309][root][INFO] - Added data to batch for client 0: {'round': 5, 'step_no': 560, 'loss': 0.24868494272232056, 'accuracy': 0.9544922113418579, 'l2_norm': 3.135178565979004, 'computation_time': 0.039441823959350586, 'batch_time': 0.042918147752061486, 'rtc_check_time': 0.002370300004258752, 'experiment_id': 'exp_20240620_221414', 'client_id': '0'}
[2024-06-20 22:15:19,310][root][INFO] - Added data to batch for client 0: {'round': 5, 'step_no': 561, 'loss': 0.1322656124830246, 'accuracy': 0.9543866515159607, 'l2_norm': 3.1521530151367188, 'computation_time': 0.04218292236328125, 'batch_time': 0.04820415796712041, 'rtc_check_time': 0.004938099998980761, 'experiment_id': 'exp_20240620_221414', 'client_id': '0'}
[2024-06-20 22:15:19,311][root][INFO] - Added data to batch for client 0: {'round': 5, 'step_no': 562, 'loss': 0.04158400371670723, 'accuracy': 0.9546682238578796, 'l2_norm': 3.1467325687408447, 'computation_time': 0.043135881423950195, 'batch_time': 0.048183663791860454, 'rtc_check_time': 0.0037545999948633835, 'experiment_id': 'exp_20240620_221414', 'client_id': '0'}
[2024-06-20 22:15:19,314][root][INFO] - Added data to batch for client 0: {'round': 5, 'step_no': 563, 'loss': 0.19480010867118835, 'accuracy': 0.9547545909881592, 'l2_norm': 3.1845364570617676, 'computation_time': 0.04545116424560547, 'batch_time': 0.0514154709817376, 'rtc_check_time': 0.0038244999886956066, 'experiment_id': 'exp_20240620_221414', 'client_id': '0'}
[2024-06-20 22:15:19,316][root][INFO] - Added data to batch for client 0: {'round': 5, 'step_no': 564, 'loss': 0.11366987973451614, 'accuracy': 0.9548399448394775, 'l2_norm': 3.2131335735321045, 'computation_time': 0.04824399948120117, 'batch_time': 0.051282950676977634, 'rtc_check_time': 0.0015300000086426735, 'experiment_id': 'exp_20240620_221414', 'client_id': '0'}
[2024-06-20 22:15:19,317][root][INFO] - Added data to batch for client 0: {'round': 5, 'step_no': 565, 'loss': 0.05916871130466461, 'accuracy': 0.9549242258071899, 'l2_norm': 3.24082350730896, 'computation_time': 0.04125189781188965, 'batch_time': 0.04378148958494421, 'rtc_check_time': 0.0013312999944901094, 'experiment_id': 'exp_20240620_221414', 'client_id': '0'}
[2024-06-20 22:15:19,319][root][INFO] - Added data to batch for client 0: {'round': 5, 'step_no': 566, 'loss': 0.05505146086215973, 'accuracy': 0.9551957845687866, 'l2_norm': 3.2630326747894287, 'computation_time': 0.04380607604980469, 'batch_time': 0.049640260098385625, 'rtc_check_time': 0.004550300000119023, 'experiment_id': 'exp_20240620_221414', 'client_id': '0'}
[2024-06-20 22:15:19,320][root][INFO] - Added data to batch for client 0: {'round': 5, 'step_no': 567, 'loss': 0.09665045142173767, 'accuracy': 0.9552769660949707, 'l2_norm': 3.2813055515289307, 'computation_time': 0.04099297523498535, 'batch_time': 0.04375465009070467, 'rtc_check_time': 0.001554800008307211, 'experiment_id': 'exp_20240620_221414', 'client_id': '0'}
[2024-06-20 22:15:19,322][root][INFO] - Added data to batch for client 0: {'round': 5, 'step_no': 568, 'loss': 0.21176494657993317, 'accuracy': 0.9551711082458496, 'l2_norm': 3.3606932163238525, 'computation_time': 0.0390169620513916, 'batch_time': 0.045482191984774545, 'rtc_check_time': 0.005393300001742318, 'experiment_id': 'exp_20240620_221414', 'client_id': '0'}
[2024-06-20 22:15:19,323][root][INFO] - Added data to batch for client 0: {'round': 5, 'step_no': 569, 'loss': 0.16819418966770172, 'accuracy': 0.9550665616989136, 'l2_norm': 3.4198577404022217, 'computation_time': 0.043775081634521484, 'batch_time': 0.046685734152561054, 'rtc_check_time': 0.0015798000094946474, 'experiment_id': 'exp_20240620_221414', 'client_id': '0'}
[2024-06-20 22:15:19,324][root][INFO] - Added data to batch for client 0: {'round': 5, 'step_no': 570, 'loss': 0.06553120911121368, 'accuracy': 0.9553309082984924, 'l2_norm': 3.4242279529571533, 'computation_time': 0.04125690460205078, 'batch_time': 0.04460634205315728, 'rtc_check_time': 0.0021911999938311055, 'experiment_id': 'exp_20240620_221414', 'client_id': '0'}
[2024-06-20 22:15:19,325][root][INFO] - Added data to batch for client 0: {'round': 5, 'step_no': 571, 'loss': 0.22778190672397614, 'accuracy': 0.9554093480110168, 'l2_norm': 3.4695096015930176, 'computation_time': 0.04365897178649902, 'batch_time': 0.04680210223887116, 'rtc_check_time': 0.0018179999897256494, 'experiment_id': 'exp_20240620_221414', 'client_id': '0'}
[2024-06-20 22:15:19,327][root][INFO] - Added data to batch for client 0: {'round': 5, 'step_no': 572, 'loss': 0.09772340953350067, 'accuracy': 0.9554868936538696, 'l2_norm': 3.5072953701019287, 'computation_time': 0.044899940490722656, 'batch_time': 0.04950596910202876, 'rtc_check_time': 0.003356000001076609, 'experiment_id': 'exp_20240620_221414', 'client_id': '0'}
[2024-06-20 22:15:19,328][root][INFO] - Added data to batch for client 0: {'round': 5, 'step_no': 573, 'loss': 0.29170939326286316, 'accuracy': 0.9555636048316956, 'l2_norm': 3.5199382305145264, 'computation_time': 0.0425260066986084, 'batch_time': 0.04513482611218933, 'rtc_check_time': 0.0014358000044012442, 'experiment_id': 'exp_20240620_221414', 'client_id': '0'}
[2024-06-20 22:15:19,329][root][INFO] - Added data to batch for client 0: {'round': 5, 'step_no': 574, 'loss': 0.24686290323734283, 'accuracy': 0.9552801847457886, 'l2_norm': 3.570570230484009, 'computation_time': 0.0393528938293457, 'batch_time': 0.04227064180304296, 'rtc_check_time': 0.001860599993960932, 'experiment_id': 'exp_20240620_221414', 'client_id': '0'}
[2024-06-20 22:15:19,331][root][INFO] - Added data to batch for client 0: {'round': 5, 'step_no': 575, 'loss': 0.12717247009277344, 'accuracy': 0.9551785588264465, 'l2_norm': 3.563990831375122, 'computation_time': 0.0377810001373291, 'batch_time': 0.042655572018702514, 'rtc_check_time': 0.003736600003321655, 'experiment_id': 'exp_20240620_221414', 'client_id': '0'}
[2024-06-20 22:15:19,332][root][INFO] - Added data to batch for client 0: {'round': 5, 'step_no': 576, 'loss': 0.06767725199460983, 'accuracy': 0.9552556872367859, 'l2_norm': 3.6040549278259277, 'computation_time': 0.03826498985290527, 'batch_time': 0.04301372842746787, 'rtc_check_time': 0.0035967000003438443, 'experiment_id': 'exp_20240620_221414', 'client_id': '0'}
[2024-06-20 22:15:19,333][root][INFO] - Added data to batch for client 0: {'round': 5, 'step_no': 577, 'loss': 0.1209065318107605, 'accuracy': 0.9551553726196289, 'l2_norm': 3.640799045562744, 'computation_time': 0.04320096969604492, 'batch_time': 0.0462610215327004, 'rtc_check_time': 0.0015120000025490299, 'experiment_id': 'exp_20240620_221414', 'client_id': '0'}
[2024-06-20 22:15:19,335][root][INFO] - Added data to batch for client 0: {'round': 5, 'step_no': 578, 'loss': 0.09221531450748444, 'accuracy': 0.9552317261695862, 'l2_norm': 3.644676923751831, 'computation_time': 0.03983592987060547, 'batch_time': 0.04276139504509047, 'rtc_check_time': 0.0017502999980933964, 'experiment_id': 'exp_20240620_221414', 'client_id': '0'}
[2024-06-20 22:15:19,336][root][INFO] - Added data to batch for client 0: {'round': 5, 'step_no': 579, 'loss': 0.11364108324050903, 'accuracy': 0.9549580812454224, 'l2_norm': 3.65405535697937, 'computation_time': 0.04152989387512207, 'batch_time': 0.04551444349635858, 'rtc_check_time': 0.0026803999935509637, 'experiment_id': 'exp_20240620_221414', 'client_id': '0'}
[2024-06-20 22:15:19,338][root][INFO] - Added data to batch for client 0: {'round': 5, 'step_no': 580, 'loss': 0.1462298184633255, 'accuracy': 0.9550347328186035, 'l2_norm': 3.6806650161743164, 'computation_time': 0.03910493850708008, 'batch_time': 0.04184172516397666, 'rtc_check_time': 0.0015527999930782244, 'experiment_id': 'exp_20240620_221414', 'client_id': '0'}
[2024-06-20 22:15:19,339][root][INFO] - Added data to batch for client 0: {'round': 5, 'step_no': 581, 'loss': 0.3441494405269623, 'accuracy': 0.9549378156661987, 'l2_norm': 3.746265411376953, 'computation_time': 0.043643951416015625, 'batch_time': 0.04660636215703562, 'rtc_check_time': 0.0016132000018842518, 'experiment_id': 'exp_20240620_221414', 'client_id': '0'}
[2024-06-20 22:15:19,340][root][INFO] - Added data to batch for client 0: {'round': 5, 'step_no': 582, 'loss': 0.0585055872797966, 'accuracy': 0.9551854133605957, 'l2_norm': 3.770570993423462, 'computation_time': 0.05851411819458008, 'batch_time': 0.06239880048087798, 'rtc_check_time': 0.002633700001752004, 'experiment_id': 'exp_20240620_221414', 'client_id': '0'}
[2024-06-20 22:15:19,342][root][INFO] - Added data to batch for client 0: {'round': 5, 'step_no': 583, 'loss': 0.07383763045072556, 'accuracy': 0.9552595615386963, 'l2_norm': 3.806450605392456, 'computation_time': 0.043032169342041016, 'batch_time': 0.04822947070351802, 'rtc_check_time': 0.004009500000393018, 'experiment_id': 'exp_20240620_221414', 'client_id': '0'}
[2024-06-20 22:15:19,343][root][INFO] - Added data to batch for client 0: {'round': 5, 'step_no': 584, 'loss': 0.24950645864009857, 'accuracy': 0.95533287525177, 'l2_norm': 3.84260630607605, 'computation_time': 0.05550098419189453, 'batch_time': 0.05870549363316968, 'rtc_check_time': 0.00193349999608472, 'experiment_id': 'exp_20240620_221414', 'client_id': '0'}
[2024-06-20 22:15:19,344][root][INFO] - Added data to batch for client 0: {'round': 5, 'step_no': 585, 'loss': 0.10348457098007202, 'accuracy': 0.9552364945411682, 'l2_norm': 3.896449089050293, 'computation_time': 0.04898214340209961, 'batch_time': 0.05235131914378144, 'rtc_check_time': 0.001740300009259954, 'experiment_id': 'exp_20240620_221414', 'client_id': '0'}
[2024-06-20 22:15:19,345][root][INFO] - Added data to batch for client 0: {'round': 5, 'step_no': 586, 'loss': 0.24722470343112946, 'accuracy': 0.9549731016159058, 'l2_norm': 3.9322876930236816, 'computation_time': 0.04494595527648926, 'batch_time': 0.05144082386686932, 'rtc_check_time': 0.005039800002123229, 'experiment_id': 'exp_20240620_221414', 'client_id': '0'}
[2024-06-20 22:15:19,347][root][INFO] - Added data to batch for client 0: {'round': 5, 'step_no': 587, 'loss': 0.08098509907722473, 'accuracy': 0.9552139043807983, 'l2_norm': 3.9583065509796143, 'computation_time': 0.046948909759521484, 'batch_time': 0.05169450244284235, 'rtc_check_time': 0.003381599992280826, 'experiment_id': 'exp_20240620_221414', 'client_id': '0'}
[2024-06-20 22:15:19,348][root][INFO] - Added data to batch for client 0: {'round': 5, 'step_no': 588, 'loss': 0.0828355923295021, 'accuracy': 0.955285906791687, 'l2_norm': 3.9486570358276367, 'computation_time': 0.04351496696472168, 'batch_time': 0.04592102581227664, 'rtc_check_time': 0.0012811999913537875, 'experiment_id': 'exp_20240620_221414', 'client_id': '0'}
[2024-06-20 22:15:19,349][root][INFO] - Added data to batch for client 0: {'round': 5, 'step_no': 589, 'loss': 0.04640533775091171, 'accuracy': 0.9553571343421936, 'l2_norm': 3.9877114295959473, 'computation_time': 0.039842844009399414, 'batch_time': 0.04247564193792641, 'rtc_check_time': 0.0014686000067740679, 'experiment_id': 'exp_20240620_221414', 'client_id': '0'}
[2024-06-20 22:15:19,350][root][INFO] - Added data to batch for client 0: {'round': 5, 'step_no': 590, 'loss': 0.08346977829933167, 'accuracy': 0.9552631378173828, 'l2_norm': 4.060887813568115, 'computation_time': 0.0392458438873291, 'batch_time': 0.04429387950222008, 'rtc_check_time': 0.003964900010032579, 'experiment_id': 'exp_20240620_221414', 'client_id': '0'}
[2024-06-20 22:15:19,351][root][INFO] - Added data to batch for client 0: {'round': 5, 'step_no': 591, 'loss': 0.07639892399311066, 'accuracy': 0.9553337693214417, 'l2_norm': 4.053981781005859, 'computation_time': 0.04266095161437988, 'batch_time': 0.04620362032437697, 'rtc_check_time': 0.002301700005773455, 'experiment_id': 'exp_20240620_221414', 'client_id': '0'}
[2024-06-20 22:15:19,353][root][INFO] - Added data to batch for client 0: {'round': 5, 'step_no': 592, 'loss': 0.0556027777493, 'accuracy': 0.9554036259651184, 'l2_norm': 4.084263801574707, 'computation_time': 0.052459001541137695, 'batch_time': 0.05752668205241207, 'rtc_check_time': 0.003849599990644492, 'experiment_id': 'exp_20240620_221414', 'client_id': '0'}
[2024-06-20 22:15:19,354][root][INFO] - Added data to batch for client 0: {'round': 5, 'step_no': 593, 'loss': 0.1179804652929306, 'accuracy': 0.9553108811378479, 'l2_norm': 4.100111961364746, 'computation_time': 0.03954195976257324, 'batch_time': 0.044872683778521605, 'rtc_check_time': 0.004049700990435667, 'experiment_id': 'exp_20240620_221414', 'client_id': '0'}
[2024-06-20 22:15:19,355][root][INFO] - Added data to batch for client 0: {'round': 5, 'step_no': 594, 'loss': 0.05211315304040909, 'accuracy': 0.9555412530899048, 'l2_norm': 4.114099025726318, 'computation_time': 0.0411829948425293, 'batch_time': 0.0474443334096577, 'rtc_check_time': 0.005109299992909655, 'experiment_id': 'exp_20240620_221414', 'client_id': '0'}
[2024-06-20 22:15:19,356][root][INFO] - Added data to batch for client 0: {'round': 5, 'step_no': 595, 'loss': 0.06264453381299973, 'accuracy': 0.9556089639663696, 'l2_norm': 4.126253604888916, 'computation_time': 0.03884100914001465, 'batch_time': 0.045690557919442654, 'rtc_check_time': 0.005412600003182888, 'experiment_id': 'exp_20240620_221414', 'client_id': '0'}
[2024-06-20 22:15:19,357][root][INFO] - Added data to batch for client 0: {'round': 5, 'step_no': 596, 'loss': 0.13117274641990662, 'accuracy': 0.9555165767669678, 'l2_norm': 4.211320400238037, 'computation_time': 0.04934406280517578, 'batch_time': 0.05204907512234058, 'rtc_check_time': 0.0016152009920915589, 'experiment_id': 'exp_20240620_221414', 'client_id': '0'}
[2024-06-20 22:15:19,359][root][INFO] - Added data to batch for client 0: {'round': 5, 'step_no': 597, 'loss': 0.1007394790649414, 'accuracy': 0.9555837512016296, 'l2_norm': 4.2581939697265625, 'computation_time': 0.044209957122802734, 'batch_time': 0.050723437656415626, 'rtc_check_time': 0.005295400012983009, 'experiment_id': 'exp_20240620_221414', 'client_id': '0'}
[2024-06-20 22:15:19,360][root][INFO] - Added data to batch for client 0: {'round': 5, 'step_no': 598, 'loss': 0.10988769680261612, 'accuracy': 0.955650269985199, 'l2_norm': 4.2712721824646, 'computation_time': 0.04206395149230957, 'batch_time': 0.04503531099180691, 'rtc_check_time': 0.001807399996323511, 'experiment_id': 'exp_20240620_221414', 'client_id': '0'}
[2024-06-20 22:15:19,361][root][INFO] - Added data to batch for client 0: {'round': 5, 'step_no': 599, 'loss': 0.33136650919914246, 'accuracy': 0.9555590748786926, 'l2_norm': 4.2612738609313965, 'computation_time': 0.04044604301452637, 'batch_time': 0.04434178475639783, 'rtc_check_time': 0.0028466999938245863, 'experiment_id': 'exp_20240620_221414', 'client_id': '0'}
[2024-06-20 22:15:19,362][root][INFO] - Added data to batch for client 0: {'round': 5, 'step_no': 600, 'loss': 0.02179083228111267, 'accuracy': 0.9557812213897705, 'l2_norm': 4.270149230957031, 'computation_time': 0.03825783729553223, 'batch_time': 0.0415688995126402, 'rtc_check_time': 0.002204800010076724, 'experiment_id': 'exp_20240620_221414', 'client_id': '0'}
[2024-06-20 22:15:19,363][root][INFO] - Added data to batch for client 0: {'round': 5, 'step_no': 601, 'loss': 0.06094953045248985, 'accuracy': 0.9558457732200623, 'l2_norm': 4.287187099456787, 'computation_time': 0.040051937103271484, 'batch_time': 0.043959474365692586, 'rtc_check_time': 0.002577400009613484, 'experiment_id': 'exp_20240620_221414', 'client_id': '0'}
[2024-06-20 22:15:19,364][root][INFO] - Added data to batch for client 0: {'round': 5, 'step_no': 602, 'loss': 0.09430129081010818, 'accuracy': 0.9557549357414246, 'l2_norm': 4.30873966217041, 'computation_time': 0.04536795616149902, 'batch_time': 0.05354942446865607, 'rtc_check_time': 0.00497449999966193, 'experiment_id': 'exp_20240620_221414', 'client_id': '0'}
[2024-06-20 22:15:19,365][root][INFO] - Added data to batch for client 0: {'round': 5, 'step_no': 603, 'loss': 0.030818181112408638, 'accuracy': 0.9559729099273682, 'l2_norm': 4.330600261688232, 'computation_time': 0.049387216567993164, 'batch_time': 0.05607392375532072, 'rtc_check_time': 0.00433589999738615, 'experiment_id': 'exp_20240620_221414', 'client_id': '0'}
[2024-06-20 22:15:19,367][root][INFO] - Added data to batch for client 0: {'round': 5, 'step_no': 604, 'loss': 0.11713280528783798, 'accuracy': 0.9560355544090271, 'l2_norm': 4.353496551513672, 'computation_time': 0.043621063232421875, 'batch_time': 0.04960890478105284, 'rtc_check_time': 0.004766900005051866, 'experiment_id': 'exp_20240620_221414', 'client_id': '0'}
[2024-06-20 22:15:19,368][root][INFO] - Added data to batch for client 0: {'round': 5, 'step_no': 605, 'loss': 0.021656112745404243, 'accuracy': 0.956250011920929, 'l2_norm': 4.369038105010986, 'computation_time': 0.040151119232177734, 'batch_time': 0.042451216431800276, 'rtc_check_time': 0.0012172000133432448, 'experiment_id': 'exp_20240620_221414', 'client_id': '0'}
[2024-06-20 22:15:19,369][root][INFO] - Added data to batch for client 0: {'round': 5, 'step_no': 606, 'loss': 0.03367960825562477, 'accuracy': 0.9564623832702637, 'l2_norm': 4.386092662811279, 'computation_time': 0.04114413261413574, 'batch_time': 0.04441063276317436, 'rtc_check_time': 0.002114699993398972, 'experiment_id': 'exp_20240620_221414', 'client_id': '0'}
[2024-06-20 22:15:19,370][root][INFO] - Added data to batch for client 0: {'round': 5, 'step_no': 607, 'loss': 0.2516981363296509, 'accuracy': 0.95652174949646, 'l2_norm': 4.425649642944336, 'computation_time': 0.04027199745178223, 'batch_time': 0.043246767920209095, 'rtc_check_time': 0.0017009000002872199, 'experiment_id': 'exp_20240620_221414', 'client_id': '0'}
[2024-06-20 22:15:19,372][root][INFO] - Added data to batch for client 0: {'round': 5, 'step_no': 608, 'loss': 0.06294061988592148, 'accuracy': 0.9565805196762085, 'l2_norm': 4.42437744140625, 'computation_time': 0.03803300857543945, 'batch_time': 0.04218815217609517, 'rtc_check_time': 0.0030310000001918525, 'experiment_id': 'exp_20240620_221414', 'client_id': '0'}
[2024-06-20 22:15:19,373][root][INFO] - Added data to batch for client 0: {'round': 5, 'step_no': 609, 'loss': 0.1246175765991211, 'accuracy': 0.9564892053604126, 'l2_norm': 4.447256088256836, 'computation_time': 0.043408870697021484, 'batch_time': 0.04613642406184226, 'rtc_check_time': 0.0015295000048354268, 'experiment_id': 'exp_20240620_221414', 'client_id': '0'}
[2024-06-20 22:15:19,374][root][INFO] - Added data to batch for client 0: {'round': 5, 'step_no': 610, 'loss': 0.01091737486422062, 'accuracy': 0.9566964507102966, 'l2_norm': 4.450005054473877, 'computation_time': 0.04603981971740723, 'batch_time': 0.05181562683719676, 'rtc_check_time': 0.004534599996986799, 'experiment_id': 'exp_20240620_221414', 'client_id': '0'}
[2024-06-20 22:15:19,375][root][INFO] - Added data to batch for client 0: {'round': 5, 'step_no': 611, 'loss': 0.053694844245910645, 'accuracy': 0.9567535519599915, 'l2_norm': 4.452294826507568, 'computation_time': 0.04687690734863281, 'batch_time': 0.051561885222326964, 'rtc_check_time': 0.0031106999958865345, 'experiment_id': 'exp_20240620_221414', 'client_id': '0'}
[2024-06-20 22:15:19,376][root][INFO] - Added data to batch for client 0: {'round': 5, 'step_no': 612, 'loss': 0.1836191564798355, 'accuracy': 0.9566627144813538, 'l2_norm': 4.51650333404541, 'computation_time': 0.04259800910949707, 'batch_time': 0.049428142097895034, 'rtc_check_time': 0.00564709999889601, 'experiment_id': 'exp_20240620_221414', 'client_id': '0'}
[2024-06-20 22:15:19,378][root][INFO] - Added data to batch for client 0: {'round': 5, 'step_no': 613, 'loss': 0.22521179914474487, 'accuracy': 0.9567194581031799, 'l2_norm': 4.54958438873291, 'computation_time': 0.0393829345703125, 'batch_time': 0.04569010513660032, 'rtc_check_time': 0.004991100009647198, 'experiment_id': 'exp_20240620_221414', 'client_id': '0'}
[2024-06-20 22:15:19,379][root][INFO] - Added data to batch for client 0: {'round': 5, 'step_no': 614, 'loss': 0.19182679057121277, 'accuracy': 0.9564836621284485, 'l2_norm': 4.617264270782471, 'computation_time': 0.0437009334564209, 'batch_time': 0.047802493048948236, 'rtc_check_time': 0.0028954000008525327, 'experiment_id': 'exp_20240620_221414', 'client_id': '0'}
[2024-06-20 22:15:19,380][root][INFO] - Added data to batch for client 0: {'round': 5, 'step_no': 615, 'loss': 0.02304849401116371, 'accuracy': 0.9566860198974609, 'l2_norm': 4.6060028076171875, 'computation_time': 0.04356193542480469, 'batch_time': 0.046145779590005986, 'rtc_check_time': 0.001462800006265752, 'experiment_id': 'exp_20240620_221414', 'client_id': '0'}
[2024-06-20 22:15:19,382][root][INFO] - Added data to batch for client 0: {'round': 5, 'step_no': 616, 'loss': 0.07064705342054367, 'accuracy': 0.9567418694496155, 'l2_norm': 4.614854335784912, 'computation_time': 0.040606021881103516, 'batch_time': 0.045689835053053685, 'rtc_check_time': 0.0039188999944599345, 'experiment_id': 'exp_20240620_221414', 'client_id': '0'}
[2024-06-20 22:15:19,383][root][INFO] - Added data to batch for client 0: {'round': 5, 'step_no': 617, 'loss': 0.044087592512369156, 'accuracy': 0.9567972421646118, 'l2_norm': 4.631288528442383, 'computation_time': 0.046668052673339844, 'batch_time': 0.05026802454085555, 'rtc_check_time': 0.0024619999894639477, 'experiment_id': 'exp_20240620_221414', 'client_id': '0'}
[2024-06-20 22:15:19,384][root][INFO] - Added data to batch for client 0: {'round': 5, 'step_no': 618, 'loss': 0.24249988794326782, 'accuracy': 0.9567087292671204, 'l2_norm': 4.659884929656982, 'computation_time': 0.04674887657165527, 'batch_time': 0.0507575645315228, 'rtc_check_time': 0.0027465000021038577, 'experiment_id': 'exp_20240620_221414', 'client_id': '0'}
[2024-06-20 22:15:19,386][root][INFO] - Added data to batch for client 0: {'round': 5, 'step_no': 619, 'loss': 0.22738058865070343, 'accuracy': 0.956620991230011, 'l2_norm': 4.75389289855957, 'computation_time': 0.03846907615661621, 'batch_time': 0.04326748692255933, 'rtc_check_time': 0.003705499999341555, 'experiment_id': 'exp_20240620_221414', 'client_id': '0'}
[2024-06-20 22:15:19,387][root][INFO] - Added data to batch for client 0: {'round': 5, 'step_no': 620, 'loss': 0.21574023365974426, 'accuracy': 0.9565340876579285, 'l2_norm': 4.765732288360596, 'computation_time': 0.040067195892333984, 'batch_time': 0.04465469789283816, 'rtc_check_time': 0.0033605999924475327, 'experiment_id': 'exp_20240620_221414', 'client_id': '0'}
[2024-06-20 22:15:19,388][root][INFO] - Added data to batch for client 0: {'round': 5, 'step_no': 621, 'loss': 0.1412508189678192, 'accuracy': 0.9565893411636353, 'l2_norm': 4.830295562744141, 'computation_time': 0.04188394546508789, 'batch_time': 0.04750235611572862, 'rtc_check_time': 0.0043114000000059605, 'experiment_id': 'exp_20240620_221414', 'client_id': '0'}
[2024-06-20 22:15:19,389][root][INFO] - Added data to batch for client 0: {'round': 5, 'step_no': 622, 'loss': 0.1954389214515686, 'accuracy': 0.9563626050949097, 'l2_norm': 4.866186618804932, 'computation_time': 0.04609203338623047, 'batch_time': 0.04994930527755059, 'rtc_check_time': 0.0019082000071648508, 'experiment_id': 'exp_20240620_221414', 'client_id': '0'}
[2024-06-20 22:15:19,390][root][INFO] - Added data to batch for client 0: {'round': 5, 'step_no': 623, 'loss': 0.04487421736121178, 'accuracy': 0.9565582871437073, 'l2_norm': 4.877589225769043, 'computation_time': 0.042073965072631836, 'batch_time': 0.0460598312492948, 'rtc_check_time': 0.0026027999992948025, 'experiment_id': 'exp_20240620_221414', 'client_id': '0'}
[2024-06-20 22:15:19,391][root][INFO] - Added data to batch for client 0: {'round': 5, 'step_no': 624, 'loss': 0.1994098424911499, 'accuracy': 0.9563336968421936, 'l2_norm': 4.94687557220459, 'computation_time': 0.04916191101074219, 'batch_time': 0.0536377322714543, 'rtc_check_time': 0.00322769999911543, 'experiment_id': 'exp_20240620_221414', 'client_id': '0'}
[2024-06-20 22:15:19,392][root][INFO] - Added data to batch for client 0: {'round': 5, 'step_no': 625, 'loss': 0.06807414442300797, 'accuracy': 0.9563888907432556, 'l2_norm': 4.9502105712890625, 'computation_time': 0.038906097412109375, 'batch_time': 0.04460346623091027, 'rtc_check_time': 0.004670499998610467, 'experiment_id': 'exp_20240620_221414', 'client_id': '0'}
[2024-06-20 22:15:19,393][root][INFO] - Added data to batch for client 0: {'round': 5, 'step_no': 626, 'loss': 0.014775441028177738, 'accuracy': 0.9565818309783936, 'l2_norm': 4.953948974609375, 'computation_time': 0.03845691680908203, 'batch_time': 0.041615330846980214, 'rtc_check_time': 0.002126300008967519, 'experiment_id': 'exp_20240620_221414', 'client_id': '0'}
[2024-06-20 22:15:19,394][root][INFO] - Added data to batch for client 0: {'round': 5, 'step_no': 627, 'loss': 0.029447808861732483, 'accuracy': 0.9567731022834778, 'l2_norm': 4.958949565887451, 'computation_time': 0.0399320125579834, 'batch_time': 0.04292131641705055, 'rtc_check_time': 0.0016872999985935166, 'experiment_id': 'exp_20240620_221414', 'client_id': '0'}
[2024-06-20 22:15:19,396][root][INFO] - Added data to batch for client 0: {'round': 5, 'step_no': 628, 'loss': 0.26230064034461975, 'accuracy': 0.9568256735801697, 'l2_norm': 5.02003812789917, 'computation_time': 0.04362201690673828, 'batch_time': 0.04746269987663254, 'rtc_check_time': 0.0019958000048063695, 'experiment_id': 'exp_20240620_221414', 'client_id': '0'}
[2024-06-20 22:15:19,396][root][INFO] - Added batch data list for client 0. New Data Added: 228
[2024-06-20 22:15:19,402][root][INFO] - Batch data saved to /home/psklavos/fl/geom_aio/csv_logs/exp_20240620_221414/clients/client_0/batch.csv
[2024-06-20 22:15:19,403][root][INFO] - Appended data to last row of column distributed_loss in server data for client None
[2024-06-20 22:15:19,403][root][INFO] - Appended data to last row of column distributed_acc in server data for client None
[2024-06-20 22:15:19,403][root][INFO] - Appended {'distributed_loss': 0.09567083915074666, 'distributed_acc': 0.9708333214124044} to the last row of server data
[2024-06-20 22:15:19,404][root][INFO] - Server data saved to /home/psklavos/fl/geom_aio/csv_logs/exp_20240620_221414/server/server.csv
[2024-06-20 22:15:19,404][flwr][INFO] - FL finished in 62.905495309008984
[2024-06-20 22:15:19,404][flwr][INFO] - app_fit: losses_distributed [(1, 1.2902827660242717), (2, 0.3473234872023265), (3, 0.1875934898853302), (4, 0.12474037706851959), (5, 0.09567083915074666)]
[2024-06-20 22:15:19,405][flwr][INFO] - app_fit: metrics_distributed_fit {'average_norm': [(1, 5.072036027908325), (2, 5.058019638061523), (3, 5.027385234832764), (4, 5.014275232950847), (5, 5.00230598449707)], 'round_time': [(1, 2.1921662742714845), (2, 4.860968158275757), (3, 8.165999463447632), (4, 10.69941654862146), (5, 13.385456271835938)], 'average_downlink_time': [(1, 0.551062386), (2, 0.6675486776666667), (3, 0.7058191116666666), (4, 0.6140204623333333), (5, 0.67931917)], 'average_rtc_check_time': [(1, 0.05302569999184925), (2, 0.3803261023228212), (3, 0.49335716732700047), (4, 0.6701203350385185), (5, 0.7977962073103603)], 'average_uplink_time': [(1, 0.3075696535), (2, 0.580452485), (3, 0.665464314), (4, 0.4374760956666666), (5, 0.46634734866666666)], 'average_computation_time': [(1, 1.0352829694747925), (2, 2.803311824798584), (3, 5.84446914990743), (4, 8.365678946177164), (5, 10.524293502171835)], 'average_communication_time': [(1, 0.9116577394918493), (2, 1.6283272649894878), (3, 1.864640592993667), (4, 1.7216168930385185), (5, 1.943462725977027)], 'average_fit_time': [(1, 1.2227290868759155), (2, 3.406964381535848), (3, 6.731220881144206), (4, 9.596843322118124), (5, 12.016399383544922)], 'average_throughput': [(1, 7.943521142926871), (2, 3.9545383162517163), (3, 3.475895908814513), (4, 5.249587884466887), (5, 5.311861123250535)], 'dropouts': [(1, 1), (2, 0), (3, 0), (4, 0), (5, 0)]}
[2024-06-20 22:15:19,405][flwr][INFO] - app_fit: metrics_distributed {'accuracy': [(1, 0.6705000003178915), (2, 0.9008333086967468), (3, 0.9424999952316284), (4, 0.9616666833559672), (5, 0.9708333214124044)]}
[2024-06-20 22:15:19,405][flwr][INFO] - app_fit: losses_centralized [(0, 2.3206403), (1, 1.2747629), (2, 0.3289165), (3, 0.17171513), (4, 0.11005156), (5, 0.08151984)]
[2024-06-20 22:15:19,405][flwr][INFO] - app_fit: metrics_centralized {'accuracy': [(0, 0.0705), (1, 0.6827), (2, 0.9086), (3, 0.9465), (4, 0.9653), (5, 0.9731)]}
