[2024-06-20 22:29:59,816][root][INFO] - Initialized DataManager for experiment exp_20240620_222959
[2024-06-20 22:29:59,820][root][INFO] - Added data to info for client None: {'experiment_id': 'exp_20240620_222959', 'algorithm': 'fda', 'num_clients': 3, 'dataset': 'mnist', 'ann': 'lenet', 'threshold': 5, 'thres_discount_factor': 1.0, 'steps_threshold': 500, 'train_batch_size': 32, 'eval_batch_size': 64, 'network_template': 1, 'client_mobility': False, 'non_iid': False}
[2024-06-20 22:29:59,822][root][INFO] - Info data saved to /home/psklavos/fl/geom_aio/csv_logs/exp_20240620_222959/info.csv
[2024-06-20 22:29:59,823][flwr][INFO] - Starting Flower server, config: ServerConfig(num_rounds=5, round_timeout=None)
[2024-06-20 22:29:59,825][flwr][INFO] - Flower ECE: gRPC server running (5 rounds), SSL is disabled
[2024-06-20 22:29:59,826][flwr][INFO] - Initializing global parameters
[2024-06-20 22:29:59,826][flwr][INFO] - Requesting initial parameters from one random client
[2024-06-20 22:30:07,959][flwr][INFO] - Received initial parameters from one random client
[2024-06-20 22:30:07,960][flwr][INFO] - Evaluating initial parameters
[2024-06-20 22:30:08,160][utils.model][INFO] - LeNet model built
[2024-06-20 22:30:08,499][utils.model][INFO] - Size of serialized model: 279.0341796875 kbytes
[2024-06-20 22:30:08,582][utils.model][INFO] - Step 1/40 - val_loss: 2.3116 - val_accuracy: 0.1328
[2024-06-20 22:30:08,613][utils.model][INFO] - Step 2/40 - val_loss: 2.3181 - val_accuracy: 0.1094
[2024-06-20 22:30:08,641][utils.model][INFO] - Step 3/40 - val_loss: 2.3143 - val_accuracy: 0.1146
[2024-06-20 22:30:08,671][utils.model][INFO] - Step 4/40 - val_loss: 2.3193 - val_accuracy: 0.1123
[2024-06-20 22:30:08,698][utils.model][INFO] - Step 5/40 - val_loss: 2.3180 - val_accuracy: 0.1156
[2024-06-20 22:30:08,724][utils.model][INFO] - Step 6/40 - val_loss: 2.3163 - val_accuracy: 0.1133
[2024-06-20 22:30:08,751][utils.model][INFO] - Step 7/40 - val_loss: 2.3170 - val_accuracy: 0.1133
[2024-06-20 22:30:08,777][utils.model][INFO] - Step 8/40 - val_loss: 2.3194 - val_accuracy: 0.1108
[2024-06-20 22:30:08,804][utils.model][INFO] - Step 9/40 - val_loss: 2.3181 - val_accuracy: 0.1102
[2024-06-20 22:30:08,829][utils.model][INFO] - Step 10/40 - val_loss: 2.3183 - val_accuracy: 0.1105
[2024-06-20 22:30:08,857][utils.model][INFO] - Step 11/40 - val_loss: 2.3206 - val_accuracy: 0.1069
[2024-06-20 22:30:08,884][utils.model][INFO] - Step 12/40 - val_loss: 2.3194 - val_accuracy: 0.1071
[2024-06-20 22:30:08,910][utils.model][INFO] - Step 13/40 - val_loss: 2.3210 - val_accuracy: 0.1067
[2024-06-20 22:30:08,935][utils.model][INFO] - Step 14/40 - val_loss: 2.3194 - val_accuracy: 0.1083
[2024-06-20 22:30:08,960][utils.model][INFO] - Step 15/40 - val_loss: 2.3200 - val_accuracy: 0.1073
[2024-06-20 22:30:08,983][utils.model][INFO] - Step 16/40 - val_loss: 2.3194 - val_accuracy: 0.1057
[2024-06-20 22:30:09,007][utils.model][INFO] - Step 17/40 - val_loss: 2.3198 - val_accuracy: 0.1034
[2024-06-20 22:30:09,031][utils.model][INFO] - Step 18/40 - val_loss: 2.3195 - val_accuracy: 0.1031
[2024-06-20 22:30:09,058][utils.model][INFO] - Step 19/40 - val_loss: 2.3203 - val_accuracy: 0.1014
[2024-06-20 22:30:09,083][utils.model][INFO] - Step 20/40 - val_loss: 2.3212 - val_accuracy: 0.1018
[2024-06-20 22:30:09,110][utils.model][INFO] - Step 21/40 - val_loss: 2.3222 - val_accuracy: 0.1017
[2024-06-20 22:30:09,138][utils.model][INFO] - Step 22/40 - val_loss: 2.3229 - val_accuracy: 0.1016
[2024-06-20 22:30:09,164][utils.model][INFO] - Step 23/40 - val_loss: 2.3232 - val_accuracy: 0.1007
[2024-06-20 22:30:09,192][utils.model][INFO] - Step 24/40 - val_loss: 2.3234 - val_accuracy: 0.1006
[2024-06-20 22:30:09,219][utils.model][INFO] - Step 25/40 - val_loss: 2.3234 - val_accuracy: 0.1008
[2024-06-20 22:30:09,246][utils.model][INFO] - Step 26/40 - val_loss: 2.3239 - val_accuracy: 0.1002
[2024-06-20 22:30:09,271][utils.model][INFO] - Step 27/40 - val_loss: 2.3242 - val_accuracy: 0.1007
[2024-06-20 22:30:09,293][utils.model][INFO] - Step 28/40 - val_loss: 2.3240 - val_accuracy: 0.1010
[2024-06-20 22:30:09,317][utils.model][INFO] - Step 29/40 - val_loss: 2.3247 - val_accuracy: 0.1010
[2024-06-20 22:30:09,335][utils.model][INFO] - Step 30/40 - val_loss: 2.3254 - val_accuracy: 0.1005
[2024-06-20 22:30:09,354][utils.model][INFO] - Step 31/40 - val_loss: 2.3273 - val_accuracy: 0.0994
[2024-06-20 22:30:09,373][utils.model][INFO] - Step 32/40 - val_loss: 2.3275 - val_accuracy: 0.0995
[2024-06-20 22:30:09,389][utils.model][INFO] - Step 33/40 - val_loss: 2.3283 - val_accuracy: 0.0999
[2024-06-20 22:30:09,407][utils.model][INFO] - Step 34/40 - val_loss: 2.3283 - val_accuracy: 0.0997
[2024-06-20 22:30:09,425][utils.model][INFO] - Step 35/40 - val_loss: 2.3283 - val_accuracy: 0.0998
[2024-06-20 22:30:09,443][utils.model][INFO] - Step 36/40 - val_loss: 2.3293 - val_accuracy: 0.0996
[2024-06-20 22:30:09,462][utils.model][INFO] - Step 37/40 - val_loss: 2.3296 - val_accuracy: 0.0989
[2024-06-20 22:30:09,483][utils.model][INFO] - Step 38/40 - val_loss: 2.3304 - val_accuracy: 0.0988
[2024-06-20 22:30:09,504][utils.model][INFO] - Step 39/40 - val_loss: 2.3308 - val_accuracy: 0.0992
[2024-06-20 22:30:09,515][utils.model][INFO] - Step 40/40 - val_loss: 2.3311 - val_accuracy: 0.0992
[2024-06-20 22:30:09,517][utils.model][INFO] - Evaluation Results - Val Loss: 2.3311, Val Accuracy: 0.0992 in 40 steps
[2024-06-20 22:30:09,521][root][INFO] - Added data to server for client None: {'round': 0, 'experiment_id': 'exp_20240620_222959', 'centralized_loss': 0.0, 'centralized_acc': 0.0, 'distributed_loss': 0.0, 'distributed_acc': 0.0, 'dropouts': 0, 'average_norm': 0.0, 'round_time': 0.0, 'average_downlink_time': 0.0, 'average_rtc_check_time': 0.0, 'average_uplink_time': 0.0, 'average_computation_time': 0.0, 'average_communication_time': 0.0, 'average_fit_time': 0.0, 'average_throughput': 0.0}
[2024-06-20 22:30:09,521][flwr][INFO] - initial parameters (loss, other metrics): 2.3310814, {'accuracy': 0.0992}
[2024-06-20 22:30:09,522][flwr][INFO] - FL starting
[2024-06-20 22:30:13,203][flwr][DEBUG] - fit_round 1: strategy sampled 2 clients (out of 3)
[2024-06-20 22:30:14,797][flwr][DEBUG] - fit_round 1 received 2 results and 0 failures
[2024-06-20 22:30:14,803][root][INFO] - Added data to server for client None: {'round': 1, 'average_norm': 5.0329670906066895, 'round_time': 2.519433205805298, 'average_downlink_time': 0.551062386, 'average_rtc_check_time': 0.06992344899481395, 'average_uplink_time': 0.3075696535, 'average_computation_time': 1.3061158657073975, 'average_communication_time': 0.928555488494814, 'average_fit_time': 1.5517349243164062, 'average_throughput': 7.943521142926871, 'dropouts': 1, 'experiment_id': 'exp_20240620_222959'}
[2024-06-20 22:30:14,860][utils.model][INFO] - LeNet model built
[2024-06-20 22:30:14,970][utils.model][INFO] - Size of serialized model: 279.0341796875 kbytes
[2024-06-20 22:30:15,017][utils.model][INFO] - Step 1/40 - val_loss: 1.0847 - val_accuracy: 0.6914
[2024-06-20 22:30:15,040][utils.model][INFO] - Step 2/40 - val_loss: 1.1629 - val_accuracy: 0.6660
[2024-06-20 22:30:15,063][utils.model][INFO] - Step 3/40 - val_loss: 1.1846 - val_accuracy: 0.6576
[2024-06-20 22:30:15,088][utils.model][INFO] - Step 4/40 - val_loss: 1.1847 - val_accuracy: 0.6641
[2024-06-20 22:30:15,110][utils.model][INFO] - Step 5/40 - val_loss: 1.2058 - val_accuracy: 0.6531
[2024-06-20 22:30:15,135][utils.model][INFO] - Step 6/40 - val_loss: 1.2099 - val_accuracy: 0.6523
[2024-06-20 22:30:15,156][utils.model][INFO] - Step 7/40 - val_loss: 1.2155 - val_accuracy: 0.6501
[2024-06-20 22:30:15,179][utils.model][INFO] - Step 8/40 - val_loss: 1.2169 - val_accuracy: 0.6475
[2024-06-20 22:30:15,203][utils.model][INFO] - Step 9/40 - val_loss: 1.2250 - val_accuracy: 0.6432
[2024-06-20 22:30:15,228][utils.model][INFO] - Step 10/40 - val_loss: 1.2175 - val_accuracy: 0.6453
[2024-06-20 22:30:15,252][utils.model][INFO] - Step 11/40 - val_loss: 1.2188 - val_accuracy: 0.6420
[2024-06-20 22:30:15,281][utils.model][INFO] - Step 12/40 - val_loss: 1.2120 - val_accuracy: 0.6445
[2024-06-20 22:30:15,303][utils.model][INFO] - Step 13/40 - val_loss: 1.2123 - val_accuracy: 0.6451
[2024-06-20 22:30:15,324][utils.model][INFO] - Step 14/40 - val_loss: 1.2106 - val_accuracy: 0.6468
[2024-06-20 22:30:15,344][utils.model][INFO] - Step 15/40 - val_loss: 1.2139 - val_accuracy: 0.6432
[2024-06-20 22:30:15,366][utils.model][INFO] - Step 16/40 - val_loss: 1.2139 - val_accuracy: 0.6428
[2024-06-20 22:30:15,386][utils.model][INFO] - Step 17/40 - val_loss: 1.2135 - val_accuracy: 0.6429
[2024-06-20 22:30:15,408][utils.model][INFO] - Step 18/40 - val_loss: 1.2166 - val_accuracy: 0.6421
[2024-06-20 22:30:15,430][utils.model][INFO] - Step 19/40 - val_loss: 1.2178 - val_accuracy: 0.6408
[2024-06-20 22:30:15,452][utils.model][INFO] - Step 20/40 - val_loss: 1.2107 - val_accuracy: 0.6445
[2024-06-20 22:30:15,471][utils.model][INFO] - Step 21/40 - val_loss: 1.2012 - val_accuracy: 0.6475
[2024-06-20 22:30:15,492][utils.model][INFO] - Step 22/40 - val_loss: 1.1920 - val_accuracy: 0.6506
[2024-06-20 22:30:15,514][utils.model][INFO] - Step 23/40 - val_loss: 1.1847 - val_accuracy: 0.6506
[2024-06-20 22:30:15,537][utils.model][INFO] - Step 24/40 - val_loss: 1.1804 - val_accuracy: 0.6519
[2024-06-20 22:30:15,557][utils.model][INFO] - Step 25/40 - val_loss: 1.1702 - val_accuracy: 0.6550
[2024-06-20 22:30:15,577][utils.model][INFO] - Step 26/40 - val_loss: 1.1685 - val_accuracy: 0.6546
[2024-06-20 22:30:15,598][utils.model][INFO] - Step 27/40 - val_loss: 1.1649 - val_accuracy: 0.6555
[2024-06-20 22:30:15,618][utils.model][INFO] - Step 28/40 - val_loss: 1.1579 - val_accuracy: 0.6588
[2024-06-20 22:30:15,638][utils.model][INFO] - Step 29/40 - val_loss: 1.1559 - val_accuracy: 0.6599
[2024-06-20 22:30:15,658][utils.model][INFO] - Step 30/40 - val_loss: 1.1567 - val_accuracy: 0.6595
[2024-06-20 22:30:15,680][utils.model][INFO] - Step 31/40 - val_loss: 1.1578 - val_accuracy: 0.6579
[2024-06-20 22:30:15,703][utils.model][INFO] - Step 32/40 - val_loss: 1.1534 - val_accuracy: 0.6576
[2024-06-20 22:30:15,723][utils.model][INFO] - Step 33/40 - val_loss: 1.1532 - val_accuracy: 0.6568
[2024-06-20 22:30:15,744][utils.model][INFO] - Step 34/40 - val_loss: 1.1475 - val_accuracy: 0.6596
[2024-06-20 22:30:15,767][utils.model][INFO] - Step 35/40 - val_loss: 1.1386 - val_accuracy: 0.6651
[2024-06-20 22:30:15,788][utils.model][INFO] - Step 36/40 - val_loss: 1.1388 - val_accuracy: 0.6655
[2024-06-20 22:30:15,811][utils.model][INFO] - Step 37/40 - val_loss: 1.1343 - val_accuracy: 0.6669
[2024-06-20 22:30:15,832][utils.model][INFO] - Step 38/40 - val_loss: 1.1345 - val_accuracy: 0.6648
[2024-06-20 22:30:15,851][utils.model][INFO] - Step 39/40 - val_loss: 1.1374 - val_accuracy: 0.6640
[2024-06-20 22:30:15,862][utils.model][INFO] - Step 40/40 - val_loss: 1.1359 - val_accuracy: 0.6639
[2024-06-20 22:30:15,864][utils.model][INFO] - Evaluation Results - Val Loss: 1.1359, Val Accuracy: 0.6639 in 40 steps
[2024-06-20 22:30:15,867][flwr][INFO] - fit progress: (1, 1.1358976, {'accuracy': 0.6639}, 6.345056653997744)
[2024-06-20 22:30:15,867][flwr][DEBUG] - evaluate_round 1: strategy sampled 3 clients (out of 3)
[2024-06-20 22:30:16,588][flwr][DEBUG] - evaluate_round 1 received 3 results and 0 failures
[2024-06-20 22:30:16,590][root][INFO] - Added data to epoch for client 0: {'round': 0, 'experiment_id': 'exp_20240620_222959', 'client_id': '0', 'epoch_steps': 0, 'total_steps': 0, 'l2_norm': 0.0, 'total_computation_time': 0.0, 'total_rtc_check_time': 0.0, 'total_duration': 0.0, 'val_loss': 0.0, 'val_accuracy': 0.0}
[2024-06-20 22:30:16,591][root][INFO] - Added data to batch for client 0: {'round': 0, 'experiment_id': 'exp_20240620_222959', 'client_id': '0', 'step_no': 0, 'loss': 0.0, 'accuracy': 0.0, 'l2_norm': 0.0, 'computation_time': 0.0, 'rtc_check_time': 0.0, 'batch_time': 0.0}
[2024-06-20 22:30:16,592][root][INFO] - Added data to epoch for client 0: {'round': 1, 'epoch_steps': 26, 'total_steps': 26, 'l2_norm': 4.846944808959961, 'total_computation_time': 1.3000481128692627, 'total_rtc_check_time': 0.08442269900115207, 'total_duration': 1.5523908138275146, 'val_loss': 1.1411341428756714, 'val_accuracy': 0.6664999723434448, 'experiment_id': 'exp_20240620_222959', 'client_id': '0'}
[2024-06-20 22:30:16,594][root][INFO] - Epoch data saved to /home/psklavos/fl/geom_aio/csv_logs/exp_20240620_222959/clients/client_0/epoch.csv
[2024-06-20 22:30:16,596][root][INFO] - Added data to batch for client 0: {'round': 1, 'step_no': 1, 'loss': 2.2490766048431396, 'accuracy': 0.15625, 'l2_norm': 0.259319931268692, 'computation_time': 0.329679012298584, 'batch_time': 0.34834228217368945, 'rtc_check_time': 0.0031272000051103532, 'experiment_id': 'exp_20240620_222959', 'client_id': '0'}
[2024-06-20 22:30:16,597][root][INFO] - Added data to batch for client 0: {'round': 1, 'step_no': 2, 'loss': 2.2025065422058105, 'accuracy': 0.203125, 'l2_norm': 0.4306343197822571, 'computation_time': 0.04003095626831055, 'batch_time': 0.04329335133661516, 'rtc_check_time': 0.0021732989989686757, 'experiment_id': 'exp_20240620_222959', 'client_id': '0'}
[2024-06-20 22:30:16,599][root][INFO] - Added data to batch for client 0: {'round': 1, 'step_no': 3, 'loss': 2.2541351318359375, 'accuracy': 0.1979166716337204, 'l2_norm': 0.5678519606590271, 'computation_time': 0.03656482696533203, 'batch_time': 0.03970650090195704, 'rtc_check_time': 0.002100500001688488, 'experiment_id': 'exp_20240620_222959', 'client_id': '0'}
[2024-06-20 22:30:16,600][root][INFO] - Added data to batch for client 0: {'round': 1, 'step_no': 4, 'loss': 2.136237382888794, 'accuracy': 0.1953125, 'l2_norm': 0.6946730017662048, 'computation_time': 0.036521196365356445, 'batch_time': 0.039093640429200605, 'rtc_check_time': 0.001493599993409589, 'experiment_id': 'exp_20240620_222959', 'client_id': '0'}
[2024-06-20 22:30:16,602][root][INFO] - Added data to batch for client 0: {'round': 1, 'step_no': 5, 'loss': 2.0484459400177, 'accuracy': 0.23125000298023224, 'l2_norm': 0.857768714427948, 'computation_time': 0.03756308555603027, 'batch_time': 0.04164496005978435, 'rtc_check_time': 0.0030438000103458762, 'experiment_id': 'exp_20240620_222959', 'client_id': '0'}
[2024-06-20 22:30:16,603][root][INFO] - Added data to batch for client 0: {'round': 1, 'step_no': 6, 'loss': 2.220784902572632, 'accuracy': 0.2083333283662796, 'l2_norm': 1.0241292715072632, 'computation_time': 0.036955833435058594, 'batch_time': 0.04111072633531876, 'rtc_check_time': 0.002962800004752353, 'experiment_id': 'exp_20240620_222959', 'client_id': '0'}
[2024-06-20 22:30:16,604][root][INFO] - Added data to batch for client 0: {'round': 1, 'step_no': 7, 'loss': 1.9719469547271729, 'accuracy': 0.2678571343421936, 'l2_norm': 1.2214761972427368, 'computation_time': 0.04054903984069824, 'batch_time': 0.051375566923525184, 'rtc_check_time': 0.009226499998476356, 'experiment_id': 'exp_20240620_222959', 'client_id': '0'}
[2024-06-20 22:30:16,606][root][INFO] - Added data to batch for client 0: {'round': 1, 'step_no': 8, 'loss': 1.9093732833862305, 'accuracy': 0.28515625, 'l2_norm': 1.3822861909866333, 'computation_time': 0.04541206359863281, 'batch_time': 0.0582346324226819, 'rtc_check_time': 0.011795700003858656, 'experiment_id': 'exp_20240620_222959', 'client_id': '0'}
[2024-06-20 22:30:16,607][root][INFO] - Added data to batch for client 0: {'round': 1, 'step_no': 9, 'loss': 2.046497344970703, 'accuracy': 0.2847222089767456, 'l2_norm': 1.591004729270935, 'computation_time': 0.04125094413757324, 'batch_time': 0.04557132585614454, 'rtc_check_time': 0.003066299992497079, 'experiment_id': 'exp_20240620_222959', 'client_id': '0'}
[2024-06-20 22:30:16,608][root][INFO] - Added data to batch for client 0: {'round': 1, 'step_no': 10, 'loss': 1.8206675052642822, 'accuracy': 0.3062500059604645, 'l2_norm': 1.8087538480758667, 'computation_time': 0.0451200008392334, 'batch_time': 0.04752548267424572, 'rtc_check_time': 0.0013654999929713085, 'experiment_id': 'exp_20240620_222959', 'client_id': '0'}
[2024-06-20 22:30:16,609][root][INFO] - Added data to batch for client 0: {'round': 1, 'step_no': 11, 'loss': 1.7026047706604004, 'accuracy': 0.3267045319080353, 'l2_norm': 2.031588315963745, 'computation_time': 0.048999786376953125, 'batch_time': 0.053115693415747955, 'rtc_check_time': 0.002105799998389557, 'experiment_id': 'exp_20240620_222959', 'client_id': '0'}
[2024-06-20 22:30:16,610][root][INFO] - Added data to batch for client 0: {'round': 1, 'step_no': 12, 'loss': 1.7578877210617065, 'accuracy': 0.3359375, 'l2_norm': 2.1960792541503906, 'computation_time': 0.037171125411987305, 'batch_time': 0.042162287354585715, 'rtc_check_time': 0.00401150000107009, 'experiment_id': 'exp_20240620_222959', 'client_id': '0'}
[2024-06-20 22:30:16,612][root][INFO] - Added data to batch for client 0: {'round': 1, 'step_no': 13, 'loss': 1.653930425643921, 'accuracy': 0.36057692766189575, 'l2_norm': 2.4605495929718018, 'computation_time': 0.0351719856262207, 'batch_time': 0.03818544477690011, 'rtc_check_time': 0.0020183000015094876, 'experiment_id': 'exp_20240620_222959', 'client_id': '0'}
[2024-06-20 22:30:16,613][root][INFO] - Added data to batch for client 0: {'round': 1, 'step_no': 14, 'loss': 1.5549015998840332, 'accuracy': 0.3772321343421936, 'l2_norm': 2.6448893547058105, 'computation_time': 0.036805152893066406, 'batch_time': 0.040230077152955346, 'rtc_check_time': 0.002364200001466088, 'experiment_id': 'exp_20240620_222959', 'client_id': '0'}
[2024-06-20 22:30:16,614][root][INFO] - Added data to batch for client 0: {'round': 1, 'step_no': 15, 'loss': 1.656591534614563, 'accuracy': 0.3708333373069763, 'l2_norm': 2.820103883743286, 'computation_time': 0.03958296775817871, 'batch_time': 0.04225307173328474, 'rtc_check_time': 0.001582199998665601, 'experiment_id': 'exp_20240620_222959', 'client_id': '0'}
[2024-06-20 22:30:16,616][root][INFO] - Added data to batch for client 0: {'round': 1, 'step_no': 16, 'loss': 1.565279245376587, 'accuracy': 0.380859375, 'l2_norm': 2.9878504276275635, 'computation_time': 0.03648996353149414, 'batch_time': 0.039162436820333824, 'rtc_check_time': 0.0016704000008758157, 'experiment_id': 'exp_20240620_222959', 'client_id': '0'}
[2024-06-20 22:30:16,617][root][INFO] - Added data to batch for client 0: {'round': 1, 'step_no': 17, 'loss': 1.4668610095977783, 'accuracy': 0.3897058963775635, 'l2_norm': 3.179503917694092, 'computation_time': 0.03739285469055176, 'batch_time': 0.04267439412069507, 'rtc_check_time': 0.004262300004484132, 'experiment_id': 'exp_20240620_222959', 'client_id': '0'}
[2024-06-20 22:30:16,618][root][INFO] - Added data to batch for client 0: {'round': 1, 'step_no': 18, 'loss': 1.425073266029358, 'accuracy': 0.3975694477558136, 'l2_norm': 3.3909850120544434, 'computation_time': 0.035533905029296875, 'batch_time': 0.03800160546961706, 'rtc_check_time': 0.0014455999917117879, 'experiment_id': 'exp_20240620_222959', 'client_id': '0'}
[2024-06-20 22:30:16,620][root][INFO] - Added data to batch for client 0: {'round': 1, 'step_no': 19, 'loss': 1.3888533115386963, 'accuracy': 0.4128289520740509, 'l2_norm': 3.5987606048583984, 'computation_time': 0.036099910736083984, 'batch_time': 0.03970635629957542, 'rtc_check_time': 0.0026212999946437776, 'experiment_id': 'exp_20240620_222959', 'client_id': '0'}
[2024-06-20 22:30:16,621][root][INFO] - Added data to batch for client 0: {'round': 1, 'step_no': 20, 'loss': 1.2236504554748535, 'accuracy': 0.42500001192092896, 'l2_norm': 3.8272545337677, 'computation_time': 0.039257049560546875, 'batch_time': 0.042591889345203526, 'rtc_check_time': 0.0021468000049935654, 'experiment_id': 'exp_20240620_222959', 'client_id': '0'}
[2024-06-20 22:30:16,622][root][INFO] - Added data to batch for client 0: {'round': 1, 'step_no': 21, 'loss': 1.308042049407959, 'accuracy': 0.4330357015132904, 'l2_norm': 4.029619216918945, 'computation_time': 0.0385289192199707, 'batch_time': 0.041315752765513025, 'rtc_check_time': 0.0016068999975686893, 'experiment_id': 'exp_20240620_222959', 'client_id': '0'}
[2024-06-20 22:30:16,623][root][INFO] - Added data to batch for client 0: {'round': 1, 'step_no': 22, 'loss': 1.5942814350128174, 'accuracy': 0.4261363744735718, 'l2_norm': 4.258882522583008, 'computation_time': 0.04334282875061035, 'batch_time': 0.04682385057094507, 'rtc_check_time': 0.0022360000002663583, 'experiment_id': 'exp_20240620_222959', 'client_id': '0'}
[2024-06-20 22:30:16,625][root][INFO] - Added data to batch for client 0: {'round': 1, 'step_no': 23, 'loss': 1.3083593845367432, 'accuracy': 0.4320652186870575, 'l2_norm': 4.350927829742432, 'computation_time': 0.03812980651855469, 'batch_time': 0.045970521750859916, 'rtc_check_time': 0.006772599997930229, 'experiment_id': 'exp_20240620_222959', 'client_id': '0'}
[2024-06-20 22:30:16,626][root][INFO] - Added data to batch for client 0: {'round': 1, 'step_no': 24, 'loss': 1.2156996726989746, 'accuracy': 0.4361979067325592, 'l2_norm': 4.458991527557373, 'computation_time': 0.03668498992919922, 'batch_time': 0.04201292115612887, 'rtc_check_time': 0.004177800001343712, 'experiment_id': 'exp_20240620_222959', 'client_id': '0'}
[2024-06-20 22:30:16,627][root][INFO] - Added data to batch for client 0: {'round': 1, 'step_no': 25, 'loss': 1.2686996459960938, 'accuracy': 0.4399999976158142, 'l2_norm': 4.642726421356201, 'computation_time': 0.03610682487487793, 'batch_time': 0.040414220944512635, 'rtc_check_time': 0.0032183000002987683, 'experiment_id': 'exp_20240620_222959', 'client_id': '0'}
[2024-06-20 22:30:16,629][root][INFO] - Added data to batch for client 0: {'round': 1, 'step_no': 26, 'loss': 0.9074451327323914, 'accuracy': 0.453125, 'l2_norm': 4.846944808959961, 'computation_time': 0.03510308265686035, 'batch_time': 0.03793647064594552, 'rtc_check_time': 0.0018275000038556755, 'experiment_id': 'exp_20240620_222959', 'client_id': '0'}
[2024-06-20 22:30:16,630][root][INFO] - Batch data saved to /home/psklavos/fl/geom_aio/csv_logs/exp_20240620_222959/clients/client_0/batch.csv
[2024-06-20 22:30:16,631][root][INFO] - Server data saved to /home/psklavos/fl/geom_aio/csv_logs/exp_20240620_222959/server/server.csv
[2024-06-20 22:30:21,074][flwr][DEBUG] - fit_round 2: strategy sampled 3 clients (out of 3)
[2024-06-20 22:30:25,562][flwr][DEBUG] - fit_round 2 received 3 results and 0 failures
[2024-06-20 22:30:25,567][root][INFO] - Added data to server for client None: {'round': 2, 'average_norm': 5.02092981338501, 'round_time': 5.917107150585327, 'average_downlink_time': 0.6675486776666667, 'average_rtc_check_time': 0.42912896668713074, 'average_uplink_time': 0.580452485, 'average_computation_time': 3.733051617940267, 'average_communication_time': 1.6771301293537972, 'average_fit_time': 4.464191357294719, 'average_throughput': 3.9545383162517163, 'dropouts': 0, 'experiment_id': 'exp_20240620_222959'}
[2024-06-20 22:30:25,624][utils.model][INFO] - LeNet model built
[2024-06-20 22:30:25,732][utils.model][INFO] - Size of serialized model: 279.0341796875 kbytes
[2024-06-20 22:30:25,789][utils.model][INFO] - Step 1/40 - val_loss: 0.2928 - val_accuracy: 0.9297
[2024-06-20 22:30:25,812][utils.model][INFO] - Step 2/40 - val_loss: 0.3668 - val_accuracy: 0.8926
[2024-06-20 22:30:25,830][utils.model][INFO] - Step 3/40 - val_loss: 0.4138 - val_accuracy: 0.8737
[2024-06-20 22:30:25,849][utils.model][INFO] - Step 4/40 - val_loss: 0.4157 - val_accuracy: 0.8701
[2024-06-20 22:30:25,869][utils.model][INFO] - Step 5/40 - val_loss: 0.4473 - val_accuracy: 0.8602
[2024-06-20 22:30:25,888][utils.model][INFO] - Step 6/40 - val_loss: 0.4557 - val_accuracy: 0.8581
[2024-06-20 22:30:25,906][utils.model][INFO] - Step 7/40 - val_loss: 0.4653 - val_accuracy: 0.8571
[2024-06-20 22:30:25,924][utils.model][INFO] - Step 8/40 - val_loss: 0.4582 - val_accuracy: 0.8599
[2024-06-20 22:30:25,943][utils.model][INFO] - Step 9/40 - val_loss: 0.4650 - val_accuracy: 0.8572
[2024-06-20 22:30:25,963][utils.model][INFO] - Step 10/40 - val_loss: 0.4556 - val_accuracy: 0.8590
[2024-06-20 22:30:25,980][utils.model][INFO] - Step 11/40 - val_loss: 0.4500 - val_accuracy: 0.8612
[2024-06-20 22:30:25,998][utils.model][INFO] - Step 12/40 - val_loss: 0.4425 - val_accuracy: 0.8643
[2024-06-20 22:30:26,015][utils.model][INFO] - Step 13/40 - val_loss: 0.4442 - val_accuracy: 0.8639
[2024-06-20 22:30:26,034][utils.model][INFO] - Step 14/40 - val_loss: 0.4436 - val_accuracy: 0.8624
[2024-06-20 22:30:26,052][utils.model][INFO] - Step 15/40 - val_loss: 0.4481 - val_accuracy: 0.8604
[2024-06-20 22:30:26,070][utils.model][INFO] - Step 16/40 - val_loss: 0.4486 - val_accuracy: 0.8599
[2024-06-20 22:30:26,090][utils.model][INFO] - Step 17/40 - val_loss: 0.4484 - val_accuracy: 0.8594
[2024-06-20 22:30:26,109][utils.model][INFO] - Step 18/40 - val_loss: 0.4469 - val_accuracy: 0.8605
[2024-06-20 22:30:26,130][utils.model][INFO] - Step 19/40 - val_loss: 0.4468 - val_accuracy: 0.8608
[2024-06-20 22:30:26,149][utils.model][INFO] - Step 20/40 - val_loss: 0.4438 - val_accuracy: 0.8621
[2024-06-20 22:30:26,168][utils.model][INFO] - Step 21/40 - val_loss: 0.4344 - val_accuracy: 0.8650
[2024-06-20 22:30:26,186][utils.model][INFO] - Step 22/40 - val_loss: 0.4236 - val_accuracy: 0.8686
[2024-06-20 22:30:26,204][utils.model][INFO] - Step 23/40 - val_loss: 0.4194 - val_accuracy: 0.8699
[2024-06-20 22:30:26,221][utils.model][INFO] - Step 24/40 - val_loss: 0.4170 - val_accuracy: 0.8706
[2024-06-20 22:30:26,239][utils.model][INFO] - Step 25/40 - val_loss: 0.4071 - val_accuracy: 0.8739
[2024-06-20 22:30:26,257][utils.model][INFO] - Step 26/40 - val_loss: 0.4059 - val_accuracy: 0.8744
[2024-06-20 22:30:26,275][utils.model][INFO] - Step 27/40 - val_loss: 0.4019 - val_accuracy: 0.8763
[2024-06-20 22:30:26,293][utils.model][INFO] - Step 28/40 - val_loss: 0.3932 - val_accuracy: 0.8792
[2024-06-20 22:30:26,312][utils.model][INFO] - Step 29/40 - val_loss: 0.3869 - val_accuracy: 0.8815
[2024-06-20 22:30:26,330][utils.model][INFO] - Step 30/40 - val_loss: 0.3843 - val_accuracy: 0.8827
[2024-06-20 22:30:26,348][utils.model][INFO] - Step 31/40 - val_loss: 0.3812 - val_accuracy: 0.8841
[2024-06-20 22:30:26,366][utils.model][INFO] - Step 32/40 - val_loss: 0.3753 - val_accuracy: 0.8859
[2024-06-20 22:30:26,384][utils.model][INFO] - Step 33/40 - val_loss: 0.3736 - val_accuracy: 0.8865
[2024-06-20 22:30:26,402][utils.model][INFO] - Step 34/40 - val_loss: 0.3676 - val_accuracy: 0.8882
[2024-06-20 22:30:26,420][utils.model][INFO] - Step 35/40 - val_loss: 0.3598 - val_accuracy: 0.8905
[2024-06-20 22:30:26,438][utils.model][INFO] - Step 36/40 - val_loss: 0.3596 - val_accuracy: 0.8915
[2024-06-20 22:30:26,456][utils.model][INFO] - Step 37/40 - val_loss: 0.3543 - val_accuracy: 0.8938
[2024-06-20 22:30:26,474][utils.model][INFO] - Step 38/40 - val_loss: 0.3526 - val_accuracy: 0.8939
[2024-06-20 22:30:26,493][utils.model][INFO] - Step 39/40 - val_loss: 0.3572 - val_accuracy: 0.8922
[2024-06-20 22:30:26,502][utils.model][INFO] - Step 40/40 - val_loss: 0.3514 - val_accuracy: 0.8924
[2024-06-20 22:30:26,504][utils.model][INFO] - Evaluation Results - Val Loss: 0.3514, Val Accuracy: 0.8924 in 40 steps
[2024-06-20 22:30:26,505][flwr][INFO] - fit progress: (2, 0.3513749, {'accuracy': 0.8924}, 16.98349613600294)
[2024-06-20 22:30:26,505][flwr][DEBUG] - evaluate_round 2: strategy sampled 3 clients (out of 3)
[2024-06-20 22:30:27,071][flwr][DEBUG] - evaluate_round 2 received 3 results and 0 failures
[2024-06-20 22:30:27,073][root][INFO] - Added data to epoch for client 0: {'round': 2, 'epoch_steps': 85, 'total_steps': 111, 'l2_norm': 4.814638614654541, 'total_computation_time': 3.666250467300415, 'total_rtc_check_time': 0.501805499981856, 'total_duration': 4.464846134185791, 'val_loss': 0.3600538969039917, 'val_accuracy': 0.8849999904632568, 'experiment_id': 'exp_20240620_222959', 'client_id': '0'}
[2024-06-20 22:30:27,074][root][INFO] - Epoch data saved to /home/psklavos/fl/geom_aio/csv_logs/exp_20240620_222959/clients/client_0/epoch.csv
[2024-06-20 22:30:27,075][root][INFO] - Added data to batch for client 0: {'round': 2, 'step_no': 27, 'loss': 1.0776371955871582, 'accuracy': 0.78125, 'l2_norm': 0.08673357218503952, 'computation_time': 0.04983997344970703, 'batch_time': 0.26789837807882577, 'rtc_check_time': 0.21612029999960214, 'experiment_id': 'exp_20240620_222959', 'client_id': '0'}
[2024-06-20 22:30:27,076][root][INFO] - Added data to batch for client 0: {'round': 2, 'step_no': 28, 'loss': 1.0218827724456787, 'accuracy': 0.71875, 'l2_norm': 0.08896275609731674, 'computation_time': 0.04430413246154785, 'batch_time': 0.05060744608636014, 'rtc_check_time': 0.004927400004817173, 'experiment_id': 'exp_20240620_222959', 'client_id': '0'}
[2024-06-20 22:30:27,077][root][INFO] - Added data to batch for client 0: {'round': 2, 'step_no': 29, 'loss': 1.0923144817352295, 'accuracy': 0.6875, 'l2_norm': 0.1289156973361969, 'computation_time': 0.04076695442199707, 'batch_time': 0.046371111311600544, 'rtc_check_time': 0.00434030000178609, 'experiment_id': 'exp_20240620_222959', 'client_id': '0'}
[2024-06-20 22:30:27,078][root][INFO] - Added data to batch for client 0: {'round': 2, 'step_no': 30, 'loss': 0.9356521964073181, 'accuracy': 0.71875, 'l2_norm': 0.14511598646640778, 'computation_time': 0.0405879020690918, 'batch_time': 0.04563361172040459, 'rtc_check_time': 0.003946600001654588, 'experiment_id': 'exp_20240620_222959', 'client_id': '0'}
[2024-06-20 22:30:27,079][root][INFO] - Added data to batch for client 0: {'round': 2, 'step_no': 31, 'loss': 0.9455261826515198, 'accuracy': 0.706250011920929, 'l2_norm': 0.19377072155475616, 'computation_time': 0.03853917121887207, 'batch_time': 0.04225732087797951, 'rtc_check_time': 0.002670300003956072, 'experiment_id': 'exp_20240620_222959', 'client_id': '0'}
[2024-06-20 22:30:27,080][root][INFO] - Added data to batch for client 0: {'round': 2, 'step_no': 32, 'loss': 0.9429075717926025, 'accuracy': 0.6979166865348816, 'l2_norm': 0.23448322713375092, 'computation_time': 0.04026007652282715, 'batch_time': 0.04361096142383758, 'rtc_check_time': 0.0021998000011080876, 'experiment_id': 'exp_20240620_222959', 'client_id': '0'}
[2024-06-20 22:30:27,081][root][INFO] - Added data to batch for client 0: {'round': 2, 'step_no': 33, 'loss': 0.810766875743866, 'accuracy': 0.71875, 'l2_norm': 0.3011753261089325, 'computation_time': 0.04993581771850586, 'batch_time': 0.053459425922483206, 'rtc_check_time': 0.002032299991697073, 'experiment_id': 'exp_20240620_222959', 'client_id': '0'}
[2024-06-20 22:30:27,082][root][INFO] - Added data to batch for client 0: {'round': 2, 'step_no': 34, 'loss': 0.7711407542228699, 'accuracy': 0.73046875, 'l2_norm': 0.3394058048725128, 'computation_time': 0.04107403755187988, 'batch_time': 0.04637950801406987, 'rtc_check_time': 0.004031599994050339, 'experiment_id': 'exp_20240620_222959', 'client_id': '0'}
[2024-06-20 22:30:27,083][root][INFO] - Added data to batch for client 0: {'round': 2, 'step_no': 35, 'loss': 0.9758186936378479, 'accuracy': 0.7256944179534912, 'l2_norm': 0.3928922414779663, 'computation_time': 0.04668903350830078, 'batch_time': 0.04941963932651561, 'rtc_check_time': 0.0015675999893574044, 'experiment_id': 'exp_20240620_222959', 'client_id': '0'}
[2024-06-20 22:30:27,084][root][INFO] - Added data to batch for client 0: {'round': 2, 'step_no': 36, 'loss': 0.9234885573387146, 'accuracy': 0.7250000238418579, 'l2_norm': 0.40105631947517395, 'computation_time': 0.052268028259277344, 'batch_time': 0.05566467878816184, 'rtc_check_time': 0.00192679998872336, 'experiment_id': 'exp_20240620_222959', 'client_id': '0'}
[2024-06-20 22:30:27,085][root][INFO] - Added data to batch for client 0: {'round': 2, 'step_no': 37, 'loss': 0.9512766599655151, 'accuracy': 0.7215909361839294, 'l2_norm': 0.4441377520561218, 'computation_time': 0.05181002616882324, 'batch_time': 0.05479959904914722, 'rtc_check_time': 0.001643700001295656, 'experiment_id': 'exp_20240620_222959', 'client_id': '0'}
[2024-06-20 22:30:27,087][root][INFO] - Added data to batch for client 0: {'round': 2, 'step_no': 38, 'loss': 0.971706748008728, 'accuracy': 0.7239583134651184, 'l2_norm': 0.5019827485084534, 'computation_time': 0.04553389549255371, 'batch_time': 0.05502516451815609, 'rtc_check_time': 0.00782519999484066, 'experiment_id': 'exp_20240620_222959', 'client_id': '0'}
[2024-06-20 22:30:27,088][root][INFO] - Added data to batch for client 0: {'round': 2, 'step_no': 39, 'loss': 0.6807612180709839, 'accuracy': 0.7331730723381042, 'l2_norm': 0.5254799127578735, 'computation_time': 0.04904890060424805, 'batch_time': 0.05170035842456855, 'rtc_check_time': 0.0014781999925617129, 'experiment_id': 'exp_20240620_222959', 'client_id': '0'}
[2024-06-20 22:30:27,089][root][INFO] - Added data to batch for client 0: {'round': 2, 'step_no': 40, 'loss': 0.8441612720489502, 'accuracy': 0.7366071343421936, 'l2_norm': 0.5929951071739197, 'computation_time': 0.044892072677612305, 'batch_time': 0.047984822100261226, 'rtc_check_time': 0.0016166999994311482, 'experiment_id': 'exp_20240620_222959', 'client_id': '0'}
[2024-06-20 22:30:27,090][root][INFO] - Added data to batch for client 0: {'round': 2, 'step_no': 41, 'loss': 0.922041654586792, 'accuracy': 0.731249988079071, 'l2_norm': 0.629788339138031, 'computation_time': 0.04168105125427246, 'batch_time': 0.04506381810642779, 'rtc_check_time': 0.002216900000348687, 'experiment_id': 'exp_20240620_222959', 'client_id': '0'}
[2024-06-20 22:30:27,091][root][INFO] - Added data to batch for client 0: {'round': 2, 'step_no': 42, 'loss': 0.5765132904052734, 'accuracy': 0.73828125, 'l2_norm': 0.6726131439208984, 'computation_time': 0.043039798736572266, 'batch_time': 0.04565757572709117, 'rtc_check_time': 0.0014654999977210537, 'experiment_id': 'exp_20240620_222959', 'client_id': '0'}
[2024-06-20 22:30:27,092][root][INFO] - Added data to batch for client 0: {'round': 2, 'step_no': 43, 'loss': 0.4759945273399353, 'accuracy': 0.7463235259056091, 'l2_norm': 0.7098076343536377, 'computation_time': 0.0483551025390625, 'batch_time': 0.053422503027832136, 'rtc_check_time': 0.003490500006591901, 'experiment_id': 'exp_20240620_222959', 'client_id': '0'}
[2024-06-20 22:30:27,094][root][INFO] - Added data to batch for client 0: {'round': 2, 'step_no': 44, 'loss': 0.7221797704696655, 'accuracy': 0.7482638955116272, 'l2_norm': 0.7620862126350403, 'computation_time': 0.0401461124420166, 'batch_time': 0.04714606514608022, 'rtc_check_time': 0.005840999991050921, 'experiment_id': 'exp_20240620_222959', 'client_id': '0'}
[2024-06-20 22:30:27,095][root][INFO] - Added data to batch for client 0: {'round': 2, 'step_no': 45, 'loss': 0.9123172760009766, 'accuracy': 0.7450658082962036, 'l2_norm': 0.8610928058624268, 'computation_time': 0.04113507270812988, 'batch_time': 0.04667839387548156, 'rtc_check_time': 0.004337399994255975, 'experiment_id': 'exp_20240620_222959', 'client_id': '0'}
[2024-06-20 22:30:27,097][root][INFO] - Added data to batch for client 0: {'round': 2, 'step_no': 46, 'loss': 1.0836548805236816, 'accuracy': 0.734375, 'l2_norm': 0.8857743144035339, 'computation_time': 0.04332780838012695, 'batch_time': 0.047400737763382494, 'rtc_check_time': 0.002997900010086596, 'experiment_id': 'exp_20240620_222959', 'client_id': '0'}
[2024-06-20 22:30:27,098][root][INFO] - Added data to batch for client 0: {'round': 2, 'step_no': 47, 'loss': 0.9683648347854614, 'accuracy': 0.730654776096344, 'l2_norm': 0.930149495601654, 'computation_time': 0.041287899017333984, 'batch_time': 0.04778238938888535, 'rtc_check_time': 0.005160300002899021, 'experiment_id': 'exp_20240620_222959', 'client_id': '0'}
[2024-06-20 22:30:27,099][root][INFO] - Added data to batch for client 0: {'round': 2, 'step_no': 48, 'loss': 0.7793769240379333, 'accuracy': 0.734375, 'l2_norm': 0.987444281578064, 'computation_time': 0.04612994194030762, 'batch_time': 0.04970389333902858, 'rtc_check_time': 0.0022369000071194023, 'experiment_id': 'exp_20240620_222959', 'client_id': '0'}
[2024-06-20 22:30:27,100][root][INFO] - Added data to batch for client 0: {'round': 2, 'step_no': 49, 'loss': 1.0275046825408936, 'accuracy': 0.7255434989929199, 'l2_norm': 1.0173418521881104, 'computation_time': 0.052514076232910156, 'batch_time': 0.057560052737244405, 'rtc_check_time': 0.002781000002869405, 'experiment_id': 'exp_20240620_222959', 'client_id': '0'}
[2024-06-20 22:30:27,101][root][INFO] - Added data to batch for client 0: {'round': 2, 'step_no': 50, 'loss': 0.8445056676864624, 'accuracy': 0.7278645634651184, 'l2_norm': 1.0402045249938965, 'computation_time': 0.04224896430969238, 'batch_time': 0.05235880352847744, 'rtc_check_time': 0.008918699997593649, 'experiment_id': 'exp_20240620_222959', 'client_id': '0'}
[2024-06-20 22:30:27,102][root][INFO] - Added data to batch for client 0: {'round': 2, 'step_no': 51, 'loss': 0.6539223790168762, 'accuracy': 0.7287499904632568, 'l2_norm': 1.1191487312316895, 'computation_time': 0.04540109634399414, 'batch_time': 0.05044746231578756, 'rtc_check_time': 0.00349139999889303, 'experiment_id': 'exp_20240620_222959', 'client_id': '0'}
[2024-06-20 22:30:27,103][root][INFO] - Added data to batch for client 0: {'round': 2, 'step_no': 52, 'loss': 0.6214753985404968, 'accuracy': 0.7331730723381042, 'l2_norm': 1.1716814041137695, 'computation_time': 0.044873952865600586, 'batch_time': 0.04771025430818554, 'rtc_check_time': 0.0016062999929999933, 'experiment_id': 'exp_20240620_222959', 'client_id': '0'}
[2024-06-20 22:30:27,105][root][INFO] - Added data to batch for client 0: {'round': 2, 'step_no': 53, 'loss': 0.590748131275177, 'accuracy': 0.7361111044883728, 'l2_norm': 1.2252050638198853, 'computation_time': 0.03998613357543945, 'batch_time': 0.04486933308362495, 'rtc_check_time': 0.0037704999995185062, 'experiment_id': 'exp_20240620_222959', 'client_id': '0'}
[2024-06-20 22:30:27,106][root][INFO] - Added data to batch for client 0: {'round': 2, 'step_no': 54, 'loss': 0.4562276303768158, 'accuracy': 0.7410714030265808, 'l2_norm': 1.29709792137146, 'computation_time': 0.039653778076171875, 'batch_time': 0.04610902791318949, 'rtc_check_time': 0.005323000004864298, 'experiment_id': 'exp_20240620_222959', 'client_id': '0'}
[2024-06-20 22:30:27,107][root][INFO] - Added data to batch for client 0: {'round': 2, 'step_no': 55, 'loss': 0.4025800824165344, 'accuracy': 0.7446120977401733, 'l2_norm': 1.3341630697250366, 'computation_time': 0.04433012008666992, 'batch_time': 0.04978627752279863, 'rtc_check_time': 0.004195399989839643, 'experiment_id': 'exp_20240620_222959', 'client_id': '0'}
[2024-06-20 22:30:27,109][root][INFO] - Added data to batch for client 0: {'round': 2, 'step_no': 56, 'loss': 0.5240296125411987, 'accuracy': 0.746874988079071, 'l2_norm': 1.38241708278656, 'computation_time': 0.05558490753173828, 'batch_time': 0.058835640840698034, 'rtc_check_time': 0.0016425999929197133, 'experiment_id': 'exp_20240620_222959', 'client_id': '0'}
[2024-06-20 22:30:27,110][root][INFO] - Added data to batch for client 0: {'round': 2, 'step_no': 57, 'loss': 0.8419567942619324, 'accuracy': 0.7449596524238586, 'l2_norm': 1.4868347644805908, 'computation_time': 0.04442596435546875, 'batch_time': 0.051391906235949136, 'rtc_check_time': 0.005319900010363199, 'experiment_id': 'exp_20240620_222959', 'client_id': '0'}
[2024-06-20 22:30:27,111][root][INFO] - Added data to batch for client 0: {'round': 2, 'step_no': 58, 'loss': 1.0474770069122314, 'accuracy': 0.744140625, 'l2_norm': 1.5089184045791626, 'computation_time': 0.05251002311706543, 'batch_time': 0.05562671810912434, 'rtc_check_time': 0.0014666000060969964, 'experiment_id': 'exp_20240620_222959', 'client_id': '0'}
[2024-06-20 22:30:27,112][root][INFO] - Added data to batch for client 0: {'round': 2, 'step_no': 59, 'loss': 0.42243701219558716, 'accuracy': 0.748106062412262, 'l2_norm': 1.5496243238449097, 'computation_time': 0.04212307929992676, 'batch_time': 0.04694628625293262, 'rtc_check_time': 0.003666400007205084, 'experiment_id': 'exp_20240620_222959', 'client_id': '0'}
[2024-06-20 22:30:27,113][root][INFO] - Added data to batch for client 0: {'round': 2, 'step_no': 60, 'loss': 0.9771700501441956, 'accuracy': 0.7472426295280457, 'l2_norm': 1.6083347797393799, 'computation_time': 0.04320096969604492, 'batch_time': 0.0472584840899799, 'rtc_check_time': 0.0028566000110004097, 'experiment_id': 'exp_20240620_222959', 'client_id': '0'}
[2024-06-20 22:30:27,115][root][INFO] - Added data to batch for client 0: {'round': 2, 'step_no': 61, 'loss': 0.7735868692398071, 'accuracy': 0.7437499761581421, 'l2_norm': 1.6805816888809204, 'computation_time': 0.0368189811706543, 'batch_time': 0.04126860560791101, 'rtc_check_time': 0.0033045000018319115, 'experiment_id': 'exp_20240620_222959', 'client_id': '0'}
[2024-06-20 22:30:27,116][root][INFO] - Added data to batch for client 0: {'round': 2, 'step_no': 62, 'loss': 0.8213882446289062, 'accuracy': 0.7439236044883728, 'l2_norm': 1.7105671167373657, 'computation_time': 0.040303945541381836, 'batch_time': 0.04579339090560097, 'rtc_check_time': 0.004332399999839254, 'experiment_id': 'exp_20240620_222959', 'client_id': '0'}
[2024-06-20 22:30:27,117][root][INFO] - Added data to batch for client 0: {'round': 2, 'step_no': 63, 'loss': 0.466663658618927, 'accuracy': 0.7466216087341309, 'l2_norm': 1.7619578838348389, 'computation_time': 0.03975987434387207, 'batch_time': 0.043189943899051286, 'rtc_check_time': 0.0023218999995151535, 'experiment_id': 'exp_20240620_222959', 'client_id': '0'}
[2024-06-20 22:30:27,118][root][INFO] - Added data to batch for client 0: {'round': 2, 'step_no': 64, 'loss': 0.6497214436531067, 'accuracy': 0.7467105388641357, 'l2_norm': 1.81508207321167, 'computation_time': 0.04155111312866211, 'batch_time': 0.04613508973852731, 'rtc_check_time': 0.0033441999985370785, 'experiment_id': 'exp_20240620_222959', 'client_id': '0'}
[2024-06-20 22:30:27,119][root][INFO] - Added data to batch for client 0: {'round': 2, 'step_no': 65, 'loss': 0.5082387924194336, 'accuracy': 0.7491987347602844, 'l2_norm': 1.8813958168029785, 'computation_time': 0.040862083435058594, 'batch_time': 0.04372391577635426, 'rtc_check_time': 0.0017178999987663701, 'experiment_id': 'exp_20240620_222959', 'client_id': '0'}
[2024-06-20 22:30:27,120][root][INFO] - Added data to batch for client 0: {'round': 2, 'step_no': 66, 'loss': 1.0797350406646729, 'accuracy': 0.746874988079071, 'l2_norm': 1.9009681940078735, 'computation_time': 0.04246401786804199, 'batch_time': 0.0452699266752461, 'rtc_check_time': 0.0015740000089863315, 'experiment_id': 'exp_20240620_222959', 'client_id': '0'}
[2024-06-20 22:30:27,122][root][INFO] - Added data to batch for client 0: {'round': 2, 'step_no': 67, 'loss': 0.973426342010498, 'accuracy': 0.7446646094322205, 'l2_norm': 2.0015528202056885, 'computation_time': 0.03890204429626465, 'batch_time': 0.04377670324174687, 'rtc_check_time': 0.003707600000780076, 'experiment_id': 'exp_20240620_222959', 'client_id': '0'}
[2024-06-20 22:30:27,123][root][INFO] - Added data to batch for client 0: {'round': 2, 'step_no': 68, 'loss': 0.7112526297569275, 'accuracy': 0.7447916865348816, 'l2_norm': 2.0522031784057617, 'computation_time': 0.04359698295593262, 'batch_time': 0.05079516085970681, 'rtc_check_time': 0.005880199998500757, 'experiment_id': 'exp_20240620_222959', 'client_id': '0'}
[2024-06-20 22:30:27,124][root][INFO] - Added data to batch for client 0: {'round': 2, 'step_no': 69, 'loss': 0.4024660587310791, 'accuracy': 0.7485465407371521, 'l2_norm': 2.098076105117798, 'computation_time': 0.03937816619873047, 'batch_time': 0.043932184868026525, 'rtc_check_time': 0.0034622999955900013, 'experiment_id': 'exp_20240620_222959', 'client_id': '0'}
[2024-06-20 22:30:27,125][root][INFO] - Added data to batch for client 0: {'round': 2, 'step_no': 70, 'loss': 0.5529168844223022, 'accuracy': 0.75, 'l2_norm': 2.151348114013672, 'computation_time': 0.042328834533691406, 'batch_time': 0.04576069729228038, 'rtc_check_time': 0.0023286999930860475, 'experiment_id': 'exp_20240620_222959', 'client_id': '0'}
[2024-06-20 22:30:27,126][root][INFO] - Added data to batch for client 0: {'round': 2, 'step_no': 71, 'loss': 0.5636735558509827, 'accuracy': 0.7513889074325562, 'l2_norm': 2.2505221366882324, 'computation_time': 0.041526079177856445, 'batch_time': 0.0453996145806741, 'rtc_check_time': 0.0026185000024270266, 'experiment_id': 'exp_20240620_222959', 'client_id': '0'}
[2024-06-20 22:30:27,128][root][INFO] - Added data to batch for client 0: {'round': 2, 'step_no': 72, 'loss': 0.6171190738677979, 'accuracy': 0.7520380616188049, 'l2_norm': 2.3641250133514404, 'computation_time': 0.041996002197265625, 'batch_time': 0.04673511043074541, 'rtc_check_time': 0.003504099993733689, 'experiment_id': 'exp_20240620_222959', 'client_id': '0'}
[2024-06-20 22:30:27,129][root][INFO] - Added data to batch for client 0: {'round': 2, 'step_no': 73, 'loss': 1.0836753845214844, 'accuracy': 0.75, 'l2_norm': 2.422675371170044, 'computation_time': 0.04126477241516113, 'batch_time': 0.04525214615568984, 'rtc_check_time': 0.00277430001005996, 'experiment_id': 'exp_20240620_222959', 'client_id': '0'}
[2024-06-20 22:30:27,130][root][INFO] - Added data to batch for client 0: {'round': 2, 'step_no': 74, 'loss': 0.8785436153411865, 'accuracy': 0.7493489384651184, 'l2_norm': 2.4665000438690186, 'computation_time': 0.038086891174316406, 'batch_time': 0.04159267924842425, 'rtc_check_time': 0.002457700000377372, 'experiment_id': 'exp_20240620_222959', 'client_id': '0'}
[2024-06-20 22:30:27,131][root][INFO] - Added data to batch for client 0: {'round': 2, 'step_no': 75, 'loss': 0.5432635545730591, 'accuracy': 0.7519132494926453, 'l2_norm': 2.5060312747955322, 'computation_time': 0.039988040924072266, 'batch_time': 0.04432314675068483, 'rtc_check_time': 0.00317209999775514, 'experiment_id': 'exp_20240620_222959', 'client_id': '0'}
[2024-06-20 22:30:27,132][root][INFO] - Added data to batch for client 0: {'round': 2, 'step_no': 76, 'loss': 0.4040105938911438, 'accuracy': 0.7549999952316284, 'l2_norm': 2.550386428833008, 'computation_time': 0.04090094566345215, 'batch_time': 0.04353621698101051, 'rtc_check_time': 0.001494199997978285, 'experiment_id': 'exp_20240620_222959', 'client_id': '0'}
[2024-06-20 22:30:27,133][root][INFO] - Added data to batch for client 0: {'round': 2, 'step_no': 77, 'loss': 0.6457117795944214, 'accuracy': 0.7549019455909729, 'l2_norm': 2.6068851947784424, 'computation_time': 0.04044604301452637, 'batch_time': 0.04579931544139981, 'rtc_check_time': 0.004218399990350008, 'experiment_id': 'exp_20240620_222959', 'client_id': '0'}
[2024-06-20 22:30:27,135][root][INFO] - Added data to batch for client 0: {'round': 2, 'step_no': 78, 'loss': 0.44076934456825256, 'accuracy': 0.7584134340286255, 'l2_norm': 2.666743278503418, 'computation_time': 0.0418400764465332, 'batch_time': 0.0480852278706152, 'rtc_check_time': 0.005164400005014613, 'experiment_id': 'exp_20240620_222959', 'client_id': '0'}
[2024-06-20 22:30:27,136][root][INFO] - Added data to batch for client 0: {'round': 2, 'step_no': 79, 'loss': 0.3363306522369385, 'accuracy': 0.7617924809455872, 'l2_norm': 2.7246851921081543, 'computation_time': 0.040534019470214844, 'batch_time': 0.04913308400136884, 'rtc_check_time': 0.007463000001735054, 'experiment_id': 'exp_20240620_222959', 'client_id': '0'}
[2024-06-20 22:30:27,137][root][INFO] - Added data to batch for client 0: {'round': 2, 'step_no': 80, 'loss': 0.6154429912567139, 'accuracy': 0.7615740895271301, 'l2_norm': 2.833853006362915, 'computation_time': 0.040396928787231445, 'batch_time': 0.04690904027665965, 'rtc_check_time': 0.005337899987353012, 'experiment_id': 'exp_20240620_222959', 'client_id': '0'}
[2024-06-20 22:30:27,138][root][INFO] - Added data to batch for client 0: {'round': 2, 'step_no': 81, 'loss': 0.7357001900672913, 'accuracy': 0.761931836605072, 'l2_norm': 2.8669209480285645, 'computation_time': 0.0389399528503418, 'batch_time': 0.04247736009710934, 'rtc_check_time': 0.002510300007998012, 'experiment_id': 'exp_20240620_222959', 'client_id': '0'}
[2024-06-20 22:30:27,140][root][INFO] - Added data to batch for client 0: {'round': 2, 'step_no': 82, 'loss': 0.5851818919181824, 'accuracy': 0.7628348469734192, 'l2_norm': 2.9194765090942383, 'computation_time': 0.04114985466003418, 'batch_time': 0.04627396615978796, 'rtc_check_time': 0.003949899997678585, 'experiment_id': 'exp_20240620_222959', 'client_id': '0'}
[2024-06-20 22:30:27,141][root][INFO] - Added data to batch for client 0: {'round': 2, 'step_no': 83, 'loss': 0.7940189838409424, 'accuracy': 0.7631579041481018, 'l2_norm': 3.00506591796875, 'computation_time': 0.04208016395568848, 'batch_time': 0.04450242719030939, 'rtc_check_time': 0.001364399999147281, 'experiment_id': 'exp_20240620_222959', 'client_id': '0'}
[2024-06-20 22:30:27,142][root][INFO] - Added data to batch for client 0: {'round': 2, 'step_no': 84, 'loss': 0.4375872015953064, 'accuracy': 0.7650862336158752, 'l2_norm': 3.0314579010009766, 'computation_time': 0.0406951904296875, 'batch_time': 0.04509456145751756, 'rtc_check_time': 0.0031286000012187287, 'experiment_id': 'exp_20240620_222959', 'client_id': '0'}
[2024-06-20 22:30:27,144][root][INFO] - Added data to batch for client 0: {'round': 2, 'step_no': 85, 'loss': 0.5739458799362183, 'accuracy': 0.7664194703102112, 'l2_norm': 3.112029790878296, 'computation_time': 0.04601883888244629, 'batch_time': 0.04945857252459973, 'rtc_check_time': 0.0022176000056788325, 'experiment_id': 'exp_20240620_222959', 'client_id': '0'}
[2024-06-20 22:30:27,145][root][INFO] - Added data to batch for client 0: {'round': 2, 'step_no': 86, 'loss': 0.6570565700531006, 'accuracy': 0.7666666507720947, 'l2_norm': 3.155078172683716, 'computation_time': 0.04716801643371582, 'batch_time': 0.050891046805190854, 'rtc_check_time': 0.0024400999973295256, 'experiment_id': 'exp_20240620_222959', 'client_id': '0'}
[2024-06-20 22:30:27,146][root][INFO] - Added data to batch for client 0: {'round': 2, 'step_no': 87, 'loss': 0.3969023823738098, 'accuracy': 0.7684426307678223, 'l2_norm': 3.2043826580047607, 'computation_time': 0.04704999923706055, 'batch_time': 0.05026701265887823, 'rtc_check_time': 0.001669200006290339, 'experiment_id': 'exp_20240620_222959', 'client_id': '0'}
[2024-06-20 22:30:27,147][root][INFO] - Added data to batch for client 0: {'round': 2, 'step_no': 88, 'loss': 0.23630979657173157, 'accuracy': 0.7706653475761414, 'l2_norm': 3.271016836166382, 'computation_time': 0.04796195030212402, 'batch_time': 0.05826115098898299, 'rtc_check_time': 0.00889420000021346, 'experiment_id': 'exp_20240620_222959', 'client_id': '0'}
[2024-06-20 22:30:27,148][root][INFO] - Added data to batch for client 0: {'round': 2, 'step_no': 89, 'loss': 0.3980632722377777, 'accuracy': 0.7723214030265808, 'l2_norm': 3.3495609760284424, 'computation_time': 0.0399928092956543, 'batch_time': 0.04403032899426762, 'rtc_check_time': 0.0029941999964648858, 'experiment_id': 'exp_20240620_222959', 'client_id': '0'}
[2024-06-20 22:30:27,149][root][INFO] - Added data to batch for client 0: {'round': 2, 'step_no': 90, 'loss': 0.5204862356185913, 'accuracy': 0.77294921875, 'l2_norm': 3.3823187351226807, 'computation_time': 0.0402829647064209, 'batch_time': 0.04613618299481459, 'rtc_check_time': 0.004673999996157363, 'experiment_id': 'exp_20240620_222959', 'client_id': '0'}
[2024-06-20 22:30:27,150][root][INFO] - Added data to batch for client 0: {'round': 2, 'step_no': 91, 'loss': 0.26848143339157104, 'accuracy': 0.7749999761581421, 'l2_norm': 3.453488349914551, 'computation_time': 0.03964495658874512, 'batch_time': 0.04378052966785617, 'rtc_check_time': 0.002961599995614961, 'experiment_id': 'exp_20240620_222959', 'client_id': '0'}
[2024-06-20 22:30:27,151][root][INFO] - Added data to batch for client 0: {'round': 2, 'step_no': 92, 'loss': 0.462247759103775, 'accuracy': 0.7755681872367859, 'l2_norm': 3.5428082942962646, 'computation_time': 0.0388638973236084, 'batch_time': 0.04234209086280316, 'rtc_check_time': 0.002246999996714294, 'experiment_id': 'exp_20240620_222959', 'client_id': '0'}
[2024-06-20 22:30:27,152][root][INFO] - Added data to batch for client 0: {'round': 2, 'step_no': 93, 'loss': 0.5886654853820801, 'accuracy': 0.7747201323509216, 'l2_norm': 3.621631622314453, 'computation_time': 0.04080009460449219, 'batch_time': 0.04443709913175553, 'rtc_check_time': 0.002552199992351234, 'experiment_id': 'exp_20240620_222959', 'client_id': '0'}
[2024-06-20 22:30:27,153][root][INFO] - Added data to batch for client 0: {'round': 2, 'step_no': 94, 'loss': 0.4954022169113159, 'accuracy': 0.775275707244873, 'l2_norm': 3.685575485229492, 'computation_time': 0.04330801963806152, 'batch_time': 0.04620442293526139, 'rtc_check_time': 0.0015912999951979145, 'experiment_id': 'exp_20240620_222959', 'client_id': '0'}
[2024-06-20 22:30:27,154][root][INFO] - Added data to batch for client 0: {'round': 2, 'step_no': 95, 'loss': 0.13394565880298615, 'accuracy': 0.7785326242446899, 'l2_norm': 3.721480131149292, 'computation_time': 0.03933596611022949, 'batch_time': 0.04394984117243439, 'rtc_check_time': 0.0035789000103250146, 'experiment_id': 'exp_20240620_222959', 'client_id': '0'}
[2024-06-20 22:30:27,155][root][INFO] - Added data to batch for client 0: {'round': 2, 'step_no': 96, 'loss': 0.47040021419525146, 'accuracy': 0.7790178656578064, 'l2_norm': 3.8505406379699707, 'computation_time': 0.04213404655456543, 'batch_time': 0.0459566461504437, 'rtc_check_time': 0.0026676999987103045, 'experiment_id': 'exp_20240620_222959', 'client_id': '0'}
[2024-06-20 22:30:27,156][root][INFO] - Added data to batch for client 0: {'round': 2, 'step_no': 97, 'loss': 0.26631486415863037, 'accuracy': 0.7808098793029785, 'l2_norm': 3.883598566055298, 'computation_time': 0.04046010971069336, 'batch_time': 0.04300640930887312, 'rtc_check_time': 0.0013914000010117888, 'experiment_id': 'exp_20240620_222959', 'client_id': '0'}
[2024-06-20 22:30:27,157][root][INFO] - Added data to batch for client 0: {'round': 2, 'step_no': 98, 'loss': 0.48303908109664917, 'accuracy': 0.7825520634651184, 'l2_norm': 3.973463535308838, 'computation_time': 0.04524397850036621, 'batch_time': 0.05192939758126158, 'rtc_check_time': 0.0051263999921502545, 'experiment_id': 'exp_20240620_222959', 'client_id': '0'}
[2024-06-20 22:30:27,158][root][INFO] - Added data to batch for client 0: {'round': 2, 'step_no': 99, 'loss': 0.521073579788208, 'accuracy': 0.784246563911438, 'l2_norm': 4.054154872894287, 'computation_time': 0.040109872817993164, 'batch_time': 0.042818033063667826, 'rtc_check_time': 0.0014629000070272014, 'experiment_id': 'exp_20240620_222959', 'client_id': '0'}
[2024-06-20 22:30:27,160][root][INFO] - Added data to batch for client 0: {'round': 2, 'step_no': 100, 'loss': 0.5692696571350098, 'accuracy': 0.7846283912658691, 'l2_norm': 4.11182165145874, 'computation_time': 0.04093599319458008, 'batch_time': 0.0450203760410659, 'rtc_check_time': 0.0028365000034682453, 'experiment_id': 'exp_20240620_222959', 'client_id': '0'}
[2024-06-20 22:30:27,161][root][INFO] - Added data to batch for client 0: {'round': 2, 'step_no': 101, 'loss': 0.7928035855293274, 'accuracy': 0.784583330154419, 'l2_norm': 4.160015106201172, 'computation_time': 0.04109001159667969, 'batch_time': 0.04390151807456277, 'rtc_check_time': 0.0016094000020530075, 'experiment_id': 'exp_20240620_222959', 'client_id': '0'}
[2024-06-20 22:30:27,162][root][INFO] - Added data to batch for client 0: {'round': 2, 'step_no': 102, 'loss': 0.3847725987434387, 'accuracy': 0.7853618264198303, 'l2_norm': 4.2418670654296875, 'computation_time': 0.042439937591552734, 'batch_time': 0.04818476161744911, 'rtc_check_time': 0.00425589999940712, 'experiment_id': 'exp_20240620_222959', 'client_id': '0'}
[2024-06-20 22:30:27,163][root][INFO] - Added data to batch for client 0: {'round': 2, 'step_no': 103, 'loss': 0.18924325704574585, 'accuracy': 0.7877435088157654, 'l2_norm': 4.293376445770264, 'computation_time': 0.047142982482910156, 'batch_time': 0.0525899377244059, 'rtc_check_time': 0.0036189999955240637, 'experiment_id': 'exp_20240620_222959', 'client_id': '0'}
[2024-06-20 22:30:27,164][root][INFO] - Added data to batch for client 0: {'round': 2, 'step_no': 104, 'loss': 0.38682135939598083, 'accuracy': 0.7884615659713745, 'l2_norm': 4.373841762542725, 'computation_time': 0.0464019775390625, 'batch_time': 0.05098254625045229, 'rtc_check_time': 0.002528500001062639, 'experiment_id': 'exp_20240620_222959', 'client_id': '0'}
[2024-06-20 22:30:27,166][root][INFO] - Added data to batch for client 0: {'round': 2, 'step_no': 105, 'loss': 0.5620532035827637, 'accuracy': 0.7899525165557861, 'l2_norm': 4.422229290008545, 'computation_time': 0.05116415023803711, 'batch_time': 0.06172126637829933, 'rtc_check_time': 0.009323299993411638, 'experiment_id': 'exp_20240620_222959', 'client_id': '0'}
[2024-06-20 22:30:27,167][root][INFO] - Added data to batch for client 0: {'round': 2, 'step_no': 106, 'loss': 0.49238258600234985, 'accuracy': 0.7906249761581421, 'l2_norm': 4.497996807098389, 'computation_time': 0.045034170150756836, 'batch_time': 0.05060065050201956, 'rtc_check_time': 0.004432800007634796, 'experiment_id': 'exp_20240620_222959', 'client_id': '0'}
[2024-06-20 22:30:27,168][root][INFO] - Added data to batch for client 0: {'round': 2, 'step_no': 107, 'loss': 0.5941978693008423, 'accuracy': 0.7905092835426331, 'l2_norm': 4.583736419677734, 'computation_time': 0.0417788028717041, 'batch_time': 0.04490623112360481, 'rtc_check_time': 0.0020461999956751242, 'experiment_id': 'exp_20240620_222959', 'client_id': '0'}
[2024-06-20 22:30:27,169][root][INFO] - Added data to batch for client 0: {'round': 2, 'step_no': 108, 'loss': 0.45689481496810913, 'accuracy': 0.7903963327407837, 'l2_norm': 4.664090633392334, 'computation_time': 0.04340791702270508, 'batch_time': 0.049796779014286585, 'rtc_check_time': 0.0051106999890180305, 'experiment_id': 'exp_20240620_222959', 'client_id': '0'}
[2024-06-20 22:30:27,170][root][INFO] - Added data to batch for client 0: {'round': 2, 'step_no': 109, 'loss': 0.4398229122161865, 'accuracy': 0.7910391688346863, 'l2_norm': 4.724488258361816, 'computation_time': 0.04020404815673828, 'batch_time': 0.04501381948648486, 'rtc_check_time': 0.0036687000101665035, 'experiment_id': 'exp_20240620_222959', 'client_id': '0'}
[2024-06-20 22:30:27,171][root][INFO] - Added data to batch for client 0: {'round': 2, 'step_no': 110, 'loss': 0.2514733672142029, 'accuracy': 0.7924107313156128, 'l2_norm': 4.782216548919678, 'computation_time': 0.042507171630859375, 'batch_time': 0.0451952137373155, 'rtc_check_time': 0.001470200004405342, 'experiment_id': 'exp_20240620_222959', 'client_id': '0'}
[2024-06-20 22:30:27,172][root][INFO] - Added data to batch for client 0: {'round': 2, 'step_no': 111, 'loss': 0.399495929479599, 'accuracy': 0.7930147051811218, 'l2_norm': 4.814638614654541, 'computation_time': 0.042450904846191406, 'batch_time': 0.04781260956951883, 'rtc_check_time': 0.004192500011413358, 'experiment_id': 'exp_20240620_222959', 'client_id': '0'}
[2024-06-20 22:30:27,173][root][INFO] - Batch data saved to /home/psklavos/fl/geom_aio/csv_logs/exp_20240620_222959/clients/client_0/batch.csv
[2024-06-20 22:30:27,174][root][INFO] - Server data saved to /home/psklavos/fl/geom_aio/csv_logs/exp_20240620_222959/server/server.csv
[2024-06-20 22:30:31,608][flwr][DEBUG] - fit_round 3: strategy sampled 3 clients (out of 3)
[2024-06-20 22:30:39,087][flwr][DEBUG] - fit_round 3 received 3 results and 0 failures
[2024-06-20 22:30:39,092][root][INFO] - Added data to server for client None: {'round': 3, 'average_norm': 5.016286691029866, 'round_time': 8.895848801979126, 'average_downlink_time': 0.7058191116666666, 'average_rtc_check_time': 0.5038617090128051, 'average_uplink_time': 0.665464314, 'average_computation_time': 6.493337631225586, 'average_communication_time': 1.8751451346794716, 'average_fit_time': 7.458467721939087, 'average_throughput': 3.475895908814513, 'dropouts': 0, 'experiment_id': 'exp_20240620_222959'}
[2024-06-20 22:30:39,156][utils.model][INFO] - LeNet model built
[2024-06-20 22:30:39,271][utils.model][INFO] - Size of serialized model: 279.0341796875 kbytes
[2024-06-20 22:30:39,301][utils.model][INFO] - Step 1/40 - val_loss: 0.1020 - val_accuracy: 0.9766
[2024-06-20 22:30:39,320][utils.model][INFO] - Step 2/40 - val_loss: 0.1829 - val_accuracy: 0.9414
[2024-06-20 22:30:39,339][utils.model][INFO] - Step 3/40 - val_loss: 0.1940 - val_accuracy: 0.9362
[2024-06-20 22:30:39,357][utils.model][INFO] - Step 4/40 - val_loss: 0.1905 - val_accuracy: 0.9375
[2024-06-20 22:30:39,377][utils.model][INFO] - Step 5/40 - val_loss: 0.2055 - val_accuracy: 0.9297
[2024-06-20 22:30:39,396][utils.model][INFO] - Step 6/40 - val_loss: 0.2220 - val_accuracy: 0.9284
[2024-06-20 22:30:39,416][utils.model][INFO] - Step 7/40 - val_loss: 0.2248 - val_accuracy: 0.9286
[2024-06-20 22:30:39,436][utils.model][INFO] - Step 8/40 - val_loss: 0.2244 - val_accuracy: 0.9292
[2024-06-20 22:30:39,454][utils.model][INFO] - Step 9/40 - val_loss: 0.2330 - val_accuracy: 0.9262
[2024-06-20 22:30:39,474][utils.model][INFO] - Step 10/40 - val_loss: 0.2283 - val_accuracy: 0.9266
[2024-06-20 22:30:39,492][utils.model][INFO] - Step 11/40 - val_loss: 0.2238 - val_accuracy: 0.9279
[2024-06-20 22:30:39,511][utils.model][INFO] - Step 12/40 - val_loss: 0.2205 - val_accuracy: 0.9287
[2024-06-20 22:30:39,532][utils.model][INFO] - Step 13/40 - val_loss: 0.2198 - val_accuracy: 0.9297
[2024-06-20 22:30:39,552][utils.model][INFO] - Step 14/40 - val_loss: 0.2200 - val_accuracy: 0.9294
[2024-06-20 22:30:39,571][utils.model][INFO] - Step 15/40 - val_loss: 0.2254 - val_accuracy: 0.9284
[2024-06-20 22:30:39,589][utils.model][INFO] - Step 16/40 - val_loss: 0.2273 - val_accuracy: 0.9275
[2024-06-20 22:30:39,609][utils.model][INFO] - Step 17/40 - val_loss: 0.2285 - val_accuracy: 0.9276
[2024-06-20 22:30:39,629][utils.model][INFO] - Step 18/40 - val_loss: 0.2282 - val_accuracy: 0.9275
[2024-06-20 22:30:39,648][utils.model][INFO] - Step 19/40 - val_loss: 0.2287 - val_accuracy: 0.9272
[2024-06-20 22:30:39,668][utils.model][INFO] - Step 20/40 - val_loss: 0.2268 - val_accuracy: 0.9283
[2024-06-20 22:30:39,687][utils.model][INFO] - Step 21/40 - val_loss: 0.2202 - val_accuracy: 0.9302
[2024-06-20 22:30:39,707][utils.model][INFO] - Step 22/40 - val_loss: 0.2130 - val_accuracy: 0.9329
[2024-06-20 22:30:39,726][utils.model][INFO] - Step 23/40 - val_loss: 0.2108 - val_accuracy: 0.9334
[2024-06-20 22:30:39,745][utils.model][INFO] - Step 24/40 - val_loss: 0.2110 - val_accuracy: 0.9329
[2024-06-20 22:30:39,763][utils.model][INFO] - Step 25/40 - val_loss: 0.2050 - val_accuracy: 0.9347
[2024-06-20 22:30:39,782][utils.model][INFO] - Step 26/40 - val_loss: 0.2047 - val_accuracy: 0.9352
[2024-06-20 22:30:39,801][utils.model][INFO] - Step 27/40 - val_loss: 0.2015 - val_accuracy: 0.9366
[2024-06-20 22:30:39,819][utils.model][INFO] - Step 28/40 - val_loss: 0.1965 - val_accuracy: 0.9383
[2024-06-20 22:30:39,838][utils.model][INFO] - Step 29/40 - val_loss: 0.1923 - val_accuracy: 0.9399
[2024-06-20 22:30:39,857][utils.model][INFO] - Step 30/40 - val_loss: 0.1903 - val_accuracy: 0.9405
[2024-06-20 22:30:39,876][utils.model][INFO] - Step 31/40 - val_loss: 0.1867 - val_accuracy: 0.9419
[2024-06-20 22:30:39,895][utils.model][INFO] - Step 32/40 - val_loss: 0.1831 - val_accuracy: 0.9430
[2024-06-20 22:30:39,914][utils.model][INFO] - Step 33/40 - val_loss: 0.1806 - val_accuracy: 0.9440
[2024-06-20 22:30:39,934][utils.model][INFO] - Step 34/40 - val_loss: 0.1768 - val_accuracy: 0.9452
[2024-06-20 22:30:39,952][utils.model][INFO] - Step 35/40 - val_loss: 0.1722 - val_accuracy: 0.9468
[2024-06-20 22:30:39,972][utils.model][INFO] - Step 36/40 - val_loss: 0.1705 - val_accuracy: 0.9475
[2024-06-20 22:30:39,990][utils.model][INFO] - Step 37/40 - val_loss: 0.1673 - val_accuracy: 0.9484
[2024-06-20 22:30:40,009][utils.model][INFO] - Step 38/40 - val_loss: 0.1667 - val_accuracy: 0.9483
[2024-06-20 22:30:40,029][utils.model][INFO] - Step 39/40 - val_loss: 0.1708 - val_accuracy: 0.9470
[2024-06-20 22:30:40,039][utils.model][INFO] - Step 40/40 - val_loss: 0.1671 - val_accuracy: 0.9471
[2024-06-20 22:30:40,041][utils.model][INFO] - Evaluation Results - Val Loss: 0.1671, Val Accuracy: 0.9471 in 40 steps
[2024-06-20 22:30:40,043][flwr][INFO] - fit progress: (3, 0.16710389, {'accuracy': 0.9471}, 30.520962911003153)
[2024-06-20 22:30:40,043][flwr][DEBUG] - evaluate_round 3: strategy sampled 3 clients (out of 3)
[2024-06-20 22:30:40,646][flwr][DEBUG] - evaluate_round 3 received 3 results and 0 failures
[2024-06-20 22:30:40,648][root][INFO] - Added data to epoch for client 0: {'round': 3, 'epoch_steps': 147, 'total_steps': 258, 'l2_norm': 4.912638187408447, 'total_computation_time': 6.496934175491333, 'total_rtc_check_time': 0.4928392089495901, 'total_duration': 7.456518173217773, 'val_loss': 0.1830301135778427, 'val_accuracy': 0.9390000104904175, 'experiment_id': 'exp_20240620_222959', 'client_id': '0'}
[2024-06-20 22:30:40,649][root][INFO] - Epoch data saved to /home/psklavos/fl/geom_aio/csv_logs/exp_20240620_222959/clients/client_0/epoch.csv
[2024-06-20 22:30:40,650][root][INFO] - Added data to batch for client 0: {'round': 3, 'step_no': 112, 'loss': 0.2253497838973999, 'accuracy': 0.96875, 'l2_norm': 0.020175006240606308, 'computation_time': 0.04605507850646973, 'batch_time': 0.049922399601200595, 'rtc_check_time': 0.0018925000040326267, 'experiment_id': 'exp_20240620_222959', 'client_id': '0'}
[2024-06-20 22:30:40,651][root][INFO] - Added data to batch for client 0: {'round': 3, 'step_no': 113, 'loss': 0.4682964086532593, 'accuracy': 0.890625, 'l2_norm': 0.06085333600640297, 'computation_time': 0.06586503982543945, 'batch_time': 0.07247099430242088, 'rtc_check_time': 0.005414100000052713, 'experiment_id': 'exp_20240620_222959', 'client_id': '0'}
[2024-06-20 22:30:40,652][root][INFO] - Added data to batch for client 0: {'round': 3, 'step_no': 114, 'loss': 0.2777308225631714, 'accuracy': 0.90625, 'l2_norm': 0.08918336778879166, 'computation_time': 0.04357600212097168, 'batch_time': 0.04852277511963621, 'rtc_check_time': 0.0030038999975658953, 'experiment_id': 'exp_20240620_222959', 'client_id': '0'}
[2024-06-20 22:30:40,653][root][INFO] - Added data to batch for client 0: {'round': 3, 'step_no': 115, 'loss': 0.36471009254455566, 'accuracy': 0.890625, 'l2_norm': 0.08412273973226547, 'computation_time': 0.055251121520996094, 'batch_time': 0.05840507218090352, 'rtc_check_time': 0.0018982000037794933, 'experiment_id': 'exp_20240620_222959', 'client_id': '0'}
[2024-06-20 22:30:40,654][root][INFO] - Added data to batch for client 0: {'round': 3, 'step_no': 116, 'loss': 0.4167894721031189, 'accuracy': 0.893750011920929, 'l2_norm': 0.1162450835108757, 'computation_time': 0.03915905952453613, 'batch_time': 0.042820705799385905, 'rtc_check_time': 0.002546800998970866, 'experiment_id': 'exp_20240620_222959', 'client_id': '0'}
[2024-06-20 22:30:40,655][root][INFO] - Added data to batch for client 0: {'round': 3, 'step_no': 117, 'loss': 0.3588780164718628, 'accuracy': 0.890625, 'l2_norm': 0.13649213314056396, 'computation_time': 0.04984903335571289, 'batch_time': 0.05279684817651287, 'rtc_check_time': 0.0015358999953605235, 'experiment_id': 'exp_20240620_222959', 'client_id': '0'}
[2024-06-20 22:30:40,656][root][INFO] - Added data to batch for client 0: {'round': 3, 'step_no': 118, 'loss': 0.4955848455429077, 'accuracy': 0.8839285969734192, 'l2_norm': 0.13065630197525024, 'computation_time': 0.03907299041748047, 'batch_time': 0.044371088239131495, 'rtc_check_time': 0.0041760999883990735, 'experiment_id': 'exp_20240620_222959', 'client_id': '0'}
[2024-06-20 22:30:40,658][root][INFO] - Added data to batch for client 0: {'round': 3, 'step_no': 119, 'loss': 0.5496138334274292, 'accuracy': 0.875, 'l2_norm': 0.16921092569828033, 'computation_time': 0.04113912582397461, 'batch_time': 0.04402534995460883, 'rtc_check_time': 0.0016113999881781638, 'experiment_id': 'exp_20240620_222959', 'client_id': '0'}
[2024-06-20 22:30:40,660][root][INFO] - Added data to batch for client 0: {'round': 3, 'step_no': 120, 'loss': 0.39681699872016907, 'accuracy': 0.8680555820465088, 'l2_norm': 0.18595919013023376, 'computation_time': 0.047868967056274414, 'batch_time': 0.0525310855882708, 'rtc_check_time': 0.0031000000017229468, 'experiment_id': 'exp_20240620_222959', 'client_id': '0'}
[2024-06-20 22:30:40,661][root][INFO] - Added data to batch for client 0: {'round': 3, 'step_no': 121, 'loss': 0.2771809995174408, 'accuracy': 0.875, 'l2_norm': 0.1768522560596466, 'computation_time': 0.0399479866027832, 'batch_time': 0.04496746518998407, 'rtc_check_time': 0.003918700007488951, 'experiment_id': 'exp_20240620_222959', 'client_id': '0'}
[2024-06-20 22:30:40,662][root][INFO] - Added data to batch for client 0: {'round': 3, 'step_no': 122, 'loss': 0.37723755836486816, 'accuracy': 0.875, 'l2_norm': 0.21522240340709686, 'computation_time': 0.04037785530090332, 'batch_time': 0.04510133470466826, 'rtc_check_time': 0.0034992000000784174, 'experiment_id': 'exp_20240620_222959', 'client_id': '0'}
[2024-06-20 22:30:40,663][root][INFO] - Added data to batch for client 0: {'round': 3, 'step_no': 123, 'loss': 0.3734835386276245, 'accuracy': 0.8776041865348816, 'l2_norm': 0.25071319937705994, 'computation_time': 0.04458785057067871, 'batch_time': 0.048333984857890755, 'rtc_check_time': 0.0024849000037647784, 'experiment_id': 'exp_20240620_222959', 'client_id': '0'}
[2024-06-20 22:30:40,664][root][INFO] - Added data to batch for client 0: {'round': 3, 'step_no': 124, 'loss': 0.4218006730079651, 'accuracy': 0.8774038553237915, 'l2_norm': 0.24221228063106537, 'computation_time': 0.041867971420288086, 'batch_time': 0.045865563457482494, 'rtc_check_time': 0.0026726999931270257, 'experiment_id': 'exp_20240620_222959', 'client_id': '0'}
[2024-06-20 22:30:40,666][root][INFO] - Added data to batch for client 0: {'round': 3, 'step_no': 125, 'loss': 0.2592579126358032, 'accuracy': 0.8816964030265808, 'l2_norm': 0.2741900384426117, 'computation_time': 0.04118919372558594, 'batch_time': 0.04449392718379386, 'rtc_check_time': 0.002166999998735264, 'experiment_id': 'exp_20240620_222959', 'client_id': '0'}
[2024-06-20 22:30:40,667][root][INFO] - Added data to batch for client 0: {'round': 3, 'step_no': 126, 'loss': 0.37285730242729187, 'accuracy': 0.8833333253860474, 'l2_norm': 0.2721507251262665, 'computation_time': 0.03936505317687988, 'batch_time': 0.04223373501736205, 'rtc_check_time': 0.0018286999984411523, 'experiment_id': 'exp_20240620_222959', 'client_id': '0'}
[2024-06-20 22:30:40,668][root][INFO] - Added data to batch for client 0: {'round': 3, 'step_no': 127, 'loss': 0.3701046109199524, 'accuracy': 0.884765625, 'l2_norm': 0.3087380826473236, 'computation_time': 0.039441823959350586, 'batch_time': 0.042939631195622496, 'rtc_check_time': 0.002470699997502379, 'experiment_id': 'exp_20240620_222959', 'client_id': '0'}
[2024-06-20 22:30:40,669][root][INFO] - Added data to batch for client 0: {'round': 3, 'step_no': 128, 'loss': 0.593923807144165, 'accuracy': 0.8786764740943909, 'l2_norm': 0.3502280116081238, 'computation_time': 0.04264402389526367, 'batch_time': 0.04707478461205028, 'rtc_check_time': 0.003230800008168444, 'experiment_id': 'exp_20240620_222959', 'client_id': '0'}
[2024-06-20 22:30:40,670][root][INFO] - Added data to batch for client 0: {'round': 3, 'step_no': 129, 'loss': 0.45069432258605957, 'accuracy': 0.8802083134651184, 'l2_norm': 0.35673823952674866, 'computation_time': 0.03970217704772949, 'batch_time': 0.04362615385616664, 'rtc_check_time': 0.002856099992641248, 'experiment_id': 'exp_20240620_222959', 'client_id': '0'}
[2024-06-20 22:30:40,671][root][INFO] - Added data to batch for client 0: {'round': 3, 'step_no': 130, 'loss': 0.2135966420173645, 'accuracy': 0.8832237124443054, 'l2_norm': 0.3784499168395996, 'computation_time': 0.0490109920501709, 'batch_time': 0.05159973620902747, 'rtc_check_time': 0.0014676999999210238, 'experiment_id': 'exp_20240620_222959', 'client_id': '0'}
[2024-06-20 22:30:40,672][root][INFO] - Added data to batch for client 0: {'round': 3, 'step_no': 131, 'loss': 0.4734053313732147, 'accuracy': 0.8828125, 'l2_norm': 0.3586846888065338, 'computation_time': 0.03915596008300781, 'batch_time': 0.04170350861386396, 'rtc_check_time': 0.0014934999926481396, 'experiment_id': 'exp_20240620_222959', 'client_id': '0'}
[2024-06-20 22:30:40,674][root][INFO] - Added data to batch for client 0: {'round': 3, 'step_no': 132, 'loss': 0.3149038851261139, 'accuracy': 0.882440447807312, 'l2_norm': 0.38751158118247986, 'computation_time': 0.03970909118652344, 'batch_time': 0.04359835441573523, 'rtc_check_time': 0.0028313999937381595, 'experiment_id': 'exp_20240620_222959', 'client_id': '0'}
[2024-06-20 22:30:40,675][root][INFO] - Added data to batch for client 0: {'round': 3, 'step_no': 133, 'loss': 0.5361229181289673, 'accuracy': 0.8792613744735718, 'l2_norm': 0.4097769260406494, 'computation_time': 0.048307180404663086, 'batch_time': 0.05510668069473468, 'rtc_check_time': 0.005050700012361631, 'experiment_id': 'exp_20240620_222959', 'client_id': '0'}
[2024-06-20 22:30:40,676][root][INFO] - Added data to batch for client 0: {'round': 3, 'step_no': 134, 'loss': 0.11679616570472717, 'accuracy': 0.883152186870575, 'l2_norm': 0.41989967226982117, 'computation_time': 0.04457902908325195, 'batch_time': 0.04944796206837054, 'rtc_check_time': 0.003685899995616637, 'experiment_id': 'exp_20240620_222959', 'client_id': '0'}
[2024-06-20 22:30:40,677][root][INFO] - Added data to batch for client 0: {'round': 3, 'step_no': 135, 'loss': 0.24903567135334015, 'accuracy': 0.8854166865348816, 'l2_norm': 0.4278048574924469, 'computation_time': 0.03891587257385254, 'batch_time': 0.042431840833160095, 'rtc_check_time': 0.002485999997588806, 'experiment_id': 'exp_20240620_222959', 'client_id': '0'}
[2024-06-20 22:30:40,678][root][INFO] - Added data to batch for client 0: {'round': 3, 'step_no': 136, 'loss': 0.4105949103832245, 'accuracy': 0.8849999904632568, 'l2_norm': 0.49356162548065186, 'computation_time': 0.04012799263000488, 'batch_time': 0.04541851324029267, 'rtc_check_time': 0.004081499995663762, 'experiment_id': 'exp_20240620_222959', 'client_id': '0'}
[2024-06-20 22:30:40,679][root][INFO] - Added data to batch for client 0: {'round': 3, 'step_no': 137, 'loss': 0.296545147895813, 'accuracy': 0.885817289352417, 'l2_norm': 0.5008645057678223, 'computation_time': 0.0387110710144043, 'batch_time': 0.04365524345485028, 'rtc_check_time': 0.0038093000039225444, 'experiment_id': 'exp_20240620_222959', 'client_id': '0'}
[2024-06-20 22:30:40,680][root][INFO] - Added data to batch for client 0: {'round': 3, 'step_no': 138, 'loss': 0.42827656865119934, 'accuracy': 0.8877314925193787, 'l2_norm': 0.5386900901794434, 'computation_time': 0.04172492027282715, 'batch_time': 0.04448474590026308, 'rtc_check_time': 0.0015786999865667894, 'experiment_id': 'exp_20240620_222959', 'client_id': '0'}
[2024-06-20 22:30:40,681][root][INFO] - Added data to batch for client 0: {'round': 3, 'step_no': 139, 'loss': 0.4118120074272156, 'accuracy': 0.8850446343421936, 'l2_norm': 0.5664936304092407, 'computation_time': 0.03960990905761719, 'batch_time': 0.04622261060285382, 'rtc_check_time': 0.005340500007150695, 'experiment_id': 'exp_20240620_222959', 'client_id': '0'}
[2024-06-20 22:30:40,682][root][INFO] - Added data to batch for client 0: {'round': 3, 'step_no': 140, 'loss': 0.2030363529920578, 'accuracy': 0.8868534564971924, 'l2_norm': 0.5645335912704468, 'computation_time': 0.03915095329284668, 'batch_time': 0.04249044871539809, 'rtc_check_time': 0.002289500000188127, 'experiment_id': 'exp_20240620_222959', 'client_id': '0'}
[2024-06-20 22:30:40,683][root][INFO] - Added data to batch for client 0: {'round': 3, 'step_no': 141, 'loss': 0.17446646094322205, 'accuracy': 0.890625, 'l2_norm': 0.5749805569648743, 'computation_time': 0.04091596603393555, 'batch_time': 0.0467631995852571, 'rtc_check_time': 0.004667300003347918, 'experiment_id': 'exp_20240620_222959', 'client_id': '0'}
[2024-06-20 22:30:40,684][root][INFO] - Added data to batch for client 0: {'round': 3, 'step_no': 142, 'loss': 0.19583293795585632, 'accuracy': 0.8931451439857483, 'l2_norm': 0.624093770980835, 'computation_time': 0.038632869720458984, 'batch_time': 0.04232595703797415, 'rtc_check_time': 0.002470000006724149, 'experiment_id': 'exp_20240620_222959', 'client_id': '0'}
[2024-06-20 22:30:40,685][root][INFO] - Added data to batch for client 0: {'round': 3, 'step_no': 143, 'loss': 0.4235668480396271, 'accuracy': 0.8916015625, 'l2_norm': 0.6595032215118408, 'computation_time': 0.04438495635986328, 'batch_time': 0.049729071601177566, 'rtc_check_time': 0.003464900000835769, 'experiment_id': 'exp_20240620_222959', 'client_id': '0'}
[2024-06-20 22:30:40,687][root][INFO] - Added data to batch for client 0: {'round': 3, 'step_no': 144, 'loss': 0.402222603559494, 'accuracy': 0.8910984992980957, 'l2_norm': 0.6790499091148376, 'computation_time': 0.04684782028198242, 'batch_time': 0.05053421908814926, 'rtc_check_time': 0.00210019999940414, 'experiment_id': 'exp_20240620_222959', 'client_id': '0'}
[2024-06-20 22:30:40,688][root][INFO] - Added data to batch for client 0: {'round': 3, 'step_no': 145, 'loss': 0.2964141070842743, 'accuracy': 0.892463207244873, 'l2_norm': 0.6902176737785339, 'computation_time': 0.04334306716918945, 'batch_time': 0.0487397075194167, 'rtc_check_time': 0.004211700012092479, 'experiment_id': 'exp_20240620_222959', 'client_id': '0'}
[2024-06-20 22:30:40,689][root][INFO] - Added data to batch for client 0: {'round': 3, 'step_no': 146, 'loss': 0.40264758467674255, 'accuracy': 0.8928571343421936, 'l2_norm': 0.7221236228942871, 'computation_time': 0.039541006088256836, 'batch_time': 0.04371322244696785, 'rtc_check_time': 0.0031103000073926523, 'experiment_id': 'exp_20240620_222959', 'client_id': '0'}
[2024-06-20 22:30:40,690][root][INFO] - Added data to batch for client 0: {'round': 3, 'step_no': 147, 'loss': 0.2966598868370056, 'accuracy': 0.8940972089767456, 'l2_norm': 0.7223049998283386, 'computation_time': 0.04171586036682129, 'batch_time': 0.044487912411568686, 'rtc_check_time': 0.0013959000061731786, 'experiment_id': 'exp_20240620_222959', 'client_id': '0'}
[2024-06-20 22:30:40,691][root][INFO] - Added data to batch for client 0: {'round': 3, 'step_no': 148, 'loss': 0.13435737788677216, 'accuracy': 0.8961148858070374, 'l2_norm': 0.7380637526512146, 'computation_time': 0.03965497016906738, 'batch_time': 0.04232622047129553, 'rtc_check_time': 0.0015843000001041219, 'experiment_id': 'exp_20240620_222959', 'client_id': '0'}
[2024-06-20 22:30:40,692][root][INFO] - Added data to batch for client 0: {'round': 3, 'step_no': 149, 'loss': 0.32767027616500854, 'accuracy': 0.8972039222717285, 'l2_norm': 0.7877430319786072, 'computation_time': 0.04224705696105957, 'batch_time': 0.04586529087100644, 'rtc_check_time': 0.0022695000079693273, 'experiment_id': 'exp_20240620_222959', 'client_id': '0'}
[2024-06-20 22:30:40,693][root][INFO] - Added data to batch for client 0: {'round': 3, 'step_no': 150, 'loss': 0.2914906144142151, 'accuracy': 0.8966346383094788, 'l2_norm': 0.841362714767456, 'computation_time': 0.03859901428222656, 'batch_time': 0.0448926374228904, 'rtc_check_time': 0.005226699999184348, 'experiment_id': 'exp_20240620_222959', 'client_id': '0'}
[2024-06-20 22:30:40,694][root][INFO] - Added data to batch for client 0: {'round': 3, 'step_no': 151, 'loss': 0.2198726236820221, 'accuracy': 0.8984375, 'l2_norm': 0.8522186279296875, 'computation_time': 0.04238700866699219, 'batch_time': 0.04521094910160173, 'rtc_check_time': 0.0015968000079737976, 'experiment_id': 'exp_20240620_222959', 'client_id': '0'}
[2024-06-20 22:30:40,695][root][INFO] - Added data to batch for client 0: {'round': 3, 'step_no': 152, 'loss': 0.21939830482006073, 'accuracy': 0.8993902206420898, 'l2_norm': 0.8822696208953857, 'computation_time': 0.04344296455383301, 'batch_time': 0.04607395810307935, 'rtc_check_time': 0.0013998000067658722, 'experiment_id': 'exp_20240620_222959', 'client_id': '0'}
[2024-06-20 22:30:40,696][root][INFO] - Added data to batch for client 0: {'round': 3, 'step_no': 153, 'loss': 0.47628042101860046, 'accuracy': 0.898065447807312, 'l2_norm': 0.9289767742156982, 'computation_time': 0.04252910614013672, 'batch_time': 0.050907422162708826, 'rtc_check_time': 0.0069303999916883186, 'experiment_id': 'exp_20240620_222959', 'client_id': '0'}
[2024-06-20 22:30:40,697][root][INFO] - Added data to batch for client 0: {'round': 3, 'step_no': 154, 'loss': 0.5547035932540894, 'accuracy': 0.895348846912384, 'l2_norm': 0.9673731327056885, 'computation_time': 0.04892301559448242, 'batch_time': 0.0578419228841085, 'rtc_check_time': 0.006525900011183694, 'experiment_id': 'exp_20240620_222959', 'client_id': '0'}
[2024-06-20 22:30:40,698][root][INFO] - Added data to batch for client 0: {'round': 3, 'step_no': 155, 'loss': 0.5424512028694153, 'accuracy': 0.8948863744735718, 'l2_norm': 0.978419303894043, 'computation_time': 0.039839982986450195, 'batch_time': 0.04324692026420962, 'rtc_check_time': 0.002333099997485988, 'experiment_id': 'exp_20240620_222959', 'client_id': '0'}
[2024-06-20 22:30:40,699][root][INFO] - Added data to batch for client 0: {'round': 3, 'step_no': 156, 'loss': 0.3682975471019745, 'accuracy': 0.8951388597488403, 'l2_norm': 0.9917626976966858, 'computation_time': 0.0469050407409668, 'batch_time': 0.052948057622415945, 'rtc_check_time': 0.004727899999124929, 'experiment_id': 'exp_20240620_222959', 'client_id': '0'}
[2024-06-20 22:30:40,700][root][INFO] - Added data to batch for client 0: {'round': 3, 'step_no': 157, 'loss': 0.245738685131073, 'accuracy': 0.895380437374115, 'l2_norm': 1.0117849111557007, 'computation_time': 0.04937601089477539, 'batch_time': 0.052722061969689094, 'rtc_check_time': 0.0016230000037467107, 'experiment_id': 'exp_20240620_222959', 'client_id': '0'}
[2024-06-20 22:30:40,701][root][INFO] - Added data to batch for client 0: {'round': 3, 'step_no': 158, 'loss': 0.0802454948425293, 'accuracy': 0.897606372833252, 'l2_norm': 1.0217260122299194, 'computation_time': 0.055152177810668945, 'batch_time': 0.06032794193015434, 'rtc_check_time': 0.0036958999990019947, 'experiment_id': 'exp_20240620_222959', 'client_id': '0'}
[2024-06-20 22:30:40,702][root][INFO] - Added data to batch for client 0: {'round': 3, 'step_no': 159, 'loss': 0.08657481521368027, 'accuracy': 0.8997395634651184, 'l2_norm': 1.043575644493103, 'computation_time': 0.06499409675598145, 'batch_time': 0.07174518816464115, 'rtc_check_time': 0.004654200005461462, 'experiment_id': 'exp_20240620_222959', 'client_id': '0'}
[2024-06-20 22:30:40,703][root][INFO] - Added data to batch for client 0: {'round': 3, 'step_no': 160, 'loss': 0.11748560518026352, 'accuracy': 0.9017857313156128, 'l2_norm': 1.064868688583374, 'computation_time': 0.04911303520202637, 'batch_time': 0.05289734520192724, 'rtc_check_time': 0.0025163999962387607, 'experiment_id': 'exp_20240620_222959', 'client_id': '0'}
[2024-06-20 22:30:40,704][root][INFO] - Added data to batch for client 0: {'round': 3, 'step_no': 161, 'loss': 0.5521532297134399, 'accuracy': 0.9006249904632568, 'l2_norm': 1.1405832767486572, 'computation_time': 0.05154109001159668, 'batch_time': 0.05423957538732793, 'rtc_check_time': 0.0015927000058582053, 'experiment_id': 'exp_20240620_222959', 'client_id': '0'}
[2024-06-20 22:30:40,705][root][INFO] - Added data to batch for client 0: {'round': 3, 'step_no': 162, 'loss': 0.2973667085170746, 'accuracy': 0.9007353186607361, 'l2_norm': 1.1053080558776855, 'computation_time': 0.05048990249633789, 'batch_time': 0.0528867886896478, 'rtc_check_time': 0.0011675999994622543, 'experiment_id': 'exp_20240620_222959', 'client_id': '0'}
[2024-06-20 22:30:40,706][root][INFO] - Added data to batch for client 0: {'round': 3, 'step_no': 163, 'loss': 0.2997189462184906, 'accuracy': 0.901442289352417, 'l2_norm': 1.146763801574707, 'computation_time': 0.04485011100769043, 'batch_time': 0.04858207851066254, 'rtc_check_time': 0.0017158999980892986, 'experiment_id': 'exp_20240620_222959', 'client_id': '0'}
[2024-06-20 22:30:40,707][root][INFO] - Added data to batch for client 0: {'round': 3, 'step_no': 164, 'loss': 0.376304030418396, 'accuracy': 0.900943398475647, 'l2_norm': 1.2015734910964966, 'computation_time': 0.04390907287597656, 'batch_time': 0.047013724950375035, 'rtc_check_time': 0.001984800008358434, 'experiment_id': 'exp_20240620_222959', 'client_id': '0'}
[2024-06-20 22:30:40,708][root][INFO] - Added data to batch for client 0: {'round': 3, 'step_no': 165, 'loss': 0.371733158826828, 'accuracy': 0.9004629850387573, 'l2_norm': 1.2681059837341309, 'computation_time': 0.038208961486816406, 'batch_time': 0.04370750323869288, 'rtc_check_time': 0.004449500003829598, 'experiment_id': 'exp_20240620_222959', 'client_id': '0'}
[2024-06-20 22:30:40,709][root][INFO] - Added data to batch for client 0: {'round': 3, 'step_no': 166, 'loss': 0.3535591959953308, 'accuracy': 0.8994318246841431, 'l2_norm': 1.2919819355010986, 'computation_time': 0.037969112396240234, 'batch_time': 0.04314848427020479, 'rtc_check_time': 0.004041399995912798, 'experiment_id': 'exp_20240620_222959', 'client_id': '0'}
[2024-06-20 22:30:40,710][root][INFO] - Added data to batch for client 0: {'round': 3, 'step_no': 167, 'loss': 0.3319704234600067, 'accuracy': 0.8989955186843872, 'l2_norm': 1.3407506942749023, 'computation_time': 0.05229306221008301, 'batch_time': 0.05677084637864027, 'rtc_check_time': 0.0025968999980250373, 'experiment_id': 'exp_20240620_222959', 'client_id': '0'}
[2024-06-20 22:30:40,711][root][INFO] - Added data to batch for client 0: {'round': 3, 'step_no': 168, 'loss': 0.17170417308807373, 'accuracy': 0.9007675647735596, 'l2_norm': 1.3552426099777222, 'computation_time': 0.040228843688964844, 'batch_time': 0.055085906889871694, 'rtc_check_time': 0.0137508009938756, 'experiment_id': 'exp_20240620_222959', 'client_id': '0'}
[2024-06-20 22:30:40,712][root][INFO] - Added data to batch for client 0: {'round': 3, 'step_no': 169, 'loss': 0.4225747585296631, 'accuracy': 0.9008620977401733, 'l2_norm': 1.395275592803955, 'computation_time': 0.039511919021606445, 'batch_time': 0.04684612494020257, 'rtc_check_time': 0.006129000001237728, 'experiment_id': 'exp_20240620_222959', 'client_id': '0'}
[2024-06-20 22:30:40,713][root][INFO] - Added data to batch for client 0: {'round': 3, 'step_no': 170, 'loss': 0.4830702841281891, 'accuracy': 0.8993644118309021, 'l2_norm': 1.4626790285110474, 'computation_time': 0.04212498664855957, 'batch_time': 0.045813386343070306, 'rtc_check_time': 0.0024913000088417903, 'experiment_id': 'exp_20240620_222959', 'client_id': '0'}
[2024-06-20 22:30:40,714][root][INFO] - Added data to batch for client 0: {'round': 3, 'step_no': 171, 'loss': 0.37701383233070374, 'accuracy': 0.8989583253860474, 'l2_norm': 1.5229767560958862, 'computation_time': 0.04254794120788574, 'batch_time': 0.04775566062016878, 'rtc_check_time': 0.004034700003103353, 'experiment_id': 'exp_20240620_222959', 'client_id': '0'}
[2024-06-20 22:30:40,715][root][INFO] - Added data to batch for client 0: {'round': 3, 'step_no': 172, 'loss': 0.606734573841095, 'accuracy': 0.8980532884597778, 'l2_norm': 1.52976655960083, 'computation_time': 0.04099702835083008, 'batch_time': 0.043418051485787146, 'rtc_check_time': 0.0013540999934775755, 'experiment_id': 'exp_20240620_222959', 'client_id': '0'}
[2024-06-20 22:30:40,716][root][INFO] - Added data to batch for client 0: {'round': 3, 'step_no': 173, 'loss': 0.24168714880943298, 'accuracy': 0.8986895084381104, 'l2_norm': 1.56511652469635, 'computation_time': 0.04380393028259277, 'batch_time': 0.04928624093008693, 'rtc_check_time': 0.0043832009978359565, 'experiment_id': 'exp_20240620_222959', 'client_id': '0'}
[2024-06-20 22:30:40,718][root][INFO] - Added data to batch for client 0: {'round': 3, 'step_no': 174, 'loss': 0.2109074741601944, 'accuracy': 0.8993055820465088, 'l2_norm': 1.5793160200119019, 'computation_time': 0.03948807716369629, 'batch_time': 0.04512709395203274, 'rtc_check_time': 0.004366099994513206, 'experiment_id': 'exp_20240620_222959', 'client_id': '0'}
[2024-06-20 22:30:40,719][root][INFO] - Added data to batch for client 0: {'round': 3, 'step_no': 175, 'loss': 0.298134446144104, 'accuracy': 0.8994140625, 'l2_norm': 1.6151883602142334, 'computation_time': 0.04407787322998047, 'batch_time': 0.04925077280495316, 'rtc_check_time': 0.0037617000052705407, 'experiment_id': 'exp_20240620_222959', 'client_id': '0'}
[2024-06-20 22:30:40,720][root][INFO] - Added data to batch for client 0: {'round': 3, 'step_no': 176, 'loss': 0.3165796995162964, 'accuracy': 0.8990384340286255, 'l2_norm': 1.6798304319381714, 'computation_time': 0.04636096954345703, 'batch_time': 0.049003337044268847, 'rtc_check_time': 0.0014374000020325184, 'experiment_id': 'exp_20240620_222959', 'client_id': '0'}
[2024-06-20 22:30:40,720][root][INFO] - Added data to batch for client 0: {'round': 3, 'step_no': 177, 'loss': 0.7159038782119751, 'accuracy': 0.8963068127632141, 'l2_norm': 1.708457589149475, 'computation_time': 0.04217696189880371, 'batch_time': 0.044957990510738455, 'rtc_check_time': 0.0015310000017052516, 'experiment_id': 'exp_20240620_222959', 'client_id': '0'}
[2024-06-20 22:30:40,721][root][INFO] - Added data to batch for client 0: {'round': 3, 'step_no': 178, 'loss': 0.0800788402557373, 'accuracy': 0.8978545069694519, 'l2_norm': 1.7111272811889648, 'computation_time': 0.04173398017883301, 'batch_time': 0.044713311188388616, 'rtc_check_time': 0.001657299988437444, 'experiment_id': 'exp_20240620_222959', 'client_id': '0'}
[2024-06-20 22:30:40,722][root][INFO] - Added data to batch for client 0: {'round': 3, 'step_no': 179, 'loss': 0.42074352502822876, 'accuracy': 0.8979779481887817, 'l2_norm': 1.7175413370132446, 'computation_time': 0.038909912109375, 'batch_time': 0.05716908277827315, 'rtc_check_time': 0.01715719999629073, 'experiment_id': 'exp_20240620_222959', 'client_id': '0'}
[2024-06-20 22:30:40,723][root][INFO] - Added data to batch for client 0: {'round': 3, 'step_no': 180, 'loss': 0.11922308802604675, 'accuracy': 0.8990036249160767, 'l2_norm': 1.7322049140930176, 'computation_time': 0.041055917739868164, 'batch_time': 0.04650804634729866, 'rtc_check_time': 0.004202099997201003, 'experiment_id': 'exp_20240620_222959', 'client_id': '0'}
[2024-06-20 22:30:40,724][root][INFO] - Added data to batch for client 0: {'round': 3, 'step_no': 181, 'loss': 0.17316895723342896, 'accuracy': 0.8995535969734192, 'l2_norm': 1.7646664381027222, 'computation_time': 0.04312896728515625, 'batch_time': 0.04834886688331608, 'rtc_check_time': 0.0040650000009918585, 'experiment_id': 'exp_20240620_222959', 'client_id': '0'}
[2024-06-20 22:30:40,726][root][INFO] - Added data to batch for client 0: {'round': 3, 'step_no': 182, 'loss': 0.1883133053779602, 'accuracy': 0.8996478915214539, 'l2_norm': 1.7708981037139893, 'computation_time': 0.0516510009765625, 'batch_time': 0.055477904388681054, 'rtc_check_time': 0.0019247999880462885, 'experiment_id': 'exp_20240620_222959', 'client_id': '0'}
[2024-06-20 22:30:40,727][root][INFO] - Added data to batch for client 0: {'round': 3, 'step_no': 183, 'loss': 0.08666535466909409, 'accuracy': 0.9010416865348816, 'l2_norm': 1.787941336631775, 'computation_time': 0.05405306816101074, 'batch_time': 0.06350585057225544, 'rtc_check_time': 0.007604800004628487, 'experiment_id': 'exp_20240620_222959', 'client_id': '0'}
[2024-06-20 22:30:40,728][root][INFO] - Added data to batch for client 0: {'round': 3, 'step_no': 184, 'loss': 0.3173788785934448, 'accuracy': 0.9011130332946777, 'l2_norm': 1.823059320449829, 'computation_time': 0.0473179817199707, 'batch_time': 0.04964430068503134, 'rtc_check_time': 0.0013642999983858317, 'experiment_id': 'exp_20240620_222959', 'client_id': '0'}
[2024-06-20 22:30:40,729][root][INFO] - Added data to batch for client 0: {'round': 3, 'step_no': 185, 'loss': 0.264771968126297, 'accuracy': 0.9011824131011963, 'l2_norm': 1.8379684686660767, 'computation_time': 0.04039716720581055, 'batch_time': 0.04622944140282925, 'rtc_check_time': 0.004664499996579252, 'experiment_id': 'exp_20240620_222959', 'client_id': '0'}
[2024-06-20 22:30:40,730][root][INFO] - Added data to batch for client 0: {'round': 3, 'step_no': 186, 'loss': 0.45032769441604614, 'accuracy': 0.9008333086967468, 'l2_norm': 1.9002646207809448, 'computation_time': 0.03890705108642578, 'batch_time': 0.0426394291134784, 'rtc_check_time': 0.002628500005812384, 'experiment_id': 'exp_20240620_222959', 'client_id': '0'}
[2024-06-20 22:30:40,731][root][INFO] - Added data to batch for client 0: {'round': 3, 'step_no': 187, 'loss': 0.2812708914279938, 'accuracy': 0.9009045958518982, 'l2_norm': 1.9091227054595947, 'computation_time': 0.038810014724731445, 'batch_time': 0.04338844641461037, 'rtc_check_time': 0.003473599994322285, 'experiment_id': 'exp_20240620_222959', 'client_id': '0'}
[2024-06-20 22:30:40,732][root][INFO] - Added data to batch for client 0: {'round': 3, 'step_no': 188, 'loss': 0.2893044054508209, 'accuracy': 0.9009740352630615, 'l2_norm': 1.9828791618347168, 'computation_time': 0.04329204559326172, 'batch_time': 0.04604694209410809, 'rtc_check_time': 0.0014547999890055507, 'experiment_id': 'exp_20240620_222959', 'client_id': '0'}
[2024-06-20 22:30:40,733][root][INFO] - Added data to batch for client 0: {'round': 3, 'step_no': 189, 'loss': 0.1926196813583374, 'accuracy': 0.901442289352417, 'l2_norm': 1.9884344339370728, 'computation_time': 0.04168295860290527, 'batch_time': 0.0440935181977693, 'rtc_check_time': 0.0014123010041657835, 'experiment_id': 'exp_20240620_222959', 'client_id': '0'}
[2024-06-20 22:30:40,733][root][INFO] - Added data to batch for client 0: {'round': 3, 'step_no': 190, 'loss': 0.26939699053764343, 'accuracy': 0.9011076092720032, 'l2_norm': 2.0498077869415283, 'computation_time': 0.041471004486083984, 'batch_time': 0.044294151695794426, 'rtc_check_time': 0.0015909999929135665, 'experiment_id': 'exp_20240620_222959', 'client_id': '0'}
[2024-06-20 22:30:40,734][root][INFO] - Added data to batch for client 0: {'round': 3, 'step_no': 191, 'loss': 0.09657055139541626, 'accuracy': 0.9019531011581421, 'l2_norm': 2.0681495666503906, 'computation_time': 0.040959835052490234, 'batch_time': 0.0459494545502821, 'rtc_check_time': 0.0037744000001112, 'experiment_id': 'exp_20240620_222959', 'client_id': '0'}
[2024-06-20 22:30:40,735][root][INFO] - Added data to batch for client 0: {'round': 3, 'step_no': 192, 'loss': 0.1980666071176529, 'accuracy': 0.9023919701576233, 'l2_norm': 2.0952205657958984, 'computation_time': 0.04119992256164551, 'batch_time': 0.04442911063961219, 'rtc_check_time': 0.002181100004236214, 'experiment_id': 'exp_20240620_222959', 'client_id': '0'}
[2024-06-20 22:30:40,736][root][INFO] - Added data to batch for client 0: {'round': 3, 'step_no': 193, 'loss': 0.14899371564388275, 'accuracy': 0.9032012224197388, 'l2_norm': 2.1159088611602783, 'computation_time': 0.04527616500854492, 'batch_time': 0.04921348919742741, 'rtc_check_time': 0.0021077000128570944, 'experiment_id': 'exp_20240620_222959', 'client_id': '0'}
[2024-06-20 22:30:40,737][root][INFO] - Added data to batch for client 0: {'round': 3, 'step_no': 194, 'loss': 0.13514554500579834, 'accuracy': 0.9039909839630127, 'l2_norm': 2.1339101791381836, 'computation_time': 0.04162192344665527, 'batch_time': 0.04740881605539471, 'rtc_check_time': 0.004673001007176936, 'experiment_id': 'exp_20240620_222959', 'client_id': '0'}
[2024-06-20 22:30:40,738][root][INFO] - Added data to batch for client 0: {'round': 3, 'step_no': 195, 'loss': 0.07040183246135712, 'accuracy': 0.9047619104385376, 'l2_norm': 2.148285388946533, 'computation_time': 0.04362201690673828, 'batch_time': 0.047206405535689555, 'rtc_check_time': 0.0025393999967491254, 'experiment_id': 'exp_20240620_222959', 'client_id': '0'}
[2024-06-20 22:30:40,739][root][INFO] - Added data to batch for client 0: {'round': 3, 'step_no': 196, 'loss': 0.1535331904888153, 'accuracy': 0.9058823585510254, 'l2_norm': 2.192976713180542, 'computation_time': 0.044873952865600586, 'batch_time': 0.04784460295923054, 'rtc_check_time': 0.0017117999959737062, 'experiment_id': 'exp_20240620_222959', 'client_id': '0'}
[2024-06-20 22:30:40,741][root][INFO] - Added data to batch for client 0: {'round': 3, 'step_no': 197, 'loss': 0.24878981709480286, 'accuracy': 0.9055232405662537, 'l2_norm': 2.239103078842163, 'computation_time': 0.05482912063598633, 'batch_time': 0.0605838984483853, 'rtc_check_time': 0.003875800990499556, 'experiment_id': 'exp_20240620_222959', 'client_id': '0'}
[2024-06-20 22:30:40,742][root][INFO] - Added data to batch for client 0: {'round': 3, 'step_no': 198, 'loss': 0.5823641419410706, 'accuracy': 0.9048132300376892, 'l2_norm': 2.334808588027954, 'computation_time': 0.04167914390563965, 'batch_time': 0.04418406081094872, 'rtc_check_time': 0.0014460999955190346, 'experiment_id': 'exp_20240620_222959', 'client_id': '0'}
[2024-06-20 22:30:40,743][root][INFO] - Added data to batch for client 0: {'round': 3, 'step_no': 199, 'loss': 0.1184750497341156, 'accuracy': 0.9055397510528564, 'l2_norm': 2.341665506362915, 'computation_time': 0.0443720817565918, 'batch_time': 0.04780904596555047, 'rtc_check_time': 0.0019148999999742955, 'experiment_id': 'exp_20240620_222959', 'client_id': '0'}
[2024-06-20 22:30:40,743][root][INFO] - Added data to batch for client 0: {'round': 3, 'step_no': 200, 'loss': 0.25887036323547363, 'accuracy': 0.9051966071128845, 'l2_norm': 2.381256341934204, 'computation_time': 0.041877031326293945, 'batch_time': 0.046950975389336236, 'rtc_check_time': 0.00399509999260772, 'experiment_id': 'exp_20240620_222959', 'client_id': '0'}
[2024-06-20 22:30:40,744][root][INFO] - Added data to batch for client 0: {'round': 3, 'step_no': 201, 'loss': 0.5247591733932495, 'accuracy': 0.9041666388511658, 'l2_norm': 2.442652940750122, 'computation_time': 0.04073905944824219, 'batch_time': 0.04493586145690642, 'rtc_check_time': 0.002969900000607595, 'experiment_id': 'exp_20240620_222959', 'client_id': '0'}
[2024-06-20 22:30:40,745][root][INFO] - Added data to batch for client 0: {'round': 3, 'step_no': 202, 'loss': 0.22178053855895996, 'accuracy': 0.9045329689979553, 'l2_norm': 2.4592125415802, 'computation_time': 0.041246891021728516, 'batch_time': 0.043689882062608376, 'rtc_check_time': 0.0013259999977890402, 'experiment_id': 'exp_20240620_222959', 'client_id': '0'}
[2024-06-20 22:30:40,746][root][INFO] - Added data to batch for client 0: {'round': 3, 'step_no': 203, 'loss': 0.2641099691390991, 'accuracy': 0.904891312122345, 'l2_norm': 2.5061497688293457, 'computation_time': 0.05542588233947754, 'batch_time': 0.057814791332930326, 'rtc_check_time': 0.0013288999907672405, 'experiment_id': 'exp_20240620_222959', 'client_id': '0'}
[2024-06-20 22:30:40,747][root][INFO] - Added data to batch for client 0: {'round': 3, 'step_no': 204, 'loss': 0.33358293771743774, 'accuracy': 0.9055779576301575, 'l2_norm': 2.547853946685791, 'computation_time': 0.04888010025024414, 'batch_time': 0.054940999965765513, 'rtc_check_time': 0.004308999996283092, 'experiment_id': 'exp_20240620_222959', 'client_id': '0'}
[2024-06-20 22:30:40,748][root][INFO] - Added data to batch for client 0: {'round': 3, 'step_no': 205, 'loss': 0.34344470500946045, 'accuracy': 0.9059175252914429, 'l2_norm': 2.5645458698272705, 'computation_time': 0.05562901496887207, 'batch_time': 0.05918440753885079, 'rtc_check_time': 0.0019772999949054793, 'experiment_id': 'exp_20240620_222959', 'client_id': '0'}
[2024-06-20 22:30:40,749][root][INFO] - Added data to batch for client 0: {'round': 3, 'step_no': 206, 'loss': 0.12758605182170868, 'accuracy': 0.9065789580345154, 'l2_norm': 2.5830576419830322, 'computation_time': 0.05837702751159668, 'batch_time': 0.062411472681560554, 'rtc_check_time': 0.001894400003948249, 'experiment_id': 'exp_20240620_222959', 'client_id': '0'}
[2024-06-20 22:30:40,750][root][INFO] - Added data to batch for client 0: {'round': 3, 'step_no': 207, 'loss': 0.08796964585781097, 'accuracy': 0.9072265625, 'l2_norm': 2.622457504272461, 'computation_time': 0.05071616172790527, 'batch_time': 0.05632425914518535, 'rtc_check_time': 0.004142299992963672, 'experiment_id': 'exp_20240620_222959', 'client_id': '0'}
[2024-06-20 22:30:40,752][root][INFO] - Added data to batch for client 0: {'round': 3, 'step_no': 208, 'loss': 0.3264703154563904, 'accuracy': 0.906572163105011, 'l2_norm': 2.646636962890625, 'computation_time': 0.04419708251953125, 'batch_time': 0.04688514379085973, 'rtc_check_time': 0.0014912000042386353, 'experiment_id': 'exp_20240620_222959', 'client_id': '0'}
[2024-06-20 22:30:40,753][root][INFO] - Added data to batch for client 0: {'round': 3, 'step_no': 209, 'loss': 0.8835800886154175, 'accuracy': 0.9049744606018066, 'l2_norm': 2.7221341133117676, 'computation_time': 0.03883504867553711, 'batch_time': 0.0433247340406524, 'rtc_check_time': 0.0033838999952422455, 'experiment_id': 'exp_20240620_222959', 'client_id': '0'}
[2024-06-20 22:30:40,754][root][INFO] - Added data to batch for client 0: {'round': 3, 'step_no': 210, 'loss': 0.15312613546848297, 'accuracy': 0.9056186676025391, 'l2_norm': 2.77671480178833, 'computation_time': 0.04546189308166504, 'batch_time': 0.048554457622230984, 'rtc_check_time': 0.001956500011147, 'experiment_id': 'exp_20240620_222959', 'client_id': '0'}
[2024-06-20 22:30:40,755][root][INFO] - Added data to batch for client 0: {'round': 3, 'step_no': 211, 'loss': 0.21874313056468964, 'accuracy': 0.9056249856948853, 'l2_norm': 2.806678533554077, 'computation_time': 0.041602134704589844, 'batch_time': 0.044420778009225614, 'rtc_check_time': 0.0015647999971406534, 'experiment_id': 'exp_20240620_222959', 'client_id': '0'}
[2024-06-20 22:30:40,756][root][INFO] - Added data to batch for client 0: {'round': 3, 'step_no': 212, 'loss': 0.3216206133365631, 'accuracy': 0.9053217768669128, 'l2_norm': 2.8525075912475586, 'computation_time': 0.04096198081970215, 'batch_time': 0.045777924766298383, 'rtc_check_time': 0.0035229999921284616, 'experiment_id': 'exp_20240620_222959', 'client_id': '0'}
[2024-06-20 22:30:40,757][root][INFO] - Added data to batch for client 0: {'round': 3, 'step_no': 213, 'loss': 0.29702872037887573, 'accuracy': 0.9053308963775635, 'l2_norm': 2.9229681491851807, 'computation_time': 0.0440068244934082, 'batch_time': 0.048891516707954, 'rtc_check_time': 0.003475399993476458, 'experiment_id': 'exp_20240620_222959', 'client_id': '0'}
[2024-06-20 22:30:40,758][root][INFO] - Added data to batch for client 0: {'round': 3, 'step_no': 214, 'loss': 0.4741513431072235, 'accuracy': 0.9047330021858215, 'l2_norm': 2.9750216007232666, 'computation_time': 0.042077064514160156, 'batch_time': 0.0445592536998447, 'rtc_check_time': 0.0014402999950107187, 'experiment_id': 'exp_20240620_222959', 'client_id': '0'}
[2024-06-20 22:30:40,758][root][INFO] - Added data to batch for client 0: {'round': 3, 'step_no': 215, 'loss': 0.18331626057624817, 'accuracy': 0.9044471383094788, 'l2_norm': 2.986680269241333, 'computation_time': 0.04308319091796875, 'batch_time': 0.047281574879889376, 'rtc_check_time': 0.002956700001959689, 'experiment_id': 'exp_20240620_222959', 'client_id': '0'}
[2024-06-20 22:30:40,759][root][INFO] - Added data to batch for client 0: {'round': 3, 'step_no': 216, 'loss': 0.22914934158325195, 'accuracy': 0.9047619104385376, 'l2_norm': 3.0253701210021973, 'computation_time': 0.04086780548095703, 'batch_time': 0.04560163429414388, 'rtc_check_time': 0.003655699998489581, 'experiment_id': 'exp_20240620_222959', 'client_id': '0'}
[2024-06-20 22:30:40,760][root][INFO] - Added data to batch for client 0: {'round': 3, 'step_no': 217, 'loss': 0.21929526329040527, 'accuracy': 0.9050707817077637, 'l2_norm': 3.0567595958709717, 'computation_time': 0.04340386390686035, 'batch_time': 0.05300391113269143, 'rtc_check_time': 0.008367900009034202, 'experiment_id': 'exp_20240620_222959', 'client_id': '0'}
[2024-06-20 22:30:40,762][root][INFO] - Added data to batch for client 0: {'round': 3, 'step_no': 218, 'loss': 0.14955946803092957, 'accuracy': 0.9056658744812012, 'l2_norm': 3.085174083709717, 'computation_time': 0.04257082939147949, 'batch_time': 0.04823473113356158, 'rtc_check_time': 0.004563599999528378, 'experiment_id': 'exp_20240620_222959', 'client_id': '0'}
[2024-06-20 22:30:40,762][root][INFO] - Added data to batch for client 0: {'round': 3, 'step_no': 219, 'loss': 0.5577719211578369, 'accuracy': 0.9050925970077515, 'l2_norm': 3.1496896743774414, 'computation_time': 0.039212942123413086, 'batch_time': 0.042480084506678395, 'rtc_check_time': 0.002178999988245778, 'experiment_id': 'exp_20240620_222959', 'client_id': '0'}
[2024-06-20 22:30:40,763][root][INFO] - Added data to batch for client 0: {'round': 3, 'step_no': 220, 'loss': 0.2568681240081787, 'accuracy': 0.9053899049758911, 'l2_norm': 3.2299647331237793, 'computation_time': 0.04572486877441406, 'batch_time': 0.04861623712349683, 'rtc_check_time': 0.0018191999988630414, 'experiment_id': 'exp_20240620_222959', 'client_id': '0'}
[2024-06-20 22:30:40,764][root][INFO] - Added data to batch for client 0: {'round': 3, 'step_no': 221, 'loss': 0.7356967329978943, 'accuracy': 0.9039772748947144, 'l2_norm': 3.2963292598724365, 'computation_time': 0.04059886932373047, 'batch_time': 0.044543631884153, 'rtc_check_time': 0.002669699999387376, 'experiment_id': 'exp_20240620_222959', 'client_id': '0'}
[2024-06-20 22:30:40,765][root][INFO] - Added data to batch for client 0: {'round': 3, 'step_no': 222, 'loss': 0.2163301259279251, 'accuracy': 0.9039977192878723, 'l2_norm': 3.3574509620666504, 'computation_time': 0.04559588432312012, 'batch_time': 0.04941456102824304, 'rtc_check_time': 0.0025367000052938238, 'experiment_id': 'exp_20240620_222959', 'client_id': '0'}
[2024-06-20 22:30:40,767][root][INFO] - Added data to batch for client 0: {'round': 3, 'step_no': 223, 'loss': 0.3022308647632599, 'accuracy': 0.904296875, 'l2_norm': 3.392432451248169, 'computation_time': 0.044400930404663086, 'batch_time': 0.048195043025771156, 'rtc_check_time': 0.0026261000020895153, 'experiment_id': 'exp_20240620_222959', 'client_id': '0'}
[2024-06-20 22:30:40,768][root][INFO] - Added data to batch for client 0: {'round': 3, 'step_no': 224, 'loss': 0.14066976308822632, 'accuracy': 0.9048672318458557, 'l2_norm': 3.4471309185028076, 'computation_time': 0.039031028747558594, 'batch_time': 0.04325405924464576, 'rtc_check_time': 0.003154200006974861, 'experiment_id': 'exp_20240620_222959', 'client_id': '0'}
[2024-06-20 22:30:40,769][root][INFO] - Added data to batch for client 0: {'round': 3, 'step_no': 225, 'loss': 0.14928293228149414, 'accuracy': 0.9054276347160339, 'l2_norm': 3.479095458984375, 'computation_time': 0.039357900619506836, 'batch_time': 0.04617181947105564, 'rtc_check_time': 0.005637800000840798, 'experiment_id': 'exp_20240620_222959', 'client_id': '0'}
[2024-06-20 22:30:40,770][root][INFO] - Added data to batch for client 0: {'round': 3, 'step_no': 226, 'loss': 0.187911719083786, 'accuracy': 0.905706524848938, 'l2_norm': 3.4899563789367676, 'computation_time': 0.040949106216430664, 'batch_time': 0.051912501876358874, 'rtc_check_time': 0.009738401000504382, 'experiment_id': 'exp_20240620_222959', 'client_id': '0'}
[2024-06-20 22:30:40,771][root][INFO] - Added data to batch for client 0: {'round': 3, 'step_no': 227, 'loss': 0.34482458233833313, 'accuracy': 0.9054418206214905, 'l2_norm': 3.579345941543579, 'computation_time': 0.04855608940124512, 'batch_time': 0.05162127084622625, 'rtc_check_time': 0.0016814000118756667, 'experiment_id': 'exp_20240620_222959', 'client_id': '0'}
[2024-06-20 22:30:40,772][root][INFO] - Added data to batch for client 0: {'round': 3, 'step_no': 228, 'loss': 0.11740569770336151, 'accuracy': 0.90625, 'l2_norm': 3.6249759197235107, 'computation_time': 0.04443192481994629, 'batch_time': 0.04834887575998437, 'rtc_check_time': 0.002790899990941398, 'experiment_id': 'exp_20240620_222959', 'client_id': '0'}
[2024-06-20 22:30:40,773][root][INFO] - Added data to batch for client 0: {'round': 3, 'step_no': 229, 'loss': 0.09769049286842346, 'accuracy': 0.9067796468734741, 'l2_norm': 3.6561832427978516, 'computation_time': 0.04408001899719238, 'batch_time': 0.04909384378697723, 'rtc_check_time': 0.0039078010013327, 'experiment_id': 'exp_20240620_222959', 'client_id': '0'}
[2024-06-20 22:30:40,774][root][INFO] - Added data to batch for client 0: {'round': 3, 'step_no': 230, 'loss': 0.150868222117424, 'accuracy': 0.9073004126548767, 'l2_norm': 3.7006423473358154, 'computation_time': 0.0411379337310791, 'batch_time': 0.0460134001186816, 'rtc_check_time': 0.003664300005766563, 'experiment_id': 'exp_20240620_222959', 'client_id': '0'}
[2024-06-20 22:30:40,775][root][INFO] - Added data to batch for client 0: {'round': 3, 'step_no': 231, 'loss': 0.09297332167625427, 'accuracy': 0.9078124761581421, 'l2_norm': 3.746267080307007, 'computation_time': 0.03989601135253906, 'batch_time': 0.04541643019183539, 'rtc_check_time': 0.004344299988588318, 'experiment_id': 'exp_20240620_222959', 'client_id': '0'}
[2024-06-20 22:30:40,776][root][INFO] - Added data to batch for client 0: {'round': 3, 'step_no': 232, 'loss': 0.22348228096961975, 'accuracy': 0.9083161354064941, 'l2_norm': 3.7742652893066406, 'computation_time': 0.04075193405151367, 'batch_time': 0.04576659738086164, 'rtc_check_time': 0.003914600005373359, 'experiment_id': 'exp_20240620_222959', 'client_id': '0'}
[2024-06-20 22:30:40,777][root][INFO] - Added data to batch for client 0: {'round': 3, 'step_no': 233, 'loss': 0.054802704602479935, 'accuracy': 0.9090676307678223, 'l2_norm': 3.7908389568328857, 'computation_time': 0.04418492317199707, 'batch_time': 0.05086584444507025, 'rtc_check_time': 0.005432800011476502, 'experiment_id': 'exp_20240620_222959', 'client_id': '0'}
[2024-06-20 22:30:40,778][root][INFO] - Added data to batch for client 0: {'round': 3, 'step_no': 234, 'loss': 0.23213928937911987, 'accuracy': 0.908790647983551, 'l2_norm': 3.8212716579437256, 'computation_time': 0.038645029067993164, 'batch_time': 0.042185223937849514, 'rtc_check_time': 0.0024871000059647486, 'experiment_id': 'exp_20240620_222959', 'client_id': '0'}
[2024-06-20 22:30:40,779][root][INFO] - Added data to batch for client 0: {'round': 3, 'step_no': 235, 'loss': 0.15991094708442688, 'accuracy': 0.9092742204666138, 'l2_norm': 3.887105703353882, 'computation_time': 0.03995394706726074, 'batch_time': 0.04797735113243107, 'rtc_check_time': 0.006893300000228919, 'experiment_id': 'exp_20240620_222959', 'client_id': '0'}
[2024-06-20 22:30:40,780][root][INFO] - Added data to batch for client 0: {'round': 3, 'step_no': 236, 'loss': 0.2864765524864197, 'accuracy': 0.909250020980835, 'l2_norm': 3.9264702796936035, 'computation_time': 0.0409848690032959, 'batch_time': 0.04740455324645154, 'rtc_check_time': 0.005307699990225956, 'experiment_id': 'exp_20240620_222959', 'client_id': '0'}
[2024-06-20 22:30:40,781][root][INFO] - Added data to batch for client 0: {'round': 3, 'step_no': 237, 'loss': 0.28574803471565247, 'accuracy': 0.9089781641960144, 'l2_norm': 4.01235294342041, 'computation_time': 0.04708385467529297, 'batch_time': 0.05031890494865365, 'rtc_check_time': 0.0018917999987024814, 'experiment_id': 'exp_20240620_222959', 'client_id': '0'}
[2024-06-20 22:30:40,782][root][INFO] - Added data to batch for client 0: {'round': 3, 'step_no': 238, 'loss': 0.5962643027305603, 'accuracy': 0.9087106585502625, 'l2_norm': 4.036591053009033, 'computation_time': 0.040116071701049805, 'batch_time': 0.04615081750671379, 'rtc_check_time': 0.004666699998779222, 'experiment_id': 'exp_20240620_222959', 'client_id': '0'}
[2024-06-20 22:30:40,783][root][INFO] - Added data to batch for client 0: {'round': 3, 'step_no': 239, 'loss': 0.14165861904621124, 'accuracy': 0.908935546875, 'l2_norm': 4.0655341148376465, 'computation_time': 0.045265913009643555, 'batch_time': 0.052305668126791716, 'rtc_check_time': 0.005808799993246794, 'experiment_id': 'exp_20240620_222959', 'client_id': '0'}
[2024-06-20 22:30:40,784][root][INFO] - Added data to batch for client 0: {'round': 3, 'step_no': 240, 'loss': 0.41242313385009766, 'accuracy': 0.9089147448539734, 'l2_norm': 4.128276348114014, 'computation_time': 0.04221510887145996, 'batch_time': 0.04783408601360861, 'rtc_check_time': 0.004125999999814667, 'experiment_id': 'exp_20240620_222959', 'client_id': '0'}
[2024-06-20 22:30:40,785][root][INFO] - Added data to batch for client 0: {'round': 3, 'step_no': 241, 'loss': 0.2926446199417114, 'accuracy': 0.9091346263885498, 'l2_norm': 4.163758754730225, 'computation_time': 0.03953409194946289, 'batch_time': 0.04587702111166436, 'rtc_check_time': 0.0050959999935003, 'experiment_id': 'exp_20240620_222959', 'client_id': '0'}
[2024-06-20 22:30:40,786][root][INFO] - Added data to batch for client 0: {'round': 3, 'step_no': 242, 'loss': 0.4211587905883789, 'accuracy': 0.9086354970932007, 'l2_norm': 4.222489833831787, 'computation_time': 0.04165005683898926, 'batch_time': 0.044377252052072436, 'rtc_check_time': 0.00150529999518767, 'experiment_id': 'exp_20240620_222959', 'client_id': '0'}
[2024-06-20 22:30:40,787][root][INFO] - Added data to batch for client 0: {'round': 3, 'step_no': 243, 'loss': 0.1657893806695938, 'accuracy': 0.9088541865348816, 'l2_norm': 4.247736930847168, 'computation_time': 0.04457497596740723, 'batch_time': 0.047529788585961796, 'rtc_check_time': 0.001786799999536015, 'experiment_id': 'exp_20240620_222959', 'client_id': '0'}
[2024-06-20 22:30:40,788][root][INFO] - Added data to batch for client 0: {'round': 3, 'step_no': 244, 'loss': 0.12841607630252838, 'accuracy': 0.9093044996261597, 'l2_norm': 4.30556583404541, 'computation_time': 0.04739117622375488, 'batch_time': 0.050388564239256084, 'rtc_check_time': 0.001436699996702373, 'experiment_id': 'exp_20240620_222959', 'client_id': '0'}
[2024-06-20 22:30:40,789][root][INFO] - Added data to batch for client 0: {'round': 3, 'step_no': 245, 'loss': 0.39298930764198303, 'accuracy': 0.9092817306518555, 'l2_norm': 4.357121467590332, 'computation_time': 0.04240703582763672, 'batch_time': 0.047283041101763956, 'rtc_check_time': 0.0037099000037414953, 'experiment_id': 'exp_20240620_222959', 'client_id': '0'}
[2024-06-20 22:30:40,790][root][INFO] - Added data to batch for client 0: {'round': 3, 'step_no': 246, 'loss': 0.2142743468284607, 'accuracy': 0.9094907641410828, 'l2_norm': 4.384289264678955, 'computation_time': 0.04874587059020996, 'batch_time': 0.05159496533451602, 'rtc_check_time': 0.001581899996381253, 'experiment_id': 'exp_20240620_222959', 'client_id': '0'}
[2024-06-20 22:30:40,791][root][INFO] - Added data to batch for client 0: {'round': 3, 'step_no': 247, 'loss': 0.15990899503231049, 'accuracy': 0.9099264740943909, 'l2_norm': 4.423712730407715, 'computation_time': 0.04594588279724121, 'batch_time': 0.04938174053677358, 'rtc_check_time': 0.002304800000274554, 'experiment_id': 'exp_20240620_222959', 'client_id': '0'}
[2024-06-20 22:30:40,792][root][INFO] - Added data to batch for client 0: {'round': 3, 'step_no': 248, 'loss': 0.12408928573131561, 'accuracy': 0.9103558659553528, 'l2_norm': 4.448485374450684, 'computation_time': 0.04217791557312012, 'batch_time': 0.04567843508266378, 'rtc_check_time': 0.0022853000118630007, 'experiment_id': 'exp_20240620_222959', 'client_id': '0'}
[2024-06-20 22:30:40,793][root][INFO] - Added data to batch for client 0: {'round': 3, 'step_no': 249, 'loss': 0.312232106924057, 'accuracy': 0.9105525612831116, 'l2_norm': 4.513046741485596, 'computation_time': 0.04785013198852539, 'batch_time': 0.05081970200990327, 'rtc_check_time': 0.0019066999957431108, 'experiment_id': 'exp_20240620_222959', 'client_id': '0'}
[2024-06-20 22:30:40,794][root][INFO] - Added data to batch for client 0: {'round': 3, 'step_no': 250, 'loss': 0.1910901665687561, 'accuracy': 0.9105215668678284, 'l2_norm': 4.577026844024658, 'computation_time': 0.04616284370422363, 'batch_time': 0.056443997062160634, 'rtc_check_time': 0.009083099997951649, 'experiment_id': 'exp_20240620_222959', 'client_id': '0'}
[2024-06-20 22:30:40,795][root][INFO] - Added data to batch for client 0: {'round': 3, 'step_no': 251, 'loss': 0.373677134513855, 'accuracy': 0.9102678298950195, 'l2_norm': 4.602112770080566, 'computation_time': 0.047312021255493164, 'batch_time': 0.050285080083995126, 'rtc_check_time': 0.0015918999997666106, 'experiment_id': 'exp_20240620_222959', 'client_id': '0'}
[2024-06-20 22:30:40,796][root][INFO] - Added data to batch for client 0: {'round': 3, 'step_no': 252, 'loss': 0.4538506269454956, 'accuracy': 0.9097961187362671, 'l2_norm': 4.678167819976807, 'computation_time': 0.05825090408325195, 'batch_time': 0.06404053699225187, 'rtc_check_time': 0.00404560100287199, 'experiment_id': 'exp_20240620_222959', 'client_id': '0'}
[2024-06-20 22:30:40,797][root][INFO] - Added data to batch for client 0: {'round': 3, 'step_no': 253, 'loss': 0.3330751061439514, 'accuracy': 0.9097711443901062, 'l2_norm': 4.6952619552612305, 'computation_time': 0.05278778076171875, 'batch_time': 0.05785037133318838, 'rtc_check_time': 0.00390029999834951, 'experiment_id': 'exp_20240620_222959', 'client_id': '0'}
[2024-06-20 22:30:40,799][root][INFO] - Added data to batch for client 0: {'round': 3, 'step_no': 254, 'loss': 0.06525479257106781, 'accuracy': 0.9104021191596985, 'l2_norm': 4.699492454528809, 'computation_time': 0.04650092124938965, 'batch_time': 0.05292128545988817, 'rtc_check_time': 0.004898300001514144, 'experiment_id': 'exp_20240620_222959', 'client_id': '0'}
[2024-06-20 22:30:40,800][root][INFO] - Added data to batch for client 0: {'round': 3, 'step_no': 255, 'loss': 0.22244909405708313, 'accuracy': 0.9103732705116272, 'l2_norm': 4.788486957550049, 'computation_time': 0.05047607421875, 'batch_time': 0.054681341716786847, 'rtc_check_time': 0.0030002999992575496, 'experiment_id': 'exp_20240620_222959', 'client_id': '0'}
[2024-06-20 22:30:40,801][root][INFO] - Added data to batch for client 0: {'round': 3, 'step_no': 256, 'loss': 0.3083222806453705, 'accuracy': 0.9101293087005615, 'l2_norm': 4.848144054412842, 'computation_time': 0.04982304573059082, 'batch_time': 0.05320820229826495, 'rtc_check_time': 0.0017353000002913177, 'experiment_id': 'exp_20240620_222959', 'client_id': '0'}
[2024-06-20 22:30:40,802][root][INFO] - Added data to batch for client 0: {'round': 3, 'step_no': 257, 'loss': 0.25255948305130005, 'accuracy': 0.9105308055877686, 'l2_norm': 4.887297630310059, 'computation_time': 0.045532941818237305, 'batch_time': 0.05191898344492074, 'rtc_check_time': 0.005122899994603358, 'experiment_id': 'exp_20240620_222959', 'client_id': '0'}
[2024-06-20 22:30:40,803][root][INFO] - Added data to batch for client 0: {'round': 3, 'step_no': 258, 'loss': 0.2851254343986511, 'accuracy': 0.9107142686843872, 'l2_norm': 4.912638187408447, 'computation_time': 0.0517430305480957, 'batch_time': 0.05667352532327641, 'rtc_check_time': 0.0031084999936865643, 'experiment_id': 'exp_20240620_222959', 'client_id': '0'}
[2024-06-20 22:30:40,806][root][INFO] - Batch data saved to /home/psklavos/fl/geom_aio/csv_logs/exp_20240620_222959/clients/client_0/batch.csv
[2024-06-20 22:30:40,807][root][INFO] - Server data saved to /home/psklavos/fl/geom_aio/csv_logs/exp_20240620_222959/server/server.csv
[2024-06-20 22:30:45,168][flwr][DEBUG] - fit_round 4: strategy sampled 3 clients (out of 3)
[2024-06-20 22:30:56,733][flwr][DEBUG] - fit_round 4 received 3 results and 0 failures
[2024-06-20 22:30:56,740][root][INFO] - Added data to server for client None: {'round': 4, 'average_norm': 5.015560309092204, 'round_time': 12.64640346230249, 'average_downlink_time': 0.6140204623333333, 'average_rtc_check_time': 0.7887505425945468, 'average_uplink_time': 0.4374760956666666, 'average_computation_time': 10.019744952519735, 'average_communication_time': 1.8402471005945467, 'average_fit_time': 11.53870439529419, 'average_throughput': 5.249587884466887, 'dropouts': 0, 'experiment_id': 'exp_20240620_222959'}
[2024-06-20 22:30:56,832][utils.model][INFO] - LeNet model built
[2024-06-20 22:30:56,956][utils.model][INFO] - Size of serialized model: 279.0341796875 kbytes
[2024-06-20 22:30:57,021][utils.model][INFO] - Step 1/40 - val_loss: 0.0506 - val_accuracy: 0.9883
[2024-06-20 22:30:57,047][utils.model][INFO] - Step 2/40 - val_loss: 0.1007 - val_accuracy: 0.9609
[2024-06-20 22:30:57,067][utils.model][INFO] - Step 3/40 - val_loss: 0.1149 - val_accuracy: 0.9583
[2024-06-20 22:30:57,086][utils.model][INFO] - Step 4/40 - val_loss: 0.1141 - val_accuracy: 0.9619
[2024-06-20 22:30:57,106][utils.model][INFO] - Step 5/40 - val_loss: 0.1299 - val_accuracy: 0.9570
[2024-06-20 22:30:57,125][utils.model][INFO] - Step 6/40 - val_loss: 0.1377 - val_accuracy: 0.9570
[2024-06-20 22:30:57,144][utils.model][INFO] - Step 7/40 - val_loss: 0.1423 - val_accuracy: 0.9554
[2024-06-20 22:30:57,164][utils.model][INFO] - Step 8/40 - val_loss: 0.1416 - val_accuracy: 0.9551
[2024-06-20 22:30:57,184][utils.model][INFO] - Step 9/40 - val_loss: 0.1481 - val_accuracy: 0.9514
[2024-06-20 22:30:57,204][utils.model][INFO] - Step 10/40 - val_loss: 0.1460 - val_accuracy: 0.9520
[2024-06-20 22:30:57,222][utils.model][INFO] - Step 11/40 - val_loss: 0.1422 - val_accuracy: 0.9538
[2024-06-20 22:30:57,242][utils.model][INFO] - Step 12/40 - val_loss: 0.1397 - val_accuracy: 0.9541
[2024-06-20 22:30:57,262][utils.model][INFO] - Step 13/40 - val_loss: 0.1384 - val_accuracy: 0.9552
[2024-06-20 22:30:57,384][utils.model][INFO] - Step 14/40 - val_loss: 0.1385 - val_accuracy: 0.9554
[2024-06-20 22:30:57,403][utils.model][INFO] - Step 15/40 - val_loss: 0.1421 - val_accuracy: 0.9552
[2024-06-20 22:30:57,427][utils.model][INFO] - Step 16/40 - val_loss: 0.1465 - val_accuracy: 0.9543
[2024-06-20 22:30:57,446][utils.model][INFO] - Step 17/40 - val_loss: 0.1474 - val_accuracy: 0.9543
[2024-06-20 22:30:57,465][utils.model][INFO] - Step 18/40 - val_loss: 0.1466 - val_accuracy: 0.9538
[2024-06-20 22:30:57,483][utils.model][INFO] - Step 19/40 - val_loss: 0.1464 - val_accuracy: 0.9533
[2024-06-20 22:30:57,502][utils.model][INFO] - Step 20/40 - val_loss: 0.1453 - val_accuracy: 0.9541
[2024-06-20 22:30:57,521][utils.model][INFO] - Step 21/40 - val_loss: 0.1402 - val_accuracy: 0.9559
[2024-06-20 22:30:57,539][utils.model][INFO] - Step 22/40 - val_loss: 0.1356 - val_accuracy: 0.9574
[2024-06-20 22:30:57,558][utils.model][INFO] - Step 23/40 - val_loss: 0.1348 - val_accuracy: 0.9575
[2024-06-20 22:30:57,577][utils.model][INFO] - Step 24/40 - val_loss: 0.1354 - val_accuracy: 0.9574
[2024-06-20 22:30:57,597][utils.model][INFO] - Step 25/40 - val_loss: 0.1313 - val_accuracy: 0.9588
[2024-06-20 22:30:57,615][utils.model][INFO] - Step 26/40 - val_loss: 0.1318 - val_accuracy: 0.9588
[2024-06-20 22:30:57,633][utils.model][INFO] - Step 27/40 - val_loss: 0.1289 - val_accuracy: 0.9598
[2024-06-20 22:30:57,651][utils.model][INFO] - Step 28/40 - val_loss: 0.1252 - val_accuracy: 0.9609
[2024-06-20 22:30:57,668][utils.model][INFO] - Step 29/40 - val_loss: 0.1221 - val_accuracy: 0.9621
[2024-06-20 22:30:57,686][utils.model][INFO] - Step 30/40 - val_loss: 0.1204 - val_accuracy: 0.9628
[2024-06-20 22:30:57,704][utils.model][INFO] - Step 31/40 - val_loss: 0.1175 - val_accuracy: 0.9638
[2024-06-20 22:30:57,722][utils.model][INFO] - Step 32/40 - val_loss: 0.1155 - val_accuracy: 0.9646
[2024-06-20 22:30:57,741][utils.model][INFO] - Step 33/40 - val_loss: 0.1134 - val_accuracy: 0.9652
[2024-06-20 22:30:57,759][utils.model][INFO] - Step 34/40 - val_loss: 0.1108 - val_accuracy: 0.9659
[2024-06-20 22:30:57,777][utils.model][INFO] - Step 35/40 - val_loss: 0.1077 - val_accuracy: 0.9669
[2024-06-20 22:30:57,796][utils.model][INFO] - Step 36/40 - val_loss: 0.1071 - val_accuracy: 0.9669
[2024-06-20 22:30:57,814][utils.model][INFO] - Step 37/40 - val_loss: 0.1049 - val_accuracy: 0.9676
[2024-06-20 22:30:57,832][utils.model][INFO] - Step 38/40 - val_loss: 0.1051 - val_accuracy: 0.9673
[2024-06-20 22:30:57,850][utils.model][INFO] - Step 39/40 - val_loss: 0.1081 - val_accuracy: 0.9661
[2024-06-20 22:30:57,859][utils.model][INFO] - Step 40/40 - val_loss: 0.1055 - val_accuracy: 0.9662
[2024-06-20 22:30:57,861][utils.model][INFO] - Evaluation Results - Val Loss: 0.1055, Val Accuracy: 0.9662 in 40 steps
[2024-06-20 22:30:57,862][flwr][INFO] - fit progress: (4, 0.105525315, {'accuracy': 0.9662}, 48.340605820005294)
[2024-06-20 22:30:57,863][flwr][DEBUG] - evaluate_round 4: strategy sampled 3 clients (out of 3)
[2024-06-20 22:30:58,437][flwr][DEBUG] - evaluate_round 4 received 3 results and 0 failures
[2024-06-20 22:30:58,439][root][INFO] - Added data to epoch for client 0: {'round': 4, 'epoch_steps': 191, 'total_steps': 449, 'l2_norm': 5.160806179046631, 'total_computation_time': 9.930146217346191, 'total_rtc_check_time': 0.8844193107943283, 'total_duration': 11.53949499130249, 'val_loss': 0.11431033164262772, 'val_accuracy': 0.965499997138977, 'experiment_id': 'exp_20240620_222959', 'client_id': '0'}
[2024-06-20 22:30:58,440][root][INFO] - Epoch data saved to /home/psklavos/fl/geom_aio/csv_logs/exp_20240620_222959/clients/client_0/epoch.csv
[2024-06-20 22:30:58,441][root][INFO] - Added data to batch for client 0: {'round': 4, 'step_no': 259, 'loss': 0.13885802030563354, 'accuracy': 0.9375, 'l2_norm': 0.01398347970098257, 'computation_time': 0.08612513542175293, 'batch_time': 0.10311123027349822, 'rtc_check_time': 0.013451300997985527, 'experiment_id': 'exp_20240620_222959', 'client_id': '0'}
[2024-06-20 22:30:58,443][root][INFO] - Added data to batch for client 0: {'round': 4, 'step_no': 260, 'loss': 0.12513500452041626, 'accuracy': 0.953125, 'l2_norm': 0.029254913330078125, 'computation_time': 0.09747791290283203, 'batch_time': 0.10342896233487409, 'rtc_check_time': 0.0036639000027207658, 'experiment_id': 'exp_20240620_222959', 'client_id': '0'}
[2024-06-20 22:30:58,444][root][INFO] - Added data to batch for client 0: {'round': 4, 'step_no': 261, 'loss': 0.27625390887260437, 'accuracy': 0.9583333134651184, 'l2_norm': 0.056381989270448685, 'computation_time': 0.0609891414642334, 'batch_time': 0.06837643712060526, 'rtc_check_time': 0.005954399995971471, 'experiment_id': 'exp_20240620_222959', 'client_id': '0'}
[2024-06-20 22:30:58,446][root][INFO] - Added data to batch for client 0: {'round': 4, 'step_no': 262, 'loss': 0.047708772122859955, 'accuracy': 0.96875, 'l2_norm': 0.059291236102581024, 'computation_time': 0.057456016540527344, 'batch_time': 0.060879530690726824, 'rtc_check_time': 0.0017943999991985038, 'experiment_id': 'exp_20240620_222959', 'client_id': '0'}
[2024-06-20 22:30:58,447][root][INFO] - Added data to batch for client 0: {'round': 4, 'step_no': 263, 'loss': 0.15747258067131042, 'accuracy': 0.9624999761581421, 'l2_norm': 0.07186687737703323, 'computation_time': 0.0650930404663086, 'batch_time': 0.06818144355202094, 'rtc_check_time': 0.0016113999881781638, 'experiment_id': 'exp_20240620_222959', 'client_id': '0'}
[2024-06-20 22:30:58,448][root][INFO] - Added data to batch for client 0: {'round': 4, 'step_no': 264, 'loss': 0.20242871344089508, 'accuracy': 0.9583333134651184, 'l2_norm': 0.09772522747516632, 'computation_time': 0.05215787887573242, 'batch_time': 0.0602757190936245, 'rtc_check_time': 0.006718799995724112, 'experiment_id': 'exp_20240620_222959', 'client_id': '0'}
[2024-06-20 22:30:58,450][root][INFO] - Added data to batch for client 0: {'round': 4, 'step_no': 265, 'loss': 0.3381772041320801, 'accuracy': 0.9508928656578064, 'l2_norm': 0.1535406857728958, 'computation_time': 0.05821084976196289, 'batch_time': 0.061807431164197624, 'rtc_check_time': 0.0019564999965950847, 'experiment_id': 'exp_20240620_222959', 'client_id': '0'}
[2024-06-20 22:30:58,451][root][INFO] - Added data to batch for client 0: {'round': 4, 'step_no': 266, 'loss': 0.5415256023406982, 'accuracy': 0.93359375, 'l2_norm': 0.1641855388879776, 'computation_time': 0.05363917350769043, 'batch_time': 0.06726802414050326, 'rtc_check_time': 0.012116800004150718, 'experiment_id': 'exp_20240620_222959', 'client_id': '0'}
[2024-06-20 22:30:58,452][root][INFO] - Added data to batch for client 0: {'round': 4, 'step_no': 267, 'loss': 0.22370381653308868, 'accuracy': 0.9375, 'l2_norm': 0.1931900680065155, 'computation_time': 0.0508120059967041, 'batch_time': 0.05725433617772069, 'rtc_check_time': 0.004987500011338852, 'experiment_id': 'exp_20240620_222959', 'client_id': '0'}
[2024-06-20 22:30:58,453][root][INFO] - Added data to batch for client 0: {'round': 4, 'step_no': 268, 'loss': 0.34210747480392456, 'accuracy': 0.9375, 'l2_norm': 0.1861693263053894, 'computation_time': 0.055298805236816406, 'batch_time': 0.06525430906913243, 'rtc_check_time': 0.008397199999308214, 'experiment_id': 'exp_20240620_222959', 'client_id': '0'}
[2024-06-20 22:30:58,455][root][INFO] - Added data to batch for client 0: {'round': 4, 'step_no': 269, 'loss': 0.028328021988272667, 'accuracy': 0.9431818127632141, 'l2_norm': 0.1931995004415512, 'computation_time': 0.051783084869384766, 'batch_time': 0.06906795018585399, 'rtc_check_time': 0.015768999990541488, 'experiment_id': 'exp_20240620_222959', 'client_id': '0'}
[2024-06-20 22:30:58,456][root][INFO] - Added data to batch for client 0: {'round': 4, 'step_no': 270, 'loss': 0.2603433132171631, 'accuracy': 0.9401041865348816, 'l2_norm': 0.2558835744857788, 'computation_time': 0.06987714767456055, 'batch_time': 0.07373066218860913, 'rtc_check_time': 0.002055600009043701, 'experiment_id': 'exp_20240620_222959', 'client_id': '0'}
[2024-06-20 22:30:58,457][root][INFO] - Added data to batch for client 0: {'round': 4, 'step_no': 271, 'loss': 0.11919064074754715, 'accuracy': 0.942307710647583, 'l2_norm': 0.2631959915161133, 'computation_time': 0.06392192840576172, 'batch_time': 0.07696458441205323, 'rtc_check_time': 0.011389699997380376, 'experiment_id': 'exp_20240620_222959', 'client_id': '0'}
[2024-06-20 22:30:58,459][root][INFO] - Added data to batch for client 0: {'round': 4, 'step_no': 272, 'loss': 0.32236447930336, 'accuracy': 0.9375, 'l2_norm': 0.25453081727027893, 'computation_time': 0.06235504150390625, 'batch_time': 0.06557447790692095, 'rtc_check_time': 0.0017565000016475096, 'experiment_id': 'exp_20240620_222959', 'client_id': '0'}
[2024-06-20 22:30:58,460][root][INFO] - Added data to batch for client 0: {'round': 4, 'step_no': 273, 'loss': 0.18207947909832, 'accuracy': 0.9375, 'l2_norm': 0.2893131673336029, 'computation_time': 0.05410599708557129, 'batch_time': 0.058589386608218774, 'rtc_check_time': 0.003016400005435571, 'experiment_id': 'exp_20240620_222959', 'client_id': '0'}
[2024-06-20 22:30:58,461][root][INFO] - Added data to batch for client 0: {'round': 4, 'step_no': 274, 'loss': 0.09965863823890686, 'accuracy': 0.94140625, 'l2_norm': 0.286592036485672, 'computation_time': 0.052123069763183594, 'batch_time': 0.05657529423478991, 'rtc_check_time': 0.0027523000026121736, 'experiment_id': 'exp_20240620_222959', 'client_id': '0'}
[2024-06-20 22:30:58,462][root][INFO] - Added data to batch for client 0: {'round': 4, 'step_no': 275, 'loss': 0.19363939762115479, 'accuracy': 0.9411764740943909, 'l2_norm': 0.32331138849258423, 'computation_time': 0.04782700538635254, 'batch_time': 0.05166149949945975, 'rtc_check_time': 0.0026064000121550635, 'experiment_id': 'exp_20240620_222959', 'client_id': '0'}
[2024-06-20 22:30:58,464][root][INFO] - Added data to batch for client 0: {'round': 4, 'step_no': 276, 'loss': 0.4081255793571472, 'accuracy': 0.9409722089767456, 'l2_norm': 0.36095863580703735, 'computation_time': 0.051573991775512695, 'batch_time': 0.06367528511327691, 'rtc_check_time': 0.010698199999751523, 'experiment_id': 'exp_20240620_222959', 'client_id': '0'}
[2024-06-20 22:30:58,465][root][INFO] - Added data to batch for client 0: {'round': 4, 'step_no': 277, 'loss': 0.15439049899578094, 'accuracy': 0.9424341917037964, 'l2_norm': 0.3591288924217224, 'computation_time': 0.05024290084838867, 'batch_time': 0.060962393748923205, 'rtc_check_time': 0.00952740000502672, 'experiment_id': 'exp_20240620_222959', 'client_id': '0'}
[2024-06-20 22:30:58,466][root][INFO] - Added data to batch for client 0: {'round': 4, 'step_no': 278, 'loss': 0.1952623724937439, 'accuracy': 0.9437500238418579, 'l2_norm': 0.3783036172389984, 'computation_time': 0.047763824462890625, 'batch_time': 0.0521446733182529, 'rtc_check_time': 0.00290169999061618, 'experiment_id': 'exp_20240620_222959', 'client_id': '0'}
[2024-06-20 22:30:58,468][root][INFO] - Added data to batch for client 0: {'round': 4, 'step_no': 279, 'loss': 0.09366954118013382, 'accuracy': 0.944940447807312, 'l2_norm': 0.39043253660202026, 'computation_time': 0.05893707275390625, 'batch_time': 0.06236258364515379, 'rtc_check_time': 0.0017356000025756657, 'experiment_id': 'exp_20240620_222959', 'client_id': '0'}
[2024-06-20 22:30:58,469][root][INFO] - Added data to batch for client 0: {'round': 4, 'step_no': 280, 'loss': 0.05251002311706543, 'accuracy': 0.9474431872367859, 'l2_norm': 0.4005622863769531, 'computation_time': 0.062148094177246094, 'batch_time': 0.06606518634362146, 'rtc_check_time': 0.0019952000002376735, 'experiment_id': 'exp_20240620_222959', 'client_id': '0'}
[2024-06-20 22:30:58,470][root][INFO] - Added data to batch for client 0: {'round': 4, 'step_no': 281, 'loss': 0.1579684019088745, 'accuracy': 0.948369562625885, 'l2_norm': 0.4348967969417572, 'computation_time': 0.05511307716369629, 'batch_time': 0.05998996009293478, 'rtc_check_time': 0.003586799997719936, 'experiment_id': 'exp_20240620_222959', 'client_id': '0'}
[2024-06-20 22:30:58,471][root][INFO] - Added data to batch for client 0: {'round': 4, 'step_no': 282, 'loss': 0.244930699467659, 'accuracy': 0.9453125, 'l2_norm': 0.50746750831604, 'computation_time': 0.05995917320251465, 'batch_time': 0.0636620372388279, 'rtc_check_time': 0.0022652000043308362, 'experiment_id': 'exp_20240620_222959', 'client_id': '0'}
[2024-06-20 22:30:58,472][root][INFO] - Added data to batch for client 0: {'round': 4, 'step_no': 283, 'loss': 0.18397945165634155, 'accuracy': 0.9449999928474426, 'l2_norm': 0.5150576829910278, 'computation_time': 0.05483698844909668, 'batch_time': 0.05792319909960497, 'rtc_check_time': 0.0017791999998735264, 'experiment_id': 'exp_20240620_222959', 'client_id': '0'}
[2024-06-20 22:30:58,474][root][INFO] - Added data to batch for client 0: {'round': 4, 'step_no': 284, 'loss': 0.11022758483886719, 'accuracy': 0.9447115659713745, 'l2_norm': 0.5367234349250793, 'computation_time': 0.05235910415649414, 'batch_time': 0.0569226431689458, 'rtc_check_time': 0.0032004999957280234, 'experiment_id': 'exp_20240620_222959', 'client_id': '0'}
[2024-06-20 22:30:58,475][root][INFO] - Added data to batch for client 0: {'round': 4, 'step_no': 285, 'loss': 0.22321663796901703, 'accuracy': 0.9432870149612427, 'l2_norm': 0.5884063839912415, 'computation_time': 0.054566144943237305, 'batch_time': 0.05896664291503839, 'rtc_check_time': 0.0029377999890130013, 'experiment_id': 'exp_20240620_222959', 'client_id': '0'}
[2024-06-20 22:30:58,478][root][INFO] - Added data to batch for client 0: {'round': 4, 'step_no': 286, 'loss': 0.1281747817993164, 'accuracy': 0.9441964030265808, 'l2_norm': 0.595894455909729, 'computation_time': 0.052838802337646484, 'batch_time': 0.05616894747072365, 'rtc_check_time': 0.001744900000630878, 'experiment_id': 'exp_20240620_222959', 'client_id': '0'}
[2024-06-20 22:30:58,479][root][INFO] - Added data to batch for client 0: {'round': 4, 'step_no': 287, 'loss': 0.3174317181110382, 'accuracy': 0.9407327771186829, 'l2_norm': 0.6307767629623413, 'computation_time': 0.0515749454498291, 'batch_time': 0.05962858008570038, 'rtc_check_time': 0.006623599998420104, 'experiment_id': 'exp_20240620_222959', 'client_id': '0'}
[2024-06-20 22:30:58,481][root][INFO] - Added data to batch for client 0: {'round': 4, 'step_no': 288, 'loss': 0.37782055139541626, 'accuracy': 0.9385416507720947, 'l2_norm': 0.641541063785553, 'computation_time': 0.05969810485839844, 'batch_time': 0.0705890555109363, 'rtc_check_time': 0.009032000991282985, 'experiment_id': 'exp_20240620_222959', 'client_id': '0'}
[2024-06-20 22:30:58,482][root][INFO] - Added data to batch for client 0: {'round': 4, 'step_no': 289, 'loss': 0.2190771847963333, 'accuracy': 0.9385080933570862, 'l2_norm': 0.6501108407974243, 'computation_time': 0.06261205673217773, 'batch_time': 0.06652982531522866, 'rtc_check_time': 0.002462699994794093, 'experiment_id': 'exp_20240620_222959', 'client_id': '0'}
[2024-06-20 22:30:58,483][root][INFO] - Added data to batch for client 0: {'round': 4, 'step_no': 290, 'loss': 0.2514030635356903, 'accuracy': 0.9384765625, 'l2_norm': 0.675879955291748, 'computation_time': 0.06676912307739258, 'batch_time': 0.07538411075074691, 'rtc_check_time': 0.006412000002455898, 'experiment_id': 'exp_20240620_222959', 'client_id': '0'}
[2024-06-20 22:30:58,484][root][INFO] - Added data to batch for client 0: {'round': 4, 'step_no': 291, 'loss': 0.188860684633255, 'accuracy': 0.9384469985961914, 'l2_norm': 0.7053467035293579, 'computation_time': 0.06555914878845215, 'batch_time': 0.07113787950947881, 'rtc_check_time': 0.004126999992877245, 'experiment_id': 'exp_20240620_222959', 'client_id': '0'}
[2024-06-20 22:30:58,485][root][INFO] - Added data to batch for client 0: {'round': 4, 'step_no': 292, 'loss': 0.19895100593566895, 'accuracy': 0.9375, 'l2_norm': 0.7087438702583313, 'computation_time': 0.06330990791320801, 'batch_time': 0.0715878817718476, 'rtc_check_time': 0.006467900006100535, 'experiment_id': 'exp_20240620_222959', 'client_id': '0'}
[2024-06-20 22:30:58,486][root][INFO] - Added data to batch for client 0: {'round': 4, 'step_no': 293, 'loss': 0.12003344297409058, 'accuracy': 0.9366071224212646, 'l2_norm': 0.7276317477226257, 'computation_time': 0.06025195121765137, 'batch_time': 0.06302906885684934, 'rtc_check_time': 0.001636999993934296, 'experiment_id': 'exp_20240620_222959', 'client_id': '0'}
[2024-06-20 22:30:58,487][root][INFO] - Added data to batch for client 0: {'round': 4, 'step_no': 294, 'loss': 0.2824994921684265, 'accuracy': 0.9357638955116272, 'l2_norm': 0.7396629452705383, 'computation_time': 0.04961991310119629, 'batch_time': 0.05438100699393544, 'rtc_check_time': 0.0033610999962547794, 'experiment_id': 'exp_20240620_222959', 'client_id': '0'}
[2024-06-20 22:30:58,488][root][INFO] - Added data to batch for client 0: {'round': 4, 'step_no': 295, 'loss': 0.13127869367599487, 'accuracy': 0.9366554021835327, 'l2_norm': 0.7758067846298218, 'computation_time': 0.04630613327026367, 'batch_time': 0.052141276028123684, 'rtc_check_time': 0.004578200008836575, 'experiment_id': 'exp_20240620_222959', 'client_id': '0'}
[2024-06-20 22:30:58,489][root][INFO] - Added data to batch for client 0: {'round': 4, 'step_no': 296, 'loss': 0.09417687356472015, 'accuracy': 0.9366776347160339, 'l2_norm': 0.7874683737754822, 'computation_time': 0.04963493347167969, 'batch_time': 0.05777338168991264, 'rtc_check_time': 0.0066984000004595146, 'experiment_id': 'exp_20240620_222959', 'client_id': '0'}
[2024-06-20 22:30:58,490][root][INFO] - Added data to batch for client 0: {'round': 4, 'step_no': 297, 'loss': 0.15391448140144348, 'accuracy': 0.9366987347602844, 'l2_norm': 0.8000196218490601, 'computation_time': 0.0808560848236084, 'batch_time': 0.09335572969575878, 'rtc_check_time': 0.010229899999103509, 'experiment_id': 'exp_20240620_222959', 'client_id': '0'}
[2024-06-20 22:30:58,491][root][INFO] - Added data to batch for client 0: {'round': 4, 'step_no': 298, 'loss': 0.47147876024246216, 'accuracy': 0.934374988079071, 'l2_norm': 0.8373050689697266, 'computation_time': 0.0484309196472168, 'batch_time': 0.06317744954139926, 'rtc_check_time': 0.013418299990007654, 'experiment_id': 'exp_20240620_222959', 'client_id': '0'}
[2024-06-20 22:30:58,493][root][INFO] - Added data to batch for client 0: {'round': 4, 'step_no': 299, 'loss': 0.3137984871864319, 'accuracy': 0.9352133870124817, 'l2_norm': 0.8662803769111633, 'computation_time': 0.06478595733642578, 'batch_time': 0.07861856087401975, 'rtc_check_time': 0.012144599997554906, 'experiment_id': 'exp_20240620_222959', 'client_id': '0'}
[2024-06-20 22:30:58,494][root][INFO] - Added data to batch for client 0: {'round': 4, 'step_no': 300, 'loss': 0.2076302021741867, 'accuracy': 0.933779776096344, 'l2_norm': 0.8938373327255249, 'computation_time': 0.0689229965209961, 'batch_time': 0.08282878386671655, 'rtc_check_time': 0.012127900001360103, 'experiment_id': 'exp_20240620_222959', 'client_id': '0'}
[2024-06-20 22:30:58,495][root][INFO] - Added data to batch for client 0: {'round': 4, 'step_no': 301, 'loss': 0.3744271993637085, 'accuracy': 0.9316860437393188, 'l2_norm': 0.9081326723098755, 'computation_time': 0.04803109169006348, 'batch_time': 0.05413261406647507, 'rtc_check_time': 0.004859599997871555, 'experiment_id': 'exp_20240620_222959', 'client_id': '0'}
[2024-06-20 22:30:58,496][root][INFO] - Added data to batch for client 0: {'round': 4, 'step_no': 302, 'loss': 0.1780090630054474, 'accuracy': 0.9311079382896423, 'l2_norm': 0.9015665650367737, 'computation_time': 0.0422971248626709, 'batch_time': 0.056046455923933536, 'rtc_check_time': 0.012683600012678653, 'experiment_id': 'exp_20240620_222959', 'client_id': '0'}
[2024-06-20 22:30:58,497][root][INFO] - Added data to batch for client 0: {'round': 4, 'step_no': 303, 'loss': 0.08474187552928925, 'accuracy': 0.9312499761581421, 'l2_norm': 0.8970227241516113, 'computation_time': 0.04387998580932617, 'batch_time': 0.05114505396340974, 'rtc_check_time': 0.006021000008331612, 'experiment_id': 'exp_20240620_222959', 'client_id': '0'}
[2024-06-20 22:30:58,498][root][INFO] - Added data to batch for client 0: {'round': 4, 'step_no': 304, 'loss': 0.09642215073108673, 'accuracy': 0.9320651888847351, 'l2_norm': 0.8991451263427734, 'computation_time': 0.05303692817687988, 'batch_time': 0.05552459084719885, 'rtc_check_time': 0.0014266999933170155, 'experiment_id': 'exp_20240620_222959', 'client_id': '0'}
[2024-06-20 22:30:58,499][root][INFO] - Added data to batch for client 0: {'round': 4, 'step_no': 305, 'loss': 0.20191694796085358, 'accuracy': 0.9315159320831299, 'l2_norm': 0.9459347128868103, 'computation_time': 0.06688594818115234, 'batch_time': 0.0693954566231696, 'rtc_check_time': 0.0014463999978033826, 'experiment_id': 'exp_20240620_222959', 'client_id': '0'}
[2024-06-20 22:30:58,500][root][INFO] - Added data to batch for client 0: {'round': 4, 'step_no': 306, 'loss': 0.12499360740184784, 'accuracy': 0.931640625, 'l2_norm': 0.9609580636024475, 'computation_time': 0.04310417175292969, 'batch_time': 0.046970234223408625, 'rtc_check_time': 0.0026331999979447573, 'experiment_id': 'exp_20240620_222959', 'client_id': '0'}
[2024-06-20 22:30:58,501][root][INFO] - Added data to batch for client 0: {'round': 4, 'step_no': 307, 'loss': 0.11565355956554413, 'accuracy': 0.9317601919174194, 'l2_norm': 0.9840996265411377, 'computation_time': 0.051290035247802734, 'batch_time': 0.0539998682361329, 'rtc_check_time': 0.00152679999882821, 'experiment_id': 'exp_20240620_222959', 'client_id': '0'}
[2024-06-20 22:30:58,502][root][INFO] - Added data to batch for client 0: {'round': 4, 'step_no': 308, 'loss': 0.24259479343891144, 'accuracy': 0.9318749904632568, 'l2_norm': 1.011081337928772, 'computation_time': 0.04804205894470215, 'batch_time': 0.05386960225587245, 'rtc_check_time': 0.004573700003675185, 'experiment_id': 'exp_20240620_222959', 'client_id': '0'}
[2024-06-20 22:30:58,503][root][INFO] - Added data to batch for client 0: {'round': 4, 'step_no': 309, 'loss': 0.19660350680351257, 'accuracy': 0.9313725233078003, 'l2_norm': 1.0546202659606934, 'computation_time': 0.05300712585449219, 'batch_time': 0.05596102785784751, 'rtc_check_time': 0.0017269999952986836, 'experiment_id': 'exp_20240620_222959', 'client_id': '0'}
[2024-06-20 22:30:58,504][root][INFO] - Added data to batch for client 0: {'round': 4, 'step_no': 310, 'loss': 0.24553555250167847, 'accuracy': 0.9302884340286255, 'l2_norm': 1.1145961284637451, 'computation_time': 0.06036520004272461, 'batch_time': 0.06504618971666787, 'rtc_check_time': 0.0030812010081717744, 'experiment_id': 'exp_20240620_222959', 'client_id': '0'}
[2024-06-20 22:30:58,505][root][INFO] - Added data to batch for client 0: {'round': 4, 'step_no': 311, 'loss': 0.397630900144577, 'accuracy': 0.9286556839942932, 'l2_norm': 1.1271239519119263, 'computation_time': 0.060498952865600586, 'batch_time': 0.06675515661481768, 'rtc_check_time': 0.004740100004710257, 'experiment_id': 'exp_20240620_222959', 'client_id': '0'}
[2024-06-20 22:30:58,506][root][INFO] - Added data to batch for client 0: {'round': 4, 'step_no': 312, 'loss': 0.2214563935995102, 'accuracy': 0.9276620149612427, 'l2_norm': 1.1462900638580322, 'computation_time': 0.05123090744018555, 'batch_time': 0.05395272070018109, 'rtc_check_time': 0.0015146999940043315, 'experiment_id': 'exp_20240620_222959', 'client_id': '0'}
[2024-06-20 22:30:58,507][root][INFO] - Added data to batch for client 0: {'round': 4, 'step_no': 313, 'loss': 0.10131541639566422, 'accuracy': 0.9284090995788574, 'l2_norm': 1.1643445491790771, 'computation_time': 0.04828381538391113, 'batch_time': 0.05256932359770872, 'rtc_check_time': 0.0027942000015173107, 'experiment_id': 'exp_20240620_222959', 'client_id': '0'}
[2024-06-20 22:30:58,509][root][INFO] - Added data to batch for client 0: {'round': 4, 'step_no': 314, 'loss': 0.36814558506011963, 'accuracy': 0.9274553656578064, 'l2_norm': 1.1450691223144531, 'computation_time': 0.040786027908325195, 'batch_time': 0.044371843701810576, 'rtc_check_time': 0.002520800000638701, 'experiment_id': 'exp_20240620_222959', 'client_id': '0'}
[2024-06-20 22:30:58,513][root][INFO] - Added data to batch for client 0: {'round': 4, 'step_no': 315, 'loss': 0.0994642898440361, 'accuracy': 0.9281798005104065, 'l2_norm': 1.1573472023010254, 'computation_time': 0.05009603500366211, 'batch_time': 0.05405424545460846, 'rtc_check_time': 0.002479300004779361, 'experiment_id': 'exp_20240620_222959', 'client_id': '0'}
[2024-06-20 22:30:58,515][root][INFO] - Added data to batch for client 0: {'round': 4, 'step_no': 316, 'loss': 0.16443371772766113, 'accuracy': 0.9288793206214905, 'l2_norm': 1.1471208333969116, 'computation_time': 0.039904117584228516, 'batch_time': 0.04318966667051427, 'rtc_check_time': 0.0022345999896060675, 'experiment_id': 'exp_20240620_222959', 'client_id': '0'}
[2024-06-20 22:30:58,517][root][INFO] - Added data to batch for client 0: {'round': 4, 'step_no': 317, 'loss': 0.049616701900959015, 'accuracy': 0.930084764957428, 'l2_norm': 1.1544805765151978, 'computation_time': 0.04251503944396973, 'batch_time': 0.046919101354433224, 'rtc_check_time': 0.003168099996400997, 'experiment_id': 'exp_20240620_222959', 'client_id': '0'}
[2024-06-20 22:30:58,518][root][INFO] - Added data to batch for client 0: {'round': 4, 'step_no': 318, 'loss': 0.2510046362876892, 'accuracy': 0.9296875, 'l2_norm': 1.2148476839065552, 'computation_time': 0.04297018051147461, 'batch_time': 0.045480124492314644, 'rtc_check_time': 0.001473299998906441, 'experiment_id': 'exp_20240620_222959', 'client_id': '0'}
[2024-06-20 22:30:58,520][root][INFO] - Added data to batch for client 0: {'round': 4, 'step_no': 319, 'loss': 0.051010049879550934, 'accuracy': 0.9308401346206665, 'l2_norm': 1.2094991207122803, 'computation_time': 0.05914306640625, 'batch_time': 0.06886557665711734, 'rtc_check_time': 0.0064494999969610944, 'experiment_id': 'exp_20240620_222959', 'client_id': '0'}
[2024-06-20 22:30:58,521][root][INFO] - Added data to batch for client 0: {'round': 4, 'step_no': 320, 'loss': 0.24009382724761963, 'accuracy': 0.9309476017951965, 'l2_norm': 1.2388496398925781, 'computation_time': 0.062309980392456055, 'batch_time': 0.0664652874256717, 'rtc_check_time': 0.0029562999989138916, 'experiment_id': 'exp_20240620_222959', 'client_id': '0'}
[2024-06-20 22:30:58,523][root][INFO] - Added data to batch for client 0: {'round': 4, 'step_no': 321, 'loss': 0.42350342869758606, 'accuracy': 0.930059552192688, 'l2_norm': 1.267744779586792, 'computation_time': 0.05518221855163574, 'batch_time': 0.06681922473944724, 'rtc_check_time': 0.010305200004950166, 'experiment_id': 'exp_20240620_222959', 'client_id': '0'}
[2024-06-20 22:30:58,524][root][INFO] - Added data to batch for client 0: {'round': 4, 'step_no': 322, 'loss': 0.15014755725860596, 'accuracy': 0.9296875, 'l2_norm': 1.2933231592178345, 'computation_time': 0.05844688415527344, 'batch_time': 0.06157197026186623, 'rtc_check_time': 0.0019380000012461096, 'experiment_id': 'exp_20240620_222959', 'client_id': '0'}
[2024-06-20 22:30:58,526][root][INFO] - Added data to batch for client 0: {'round': 4, 'step_no': 323, 'loss': 0.16833263635635376, 'accuracy': 0.9293269515037537, 'l2_norm': 1.3106507062911987, 'computation_time': 0.04951906204223633, 'batch_time': 0.059411140508018434, 'rtc_check_time': 0.008577200002036989, 'experiment_id': 'exp_20240620_222959', 'client_id': '0'}
[2024-06-20 22:30:58,527][root][INFO] - Added data to batch for client 0: {'round': 4, 'step_no': 324, 'loss': 0.37668538093566895, 'accuracy': 0.9294507503509521, 'l2_norm': 1.3599071502685547, 'computation_time': 0.057022809982299805, 'batch_time': 0.07704766935785301, 'rtc_check_time': 0.018646799988346174, 'experiment_id': 'exp_20240620_222959', 'client_id': '0'}
[2024-06-20 22:30:58,528][root][INFO] - Added data to batch for client 0: {'round': 4, 'step_no': 325, 'loss': 0.040687333792448044, 'accuracy': 0.9305037260055542, 'l2_norm': 1.349740743637085, 'computation_time': 0.05613207817077637, 'batch_time': 0.07024045125581324, 'rtc_check_time': 0.01293440000154078, 'experiment_id': 'exp_20240620_222959', 'client_id': '0'}
[2024-06-20 22:30:58,529][root][INFO] - Added data to batch for client 0: {'round': 4, 'step_no': 326, 'loss': 0.2456088662147522, 'accuracy': 0.9301470518112183, 'l2_norm': 1.392272710800171, 'computation_time': 0.0737309455871582, 'batch_time': 0.08639481302816421, 'rtc_check_time': 0.008256700006313622, 'experiment_id': 'exp_20240620_222959', 'client_id': '0'}
[2024-06-20 22:30:58,531][root][INFO] - Added data to batch for client 0: {'round': 4, 'step_no': 327, 'loss': 0.22183655202388763, 'accuracy': 0.9298007488250732, 'l2_norm': 1.4026806354522705, 'computation_time': 0.11082005500793457, 'batch_time': 0.11815820679476019, 'rtc_check_time': 0.004674301002523862, 'experiment_id': 'exp_20240620_222959', 'client_id': '0'}
[2024-06-20 22:30:58,532][root][INFO] - Added data to batch for client 0: {'round': 4, 'step_no': 328, 'loss': 0.10936867445707321, 'accuracy': 0.9303571581840515, 'l2_norm': 1.4140480756759644, 'computation_time': 0.07794308662414551, 'batch_time': 0.08236951756407507, 'rtc_check_time': 0.0023355000012088567, 'experiment_id': 'exp_20240620_222959', 'client_id': '0'}
[2024-06-20 22:30:58,534][root][INFO] - Added data to batch for client 0: {'round': 4, 'step_no': 329, 'loss': 0.3459470868110657, 'accuracy': 0.9291373491287231, 'l2_norm': 1.4509637355804443, 'computation_time': 0.0600430965423584, 'batch_time': 0.07514177786651999, 'rtc_check_time': 0.01370870100799948, 'experiment_id': 'exp_20240620_222959', 'client_id': '0'}
[2024-06-20 22:30:58,535][root][INFO] - Added data to batch for client 0: {'round': 4, 'step_no': 330, 'loss': 0.02181493118405342, 'accuracy': 0.9301215410232544, 'l2_norm': 1.4479649066925049, 'computation_time': 0.06355810165405273, 'batch_time': 0.06644149991916493, 'rtc_check_time': 0.0015503999893553555, 'experiment_id': 'exp_20240620_222959', 'client_id': '0'}
[2024-06-20 22:30:58,536][root][INFO] - Added data to batch for client 0: {'round': 4, 'step_no': 331, 'loss': 0.23169507086277008, 'accuracy': 0.9302226305007935, 'l2_norm': 1.4913314580917358, 'computation_time': 0.05542397499084473, 'batch_time': 0.05819832975976169, 'rtc_check_time': 0.0017121999990195036, 'experiment_id': 'exp_20240620_222959', 'client_id': '0'}
[2024-06-20 22:30:58,537][root][INFO] - Added data to batch for client 0: {'round': 4, 'step_no': 332, 'loss': 0.17757011950016022, 'accuracy': 0.9303209185600281, 'l2_norm': 1.5214884281158447, 'computation_time': 0.045578956604003906, 'batch_time': 0.05120927524694707, 'rtc_check_time': 0.004282299996702932, 'experiment_id': 'exp_20240620_222959', 'client_id': '0'}
[2024-06-20 22:30:58,538][root][INFO] - Added data to batch for client 0: {'round': 4, 'step_no': 333, 'loss': 0.30875495076179504, 'accuracy': 0.9300000071525574, 'l2_norm': 1.5608818531036377, 'computation_time': 0.05331897735595703, 'batch_time': 0.05664081111899577, 'rtc_check_time': 0.0015027000044938177, 'experiment_id': 'exp_20240620_222959', 'client_id': '0'}
[2024-06-20 22:30:58,539][root][INFO] - Added data to batch for client 0: {'round': 4, 'step_no': 334, 'loss': 0.26980331540107727, 'accuracy': 0.9296875, 'l2_norm': 1.5531638860702515, 'computation_time': 0.05725693702697754, 'batch_time': 0.06626193944248371, 'rtc_check_time': 0.007310799992410466, 'experiment_id': 'exp_20240620_222959', 'client_id': '0'}
[2024-06-20 22:30:58,541][root][INFO] - Added data to batch for client 0: {'round': 4, 'step_no': 335, 'loss': 0.3882687985897064, 'accuracy': 0.9289772510528564, 'l2_norm': 1.5971301794052124, 'computation_time': 0.061955928802490234, 'batch_time': 0.06978972149954643, 'rtc_check_time': 0.005658699999912642, 'experiment_id': 'exp_20240620_222959', 'client_id': '0'}
[2024-06-20 22:30:58,542][root][INFO] - Added data to batch for client 0: {'round': 4, 'step_no': 336, 'loss': 0.43432557582855225, 'accuracy': 0.9274839758872986, 'l2_norm': 1.6779943704605103, 'computation_time': 0.04607200622558594, 'batch_time': 0.05162720606313087, 'rtc_check_time': 0.004017400002339855, 'experiment_id': 'exp_20240620_222959', 'client_id': '0'}
[2024-06-20 22:30:58,544][root][INFO] - Added data to batch for client 0: {'round': 4, 'step_no': 337, 'loss': 0.07304869592189789, 'accuracy': 0.9280063509941101, 'l2_norm': 1.6927499771118164, 'computation_time': 0.04218292236328125, 'batch_time': 0.04742221404740121, 'rtc_check_time': 0.004083199994056486, 'experiment_id': 'exp_20240620_222959', 'client_id': '0'}
[2024-06-20 22:30:58,545][root][INFO] - Added data to batch for client 0: {'round': 4, 'step_no': 338, 'loss': 0.1573241800069809, 'accuracy': 0.928515613079071, 'l2_norm': 1.7131736278533936, 'computation_time': 0.043669939041137695, 'batch_time': 0.04831082932651043, 'rtc_check_time': 0.003348900005221367, 'experiment_id': 'exp_20240620_222959', 'client_id': '0'}
[2024-06-20 22:30:58,546][root][INFO] - Added data to batch for client 0: {'round': 4, 'step_no': 339, 'loss': 0.2783229351043701, 'accuracy': 0.928626537322998, 'l2_norm': 1.770264744758606, 'computation_time': 0.04148983955383301, 'batch_time': 0.05194349026714917, 'rtc_check_time': 0.008899399996153079, 'experiment_id': 'exp_20240620_222959', 'client_id': '0'}
[2024-06-20 22:30:58,548][root][INFO] - Added data to batch for client 0: {'round': 4, 'step_no': 340, 'loss': 0.1105394959449768, 'accuracy': 0.9291158318519592, 'l2_norm': 1.7892937660217285, 'computation_time': 0.04392194747924805, 'batch_time': 0.04965131224889774, 'rtc_check_time': 0.004210400002193637, 'experiment_id': 'exp_20240620_222959', 'client_id': '0'}
[2024-06-20 22:30:58,549][root][INFO] - Added data to batch for client 0: {'round': 4, 'step_no': 341, 'loss': 0.20284001529216766, 'accuracy': 0.928463876247406, 'l2_norm': 1.8293663263320923, 'computation_time': 0.05690407752990723, 'batch_time': 0.060519226419273764, 'rtc_check_time': 0.0023922999971546233, 'experiment_id': 'exp_20240620_222959', 'client_id': '0'}
[2024-06-20 22:30:58,550][root][INFO] - Added data to batch for client 0: {'round': 4, 'step_no': 342, 'loss': 0.11820074915885925, 'accuracy': 0.9289434552192688, 'l2_norm': 1.8508268594741821, 'computation_time': 0.05205416679382324, 'batch_time': 0.055756038913386874, 'rtc_check_time': 0.0021810000034747645, 'experiment_id': 'exp_20240620_222959', 'client_id': '0'}
[2024-06-20 22:30:58,551][root][INFO] - Added data to batch for client 0: {'round': 4, 'step_no': 343, 'loss': 0.3158523440361023, 'accuracy': 0.9283088445663452, 'l2_norm': 1.9212257862091064, 'computation_time': 0.04207897186279297, 'batch_time': 0.04910552916408051, 'rtc_check_time': 0.005295399998431094, 'experiment_id': 'exp_20240620_222959', 'client_id': '0'}
[2024-06-20 22:30:58,552][root][INFO] - Added data to batch for client 0: {'round': 4, 'step_no': 344, 'loss': 0.1991678923368454, 'accuracy': 0.9284157156944275, 'l2_norm': 1.9238661527633667, 'computation_time': 0.06560206413269043, 'batch_time': 0.06803584838053212, 'rtc_check_time': 0.0013217999949119985, 'experiment_id': 'exp_20240620_222959', 'client_id': '0'}
[2024-06-20 22:30:58,554][root][INFO] - Added data to batch for client 0: {'round': 4, 'step_no': 345, 'loss': 0.1309467852115631, 'accuracy': 0.9288793206214905, 'l2_norm': 1.9598019123077393, 'computation_time': 0.04787015914916992, 'batch_time': 0.06059639425075147, 'rtc_check_time': 0.011341499994159676, 'experiment_id': 'exp_20240620_222959', 'client_id': '0'}
[2024-06-20 22:30:58,555][root][INFO] - Added data to batch for client 0: {'round': 4, 'step_no': 346, 'loss': 0.17433547973632812, 'accuracy': 0.9293323755264282, 'l2_norm': 1.9868546724319458, 'computation_time': 0.058908939361572266, 'batch_time': 0.06855815414746758, 'rtc_check_time': 0.007980999987921678, 'experiment_id': 'exp_20240620_222959', 'client_id': '0'}
[2024-06-20 22:30:58,556][root][INFO] - Added data to batch for client 0: {'round': 4, 'step_no': 347, 'loss': 0.20297569036483765, 'accuracy': 0.9287219047546387, 'l2_norm': 2.0309877395629883, 'computation_time': 0.05703902244567871, 'batch_time': 0.06579047474951949, 'rtc_check_time': 0.006437599993660115, 'experiment_id': 'exp_20240620_222959', 'client_id': '0'}
[2024-06-20 22:30:58,557][root][INFO] - Added data to batch for client 0: {'round': 4, 'step_no': 348, 'loss': 0.3844704031944275, 'accuracy': 0.9284722208976746, 'l2_norm': 2.035621166229248, 'computation_time': 0.059721946716308594, 'batch_time': 0.06789653096348047, 'rtc_check_time': 0.006251499988138676, 'experiment_id': 'exp_20240620_222959', 'client_id': '0'}
[2024-06-20 22:30:58,559][root][INFO] - Added data to batch for client 0: {'round': 4, 'step_no': 349, 'loss': 0.42767810821533203, 'accuracy': 0.9278846383094788, 'l2_norm': 2.074298620223999, 'computation_time': 0.053041934967041016, 'batch_time': 0.05988115823129192, 'rtc_check_time': 0.0051753000007011, 'experiment_id': 'exp_20240620_222959', 'client_id': '0'}
[2024-06-20 22:30:58,560][root][INFO] - Added data to batch for client 0: {'round': 4, 'step_no': 350, 'loss': 0.17459744215011597, 'accuracy': 0.92798912525177, 'l2_norm': 2.067960262298584, 'computation_time': 0.06438302993774414, 'batch_time': 0.06727516208775342, 'rtc_check_time': 0.001576300011947751, 'experiment_id': 'exp_20240620_222959', 'client_id': '0'}
[2024-06-20 22:30:58,562][root][INFO] - Added data to batch for client 0: {'round': 4, 'step_no': 351, 'loss': 0.47319164872169495, 'accuracy': 0.9270833134651184, 'l2_norm': 2.1390540599823, 'computation_time': 0.0642251968383789, 'batch_time': 0.07017768682271708, 'rtc_check_time': 0.004530799997155555, 'experiment_id': 'exp_20240620_222959', 'client_id': '0'}
[2024-06-20 22:30:58,563][root][INFO] - Added data to batch for client 0: {'round': 4, 'step_no': 352, 'loss': 0.23567676544189453, 'accuracy': 0.9271941781044006, 'l2_norm': 2.17830491065979, 'computation_time': 0.050523996353149414, 'batch_time': 0.05513257140410133, 'rtc_check_time': 0.0027624999929685146, 'experiment_id': 'exp_20240620_222959', 'client_id': '0'}
[2024-06-20 22:30:58,564][root][INFO] - Added data to batch for client 0: {'round': 4, 'step_no': 353, 'loss': 0.22694805264472961, 'accuracy': 0.9269737005233765, 'l2_norm': 2.1716299057006836, 'computation_time': 0.041500091552734375, 'batch_time': 0.047142715979134664, 'rtc_check_time': 0.004497499990975484, 'experiment_id': 'exp_20240620_222959', 'client_id': '0'}
[2024-06-20 22:30:58,566][root][INFO] - Added data to batch for client 0: {'round': 4, 'step_no': 354, 'loss': 0.12657518684864044, 'accuracy': 0.9274088740348816, 'l2_norm': 2.1869847774505615, 'computation_time': 0.04143404960632324, 'batch_time': 0.048070354023366235, 'rtc_check_time': 0.0053373999980976805, 'experiment_id': 'exp_20240620_222959', 'client_id': '0'}
[2024-06-20 22:30:58,567][root][INFO] - Added data to batch for client 0: {'round': 4, 'step_no': 355, 'loss': 0.10542620718479156, 'accuracy': 0.9275128841400146, 'l2_norm': 2.204115867614746, 'computation_time': 0.04400300979614258, 'batch_time': 0.051120341377099976, 'rtc_check_time': 0.005798400001367554, 'experiment_id': 'exp_20240620_222959', 'client_id': '0'}
[2024-06-20 22:30:58,568][root][INFO] - Added data to batch for client 0: {'round': 4, 'step_no': 356, 'loss': 0.24951225519180298, 'accuracy': 0.9272959232330322, 'l2_norm': 2.2620458602905273, 'computation_time': 0.04231715202331543, 'batch_time': 0.04575949227728415, 'rtc_check_time': 0.002299600004334934, 'experiment_id': 'exp_20240620_222959', 'client_id': '0'}
[2024-06-20 22:30:58,569][root][INFO] - Added data to batch for client 0: {'round': 4, 'step_no': 357, 'loss': 0.14674969017505646, 'accuracy': 0.9277146458625793, 'l2_norm': 2.290696382522583, 'computation_time': 0.04410386085510254, 'batch_time': 0.04730227970867418, 'rtc_check_time': 0.0020223000028636307, 'experiment_id': 'exp_20240620_222959', 'client_id': '0'}
[2024-06-20 22:30:58,570][root][INFO] - Added data to batch for client 0: {'round': 4, 'step_no': 358, 'loss': 0.20238631963729858, 'accuracy': 0.9275000095367432, 'l2_norm': 2.294255495071411, 'computation_time': 0.04373812675476074, 'batch_time': 0.04680520774854813, 'rtc_check_time': 0.0018943000031867996, 'experiment_id': 'exp_20240620_222959', 'client_id': '0'}
[2024-06-20 22:30:58,572][root][INFO] - Added data to batch for client 0: {'round': 4, 'step_no': 359, 'loss': 0.19812068343162537, 'accuracy': 0.9279084205627441, 'l2_norm': 2.287188768386841, 'computation_time': 0.06898212432861328, 'batch_time': 0.07439119370246772, 'rtc_check_time': 0.003574199989088811, 'experiment_id': 'exp_20240620_222959', 'client_id': '0'}
[2024-06-20 22:30:58,573][root][INFO] - Added data to batch for client 0: {'round': 4, 'step_no': 360, 'loss': 0.1095697358250618, 'accuracy': 0.9280024766921997, 'l2_norm': 2.314934730529785, 'computation_time': 0.0637209415435791, 'batch_time': 0.06730081781279296, 'rtc_check_time': 0.0019057010067626834, 'experiment_id': 'exp_20240620_222959', 'client_id': '0'}
[2024-06-20 22:30:58,574][root][INFO] - Added data to batch for client 0: {'round': 4, 'step_no': 361, 'loss': 0.12430644035339355, 'accuracy': 0.928398072719574, 'l2_norm': 2.3717739582061768, 'computation_time': 0.05315208435058594, 'batch_time': 0.05644163861870766, 'rtc_check_time': 0.0019257999956607819, 'experiment_id': 'exp_20240620_222959', 'client_id': '0'}
[2024-06-20 22:30:58,576][root][INFO] - Added data to batch for client 0: {'round': 4, 'step_no': 362, 'loss': 0.259276807308197, 'accuracy': 0.9284855723381042, 'l2_norm': 2.396516799926758, 'computation_time': 0.04196310043334961, 'batch_time': 0.0495946431910852, 'rtc_check_time': 0.00637460000871215, 'experiment_id': 'exp_20240620_222959', 'client_id': '0'}
[2024-06-20 22:30:58,577][root][INFO] - Added data to batch for client 0: {'round': 4, 'step_no': 363, 'loss': 0.3720025420188904, 'accuracy': 0.9282737970352173, 'l2_norm': 2.4908509254455566, 'computation_time': 0.038722991943359375, 'batch_time': 0.04247112483426463, 'rtc_check_time': 0.002607299989904277, 'experiment_id': 'exp_20240620_222959', 'client_id': '0'}
[2024-06-20 22:30:58,578][root][INFO] - Added data to batch for client 0: {'round': 4, 'step_no': 364, 'loss': 0.13698908686637878, 'accuracy': 0.9286556839942932, 'l2_norm': 2.536900520324707, 'computation_time': 0.043318986892700195, 'batch_time': 0.0459957475977717, 'rtc_check_time': 0.0014767999964533374, 'experiment_id': 'exp_20240620_222959', 'client_id': '0'}
[2024-06-20 22:30:58,579][root][INFO] - Added data to batch for client 0: {'round': 4, 'step_no': 365, 'loss': 0.13826239109039307, 'accuracy': 0.9290303587913513, 'l2_norm': 2.57023549079895, 'computation_time': 0.03979301452636719, 'batch_time': 0.04406167897104751, 'rtc_check_time': 0.003174800003762357, 'experiment_id': 'exp_20240620_222959', 'client_id': '0'}
[2024-06-20 22:30:58,581][root][INFO] - Added data to batch for client 0: {'round': 4, 'step_no': 366, 'loss': 0.24461109936237335, 'accuracy': 0.9288194179534912, 'l2_norm': 2.6276297569274902, 'computation_time': 0.05152010917663574, 'batch_time': 0.05511291247967165, 'rtc_check_time': 0.0022877000010339543, 'experiment_id': 'exp_20240620_222959', 'client_id': '0'}
[2024-06-20 22:30:58,582][root][INFO] - Added data to batch for client 0: {'round': 4, 'step_no': 367, 'loss': 0.20869508385658264, 'accuracy': 0.9288991093635559, 'l2_norm': 2.6166791915893555, 'computation_time': 0.04624295234680176, 'batch_time': 0.0497116598271532, 'rtc_check_time': 0.0020587000035448, 'experiment_id': 'exp_20240620_222959', 'client_id': '0'}
[2024-06-20 22:30:58,583][root][INFO] - Added data to batch for client 0: {'round': 4, 'step_no': 368, 'loss': 0.09463471174240112, 'accuracy': 0.9292613863945007, 'l2_norm': 2.6278843879699707, 'computation_time': 0.05042600631713867, 'batch_time': 0.05800300679402426, 'rtc_check_time': 0.005188999988604337, 'experiment_id': 'exp_20240620_222959', 'client_id': '0'}
[2024-06-20 22:30:58,584][root][INFO] - Added data to batch for client 0: {'round': 4, 'step_no': 369, 'loss': 0.15193316340446472, 'accuracy': 0.9293355941772461, 'l2_norm': 2.6527981758117676, 'computation_time': 0.05280900001525879, 'batch_time': 0.058972142651327886, 'rtc_check_time': 0.004692100003012456, 'experiment_id': 'exp_20240620_222959', 'client_id': '0'}
[2024-06-20 22:30:58,586][root][INFO] - Added data to batch for client 0: {'round': 4, 'step_no': 370, 'loss': 0.08407791703939438, 'accuracy': 0.9296875, 'l2_norm': 2.6823747158050537, 'computation_time': 0.05673408508300781, 'batch_time': 0.06039855170820374, 'rtc_check_time': 0.002070400005322881, 'experiment_id': 'exp_20240620_222959', 'client_id': '0'}
[2024-06-20 22:30:58,587][root][INFO] - Added data to batch for client 0: {'round': 4, 'step_no': 371, 'loss': 0.22204139828681946, 'accuracy': 0.9300332069396973, 'l2_norm': 2.7345638275146484, 'computation_time': 0.03902602195739746, 'batch_time': 0.042406617940287106, 'rtc_check_time': 0.002333700002054684, 'experiment_id': 'exp_20240620_222959', 'client_id': '0'}
[2024-06-20 22:30:58,588][root][INFO] - Added data to batch for client 0: {'round': 4, 'step_no': 372, 'loss': 0.17240360379219055, 'accuracy': 0.9300987124443054, 'l2_norm': 2.7702836990356445, 'computation_time': 0.039585113525390625, 'batch_time': 0.04311392614908982, 'rtc_check_time': 0.002360800004680641, 'experiment_id': 'exp_20240620_222959', 'client_id': '0'}
[2024-06-20 22:30:58,589][root][INFO] - Added data to batch for client 0: {'round': 4, 'step_no': 373, 'loss': 0.042126961052417755, 'accuracy': 0.9307065010070801, 'l2_norm': 2.761308193206787, 'computation_time': 0.04784679412841797, 'batch_time': 0.050851183172198944, 'rtc_check_time': 0.001492099996539764, 'experiment_id': 'exp_20240620_222959', 'client_id': '0'}
[2024-06-20 22:30:58,590][root][INFO] - Added data to batch for client 0: {'round': 4, 'step_no': 374, 'loss': 0.278906911611557, 'accuracy': 0.9302262663841248, 'l2_norm': 2.821923017501831, 'computation_time': 0.05490899085998535, 'batch_time': 0.06010784936370328, 'rtc_check_time': 0.003431699995417148, 'experiment_id': 'exp_20240620_222959', 'client_id': '0'}
[2024-06-20 22:30:58,591][root][INFO] - Added data to batch for client 0: {'round': 4, 'step_no': 375, 'loss': 0.19805413484573364, 'accuracy': 0.9297542572021484, 'l2_norm': 2.8868207931518555, 'computation_time': 0.04506993293762207, 'batch_time': 0.04857315179833677, 'rtc_check_time': 0.0023271000100066885, 'experiment_id': 'exp_20240620_222959', 'client_id': '0'}
[2024-06-20 22:30:58,592][root][INFO] - Added data to batch for client 0: {'round': 4, 'step_no': 376, 'loss': 0.153423011302948, 'accuracy': 0.930084764957428, 'l2_norm': 2.907153606414795, 'computation_time': 0.04267406463623047, 'batch_time': 0.04707981910905801, 'rtc_check_time': 0.003213899995898828, 'experiment_id': 'exp_20240620_222959', 'client_id': '0'}
[2024-06-20 22:30:58,593][root][INFO] - Added data to batch for client 0: {'round': 4, 'step_no': 377, 'loss': 0.07000371813774109, 'accuracy': 0.930672287940979, 'l2_norm': 2.918672561645508, 'computation_time': 0.042807817459106445, 'batch_time': 0.046164010345819406, 'rtc_check_time': 0.0021640999912051484, 'experiment_id': 'exp_20240620_222959', 'client_id': '0'}
[2024-06-20 22:30:58,594][root][INFO] - Added data to batch for client 0: {'round': 4, 'step_no': 378, 'loss': 0.0867418423295021, 'accuracy': 0.9309895634651184, 'l2_norm': 2.963963270187378, 'computation_time': 0.04459095001220703, 'batch_time': 0.0618223402852891, 'rtc_check_time': 0.015939399992930703, 'experiment_id': 'exp_20240620_222959', 'client_id': '0'}
[2024-06-20 22:30:58,595][root][INFO] - Added data to batch for client 0: {'round': 4, 'step_no': 379, 'loss': 0.2063221037387848, 'accuracy': 0.9313016533851624, 'l2_norm': 3.0217185020446777, 'computation_time': 0.04317307472229004, 'batch_time': 0.04687945636396762, 'rtc_check_time': 0.0024945000041043386, 'experiment_id': 'exp_20240620_222959', 'client_id': '0'}
[2024-06-20 22:30:58,596][root][INFO] - Added data to batch for client 0: {'round': 4, 'step_no': 380, 'loss': 0.3757483959197998, 'accuracy': 0.931352436542511, 'l2_norm': 3.0679073333740234, 'computation_time': 0.046256065368652344, 'batch_time': 0.051167928730137646, 'rtc_check_time': 0.0034649010049179196, 'experiment_id': 'exp_20240620_222959', 'client_id': '0'}
[2024-06-20 22:30:58,597][root][INFO] - Added data to batch for client 0: {'round': 4, 'step_no': 381, 'loss': 0.16978362202644348, 'accuracy': 0.9314024448394775, 'l2_norm': 3.0972414016723633, 'computation_time': 0.04181694984436035, 'batch_time': 0.04602529027033597, 'rtc_check_time': 0.0029811999993398786, 'experiment_id': 'exp_20240620_222959', 'client_id': '0'}
[2024-06-20 22:30:58,598][root][INFO] - Added data to batch for client 0: {'round': 4, 'step_no': 382, 'loss': 0.1422736793756485, 'accuracy': 0.9317036271095276, 'l2_norm': 3.109558343887329, 'computation_time': 0.04124188423156738, 'batch_time': 0.04857515238109045, 'rtc_check_time': 0.006089200003771111, 'experiment_id': 'exp_20240620_222959', 'client_id': '0'}
[2024-06-20 22:30:58,599][root][INFO] - Added data to batch for client 0: {'round': 4, 'step_no': 383, 'loss': 0.13868069648742676, 'accuracy': 0.9319999814033508, 'l2_norm': 3.1109097003936768, 'computation_time': 0.04274606704711914, 'batch_time': 0.045783101028064266, 'rtc_check_time': 0.0016460999904666096, 'experiment_id': 'exp_20240620_222959', 'client_id': '0'}
[2024-06-20 22:30:58,600][root][INFO] - Added data to batch for client 0: {'round': 4, 'step_no': 384, 'loss': 0.09348143637180328, 'accuracy': 0.9320436716079712, 'l2_norm': 3.1302692890167236, 'computation_time': 0.042294979095458984, 'batch_time': 0.0450821528211236, 'rtc_check_time': 0.0015740999951958656, 'experiment_id': 'exp_20240620_222959', 'client_id': '0'}
[2024-06-20 22:30:58,601][root][INFO] - Added data to batch for client 0: {'round': 4, 'step_no': 385, 'loss': 0.07401499152183533, 'accuracy': 0.9325787425041199, 'l2_norm': 3.158823251724243, 'computation_time': 0.04219698905944824, 'batch_time': 0.04749465534405317, 'rtc_check_time': 0.0041286999912699685, 'experiment_id': 'exp_20240620_222959', 'client_id': '0'}
[2024-06-20 22:30:58,602][root][INFO] - Added data to batch for client 0: {'round': 4, 'step_no': 386, 'loss': 0.23387321829795837, 'accuracy': 0.9326171875, 'l2_norm': 3.185234308242798, 'computation_time': 0.0379180908203125, 'batch_time': 0.04207253814092837, 'rtc_check_time': 0.003136399987852201, 'experiment_id': 'exp_20240620_222959', 'client_id': '0'}
[2024-06-20 22:30:58,603][root][INFO] - Added data to batch for client 0: {'round': 4, 'step_no': 387, 'loss': 0.14591418206691742, 'accuracy': 0.9328972697257996, 'l2_norm': 3.2016470432281494, 'computation_time': 0.03968095779418945, 'batch_time': 0.04333199954999145, 'rtc_check_time': 0.002602000007755123, 'experiment_id': 'exp_20240620_222959', 'client_id': '0'}
[2024-06-20 22:30:58,604][root][INFO] - Added data to batch for client 0: {'round': 4, 'step_no': 388, 'loss': 0.10224466025829315, 'accuracy': 0.9329326748847961, 'l2_norm': 3.206937313079834, 'computation_time': 0.039639949798583984, 'batch_time': 0.043399807531386614, 'rtc_check_time': 0.002628799993544817, 'experiment_id': 'exp_20240620_222959', 'client_id': '0'}
[2024-06-20 22:30:58,605][root][INFO] - Added data to batch for client 0: {'round': 4, 'step_no': 389, 'loss': 0.40689632296562195, 'accuracy': 0.9327290058135986, 'l2_norm': 3.2560837268829346, 'computation_time': 0.04337811470031738, 'batch_time': 0.05684309866046533, 'rtc_check_time': 0.012431201001163572, 'experiment_id': 'exp_20240620_222959', 'client_id': '0'}
[2024-06-20 22:30:58,606][root][INFO] - Added data to batch for client 0: {'round': 4, 'step_no': 390, 'loss': 0.12855994701385498, 'accuracy': 0.9327651262283325, 'l2_norm': 3.301513433456421, 'computation_time': 0.047796010971069336, 'batch_time': 0.0522198708349606, 'rtc_check_time': 0.0022800000006100163, 'experiment_id': 'exp_20240620_222959', 'client_id': '0'}
[2024-06-20 22:30:58,607][root][INFO] - Added data to batch for client 0: {'round': 4, 'step_no': 391, 'loss': 0.049835048615932465, 'accuracy': 0.9332706928253174, 'l2_norm': 3.321591377258301, 'computation_time': 0.055049896240234375, 'batch_time': 0.057659190890262835, 'rtc_check_time': 0.0013842999906046316, 'experiment_id': 'exp_20240620_222959', 'client_id': '0'}
[2024-06-20 22:30:58,609][root][INFO] - Added data to batch for client 0: {'round': 4, 'step_no': 392, 'loss': 0.2243930995464325, 'accuracy': 0.9333022236824036, 'l2_norm': 3.338538646697998, 'computation_time': 0.04637503623962402, 'batch_time': 0.051869379632989876, 'rtc_check_time': 0.004198299997369759, 'experiment_id': 'exp_20240620_222959', 'client_id': '0'}
[2024-06-20 22:30:58,610][root][INFO] - Added data to batch for client 0: {'round': 4, 'step_no': 393, 'loss': 0.27434638142585754, 'accuracy': 0.9331018328666687, 'l2_norm': 3.387895345687866, 'computation_time': 0.04586505889892578, 'batch_time': 0.055817851796746254, 'rtc_check_time': 0.00876070000231266, 'experiment_id': 'exp_20240620_222959', 'client_id': '0'}
[2024-06-20 22:30:58,611][root][INFO] - Added data to batch for client 0: {'round': 4, 'step_no': 394, 'loss': 0.1996494084596634, 'accuracy': 0.9331341981887817, 'l2_norm': 3.4694135189056396, 'computation_time': 0.04550600051879883, 'batch_time': 0.04877951917296741, 'rtc_check_time': 0.001925500007928349, 'experiment_id': 'exp_20240620_222959', 'client_id': '0'}
[2024-06-20 22:30:58,612][root][INFO] - Added data to batch for client 0: {'round': 4, 'step_no': 395, 'loss': 0.04302573204040527, 'accuracy': 0.9336222410202026, 'l2_norm': 3.46213698387146, 'computation_time': 0.04151296615600586, 'batch_time': 0.04524847134598531, 'rtc_check_time': 0.0026116000080946833, 'experiment_id': 'exp_20240620_222959', 'client_id': '0'}
[2024-06-20 22:30:58,613][root][INFO] - Added data to batch for client 0: {'round': 4, 'step_no': 396, 'loss': 0.07375746965408325, 'accuracy': 0.9338768124580383, 'l2_norm': 3.4839885234832764, 'computation_time': 0.03888893127441406, 'batch_time': 0.04177467990666628, 'rtc_check_time': 0.001789500005543232, 'experiment_id': 'exp_20240620_222959', 'client_id': '0'}
[2024-06-20 22:30:58,614][root][INFO] - Added data to batch for client 0: {'round': 4, 'step_no': 397, 'loss': 0.11555678397417068, 'accuracy': 0.934127688407898, 'l2_norm': 3.501779079437256, 'computation_time': 0.04238009452819824, 'batch_time': 0.04572732404631097, 'rtc_check_time': 0.002139400996384211, 'experiment_id': 'exp_20240620_222959', 'client_id': '0'}
[2024-06-20 22:30:58,615][root][INFO] - Added data to batch for client 0: {'round': 4, 'step_no': 398, 'loss': 0.19539396464824677, 'accuracy': 0.9341517686843872, 'l2_norm': 3.5173144340515137, 'computation_time': 0.041821956634521484, 'batch_time': 0.045454725419403985, 'rtc_check_time': 0.0023495999921578914, 'experiment_id': 'exp_20240620_222959', 'client_id': '0'}
[2024-06-20 22:30:58,616][root][INFO] - Added data to batch for client 0: {'round': 4, 'step_no': 399, 'loss': 0.05529693514108658, 'accuracy': 0.9343971610069275, 'l2_norm': 3.5094075202941895, 'computation_time': 0.04197502136230469, 'batch_time': 0.047351096305646934, 'rtc_check_time': 0.00412700000742916, 'experiment_id': 'exp_20240620_222959', 'client_id': '0'}
[2024-06-20 22:30:58,617][root][INFO] - Added data to batch for client 0: {'round': 4, 'step_no': 400, 'loss': 0.12482311576604843, 'accuracy': 0.9344190359115601, 'l2_norm': 3.521177291870117, 'computation_time': 0.0491940975189209, 'batch_time': 0.05816074828908313, 'rtc_check_time': 0.00711389999196399, 'experiment_id': 'exp_20240620_222959', 'client_id': '0'}
[2024-06-20 22:30:58,618][root][INFO] - Added data to batch for client 0: {'round': 4, 'step_no': 401, 'loss': 0.17669788002967834, 'accuracy': 0.934440553188324, 'l2_norm': 3.5520834922790527, 'computation_time': 0.04680299758911133, 'batch_time': 0.05114469333784655, 'rtc_check_time': 0.0030745010008104146, 'experiment_id': 'exp_20240620_222959', 'client_id': '0'}
[2024-06-20 22:30:58,619][root][INFO] - Added data to batch for client 0: {'round': 4, 'step_no': 402, 'loss': 0.1028406098484993, 'accuracy': 0.9346787929534912, 'l2_norm': 3.5943429470062256, 'computation_time': 0.05556988716125488, 'batch_time': 0.0583800453459844, 'rtc_check_time': 0.0014681000029668212, 'experiment_id': 'exp_20240620_222959', 'client_id': '0'}
[2024-06-20 22:30:58,620][root][INFO] - Added data to batch for client 0: {'round': 4, 'step_no': 403, 'loss': 0.03502928093075752, 'accuracy': 0.9351292848587036, 'l2_norm': 3.6038260459899902, 'computation_time': 0.04046297073364258, 'batch_time': 0.044437094853492454, 'rtc_check_time': 0.002443000004859641, 'experiment_id': 'exp_20240620_222959', 'client_id': '0'}
[2024-06-20 22:30:58,621][root][INFO] - Added data to batch for client 0: {'round': 4, 'step_no': 404, 'loss': 0.16311651468276978, 'accuracy': 0.9353595972061157, 'l2_norm': 3.651177167892456, 'computation_time': 0.038815975189208984, 'batch_time': 0.04372913730912842, 'rtc_check_time': 0.0038491000013891608, 'experiment_id': 'exp_20240620_222959', 'client_id': '0'}
[2024-06-20 22:30:58,622][root][INFO] - Added data to batch for client 0: {'round': 4, 'step_no': 405, 'loss': 0.006236794404685497, 'accuracy': 0.9357993006706238, 'l2_norm': 3.6567766666412354, 'computation_time': 0.03935885429382324, 'batch_time': 0.04282600029546302, 'rtc_check_time': 0.002270999990287237, 'experiment_id': 'exp_20240620_222959', 'client_id': '0'}
[2024-06-20 22:30:58,623][root][INFO] - Added data to batch for client 0: {'round': 4, 'step_no': 406, 'loss': 0.2895985245704651, 'accuracy': 0.9358108043670654, 'l2_norm': 3.755143404006958, 'computation_time': 0.04110002517700195, 'batch_time': 0.04568511863180902, 'rtc_check_time': 0.0033961000008275732, 'experiment_id': 'exp_20240620_222959', 'client_id': '0'}
[2024-06-20 22:30:58,624][root][INFO] - Added data to batch for client 0: {'round': 4, 'step_no': 407, 'loss': 0.04667964205145836, 'accuracy': 0.936241626739502, 'l2_norm': 3.7378973960876465, 'computation_time': 0.039234161376953125, 'batch_time': 0.045063001540256664, 'rtc_check_time': 0.003917199996067211, 'experiment_id': 'exp_20240620_222959', 'client_id': '0'}
[2024-06-20 22:30:58,625][root][INFO] - Added data to batch for client 0: {'round': 4, 'step_no': 408, 'loss': 0.24017101526260376, 'accuracy': 0.9362499713897705, 'l2_norm': 3.8031585216522217, 'computation_time': 0.03792095184326172, 'batch_time': 0.04156688624061644, 'rtc_check_time': 0.0025987999979406595, 'experiment_id': 'exp_20240620_222959', 'client_id': '0'}
[2024-06-20 22:30:58,626][root][INFO] - Added data to batch for client 0: {'round': 4, 'step_no': 409, 'loss': 0.11110229045152664, 'accuracy': 0.9362582564353943, 'l2_norm': 3.8102993965148926, 'computation_time': 0.03854513168334961, 'batch_time': 0.043093641244922765, 'rtc_check_time': 0.0034916000004159287, 'experiment_id': 'exp_20240620_222959', 'client_id': '0'}
[2024-06-20 22:30:58,627][root][INFO] - Added data to batch for client 0: {'round': 4, 'step_no': 410, 'loss': 0.045948244631290436, 'accuracy': 0.9364720582962036, 'l2_norm': 3.816981792449951, 'computation_time': 0.04930996894836426, 'batch_time': 0.060231897470657714, 'rtc_check_time': 0.008902999994461425, 'experiment_id': 'exp_20240620_222959', 'client_id': '0'}
[2024-06-20 22:30:58,628][root][INFO] - Added data to batch for client 0: {'round': 4, 'step_no': 411, 'loss': 0.15014266967773438, 'accuracy': 0.9366829991340637, 'l2_norm': 3.908026933670044, 'computation_time': 0.05535387992858887, 'batch_time': 0.05895868422521744, 'rtc_check_time': 0.0020917999936500564, 'experiment_id': 'exp_20240620_222959', 'client_id': '0'}
[2024-06-20 22:30:58,629][root][INFO] - Added data to batch for client 0: {'round': 4, 'step_no': 412, 'loss': 0.14822529256343842, 'accuracy': 0.9368912577629089, 'l2_norm': 3.9174060821533203, 'computation_time': 0.05120110511779785, 'batch_time': 0.058646948309615254, 'rtc_check_time': 0.0059779000002890825, 'experiment_id': 'exp_20240620_222959', 'client_id': '0'}
[2024-06-20 22:30:58,630][root][INFO] - Added data to batch for client 0: {'round': 4, 'step_no': 413, 'loss': 0.06265096366405487, 'accuracy': 0.9370967745780945, 'l2_norm': 3.935314655303955, 'computation_time': 0.05041003227233887, 'batch_time': 0.0631812289066147, 'rtc_check_time': 0.011685200006468222, 'experiment_id': 'exp_20240620_222959', 'client_id': '0'}
[2024-06-20 22:30:58,631][root][INFO] - Added data to batch for client 0: {'round': 4, 'step_no': 414, 'loss': 0.2084338366985321, 'accuracy': 0.9372996687889099, 'l2_norm': 3.971200704574585, 'computation_time': 0.04173898696899414, 'batch_time': 0.044428016772144474, 'rtc_check_time': 0.0014029999874765053, 'experiment_id': 'exp_20240620_222959', 'client_id': '0'}
[2024-06-20 22:30:58,632][root][INFO] - Added data to batch for client 0: {'round': 4, 'step_no': 415, 'loss': 0.020819880068302155, 'accuracy': 0.937699019908905, 'l2_norm': 3.972522258758545, 'computation_time': 0.03992915153503418, 'batch_time': 0.04373275586112868, 'rtc_check_time': 0.0025468999956501648, 'experiment_id': 'exp_20240620_222959', 'client_id': '0'}
[2024-06-20 22:30:58,633][root][INFO] - Added data to batch for client 0: {'round': 4, 'step_no': 416, 'loss': 0.0733732134103775, 'accuracy': 0.938093364238739, 'l2_norm': 4.016833305358887, 'computation_time': 0.0398869514465332, 'batch_time': 0.04531959243468009, 'rtc_check_time': 0.004208600003039464, 'experiment_id': 'exp_20240620_222959', 'client_id': '0'}
[2024-06-20 22:30:58,635][root][INFO] - Added data to batch for client 0: {'round': 4, 'step_no': 417, 'loss': 0.04040131717920303, 'accuracy': 0.9384827017784119, 'l2_norm': 4.025490760803223, 'computation_time': 0.04012703895568848, 'batch_time': 0.04449280348489992, 'rtc_check_time': 0.0032296999997925013, 'experiment_id': 'exp_20240620_222959', 'client_id': '0'}
[2024-06-20 22:30:58,636][root][INFO] - Added data to batch for client 0: {'round': 4, 'step_no': 418, 'loss': 0.3001270592212677, 'accuracy': 0.938281238079071, 'l2_norm': 4.113124847412109, 'computation_time': 0.0423891544342041, 'batch_time': 0.04515602983883582, 'rtc_check_time': 0.00156309999874793, 'experiment_id': 'exp_20240620_222959', 'client_id': '0'}
[2024-06-20 22:30:58,637][root][INFO] - Added data to batch for client 0: {'round': 4, 'step_no': 419, 'loss': 0.07119902968406677, 'accuracy': 0.9384704828262329, 'l2_norm': 4.109882831573486, 'computation_time': 0.05553007125854492, 'batch_time': 0.06072192155988887, 'rtc_check_time': 0.0032937999931164086, 'experiment_id': 'exp_20240620_222959', 'client_id': '0'}
[2024-06-20 22:30:58,638][root][INFO] - Added data to batch for client 0: {'round': 4, 'step_no': 420, 'loss': 0.12695544958114624, 'accuracy': 0.9386574029922485, 'l2_norm': 4.176303386688232, 'computation_time': 0.055314064025878906, 'batch_time': 0.06518447864800692, 'rtc_check_time': 0.00828660000115633, 'experiment_id': 'exp_20240620_222959', 'client_id': '0'}
[2024-06-20 22:30:58,639][root][INFO] - Added data to batch for client 0: {'round': 4, 'step_no': 421, 'loss': 0.24067673087120056, 'accuracy': 0.9384585618972778, 'l2_norm': 4.217268943786621, 'computation_time': 0.048390865325927734, 'batch_time': 0.053874397548497654, 'rtc_check_time': 0.00412549999600742, 'experiment_id': 'exp_20240620_222959', 'client_id': '0'}
[2024-06-20 22:30:58,641][root][INFO] - Added data to batch for client 0: {'round': 4, 'step_no': 422, 'loss': 0.0772426575422287, 'accuracy': 0.9388338327407837, 'l2_norm': 4.262906551361084, 'computation_time': 0.04859304428100586, 'batch_time': 0.054092721635242924, 'rtc_check_time': 0.004178600007435307, 'experiment_id': 'exp_20240620_222959', 'client_id': '0'}
[2024-06-20 22:30:58,642][root][INFO] - Added data to batch for client 0: {'round': 4, 'step_no': 423, 'loss': 0.017573252320289612, 'accuracy': 0.9392045736312866, 'l2_norm': 4.259854316711426, 'computation_time': 0.05050301551818848, 'batch_time': 0.05514632475387771, 'rtc_check_time': 0.003200399994966574, 'experiment_id': 'exp_20240620_222959', 'client_id': '0'}
[2024-06-20 22:30:58,643][root][INFO] - Added data to batch for client 0: {'round': 4, 'step_no': 424, 'loss': 0.07681801915168762, 'accuracy': 0.9393825531005859, 'l2_norm': 4.304605007171631, 'computation_time': 0.0511012077331543, 'batch_time': 0.056117096508387476, 'rtc_check_time': 0.0028190999873913825, 'experiment_id': 'exp_20240620_222959', 'client_id': '0'}
[2024-06-20 22:30:58,644][root][INFO] - Added data to batch for client 0: {'round': 4, 'step_no': 425, 'loss': 0.26440688967704773, 'accuracy': 0.9393712282180786, 'l2_norm': 4.389695167541504, 'computation_time': 0.05160999298095703, 'batch_time': 0.05501104854920413, 'rtc_check_time': 0.001959100001840852, 'experiment_id': 'exp_20240620_222959', 'client_id': '0'}
[2024-06-20 22:30:58,645][root][INFO] - Added data to batch for client 0: {'round': 4, 'step_no': 426, 'loss': 0.0931033045053482, 'accuracy': 0.9395461082458496, 'l2_norm': 4.415419578552246, 'computation_time': 0.061532020568847656, 'batch_time': 0.06512876813940238, 'rtc_check_time': 0.0021957999997539446, 'experiment_id': 'exp_20240620_222959', 'client_id': '0'}
[2024-06-20 22:30:58,646][root][INFO] - Added data to batch for client 0: {'round': 4, 'step_no': 427, 'loss': 0.11538639664649963, 'accuracy': 0.9395340085029602, 'l2_norm': 4.423397064208984, 'computation_time': 0.059992074966430664, 'batch_time': 0.07057774455461185, 'rtc_check_time': 0.008922699998947792, 'experiment_id': 'exp_20240620_222959', 'client_id': '0'}
[2024-06-20 22:30:58,647][root][INFO] - Added data to batch for client 0: {'round': 4, 'step_no': 428, 'loss': 0.11198882758617401, 'accuracy': 0.9397059082984924, 'l2_norm': 4.458054065704346, 'computation_time': 0.05263805389404297, 'batch_time': 0.07206348405452445, 'rtc_check_time': 0.01817850099178031, 'experiment_id': 'exp_20240620_222959', 'client_id': '0'}
[2024-06-20 22:30:58,648][root][INFO] - Added data to batch for client 0: {'round': 4, 'step_no': 429, 'loss': 0.05613173544406891, 'accuracy': 0.9398757219314575, 'l2_norm': 4.49540901184082, 'computation_time': 0.04623985290527344, 'batch_time': 0.0513170444755815, 'rtc_check_time': 0.0037069999962113798, 'experiment_id': 'exp_20240620_222959', 'client_id': '0'}
[2024-06-20 22:30:58,649][root][INFO] - Added data to batch for client 0: {'round': 4, 'step_no': 430, 'loss': 0.6392307281494141, 'accuracy': 0.9396802186965942, 'l2_norm': 4.556136608123779, 'computation_time': 0.05260419845581055, 'batch_time': 0.060016772331437096, 'rtc_check_time': 0.005858799995621666, 'experiment_id': 'exp_20240620_222959', 'client_id': '0'}
[2024-06-20 22:30:58,650][root][INFO] - Added data to batch for client 0: {'round': 4, 'step_no': 431, 'loss': 0.0416233167052269, 'accuracy': 0.9400289058685303, 'l2_norm': 4.574604034423828, 'computation_time': 0.05550694465637207, 'batch_time': 0.06207011874357704, 'rtc_check_time': 0.005181300002732314, 'experiment_id': 'exp_20240620_222959', 'client_id': '0'}
[2024-06-20 22:30:58,651][root][INFO] - Added data to batch for client 0: {'round': 4, 'step_no': 432, 'loss': 0.03646818920969963, 'accuracy': 0.9403735399246216, 'l2_norm': 4.603808879852295, 'computation_time': 0.04869985580444336, 'batch_time': 0.05183893314097077, 'rtc_check_time': 0.0018179999897256494, 'experiment_id': 'exp_20240620_222959', 'client_id': '0'}
[2024-06-20 22:30:58,653][root][INFO] - Added data to batch for client 0: {'round': 4, 'step_no': 433, 'loss': 0.5521337389945984, 'accuracy': 0.9399999976158142, 'l2_norm': 4.66015625, 'computation_time': 0.05152392387390137, 'batch_time': 0.055879706793348305, 'rtc_check_time': 0.003065699987928383, 'experiment_id': 'exp_20240620_222959', 'client_id': '0'}
[2024-06-20 22:30:58,654][root][INFO] - Added data to batch for client 0: {'round': 4, 'step_no': 434, 'loss': 0.11800462007522583, 'accuracy': 0.9401633739471436, 'l2_norm': 4.646828651428223, 'computation_time': 0.05045580863952637, 'batch_time': 0.05716609024966601, 'rtc_check_time': 0.005242100000032224, 'experiment_id': 'exp_20240620_222959', 'client_id': '0'}
[2024-06-20 22:30:58,655][root][INFO] - Added data to batch for client 0: {'round': 4, 'step_no': 435, 'loss': 0.36395472288131714, 'accuracy': 0.939795196056366, 'l2_norm': 4.699746131896973, 'computation_time': 0.051982879638671875, 'batch_time': 0.0635144499829039, 'rtc_check_time': 0.010043599992059171, 'experiment_id': 'exp_20240620_222959', 'client_id': '0'}
[2024-06-20 22:30:58,656][root][INFO] - Added data to batch for client 0: {'round': 4, 'step_no': 436, 'loss': 0.07175662368535995, 'accuracy': 0.9401334524154663, 'l2_norm': 4.720357894897461, 'computation_time': 0.05094289779663086, 'batch_time': 0.059319509091437794, 'rtc_check_time': 0.007030499997199513, 'experiment_id': 'exp_20240620_222959', 'client_id': '0'}
[2024-06-20 22:30:58,657][root][INFO] - Added data to batch for client 0: {'round': 4, 'step_no': 437, 'loss': 0.1276717334985733, 'accuracy': 0.9402933120727539, 'l2_norm': 4.754572868347168, 'computation_time': 0.058670997619628906, 'batch_time': 0.062251977826235816, 'rtc_check_time': 0.001976900006411597, 'experiment_id': 'exp_20240620_222959', 'client_id': '0'}
[2024-06-20 22:30:58,658][root][INFO] - Added data to batch for client 0: {'round': 4, 'step_no': 438, 'loss': 0.20432379841804504, 'accuracy': 0.9401041865348816, 'l2_norm': 4.8244829177856445, 'computation_time': 0.06347298622131348, 'batch_time': 0.066861776940641, 'rtc_check_time': 0.0018857999966712669, 'experiment_id': 'exp_20240620_222959', 'client_id': '0'}
[2024-06-20 22:30:58,660][root][INFO] - Added data to batch for client 0: {'round': 4, 'step_no': 439, 'loss': 0.024775415658950806, 'accuracy': 0.9404351115226746, 'l2_norm': 4.835431098937988, 'computation_time': 0.04941201210021973, 'batch_time': 0.05326706886989996, 'rtc_check_time': 0.002377099997829646, 'experiment_id': 'exp_20240620_222959', 'client_id': '0'}
[2024-06-20 22:30:58,661][root][INFO] - Added data to batch for client 0: {'round': 4, 'step_no': 440, 'loss': 0.04225479066371918, 'accuracy': 0.9407623410224915, 'l2_norm': 4.85536527633667, 'computation_time': 0.05897402763366699, 'batch_time': 0.06247995285957586, 'rtc_check_time': 0.0019809999939752743, 'experiment_id': 'exp_20240620_222959', 'client_id': '0'}
[2024-06-20 22:30:58,662][root][INFO] - Added data to batch for client 0: {'round': 4, 'step_no': 441, 'loss': 0.08051123470067978, 'accuracy': 0.9409152865409851, 'l2_norm': 4.9152374267578125, 'computation_time': 0.054325103759765625, 'batch_time': 0.06032499439606909, 'rtc_check_time': 0.004539100002148189, 'experiment_id': 'exp_20240620_222959', 'client_id': '0'}
[2024-06-20 22:30:58,663][root][INFO] - Added data to batch for client 0: {'round': 4, 'step_no': 442, 'loss': 0.0802798867225647, 'accuracy': 0.9412364363670349, 'l2_norm': 4.9235687255859375, 'computation_time': 0.047369956970214844, 'batch_time': 0.0532189466903219, 'rtc_check_time': 0.004553899998427369, 'experiment_id': 'exp_20240620_222959', 'client_id': '0'}
[2024-06-20 22:30:58,664][root][INFO] - Added data to batch for client 0: {'round': 4, 'step_no': 443, 'loss': 0.09973306953907013, 'accuracy': 0.941216230392456, 'l2_norm': 4.909854888916016, 'computation_time': 0.04436302185058594, 'batch_time': 0.05018036227556877, 'rtc_check_time': 0.004590199998347089, 'experiment_id': 'exp_20240620_222959', 'client_id': '0'}
[2024-06-20 22:30:58,665][root][INFO] - Added data to batch for client 0: {'round': 4, 'step_no': 444, 'loss': 0.10830044746398926, 'accuracy': 0.9413642287254333, 'l2_norm': 4.963841915130615, 'computation_time': 0.05323505401611328, 'batch_time': 0.05644259776454419, 'rtc_check_time': 0.0017426999984309077, 'experiment_id': 'exp_20240620_222959', 'client_id': '0'}
[2024-06-20 22:30:58,666][root][INFO] - Added data to batch for client 0: {'round': 4, 'step_no': 445, 'loss': 0.08390706777572632, 'accuracy': 0.9415106773376465, 'l2_norm': 4.992054462432861, 'computation_time': 0.05466103553771973, 'batch_time': 0.05791984422830865, 'rtc_check_time': 0.0018128000083379447, 'experiment_id': 'exp_20240620_222959', 'client_id': '0'}
[2024-06-20 22:30:58,667][root][INFO] - Added data to batch for client 0: {'round': 4, 'step_no': 446, 'loss': 0.2136497050523758, 'accuracy': 0.9413231611251831, 'l2_norm': 5.062773704528809, 'computation_time': 0.0569610595703125, 'batch_time': 0.06565164045605343, 'rtc_check_time': 0.006492600005003624, 'experiment_id': 'exp_20240620_222959', 'client_id': '0'}
[2024-06-20 22:30:58,669][root][INFO] - Added data to batch for client 0: {'round': 4, 'step_no': 447, 'loss': 0.17627817392349243, 'accuracy': 0.9414682388305664, 'l2_norm': 5.122325897216797, 'computation_time': 0.053964853286743164, 'batch_time': 0.057399745855946094, 'rtc_check_time': 0.0018567999941296875, 'experiment_id': 'exp_20240620_222959', 'client_id': '0'}
[2024-06-20 22:30:58,670][root][INFO] - Added data to batch for client 0: {'round': 4, 'step_no': 448, 'loss': 0.24094313383102417, 'accuracy': 0.9412828683853149, 'l2_norm': 5.14446496963501, 'computation_time': 0.052243947982788086, 'batch_time': 0.05690309543570038, 'rtc_check_time': 0.003044099998078309, 'experiment_id': 'exp_20240620_222959', 'client_id': '0'}
[2024-06-20 22:30:58,671][root][INFO] - Added data to batch for client 0: {'round': 4, 'step_no': 449, 'loss': 0.08919890224933624, 'accuracy': 0.941426694393158, 'l2_norm': 5.160806179046631, 'computation_time': 0.062248945236206055, 'batch_time': 0.0736137505446095, 'rtc_check_time': 0.008832799998344854, 'experiment_id': 'exp_20240620_222959', 'client_id': '0'}
[2024-06-20 22:30:58,676][root][INFO] - Batch data saved to /home/psklavos/fl/geom_aio/csv_logs/exp_20240620_222959/clients/client_0/batch.csv
[2024-06-20 22:30:58,677][root][INFO] - Server data saved to /home/psklavos/fl/geom_aio/csv_logs/exp_20240620_222959/server/server.csv
[2024-06-20 22:31:02,997][flwr][DEBUG] - fit_round 5: strategy sampled 3 clients (out of 3)
[2024-06-20 22:31:18,588][flwr][DEBUG] - fit_round 5 received 3 results and 0 failures
[2024-06-20 22:31:18,595][root][INFO] - Added data to server for client None: {'round': 5, 'average_norm': 5.025265375773112, 'round_time': 16.934477039047852, 'average_downlink_time': 0.67931917, 'average_rtc_check_time': 1.1306257023243234, 'average_uplink_time': 0.46634734866666666, 'average_computation_time': 13.431036233901978, 'average_communication_time': 2.27629222099099, 'average_fit_time': 15.56615694363912, 'average_throughput': 5.311861123250535, 'dropouts': 0, 'experiment_id': 'exp_20240620_222959'}
[2024-06-20 22:31:18,691][utils.model][INFO] - LeNet model built
[2024-06-20 22:31:18,849][utils.model][INFO] - Size of serialized model: 279.0341796875 kbytes
[2024-06-20 22:31:18,912][utils.model][INFO] - Step 1/40 - val_loss: 0.0374 - val_accuracy: 0.9883
[2024-06-20 22:31:18,936][utils.model][INFO] - Step 2/40 - val_loss: 0.0712 - val_accuracy: 0.9766
[2024-06-20 22:31:18,961][utils.model][INFO] - Step 3/40 - val_loss: 0.0808 - val_accuracy: 0.9727
[2024-06-20 22:31:18,982][utils.model][INFO] - Step 4/40 - val_loss: 0.0818 - val_accuracy: 0.9746
[2024-06-20 22:31:19,003][utils.model][INFO] - Step 5/40 - val_loss: 0.0914 - val_accuracy: 0.9719
[2024-06-20 22:31:19,028][utils.model][INFO] - Step 6/40 - val_loss: 0.0991 - val_accuracy: 0.9694
[2024-06-20 22:31:19,049][utils.model][INFO] - Step 7/40 - val_loss: 0.0999 - val_accuracy: 0.9693
[2024-06-20 22:31:19,070][utils.model][INFO] - Step 8/40 - val_loss: 0.1009 - val_accuracy: 0.9673
[2024-06-20 22:31:19,093][utils.model][INFO] - Step 9/40 - val_loss: 0.1075 - val_accuracy: 0.9631
[2024-06-20 22:31:19,114][utils.model][INFO] - Step 10/40 - val_loss: 0.1048 - val_accuracy: 0.9633
[2024-06-20 22:31:19,137][utils.model][INFO] - Step 11/40 - val_loss: 0.1010 - val_accuracy: 0.9648
[2024-06-20 22:31:19,160][utils.model][INFO] - Step 12/40 - val_loss: 0.1005 - val_accuracy: 0.9655
[2024-06-20 22:31:19,180][utils.model][INFO] - Step 13/40 - val_loss: 0.0998 - val_accuracy: 0.9660
[2024-06-20 22:31:19,201][utils.model][INFO] - Step 14/40 - val_loss: 0.1001 - val_accuracy: 0.9662
[2024-06-20 22:31:19,223][utils.model][INFO] - Step 15/40 - val_loss: 0.1021 - val_accuracy: 0.9661
[2024-06-20 22:31:19,244][utils.model][INFO] - Step 16/40 - val_loss: 0.1058 - val_accuracy: 0.9646
[2024-06-20 22:31:19,272][utils.model][INFO] - Step 17/40 - val_loss: 0.1063 - val_accuracy: 0.9639
[2024-06-20 22:31:19,297][utils.model][INFO] - Step 18/40 - val_loss: 0.1056 - val_accuracy: 0.9644
[2024-06-20 22:31:19,320][utils.model][INFO] - Step 19/40 - val_loss: 0.1069 - val_accuracy: 0.9644
[2024-06-20 22:31:19,345][utils.model][INFO] - Step 20/40 - val_loss: 0.1057 - val_accuracy: 0.9652
[2024-06-20 22:31:19,370][utils.model][INFO] - Step 21/40 - val_loss: 0.1024 - val_accuracy: 0.9661
[2024-06-20 22:31:19,392][utils.model][INFO] - Step 22/40 - val_loss: 0.0989 - val_accuracy: 0.9673
[2024-06-20 22:31:19,412][utils.model][INFO] - Step 23/40 - val_loss: 0.0981 - val_accuracy: 0.9677
[2024-06-20 22:31:19,433][utils.model][INFO] - Step 24/40 - val_loss: 0.0984 - val_accuracy: 0.9673
[2024-06-20 22:31:19,453][utils.model][INFO] - Step 25/40 - val_loss: 0.0952 - val_accuracy: 0.9683
[2024-06-20 22:31:19,475][utils.model][INFO] - Step 26/40 - val_loss: 0.0966 - val_accuracy: 0.9684
[2024-06-20 22:31:19,496][utils.model][INFO] - Step 27/40 - val_loss: 0.0941 - val_accuracy: 0.9695
[2024-06-20 22:31:19,515][utils.model][INFO] - Step 28/40 - val_loss: 0.0917 - val_accuracy: 0.9703
[2024-06-20 22:31:19,534][utils.model][INFO] - Step 29/40 - val_loss: 0.0892 - val_accuracy: 0.9712
[2024-06-20 22:31:19,553][utils.model][INFO] - Step 30/40 - val_loss: 0.0876 - val_accuracy: 0.9717
[2024-06-20 22:31:19,572][utils.model][INFO] - Step 31/40 - val_loss: 0.0856 - val_accuracy: 0.9727
[2024-06-20 22:31:19,592][utils.model][INFO] - Step 32/40 - val_loss: 0.0836 - val_accuracy: 0.9734
[2024-06-20 22:31:19,615][utils.model][INFO] - Step 33/40 - val_loss: 0.0821 - val_accuracy: 0.9738
[2024-06-20 22:31:19,637][utils.model][INFO] - Step 34/40 - val_loss: 0.0801 - val_accuracy: 0.9744
[2024-06-20 22:31:19,662][utils.model][INFO] - Step 35/40 - val_loss: 0.0779 - val_accuracy: 0.9751
[2024-06-20 22:31:19,687][utils.model][INFO] - Step 36/40 - val_loss: 0.0768 - val_accuracy: 0.9755
[2024-06-20 22:31:19,710][utils.model][INFO] - Step 37/40 - val_loss: 0.0752 - val_accuracy: 0.9760
[2024-06-20 22:31:19,733][utils.model][INFO] - Step 38/40 - val_loss: 0.0752 - val_accuracy: 0.9758
[2024-06-20 22:31:19,755][utils.model][INFO] - Step 39/40 - val_loss: 0.0767 - val_accuracy: 0.9754
[2024-06-20 22:31:19,766][utils.model][INFO] - Step 40/40 - val_loss: 0.0749 - val_accuracy: 0.9754
[2024-06-20 22:31:19,769][utils.model][INFO] - Evaluation Results - Val Loss: 0.0749, Val Accuracy: 0.9754 in 40 steps
[2024-06-20 22:31:19,771][flwr][INFO] - fit progress: (5, 0.07486675, {'accuracy': 0.9754}, 70.24909047399706)
[2024-06-20 22:31:19,771][flwr][DEBUG] - evaluate_round 5: strategy sampled 3 clients (out of 3)
[2024-06-20 22:31:20,363][flwr][DEBUG] - evaluate_round 5 received 3 results and 0 failures
[2024-06-20 22:31:20,365][root][INFO] - Added data to epoch for client 0: {'round': 5, 'epoch_steps': 231, 'total_steps': 680, 'l2_norm': 5.103756427764893, 'total_computation_time': 13.372742414474487, 'total_rtc_check_time': 1.16774090200488, 'total_duration': 15.56784200668335, 'val_loss': 0.08659311383962631, 'val_accuracy': 0.9714999794960022, 'experiment_id': 'exp_20240620_222959', 'client_id': '0'}
[2024-06-20 22:31:20,366][root][INFO] - Epoch data saved to /home/psklavos/fl/geom_aio/csv_logs/exp_20240620_222959/clients/client_0/epoch.csv
[2024-06-20 22:31:20,367][root][INFO] - Added data to batch for client 0: {'round': 5, 'step_no': 450, 'loss': 0.05483826622366905, 'accuracy': 0.96875, 'l2_norm': 0.024229852482676506, 'computation_time': 0.06083989143371582, 'batch_time': 0.06726800197793636, 'rtc_check_time': 0.004907000009552576, 'experiment_id': 'exp_20240620_222959', 'client_id': '0'}
[2024-06-20 22:31:20,369][root][INFO] - Added data to batch for client 0: {'round': 5, 'step_no': 451, 'loss': 0.1079540103673935, 'accuracy': 0.953125, 'l2_norm': 0.038335323333740234, 'computation_time': 0.0836191177368164, 'batch_time': 0.08856482581177261, 'rtc_check_time': 0.0029840000061085448, 'experiment_id': 'exp_20240620_222959', 'client_id': '0'}
[2024-06-20 22:31:20,370][root][INFO] - Added data to batch for client 0: {'round': 5, 'step_no': 452, 'loss': 0.08686965703964233, 'accuracy': 0.96875, 'l2_norm': 0.07887724041938782, 'computation_time': 0.06443595886230469, 'batch_time': 0.07749749571667053, 'rtc_check_time': 0.009765399998286739, 'experiment_id': 'exp_20240620_222959', 'client_id': '0'}
[2024-06-20 22:31:20,371][root][INFO] - Added data to batch for client 0: {'round': 5, 'step_no': 453, 'loss': 0.029418054968118668, 'accuracy': 0.9765625, 'l2_norm': 0.08136129379272461, 'computation_time': 0.06483101844787598, 'batch_time': 0.07029427401721478, 'rtc_check_time': 0.003210199996829033, 'experiment_id': 'exp_20240620_222959', 'client_id': '0'}
[2024-06-20 22:31:20,372][root][INFO] - Added data to batch for client 0: {'round': 5, 'step_no': 454, 'loss': 0.10174794495105743, 'accuracy': 0.9750000238418579, 'l2_norm': 0.10004501789808273, 'computation_time': 0.056561946868896484, 'batch_time': 0.06251934940519277, 'rtc_check_time': 0.004477299997233786, 'experiment_id': 'exp_20240620_222959', 'client_id': '0'}
[2024-06-20 22:31:20,373][root][INFO] - Added data to batch for client 0: {'round': 5, 'step_no': 455, 'loss': 0.06565967947244644, 'accuracy': 0.9739583134651184, 'l2_norm': 0.10941590368747711, 'computation_time': 0.05255889892578125, 'batch_time': 0.05979648964421358, 'rtc_check_time': 0.00573459999577608, 'experiment_id': 'exp_20240620_222959', 'client_id': '0'}
[2024-06-20 22:31:20,374][root][INFO] - Added data to batch for client 0: {'round': 5, 'step_no': 456, 'loss': 0.05237706005573273, 'accuracy': 0.9776785969734192, 'l2_norm': 0.11566846817731857, 'computation_time': 0.05129098892211914, 'batch_time': 0.05726525424688589, 'rtc_check_time': 0.004458399998839013, 'experiment_id': 'exp_20240620_222959', 'client_id': '0'}
[2024-06-20 22:31:20,376][root][INFO] - Added data to batch for client 0: {'round': 5, 'step_no': 457, 'loss': 0.01257091760635376, 'accuracy': 0.98046875, 'l2_norm': 0.11319830268621445, 'computation_time': 0.05492115020751953, 'batch_time': 0.06094901509641204, 'rtc_check_time': 0.0047230000054696575, 'experiment_id': 'exp_20240620_222959', 'client_id': '0'}
[2024-06-20 22:31:20,377][root][INFO] - Added data to batch for client 0: {'round': 5, 'step_no': 458, 'loss': 0.07413892447948456, 'accuracy': 0.9791666865348816, 'l2_norm': 0.1373118907213211, 'computation_time': 0.05958700180053711, 'batch_time': 0.06382262997794896, 'rtc_check_time': 0.0023855000035837293, 'experiment_id': 'exp_20240620_222959', 'client_id': '0'}
[2024-06-20 22:31:20,378][root][INFO] - Added data to batch for client 0: {'round': 5, 'step_no': 459, 'loss': 0.13342949748039246, 'accuracy': 0.9750000238418579, 'l2_norm': 0.17688584327697754, 'computation_time': 0.05833315849304199, 'batch_time': 0.06157029479800258, 'rtc_check_time': 0.0018163999920943752, 'experiment_id': 'exp_20240620_222959', 'client_id': '0'}
[2024-06-20 22:31:20,379][root][INFO] - Added data to batch for client 0: {'round': 5, 'step_no': 460, 'loss': 0.12120391428470612, 'accuracy': 0.9744318127632141, 'l2_norm': 0.20207591354846954, 'computation_time': 0.05041098594665527, 'batch_time': 0.05949426999723073, 'rtc_check_time': 0.0077994000021135435, 'experiment_id': 'exp_20240620_222959', 'client_id': '0'}
[2024-06-20 22:31:20,381][root][INFO] - Added data to batch for client 0: {'round': 5, 'step_no': 461, 'loss': 0.227139413356781, 'accuracy': 0.9713541865348816, 'l2_norm': 0.23046819865703583, 'computation_time': 0.06012701988220215, 'batch_time': 0.06564372016873676, 'rtc_check_time': 0.0029568000027211383, 'experiment_id': 'exp_20240620_222959', 'client_id': '0'}
[2024-06-20 22:31:20,382][root][INFO] - Added data to batch for client 0: {'round': 5, 'step_no': 462, 'loss': 0.16658686101436615, 'accuracy': 0.9711538553237915, 'l2_norm': 0.23576700687408447, 'computation_time': 0.05985283851623535, 'batch_time': 0.06612934554868843, 'rtc_check_time': 0.004266399992047809, 'experiment_id': 'exp_20240620_222959', 'client_id': '0'}
[2024-06-20 22:31:20,383][root][INFO] - Added data to batch for client 0: {'round': 5, 'step_no': 463, 'loss': 0.026693644002079964, 'accuracy': 0.9732142686843872, 'l2_norm': 0.23699155449867249, 'computation_time': 0.05556011199951172, 'batch_time': 0.059216474153799936, 'rtc_check_time': 0.002037500002188608, 'experiment_id': 'exp_20240620_222959', 'client_id': '0'}
[2024-06-20 22:31:20,384][root][INFO] - Added data to batch for client 0: {'round': 5, 'step_no': 464, 'loss': 0.1398373693227768, 'accuracy': 0.9708333611488342, 'l2_norm': 0.3011859059333801, 'computation_time': 0.049694061279296875, 'batch_time': 0.05565787370142061, 'rtc_check_time': 0.004623900007572956, 'experiment_id': 'exp_20240620_222959', 'client_id': '0'}
[2024-06-20 22:31:20,385][root][INFO] - Added data to batch for client 0: {'round': 5, 'step_no': 465, 'loss': 0.14090730249881744, 'accuracy': 0.970703125, 'l2_norm': 0.34819021821022034, 'computation_time': 0.05121898651123047, 'batch_time': 0.059781969684991054, 'rtc_check_time': 0.006890000004204921, 'experiment_id': 'exp_20240620_222959', 'client_id': '0'}
[2024-06-20 22:31:20,386][root][INFO] - Added data to batch for client 0: {'round': 5, 'step_no': 466, 'loss': 0.18007956445217133, 'accuracy': 0.970588207244873, 'l2_norm': 0.35002249479293823, 'computation_time': 0.052255868911743164, 'batch_time': 0.05525665241293609, 'rtc_check_time': 0.001713800011202693, 'experiment_id': 'exp_20240620_222959', 'client_id': '0'}
[2024-06-20 22:31:20,388][root][INFO] - Added data to batch for client 0: {'round': 5, 'step_no': 467, 'loss': 0.09851862490177155, 'accuracy': 0.9704861044883728, 'l2_norm': 0.3489512801170349, 'computation_time': 0.056269168853759766, 'batch_time': 0.07197201480448712, 'rtc_check_time': 0.013994099994306453, 'experiment_id': 'exp_20240620_222959', 'client_id': '0'}
[2024-06-20 22:31:20,389][root][INFO] - Added data to batch for client 0: {'round': 5, 'step_no': 468, 'loss': 0.12210944294929504, 'accuracy': 0.9703947305679321, 'l2_norm': 0.3505907654762268, 'computation_time': 0.05312299728393555, 'batch_time': 0.057141832570778206, 'rtc_check_time': 0.002549700002418831, 'experiment_id': 'exp_20240620_222959', 'client_id': '0'}
[2024-06-20 22:31:20,390][root][INFO] - Added data to batch for client 0: {'round': 5, 'step_no': 469, 'loss': 0.12734000384807587, 'accuracy': 0.96875, 'l2_norm': 0.366987943649292, 'computation_time': 0.049749135971069336, 'batch_time': 0.05355981719912961, 'rtc_check_time': 0.00225499999942258, 'experiment_id': 'exp_20240620_222959', 'client_id': '0'}
[2024-06-20 22:31:20,392][root][INFO] - Added data to batch for client 0: {'round': 5, 'step_no': 470, 'loss': 0.2074308544397354, 'accuracy': 0.9657738208770752, 'l2_norm': 0.4112107753753662, 'computation_time': 0.05381894111633301, 'batch_time': 0.0614720272278646, 'rtc_check_time': 0.005654900000081398, 'experiment_id': 'exp_20240620_222959', 'client_id': '0'}
[2024-06-20 22:31:20,393][root][INFO] - Added data to batch for client 0: {'round': 5, 'step_no': 471, 'loss': 0.24390053749084473, 'accuracy': 0.9644886255264282, 'l2_norm': 0.4215860664844513, 'computation_time': 0.053758859634399414, 'batch_time': 0.05971794204378966, 'rtc_check_time': 0.003299999996670522, 'experiment_id': 'exp_20240620_222959', 'client_id': '0'}
[2024-06-20 22:31:20,395][root][INFO] - Added data to batch for client 0: {'round': 5, 'step_no': 472, 'loss': 0.13402478396892548, 'accuracy': 0.9646739363670349, 'l2_norm': 0.44778764247894287, 'computation_time': 0.07874393463134766, 'batch_time': 0.08271598734427243, 'rtc_check_time': 0.0020019999938085675, 'experiment_id': 'exp_20240620_222959', 'client_id': '0'}
[2024-06-20 22:31:20,396][root][INFO] - Added data to batch for client 0: {'round': 5, 'step_no': 473, 'loss': 0.1320270597934723, 'accuracy': 0.9635416865348816, 'l2_norm': 0.4627229869365692, 'computation_time': 0.0483241081237793, 'batch_time': 0.058083964890101925, 'rtc_check_time': 0.008281899994472042, 'experiment_id': 'exp_20240620_222959', 'client_id': '0'}
[2024-06-20 22:31:20,398][root][INFO] - Added data to batch for client 0: {'round': 5, 'step_no': 474, 'loss': 0.0977618396282196, 'accuracy': 0.9649999737739563, 'l2_norm': 0.5076033473014832, 'computation_time': 0.0463869571685791, 'batch_time': 0.04993445982108824, 'rtc_check_time': 0.002281499997479841, 'experiment_id': 'exp_20240620_222959', 'client_id': '0'}
[2024-06-20 22:31:20,399][root][INFO] - Added data to batch for client 0: {'round': 5, 'step_no': 475, 'loss': 0.0623461976647377, 'accuracy': 0.9651442170143127, 'l2_norm': 0.5484872460365295, 'computation_time': 0.051384925842285156, 'batch_time': 0.059764087840449065, 'rtc_check_time': 0.007100999995600432, 'experiment_id': 'exp_20240620_222959', 'client_id': '0'}
[2024-06-20 22:31:20,400][root][INFO] - Added data to batch for client 0: {'round': 5, 'step_no': 476, 'loss': 0.5263696908950806, 'accuracy': 0.9629629850387573, 'l2_norm': 0.5844955444335938, 'computation_time': 0.04923701286315918, 'batch_time': 0.052149342678603716, 'rtc_check_time': 0.0016262999997707084, 'experiment_id': 'exp_20240620_222959', 'client_id': '0'}
[2024-06-20 22:31:20,402][root][INFO] - Added data to batch for client 0: {'round': 5, 'step_no': 477, 'loss': 0.33198267221450806, 'accuracy': 0.9620535969734192, 'l2_norm': 0.6145405769348145, 'computation_time': 0.05004096031188965, 'batch_time': 0.058029592415550724, 'rtc_check_time': 0.006416499993065372, 'experiment_id': 'exp_20240620_222959', 'client_id': '0'}
[2024-06-20 22:31:20,403][root][INFO] - Added data to batch for client 0: {'round': 5, 'step_no': 478, 'loss': 0.11015859246253967, 'accuracy': 0.9612069129943848, 'l2_norm': 0.6397780776023865, 'computation_time': 0.05635809898376465, 'batch_time': 0.06402787195111159, 'rtc_check_time': 0.006281699999817647, 'experiment_id': 'exp_20240620_222959', 'client_id': '0'}
[2024-06-20 22:31:20,404][root][INFO] - Added data to batch for client 0: {'round': 5, 'step_no': 479, 'loss': 0.1418466866016388, 'accuracy': 0.9614583253860474, 'l2_norm': 0.6322531700134277, 'computation_time': 0.05451202392578125, 'batch_time': 0.05753618013113737, 'rtc_check_time': 0.0015430999919772148, 'experiment_id': 'exp_20240620_222959', 'client_id': '0'}
[2024-06-20 22:31:20,406][root][INFO] - Added data to batch for client 0: {'round': 5, 'step_no': 480, 'loss': 0.15730789303779602, 'accuracy': 0.9606854915618896, 'l2_norm': 0.6467270851135254, 'computation_time': 0.041094064712524414, 'batch_time': 0.0470311699755257, 'rtc_check_time': 0.004770999992615543, 'experiment_id': 'exp_20240620_222959', 'client_id': '0'}
[2024-06-20 22:31:20,407][root][INFO] - Added data to batch for client 0: {'round': 5, 'step_no': 481, 'loss': 0.13490889966487885, 'accuracy': 0.9609375, 'l2_norm': 0.6550620198249817, 'computation_time': 0.04237818717956543, 'batch_time': 0.046714794560102746, 'rtc_check_time': 0.002968799992231652, 'experiment_id': 'exp_20240620_222959', 'client_id': '0'}
[2024-06-20 22:31:20,409][root][INFO] - Added data to batch for client 0: {'round': 5, 'step_no': 482, 'loss': 0.11629094928503036, 'accuracy': 0.9611742496490479, 'l2_norm': 0.6611811518669128, 'computation_time': 0.08137297630310059, 'batch_time': 0.10255169354786631, 'rtc_check_time': 0.01888370000233408, 'experiment_id': 'exp_20240620_222959', 'client_id': '0'}
[2024-06-20 22:31:20,411][root][INFO] - Added data to batch for client 0: {'round': 5, 'step_no': 483, 'loss': 0.09582137316465378, 'accuracy': 0.9595588445663452, 'l2_norm': 0.6855491399765015, 'computation_time': 0.056741952896118164, 'batch_time': 0.06614849694597069, 'rtc_check_time': 0.008071400006883778, 'experiment_id': 'exp_20240620_222959', 'client_id': '0'}
[2024-06-20 22:31:20,412][root][INFO] - Added data to batch for client 0: {'round': 5, 'step_no': 484, 'loss': 0.14557036757469177, 'accuracy': 0.9589285850524902, 'l2_norm': 0.7039538025856018, 'computation_time': 0.042881011962890625, 'batch_time': 0.04795812764496077, 'rtc_check_time': 0.0037980000051902607, 'experiment_id': 'exp_20240620_222959', 'client_id': '0'}
[2024-06-20 22:31:20,414][root][INFO] - Added data to batch for client 0: {'round': 5, 'step_no': 485, 'loss': 0.1937522143125534, 'accuracy': 0.9592013955116272, 'l2_norm': 0.704328715801239, 'computation_time': 0.04046916961669922, 'batch_time': 0.04306181750143878, 'rtc_check_time': 0.0015776999935042113, 'experiment_id': 'exp_20240620_222959', 'client_id': '0'}
[2024-06-20 22:31:20,415][root][INFO] - Added data to batch for client 0: {'round': 5, 'step_no': 486, 'loss': 0.05547725036740303, 'accuracy': 0.9603040814399719, 'l2_norm': 0.7172836065292358, 'computation_time': 0.04688000679016113, 'batch_time': 0.05201662125182338, 'rtc_check_time': 0.003893499990226701, 'experiment_id': 'exp_20240620_222959', 'client_id': '0'}
[2024-06-20 22:31:20,417][root][INFO] - Added data to batch for client 0: {'round': 5, 'step_no': 487, 'loss': 0.03325832262635231, 'accuracy': 0.9613487124443054, 'l2_norm': 0.7134631872177124, 'computation_time': 0.055130958557128906, 'batch_time': 0.058399155313964, 'rtc_check_time': 0.001585200006957166, 'experiment_id': 'exp_20240620_222959', 'client_id': '0'}
[2024-06-20 22:31:20,418][root][INFO] - Added data to batch for client 0: {'round': 5, 'step_no': 488, 'loss': 0.04187467694282532, 'accuracy': 0.9623397588729858, 'l2_norm': 0.7414365410804749, 'computation_time': 0.06679701805114746, 'batch_time': 0.07111372565850616, 'rtc_check_time': 0.002309700008481741, 'experiment_id': 'exp_20240620_222959', 'client_id': '0'}
[2024-06-20 22:31:20,420][root][INFO] - Added data to batch for client 0: {'round': 5, 'step_no': 489, 'loss': 0.10927906632423401, 'accuracy': 0.9624999761581421, 'l2_norm': 0.7710678577423096, 'computation_time': 0.060630083084106445, 'batch_time': 0.06452602069475688, 'rtc_check_time': 0.0023970000038389117, 'experiment_id': 'exp_20240620_222959', 'client_id': '0'}
[2024-06-20 22:31:20,421][root][INFO] - Added data to batch for client 0: {'round': 5, 'step_no': 490, 'loss': 0.3380131125450134, 'accuracy': 0.9611280560493469, 'l2_norm': 0.8232564330101013, 'computation_time': 0.054225921630859375, 'batch_time': 0.06327908921230119, 'rtc_check_time': 0.007805999994161539, 'experiment_id': 'exp_20240620_222959', 'client_id': '0'}
[2024-06-20 22:31:20,422][root][INFO] - Added data to batch for client 0: {'round': 5, 'step_no': 491, 'loss': 0.3935299217700958, 'accuracy': 0.9598214030265808, 'l2_norm': 0.9048977494239807, 'computation_time': 0.054402828216552734, 'batch_time': 0.05982719954045024, 'rtc_check_time': 0.0034721999982139096, 'experiment_id': 'exp_20240620_222959', 'client_id': '0'}
[2024-06-20 22:31:20,423][root][INFO] - Added data to batch for client 0: {'round': 5, 'step_no': 492, 'loss': 0.08462221175432205, 'accuracy': 0.9600290656089783, 'l2_norm': 0.8793852925300598, 'computation_time': 0.06414508819580078, 'batch_time': 0.06874207980581559, 'rtc_check_time': 0.0026720000023487955, 'experiment_id': 'exp_20240620_222959', 'client_id': '0'}
[2024-06-20 22:31:20,424][root][INFO] - Added data to batch for client 0: {'round': 5, 'step_no': 493, 'loss': 0.028529204428195953, 'accuracy': 0.9609375, 'l2_norm': 0.884573221206665, 'computation_time': 0.052934885025024414, 'batch_time': 0.05732320672541391, 'rtc_check_time': 0.0029291999962879345, 'experiment_id': 'exp_20240620_222959', 'client_id': '0'}
[2024-06-20 22:31:20,426][root][INFO] - Added data to batch for client 0: {'round': 5, 'step_no': 494, 'loss': 0.080760158598423, 'accuracy': 0.9611111283302307, 'l2_norm': 0.8952884674072266, 'computation_time': 0.04949498176574707, 'batch_time': 0.061293279359233566, 'rtc_check_time': 0.010248099992168136, 'experiment_id': 'exp_20240620_222959', 'client_id': '0'}
[2024-06-20 22:31:20,427][root][INFO] - Added data to batch for client 0: {'round': 5, 'step_no': 495, 'loss': 0.07923869043588638, 'accuracy': 0.961277186870575, 'l2_norm': 0.9270018339157104, 'computation_time': 0.060575008392333984, 'batch_time': 0.06513488650671206, 'rtc_check_time': 0.002602699998533353, 'experiment_id': 'exp_20240620_222959', 'client_id': '0'}
[2024-06-20 22:31:20,428][root][INFO] - Added data to batch for client 0: {'round': 5, 'step_no': 496, 'loss': 0.1425403356552124, 'accuracy': 0.9607712626457214, 'l2_norm': 0.930259644985199, 'computation_time': 0.045671939849853516, 'batch_time': 0.04978890063648578, 'rtc_check_time': 0.0028747999895131215, 'experiment_id': 'exp_20240620_222959', 'client_id': '0'}
[2024-06-20 22:31:20,430][root][INFO] - Added data to batch for client 0: {'round': 5, 'step_no': 497, 'loss': 0.13223548233509064, 'accuracy': 0.9609375, 'l2_norm': 0.944894015789032, 'computation_time': 0.05302286148071289, 'batch_time': 0.05583506860421039, 'rtc_check_time': 0.0015710000006947666, 'experiment_id': 'exp_20240620_222959', 'client_id': '0'}
[2024-06-20 22:31:20,432][root][INFO] - Added data to batch for client 0: {'round': 5, 'step_no': 498, 'loss': 0.23045553267002106, 'accuracy': 0.9604591727256775, 'l2_norm': 0.961219072341919, 'computation_time': 0.049314022064208984, 'batch_time': 0.053987492428859696, 'rtc_check_time': 0.00318550001247786, 'experiment_id': 'exp_20240620_222959', 'client_id': '0'}
[2024-06-20 22:31:20,433][root][INFO] - Added data to batch for client 0: {'round': 5, 'step_no': 499, 'loss': 0.06821201741695404, 'accuracy': 0.9606249928474426, 'l2_norm': 0.9436249136924744, 'computation_time': 0.046508073806762695, 'batch_time': 0.05811607383657247, 'rtc_check_time': 0.010242099990136921, 'experiment_id': 'exp_20240620_222959', 'client_id': '0'}
[2024-06-20 22:31:20,434][root][INFO] - Added data to batch for client 0: {'round': 5, 'step_no': 500, 'loss': 0.17002087831497192, 'accuracy': 0.9601715803146362, 'l2_norm': 0.9587664008140564, 'computation_time': 0.06314706802368164, 'batch_time': 0.06697086019266862, 'rtc_check_time': 0.0019019000028492883, 'experiment_id': 'exp_20240620_222959', 'client_id': '0'}
[2024-06-20 22:31:20,435][root][INFO] - Added data to batch for client 0: {'round': 5, 'step_no': 501, 'loss': 0.2131716012954712, 'accuracy': 0.9597355723381042, 'l2_norm': 0.9755758047103882, 'computation_time': 0.05919504165649414, 'batch_time': 0.07732160227897111, 'rtc_check_time': 0.01615769999625627, 'experiment_id': 'exp_20240620_222959', 'client_id': '0'}
[2024-06-20 22:31:20,436][root][INFO] - Added data to batch for client 0: {'round': 5, 'step_no': 502, 'loss': 0.12116590887308121, 'accuracy': 0.9599056839942932, 'l2_norm': 0.9781585931777954, 'computation_time': 0.05400991439819336, 'batch_time': 0.0642018306243699, 'rtc_check_time': 0.008915899990824983, 'experiment_id': 'exp_20240620_222959', 'client_id': '0'}
[2024-06-20 22:31:20,437][root][INFO] - Added data to batch for client 0: {'round': 5, 'step_no': 503, 'loss': 0.05487268418073654, 'accuracy': 0.9606481194496155, 'l2_norm': 0.9985011219978333, 'computation_time': 0.04952096939086914, 'batch_time': 0.05964657348522451, 'rtc_check_time': 0.008648600996821187, 'experiment_id': 'exp_20240620_222959', 'client_id': '0'}
[2024-06-20 22:31:20,438][root][INFO] - Added data to batch for client 0: {'round': 5, 'step_no': 504, 'loss': 0.019321907311677933, 'accuracy': 0.9613636136054993, 'l2_norm': 1.006727695465088, 'computation_time': 0.051577091217041016, 'batch_time': 0.055558693667990156, 'rtc_check_time': 0.0025437000003876165, 'experiment_id': 'exp_20240620_222959', 'client_id': '0'}
[2024-06-20 22:31:20,440][root][INFO] - Added data to batch for client 0: {'round': 5, 'step_no': 505, 'loss': 0.03533084690570831, 'accuracy': 0.9620535969734192, 'l2_norm': 1.0369681119918823, 'computation_time': 0.04925179481506348, 'batch_time': 0.054056951237726025, 'rtc_check_time': 0.003496000004815869, 'experiment_id': 'exp_20240620_222959', 'client_id': '0'}
[2024-06-20 22:31:20,441][root][INFO] - Added data to batch for client 0: {'round': 5, 'step_no': 506, 'loss': 0.15055739879608154, 'accuracy': 0.9616228342056274, 'l2_norm': 1.0851621627807617, 'computation_time': 0.05172300338745117, 'batch_time': 0.0612254521693103, 'rtc_check_time': 0.007254399999510497, 'experiment_id': 'exp_20240620_222959', 'client_id': '0'}
[2024-06-20 22:31:20,442][root][INFO] - Added data to batch for client 0: {'round': 5, 'step_no': 507, 'loss': 0.08413957804441452, 'accuracy': 0.9617456793785095, 'l2_norm': 1.100685715675354, 'computation_time': 0.05345511436462402, 'batch_time': 0.06164240861835424, 'rtc_check_time': 0.006618500003241934, 'experiment_id': 'exp_20240620_222959', 'client_id': '0'}
[2024-06-20 22:31:20,444][root][INFO] - Added data to batch for client 0: {'round': 5, 'step_no': 508, 'loss': 0.24010446667671204, 'accuracy': 0.9608050584793091, 'l2_norm': 1.1161161661148071, 'computation_time': 0.0492250919342041, 'batch_time': 0.06421370172756724, 'rtc_check_time': 0.013548799994168803, 'experiment_id': 'exp_20240620_222959', 'client_id': '0'}
[2024-06-20 22:31:20,445][root][INFO] - Added data to batch for client 0: {'round': 5, 'step_no': 509, 'loss': 0.07667364180088043, 'accuracy': 0.9609375, 'l2_norm': 1.1193311214447021, 'computation_time': 0.05203986167907715, 'batch_time': 0.05513303847692441, 'rtc_check_time': 0.0017690000095171854, 'experiment_id': 'exp_20240620_222959', 'client_id': '0'}
[2024-06-20 22:31:20,447][root][INFO] - Added data to batch for client 0: {'round': 5, 'step_no': 510, 'loss': 0.02096150442957878, 'accuracy': 0.9615778923034668, 'l2_norm': 1.1120356321334839, 'computation_time': 0.05051898956298828, 'batch_time': 0.06006664392771199, 'rtc_check_time': 0.008141700003761798, 'experiment_id': 'exp_20240620_222959', 'client_id': '0'}
[2024-06-20 22:31:20,449][root][INFO] - Added data to batch for client 0: {'round': 5, 'step_no': 511, 'loss': 0.12520596385002136, 'accuracy': 0.9611895084381104, 'l2_norm': 1.133756160736084, 'computation_time': 0.0627298355102539, 'batch_time': 0.06787362830073107, 'rtc_check_time': 0.002926500004832633, 'experiment_id': 'exp_20240620_222959', 'client_id': '0'}
[2024-06-20 22:31:20,450][root][INFO] - Added data to batch for client 0: {'round': 5, 'step_no': 512, 'loss': 0.11705479025840759, 'accuracy': 0.9608134627342224, 'l2_norm': 1.1749624013900757, 'computation_time': 0.0894460678100586, 'batch_time': 0.0945215529500274, 'rtc_check_time': 0.003541500002029352, 'experiment_id': 'exp_20240620_222959', 'client_id': '0'}
[2024-06-20 22:31:20,452][root][INFO] - Added data to batch for client 0: {'round': 5, 'step_no': 513, 'loss': 0.08038053661584854, 'accuracy': 0.9609375, 'l2_norm': 1.1807063817977905, 'computation_time': 0.12612485885620117, 'batch_time': 0.13134951880783774, 'rtc_check_time': 0.003038599999854341, 'experiment_id': 'exp_20240620_222959', 'client_id': '0'}
[2024-06-20 22:31:20,453][root][INFO] - Added data to batch for client 0: {'round': 5, 'step_no': 514, 'loss': 0.3183946907520294, 'accuracy': 0.9605769515037537, 'l2_norm': 1.204339861869812, 'computation_time': 0.08086585998535156, 'batch_time': 0.0868027996912133, 'rtc_check_time': 0.002357799996389076, 'experiment_id': 'exp_20240620_222959', 'client_id': '0'}
[2024-06-20 22:31:20,454][root][INFO] - Added data to batch for client 0: {'round': 5, 'step_no': 515, 'loss': 0.061576321721076965, 'accuracy': 0.9611742496490479, 'l2_norm': 1.2280914783477783, 'computation_time': 0.10808396339416504, 'batch_time': 0.11289991631929297, 'rtc_check_time': 0.0030178000015439466, 'experiment_id': 'exp_20240620_222959', 'client_id': '0'}
[2024-06-20 22:31:20,456][root][INFO] - Added data to batch for client 0: {'round': 5, 'step_no': 516, 'loss': 0.038569286465644836, 'accuracy': 0.9617537260055542, 'l2_norm': 1.2203694581985474, 'computation_time': 0.09412908554077148, 'batch_time': 0.10475719011446927, 'rtc_check_time': 0.0073662999930093065, 'experiment_id': 'exp_20240620_222959', 'client_id': '0'}
[2024-06-20 22:31:20,457][root][INFO] - Added data to batch for client 0: {'round': 5, 'step_no': 517, 'loss': 0.2322065532207489, 'accuracy': 0.9609375, 'l2_norm': 1.2729538679122925, 'computation_time': 0.08043503761291504, 'batch_time': 0.09336212286143564, 'rtc_check_time': 0.010796099988510832, 'experiment_id': 'exp_20240620_222959', 'client_id': '0'}
[2024-06-20 22:31:20,458][root][INFO] - Added data to batch for client 0: {'round': 5, 'step_no': 518, 'loss': 0.052752066403627396, 'accuracy': 0.9610507488250732, 'l2_norm': 1.2983131408691406, 'computation_time': 0.09628486633300781, 'batch_time': 0.10302339351619594, 'rtc_check_time': 0.004285200004233047, 'experiment_id': 'exp_20240620_222959', 'client_id': '0'}
[2024-06-20 22:31:20,459][root][INFO] - Added data to batch for client 0: {'round': 5, 'step_no': 519, 'loss': 0.20484444499015808, 'accuracy': 0.9602678418159485, 'l2_norm': 1.3630772829055786, 'computation_time': 0.09231996536254883, 'batch_time': 0.10694268973020371, 'rtc_check_time': 0.011897600008524023, 'experiment_id': 'exp_20240620_222959', 'client_id': '0'}
[2024-06-20 22:31:20,461][root][INFO] - Added data to batch for client 0: {'round': 5, 'step_no': 520, 'loss': 0.12397807836532593, 'accuracy': 0.9599471688270569, 'l2_norm': 1.3515831232070923, 'computation_time': 0.09235191345214844, 'batch_time': 0.10765939643897582, 'rtc_check_time': 0.011029300003428943, 'experiment_id': 'exp_20240620_222959', 'client_id': '0'}
[2024-06-20 22:31:20,462][root][INFO] - Added data to batch for client 0: {'round': 5, 'step_no': 521, 'loss': 0.44023409485816956, 'accuracy': 0.9578993320465088, 'l2_norm': 1.41497004032135, 'computation_time': 0.10212397575378418, 'batch_time': 0.11629089480265975, 'rtc_check_time': 0.009661999996751547, 'experiment_id': 'exp_20240620_222959', 'client_id': '0'}
[2024-06-20 22:31:20,463][root][INFO] - Added data to batch for client 0: {'round': 5, 'step_no': 522, 'loss': 0.13882684707641602, 'accuracy': 0.9580479264259338, 'l2_norm': 1.4542511701583862, 'computation_time': 0.06964707374572754, 'batch_time': 0.08202814859396312, 'rtc_check_time': 0.01036309999471996, 'experiment_id': 'exp_20240620_222959', 'client_id': '0'}
[2024-06-20 22:31:20,464][root][INFO] - Added data to batch for client 0: {'round': 5, 'step_no': 523, 'loss': 0.3567824959754944, 'accuracy': 0.9569256901741028, 'l2_norm': 1.4321962594985962, 'computation_time': 0.050559043884277344, 'batch_time': 0.05415531182370614, 'rtc_check_time': 0.002180299998144619, 'experiment_id': 'exp_20240620_222959', 'client_id': '0'}
[2024-06-20 22:31:20,466][root][INFO] - Added data to batch for client 0: {'round': 5, 'step_no': 524, 'loss': 0.17597579956054688, 'accuracy': 0.9566666483879089, 'l2_norm': 1.4471851587295532, 'computation_time': 0.05541706085205078, 'batch_time': 0.05813074193429202, 'rtc_check_time': 0.0014987000031396747, 'experiment_id': 'exp_20240620_222959', 'client_id': '0'}
[2024-06-20 22:31:20,467][root][INFO] - Added data to batch for client 0: {'round': 5, 'step_no': 525, 'loss': 0.037653449922800064, 'accuracy': 0.9572368264198303, 'l2_norm': 1.454228401184082, 'computation_time': 0.05403494834899902, 'batch_time': 0.05811397236539051, 'rtc_check_time': 0.002590099989902228, 'experiment_id': 'exp_20240620_222959', 'client_id': '0'}
[2024-06-20 22:31:20,469][root][INFO] - Added data to batch for client 0: {'round': 5, 'step_no': 526, 'loss': 0.10071107000112534, 'accuracy': 0.9573863744735718, 'l2_norm': 1.4432849884033203, 'computation_time': 0.046319007873535156, 'batch_time': 0.05327921820571646, 'rtc_check_time': 0.005267200001981109, 'experiment_id': 'exp_20240620_222959', 'client_id': '0'}
[2024-06-20 22:31:20,470][root][INFO] - Added data to batch for client 0: {'round': 5, 'step_no': 527, 'loss': 0.12735655903816223, 'accuracy': 0.9575320482254028, 'l2_norm': 1.471869945526123, 'computation_time': 0.04920792579650879, 'batch_time': 0.06003503207466565, 'rtc_check_time': 0.009453100006794557, 'experiment_id': 'exp_20240620_222959', 'client_id': '0'}
[2024-06-20 22:31:20,471][root][INFO] - Added data to batch for client 0: {'round': 5, 'step_no': 528, 'loss': 0.13512758910655975, 'accuracy': 0.9572784900665283, 'l2_norm': 1.5030155181884766, 'computation_time': 0.04661703109741211, 'batch_time': 0.05362736769893672, 'rtc_check_time': 0.005719299995689653, 'experiment_id': 'exp_20240620_222959', 'client_id': '0'}
[2024-06-20 22:31:20,473][root][INFO] - Added data to batch for client 0: {'round': 5, 'step_no': 529, 'loss': 0.23664085566997528, 'accuracy': 0.9574218988418579, 'l2_norm': 1.5032747983932495, 'computation_time': 0.049549102783203125, 'batch_time': 0.05612461201963015, 'rtc_check_time': 0.005132599995704368, 'experiment_id': 'exp_20240620_222959', 'client_id': '0'}
[2024-06-20 22:31:20,474][root][INFO] - Added data to batch for client 0: {'round': 5, 'step_no': 530, 'loss': 0.09940050542354584, 'accuracy': 0.957561731338501, 'l2_norm': 1.5177565813064575, 'computation_time': 0.04366612434387207, 'batch_time': 0.04770626830577385, 'rtc_check_time': 0.002747200007434003, 'experiment_id': 'exp_20240620_222959', 'client_id': '0'}
[2024-06-20 22:31:20,475][root][INFO] - Added data to batch for client 0: {'round': 5, 'step_no': 531, 'loss': 0.0906762182712555, 'accuracy': 0.9576981663703918, 'l2_norm': 1.5244213342666626, 'computation_time': 0.05703616142272949, 'batch_time': 0.07672029323293827, 'rtc_check_time': 0.01798229999258183, 'experiment_id': 'exp_20240620_222959', 'client_id': '0'}
[2024-06-20 22:31:20,476][root][INFO] - Added data to batch for client 0: {'round': 5, 'step_no': 532, 'loss': 0.12680062651634216, 'accuracy': 0.9574548006057739, 'l2_norm': 1.531868815422058, 'computation_time': 0.05305600166320801, 'batch_time': 0.05586911295540631, 'rtc_check_time': 0.0014669999945908785, 'experiment_id': 'exp_20240620_222959', 'client_id': '0'}
[2024-06-20 22:31:20,477][root][INFO] - Added data to batch for client 0: {'round': 5, 'step_no': 533, 'loss': 0.18189790844917297, 'accuracy': 0.957217276096344, 'l2_norm': 1.5403692722320557, 'computation_time': 0.04693484306335449, 'batch_time': 0.04989842904615216, 'rtc_check_time': 0.0015623999934177846, 'experiment_id': 'exp_20240620_222959', 'client_id': '0'}
[2024-06-20 22:31:20,478][root][INFO] - Added data to batch for client 0: {'round': 5, 'step_no': 534, 'loss': 0.09222136437892914, 'accuracy': 0.9569852948188782, 'l2_norm': 1.5557132959365845, 'computation_time': 0.04342007637023926, 'batch_time': 0.0473139592068037, 'rtc_check_time': 0.002645999993546866, 'experiment_id': 'exp_20240620_222959', 'client_id': '0'}
[2024-06-20 22:31:20,479][root][INFO] - Added data to batch for client 0: {'round': 5, 'step_no': 535, 'loss': 0.21326324343681335, 'accuracy': 0.9567587375640869, 'l2_norm': 1.6133537292480469, 'computation_time': 0.045269012451171875, 'batch_time': 0.04905985946243163, 'rtc_check_time': 0.0023867999989306554, 'experiment_id': 'exp_20240620_222959', 'client_id': '0'}
[2024-06-20 22:31:20,480][root][INFO] - Added data to batch for client 0: {'round': 5, 'step_no': 536, 'loss': 0.049800872802734375, 'accuracy': 0.9572557210922241, 'l2_norm': 1.6230250597000122, 'computation_time': 0.04164409637451172, 'batch_time': 0.045473182486603037, 'rtc_check_time': 0.002642000006744638, 'experiment_id': 'exp_20240620_222959', 'client_id': '0'}
[2024-06-20 22:31:20,481][root][INFO] - Added data to batch for client 0: {'round': 5, 'step_no': 537, 'loss': 0.026435211300849915, 'accuracy': 0.9577414989471436, 'l2_norm': 1.6283326148986816, 'computation_time': 0.0644078254699707, 'batch_time': 0.0722561868315097, 'rtc_check_time': 0.00498709999374114, 'experiment_id': 'exp_20240620_222959', 'client_id': '0'}
[2024-06-20 22:31:20,482][root][INFO] - Added data to batch for client 0: {'round': 5, 'step_no': 538, 'loss': 0.279895544052124, 'accuracy': 0.9575140476226807, 'l2_norm': 1.6915323734283447, 'computation_time': 0.05634117126464844, 'batch_time': 0.06599992905103136, 'rtc_check_time': 0.007972900013555773, 'experiment_id': 'exp_20240620_222959', 'client_id': '0'}
[2024-06-20 22:31:20,483][root][INFO] - Added data to batch for client 0: {'round': 5, 'step_no': 539, 'loss': 0.2670958638191223, 'accuracy': 0.9572916626930237, 'l2_norm': 1.7205034494400024, 'computation_time': 0.04995107650756836, 'batch_time': 0.05753771719173528, 'rtc_check_time': 0.006232899992028251, 'experiment_id': 'exp_20240620_222959', 'client_id': '0'}
[2024-06-20 22:31:20,485][root][INFO] - Added data to batch for client 0: {'round': 5, 'step_no': 540, 'loss': 0.29872408509254456, 'accuracy': 0.9567307829856873, 'l2_norm': 1.743026852607727, 'computation_time': 0.05059099197387695, 'batch_time': 0.05716150929220021, 'rtc_check_time': 0.005044399993494153, 'experiment_id': 'exp_20240620_222959', 'client_id': '0'}
[2024-06-20 22:31:20,486][root][INFO] - Added data to batch for client 0: {'round': 5, 'step_no': 541, 'loss': 0.17425499856472015, 'accuracy': 0.9568614363670349, 'l2_norm': 1.7757829427719116, 'computation_time': 0.05769610404968262, 'batch_time': 0.06839987126295455, 'rtc_check_time': 0.008558000001357868, 'experiment_id': 'exp_20240620_222959', 'client_id': '0'}
[2024-06-20 22:31:20,487][root][INFO] - Added data to batch for client 0: {'round': 5, 'step_no': 542, 'loss': 0.23946502804756165, 'accuracy': 0.9566532373428345, 'l2_norm': 1.8037890195846558, 'computation_time': 0.04545307159423828, 'batch_time': 0.05211510839581024, 'rtc_check_time': 0.005542899991269223, 'experiment_id': 'exp_20240620_222959', 'client_id': '0'}
[2024-06-20 22:31:20,488][root][INFO] - Added data to batch for client 0: {'round': 5, 'step_no': 543, 'loss': 0.04211730137467384, 'accuracy': 0.9571143388748169, 'l2_norm': 1.8143283128738403, 'computation_time': 0.04560208320617676, 'batch_time': 0.04970360538573004, 'rtc_check_time': 0.0026877000054810196, 'experiment_id': 'exp_20240620_222959', 'client_id': '0'}
[2024-06-20 22:31:20,489][root][INFO] - Added data to batch for client 0: {'round': 5, 'step_no': 544, 'loss': 0.147744283080101, 'accuracy': 0.9569078683853149, 'l2_norm': 1.842604637145996, 'computation_time': 0.05047893524169922, 'batch_time': 0.054115324644953944, 'rtc_check_time': 0.001955300002009608, 'experiment_id': 'exp_20240620_222959', 'client_id': '0'}
[2024-06-20 22:31:20,489][root][INFO] - Added data to batch for client 0: {'round': 5, 'step_no': 545, 'loss': 0.16429343819618225, 'accuracy': 0.95703125, 'l2_norm': 1.8518377542495728, 'computation_time': 0.051412105560302734, 'batch_time': 0.05507922214746941, 'rtc_check_time': 0.0022222999978112057, 'experiment_id': 'exp_20240620_222959', 'client_id': '0'}
[2024-06-20 22:31:20,490][root][INFO] - Added data to batch for client 0: {'round': 5, 'step_no': 546, 'loss': 0.07213546335697174, 'accuracy': 0.9571520686149597, 'l2_norm': 1.8651877641677856, 'computation_time': 0.0516200065612793, 'batch_time': 0.05417880791355856, 'rtc_check_time': 0.0013709999911952764, 'experiment_id': 'exp_20240620_222959', 'client_id': '0'}
[2024-06-20 22:31:20,491][root][INFO] - Added data to batch for client 0: {'round': 5, 'step_no': 547, 'loss': 0.23899604380130768, 'accuracy': 0.9572703838348389, 'l2_norm': 1.8783284425735474, 'computation_time': 0.057229042053222656, 'batch_time': 0.060968318983213976, 'rtc_check_time': 0.002074399992125109, 'experiment_id': 'exp_20240620_222959', 'client_id': '0'}
[2024-06-20 22:31:20,492][root][INFO] - Added data to batch for client 0: {'round': 5, 'step_no': 548, 'loss': 0.19514356553554535, 'accuracy': 0.9567550420761108, 'l2_norm': 1.943633794784546, 'computation_time': 0.0425419807434082, 'batch_time': 0.05206032964633778, 'rtc_check_time': 0.00829550001071766, 'experiment_id': 'exp_20240620_222959', 'client_id': '0'}
[2024-06-20 22:31:20,493][root][INFO] - Added data to batch for client 0: {'round': 5, 'step_no': 549, 'loss': 0.24140718579292297, 'accuracy': 0.956250011920929, 'l2_norm': 1.9529927968978882, 'computation_time': 0.04565310478210449, 'batch_time': 0.06242637734976597, 'rtc_check_time': 0.014230300002964213, 'experiment_id': 'exp_20240620_222959', 'client_id': '0'}
[2024-06-20 22:31:20,494][root][INFO] - Added data to batch for client 0: {'round': 5, 'step_no': 550, 'loss': 0.2624645233154297, 'accuracy': 0.9557549357414246, 'l2_norm': 1.987663745880127, 'computation_time': 0.045845985412597656, 'batch_time': 0.04846740362700075, 'rtc_check_time': 0.0014844000106677413, 'experiment_id': 'exp_20240620_222959', 'client_id': '0'}
[2024-06-20 22:31:20,496][root][INFO] - Added data to batch for client 0: {'round': 5, 'step_no': 551, 'loss': 0.11717858910560608, 'accuracy': 0.9558823704719543, 'l2_norm': 2.0112438201904297, 'computation_time': 0.05325198173522949, 'batch_time': 0.05727104748075362, 'rtc_check_time': 0.002035900004557334, 'experiment_id': 'exp_20240620_222959', 'client_id': '0'}
[2024-06-20 22:31:20,497][root][INFO] - Added data to batch for client 0: {'round': 5, 'step_no': 552, 'loss': 0.06995569914579391, 'accuracy': 0.9563106894493103, 'l2_norm': 1.9972959756851196, 'computation_time': 0.043196916580200195, 'batch_time': 0.04791371661121957, 'rtc_check_time': 0.003350899991346523, 'experiment_id': 'exp_20240620_222959', 'client_id': '0'}
[2024-06-20 22:31:20,498][root][INFO] - Added data to batch for client 0: {'round': 5, 'step_no': 553, 'loss': 0.05180486664175987, 'accuracy': 0.9567307829856873, 'l2_norm': 1.9941903352737427, 'computation_time': 0.04603719711303711, 'batch_time': 0.053107833431568, 'rtc_check_time': 0.004838799999561161, 'experiment_id': 'exp_20240620_222959', 'client_id': '0'}
[2024-06-20 22:31:20,499][root][INFO] - Added data to batch for client 0: {'round': 5, 'step_no': 554, 'loss': 0.061995528638362885, 'accuracy': 0.956845223903656, 'l2_norm': 2.0006346702575684, 'computation_time': 0.11083698272705078, 'batch_time': 0.12835343822371215, 'rtc_check_time': 0.013683400000445545, 'experiment_id': 'exp_20240620_222959', 'client_id': '0'}
[2024-06-20 22:31:20,500][root][INFO] - Added data to batch for client 0: {'round': 5, 'step_no': 555, 'loss': 0.11171617358922958, 'accuracy': 0.9566627144813538, 'l2_norm': 2.018507719039917, 'computation_time': 0.1208810806274414, 'batch_time': 0.13752751458378043, 'rtc_check_time': 0.011498499996378087, 'experiment_id': 'exp_20240620_222959', 'client_id': '0'}
[2024-06-20 22:31:20,501][root][INFO] - Added data to batch for client 0: {'round': 5, 'step_no': 556, 'loss': 0.08698112517595291, 'accuracy': 0.9567757248878479, 'l2_norm': 2.0193493366241455, 'computation_time': 0.15688300132751465, 'batch_time': 0.17352849447343033, 'rtc_check_time': 0.010758700009319, 'experiment_id': 'exp_20240620_222959', 'client_id': '0'}
[2024-06-20 22:31:20,502][root][INFO] - Added data to batch for client 0: {'round': 5, 'step_no': 557, 'loss': 0.0779515951871872, 'accuracy': 0.9568865895271301, 'l2_norm': 2.034968137741089, 'computation_time': 0.1198890209197998, 'batch_time': 0.14497323860996403, 'rtc_check_time': 0.021767099999124184, 'experiment_id': 'exp_20240620_222959', 'client_id': '0'}
[2024-06-20 22:31:20,503][root][INFO] - Added data to batch for client 0: {'round': 5, 'step_no': 558, 'loss': 0.1297176480293274, 'accuracy': 0.9567087292671204, 'l2_norm': 2.0912845134735107, 'computation_time': 0.08360791206359863, 'batch_time': 0.09368080829153769, 'rtc_check_time': 0.007020899996859953, 'experiment_id': 'exp_20240620_222959', 'client_id': '0'}
[2024-06-20 22:31:20,505][root][INFO] - Added data to batch for client 0: {'round': 5, 'step_no': 559, 'loss': 0.07344422489404678, 'accuracy': 0.956818163394928, 'l2_norm': 2.111515760421753, 'computation_time': 0.07602500915527344, 'batch_time': 0.08071329505764879, 'rtc_check_time': 0.003329300001496449, 'experiment_id': 'exp_20240620_222959', 'client_id': '0'}
[2024-06-20 22:31:20,507][root][INFO] - Added data to batch for client 0: {'round': 5, 'step_no': 560, 'loss': 0.015955237671732903, 'accuracy': 0.957207202911377, 'l2_norm': 2.1082968711853027, 'computation_time': 0.05971407890319824, 'batch_time': 0.07010422321036458, 'rtc_check_time': 0.00913630099967122, 'experiment_id': 'exp_20240620_222959', 'client_id': '0'}
[2024-06-20 22:31:20,509][root][INFO] - Added data to batch for client 0: {'round': 5, 'step_no': 561, 'loss': 0.15679126977920532, 'accuracy': 0.95703125, 'l2_norm': 2.120256185531616, 'computation_time': 0.0535731315612793, 'batch_time': 0.059045697445981205, 'rtc_check_time': 0.003959800000302494, 'experiment_id': 'exp_20240620_222959', 'client_id': '0'}
[2024-06-20 22:31:20,511][root][INFO] - Added data to batch for client 0: {'round': 5, 'step_no': 562, 'loss': 0.008816687390208244, 'accuracy': 0.957411527633667, 'l2_norm': 2.120054006576538, 'computation_time': 0.05760002136230469, 'batch_time': 0.06287496389995795, 'rtc_check_time': 0.003846099993097596, 'experiment_id': 'exp_20240620_222959', 'client_id': '0'}
[2024-06-20 22:31:20,513][root][INFO] - Added data to batch for client 0: {'round': 5, 'step_no': 563, 'loss': 0.018550198525190353, 'accuracy': 0.9577850699424744, 'l2_norm': 2.123619794845581, 'computation_time': 0.05716896057128906, 'batch_time': 0.06299821188440546, 'rtc_check_time': 0.0029121999978087842, 'experiment_id': 'exp_20240620_222959', 'client_id': '0'}
[2024-06-20 22:31:20,515][root][INFO] - Added data to batch for client 0: {'round': 5, 'step_no': 564, 'loss': 0.019189558923244476, 'accuracy': 0.958152174949646, 'l2_norm': 2.1281213760375977, 'computation_time': 0.06972002983093262, 'batch_time': 0.07392478891415522, 'rtc_check_time': 0.0026969999889843166, 'experiment_id': 'exp_20240620_222959', 'client_id': '0'}
[2024-06-20 22:31:20,516][root][INFO] - Added data to batch for client 0: {'round': 5, 'step_no': 565, 'loss': 0.05728549510240555, 'accuracy': 0.9585129022598267, 'l2_norm': 2.1551568508148193, 'computation_time': 0.10274910926818848, 'batch_time': 0.10923819500021636, 'rtc_check_time': 0.003592299995943904, 'experiment_id': 'exp_20240620_222959', 'client_id': '0'}
[2024-06-20 22:31:20,518][root][INFO] - Added data to batch for client 0: {'round': 5, 'step_no': 566, 'loss': 0.03528701886534691, 'accuracy': 0.9588675498962402, 'l2_norm': 2.183189868927002, 'computation_time': 0.0734708309173584, 'batch_time': 0.0769871636730386, 'rtc_check_time': 0.0019050999981118366, 'experiment_id': 'exp_20240620_222959', 'client_id': '0'}
[2024-06-20 22:31:20,520][root][INFO] - Added data to batch for client 0: {'round': 5, 'step_no': 567, 'loss': 0.012462719343602657, 'accuracy': 0.9592161178588867, 'l2_norm': 2.1852738857269287, 'computation_time': 0.07022809982299805, 'batch_time': 0.074415564595256, 'rtc_check_time': 0.002668500004801899, 'experiment_id': 'exp_20240620_222959', 'client_id': '0'}
[2024-06-20 22:31:20,522][root][INFO] - Added data to batch for client 0: {'round': 5, 'step_no': 568, 'loss': 0.150374174118042, 'accuracy': 0.9587709903717041, 'l2_norm': 2.2349894046783447, 'computation_time': 0.054380178451538086, 'batch_time': 0.06398332581738941, 'rtc_check_time': 0.00803029999951832, 'experiment_id': 'exp_20240620_222959', 'client_id': '0'}
[2024-06-20 22:31:20,524][root][INFO] - Added data to batch for client 0: {'round': 5, 'step_no': 569, 'loss': 0.09486684203147888, 'accuracy': 0.9588541388511658, 'l2_norm': 2.3067660331726074, 'computation_time': 0.06481313705444336, 'batch_time': 0.07359139318577945, 'rtc_check_time': 0.007339400006458163, 'experiment_id': 'exp_20240620_222959', 'client_id': '0'}
[2024-06-20 22:31:20,527][root][INFO] - Added data to batch for client 0: {'round': 5, 'step_no': 570, 'loss': 0.2461598962545395, 'accuracy': 0.9589359760284424, 'l2_norm': 2.306800127029419, 'computation_time': 0.06366705894470215, 'batch_time': 0.0755486834095791, 'rtc_check_time': 0.01018169999588281, 'experiment_id': 'exp_20240620_222959', 'client_id': '0'}
[2024-06-20 22:31:20,529][root][INFO] - Added data to batch for client 0: {'round': 5, 'step_no': 571, 'loss': 0.011393634602427483, 'accuracy': 0.959272563457489, 'l2_norm': 2.320157289505005, 'computation_time': 0.11695408821105957, 'batch_time': 0.12636309495428577, 'rtc_check_time': 0.007269199995789677, 'experiment_id': 'exp_20240620_222959', 'client_id': '0'}
[2024-06-20 22:31:20,531][root][INFO] - Added data to batch for client 0: {'round': 5, 'step_no': 572, 'loss': 0.015225538983941078, 'accuracy': 0.9596036672592163, 'l2_norm': 2.318887948989868, 'computation_time': 0.07172298431396484, 'batch_time': 0.07737791108957026, 'rtc_check_time': 0.0028578000055858865, 'experiment_id': 'exp_20240620_222959', 'client_id': '0'}
[2024-06-20 22:31:20,533][root][INFO] - Added data to batch for client 0: {'round': 5, 'step_no': 573, 'loss': 0.08291666209697723, 'accuracy': 0.9596773982048035, 'l2_norm': 2.3482584953308105, 'computation_time': 0.07679009437561035, 'batch_time': 0.09651582872902509, 'rtc_check_time': 0.016543799996725284, 'experiment_id': 'exp_20240620_222959', 'client_id': '0'}
[2024-06-20 22:31:20,534][root][INFO] - Added data to batch for client 0: {'round': 5, 'step_no': 574, 'loss': 0.009317377582192421, 'accuracy': 0.9599999785423279, 'l2_norm': 2.3538460731506348, 'computation_time': 0.09180617332458496, 'batch_time': 0.09590780876169447, 'rtc_check_time': 0.0022918000031495467, 'experiment_id': 'exp_20240620_222959', 'client_id': '0'}
[2024-06-20 22:31:20,536][root][INFO] - Added data to batch for client 0: {'round': 5, 'step_no': 575, 'loss': 0.01422177255153656, 'accuracy': 0.9603174328804016, 'l2_norm': 2.350759506225586, 'computation_time': 0.07165908813476562, 'batch_time': 0.0756579232547665, 'rtc_check_time': 0.0018030000064754859, 'experiment_id': 'exp_20240620_222959', 'client_id': '0'}
[2024-06-20 22:31:20,539][root][INFO] - Added data to batch for client 0: {'round': 5, 'step_no': 576, 'loss': 0.28480637073516846, 'accuracy': 0.9601377844810486, 'l2_norm': 2.392270565032959, 'computation_time': 0.05909395217895508, 'batch_time': 0.06368519087845925, 'rtc_check_time': 0.002842200003215112, 'experiment_id': 'exp_20240620_222959', 'client_id': '0'}
[2024-06-20 22:31:20,541][root][INFO] - Added data to batch for client 0: {'round': 5, 'step_no': 577, 'loss': 0.030978437513113022, 'accuracy': 0.96044921875, 'l2_norm': 2.392817258834839, 'computation_time': 0.07205796241760254, 'batch_time': 0.07639441404899117, 'rtc_check_time': 0.002616500001749955, 'experiment_id': 'exp_20240620_222959', 'client_id': '0'}
[2024-06-20 22:31:20,543][root][INFO] - Added data to batch for client 0: {'round': 5, 'step_no': 578, 'loss': 0.03888239338994026, 'accuracy': 0.9607558250427246, 'l2_norm': 2.414464235305786, 'computation_time': 0.059333086013793945, 'batch_time': 0.0697344055515714, 'rtc_check_time': 0.007820200000423938, 'experiment_id': 'exp_20240620_222959', 'client_id': '0'}
[2024-06-20 22:31:20,545][root][INFO] - Added data to batch for client 0: {'round': 5, 'step_no': 579, 'loss': 0.0994289368391037, 'accuracy': 0.9608173370361328, 'l2_norm': 2.4386329650878906, 'computation_time': 0.05614781379699707, 'batch_time': 0.06438825149962213, 'rtc_check_time': 0.005888200001209043, 'experiment_id': 'exp_20240620_222959', 'client_id': '0'}
[2024-06-20 22:31:20,547][root][INFO] - Added data to batch for client 0: {'round': 5, 'step_no': 580, 'loss': 0.11630015075206757, 'accuracy': 0.9606392979621887, 'l2_norm': 2.487332582473755, 'computation_time': 0.054791927337646484, 'batch_time': 0.06959525012644008, 'rtc_check_time': 0.013094099995214492, 'experiment_id': 'exp_20240620_222959', 'client_id': '0'}
[2024-06-20 22:31:20,549][root][INFO] - Added data to batch for client 0: {'round': 5, 'step_no': 581, 'loss': 0.17317253351211548, 'accuracy': 0.9607007503509521, 'l2_norm': 2.5178208351135254, 'computation_time': 0.07111215591430664, 'batch_time': 0.07762896383064799, 'rtc_check_time': 0.004895799997029826, 'experiment_id': 'exp_20240620_222959', 'client_id': '0'}
[2024-06-20 22:31:20,551][root][INFO] - Added data to batch for client 0: {'round': 5, 'step_no': 582, 'loss': 0.06427869200706482, 'accuracy': 0.9607612490653992, 'l2_norm': 2.523905038833618, 'computation_time': 0.061541080474853516, 'batch_time': 0.06697340322716627, 'rtc_check_time': 0.003210500013665296, 'experiment_id': 'exp_20240620_222959', 'client_id': '0'}
[2024-06-20 22:31:20,554][root][INFO] - Added data to batch for client 0: {'round': 5, 'step_no': 583, 'loss': 0.02670460380613804, 'accuracy': 0.9610540866851807, 'l2_norm': 2.536311626434326, 'computation_time': 0.07333707809448242, 'batch_time': 0.0784139332245104, 'rtc_check_time': 0.003034800000023097, 'experiment_id': 'exp_20240620_222959', 'client_id': '0'}
[2024-06-20 22:31:20,556][root][INFO] - Added data to batch for client 0: {'round': 5, 'step_no': 584, 'loss': 0.024388328194618225, 'accuracy': 0.9613425731658936, 'l2_norm': 2.547400712966919, 'computation_time': 0.06808805465698242, 'batch_time': 0.08419011536170729, 'rtc_check_time': 0.014090999990003183, 'experiment_id': 'exp_20240620_222959', 'client_id': '0'}
[2024-06-20 22:31:20,558][root][INFO] - Added data to batch for client 0: {'round': 5, 'step_no': 585, 'loss': 0.09627781808376312, 'accuracy': 0.9613970518112183, 'l2_norm': 2.5596821308135986, 'computation_time': 0.08086800575256348, 'batch_time': 0.09014387743081897, 'rtc_check_time': 0.006343799992464483, 'experiment_id': 'exp_20240620_222959', 'client_id': '0'}
[2024-06-20 22:31:20,561][root][INFO] - Added data to batch for client 0: {'round': 5, 'step_no': 586, 'loss': 0.08359967172145844, 'accuracy': 0.9614507555961609, 'l2_norm': 2.559756278991699, 'computation_time': 0.06774616241455078, 'batch_time': 0.07578950267634355, 'rtc_check_time': 0.005278399999951944, 'experiment_id': 'exp_20240620_222959', 'client_id': '0'}
[2024-06-20 22:31:20,563][root][INFO] - Added data to batch for client 0: {'round': 5, 'step_no': 587, 'loss': 0.1698845624923706, 'accuracy': 0.961277186870575, 'l2_norm': 2.60481595993042, 'computation_time': 0.059882164001464844, 'batch_time': 0.06312464411894325, 'rtc_check_time': 0.001680600005784072, 'experiment_id': 'exp_20240620_222959', 'client_id': '0'}
[2024-06-20 22:31:20,565][root][INFO] - Added data to batch for client 0: {'round': 5, 'step_no': 588, 'loss': 0.020741824060678482, 'accuracy': 0.9615557789802551, 'l2_norm': 2.6145682334899902, 'computation_time': 0.048750877380371094, 'batch_time': 0.05409975603106432, 'rtc_check_time': 0.003949600009946153, 'experiment_id': 'exp_20240620_222959', 'client_id': '0'}
[2024-06-20 22:31:20,567][root][INFO] - Added data to batch for client 0: {'round': 5, 'step_no': 589, 'loss': 0.2912537157535553, 'accuracy': 0.9616071581840515, 'l2_norm': 2.6668167114257812, 'computation_time': 0.0483090877532959, 'batch_time': 0.054024147902964614, 'rtc_check_time': 0.0045119999995222315, 'experiment_id': 'exp_20240620_222959', 'client_id': '0'}
[2024-06-20 22:31:20,570][root][INFO] - Added data to batch for client 0: {'round': 5, 'step_no': 590, 'loss': 0.13096663355827332, 'accuracy': 0.9616578221321106, 'l2_norm': 2.714761734008789, 'computation_time': 0.04883313179016113, 'batch_time': 0.06311253074090928, 'rtc_check_time': 0.013163600000552833, 'experiment_id': 'exp_20240620_222959', 'client_id': '0'}
[2024-06-20 22:31:20,572][root][INFO] - Added data to batch for client 0: {'round': 5, 'step_no': 591, 'loss': 0.012262523174285889, 'accuracy': 0.9619278311729431, 'l2_norm': 2.7161827087402344, 'computation_time': 0.05069994926452637, 'batch_time': 0.06285277413553558, 'rtc_check_time': 0.010796699993079528, 'experiment_id': 'exp_20240620_222959', 'client_id': '0'}
[2024-06-20 22:31:20,574][root][INFO] - Added data to batch for client 0: {'round': 5, 'step_no': 592, 'loss': 0.11619459092617035, 'accuracy': 0.9619755148887634, 'l2_norm': 2.7301530838012695, 'computation_time': 0.060415029525756836, 'batch_time': 0.06564244137553032, 'rtc_check_time': 0.0038843999936943874, 'experiment_id': 'exp_20240620_222959', 'client_id': '0'}
[2024-06-20 22:31:20,575][root][INFO] - Added data to batch for client 0: {'round': 5, 'step_no': 593, 'loss': 0.1008572205901146, 'accuracy': 0.9618055820465088, 'l2_norm': 2.75054669380188, 'computation_time': 0.05027914047241211, 'batch_time': 0.05317175039090216, 'rtc_check_time': 0.0016669000033289194, 'experiment_id': 'exp_20240620_222959', 'client_id': '0'}
[2024-06-20 22:31:20,577][root][INFO] - Added data to batch for client 0: {'round': 5, 'step_no': 594, 'loss': 0.2503361105918884, 'accuracy': 0.9614224433898926, 'l2_norm': 2.8333818912506104, 'computation_time': 0.044348955154418945, 'batch_time': 0.04906478617340326, 'rtc_check_time': 0.0033937999978661537, 'experiment_id': 'exp_20240620_222959', 'client_id': '0'}
[2024-06-20 22:31:20,579][root][INFO] - Added data to batch for client 0: {'round': 5, 'step_no': 595, 'loss': 0.13806059956550598, 'accuracy': 0.961258590221405, 'l2_norm': 2.8745124340057373, 'computation_time': 0.04476213455200195, 'batch_time': 0.05007310469227377, 'rtc_check_time': 0.003651099992566742, 'experiment_id': 'exp_20240620_222959', 'client_id': '0'}
[2024-06-20 22:31:20,581][root][INFO] - Added data to batch for client 0: {'round': 5, 'step_no': 596, 'loss': 0.03282450884580612, 'accuracy': 0.961522102355957, 'l2_norm': 2.8689537048339844, 'computation_time': 0.04143095016479492, 'batch_time': 0.04575356836721767, 'rtc_check_time': 0.003185599998687394, 'experiment_id': 'exp_20240620_222959', 'client_id': '0'}
[2024-06-20 22:31:20,584][root][INFO] - Added data to batch for client 0: {'round': 5, 'step_no': 597, 'loss': 0.0346495658159256, 'accuracy': 0.9617820978164673, 'l2_norm': 2.8840065002441406, 'computation_time': 0.05504298210144043, 'batch_time': 0.05775624960369896, 'rtc_check_time': 0.0015083000034792349, 'experiment_id': 'exp_20240620_222959', 'client_id': '0'}
[2024-06-20 22:31:20,586][root][INFO] - Added data to batch for client 0: {'round': 5, 'step_no': 598, 'loss': 0.0662064403295517, 'accuracy': 0.9620385766029358, 'l2_norm': 2.890085458755493, 'computation_time': 0.044957876205444336, 'batch_time': 0.05154574732296169, 'rtc_check_time': 0.005274900002405047, 'experiment_id': 'exp_20240620_222959', 'client_id': '0'}
[2024-06-20 22:31:20,588][root][INFO] - Added data to batch for client 0: {'round': 5, 'step_no': 599, 'loss': 0.02311011403799057, 'accuracy': 0.9622916579246521, 'l2_norm': 2.891685962677002, 'computation_time': 0.045126914978027344, 'batch_time': 0.04932820973044727, 'rtc_check_time': 0.0029341000044951215, 'experiment_id': 'exp_20240620_222959', 'client_id': '0'}
[2024-06-20 22:31:20,590][root][INFO] - Added data to batch for client 0: {'round': 5, 'step_no': 600, 'loss': 0.09979414939880371, 'accuracy': 0.9623344540596008, 'l2_norm': 2.9195022583007812, 'computation_time': 0.04780387878417969, 'batch_time': 0.05216002282395493, 'rtc_check_time': 0.003020999996806495, 'experiment_id': 'exp_20240620_222959', 'client_id': '0'}
[2024-06-20 22:31:20,593][root][INFO] - Added data to batch for client 0: {'round': 5, 'step_no': 601, 'loss': 0.09060560166835785, 'accuracy': 0.9623766541481018, 'l2_norm': 2.9760234355926514, 'computation_time': 0.05054283142089844, 'batch_time': 0.057614228819147684, 'rtc_check_time': 0.00534930000139866, 'experiment_id': 'exp_20240620_222959', 'client_id': '0'}
[2024-06-20 22:31:20,595][root][INFO] - Added data to batch for client 0: {'round': 5, 'step_no': 602, 'loss': 0.1753629744052887, 'accuracy': 0.9624183177947998, 'l2_norm': 2.9883856773376465, 'computation_time': 0.052510976791381836, 'batch_time': 0.06354874408862088, 'rtc_check_time': 0.00966090000292752, 'experiment_id': 'exp_20240620_222959', 'client_id': '0'}
[2024-06-20 22:31:20,597][root][INFO] - Added data to batch for client 0: {'round': 5, 'step_no': 603, 'loss': 0.014682339504361153, 'accuracy': 0.9626623392105103, 'l2_norm': 2.9898841381073, 'computation_time': 0.04648113250732422, 'batch_time': 0.04920734513143543, 'rtc_check_time': 0.001558200005092658, 'experiment_id': 'exp_20240620_222959', 'client_id': '0'}
[2024-06-20 22:31:20,598][root][INFO] - Added data to batch for client 0: {'round': 5, 'step_no': 604, 'loss': 0.1748581826686859, 'accuracy': 0.9624999761581421, 'l2_norm': 3.0394527912139893, 'computation_time': 0.0397188663482666, 'batch_time': 0.04397369384241756, 'rtc_check_time': 0.002998600000864826, 'experiment_id': 'exp_20240620_222959', 'client_id': '0'}
[2024-06-20 22:31:20,600][root][INFO] - Added data to batch for client 0: {'round': 5, 'step_no': 605, 'loss': 0.010646265000104904, 'accuracy': 0.9627403616905212, 'l2_norm': 3.038761615753174, 'computation_time': 0.04023098945617676, 'batch_time': 0.04265829791256692, 'rtc_check_time': 0.0013642000121762976, 'experiment_id': 'exp_20240620_222959', 'client_id': '0'}
[2024-06-20 22:31:20,602][root][INFO] - Added data to batch for client 0: {'round': 5, 'step_no': 606, 'loss': 0.0749279037117958, 'accuracy': 0.962579607963562, 'l2_norm': 3.062955141067505, 'computation_time': 0.04311108589172363, 'batch_time': 0.049003608713974245, 'rtc_check_time': 0.00443960000120569, 'experiment_id': 'exp_20240620_222959', 'client_id': '0'}
[2024-06-20 22:31:20,603][root][INFO] - Added data to batch for client 0: {'round': 5, 'step_no': 607, 'loss': 0.0508977472782135, 'accuracy': 0.9628164768218994, 'l2_norm': 3.112010955810547, 'computation_time': 0.04407906532287598, 'batch_time': 0.04794240063347388, 'rtc_check_time': 0.0026504999987082556, 'experiment_id': 'exp_20240620_222959', 'client_id': '0'}
[2024-06-20 22:31:20,604][root][INFO] - Added data to batch for client 0: {'round': 5, 'step_no': 608, 'loss': 0.011008834466338158, 'accuracy': 0.9630503058433533, 'l2_norm': 3.1083290576934814, 'computation_time': 0.03982996940612793, 'batch_time': 0.04513000436418224, 'rtc_check_time': 0.004256000000168569, 'experiment_id': 'exp_20240620_222959', 'client_id': '0'}
[2024-06-20 22:31:20,606][root][INFO] - Added data to batch for client 0: {'round': 5, 'step_no': 609, 'loss': 0.013688793405890465, 'accuracy': 0.9632812738418579, 'l2_norm': 3.1052355766296387, 'computation_time': 0.04935503005981445, 'batch_time': 0.05315619986504316, 'rtc_check_time': 0.0023101000115275383, 'experiment_id': 'exp_20240620_222959', 'client_id': '0'}
[2024-06-20 22:31:20,608][root][INFO] - Added data to batch for client 0: {'round': 5, 'step_no': 610, 'loss': 0.05789485201239586, 'accuracy': 0.9633151888847351, 'l2_norm': 3.1417369842529297, 'computation_time': 0.044035911560058594, 'batch_time': 0.04732215822150465, 'rtc_check_time': 0.002051000003120862, 'experiment_id': 'exp_20240620_222959', 'client_id': '0'}
[2024-06-20 22:31:20,609][root][INFO] - Added data to batch for client 0: {'round': 5, 'step_no': 611, 'loss': 0.13212236762046814, 'accuracy': 0.9633487462997437, 'l2_norm': 3.1910176277160645, 'computation_time': 0.05020499229431152, 'batch_time': 0.055569046540767886, 'rtc_check_time': 0.0029328999953577295, 'experiment_id': 'exp_20240620_222959', 'client_id': '0'}
[2024-06-20 22:31:20,611][root][INFO] - Added data to batch for client 0: {'round': 5, 'step_no': 612, 'loss': 0.03418678790330887, 'accuracy': 0.9635736346244812, 'l2_norm': 3.1881258487701416, 'computation_time': 0.04938387870788574, 'batch_time': 0.05225886273547076, 'rtc_check_time': 0.001334800006588921, 'experiment_id': 'exp_20240620_222959', 'client_id': '0'}
[2024-06-20 22:31:20,612][root][INFO] - Added data to batch for client 0: {'round': 5, 'step_no': 613, 'loss': 0.009929493069648743, 'accuracy': 0.9637957215309143, 'l2_norm': 3.1866345405578613, 'computation_time': 0.04420614242553711, 'batch_time': 0.0517597247089725, 'rtc_check_time': 0.006302599998889491, 'experiment_id': 'exp_20240620_222959', 'client_id': '0'}
[2024-06-20 22:31:20,613][root][INFO] - Added data to batch for client 0: {'round': 5, 'step_no': 614, 'loss': 0.006869768723845482, 'accuracy': 0.9640151262283325, 'l2_norm': 3.1897735595703125, 'computation_time': 0.05019092559814453, 'batch_time': 0.05447606362577062, 'rtc_check_time': 0.0031300000118790194, 'experiment_id': 'exp_20240620_222959', 'client_id': '0'}
[2024-06-20 22:31:20,614][root][INFO] - Added data to batch for client 0: {'round': 5, 'step_no': 615, 'loss': 0.4564797282218933, 'accuracy': 0.9634789228439331, 'l2_norm': 3.275466203689575, 'computation_time': 0.046838998794555664, 'batch_time': 0.05028211341414135, 'rtc_check_time': 0.0018592999986140057, 'experiment_id': 'exp_20240620_222959', 'client_id': '0'}
[2024-06-20 22:31:20,616][root][INFO] - Added data to batch for client 0: {'round': 5, 'step_no': 616, 'loss': 0.05863969773054123, 'accuracy': 0.9635104537010193, 'l2_norm': 3.308089017868042, 'computation_time': 0.04520893096923828, 'batch_time': 0.04780421960458625, 'rtc_check_time': 0.0015503000031458214, 'experiment_id': 'exp_20240620_222959', 'client_id': '0'}
[2024-06-20 22:31:20,617][root][INFO] - Added data to batch for client 0: {'round': 5, 'step_no': 617, 'loss': 0.10880032181739807, 'accuracy': 0.9633556604385376, 'l2_norm': 3.348477602005005, 'computation_time': 0.0523829460144043, 'batch_time': 0.060823247258667834, 'rtc_check_time': 0.006227299993042834, 'experiment_id': 'exp_20240620_222959', 'client_id': '0'}
[2024-06-20 22:31:20,618][root][INFO] - Added data to batch for client 0: {'round': 5, 'step_no': 618, 'loss': 0.07832168787717819, 'accuracy': 0.9633875489234924, 'l2_norm': 3.360764980316162, 'computation_time': 0.045228004455566406, 'batch_time': 0.05082822748227045, 'rtc_check_time': 0.004319200001191348, 'experiment_id': 'exp_20240620_222959', 'client_id': '0'}
[2024-06-20 22:31:20,620][root][INFO] - Added data to batch for client 0: {'round': 5, 'step_no': 619, 'loss': 0.12812156975269318, 'accuracy': 0.9634191393852234, 'l2_norm': 3.3828513622283936, 'computation_time': 0.049638986587524414, 'batch_time': 0.05222916349885054, 'rtc_check_time': 0.0014801000070292503, 'experiment_id': 'exp_20240620_222959', 'client_id': '0'}
[2024-06-20 22:31:20,622][root][INFO] - Added data to batch for client 0: {'round': 5, 'step_no': 620, 'loss': 0.016342181712388992, 'accuracy': 0.9636330604553223, 'l2_norm': 3.396573543548584, 'computation_time': 0.04660820960998535, 'batch_time': 0.04951612315198872, 'rtc_check_time': 0.0015742000105092302, 'experiment_id': 'exp_20240620_222959', 'client_id': '0'}
[2024-06-20 22:31:20,623][root][INFO] - Added data to batch for client 0: {'round': 5, 'step_no': 621, 'loss': 0.3810268044471741, 'accuracy': 0.9631177186965942, 'l2_norm': 3.4783577919006348, 'computation_time': 0.08657097816467285, 'batch_time': 0.10244043220882304, 'rtc_check_time': 0.014077500003622845, 'experiment_id': 'exp_20240620_222959', 'client_id': '0'}
[2024-06-20 22:31:20,625][root][INFO] - Added data to batch for client 0: {'round': 5, 'step_no': 622, 'loss': 0.5078490972518921, 'accuracy': 0.9626083970069885, 'l2_norm': 3.5118472576141357, 'computation_time': 0.06000208854675293, 'batch_time': 0.06394430129148532, 'rtc_check_time': 0.00217720000364352, 'experiment_id': 'exp_20240620_222959', 'client_id': '0'}
[2024-06-20 22:31:20,626][root][INFO] - Added data to batch for client 0: {'round': 5, 'step_no': 623, 'loss': 0.04345684498548508, 'accuracy': 0.9626436829566956, 'l2_norm': 3.5225656032562256, 'computation_time': 0.06013298034667969, 'batch_time': 0.07175141434709076, 'rtc_check_time': 0.010227500009932555, 'experiment_id': 'exp_20240620_222959', 'client_id': '0'}
[2024-06-20 22:31:20,627][root][INFO] - Added data to batch for client 0: {'round': 5, 'step_no': 624, 'loss': 0.07143313437700272, 'accuracy': 0.9626785516738892, 'l2_norm': 3.5644948482513428, 'computation_time': 0.05103611946105957, 'batch_time': 0.05380064799101092, 'rtc_check_time': 0.0015567000082228333, 'experiment_id': 'exp_20240620_222959', 'client_id': '0'}
[2024-06-20 22:31:20,628][root][INFO] - Added data to batch for client 0: {'round': 5, 'step_no': 625, 'loss': 0.16405315697193146, 'accuracy': 0.9627130627632141, 'l2_norm': 3.5559804439544678, 'computation_time': 0.05987691879272461, 'batch_time': 0.06323766778223217, 'rtc_check_time': 0.0020957000087946653, 'experiment_id': 'exp_20240620_222959', 'client_id': '0'}
[2024-06-20 22:31:20,630][root][INFO] - Added data to batch for client 0: {'round': 5, 'step_no': 626, 'loss': 0.03882730379700661, 'accuracy': 0.9629237055778503, 'l2_norm': 3.5669844150543213, 'computation_time': 0.055245161056518555, 'batch_time': 0.05988575542869512, 'rtc_check_time': 0.0024747999996179715, 'experiment_id': 'exp_20240620_222959', 'client_id': '0'}
[2024-06-20 22:31:20,631][root][INFO] - Added data to batch for client 0: {'round': 5, 'step_no': 627, 'loss': 0.07870595157146454, 'accuracy': 0.9627808928489685, 'l2_norm': 3.611149787902832, 'computation_time': 0.047727108001708984, 'batch_time': 0.0582161267666379, 'rtc_check_time': 0.009355100002721883, 'experiment_id': 'exp_20240620_222959', 'client_id': '0'}
[2024-06-20 22:31:20,632][root][INFO] - Added data to batch for client 0: {'round': 5, 'step_no': 628, 'loss': 0.08222031593322754, 'accuracy': 0.9628142714500427, 'l2_norm': 3.6505544185638428, 'computation_time': 0.050653934478759766, 'batch_time': 0.05623593428754248, 'rtc_check_time': 0.003787900001043454, 'experiment_id': 'exp_20240620_222959', 'client_id': '0'}
[2024-06-20 22:31:20,635][root][INFO] - Added data to batch for client 0: {'round': 5, 'step_no': 629, 'loss': 0.049069978296756744, 'accuracy': 0.9630208611488342, 'l2_norm': 3.659658670425415, 'computation_time': 0.04408001899719238, 'batch_time': 0.05005212045216467, 'rtc_check_time': 0.0047421000053873286, 'experiment_id': 'exp_20240620_222959', 'client_id': '0'}
[2024-06-20 22:31:20,636][root][INFO] - Added data to batch for client 0: {'round': 5, 'step_no': 630, 'loss': 0.08786322176456451, 'accuracy': 0.96305251121521, 'l2_norm': 3.7021944522857666, 'computation_time': 0.04549694061279297, 'batch_time': 0.04867520394327585, 'rtc_check_time': 0.0020782000065082684, 'experiment_id': 'exp_20240620_222959', 'client_id': '0'}
[2024-06-20 22:31:20,638][root][INFO] - Added data to batch for client 0: {'round': 5, 'step_no': 631, 'loss': 0.43208661675453186, 'accuracy': 0.9622252583503723, 'l2_norm': 3.7251784801483154, 'computation_time': 0.05925488471984863, 'batch_time': 0.06330217150389217, 'rtc_check_time': 0.0022662999981548637, 'experiment_id': 'exp_20240620_222959', 'client_id': '0'}
[2024-06-20 22:31:20,639][root][INFO] - Added data to batch for client 0: {'round': 5, 'step_no': 632, 'loss': 0.06723510473966599, 'accuracy': 0.9624316692352295, 'l2_norm': 3.7417056560516357, 'computation_time': 0.0545811653137207, 'batch_time': 0.05926300218561664, 'rtc_check_time': 0.0032642000005580485, 'experiment_id': 'exp_20240620_222959', 'client_id': '0'}
[2024-06-20 22:31:20,641][root][INFO] - Added data to batch for client 0: {'round': 5, 'step_no': 633, 'loss': 0.05519009754061699, 'accuracy': 0.9624660611152649, 'l2_norm': 3.736652135848999, 'computation_time': 0.05903887748718262, 'batch_time': 0.06271019874839112, 'rtc_check_time': 0.0024231999996118248, 'experiment_id': 'exp_20240620_222959', 'client_id': '0'}
[2024-06-20 22:31:20,642][root][INFO] - Added data to batch for client 0: {'round': 5, 'step_no': 634, 'loss': 0.08261911571025848, 'accuracy': 0.9626688957214355, 'l2_norm': 3.771306276321411, 'computation_time': 0.04175591468811035, 'batch_time': 0.044970763308811, 'rtc_check_time': 0.0021185999939916655, 'experiment_id': 'exp_20240620_222959', 'client_id': '0'}
[2024-06-20 22:31:20,643][root][INFO] - Added data to batch for client 0: {'round': 5, 'step_no': 635, 'loss': 0.01294989138841629, 'accuracy': 0.9628696441650391, 'l2_norm': 3.777040481567383, 'computation_time': 0.04343104362487793, 'batch_time': 0.04838768758054357, 'rtc_check_time': 0.003663700001197867, 'experiment_id': 'exp_20240620_222959', 'client_id': '0'}
[2024-06-20 22:31:20,644][root][INFO] - Added data to batch for client 0: {'round': 5, 'step_no': 636, 'loss': 0.2044808566570282, 'accuracy': 0.9627339839935303, 'l2_norm': 3.857773542404175, 'computation_time': 0.04262900352478027, 'batch_time': 0.0461338371533202, 'rtc_check_time': 0.002282699992065318, 'experiment_id': 'exp_20240620_222959', 'client_id': '0'}
[2024-06-20 22:31:20,646][root][INFO] - Added data to batch for client 0: {'round': 5, 'step_no': 637, 'loss': 0.0549810528755188, 'accuracy': 0.9629321694374084, 'l2_norm': 3.868779182434082, 'computation_time': 0.047033071517944336, 'batch_time': 0.05408783760503866, 'rtc_check_time': 0.005713899998227134, 'experiment_id': 'exp_20240620_222959', 'client_id': '0'}
[2024-06-20 22:31:20,647][root][INFO] - Added data to batch for client 0: {'round': 5, 'step_no': 638, 'loss': 0.06305427849292755, 'accuracy': 0.9629629850387573, 'l2_norm': 3.918717384338379, 'computation_time': 0.04471898078918457, 'batch_time': 0.04995780764147639, 'rtc_check_time': 0.004021700005978346, 'experiment_id': 'exp_20240620_222959', 'client_id': '0'}
[2024-06-20 22:31:20,649][root][INFO] - Added data to batch for client 0: {'round': 5, 'step_no': 639, 'loss': 0.21451669931411743, 'accuracy': 0.9626644849777222, 'l2_norm': 4.021535873413086, 'computation_time': 0.04989981651306152, 'batch_time': 0.0554789124726085, 'rtc_check_time': 0.004275900006177835, 'experiment_id': 'exp_20240620_222959', 'client_id': '0'}
[2024-06-20 22:31:20,650][root][INFO] - Added data to batch for client 0: {'round': 5, 'step_no': 640, 'loss': 0.17683950066566467, 'accuracy': 0.9625326991081238, 'l2_norm': 4.0114359855651855, 'computation_time': 0.047212839126586914, 'batch_time': 0.052127435730653815, 'rtc_check_time': 0.003572300003725104, 'experiment_id': 'exp_20240620_222959', 'client_id': '0'}
[2024-06-20 22:31:20,651][root][INFO] - Added data to batch for client 0: {'round': 5, 'step_no': 641, 'loss': 0.08952155709266663, 'accuracy': 0.9625651240348816, 'l2_norm': 3.993222951889038, 'computation_time': 0.06054997444152832, 'batch_time': 0.06535565451486036, 'rtc_check_time': 0.002987499989103526, 'experiment_id': 'exp_20240620_222959', 'client_id': '0'}
[2024-06-20 22:31:20,652][root][INFO] - Added data to batch for client 0: {'round': 5, 'step_no': 642, 'loss': 0.05748728662729263, 'accuracy': 0.962597131729126, 'l2_norm': 4.007059097290039, 'computation_time': 0.05613088607788086, 'batch_time': 0.06321410737291444, 'rtc_check_time': 0.005280299999867566, 'experiment_id': 'exp_20240620_222959', 'client_id': '0'}
[2024-06-20 22:31:20,654][root][INFO] - Added data to batch for client 0: {'round': 5, 'step_no': 643, 'loss': 0.05189051851630211, 'accuracy': 0.9627899527549744, 'l2_norm': 4.02518892288208, 'computation_time': 0.05125904083251953, 'batch_time': 0.05692477746924851, 'rtc_check_time': 0.0038198999973246828, 'experiment_id': 'exp_20240620_222959', 'client_id': '0'}
[2024-06-20 22:31:20,656][root][INFO] - Added data to batch for client 0: {'round': 5, 'step_no': 644, 'loss': 0.05593220889568329, 'accuracy': 0.9629807472229004, 'l2_norm': 4.0567803382873535, 'computation_time': 0.04462003707885742, 'batch_time': 0.05362417829746846, 'rtc_check_time': 0.007397199995466508, 'experiment_id': 'exp_20240620_222959', 'client_id': '0'}
[2024-06-20 22:31:20,657][root][INFO] - Added data to batch for client 0: {'round': 5, 'step_no': 645, 'loss': 0.11959327012300491, 'accuracy': 0.9630101919174194, 'l2_norm': 4.085166931152344, 'computation_time': 0.04390382766723633, 'batch_time': 0.05006500557647087, 'rtc_check_time': 0.004843200003961101, 'experiment_id': 'exp_20240620_222959', 'client_id': '0'}
[2024-06-20 22:31:20,659][root][INFO] - Added data to batch for client 0: {'round': 5, 'step_no': 646, 'loss': 0.050562240183353424, 'accuracy': 0.9631979465484619, 'l2_norm': 4.088446140289307, 'computation_time': 0.04507303237915039, 'batch_time': 0.04831886163447052, 'rtc_check_time': 0.0019566999981179833, 'experiment_id': 'exp_20240620_222959', 'client_id': '0'}
[2024-06-20 22:31:20,661][root][INFO] - Added data to batch for client 0: {'round': 5, 'step_no': 647, 'loss': 0.347116619348526, 'accuracy': 0.9632260203361511, 'l2_norm': 4.112246036529541, 'computation_time': 0.05572795867919922, 'batch_time': 0.05833021705620922, 'rtc_check_time': 0.001432099990779534, 'experiment_id': 'exp_20240620_222959', 'client_id': '0'}
[2024-06-20 22:31:20,662][root][INFO] - Added data to batch for client 0: {'round': 5, 'step_no': 648, 'loss': 0.12672212719917297, 'accuracy': 0.9632537961006165, 'l2_norm': 4.182995796203613, 'computation_time': 0.04451799392700195, 'batch_time': 0.050455781689379364, 'rtc_check_time': 0.004503700009081513, 'experiment_id': 'exp_20240620_222959', 'client_id': '0'}
[2024-06-20 22:31:20,664][root][INFO] - Added data to batch for client 0: {'round': 5, 'step_no': 649, 'loss': 0.13901937007904053, 'accuracy': 0.9631249904632568, 'l2_norm': 4.204851150512695, 'computation_time': 0.044148921966552734, 'batch_time': 0.05402497774048243, 'rtc_check_time': 0.00860600000305567, 'experiment_id': 'exp_20240620_222959', 'client_id': '0'}
[2024-06-20 22:31:20,665][root][INFO] - Added data to batch for client 0: {'round': 5, 'step_no': 650, 'loss': 0.08824743330478668, 'accuracy': 0.9633084535598755, 'l2_norm': 4.228721618652344, 'computation_time': 0.043276071548461914, 'batch_time': 0.04901370561856311, 'rtc_check_time': 0.004304499991121702, 'experiment_id': 'exp_20240620_222959', 'client_id': '0'}
[2024-06-20 22:31:20,667][root][INFO] - Added data to batch for client 0: {'round': 5, 'step_no': 651, 'loss': 0.04469206556677818, 'accuracy': 0.9634901285171509, 'l2_norm': 4.238057613372803, 'computation_time': 0.052659034729003906, 'batch_time': 0.0581405995762907, 'rtc_check_time': 0.003920399991329759, 'experiment_id': 'exp_20240620_222959', 'client_id': '0'}
[2024-06-20 22:31:20,674][root][INFO] - Added data to batch for client 0: {'round': 5, 'step_no': 652, 'loss': 0.19569993019104004, 'accuracy': 0.9635159969329834, 'l2_norm': 4.283761501312256, 'computation_time': 0.046298980712890625, 'batch_time': 0.05206199212989304, 'rtc_check_time': 0.004631000003428198, 'experiment_id': 'exp_20240620_222959', 'client_id': '0'}
[2024-06-20 22:31:20,676][root][INFO] - Added data to batch for client 0: {'round': 5, 'step_no': 653, 'loss': 0.11002455651760101, 'accuracy': 0.9633885025978088, 'l2_norm': 4.311605930328369, 'computation_time': 0.04330301284790039, 'batch_time': 0.04648155558970757, 'rtc_check_time': 0.0019215999927837402, 'experiment_id': 'exp_20240620_222959', 'client_id': '0'}
[2024-06-20 22:31:20,678][root][INFO] - Added data to batch for client 0: {'round': 5, 'step_no': 654, 'loss': 0.16506610810756683, 'accuracy': 0.9632622003555298, 'l2_norm': 4.362585067749023, 'computation_time': 0.0530698299407959, 'batch_time': 0.059185929188970476, 'rtc_check_time': 0.004318899998907, 'experiment_id': 'exp_20240620_222959', 'client_id': '0'}
[2024-06-20 22:31:20,679][root][INFO] - Added data to batch for client 0: {'round': 5, 'step_no': 655, 'loss': 0.18901269137859344, 'accuracy': 0.963137149810791, 'l2_norm': 4.394179821014404, 'computation_time': 0.06109499931335449, 'batch_time': 0.07007234657066874, 'rtc_check_time': 0.007190400006948039, 'experiment_id': 'exp_20240620_222959', 'client_id': '0'}
[2024-06-20 22:31:20,681][root][INFO] - Added data to batch for client 0: {'round': 5, 'step_no': 656, 'loss': 0.0575784370303154, 'accuracy': 0.9631642699241638, 'l2_norm': 4.426652908325195, 'computation_time': 0.05285501480102539, 'batch_time': 0.05709150694019627, 'rtc_check_time': 0.0028694000066025183, 'experiment_id': 'exp_20240620_222959', 'client_id': '0'}
[2024-06-20 22:31:20,683][root][INFO] - Added data to batch for client 0: {'round': 5, 'step_no': 657, 'loss': 0.2718454599380493, 'accuracy': 0.9630408883094788, 'l2_norm': 4.479550361633301, 'computation_time': 0.05551290512084961, 'batch_time': 0.058443386646104045, 'rtc_check_time': 0.0015045000036479905, 'experiment_id': 'exp_20240620_222959', 'client_id': '0'}
[2024-06-20 22:31:20,684][root][INFO] - Added data to batch for client 0: {'round': 5, 'step_no': 658, 'loss': 0.21643149852752686, 'accuracy': 0.9629186391830444, 'l2_norm': 4.513512134552002, 'computation_time': 0.05610990524291992, 'batch_time': 0.062326526938704774, 'rtc_check_time': 0.004757499991683289, 'experiment_id': 'exp_20240620_222959', 'client_id': '0'}
[2024-06-20 22:31:20,686][root][INFO] - Added data to batch for client 0: {'round': 5, 'step_no': 659, 'loss': 0.21186836063861847, 'accuracy': 0.9627976417541504, 'l2_norm': 4.570072174072266, 'computation_time': 0.054947853088378906, 'batch_time': 0.06089460238581523, 'rtc_check_time': 0.00425659999018535, 'experiment_id': 'exp_20240620_222959', 'client_id': '0'}
[2024-06-20 22:31:20,688][root][INFO] - Added data to batch for client 0: {'round': 5, 'step_no': 660, 'loss': 0.15425950288772583, 'accuracy': 0.9628258347511292, 'l2_norm': 4.573712348937988, 'computation_time': 0.07316994667053223, 'batch_time': 0.07990236314071808, 'rtc_check_time': 0.005073499996797182, 'experiment_id': 'exp_20240620_222959', 'client_id': '0'}
[2024-06-20 22:31:20,689][root][INFO] - Added data to batch for client 0: {'round': 5, 'step_no': 661, 'loss': 0.12152406573295593, 'accuracy': 0.9625589847564697, 'l2_norm': 4.60352087020874, 'computation_time': 0.06415891647338867, 'batch_time': 0.06863101331691723, 'rtc_check_time': 0.002746900005149655, 'experiment_id': 'exp_20240620_222959', 'client_id': '0'}
[2024-06-20 22:31:20,691][root][INFO] - Added data to batch for client 0: {'round': 5, 'step_no': 662, 'loss': 0.14641430974006653, 'accuracy': 0.9624413251876831, 'l2_norm': 4.656761646270752, 'computation_time': 0.06622195243835449, 'batch_time': 0.07071219134377316, 'rtc_check_time': 0.0029131000046618283, 'experiment_id': 'exp_20240620_222959', 'client_id': '0'}
[2024-06-20 22:31:20,692][root][INFO] - Added data to batch for client 0: {'round': 5, 'step_no': 663, 'loss': 0.008586001582443714, 'accuracy': 0.9626168012619019, 'l2_norm': 4.662411212921143, 'computation_time': 0.07099199295043945, 'batch_time': 0.07565586363489274, 'rtc_check_time': 0.0027508000057423487, 'experiment_id': 'exp_20240620_222959', 'client_id': '0'}
[2024-06-20 22:31:20,694][root][INFO] - Added data to batch for client 0: {'round': 5, 'step_no': 664, 'loss': 0.018053419888019562, 'accuracy': 0.9627906680107117, 'l2_norm': 4.663503170013428, 'computation_time': 0.09208989143371582, 'batch_time': 0.0984845946659334, 'rtc_check_time': 0.004320700012613088, 'experiment_id': 'exp_20240620_222959', 'client_id': '0'}
[2024-06-20 22:31:20,695][root][INFO] - Added data to batch for client 0: {'round': 5, 'step_no': 665, 'loss': 0.17006510496139526, 'accuracy': 0.9626736044883728, 'l2_norm': 4.707141399383545, 'computation_time': 0.05571699142456055, 'batch_time': 0.05959387886105105, 'rtc_check_time': 0.002056800003629178, 'experiment_id': 'exp_20240620_222959', 'client_id': '0'}
[2024-06-20 22:31:20,697][root][INFO] - Added data to batch for client 0: {'round': 5, 'step_no': 666, 'loss': 0.24909906089305878, 'accuracy': 0.9624136090278625, 'l2_norm': 4.753872394561768, 'computation_time': 0.04771089553833008, 'batch_time': 0.056212203577160835, 'rtc_check_time': 0.007094400003552437, 'experiment_id': 'exp_20240620_222959', 'client_id': '0'}
[2024-06-20 22:31:20,698][root][INFO] - Added data to batch for client 0: {'round': 5, 'step_no': 667, 'loss': 0.03838414326310158, 'accuracy': 0.962585985660553, 'l2_norm': 4.761712074279785, 'computation_time': 0.04934501647949219, 'batch_time': 0.05480697313032579, 'rtc_check_time': 0.00376989999494981, 'experiment_id': 'exp_20240620_222959', 'client_id': '0'}
[2024-06-20 22:31:20,699][root][INFO] - Added data to batch for client 0: {'round': 5, 'step_no': 668, 'loss': 0.26771843433380127, 'accuracy': 0.9624714851379395, 'l2_norm': 4.832412242889404, 'computation_time': 0.05219602584838867, 'batch_time': 0.056179422928835265, 'rtc_check_time': 0.0026864000101340935, 'experiment_id': 'exp_20240620_222959', 'client_id': '0'}
[2024-06-20 22:31:20,701][root][INFO] - Added data to batch for client 0: {'round': 5, 'step_no': 669, 'loss': 0.1828303337097168, 'accuracy': 0.9623579382896423, 'l2_norm': 4.824936866760254, 'computation_time': 0.050347089767456055, 'batch_time': 0.05390284764871467, 'rtc_check_time': 0.002083999992464669, 'experiment_id': 'exp_20240620_222959', 'client_id': '0'}
[2024-06-20 22:31:20,702][root][INFO] - Added data to batch for client 0: {'round': 5, 'step_no': 670, 'loss': 0.11739455163478851, 'accuracy': 0.9623869061470032, 'l2_norm': 4.848628997802734, 'computation_time': 0.049652814865112305, 'batch_time': 0.0527470489469124, 'rtc_check_time': 0.0016611000028206035, 'experiment_id': 'exp_20240620_222959', 'client_id': '0'}
[2024-06-20 22:31:20,703][root][INFO] - Added data to batch for client 0: {'round': 5, 'step_no': 671, 'loss': 0.18307679891586304, 'accuracy': 0.9624155163764954, 'l2_norm': 4.868510723114014, 'computation_time': 0.05327796936035156, 'batch_time': 0.05908807716332376, 'rtc_check_time': 0.003974999999627471, 'experiment_id': 'exp_20240620_222959', 'client_id': '0'}
[2024-06-20 22:31:20,704][root][INFO] - Added data to batch for client 0: {'round': 5, 'step_no': 672, 'loss': 0.009388850070536137, 'accuracy': 0.9625840783119202, 'l2_norm': 4.864805698394775, 'computation_time': 0.06053900718688965, 'batch_time': 0.0675331925303908, 'rtc_check_time': 0.004820999994990416, 'experiment_id': 'exp_20240620_222959', 'client_id': '0'}
[2024-06-20 22:31:20,705][root][INFO] - Added data to batch for client 0: {'round': 5, 'step_no': 673, 'loss': 0.18783363699913025, 'accuracy': 0.9623326063156128, 'l2_norm': 4.9237895011901855, 'computation_time': 0.05479288101196289, 'batch_time': 0.0625085374340415, 'rtc_check_time': 0.00640650000423193, 'experiment_id': 'exp_20240620_222959', 'client_id': '0'}
[2024-06-20 22:31:20,707][root][INFO] - Added data to batch for client 0: {'round': 5, 'step_no': 674, 'loss': 0.018069766461849213, 'accuracy': 0.9624999761581421, 'l2_norm': 4.92526388168335, 'computation_time': 0.062438011169433594, 'batch_time': 0.06681425729766488, 'rtc_check_time': 0.0025830999948084354, 'experiment_id': 'exp_20240620_222959', 'client_id': '0'}
[2024-06-20 22:31:20,708][root][INFO] - Added data to batch for client 0: {'round': 5, 'step_no': 675, 'loss': 0.023566946387290955, 'accuracy': 0.9626659154891968, 'l2_norm': 4.936683177947998, 'computation_time': 0.05006289482116699, 'batch_time': 0.055820832509198226, 'rtc_check_time': 0.004216799992718734, 'experiment_id': 'exp_20240620_222959', 'client_id': '0'}
[2024-06-20 22:31:20,709][root][INFO] - Added data to batch for client 0: {'round': 5, 'step_no': 676, 'loss': 0.18029722571372986, 'accuracy': 0.9625550508499146, 'l2_norm': 4.972589492797852, 'computation_time': 0.0517270565032959, 'batch_time': 0.05884015207993798, 'rtc_check_time': 0.0049112999986391515, 'experiment_id': 'exp_20240620_222959', 'client_id': '0'}
[2024-06-20 22:31:20,710][root][INFO] - Added data to batch for client 0: {'round': 5, 'step_no': 677, 'loss': 0.11724889278411865, 'accuracy': 0.9625822305679321, 'l2_norm': 4.962119102478027, 'computation_time': 0.05399298667907715, 'batch_time': 0.062492752535035834, 'rtc_check_time': 0.0067306999990250915, 'experiment_id': 'exp_20240620_222959', 'client_id': '0'}
[2024-06-20 22:31:20,711][root][INFO] - Added data to batch for client 0: {'round': 5, 'step_no': 678, 'loss': 0.019542349502444267, 'accuracy': 0.9627456068992615, 'l2_norm': 4.966329097747803, 'computation_time': 0.054512977600097656, 'batch_time': 0.06556659798661713, 'rtc_check_time': 0.00941640000382904, 'experiment_id': 'exp_20240620_222959', 'client_id': '0'}
[2024-06-20 22:31:20,712][root][INFO] - Added data to batch for client 0: {'round': 5, 'step_no': 679, 'loss': 0.13766509294509888, 'accuracy': 0.96263587474823, 'l2_norm': 5.0185723304748535, 'computation_time': 0.05286288261413574, 'batch_time': 0.06201613540179096, 'rtc_check_time': 0.007952099986141548, 'experiment_id': 'exp_20240620_222959', 'client_id': '0'}
[2024-06-20 22:31:20,713][root][INFO] - Added data to batch for client 0: {'round': 5, 'step_no': 680, 'loss': 0.27900972962379456, 'accuracy': 0.9622564911842346, 'l2_norm': 5.103756427764893, 'computation_time': 0.052085161209106445, 'batch_time': 0.07073191754170693, 'rtc_check_time': 0.017379800003254786, 'experiment_id': 'exp_20240620_222959', 'client_id': '0'}
[2024-06-20 22:31:20,720][root][INFO] - Batch data saved to /home/psklavos/fl/geom_aio/csv_logs/exp_20240620_222959/clients/client_0/batch.csv
[2024-06-20 22:31:20,721][root][INFO] - Server data saved to /home/psklavos/fl/geom_aio/csv_logs/exp_20240620_222959/server/server.csv
[2024-06-20 22:31:20,721][flwr][INFO] - FL finished in 71.19931557499513
[2024-06-20 22:31:20,721][flwr][INFO] - app_fit: losses_distributed [(1, 1.137384335199992), (2, 0.3748774429162343), (3, 0.19485646982987723), (4, 0.12430286407470703), (5, 0.097890704870224)]
[2024-06-20 22:31:20,721][flwr][INFO] - app_fit: metrics_distributed_fit {'average_norm': [(1, 5.0329670906066895), (2, 5.02092981338501), (3, 5.016286691029866), (4, 5.015560309092204), (5, 5.025265375773112)], 'round_time': [(1, 2.519433205805298), (2, 5.917107150585327), (3, 8.895848801979126), (4, 12.64640346230249), (5, 16.934477039047852)], 'average_downlink_time': [(1, 0.551062386), (2, 0.6675486776666667), (3, 0.7058191116666666), (4, 0.6140204623333333), (5, 0.67931917)], 'average_rtc_check_time': [(1, 0.06992344899481395), (2, 0.42912896668713074), (3, 0.5038617090128051), (4, 0.7887505425945468), (5, 1.1306257023243234)], 'average_uplink_time': [(1, 0.3075696535), (2, 0.580452485), (3, 0.665464314), (4, 0.4374760956666666), (5, 0.46634734866666666)], 'average_computation_time': [(1, 1.3061158657073975), (2, 3.733051617940267), (3, 6.493337631225586), (4, 10.019744952519735), (5, 13.431036233901978)], 'average_communication_time': [(1, 0.928555488494814), (2, 1.6771301293537972), (3, 1.8751451346794716), (4, 1.8402471005945467), (5, 2.27629222099099)], 'average_fit_time': [(1, 1.5517349243164062), (2, 4.464191357294719), (3, 7.458467721939087), (4, 11.53870439529419), (5, 15.56615694363912)], 'average_throughput': [(1, 7.943521142926871), (2, 3.9545383162517163), (3, 3.475895908814513), (4, 5.249587884466887), (5, 5.311861123250535)], 'dropouts': [(1, 1), (2, 0), (3, 0), (4, 0), (5, 0)]}
[2024-06-20 22:31:20,722][flwr][INFO] - app_fit: metrics_distributed {'accuracy': [(1, 0.6628333131472269), (2, 0.8811666568120321), (3, 0.9380000034968058), (4, 0.9635000030199686), (5, 0.9699999888737997)]}
[2024-06-20 22:31:20,722][flwr][INFO] - app_fit: losses_centralized [(0, 2.3310814), (1, 1.1358976), (2, 0.3513749), (3, 0.16710389), (4, 0.105525315), (5, 0.07486675)]
[2024-06-20 22:31:20,722][flwr][INFO] - app_fit: metrics_centralized {'accuracy': [(0, 0.0992), (1, 0.6639), (2, 0.8924), (3, 0.9471), (4, 0.9662), (5, 0.9754)]}
