[2024-06-19 19:35:26,236][root][INFO] - Initialized DataManager for experiment exp_20240619_193526
[2024-06-19 19:35:26,241][root][INFO] - Added data to info for client None: {'experiment_id': 'exp_20240619_193526', 'algorithm': 'fda', 'num_clients': 3, 'dataset': 'mnist', 'ann': 'lenet', 'threshold': 5, 'thres_discount_factor': 1.0, 'steps_threshold': 500, 'train_batch_size': 32, 'eval_batch_size': 64, 'network_template': 1, 'client_mobility': False, 'non_iid': False}
[2024-06-19 19:35:26,241][root][INFO] - Added info data: {'experiment_id': 'exp_20240619_193526', 'algorithm': 'fda', 'num_clients': 3, 'dataset': 'mnist', 'ann': 'lenet', 'threshold': 5, 'thres_discount_factor': 1.0, 'steps_threshold': 500, 'train_batch_size': 32, 'eval_batch_size': 64, 'network_template': 1, 'client_mobility': False, 'non_iid': False}
[2024-06-19 19:35:26,243][root][INFO] - Info data saved to /home/psklavos/fl/geom_aio/csv_logs/exp_20240619_193526/info.csv
[2024-06-19 19:35:26,245][flwr][INFO] - Starting Flower server, config: ServerConfig(num_rounds=5, round_timeout=None)
[2024-06-19 19:35:26,249][flwr][INFO] - Flower ECE: gRPC server running (5 rounds), SSL is disabled
[2024-06-19 19:35:26,249][flwr][INFO] - Initializing global parameters
[2024-06-19 19:35:26,249][flwr][INFO] - Requesting initial parameters from one random client
[2024-06-19 19:35:32,841][flwr][INFO] - Received initial parameters from one random client
[2024-06-19 19:35:32,905][flwr][INFO] - Evaluating initial parameters
[2024-06-19 19:35:33,053][utils.model][INFO] - LeNet model built
[2024-06-19 19:35:33,376][utils.model][INFO] - Size of serialized model: 279.0341796875 kbytes
[2024-06-19 19:35:33,451][utils.model][INFO] - Step 1/40 - val_loss: 2.3136 - val_accuracy: 0.1211
[2024-06-19 19:35:33,478][utils.model][INFO] - Step 2/40 - val_loss: 2.3123 - val_accuracy: 0.1113
[2024-06-19 19:35:33,502][utils.model][INFO] - Step 3/40 - val_loss: 2.3144 - val_accuracy: 0.1042
[2024-06-19 19:35:33,526][utils.model][INFO] - Step 4/40 - val_loss: 2.3140 - val_accuracy: 0.1045
[2024-06-19 19:35:33,549][utils.model][INFO] - Step 5/40 - val_loss: 2.3157 - val_accuracy: 0.1031
[2024-06-19 19:35:33,572][utils.model][INFO] - Step 6/40 - val_loss: 2.3157 - val_accuracy: 0.0983
[2024-06-19 19:35:33,599][utils.model][INFO] - Step 7/40 - val_loss: 2.3157 - val_accuracy: 0.0988
[2024-06-19 19:35:33,624][utils.model][INFO] - Step 8/40 - val_loss: 2.3158 - val_accuracy: 0.0967
[2024-06-19 19:35:33,644][utils.model][INFO] - Step 9/40 - val_loss: 2.3160 - val_accuracy: 0.0968
[2024-06-19 19:35:33,666][utils.model][INFO] - Step 10/40 - val_loss: 2.3160 - val_accuracy: 0.0988
[2024-06-19 19:35:33,687][utils.model][INFO] - Step 11/40 - val_loss: 2.3160 - val_accuracy: 0.0984
[2024-06-19 19:35:33,707][utils.model][INFO] - Step 12/40 - val_loss: 2.3162 - val_accuracy: 0.0993
[2024-06-19 19:35:33,729][utils.model][INFO] - Step 13/40 - val_loss: 2.3162 - val_accuracy: 0.1013
[2024-06-19 19:35:33,750][utils.model][INFO] - Step 14/40 - val_loss: 2.3165 - val_accuracy: 0.1016
[2024-06-19 19:35:33,774][utils.model][INFO] - Step 15/40 - val_loss: 2.3158 - val_accuracy: 0.1036
[2024-06-19 19:35:33,799][utils.model][INFO] - Step 16/40 - val_loss: 2.3148 - val_accuracy: 0.1057
[2024-06-19 19:35:33,822][utils.model][INFO] - Step 17/40 - val_loss: 2.3138 - val_accuracy: 0.1082
[2024-06-19 19:35:33,846][utils.model][INFO] - Step 18/40 - val_loss: 2.3138 - val_accuracy: 0.1081
[2024-06-19 19:35:33,870][utils.model][INFO] - Step 19/40 - val_loss: 2.3133 - val_accuracy: 0.1069
[2024-06-19 19:35:33,892][utils.model][INFO] - Step 20/40 - val_loss: 2.3131 - val_accuracy: 0.1068
[2024-06-19 19:35:33,919][utils.model][INFO] - Step 21/40 - val_loss: 2.3131 - val_accuracy: 0.1062
[2024-06-19 19:35:33,943][utils.model][INFO] - Step 22/40 - val_loss: 2.3133 - val_accuracy: 0.1071
[2024-06-19 19:35:33,965][utils.model][INFO] - Step 23/40 - val_loss: 2.3134 - val_accuracy: 0.1063
[2024-06-19 19:35:33,985][utils.model][INFO] - Step 24/40 - val_loss: 2.3134 - val_accuracy: 0.1066
[2024-06-19 19:35:34,007][utils.model][INFO] - Step 25/40 - val_loss: 2.3141 - val_accuracy: 0.1059
[2024-06-19 19:35:34,029][utils.model][INFO] - Step 26/40 - val_loss: 2.3140 - val_accuracy: 0.1058
[2024-06-19 19:35:34,049][utils.model][INFO] - Step 27/40 - val_loss: 2.3143 - val_accuracy: 0.1059
[2024-06-19 19:35:34,070][utils.model][INFO] - Step 28/40 - val_loss: 2.3150 - val_accuracy: 0.1053
[2024-06-19 19:35:34,091][utils.model][INFO] - Step 29/40 - val_loss: 2.3153 - val_accuracy: 0.1043
[2024-06-19 19:35:34,111][utils.model][INFO] - Step 30/40 - val_loss: 2.3155 - val_accuracy: 0.1038
[2024-06-19 19:35:34,131][utils.model][INFO] - Step 31/40 - val_loss: 2.3152 - val_accuracy: 0.1038
[2024-06-19 19:35:34,151][utils.model][INFO] - Step 32/40 - val_loss: 2.3156 - val_accuracy: 0.1038
[2024-06-19 19:35:34,171][utils.model][INFO] - Step 33/40 - val_loss: 2.3158 - val_accuracy: 0.1036
[2024-06-19 19:35:34,191][utils.model][INFO] - Step 34/40 - val_loss: 2.3158 - val_accuracy: 0.1026
[2024-06-19 19:35:34,211][utils.model][INFO] - Step 35/40 - val_loss: 2.3161 - val_accuracy: 0.1020
[2024-06-19 19:35:34,231][utils.model][INFO] - Step 36/40 - val_loss: 2.3162 - val_accuracy: 0.1012
[2024-06-19 19:35:34,251][utils.model][INFO] - Step 37/40 - val_loss: 2.3161 - val_accuracy: 0.1010
[2024-06-19 19:35:34,272][utils.model][INFO] - Step 38/40 - val_loss: 2.3161 - val_accuracy: 0.1015
[2024-06-19 19:35:34,293][utils.model][INFO] - Step 39/40 - val_loss: 2.3163 - val_accuracy: 0.1009
[2024-06-19 19:35:34,305][utils.model][INFO] - Step 40/40 - val_loss: 2.3170 - val_accuracy: 0.1009
[2024-06-19 19:35:34,308][utils.model][INFO] - Evaluation Results - Val Loss: 2.3170, Val Accuracy: 0.1009 in 40 steps
[2024-06-19 19:35:34,311][root][INFO] - Added data to server for client None: {'round': 0, 'experiment_id': 'exp_20240619_193526', 'centralized_loss': 0.0, 'centralized_acc': 0.0, 'distributed_loss': 0.0, 'distributed_acc': 0.0, 'dropouts': 0, 'average_norm': 0.0, 'round_time': 0.0, 'average_downlink_time': 0.0, 'average_rtc_check_time': 0.0, 'average_uplink_time': 0.0, 'average_computation_time': 0.0, 'average_communication_time': 0.0, 'average_fit_time': 0.0, 'average_throughput': 0.0}
[2024-06-19 19:35:34,312][root][INFO] - Added server data: {'round': 0, 'experiment_id': 'exp_20240619_193526', 'centralized_loss': 0.0, 'centralized_acc': 0.0, 'distributed_loss': 0.0, 'distributed_acc': 0.0, 'dropouts': 0, 'average_norm': 0.0, 'round_time': 0.0, 'average_downlink_time': 0.0, 'average_rtc_check_time': 0.0, 'average_uplink_time': 0.0, 'average_computation_time': 0.0, 'average_communication_time': 0.0, 'average_fit_time': 0.0, 'average_throughput': 0.0}
[2024-06-19 19:35:34,312][root][INFO] - Appended data to last row of column centralized_loss in server data for client None
[2024-06-19 19:35:34,312][root][INFO] - Appended data to last row of column centralized_acc in server data for client None
[2024-06-19 19:35:34,312][root][INFO] - Appended {'centralized_loss': 2.3169885, 'centralized_acc': 0.1009} to the last row of server data
[2024-06-19 19:35:34,312][flwr][INFO] - initial parameters (loss, other metrics): 2.3169885, {'accuracy': 0.1009}
[2024-06-19 19:35:34,312][flwr][INFO] - FL starting
[2024-06-19 19:35:38,796][flwr][DEBUG] - fit_round 1: strategy sampled 3 clients (out of 3)
[2024-06-19 19:35:40,556][flwr][DEBUG] - fit_round 1 received 3 results and 0 failures
[2024-06-19 19:35:40,563][root][INFO] - Added data to server for client None: {'round': 1, 'average_norm': 5.014736334482829, 'round_time': 3.0906466377874757, 'average_downlink_time': 0.6706665773333333, 'average_rtc_check_time': 0.08777233998747154, 'average_uplink_time': 0.6063125326666666, 'average_computation_time': 1.309210220972697, 'average_communication_time': 1.3647514499874716, 'average_fit_time': 1.7221063772837322, 'average_throughput': 3.695221445904219, 'dropouts': 0, 'experiment_id': 'exp_20240619_193526'}
[2024-06-19 19:35:40,563][root][INFO] - Added server data: {'round': 1, 'average_norm': 5.014736334482829, 'round_time': 3.0906466377874757, 'average_downlink_time': 0.6706665773333333, 'average_rtc_check_time': 0.08777233998747154, 'average_uplink_time': 0.6063125326666666, 'average_computation_time': 1.309210220972697, 'average_communication_time': 1.3647514499874716, 'average_fit_time': 1.7221063772837322, 'average_throughput': 3.695221445904219, 'dropouts': 0, 'experiment_id': 'exp_20240619_193526'}
[2024-06-19 19:35:40,630][utils.model][INFO] - LeNet model built
[2024-06-19 19:35:40,748][utils.model][INFO] - Size of serialized model: 279.0341796875 kbytes
[2024-06-19 19:35:40,785][utils.model][INFO] - Step 1/40 - val_loss: 1.2436 - val_accuracy: 0.6836
[2024-06-19 19:35:40,808][utils.model][INFO] - Step 2/40 - val_loss: 1.2748 - val_accuracy: 0.6582
[2024-06-19 19:35:40,834][utils.model][INFO] - Step 3/40 - val_loss: 1.2866 - val_accuracy: 0.6523
[2024-06-19 19:35:40,853][utils.model][INFO] - Step 4/40 - val_loss: 1.2675 - val_accuracy: 0.6553
[2024-06-19 19:35:40,874][utils.model][INFO] - Step 5/40 - val_loss: 1.2918 - val_accuracy: 0.6328
[2024-06-19 19:35:40,895][utils.model][INFO] - Step 6/40 - val_loss: 1.3033 - val_accuracy: 0.6276
[2024-06-19 19:35:40,915][utils.model][INFO] - Step 7/40 - val_loss: 1.3081 - val_accuracy: 0.6250
[2024-06-19 19:35:40,935][utils.model][INFO] - Step 8/40 - val_loss: 1.3062 - val_accuracy: 0.6250
[2024-06-19 19:35:40,953][utils.model][INFO] - Step 9/40 - val_loss: 1.3131 - val_accuracy: 0.6207
[2024-06-19 19:35:40,973][utils.model][INFO] - Step 10/40 - val_loss: 1.3105 - val_accuracy: 0.6223
[2024-06-19 19:35:40,991][utils.model][INFO] - Step 11/40 - val_loss: 1.3135 - val_accuracy: 0.6218
[2024-06-19 19:35:41,009][utils.model][INFO] - Step 12/40 - val_loss: 1.3099 - val_accuracy: 0.6260
[2024-06-19 19:35:41,027][utils.model][INFO] - Step 13/40 - val_loss: 1.3093 - val_accuracy: 0.6256
[2024-06-19 19:35:41,045][utils.model][INFO] - Step 14/40 - val_loss: 1.3111 - val_accuracy: 0.6242
[2024-06-19 19:35:41,064][utils.model][INFO] - Step 15/40 - val_loss: 1.3120 - val_accuracy: 0.6219
[2024-06-19 19:35:41,083][utils.model][INFO] - Step 16/40 - val_loss: 1.3066 - val_accuracy: 0.6272
[2024-06-19 19:35:41,103][utils.model][INFO] - Step 17/40 - val_loss: 1.3058 - val_accuracy: 0.6287
[2024-06-19 19:35:41,123][utils.model][INFO] - Step 18/40 - val_loss: 1.3091 - val_accuracy: 0.6285
[2024-06-19 19:35:41,141][utils.model][INFO] - Step 19/40 - val_loss: 1.3074 - val_accuracy: 0.6287
[2024-06-19 19:35:41,159][utils.model][INFO] - Step 20/40 - val_loss: 1.3011 - val_accuracy: 0.6326
[2024-06-19 19:35:41,178][utils.model][INFO] - Step 21/40 - val_loss: 1.2910 - val_accuracy: 0.6380
[2024-06-19 19:35:41,196][utils.model][INFO] - Step 22/40 - val_loss: 1.2828 - val_accuracy: 0.6431
[2024-06-19 19:35:41,214][utils.model][INFO] - Step 23/40 - val_loss: 1.2766 - val_accuracy: 0.6476
[2024-06-19 19:35:41,232][utils.model][INFO] - Step 24/40 - val_loss: 1.2752 - val_accuracy: 0.6475
[2024-06-19 19:35:41,250][utils.model][INFO] - Step 25/40 - val_loss: 1.2666 - val_accuracy: 0.6534
[2024-06-19 19:35:41,268][utils.model][INFO] - Step 26/40 - val_loss: 1.2645 - val_accuracy: 0.6562
[2024-06-19 19:35:41,287][utils.model][INFO] - Step 27/40 - val_loss: 1.2626 - val_accuracy: 0.6577
[2024-06-19 19:35:41,307][utils.model][INFO] - Step 28/40 - val_loss: 1.2622 - val_accuracy: 0.6588
[2024-06-19 19:35:41,326][utils.model][INFO] - Step 29/40 - val_loss: 1.2606 - val_accuracy: 0.6602
[2024-06-19 19:35:41,347][utils.model][INFO] - Step 30/40 - val_loss: 1.2612 - val_accuracy: 0.6616
[2024-06-19 19:35:41,369][utils.model][INFO] - Step 31/40 - val_loss: 1.2553 - val_accuracy: 0.6643
[2024-06-19 19:35:41,390][utils.model][INFO] - Step 32/40 - val_loss: 1.2508 - val_accuracy: 0.6666
[2024-06-19 19:35:41,411][utils.model][INFO] - Step 33/40 - val_loss: 1.2466 - val_accuracy: 0.6712
[2024-06-19 19:35:41,435][utils.model][INFO] - Step 34/40 - val_loss: 1.2416 - val_accuracy: 0.6737
[2024-06-19 19:35:41,455][utils.model][INFO] - Step 35/40 - val_loss: 1.2345 - val_accuracy: 0.6786
[2024-06-19 19:35:41,475][utils.model][INFO] - Step 36/40 - val_loss: 1.2318 - val_accuracy: 0.6807
[2024-06-19 19:35:41,499][utils.model][INFO] - Step 37/40 - val_loss: 1.2285 - val_accuracy: 0.6835
[2024-06-19 19:35:41,521][utils.model][INFO] - Step 38/40 - val_loss: 1.2288 - val_accuracy: 0.6832
[2024-06-19 19:35:41,540][utils.model][INFO] - Step 39/40 - val_loss: 1.2317 - val_accuracy: 0.6829
[2024-06-19 19:35:41,550][utils.model][INFO] - Step 40/40 - val_loss: 1.2291 - val_accuracy: 0.6829
[2024-06-19 19:35:41,552][utils.model][INFO] - Evaluation Results - Val Loss: 1.2291, Val Accuracy: 0.6829 in 40 steps
[2024-06-19 19:35:41,553][root][INFO] - Appended data to last row of column centralized_loss in server data for client None
[2024-06-19 19:35:41,554][root][INFO] - Appended data to last row of column centralized_acc in server data for client None
[2024-06-19 19:35:41,554][root][INFO] - Appended {'centralized_loss': 1.2291354, 'centralized_acc': 0.6829} to the last row of server data
[2024-06-19 19:35:41,554][flwr][INFO] - fit progress: (1, 1.2291354, {'accuracy': 0.6829}, 7.241273831001308)
[2024-06-19 19:35:41,554][flwr][DEBUG] - evaluate_round 1: strategy sampled 3 clients (out of 3)
[2024-06-19 19:35:42,142][flwr][DEBUG] - evaluate_round 1 received 3 results and 0 failures
[2024-06-19 19:35:42,144][root][INFO] - Added data to epoch for client 977e190a43e24a01bcb7a79a6dafee0d: {'round': 0, 'experiment_id': 'exp_20240619_193526', 'client_id': '977e190a43e24a01bcb7a79a6dafee0d', 'epoch_steps': 0, 'total_steps': 0, 'l2_norm': 0.0, 'total_computation_time': 0.0, 'total_rtc_check_time': 0.0, 'total_duration': 0.0, 'val_loss': 0.0, 'val_accuracy': 0.0}
[2024-06-19 19:35:42,144][root][INFO] - Added epoch data for client 977e190a43e24a01bcb7a79a6dafee0d: {'round': 0, 'experiment_id': 'exp_20240619_193526', 'client_id': '977e190a43e24a01bcb7a79a6dafee0d', 'epoch_steps': 0, 'total_steps': 0, 'l2_norm': 0.0, 'total_computation_time': 0.0, 'total_rtc_check_time': 0.0, 'total_duration': 0.0, 'val_loss': 0.0, 'val_accuracy': 0.0}
[2024-06-19 19:35:42,145][root][INFO] - Added data to batch for client 977e190a43e24a01bcb7a79a6dafee0d: {'round': 0, 'experiment_id': 'exp_20240619_193526', 'client_id': '977e190a43e24a01bcb7a79a6dafee0d', 'step_no': 0, 'loss': 0.0, 'accuracy': 0.0, 'l2_norm': 0.0, 'computation_time': 0.0, 'rtc_check_time': 0.0, 'batch_time': 0.0}
[2024-06-19 19:35:42,145][root][INFO] - Added batch data for client 977e190a43e24a01bcb7a79a6dafee0d: {'round': 0, 'experiment_id': 'exp_20240619_193526', 'client_id': '977e190a43e24a01bcb7a79a6dafee0d', 'step_no': 0, 'loss': 0.0, 'accuracy': 0.0, 'l2_norm': 0.0, 'computation_time': 0.0, 'rtc_check_time': 0.0, 'batch_time': 0.0}
[2024-06-19 19:35:42,145][root][INFO] - Added data to epoch for client 1: {'round': 1, 'epoch_steps': 23, 'total_steps': 23, 'l2_norm': 5.185905933380127, 'total_computation_time': 1.3118817806243896, 'total_rtc_check_time': 0.08891230600420386, 'total_duration': 1.7220561504364014, 'val_loss': 1.259035348892212, 'val_accuracy': 0.6664999723434448, 'experiment_id': 'exp_20240619_193526', 'client_id': '1'}
[2024-06-19 19:35:42,145][root][INFO] - Added epoch data for client 1: {'round': 1, 'epoch_steps': 23, 'total_steps': 23, 'l2_norm': 5.185905933380127, 'total_computation_time': 1.3118817806243896, 'total_rtc_check_time': 0.08891230600420386, 'total_duration': 1.7220561504364014, 'val_loss': 1.259035348892212, 'val_accuracy': 0.6664999723434448, 'experiment_id': 'exp_20240619_193526', 'client_id': '1'}
[2024-06-19 19:35:42,147][root][INFO] - Epoch data saved to /home/psklavos/fl/geom_aio/csv_logs/exp_20240619_193526/clients/client_1/epoch.csv
[2024-06-19 19:35:42,148][root][INFO] - Added data to batch for client 1: {'round': 1, 'step_no': 1, 'loss': 2.3087308406829834, 'accuracy': 0.0625, 'l2_norm': 0.16793861985206604, 'computation_time': 0.3296849727630615, 'batch_time': 0.347744550628704, 'rtc_check_time': 0.0024825000000419095, 'experiment_id': 'exp_20240619_193526', 'client_id': 1}
[2024-06-19 19:35:42,148][root][INFO] - Added data to batch for client 1: {'round': 1, 'step_no': 2, 'loss': 2.339632987976074, 'accuracy': 0.109375, 'l2_norm': 0.28079643845558167, 'computation_time': 0.051069021224975586, 'batch_time': 0.05603807843726827, 'rtc_check_time': 0.0032800999979372136, 'experiment_id': 'exp_20240619_193526', 'client_id': 1}
[2024-06-19 19:35:42,149][root][INFO] - Added data to batch for client 1: {'round': 1, 'step_no': 3, 'loss': 2.2564339637756348, 'accuracy': 0.1770833283662796, 'l2_norm': 0.4360019564628601, 'computation_time': 0.043595075607299805, 'batch_time': 0.046992806092021056, 'rtc_check_time': 0.002328899994608946, 'experiment_id': 'exp_20240619_193526', 'client_id': 1}
[2024-06-19 19:35:42,150][root][INFO] - Added data to batch for client 1: {'round': 1, 'step_no': 4, 'loss': 2.2886738777160645, 'accuracy': 0.1640625, 'l2_norm': 0.5378730297088623, 'computation_time': 0.04130101203918457, 'batch_time': 0.0450862957368372, 'rtc_check_time': 0.0026702000031946227, 'experiment_id': 'exp_20240619_193526', 'client_id': 1}
[2024-06-19 19:35:42,150][root][INFO] - Added data to batch for client 1: {'round': 1, 'step_no': 5, 'loss': 2.2300314903259277, 'accuracy': 0.1875, 'l2_norm': 0.6700677871704102, 'computation_time': 0.04284095764160156, 'batch_time': 0.04681769745366182, 'rtc_check_time': 0.0024418009998044, 'experiment_id': 'exp_20240619_193526', 'client_id': 1}
[2024-06-19 19:35:42,151][root][INFO] - Added data to batch for client 1: {'round': 1, 'step_no': 6, 'loss': 2.2250828742980957, 'accuracy': 0.1875, 'l2_norm': 0.8124322295188904, 'computation_time': 0.04455113410949707, 'batch_time': 0.05605135737278033, 'rtc_check_time': 0.010044201000710018, 'experiment_id': 'exp_20240619_193526', 'client_id': 1}
[2024-06-19 19:35:42,152][root][INFO] - Added data to batch for client 1: {'round': 1, 'step_no': 7, 'loss': 2.1324472427368164, 'accuracy': 0.2008928507566452, 'l2_norm': 1.0023211240768433, 'computation_time': 0.03923511505126953, 'batch_time': 0.04348827511421405, 'rtc_check_time': 0.0030923000012990087, 'experiment_id': 'exp_20240619_193526', 'client_id': 1}
[2024-06-19 19:35:42,153][root][INFO] - Added data to batch for client 1: {'round': 1, 'step_no': 8, 'loss': 2.0675554275512695, 'accuracy': 0.21875, 'l2_norm': 1.2555898427963257, 'computation_time': 0.04549694061279297, 'batch_time': 0.05046470012166537, 'rtc_check_time': 0.0032006010005716234, 'experiment_id': 'exp_20240619_193526', 'client_id': 1}
[2024-06-19 19:35:42,153][root][INFO] - Added data to batch for client 1: {'round': 1, 'step_no': 9, 'loss': 2.0568251609802246, 'accuracy': 0.21875, 'l2_norm': 1.5028716325759888, 'computation_time': 0.04253816604614258, 'batch_time': 0.04534921011509141, 'rtc_check_time': 0.001732199998514261, 'experiment_id': 'exp_20240619_193526', 'client_id': 1}
[2024-06-19 19:35:42,154][root][INFO] - Added data to batch for client 1: {'round': 1, 'step_no': 10, 'loss': 2.0727968215942383, 'accuracy': 0.22499999403953552, 'l2_norm': 1.7481292486190796, 'computation_time': 0.04060697555541992, 'batch_time': 0.04690675848542014, 'rtc_check_time': 0.005009699998481665, 'experiment_id': 'exp_20240619_193526', 'client_id': 1}
[2024-06-19 19:35:42,155][root][INFO] - Added data to batch for client 1: {'round': 1, 'step_no': 11, 'loss': 1.95115327835083, 'accuracy': 0.23579545319080353, 'l2_norm': 2.018019676208496, 'computation_time': 0.04140591621398926, 'batch_time': 0.044980204409512226, 'rtc_check_time': 0.0019291999997221865, 'experiment_id': 'exp_20240619_193526', 'client_id': 1}
[2024-06-19 19:35:42,156][root][INFO] - Added data to batch for client 1: {'round': 1, 'step_no': 12, 'loss': 2.032835006713867, 'accuracy': 0.2369791716337204, 'l2_norm': 2.190948009490967, 'computation_time': 0.04601001739501953, 'batch_time': 0.04876278313167859, 'rtc_check_time': 0.0015807000017957762, 'experiment_id': 'exp_20240619_193526', 'client_id': 1}
[2024-06-19 19:35:42,157][root][INFO] - Added data to batch for client 1: {'round': 1, 'step_no': 13, 'loss': 1.8629801273345947, 'accuracy': 0.2524038553237915, 'l2_norm': 2.4874391555786133, 'computation_time': 0.04865407943725586, 'batch_time': 0.05584797521441942, 'rtc_check_time': 0.005975100000796374, 'experiment_id': 'exp_20240619_193526', 'client_id': 1}
[2024-06-19 19:35:42,158][root][INFO] - Added data to batch for client 1: {'round': 1, 'step_no': 14, 'loss': 1.7613458633422852, 'accuracy': 0.2723214328289032, 'l2_norm': 2.807194471359253, 'computation_time': 0.04613995552062988, 'batch_time': 0.05164818951016059, 'rtc_check_time': 0.004117299999052193, 'experiment_id': 'exp_20240619_193526', 'client_id': 1}
[2024-06-19 19:35:42,159][root][INFO] - Added data to batch for client 1: {'round': 1, 'step_no': 15, 'loss': 1.6860980987548828, 'accuracy': 0.2874999940395355, 'l2_norm': 3.0809361934661865, 'computation_time': 0.04268503189086914, 'batch_time': 0.04897616644302616, 'rtc_check_time': 0.0051112010041833855, 'experiment_id': 'exp_20240619_193526', 'client_id': 1}
[2024-06-19 19:35:42,160][root][INFO] - Added data to batch for client 1: {'round': 1, 'step_no': 16, 'loss': 1.555109977722168, 'accuracy': 0.306640625, 'l2_norm': 3.3177359104156494, 'computation_time': 0.04220414161682129, 'batch_time': 0.0465174384880811, 'rtc_check_time': 0.002844400005415082, 'experiment_id': 'exp_20240619_193526', 'client_id': 1}
[2024-06-19 19:35:42,160][root][INFO] - Added data to batch for client 1: {'round': 1, 'step_no': 17, 'loss': 1.7270686626434326, 'accuracy': 0.30882352590560913, 'l2_norm': 3.538745880126953, 'computation_time': 0.044300079345703125, 'batch_time': 0.0495362694200594, 'rtc_check_time': 0.003980200999649242, 'experiment_id': 'exp_20240619_193526', 'client_id': 1}
[2024-06-19 19:35:42,161][root][INFO] - Added data to batch for client 1: {'round': 1, 'step_no': 18, 'loss': 1.4271399974822998, 'accuracy': 0.3263888955116272, 'l2_norm': 3.8199939727783203, 'computation_time': 0.04661703109741211, 'batch_time': 0.04969201960921055, 'rtc_check_time': 0.0018158999955630861, 'experiment_id': 'exp_20240619_193526', 'client_id': 1}
[2024-06-19 19:35:42,162][root][INFO] - Added data to batch for client 1: {'round': 1, 'step_no': 19, 'loss': 1.3514034748077393, 'accuracy': 0.3371710479259491, 'l2_norm': 4.093465328216553, 'computation_time': 0.053510189056396484, 'batch_time': 0.058392253653437365, 'rtc_check_time': 0.0026364000004832633, 'experiment_id': 'exp_20240619_193526', 'client_id': 1}
[2024-06-19 19:35:42,163][root][INFO] - Added data to batch for client 1: {'round': 1, 'step_no': 20, 'loss': 1.2558515071868896, 'accuracy': 0.35468751192092896, 'l2_norm': 4.405770301818848, 'computation_time': 0.04140806198120117, 'batch_time': 0.04529254088993184, 'rtc_check_time': 0.002358600002480671, 'experiment_id': 'exp_20240619_193526', 'client_id': 1}
[2024-06-19 19:35:42,163][root][INFO] - Added data to batch for client 1: {'round': 1, 'step_no': 21, 'loss': 1.15764319896698, 'accuracy': 0.375, 'l2_norm': 4.68634557723999, 'computation_time': 0.04117584228515625, 'batch_time': 0.04417395807831781, 'rtc_check_time': 0.0019331000003148802, 'experiment_id': 'exp_20240619_193526', 'client_id': 1}
[2024-06-19 19:35:42,164][root][INFO] - Added data to batch for client 1: {'round': 1, 'step_no': 22, 'loss': 1.4628409147262573, 'accuracy': 0.38210228085517883, 'l2_norm': 4.899277210235596, 'computation_time': 0.044111013412475586, 'batch_time': 0.06175356209860183, 'rtc_check_time': 0.01645570099935867, 'experiment_id': 'exp_20240619_193526', 'client_id': 1}
[2024-06-19 19:35:42,165][root][INFO] - Added data to batch for client 1: {'round': 1, 'step_no': 23, 'loss': 1.2050830125808716, 'accuracy': 0.39402174949645996, 'l2_norm': 5.185905933380127, 'computation_time': 0.052741050720214844, 'batch_time': 0.05591002063010819, 'rtc_check_time': 0.00189200000022538, 'experiment_id': 'exp_20240619_193526', 'client_id': 1}
[2024-06-19 19:35:42,165][root][INFO] - Added batch data list for client 1. New Data Added: 23
[2024-06-19 19:35:42,166][root][INFO] - Batch data saved to /home/psklavos/fl/geom_aio/csv_logs/exp_20240619_193526/clients/client_1/batch.csv
[2024-06-19 19:35:42,167][root][INFO] - Added data to epoch for client 14616c606e2b4cf78dd4e6579768bf93: {'round': 0, 'experiment_id': 'exp_20240619_193526', 'client_id': '14616c606e2b4cf78dd4e6579768bf93', 'epoch_steps': 0, 'total_steps': 0, 'l2_norm': 0.0, 'total_computation_time': 0.0, 'total_rtc_check_time': 0.0, 'total_duration': 0.0, 'val_loss': 0.0, 'val_accuracy': 0.0}
[2024-06-19 19:35:42,167][root][INFO] - Added epoch data for client 14616c606e2b4cf78dd4e6579768bf93: {'round': 0, 'experiment_id': 'exp_20240619_193526', 'client_id': '14616c606e2b4cf78dd4e6579768bf93', 'epoch_steps': 0, 'total_steps': 0, 'l2_norm': 0.0, 'total_computation_time': 0.0, 'total_rtc_check_time': 0.0, 'total_duration': 0.0, 'val_loss': 0.0, 'val_accuracy': 0.0}
[2024-06-19 19:35:42,168][root][INFO] - Added data to batch for client 14616c606e2b4cf78dd4e6579768bf93: {'round': 0, 'experiment_id': 'exp_20240619_193526', 'client_id': '14616c606e2b4cf78dd4e6579768bf93', 'step_no': 0, 'loss': 0.0, 'accuracy': 0.0, 'l2_norm': 0.0, 'computation_time': 0.0, 'rtc_check_time': 0.0, 'batch_time': 0.0}
[2024-06-19 19:35:42,169][root][INFO] - Added batch data for client 14616c606e2b4cf78dd4e6579768bf93: {'round': 0, 'experiment_id': 'exp_20240619_193526', 'client_id': '14616c606e2b4cf78dd4e6579768bf93', 'step_no': 0, 'loss': 0.0, 'accuracy': 0.0, 'l2_norm': 0.0, 'computation_time': 0.0, 'rtc_check_time': 0.0, 'batch_time': 0.0}
[2024-06-19 19:35:42,170][root][INFO] - Added data to epoch for client 2: {'round': 1, 'epoch_steps': 23, 'total_steps': 23, 'l2_norm': 5.089463710784912, 'total_computation_time': 1.3069860935211182, 'total_rtc_check_time': 0.09237050697993254, 'total_duration': 1.7265679836273193, 'val_loss': 1.25362229347229, 'val_accuracy': 0.6815000176429749, 'experiment_id': 'exp_20240619_193526', 'client_id': '2'}
[2024-06-19 19:35:42,170][root][INFO] - Added epoch data for client 2: {'round': 1, 'epoch_steps': 23, 'total_steps': 23, 'l2_norm': 5.089463710784912, 'total_computation_time': 1.3069860935211182, 'total_rtc_check_time': 0.09237050697993254, 'total_duration': 1.7265679836273193, 'val_loss': 1.25362229347229, 'val_accuracy': 0.6815000176429749, 'experiment_id': 'exp_20240619_193526', 'client_id': '2'}
[2024-06-19 19:35:42,172][root][INFO] - Epoch data saved to /home/psklavos/fl/geom_aio/csv_logs/exp_20240619_193526/clients/client_2/epoch.csv
[2024-06-19 19:35:42,173][root][INFO] - Added data to batch for client 2: {'round': 1, 'step_no': 1, 'loss': 2.31126070022583, 'accuracy': 0.09375, 'l2_norm': 0.18329757452011108, 'computation_time': 0.3213539123535156, 'batch_time': 0.345140888246533, 'rtc_check_time': 0.008278800996777136, 'experiment_id': 'exp_20240619_193526', 'client_id': 2}
[2024-06-19 19:35:42,175][root][INFO] - Added data to batch for client 2: {'round': 1, 'step_no': 2, 'loss': 2.3169522285461426, 'accuracy': 0.140625, 'l2_norm': 0.2997225224971771, 'computation_time': 0.05083203315734863, 'batch_time': 0.05589474392036209, 'rtc_check_time': 0.0039697999964118935, 'experiment_id': 'exp_20240619_193526', 'client_id': 2}
[2024-06-19 19:35:42,176][root][INFO] - Added data to batch for client 2: {'round': 1, 'step_no': 3, 'loss': 2.300365924835205, 'accuracy': 0.1354166716337204, 'l2_norm': 0.41895803809165955, 'computation_time': 0.04377889633178711, 'batch_time': 0.04677452337637078, 'rtc_check_time': 0.0019503999938024208, 'experiment_id': 'exp_20240619_193526', 'client_id': 2}
[2024-06-19 19:35:42,176][root][INFO] - Added data to batch for client 2: {'round': 1, 'step_no': 4, 'loss': 2.239297866821289, 'accuracy': 0.1796875, 'l2_norm': 0.5714514851570129, 'computation_time': 0.042018890380859375, 'batch_time': 0.045081401884090155, 'rtc_check_time': 0.001888300001155585, 'experiment_id': 'exp_20240619_193526', 'client_id': 2}
[2024-06-19 19:35:42,177][root][INFO] - Added data to batch for client 2: {'round': 1, 'step_no': 5, 'loss': 2.2264857292175293, 'accuracy': 0.18125000596046448, 'l2_norm': 0.6978384852409363, 'computation_time': 0.04363703727722168, 'batch_time': 0.04682012362172827, 'rtc_check_time': 0.0016131000011228025, 'experiment_id': 'exp_20240619_193526', 'client_id': 2}
[2024-06-19 19:35:42,178][root][INFO] - Added data to batch for client 2: {'round': 1, 'step_no': 6, 'loss': 2.1695396900177, 'accuracy': 0.203125, 'l2_norm': 0.8954863548278809, 'computation_time': 0.05347084999084473, 'batch_time': 0.05614983991836198, 'rtc_check_time': 0.0015558000013697892, 'experiment_id': 'exp_20240619_193526', 'client_id': 2}
[2024-06-19 19:35:42,179][root][INFO] - Added data to batch for client 2: {'round': 1, 'step_no': 7, 'loss': 2.156346559524536, 'accuracy': 0.2053571492433548, 'l2_norm': 1.0993081331253052, 'computation_time': 0.04019498825073242, 'batch_time': 0.042947908863425255, 'rtc_check_time': 0.0015438999980688095, 'experiment_id': 'exp_20240619_193526', 'client_id': 2}
[2024-06-19 19:35:42,179][root][INFO] - Added data to batch for client 2: {'round': 1, 'step_no': 8, 'loss': 2.077779531478882, 'accuracy': 0.234375, 'l2_norm': 1.3357868194580078, 'computation_time': 0.03878903388977051, 'batch_time': 0.050983356704819016, 'rtc_check_time': 0.011157201995956711, 'experiment_id': 'exp_20240619_193526', 'client_id': 2}
[2024-06-19 19:35:42,180][root][INFO] - Added data to batch for client 2: {'round': 1, 'step_no': 9, 'loss': 1.9917445182800293, 'accuracy': 0.2534722089767456, 'l2_norm': 1.588516116142273, 'computation_time': 0.04252314567565918, 'batch_time': 0.04591596258251229, 'rtc_check_time': 0.0023339999970630743, 'experiment_id': 'exp_20240619_193526', 'client_id': 2}
[2024-06-19 19:35:42,181][root][INFO] - Added data to batch for client 2: {'round': 1, 'step_no': 10, 'loss': 2.1016674041748047, 'accuracy': 0.24687500298023224, 'l2_norm': 1.847537875175476, 'computation_time': 0.04192304611206055, 'batch_time': 0.04653399268863723, 'rtc_check_time': 0.003417900006752461, 'experiment_id': 'exp_20240619_193526', 'client_id': 2}
[2024-06-19 19:35:42,182][root][INFO] - Added data to batch for client 2: {'round': 1, 'step_no': 11, 'loss': 1.9642634391784668, 'accuracy': 0.25284090638160706, 'l2_norm': 2.0383248329162598, 'computation_time': 0.03777289390563965, 'batch_time': 0.04522305601858534, 'rtc_check_time': 0.006386099994415417, 'experiment_id': 'exp_20240619_193526', 'client_id': 2}
[2024-06-19 19:35:42,183][root][INFO] - Added data to batch for client 2: {'round': 1, 'step_no': 12, 'loss': 1.8107551336288452, 'accuracy': 0.2734375, 'l2_norm': 2.3327574729919434, 'computation_time': 0.0416569709777832, 'batch_time': 0.049355540235410444, 'rtc_check_time': 0.006668600995908491, 'experiment_id': 'exp_20240619_193526', 'client_id': 2}
[2024-06-19 19:35:42,185][root][INFO] - Added data to batch for client 2: {'round': 1, 'step_no': 13, 'loss': 1.7564226388931274, 'accuracy': 0.28125, 'l2_norm': 2.623039484024048, 'computation_time': 0.05180096626281738, 'batch_time': 0.05573726441798499, 'rtc_check_time': 0.0023891999953775667, 'experiment_id': 'exp_20240619_193526', 'client_id': 2}
[2024-06-19 19:35:42,186][root][INFO] - Added data to batch for client 2: {'round': 1, 'step_no': 14, 'loss': 1.6424609422683716, 'accuracy': 0.3058035671710968, 'l2_norm': 2.948075771331787, 'computation_time': 0.04597783088684082, 'batch_time': 0.05163963484665146, 'rtc_check_time': 0.0035065000047325157, 'experiment_id': 'exp_20240619_193526', 'client_id': 2}
[2024-06-19 19:35:42,187][root][INFO] - Added data to batch for client 2: {'round': 1, 'step_no': 15, 'loss': 1.7433950901031494, 'accuracy': 0.3125, 'l2_norm': 3.1144866943359375, 'computation_time': 0.04540896415710449, 'batch_time': 0.048784619611979, 'rtc_check_time': 0.0017196000044350512, 'experiment_id': 'exp_20240619_193526', 'client_id': 2}
[2024-06-19 19:35:42,188][root][INFO] - Added data to batch for client 2: {'round': 1, 'step_no': 16, 'loss': 1.8025140762329102, 'accuracy': 0.318359375, 'l2_norm': 3.303546905517578, 'computation_time': 0.0429079532623291, 'batch_time': 0.04633257496607257, 'rtc_check_time': 0.0019654999996419065, 'experiment_id': 'exp_20240619_193526', 'client_id': 2}
[2024-06-19 19:35:42,189][root][INFO] - Added data to batch for client 2: {'round': 1, 'step_no': 17, 'loss': 1.4810492992401123, 'accuracy': 0.3345588147640228, 'l2_norm': 3.5891003608703613, 'computation_time': 0.044304847717285156, 'batch_time': 0.049225630529690534, 'rtc_check_time': 0.0036245009978301823, 'experiment_id': 'exp_20240619_193526', 'client_id': 2}
[2024-06-19 19:35:42,189][root][INFO] - Added data to batch for client 2: {'round': 1, 'step_no': 18, 'loss': 1.5913405418395996, 'accuracy': 0.3385416567325592, 'l2_norm': 3.836699962615967, 'computation_time': 0.04164600372314453, 'batch_time': 0.050083861460734624, 'rtc_check_time': 0.007306799998332281, 'experiment_id': 'exp_20240619_193526', 'client_id': 2}
[2024-06-19 19:35:42,190][root][INFO] - Added data to batch for client 2: {'round': 1, 'step_no': 19, 'loss': 1.2938556671142578, 'accuracy': 0.3569079041481018, 'l2_norm': 4.100889205932617, 'computation_time': 0.054251909255981445, 'batch_time': 0.058047468883160036, 'rtc_check_time': 0.00203460000193445, 'experiment_id': 'exp_20240619_193526', 'client_id': 2}
[2024-06-19 19:35:42,191][root][INFO] - Added data to batch for client 2: {'round': 1, 'step_no': 20, 'loss': 1.3913004398345947, 'accuracy': 0.36406248807907104, 'l2_norm': 4.305646896362305, 'computation_time': 0.041589975357055664, 'batch_time': 0.04587812859972473, 'rtc_check_time': 0.0028759999986505136, 'experiment_id': 'exp_20240619_193526', 'client_id': 2}
[2024-06-19 19:35:42,192][root][INFO] - Added data to batch for client 2: {'round': 1, 'step_no': 21, 'loss': 1.5208704471588135, 'accuracy': 0.3645833432674408, 'l2_norm': 4.523955821990967, 'computation_time': 0.04146099090576172, 'batch_time': 0.04426494176732376, 'rtc_check_time': 0.0017201000009663403, 'experiment_id': 'exp_20240619_193526', 'client_id': 2}
[2024-06-19 19:35:42,193][root][INFO] - Added data to batch for client 2: {'round': 1, 'step_no': 22, 'loss': 1.1744810342788696, 'accuracy': 0.3863636255264282, 'l2_norm': 4.80503511428833, 'computation_time': 0.05756092071533203, 'batch_time': 0.06085194386105286, 'rtc_check_time': 0.0014129999981378205, 'experiment_id': 'exp_20240619_193526', 'client_id': 2}
[2024-06-19 19:35:42,193][root][INFO] - Added data to batch for client 2: {'round': 1, 'step_no': 23, 'loss': 1.2495553493499756, 'accuracy': 0.39673912525177, 'l2_norm': 5.089463710784912, 'computation_time': 0.042124032974243164, 'batch_time': 0.05630279327306198, 'rtc_check_time': 0.013050802001089323, 'experiment_id': 'exp_20240619_193526', 'client_id': 2}
[2024-06-19 19:35:42,193][root][INFO] - Added batch data list for client 2. New Data Added: 23
[2024-06-19 19:35:42,194][root][INFO] - Batch data saved to /home/psklavos/fl/geom_aio/csv_logs/exp_20240619_193526/clients/client_2/batch.csv
[2024-06-19 19:35:42,195][root][INFO] - Added data to epoch for client d6a8084563c84fc8beab007db722eebe: {'round': 0, 'experiment_id': 'exp_20240619_193526', 'client_id': 'd6a8084563c84fc8beab007db722eebe', 'epoch_steps': 0, 'total_steps': 0, 'l2_norm': 0.0, 'total_computation_time': 0.0, 'total_rtc_check_time': 0.0, 'total_duration': 0.0, 'val_loss': 0.0, 'val_accuracy': 0.0}
[2024-06-19 19:35:42,195][root][INFO] - Added epoch data for client d6a8084563c84fc8beab007db722eebe: {'round': 0, 'experiment_id': 'exp_20240619_193526', 'client_id': 'd6a8084563c84fc8beab007db722eebe', 'epoch_steps': 0, 'total_steps': 0, 'l2_norm': 0.0, 'total_computation_time': 0.0, 'total_rtc_check_time': 0.0, 'total_duration': 0.0, 'val_loss': 0.0, 'val_accuracy': 0.0}
[2024-06-19 19:35:42,197][root][INFO] - Added data to batch for client d6a8084563c84fc8beab007db722eebe: {'round': 0, 'experiment_id': 'exp_20240619_193526', 'client_id': 'd6a8084563c84fc8beab007db722eebe', 'step_no': 0, 'loss': 0.0, 'accuracy': 0.0, 'l2_norm': 0.0, 'computation_time': 0.0, 'rtc_check_time': 0.0, 'batch_time': 0.0}
[2024-06-19 19:35:42,197][root][INFO] - Added batch data for client d6a8084563c84fc8beab007db722eebe: {'round': 0, 'experiment_id': 'exp_20240619_193526', 'client_id': 'd6a8084563c84fc8beab007db722eebe', 'step_no': 0, 'loss': 0.0, 'accuracy': 0.0, 'l2_norm': 0.0, 'computation_time': 0.0, 'rtc_check_time': 0.0, 'batch_time': 0.0}
[2024-06-19 19:35:42,198][root][INFO] - Added data to epoch for client 0: {'round': 1, 'epoch_steps': 23, 'total_steps': 23, 'l2_norm': 4.768839359283447, 'total_computation_time': 1.308762788772583, 'total_rtc_check_time': 0.08203420697827823, 'total_duration': 1.7176949977874756, 'val_loss': 1.24711275100708, 'val_accuracy': 0.6704999804496765, 'experiment_id': 'exp_20240619_193526', 'client_id': '0'}
[2024-06-19 19:35:42,198][root][INFO] - Added epoch data for client 0: {'round': 1, 'epoch_steps': 23, 'total_steps': 23, 'l2_norm': 4.768839359283447, 'total_computation_time': 1.308762788772583, 'total_rtc_check_time': 0.08203420697827823, 'total_duration': 1.7176949977874756, 'val_loss': 1.24711275100708, 'val_accuracy': 0.6704999804496765, 'experiment_id': 'exp_20240619_193526', 'client_id': '0'}
[2024-06-19 19:35:42,199][root][INFO] - Epoch data saved to /home/psklavos/fl/geom_aio/csv_logs/exp_20240619_193526/clients/client_0/epoch.csv
[2024-06-19 19:35:42,200][root][INFO] - Added data to batch for client 0: {'round': 1, 'step_no': 1, 'loss': 2.3223445415496826, 'accuracy': 0.09375, 'l2_norm': 0.16137054562568665, 'computation_time': 0.3221008777618408, 'batch_time': 0.34086898363602813, 'rtc_check_time': 0.003303799996501766, 'experiment_id': 'exp_20240619_193526', 'client_id': 0}
[2024-06-19 19:35:42,201][root][INFO] - Added data to batch for client 0: {'round': 1, 'step_no': 2, 'loss': 2.309549570083618, 'accuracy': 0.0625, 'l2_norm': 0.28652632236480713, 'computation_time': 0.0524599552154541, 'batch_time': 0.05556643244199222, 'rtc_check_time': 0.001571299995703157, 'experiment_id': 'exp_20240619_193526', 'client_id': 0}
[2024-06-19 19:35:42,202][root][INFO] - Added data to batch for client 0: {'round': 1, 'step_no': 3, 'loss': 2.286309242248535, 'accuracy': 0.1041666641831398, 'l2_norm': 0.39531099796295166, 'computation_time': 0.04343700408935547, 'batch_time': 0.046966754394816235, 'rtc_check_time': 0.0024428000033367425, 'experiment_id': 'exp_20240619_193526', 'client_id': 0}
[2024-06-19 19:35:42,203][root][INFO] - Added data to batch for client 0: {'round': 1, 'step_no': 4, 'loss': 2.262544631958008, 'accuracy': 0.125, 'l2_norm': 0.5072698593139648, 'computation_time': 0.041149139404296875, 'batch_time': 0.04519540616456652, 'rtc_check_time': 0.0029225999969639815, 'experiment_id': 'exp_20240619_193526', 'client_id': 0}
[2024-06-19 19:35:42,203][root][INFO] - Added data to batch for client 0: {'round': 1, 'step_no': 5, 'loss': 2.2559900283813477, 'accuracy': 0.13124999403953552, 'l2_norm': 0.6142667531967163, 'computation_time': 0.04132485389709473, 'batch_time': 0.04661676704563433, 'rtc_check_time': 0.004078600999491755, 'experiment_id': 'exp_20240619_193526', 'client_id': 0}
[2024-06-19 19:35:42,204][root][INFO] - Added data to batch for client 0: {'round': 1, 'step_no': 6, 'loss': 2.199019193649292, 'accuracy': 0.1458333283662796, 'l2_norm': 0.765956461429596, 'computation_time': 0.05006098747253418, 'batch_time': 0.05637980470783077, 'rtc_check_time': 0.004834899998968467, 'experiment_id': 'exp_20240619_193526', 'client_id': 0}
[2024-06-19 19:35:42,205][root][INFO] - Added data to batch for client 0: {'round': 1, 'step_no': 7, 'loss': 2.193768262863159, 'accuracy': 0.1517857164144516, 'l2_norm': 0.9147563576698303, 'computation_time': 0.038336992263793945, 'batch_time': 0.04233972581278067, 'rtc_check_time': 0.0028228000010130927, 'experiment_id': 'exp_20240619_193526', 'client_id': 0}
[2024-06-19 19:35:42,205][root][INFO] - Added data to batch for client 0: {'round': 1, 'step_no': 8, 'loss': 2.119131565093994, 'accuracy': 0.18359375, 'l2_norm': 1.0946730375289917, 'computation_time': 0.047200918197631836, 'batch_time': 0.05071350542129949, 'rtc_check_time': 0.0017285009962506592, 'experiment_id': 'exp_20240619_193526', 'client_id': 0}
[2024-06-19 19:35:42,206][root][INFO] - Added data to batch for client 0: {'round': 1, 'step_no': 9, 'loss': 2.1033377647399902, 'accuracy': 0.2083333283662796, 'l2_norm': 1.2886254787445068, 'computation_time': 0.039528846740722656, 'batch_time': 0.04541297286050394, 'rtc_check_time': 0.004145101003814489, 'experiment_id': 'exp_20240619_193526', 'client_id': 0}
[2024-06-19 19:35:42,207][root][INFO] - Added data to batch for client 0: {'round': 1, 'step_no': 10, 'loss': 2.055605411529541, 'accuracy': 0.20937499403953552, 'l2_norm': 1.5080357789993286, 'computation_time': 0.043810129165649414, 'batch_time': 0.04662679163448047, 'rtc_check_time': 0.0015837999962968752, 'experiment_id': 'exp_20240619_193526', 'client_id': 0}
[2024-06-19 19:35:42,208][root][INFO] - Added data to batch for client 0: {'round': 1, 'step_no': 11, 'loss': 2.026541233062744, 'accuracy': 0.2244318127632141, 'l2_norm': 1.760030746459961, 'computation_time': 0.04117083549499512, 'batch_time': 0.04515771790465806, 'rtc_check_time': 0.0021389000030467287, 'experiment_id': 'exp_20240619_193526', 'client_id': 0}
[2024-06-19 19:35:42,208][root][INFO] - Added data to batch for client 0: {'round': 1, 'step_no': 12, 'loss': 1.977196216583252, 'accuracy': 0.2395833283662796, 'l2_norm': 1.9698208570480347, 'computation_time': 0.04059910774230957, 'batch_time': 0.04847860592417419, 'rtc_check_time': 0.006796600995585322, 'experiment_id': 'exp_20240619_193526', 'client_id': 0}
[2024-06-19 19:35:42,210][root][INFO] - Added data to batch for client 0: {'round': 1, 'step_no': 13, 'loss': 1.8666329383850098, 'accuracy': 0.25, 'l2_norm': 2.2373995780944824, 'computation_time': 0.052474021911621094, 'batch_time': 0.05566344341787044, 'rtc_check_time': 0.0015584000066155568, 'experiment_id': 'exp_20240619_193526', 'client_id': 0}
[2024-06-19 19:35:42,211][root][INFO] - Added data to batch for client 0: {'round': 1, 'step_no': 14, 'loss': 1.802545428276062, 'accuracy': 0.2633928656578064, 'l2_norm': 2.5511250495910645, 'computation_time': 0.04790997505187988, 'batch_time': 0.051722025804338045, 'rtc_check_time': 0.0017030000017257407, 'experiment_id': 'exp_20240619_193526', 'client_id': 0}
[2024-06-19 19:35:42,211][root][INFO] - Added data to batch for client 0: {'round': 1, 'step_no': 15, 'loss': 1.5777695178985596, 'accuracy': 0.28333333134651184, 'l2_norm': 2.836207628250122, 'computation_time': 0.04233193397521973, 'batch_time': 0.049042357997677755, 'rtc_check_time': 0.005429400996945333, 'experiment_id': 'exp_20240619_193526', 'client_id': 0}
[2024-06-19 19:35:42,212][root][INFO] - Added data to batch for client 0: {'round': 1, 'step_no': 16, 'loss': 1.880704402923584, 'accuracy': 0.28125, 'l2_norm': 2.9355087280273438, 'computation_time': 0.04237103462219238, 'batch_time': 0.04610614747798536, 'rtc_check_time': 0.002184199998737313, 'experiment_id': 'exp_20240619_193526', 'client_id': 0}
[2024-06-19 19:35:42,213][root][INFO] - Added data to batch for client 0: {'round': 1, 'step_no': 17, 'loss': 1.6621098518371582, 'accuracy': 0.2959558963775635, 'l2_norm': 3.2089321613311768, 'computation_time': 0.04641389846801758, 'batch_time': 0.04916349024279043, 'rtc_check_time': 0.0015512999962083995, 'experiment_id': 'exp_20240619_193526', 'client_id': 0}
[2024-06-19 19:35:42,214][root][INFO] - Added data to batch for client 0: {'round': 1, 'step_no': 18, 'loss': 1.540071725845337, 'accuracy': 0.3072916567325592, 'l2_norm': 3.4874281883239746, 'computation_time': 0.04197502136230469, 'batch_time': 0.05029778030439047, 'rtc_check_time': 0.0071556999973836355, 'experiment_id': 'exp_20240619_193526', 'client_id': 0}
[2024-06-19 19:35:42,214][root][INFO] - Added data to batch for client 0: {'round': 1, 'step_no': 19, 'loss': 1.5584020614624023, 'accuracy': 0.31578946113586426, 'l2_norm': 3.700819253921509, 'computation_time': 0.04741311073303223, 'batch_time': 0.05812178240012145, 'rtc_check_time': 0.009606700994481798, 'experiment_id': 'exp_20240619_193526', 'client_id': 0}
[2024-06-19 19:35:42,215][root][INFO] - Added data to batch for client 0: {'round': 1, 'step_no': 20, 'loss': 1.4768860340118408, 'accuracy': 0.33125001192092896, 'l2_norm': 3.9030888080596924, 'computation_time': 0.04133796691894531, 'batch_time': 0.04545630473148776, 'rtc_check_time': 0.002791300001263153, 'experiment_id': 'exp_20240619_193526', 'client_id': 0}
[2024-06-19 19:35:42,216][root][INFO] - Added data to batch for client 0: {'round': 1, 'step_no': 21, 'loss': 1.2608935832977295, 'accuracy': 0.3452380895614624, 'l2_norm': 4.184701442718506, 'computation_time': 0.04073500633239746, 'batch_time': 0.04423976407269947, 'rtc_check_time': 0.002373700001044199, 'experiment_id': 'exp_20240619_193526', 'client_id': 0}
[2024-06-19 19:35:42,217][root][INFO] - Added data to batch for client 0: {'round': 1, 'step_no': 22, 'loss': 1.380882740020752, 'accuracy': 0.3607954680919647, 'l2_norm': 4.469624042510986, 'computation_time': 0.05699300765991211, 'batch_time': 0.06147496707853861, 'rtc_check_time': 0.002549099997850135, 'experiment_id': 'exp_20240619_193526', 'client_id': 0}
[2024-06-19 19:35:42,218][root][INFO] - Added data to batch for client 0: {'round': 1, 'step_no': 23, 'loss': 1.2601957321166992, 'accuracy': 0.375, 'l2_norm': 4.768839359283447, 'computation_time': 0.047628164291381836, 'batch_time': 0.05632487047842005, 'rtc_check_time': 0.0067617009990499355, 'experiment_id': 'exp_20240619_193526', 'client_id': 0}
[2024-06-19 19:35:42,218][root][INFO] - Added batch data list for client 0. New Data Added: 23
[2024-06-19 19:35:42,219][root][INFO] - Batch data saved to /home/psklavos/fl/geom_aio/csv_logs/exp_20240619_193526/clients/client_0/batch.csv
[2024-06-19 19:35:42,219][root][INFO] - Appended data to last row of column distributed_loss in server data for client None
[2024-06-19 19:35:42,219][root][INFO] - Appended data to last row of column distributed_acc in server data for client None
[2024-06-19 19:35:42,219][root][INFO] - Appended {'distributed_loss': 1.2532567977905273, 'distributed_acc': 0.6728333234786987} to the last row of server data
[2024-06-19 19:35:42,220][root][INFO] - Server data saved to /home/psklavos/fl/geom_aio/csv_logs/exp_20240619_193526/server/server.csv
[2024-06-19 19:35:46,634][flwr][DEBUG] - fit_round 2: strategy sampled 3 clients (out of 3)
[2024-06-19 19:35:51,045][flwr][DEBUG] - fit_round 2 received 3 results and 0 failures
[2024-06-19 19:35:51,050][root][INFO] - Added data to server for client None: {'round': 2, 'average_norm': 5.068334420522054, 'round_time': 5.865897292892212, 'average_downlink_time': 0.7907028973333334, 'average_rtc_check_time': 0.3182246866902763, 'average_uplink_time': 0.5791610963333333, 'average_computation_time': 3.795105298360189, 'average_communication_time': 1.688088680356943, 'average_fit_time': 4.392867962519328, 'average_throughput': 3.8746694150314904, 'dropouts': 0, 'experiment_id': 'exp_20240619_193526'}
[2024-06-19 19:35:51,050][root][INFO] - Added server data: {'round': 2, 'average_norm': 5.068334420522054, 'round_time': 5.865897292892212, 'average_downlink_time': 0.7907028973333334, 'average_rtc_check_time': 0.3182246866902763, 'average_uplink_time': 0.5791610963333333, 'average_computation_time': 3.795105298360189, 'average_communication_time': 1.688088680356943, 'average_fit_time': 4.392867962519328, 'average_throughput': 3.8746694150314904, 'dropouts': 0, 'experiment_id': 'exp_20240619_193526'}
[2024-06-19 19:35:51,108][utils.model][INFO] - LeNet model built
[2024-06-19 19:35:51,235][utils.model][INFO] - Size of serialized model: 279.0341796875 kbytes
[2024-06-19 19:35:51,268][utils.model][INFO] - Step 1/40 - val_loss: 0.4041 - val_accuracy: 0.8594
[2024-06-19 19:35:51,288][utils.model][INFO] - Step 2/40 - val_loss: 0.4467 - val_accuracy: 0.8438
[2024-06-19 19:35:51,309][utils.model][INFO] - Step 3/40 - val_loss: 0.4671 - val_accuracy: 0.8359
[2024-06-19 19:35:51,328][utils.model][INFO] - Step 4/40 - val_loss: 0.4443 - val_accuracy: 0.8506
[2024-06-19 19:35:51,348][utils.model][INFO] - Step 5/40 - val_loss: 0.4736 - val_accuracy: 0.8391
[2024-06-19 19:35:51,369][utils.model][INFO] - Step 6/40 - val_loss: 0.4805 - val_accuracy: 0.8398
[2024-06-19 19:35:51,391][utils.model][INFO] - Step 7/40 - val_loss: 0.4910 - val_accuracy: 0.8426
[2024-06-19 19:35:51,411][utils.model][INFO] - Step 8/40 - val_loss: 0.4874 - val_accuracy: 0.8472
[2024-06-19 19:35:51,432][utils.model][INFO] - Step 9/40 - val_loss: 0.4978 - val_accuracy: 0.8455
[2024-06-19 19:35:51,454][utils.model][INFO] - Step 10/40 - val_loss: 0.4912 - val_accuracy: 0.8457
[2024-06-19 19:35:51,478][utils.model][INFO] - Step 11/40 - val_loss: 0.4879 - val_accuracy: 0.8487
[2024-06-19 19:35:51,503][utils.model][INFO] - Step 12/40 - val_loss: 0.4811 - val_accuracy: 0.8496
[2024-06-19 19:35:51,529][utils.model][INFO] - Step 13/40 - val_loss: 0.4783 - val_accuracy: 0.8501
[2024-06-19 19:35:51,552][utils.model][INFO] - Step 14/40 - val_loss: 0.4760 - val_accuracy: 0.8496
[2024-06-19 19:35:51,579][utils.model][INFO] - Step 15/40 - val_loss: 0.4809 - val_accuracy: 0.8503
[2024-06-19 19:35:51,604][utils.model][INFO] - Step 16/40 - val_loss: 0.4848 - val_accuracy: 0.8489
[2024-06-19 19:35:51,624][utils.model][INFO] - Step 17/40 - val_loss: 0.4901 - val_accuracy: 0.8451
[2024-06-19 19:35:51,641][utils.model][INFO] - Step 18/40 - val_loss: 0.4922 - val_accuracy: 0.8431
[2024-06-19 19:35:51,659][utils.model][INFO] - Step 19/40 - val_loss: 0.4903 - val_accuracy: 0.8431
[2024-06-19 19:35:51,677][utils.model][INFO] - Step 20/40 - val_loss: 0.4881 - val_accuracy: 0.8436
[2024-06-19 19:35:51,695][utils.model][INFO] - Step 21/40 - val_loss: 0.4766 - val_accuracy: 0.8477
[2024-06-19 19:35:51,714][utils.model][INFO] - Step 22/40 - val_loss: 0.4638 - val_accuracy: 0.8530
[2024-06-19 19:35:51,734][utils.model][INFO] - Step 23/40 - val_loss: 0.4592 - val_accuracy: 0.8538
[2024-06-19 19:35:51,756][utils.model][INFO] - Step 24/40 - val_loss: 0.4603 - val_accuracy: 0.8535
[2024-06-19 19:35:51,776][utils.model][INFO] - Step 25/40 - val_loss: 0.4526 - val_accuracy: 0.8569
[2024-06-19 19:35:51,797][utils.model][INFO] - Step 26/40 - val_loss: 0.4537 - val_accuracy: 0.8562
[2024-06-19 19:35:51,819][utils.model][INFO] - Step 27/40 - val_loss: 0.4519 - val_accuracy: 0.8573
[2024-06-19 19:35:51,838][utils.model][INFO] - Step 28/40 - val_loss: 0.4430 - val_accuracy: 0.8604
[2024-06-19 19:35:51,861][utils.model][INFO] - Step 29/40 - val_loss: 0.4356 - val_accuracy: 0.8640
[2024-06-19 19:35:51,881][utils.model][INFO] - Step 30/40 - val_loss: 0.4345 - val_accuracy: 0.8637
[2024-06-19 19:35:51,902][utils.model][INFO] - Step 31/40 - val_loss: 0.4351 - val_accuracy: 0.8638
[2024-06-19 19:35:51,921][utils.model][INFO] - Step 32/40 - val_loss: 0.4282 - val_accuracy: 0.8657
[2024-06-19 19:35:51,940][utils.model][INFO] - Step 33/40 - val_loss: 0.4265 - val_accuracy: 0.8653
[2024-06-19 19:35:51,960][utils.model][INFO] - Step 34/40 - val_loss: 0.4199 - val_accuracy: 0.8678
[2024-06-19 19:35:51,977][utils.model][INFO] - Step 35/40 - val_loss: 0.4113 - val_accuracy: 0.8708
[2024-06-19 19:35:51,994][utils.model][INFO] - Step 36/40 - val_loss: 0.4122 - val_accuracy: 0.8706
[2024-06-19 19:35:52,011][utils.model][INFO] - Step 37/40 - val_loss: 0.4072 - val_accuracy: 0.8725
[2024-06-19 19:35:52,029][utils.model][INFO] - Step 38/40 - val_loss: 0.4068 - val_accuracy: 0.8727
[2024-06-19 19:35:52,046][utils.model][INFO] - Step 39/40 - val_loss: 0.4103 - val_accuracy: 0.8718
[2024-06-19 19:35:52,055][utils.model][INFO] - Step 40/40 - val_loss: 0.4065 - val_accuracy: 0.8719
[2024-06-19 19:35:52,056][utils.model][INFO] - Evaluation Results - Val Loss: 0.4065, Val Accuracy: 0.8719 in 40 steps
[2024-06-19 19:35:52,058][root][INFO] - Appended data to last row of column centralized_loss in server data for client None
[2024-06-19 19:35:52,058][root][INFO] - Appended data to last row of column centralized_acc in server data for client None
[2024-06-19 19:35:52,058][root][INFO] - Appended {'centralized_loss': 0.40652356, 'centralized_acc': 0.8719} to the last row of server data
[2024-06-19 19:35:52,058][flwr][INFO] - fit progress: (2, 0.40652356, {'accuracy': 0.8719}, 17.745580015005544)
[2024-06-19 19:35:52,058][flwr][DEBUG] - evaluate_round 2: strategy sampled 3 clients (out of 3)
[2024-06-19 19:35:52,635][flwr][DEBUG] - evaluate_round 2 received 3 results and 0 failures
[2024-06-19 19:35:52,637][root][INFO] - Added data to epoch for client 1: {'round': 2, 'epoch_steps': 74, 'total_steps': 97, 'l2_norm': 4.879615306854248, 'total_computation_time': 3.8215696811676025, 'total_rtc_check_time': 0.29926302002422744, 'total_duration': 4.393428802490234, 'val_loss': 0.44914740324020386, 'val_accuracy': 0.8585000038146973, 'experiment_id': 'exp_20240619_193526', 'client_id': '1'}
[2024-06-19 19:35:52,637][root][INFO] - Added epoch data for client 1: {'round': 2, 'epoch_steps': 74, 'total_steps': 97, 'l2_norm': 4.879615306854248, 'total_computation_time': 3.8215696811676025, 'total_rtc_check_time': 0.29926302002422744, 'total_duration': 4.393428802490234, 'val_loss': 0.44914740324020386, 'val_accuracy': 0.8585000038146973, 'experiment_id': 'exp_20240619_193526', 'client_id': '1'}
[2024-06-19 19:35:52,638][root][INFO] - Epoch data saved to /home/psklavos/fl/geom_aio/csv_logs/exp_20240619_193526/clients/client_1/epoch.csv
[2024-06-19 19:35:52,639][root][INFO] - Added data to batch for client 1: {'round': 2, 'step_no': 24, 'loss': 1.1740822792053223, 'accuracy': 0.71875, 'l2_norm': 0.07352758198976517, 'computation_time': 0.047762155532836914, 'batch_time': 0.05216135633236263, 'rtc_check_time': 0.0032082999969134107, 'experiment_id': 'exp_20240619_193526', 'client_id': 1}
[2024-06-19 19:35:52,640][root][INFO] - Added data to batch for client 1: {'round': 2, 'step_no': 25, 'loss': 1.2985862493515015, 'accuracy': 0.640625, 'l2_norm': 0.10012044757604599, 'computation_time': 0.06354713439941406, 'batch_time': 0.06670157658663811, 'rtc_check_time': 0.0018943999966722913, 'experiment_id': 'exp_20240619_193526', 'client_id': 1}
[2024-06-19 19:35:52,641][root][INFO] - Added data to batch for client 1: {'round': 2, 'step_no': 26, 'loss': 0.960538387298584, 'accuracy': 0.6666666865348816, 'l2_norm': 0.17622731626033783, 'computation_time': 0.06731891632080078, 'batch_time': 0.07021533582155826, 'rtc_check_time': 0.0016812000030768104, 'experiment_id': 'exp_20240619_193526', 'client_id': 1}
[2024-06-19 19:35:52,642][root][INFO] - Added data to batch for client 1: {'round': 2, 'step_no': 27, 'loss': 1.3734509944915771, 'accuracy': 0.640625, 'l2_norm': 0.1889806091785431, 'computation_time': 0.07082200050354004, 'batch_time': 0.0737463661498623, 'rtc_check_time': 0.0017944999999599531, 'experiment_id': 'exp_20240619_193526', 'client_id': 1}
[2024-06-19 19:35:52,643][root][INFO] - Added data to batch for client 1: {'round': 2, 'step_no': 28, 'loss': 1.3976309299468994, 'accuracy': 0.6000000238418579, 'l2_norm': 0.23051334917545319, 'computation_time': 0.042862892150878906, 'batch_time': 0.046943179549998604, 'rtc_check_time': 0.0028149999998277053, 'experiment_id': 'exp_20240619_193526', 'client_id': 1}
[2024-06-19 19:35:52,644][root][INFO] - Added data to batch for client 1: {'round': 2, 'step_no': 29, 'loss': 1.0735911130905151, 'accuracy': 0.6145833134651184, 'l2_norm': 0.26750174164772034, 'computation_time': 0.040563106536865234, 'batch_time': 0.04379275674727978, 'rtc_check_time': 0.0021848999967915006, 'experiment_id': 'exp_20240619_193526', 'client_id': 1}
[2024-06-19 19:35:52,644][root][INFO] - Added data to batch for client 1: {'round': 2, 'step_no': 30, 'loss': 0.9577977657318115, 'accuracy': 0.6205357313156128, 'l2_norm': 0.33479779958724976, 'computation_time': 0.042346954345703125, 'batch_time': 0.045233536075102165, 'rtc_check_time': 0.0016325000033248216, 'experiment_id': 'exp_20240619_193526', 'client_id': 1}
[2024-06-19 19:35:52,645][root][INFO] - Added data to batch for client 1: {'round': 2, 'step_no': 31, 'loss': 1.1284632682800293, 'accuracy': 0.609375, 'l2_norm': 0.38460585474967957, 'computation_time': 0.041641950607299805, 'batch_time': 0.04633618007210316, 'rtc_check_time': 0.003577000003133435, 'experiment_id': 'exp_20240619_193526', 'client_id': 1}
[2024-06-19 19:35:52,646][root][INFO] - Added data to batch for client 1: {'round': 2, 'step_no': 32, 'loss': 0.8835402727127075, 'accuracy': 0.6145833134651184, 'l2_norm': 0.4156016409397125, 'computation_time': 0.04835391044616699, 'batch_time': 0.06324722339195432, 'rtc_check_time': 0.013300200000230689, 'experiment_id': 'exp_20240619_193526', 'client_id': 1}
[2024-06-19 19:35:52,647][root][INFO] - Added data to batch for client 1: {'round': 2, 'step_no': 33, 'loss': 0.9997642040252686, 'accuracy': 0.628125011920929, 'l2_norm': 0.5079383254051208, 'computation_time': 0.09898209571838379, 'batch_time': 0.11623411122855032, 'rtc_check_time': 0.014435099998081569, 'experiment_id': 'exp_20240619_193526', 'client_id': 1}
[2024-06-19 19:35:52,647][root][INFO] - Added data to batch for client 1: {'round': 2, 'step_no': 34, 'loss': 0.7524905204772949, 'accuracy': 0.6505681872367859, 'l2_norm': 0.5890684723854065, 'computation_time': 0.06935787200927734, 'batch_time': 0.07397881408542162, 'rtc_check_time': 0.0023356999954557978, 'experiment_id': 'exp_20240619_193526', 'client_id': 1}
[2024-06-19 19:35:52,648][root][INFO] - Added data to batch for client 1: {'round': 2, 'step_no': 35, 'loss': 1.5691275596618652, 'accuracy': 0.6432291865348816, 'l2_norm': 0.6455646753311157, 'computation_time': 0.04847097396850586, 'batch_time': 0.05479211363126524, 'rtc_check_time': 0.0049189999990630895, 'experiment_id': 'exp_20240619_193526', 'client_id': 1}
[2024-06-19 19:35:52,649][root][INFO] - Added data to batch for client 1: {'round': 2, 'step_no': 36, 'loss': 1.1579680442810059, 'accuracy': 0.6442307829856873, 'l2_norm': 0.6980686783790588, 'computation_time': 0.042677879333496094, 'batch_time': 0.04595760115626035, 'rtc_check_time': 0.0020347000026958995, 'experiment_id': 'exp_20240619_193526', 'client_id': 1}
[2024-06-19 19:35:52,650][root][INFO] - Added data to batch for client 1: {'round': 2, 'step_no': 37, 'loss': 1.174067497253418, 'accuracy': 0.6383928656578064, 'l2_norm': 0.7296571731567383, 'computation_time': 0.04335212707519531, 'batch_time': 0.046857329733029474, 'rtc_check_time': 0.002239200002804864, 'experiment_id': 'exp_20240619_193526', 'client_id': 1}
[2024-06-19 19:35:52,651][root][INFO] - Added data to batch for client 1: {'round': 2, 'step_no': 38, 'loss': 0.6845666170120239, 'accuracy': 0.643750011920929, 'l2_norm': 0.7754516005516052, 'computation_time': 0.038163185119628906, 'batch_time': 0.04183572240435751, 'rtc_check_time': 0.002598700004455168, 'experiment_id': 'exp_20240619_193526', 'client_id': 1}
[2024-06-19 19:35:52,651][root][INFO] - Added data to batch for client 1: {'round': 2, 'step_no': 39, 'loss': 0.5488083362579346, 'accuracy': 0.662109375, 'l2_norm': 0.8369863629341125, 'computation_time': 0.04065299034118652, 'batch_time': 0.04498266406881157, 'rtc_check_time': 0.0031165999971562997, 'experiment_id': 'exp_20240619_193526', 'client_id': 1}
[2024-06-19 19:35:52,653][root][INFO] - Added data to batch for client 1: {'round': 2, 'step_no': 40, 'loss': 0.9604966640472412, 'accuracy': 0.6617646813392639, 'l2_norm': 0.9151758551597595, 'computation_time': 0.04290604591369629, 'batch_time': 0.045456051535438746, 'rtc_check_time': 0.0012150999973528087, 'experiment_id': 'exp_20240619_193526', 'client_id': 1}
[2024-06-19 19:35:52,654][root][INFO] - Added data to batch for client 1: {'round': 2, 'step_no': 41, 'loss': 0.9854621291160583, 'accuracy': 0.65625, 'l2_norm': 0.9745504856109619, 'computation_time': 0.04436993598937988, 'batch_time': 0.04988564170344034, 'rtc_check_time': 0.004138600001169834, 'experiment_id': 'exp_20240619_193526', 'client_id': 1}
[2024-06-19 19:35:52,655][root][INFO] - Added data to batch for client 1: {'round': 2, 'step_no': 42, 'loss': 1.0743815898895264, 'accuracy': 0.65625, 'l2_norm': 1.0641638040542603, 'computation_time': 0.04825997352600098, 'batch_time': 0.051176823712012265, 'rtc_check_time': 0.0016157999998540618, 'experiment_id': 'exp_20240619_193526', 'client_id': 1}
[2024-06-19 19:35:52,656][root][INFO] - Added data to batch for client 1: {'round': 2, 'step_no': 43, 'loss': 1.000709056854248, 'accuracy': 0.6578124761581421, 'l2_norm': 1.1337112188339233, 'computation_time': 0.04084610939025879, 'batch_time': 0.04431322156597162, 'rtc_check_time': 0.0023021989982225932, 'experiment_id': 'exp_20240619_193526', 'client_id': 1}
[2024-06-19 19:35:52,657][root][INFO] - Added data to batch for client 1: {'round': 2, 'step_no': 44, 'loss': 0.7371768951416016, 'accuracy': 0.6651785969734192, 'l2_norm': 1.2252296209335327, 'computation_time': 0.043569087982177734, 'batch_time': 0.04868864551826846, 'rtc_check_time': 0.003816600001300685, 'experiment_id': 'exp_20240619_193526', 'client_id': 1}
[2024-06-19 19:35:52,658][root][INFO] - Added data to batch for client 1: {'round': 2, 'step_no': 45, 'loss': 0.8488701581954956, 'accuracy': 0.6647727489471436, 'l2_norm': 1.2962772846221924, 'computation_time': 0.050601959228515625, 'batch_time': 0.053510809419094585, 'rtc_check_time': 0.0013998990034451708, 'experiment_id': 'exp_20240619_193526', 'client_id': 1}
[2024-06-19 19:35:52,659][root][INFO] - Added data to batch for client 1: {'round': 2, 'step_no': 46, 'loss': 0.7772665023803711, 'accuracy': 0.667119562625885, 'l2_norm': 1.3574270009994507, 'computation_time': 0.04964780807495117, 'batch_time': 0.06059503853612114, 'rtc_check_time': 0.009622099998523481, 'experiment_id': 'exp_20240619_193526', 'client_id': 1}
[2024-06-19 19:35:52,660][root][INFO] - Added data to batch for client 1: {'round': 2, 'step_no': 47, 'loss': 0.6457367539405823, 'accuracy': 0.6731770634651184, 'l2_norm': 1.4236310720443726, 'computation_time': 0.05758094787597656, 'batch_time': 0.061080165643943474, 'rtc_check_time': 0.0017621000006329268, 'experiment_id': 'exp_20240619_193526', 'client_id': 1}
[2024-06-19 19:35:52,661][root][INFO] - Added data to batch for client 1: {'round': 2, 'step_no': 48, 'loss': 0.9634354114532471, 'accuracy': 0.6762499809265137, 'l2_norm': 1.5375604629516602, 'computation_time': 0.057034969329833984, 'batch_time': 0.06447651964845136, 'rtc_check_time': 0.004732400004286319, 'experiment_id': 'exp_20240619_193526', 'client_id': 1}
[2024-06-19 19:35:52,662][root][INFO] - Added data to batch for client 1: {'round': 2, 'step_no': 49, 'loss': 1.0401222705841064, 'accuracy': 0.6730769276618958, 'l2_norm': 1.589443325996399, 'computation_time': 0.048752784729003906, 'batch_time': 0.05897917356924154, 'rtc_check_time': 0.008542199997464195, 'experiment_id': 'exp_20240619_193526', 'client_id': 1}
[2024-06-19 19:35:52,663][root][INFO] - Added data to batch for client 1: {'round': 2, 'step_no': 50, 'loss': 0.8773598670959473, 'accuracy': 0.6712962985038757, 'l2_norm': 1.6396592855453491, 'computation_time': 0.03977489471435547, 'batch_time': 0.04540934808028396, 'rtc_check_time': 0.004436400005943142, 'experiment_id': 'exp_20240619_193526', 'client_id': 1}
[2024-06-19 19:35:52,663][root][INFO] - Added data to batch for client 1: {'round': 2, 'step_no': 51, 'loss': 0.6271778345108032, 'accuracy': 0.6774553656578064, 'l2_norm': 1.7056187391281128, 'computation_time': 0.05281686782836914, 'batch_time': 0.05697609841445228, 'rtc_check_time': 0.0022371000013663433, 'experiment_id': 'exp_20240619_193526', 'client_id': 1}
[2024-06-19 19:35:52,664][root][INFO] - Added data to batch for client 1: {'round': 2, 'step_no': 52, 'loss': 0.7471634745597839, 'accuracy': 0.6799569129943848, 'l2_norm': 1.7732791900634766, 'computation_time': 0.051538944244384766, 'batch_time': 0.05523103890300263, 'rtc_check_time': 0.0024670999991940334, 'experiment_id': 'exp_20240619_193526', 'client_id': 1}
[2024-06-19 19:35:52,665][root][INFO] - Added data to batch for client 1: {'round': 2, 'step_no': 53, 'loss': 0.6467803716659546, 'accuracy': 0.684374988079071, 'l2_norm': 1.825464129447937, 'computation_time': 0.04111218452453613, 'batch_time': 0.053477370893233456, 'rtc_check_time': 0.011051499997847714, 'experiment_id': 'exp_20240619_193526', 'client_id': 1}
[2024-06-19 19:35:52,665][root][INFO] - Added data to batch for client 1: {'round': 2, 'step_no': 54, 'loss': 0.3555687665939331, 'accuracy': 0.6925403475761414, 'l2_norm': 1.8976329565048218, 'computation_time': 0.0421290397644043, 'batch_time': 0.04969218416226795, 'rtc_check_time': 0.006059200000890996, 'experiment_id': 'exp_20240619_193526', 'client_id': 1}
[2024-06-19 19:35:52,666][root][INFO] - Added data to batch for client 1: {'round': 2, 'step_no': 55, 'loss': 0.6972953081130981, 'accuracy': 0.6962890625, 'l2_norm': 1.982300043106079, 'computation_time': 0.047715187072753906, 'batch_time': 0.050181319886178244, 'rtc_check_time': 0.0013675000009243377, 'experiment_id': 'exp_20240619_193526', 'client_id': 1}
[2024-06-19 19:35:52,667][root][INFO] - Added data to batch for client 1: {'round': 2, 'step_no': 56, 'loss': 0.6862426400184631, 'accuracy': 0.6960227489471436, 'l2_norm': 2.0359551906585693, 'computation_time': 0.049603939056396484, 'batch_time': 0.052824073485680856, 'rtc_check_time': 0.001618199996300973, 'experiment_id': 'exp_20240619_193526', 'client_id': 1}
[2024-06-19 19:35:52,668][root][INFO] - Added data to batch for client 1: {'round': 2, 'step_no': 57, 'loss': 0.6837479472160339, 'accuracy': 0.6976103186607361, 'l2_norm': 2.1380414962768555, 'computation_time': 0.045590877532958984, 'batch_time': 0.056222757091745734, 'rtc_check_time': 0.008255799999460578, 'experiment_id': 'exp_20240619_193526', 'client_id': 1}
[2024-06-19 19:35:52,669][root][INFO] - Added data to batch for client 1: {'round': 2, 'step_no': 58, 'loss': 0.5269269943237305, 'accuracy': 0.7017857432365417, 'l2_norm': 2.23051118850708, 'computation_time': 0.05784201622009277, 'batch_time': 0.06193638481636299, 'rtc_check_time': 0.0018282000019098632, 'experiment_id': 'exp_20240619_193526', 'client_id': 1}
[2024-06-19 19:35:52,670][root][INFO] - Added data to batch for client 1: {'round': 2, 'step_no': 59, 'loss': 0.5691584348678589, 'accuracy': 0.7048611044883728, 'l2_norm': 2.349921941757202, 'computation_time': 0.07051706314086914, 'batch_time': 0.07566768652759492, 'rtc_check_time': 0.002889700001105666, 'experiment_id': 'exp_20240619_193526', 'client_id': 1}
[2024-06-19 19:35:52,671][root][INFO] - Added data to batch for client 1: {'round': 2, 'step_no': 60, 'loss': 0.4419526159763336, 'accuracy': 0.7094594836235046, 'l2_norm': 2.423349142074585, 'computation_time': 0.06727790832519531, 'batch_time': 0.06984963034483371, 'rtc_check_time': 0.0014985999951022677, 'experiment_id': 'exp_20240619_193526', 'client_id': 1}
[2024-06-19 19:35:52,672][root][INFO] - Added data to batch for client 1: {'round': 2, 'step_no': 61, 'loss': 0.5664685368537903, 'accuracy': 0.7138158082962036, 'l2_norm': 2.5056536197662354, 'computation_time': 0.05980110168457031, 'batch_time': 0.06260960313375108, 'rtc_check_time': 0.001578499999595806, 'experiment_id': 'exp_20240619_193526', 'client_id': 1}
[2024-06-19 19:35:52,672][root][INFO] - Added data to batch for client 1: {'round': 2, 'step_no': 62, 'loss': 0.7750662565231323, 'accuracy': 0.7147436141967773, 'l2_norm': 2.590395212173462, 'computation_time': 0.058091163635253906, 'batch_time': 0.06223430039244704, 'rtc_check_time': 0.0025114000018220395, 'experiment_id': 'exp_20240619_193526', 'client_id': 1}
[2024-06-19 19:35:52,673][root][INFO] - Added data to batch for client 1: {'round': 2, 'step_no': 63, 'loss': 0.6638763546943665, 'accuracy': 0.71484375, 'l2_norm': 2.663743495941162, 'computation_time': 0.05541801452636719, 'batch_time': 0.05916261304082582, 'rtc_check_time': 0.002028700000664685, 'experiment_id': 'exp_20240619_193526', 'client_id': 1}
[2024-06-19 19:35:52,674][root][INFO] - Added data to batch for client 1: {'round': 2, 'step_no': 64, 'loss': 0.50937819480896, 'accuracy': 0.71875, 'l2_norm': 2.7196125984191895, 'computation_time': 0.061142921447753906, 'batch_time': 0.0674201596993953, 'rtc_check_time': 0.0049471009988337755, 'experiment_id': 'exp_20240619_193526', 'client_id': 1}
[2024-06-19 19:35:52,675][root][INFO] - Added data to batch for client 1: {'round': 2, 'step_no': 65, 'loss': 0.633345901966095, 'accuracy': 0.7202380895614624, 'l2_norm': 2.7833547592163086, 'computation_time': 0.05656909942626953, 'batch_time': 0.06277264735399513, 'rtc_check_time': 0.0048417010038974695, 'experiment_id': 'exp_20240619_193526', 'client_id': 1}
[2024-06-19 19:35:52,676][root][INFO] - Added data to batch for client 1: {'round': 2, 'step_no': 66, 'loss': 0.28965866565704346, 'accuracy': 0.7252907156944275, 'l2_norm': 2.8198208808898926, 'computation_time': 0.047300100326538086, 'batch_time': 0.05488489795970963, 'rtc_check_time': 0.00649880100536393, 'experiment_id': 'exp_20240619_193526', 'client_id': 1}
[2024-06-19 19:35:52,676][root][INFO] - Added data to batch for client 1: {'round': 2, 'step_no': 67, 'loss': 0.40618830919265747, 'accuracy': 0.7286931872367859, 'l2_norm': 2.890141010284424, 'computation_time': 0.04488706588745117, 'batch_time': 0.056400784887955524, 'rtc_check_time': 0.010412702002213337, 'experiment_id': 'exp_20240619_193526', 'client_id': 1}
[2024-06-19 19:35:52,677][root][INFO] - Added data to batch for client 1: {'round': 2, 'step_no': 68, 'loss': 0.561156153678894, 'accuracy': 0.7298611402511597, 'l2_norm': 2.9340577125549316, 'computation_time': 0.0453038215637207, 'batch_time': 0.049648479296592996, 'rtc_check_time': 0.00321359999361448, 'experiment_id': 'exp_20240619_193526', 'client_id': 1}
[2024-06-19 19:35:52,678][root][INFO] - Added data to batch for client 1: {'round': 2, 'step_no': 69, 'loss': 0.7322605848312378, 'accuracy': 0.729619562625885, 'l2_norm': 3.05066180229187, 'computation_time': 0.050253868103027344, 'batch_time': 0.060866348299896345, 'rtc_check_time': 0.00921630099765025, 'experiment_id': 'exp_20240619_193526', 'client_id': 1}
[2024-06-19 19:35:52,679][root][INFO] - Added data to batch for client 1: {'round': 2, 'step_no': 70, 'loss': 0.4714627265930176, 'accuracy': 0.7313829660415649, 'l2_norm': 3.083782911300659, 'computation_time': 0.046672821044921875, 'batch_time': 0.05094698721950408, 'rtc_check_time': 0.003099000998190604, 'experiment_id': 'exp_20240619_193526', 'client_id': 1}
[2024-06-19 19:35:52,680][root][INFO] - Added data to batch for client 1: {'round': 2, 'step_no': 71, 'loss': 0.42842167615890503, 'accuracy': 0.7330729365348816, 'l2_norm': 3.1369235515594482, 'computation_time': 0.04887509346008301, 'batch_time': 0.052471166985924356, 'rtc_check_time': 0.002419001000816934, 'experiment_id': 'exp_20240619_193526', 'client_id': 1}
[2024-06-19 19:35:52,681][root][INFO] - Added data to batch for client 1: {'round': 2, 'step_no': 72, 'loss': 0.7603278756141663, 'accuracy': 0.7321428656578064, 'l2_norm': 3.227886438369751, 'computation_time': 0.05515885353088379, 'batch_time': 0.05908421883214032, 'rtc_check_time': 0.0021532000027946196, 'experiment_id': 'exp_20240619_193526', 'client_id': 1}
[2024-06-19 19:35:52,682][root][INFO] - Added data to batch for client 1: {'round': 2, 'step_no': 73, 'loss': 0.440854012966156, 'accuracy': 0.7337499856948853, 'l2_norm': 3.296062707901001, 'computation_time': 0.062040090560913086, 'batch_time': 0.06981047050066991, 'rtc_check_time': 0.005689700999937486, 'experiment_id': 'exp_20240619_193526', 'client_id': 1}
[2024-06-19 19:35:52,683][root][INFO] - Added data to batch for client 1: {'round': 2, 'step_no': 74, 'loss': 0.2555597722530365, 'accuracy': 0.7383578419685364, 'l2_norm': 3.3732047080993652, 'computation_time': 0.06488204002380371, 'batch_time': 0.07174615102849202, 'rtc_check_time': 0.005596201001026202, 'experiment_id': 'exp_20240619_193526', 'client_id': 1}
[2024-06-19 19:35:52,684][root][INFO] - Added data to batch for client 1: {'round': 2, 'step_no': 75, 'loss': 0.6562113761901855, 'accuracy': 0.739182710647583, 'l2_norm': 3.42679762840271, 'computation_time': 0.05620598793029785, 'batch_time': 0.05897243747313041, 'rtc_check_time': 0.0015045000036479905, 'experiment_id': 'exp_20240619_193526', 'client_id': 1}
[2024-06-19 19:35:52,685][root][INFO] - Added data to batch for client 1: {'round': 2, 'step_no': 76, 'loss': 0.6010778546333313, 'accuracy': 0.7405660152435303, 'l2_norm': 3.4900684356689453, 'computation_time': 0.050399065017700195, 'batch_time': 0.05573233428003732, 'rtc_check_time': 0.004095399999641813, 'experiment_id': 'exp_20240619_193526', 'client_id': 1}
[2024-06-19 19:35:52,685][root][INFO] - Added data to batch for client 1: {'round': 2, 'step_no': 77, 'loss': 0.8146902322769165, 'accuracy': 0.7395833134651184, 'l2_norm': 3.5548434257507324, 'computation_time': 0.044860124588012695, 'batch_time': 0.05448442815395538, 'rtc_check_time': 0.008400500999414362, 'experiment_id': 'exp_20240619_193526', 'client_id': 1}
[2024-06-19 19:35:52,686][root][INFO] - Added data to batch for client 1: {'round': 2, 'step_no': 78, 'loss': 0.8541994094848633, 'accuracy': 0.738068163394928, 'l2_norm': 3.647523880004883, 'computation_time': 0.04276418685913086, 'batch_time': 0.04709480738529237, 'rtc_check_time': 0.0031638000000384636, 'experiment_id': 'exp_20240619_193526', 'client_id': 1}
[2024-06-19 19:35:52,687][root][INFO] - Added data to batch for client 1: {'round': 2, 'step_no': 79, 'loss': 0.7386068105697632, 'accuracy': 0.7377232313156128, 'l2_norm': 3.684993267059326, 'computation_time': 0.04369401931762695, 'batch_time': 0.04630387367797084, 'rtc_check_time': 0.0014118010003585368, 'experiment_id': 'exp_20240619_193526', 'client_id': 1}
[2024-06-19 19:35:52,688][root][INFO] - Added data to batch for client 1: {'round': 2, 'step_no': 80, 'loss': 0.6920925378799438, 'accuracy': 0.7379385828971863, 'l2_norm': 3.774043083190918, 'computation_time': 0.04471993446350098, 'batch_time': 0.04946046866098186, 'rtc_check_time': 0.003729401003511157, 'experiment_id': 'exp_20240619_193526', 'client_id': 1}
[2024-06-19 19:35:52,688][root][INFO] - Added data to batch for client 1: {'round': 2, 'step_no': 81, 'loss': 0.3875453770160675, 'accuracy': 0.7392241358757019, 'l2_norm': 3.8020150661468506, 'computation_time': 0.0459439754486084, 'batch_time': 0.04967154733458301, 'rtc_check_time': 0.0017785000018193386, 'experiment_id': 'exp_20240619_193526', 'client_id': 1}
[2024-06-19 19:35:52,689][root][INFO] - Added data to batch for client 1: {'round': 2, 'step_no': 82, 'loss': 0.5859417915344238, 'accuracy': 0.7409957647323608, 'l2_norm': 3.8736398220062256, 'computation_time': 0.0427248477935791, 'batch_time': 0.04725883948412957, 'rtc_check_time': 0.0033779000004869886, 'experiment_id': 'exp_20240619_193526', 'client_id': 1}
[2024-06-19 19:35:52,690][root][INFO] - Added data to batch for client 1: {'round': 2, 'step_no': 83, 'loss': 0.4617895781993866, 'accuracy': 0.7437499761581421, 'l2_norm': 3.9163308143615723, 'computation_time': 0.044342041015625, 'batch_time': 0.048403173037513625, 'rtc_check_time': 0.0025311999997938983, 'experiment_id': 'exp_20240619_193526', 'client_id': 1}
[2024-06-19 19:35:52,690][root][INFO] - Added data to batch for client 1: {'round': 2, 'step_no': 84, 'loss': 0.5309211611747742, 'accuracy': 0.7459016442298889, 'l2_norm': 3.989173173904419, 'computation_time': 0.04580998420715332, 'batch_time': 0.05065248554456048, 'rtc_check_time': 0.0033984000037889928, 'experiment_id': 'exp_20240619_193526', 'client_id': 1}
[2024-06-19 19:35:52,691][root][INFO] - Added data to batch for client 1: {'round': 2, 'step_no': 85, 'loss': 0.5174843668937683, 'accuracy': 0.7474798560142517, 'l2_norm': 4.040628910064697, 'computation_time': 0.061068058013916016, 'batch_time': 0.06947360100457445, 'rtc_check_time': 0.006162500998470932, 'experiment_id': 'exp_20240619_193526', 'client_id': 1}
[2024-06-19 19:35:52,692][root][INFO] - Added data to batch for client 1: {'round': 2, 'step_no': 86, 'loss': 0.9520211219787598, 'accuracy': 0.7455357313156128, 'l2_norm': 4.127139091491699, 'computation_time': 0.04905200004577637, 'batch_time': 0.06270445596601348, 'rtc_check_time': 0.012457502001780085, 'experiment_id': 'exp_20240619_193526', 'client_id': 1}
[2024-06-19 19:35:52,693][root][INFO] - Added data to batch for client 1: {'round': 2, 'step_no': 87, 'loss': 0.30365628004074097, 'accuracy': 0.748046875, 'l2_norm': 4.197999954223633, 'computation_time': 0.05989694595336914, 'batch_time': 0.06349585649149958, 'rtc_check_time': 0.002077800003462471, 'experiment_id': 'exp_20240619_193526', 'client_id': 1}
[2024-06-19 19:35:52,694][root][INFO] - Added data to batch for client 1: {'round': 2, 'step_no': 88, 'loss': 0.53339684009552, 'accuracy': 0.7485576868057251, 'l2_norm': 4.245848178863525, 'computation_time': 0.050321102142333984, 'batch_time': 0.05380693866027286, 'rtc_check_time': 0.002237000000604894, 'experiment_id': 'exp_20240619_193526', 'client_id': 1}
[2024-06-19 19:35:52,695][root][INFO] - Added data to batch for client 1: {'round': 2, 'step_no': 89, 'loss': 0.516028106212616, 'accuracy': 0.7495265007019043, 'l2_norm': 4.302999496459961, 'computation_time': 0.052989959716796875, 'batch_time': 0.05786672821704997, 'rtc_check_time': 0.0036718010014737956, 'experiment_id': 'exp_20240619_193526', 'client_id': 1}
[2024-06-19 19:35:52,696][root][INFO] - Added data to batch for client 1: {'round': 2, 'step_no': 90, 'loss': 0.3745291829109192, 'accuracy': 0.7523320913314819, 'l2_norm': 4.3506178855896, 'computation_time': 0.05261588096618652, 'batch_time': 0.055679473211057484, 'rtc_check_time': 0.0019105999963358045, 'experiment_id': 'exp_20240619_193526', 'client_id': 1}
[2024-06-19 19:35:52,697][root][INFO] - Added data to batch for client 1: {'round': 2, 'step_no': 91, 'loss': 0.4379081726074219, 'accuracy': 0.7532169222831726, 'l2_norm': 4.404671669006348, 'computation_time': 0.04822802543640137, 'batch_time': 0.05340603568038205, 'rtc_check_time': 0.0037351010032580234, 'experiment_id': 'exp_20240619_193526', 'client_id': 1}
[2024-06-19 19:35:52,697][root][INFO] - Added data to batch for client 1: {'round': 2, 'step_no': 92, 'loss': 0.3348151445388794, 'accuracy': 0.7549818754196167, 'l2_norm': 4.485133647918701, 'computation_time': 0.057019948959350586, 'batch_time': 0.05997894888423616, 'rtc_check_time': 0.0015869010021560825, 'experiment_id': 'exp_20240619_193526', 'client_id': 1}
[2024-06-19 19:35:52,698][root][INFO] - Added data to batch for client 1: {'round': 2, 'step_no': 93, 'loss': 0.6456539630889893, 'accuracy': 0.7553571462631226, 'l2_norm': 4.533848762512207, 'computation_time': 0.06488394737243652, 'batch_time': 0.0717129813565407, 'rtc_check_time': 0.005438099993625656, 'experiment_id': 'exp_20240619_193526', 'client_id': 1}
[2024-06-19 19:35:52,699][root][INFO] - Added data to batch for client 1: {'round': 2, 'step_no': 94, 'loss': 0.47952473163604736, 'accuracy': 0.7566021084785461, 'l2_norm': 4.662899494171143, 'computation_time': 0.05617499351501465, 'batch_time': 0.061342706372670364, 'rtc_check_time': 0.0038247010015766136, 'experiment_id': 'exp_20240619_193526', 'client_id': 1}
[2024-06-19 19:35:52,700][root][INFO] - Added data to batch for client 1: {'round': 2, 'step_no': 95, 'loss': 0.24742452800273895, 'accuracy': 0.7591145634651184, 'l2_norm': 4.700388431549072, 'computation_time': 0.06149005889892578, 'batch_time': 0.07015404265985126, 'rtc_check_time': 0.006647201000305358, 'experiment_id': 'exp_20240619_193526', 'client_id': 1}
[2024-06-19 19:35:52,701][root][INFO] - Added data to batch for client 1: {'round': 2, 'step_no': 96, 'loss': 0.46729332208633423, 'accuracy': 0.7602739930152893, 'l2_norm': 4.7603654861450195, 'computation_time': 0.046617984771728516, 'batch_time': 0.05186997055716347, 'rtc_check_time': 0.0036789000005228445, 'experiment_id': 'exp_20240619_193526', 'client_id': 1}
[2024-06-19 19:35:52,701][root][INFO] - Added data to batch for client 1: {'round': 2, 'step_no': 97, 'loss': 0.5015057921409607, 'accuracy': 0.7605574131011963, 'l2_norm': 4.879615306854248, 'computation_time': 0.04698586463928223, 'batch_time': 0.050730197224766016, 'rtc_check_time': 0.00161430099979043, 'experiment_id': 'exp_20240619_193526', 'client_id': 1}
[2024-06-19 19:35:52,702][root][INFO] - Added batch data list for client 1. New Data Added: 74
[2024-06-19 19:35:52,702][root][INFO] - Batch data saved to /home/psklavos/fl/geom_aio/csv_logs/exp_20240619_193526/clients/client_1/batch.csv
[2024-06-19 19:35:52,703][root][INFO] - Added data to epoch for client 0: {'round': 2, 'epoch_steps': 74, 'total_steps': 97, 'l2_norm': 5.148890018463135, 'total_computation_time': 3.766293525695801, 'total_rtc_check_time': 0.341709021027782, 'total_duration': 4.393800973892212, 'val_loss': 0.46563366055488586, 'val_accuracy': 0.8560000061988831, 'experiment_id': 'exp_20240619_193526', 'client_id': '0'}
[2024-06-19 19:35:52,704][root][INFO] - Added epoch data for client 0: {'round': 2, 'epoch_steps': 74, 'total_steps': 97, 'l2_norm': 5.148890018463135, 'total_computation_time': 3.766293525695801, 'total_rtc_check_time': 0.341709021027782, 'total_duration': 4.393800973892212, 'val_loss': 0.46563366055488586, 'val_accuracy': 0.8560000061988831, 'experiment_id': 'exp_20240619_193526', 'client_id': '0'}
[2024-06-19 19:35:52,704][root][INFO] - Epoch data saved to /home/psklavos/fl/geom_aio/csv_logs/exp_20240619_193526/clients/client_0/epoch.csv
[2024-06-19 19:35:52,705][root][INFO] - Added data to batch for client 0: {'round': 2, 'step_no': 24, 'loss': 1.3017911911010742, 'accuracy': 0.65625, 'l2_norm': 0.0931931734085083, 'computation_time': 0.048356056213378906, 'batch_time': 0.05105083114904119, 'rtc_check_time': 0.0014456999997491948, 'experiment_id': 'exp_20240619_193526', 'client_id': 0}
[2024-06-19 19:35:52,706][root][INFO] - Added data to batch for client 0: {'round': 2, 'step_no': 25, 'loss': 1.2624781131744385, 'accuracy': 0.640625, 'l2_norm': 0.14166712760925293, 'computation_time': 0.05972599983215332, 'batch_time': 0.06710614423354855, 'rtc_check_time': 0.005065099998319056, 'experiment_id': 'exp_20240619_193526', 'client_id': 0}
[2024-06-19 19:35:52,707][root][INFO] - Added data to batch for client 0: {'round': 2, 'step_no': 26, 'loss': 1.094451904296875, 'accuracy': 0.65625, 'l2_norm': 0.1912735253572464, 'computation_time': 0.055272817611694336, 'batch_time': 0.06928623638668796, 'rtc_check_time': 0.012068400006683078, 'experiment_id': 'exp_20240619_193526', 'client_id': 0}
[2024-06-19 19:35:52,708][root][INFO] - Added data to batch for client 0: {'round': 2, 'step_no': 27, 'loss': 1.3664824962615967, 'accuracy': 0.625, 'l2_norm': 0.24535322189331055, 'computation_time': 0.06786298751831055, 'batch_time': 0.0737300251275883, 'rtc_check_time': 0.004368100002466235, 'experiment_id': 'exp_20240619_193526', 'client_id': 0}
[2024-06-19 19:35:52,709][root][INFO] - Added data to batch for client 0: {'round': 2, 'step_no': 28, 'loss': 1.2473258972167969, 'accuracy': 0.6312500238418579, 'l2_norm': 0.2954551577568054, 'computation_time': 0.04320096969604492, 'batch_time': 0.04709424146130914, 'rtc_check_time': 0.002541200003179256, 'experiment_id': 'exp_20240619_193526', 'client_id': 0}
[2024-06-19 19:35:52,709][root][INFO] - Added data to batch for client 0: {'round': 2, 'step_no': 29, 'loss': 0.8542109727859497, 'accuracy': 0.6510416865348816, 'l2_norm': 0.3628925681114197, 'computation_time': 0.04035186767578125, 'batch_time': 0.043578657518082764, 'rtc_check_time': 0.0021458000046550296, 'experiment_id': 'exp_20240619_193526', 'client_id': 0}
[2024-06-19 19:35:52,710][root][INFO] - Added data to batch for client 0: {'round': 2, 'step_no': 30, 'loss': 0.6987677216529846, 'accuracy': 0.6696428656578064, 'l2_norm': 0.42568492889404297, 'computation_time': 0.04033994674682617, 'batch_time': 0.04542109331669053, 'rtc_check_time': 0.00388810000004014, 'experiment_id': 'exp_20240619_193526', 'client_id': 0}
[2024-06-19 19:35:52,711][root][INFO] - Added data to batch for client 0: {'round': 2, 'step_no': 31, 'loss': 0.969401478767395, 'accuracy': 0.67578125, 'l2_norm': 0.47919005155563354, 'computation_time': 0.040528059005737305, 'batch_time': 0.04646582232817309, 'rtc_check_time': 0.004837699998461176, 'experiment_id': 'exp_20240619_193526', 'client_id': 0}
[2024-06-19 19:35:52,711][root][INFO] - Added data to batch for client 0: {'round': 2, 'step_no': 32, 'loss': 0.9585080146789551, 'accuracy': 0.6805555820465088, 'l2_norm': 0.562082052230835, 'computation_time': 0.05818486213684082, 'batch_time': 0.06306577629584353, 'rtc_check_time': 0.0024407000018982217, 'experiment_id': 'exp_20240619_193526', 'client_id': 0}
[2024-06-19 19:35:52,712][root][INFO] - Added data to batch for client 0: {'round': 2, 'step_no': 33, 'loss': 0.9368321895599365, 'accuracy': 0.684374988079071, 'l2_norm': 0.6207606196403503, 'computation_time': 0.09955096244812012, 'batch_time': 0.11630743039859226, 'rtc_check_time': 0.013718299996980932, 'experiment_id': 'exp_20240619_193526', 'client_id': 0}
[2024-06-19 19:35:52,713][root][INFO] - Added data to batch for client 0: {'round': 2, 'step_no': 34, 'loss': 1.1116459369659424, 'accuracy': 0.6960227489471436, 'l2_norm': 0.6801210045814514, 'computation_time': 0.060790061950683594, 'batch_time': 0.07359465970512247, 'rtc_check_time': 0.010913700003584381, 'experiment_id': 'exp_20240619_193526', 'client_id': 0}
[2024-06-19 19:35:52,713][root][INFO] - Added data to batch for client 0: {'round': 2, 'step_no': 35, 'loss': 1.004284381866455, 'accuracy': 0.7057291865348816, 'l2_norm': 0.7888144254684448, 'computation_time': 0.05304384231567383, 'batch_time': 0.0557025119633181, 'rtc_check_time': 0.0015083000034792349, 'experiment_id': 'exp_20240619_193526', 'client_id': 0}
[2024-06-19 19:35:52,714][root][INFO] - Added data to batch for client 0: {'round': 2, 'step_no': 36, 'loss': 1.1921911239624023, 'accuracy': 0.6971153616905212, 'l2_norm': 0.7970811724662781, 'computation_time': 0.0418858528137207, 'batch_time': 0.045953711844049394, 'rtc_check_time': 0.002858599997125566, 'experiment_id': 'exp_20240619_193526', 'client_id': 0}
[2024-06-19 19:35:52,715][root][INFO] - Added data to batch for client 0: {'round': 2, 'step_no': 37, 'loss': 0.8225749135017395, 'accuracy': 0.7008928656578064, 'l2_norm': 0.8614813685417175, 'computation_time': 0.04213213920593262, 'batch_time': 0.04658878689951962, 'rtc_check_time': 0.0032698000068194233, 'experiment_id': 'exp_20240619_193526', 'client_id': 0}
[2024-06-19 19:35:52,716][root][INFO] - Added data to batch for client 0: {'round': 2, 'step_no': 38, 'loss': 0.8258267641067505, 'accuracy': 0.7020833492279053, 'l2_norm': 0.9095445871353149, 'computation_time': 0.0378110408782959, 'batch_time': 0.0412440059662913, 'rtc_check_time': 0.002300000000104774, 'experiment_id': 'exp_20240619_193526', 'client_id': 0}
[2024-06-19 19:35:52,717][root][INFO] - Added data to batch for client 0: {'round': 2, 'step_no': 39, 'loss': 0.9924277067184448, 'accuracy': 0.703125, 'l2_norm': 0.9880130887031555, 'computation_time': 0.040144920349121094, 'batch_time': 0.045476892875740305, 'rtc_check_time': 0.004154900001594797, 'experiment_id': 'exp_20240619_193526', 'client_id': 0}
[2024-06-19 19:35:52,717][root][INFO] - Added data to batch for client 0: {'round': 2, 'step_no': 40, 'loss': 0.788740873336792, 'accuracy': 0.7040441036224365, 'l2_norm': 1.0373189449310303, 'computation_time': 0.040657997131347656, 'batch_time': 0.04527325202798238, 'rtc_check_time': 0.0029561000046669506, 'experiment_id': 'exp_20240619_193526', 'client_id': 0}
[2024-06-19 19:35:52,719][root][INFO] - Added data to batch for client 0: {'round': 2, 'step_no': 41, 'loss': 0.8901782035827637, 'accuracy': 0.7065972089767456, 'l2_norm': 1.163568139076233, 'computation_time': 0.04457497596740723, 'batch_time': 0.04957635781465797, 'rtc_check_time': 0.0031502999991062097, 'experiment_id': 'exp_20240619_193526', 'client_id': 0}
[2024-06-19 19:35:52,720][root][INFO] - Added data to batch for client 0: {'round': 2, 'step_no': 42, 'loss': 0.9509313106536865, 'accuracy': 0.7055920958518982, 'l2_norm': 1.2089190483093262, 'computation_time': 0.0467228889465332, 'batch_time': 0.05085249639523681, 'rtc_check_time': 0.002463299999362789, 'experiment_id': 'exp_20240619_193526', 'client_id': 0}
[2024-06-19 19:35:52,721][root][INFO] - Added data to batch for client 0: {'round': 2, 'step_no': 43, 'loss': 0.8581072688102722, 'accuracy': 0.7046874761581421, 'l2_norm': 1.258012294769287, 'computation_time': 0.04058504104614258, 'batch_time': 0.04420639099407708, 'rtc_check_time': 0.002495298998837825, 'experiment_id': 'exp_20240619_193526', 'client_id': 0}
[2024-06-19 19:35:52,723][root][INFO] - Added data to batch for client 0: {'round': 2, 'step_no': 44, 'loss': 0.8530562520027161, 'accuracy': 0.7083333134651184, 'l2_norm': 1.3306268453598022, 'computation_time': 0.0439610481262207, 'batch_time': 0.0484626740362728, 'rtc_check_time': 0.003193900003680028, 'experiment_id': 'exp_20240619_193526', 'client_id': 0}
[2024-06-19 19:35:52,724][root][INFO] - Added data to batch for client 0: {'round': 2, 'step_no': 45, 'loss': 1.041830062866211, 'accuracy': 0.7059659361839294, 'l2_norm': 1.402769684791565, 'computation_time': 0.048874855041503906, 'batch_time': 0.05369754641287727, 'rtc_check_time': 0.003072699000767898, 'experiment_id': 'exp_20240619_193526', 'client_id': 0}
[2024-06-19 19:35:52,725][root][INFO] - Added data to batch for client 0: {'round': 2, 'step_no': 46, 'loss': 0.6629608273506165, 'accuracy': 0.70923912525177, 'l2_norm': 1.4736899137496948, 'computation_time': 0.054991960525512695, 'batch_time': 0.05989697086624801, 'rtc_check_time': 0.0024009000044316053, 'experiment_id': 'exp_20240619_193526', 'client_id': 0}
[2024-06-19 19:35:52,726][root][INFO] - Added data to batch for client 0: {'round': 2, 'step_no': 47, 'loss': 0.6251370906829834, 'accuracy': 0.7083333134651184, 'l2_norm': 1.5295578241348267, 'computation_time': 0.05400586128234863, 'batch_time': 0.06065350379503798, 'rtc_check_time': 0.004962499995599501, 'experiment_id': 'exp_20240619_193526', 'client_id': 0}
[2024-06-19 19:35:52,727][root][INFO] - Added data to batch for client 0: {'round': 2, 'step_no': 48, 'loss': 0.6867715120315552, 'accuracy': 0.7137500047683716, 'l2_norm': 1.5662471055984497, 'computation_time': 0.054078102111816406, 'batch_time': 0.06440754862705944, 'rtc_check_time': 0.007812699994246941, 'experiment_id': 'exp_20240619_193526', 'client_id': 0}
[2024-06-19 19:35:52,727][root][INFO] - Added data to batch for client 0: {'round': 2, 'step_no': 49, 'loss': 0.6395413279533386, 'accuracy': 0.7199519276618958, 'l2_norm': 1.6437981128692627, 'computation_time': 0.04811215400695801, 'batch_time': 0.058715212100651115, 'rtc_check_time': 0.009303200000431389, 'experiment_id': 'exp_20240619_193526', 'client_id': 0}
[2024-06-19 19:35:52,728][root][INFO] - Added data to batch for client 0: {'round': 2, 'step_no': 50, 'loss': 0.5979186296463013, 'accuracy': 0.7245370149612427, 'l2_norm': 1.7468687295913696, 'computation_time': 0.04171609878540039, 'batch_time': 0.04555866684677312, 'rtc_check_time': 0.0026407000041217543, 'experiment_id': 'exp_20240619_193526', 'client_id': 0}
[2024-06-19 19:35:52,729][root][INFO] - Added data to batch for client 0: {'round': 2, 'step_no': 51, 'loss': 0.540088951587677, 'accuracy': 0.7287946343421936, 'l2_norm': 1.7939503192901611, 'computation_time': 0.049182891845703125, 'batch_time': 0.05660267280472908, 'rtc_check_time': 0.005990699995891191, 'experiment_id': 'exp_20240619_193526', 'client_id': 0}
[2024-06-19 19:35:52,730][root][INFO] - Added data to batch for client 0: {'round': 2, 'step_no': 52, 'loss': 0.8809801340103149, 'accuracy': 0.7284482717514038, 'l2_norm': 1.8934415578842163, 'computation_time': 0.05110788345336914, 'batch_time': 0.05484624983364483, 'rtc_check_time': 0.0025271999984397553, 'experiment_id': 'exp_20240619_193526', 'client_id': 0}
[2024-06-19 19:35:52,730][root][INFO] - Added data to batch for client 0: {'round': 2, 'step_no': 53, 'loss': 0.8047888875007629, 'accuracy': 0.7291666865348816, 'l2_norm': 1.9501088857650757, 'computation_time': 0.04950881004333496, 'batch_time': 0.053200687834760174, 'rtc_check_time': 0.0021598000021185726, 'experiment_id': 'exp_20240619_193526', 'client_id': 0}
[2024-06-19 19:35:52,731][root][INFO] - Added data to batch for client 0: {'round': 2, 'step_no': 54, 'loss': 0.8845605254173279, 'accuracy': 0.7278226017951965, 'l2_norm': 2.047189474105835, 'computation_time': 0.046447038650512695, 'batch_time': 0.0499675027676858, 'rtc_check_time': 0.002040599996689707, 'experiment_id': 'exp_20240619_193526', 'client_id': 0}
[2024-06-19 19:35:52,732][root][INFO] - Added data to batch for client 0: {'round': 2, 'step_no': 55, 'loss': 0.9864618182182312, 'accuracy': 0.7275390625, 'l2_norm': 2.0929605960845947, 'computation_time': 0.0457310676574707, 'batch_time': 0.05148446308885468, 'rtc_check_time': 0.0038923000029171817, 'experiment_id': 'exp_20240619_193526', 'client_id': 0}
[2024-06-19 19:35:52,734][root][INFO] - Added data to batch for client 0: {'round': 2, 'step_no': 56, 'loss': 1.2585234642028809, 'accuracy': 0.7225378751754761, 'l2_norm': 2.128567695617676, 'computation_time': 0.042326927185058594, 'batch_time': 0.05295170332829002, 'rtc_check_time': 0.009339700001874007, 'experiment_id': 'exp_20240619_193526', 'client_id': 0}
[2024-06-19 19:35:52,735][root][INFO] - Added data to batch for client 0: {'round': 2, 'step_no': 57, 'loss': 0.4610459506511688, 'accuracy': 0.7261029481887817, 'l2_norm': 2.2075493335723877, 'computation_time': 0.05279898643493652, 'batch_time': 0.056264513958012685, 'rtc_check_time': 0.001654499996220693, 'experiment_id': 'exp_20240619_193526', 'client_id': 0}
[2024-06-19 19:35:52,736][root][INFO] - Added data to batch for client 0: {'round': 2, 'step_no': 58, 'loss': 0.5867056846618652, 'accuracy': 0.7303571701049805, 'l2_norm': 2.291884660720825, 'computation_time': 0.055332183837890625, 'batch_time': 0.06195699946692912, 'rtc_check_time': 0.004022000000986736, 'experiment_id': 'exp_20240619_193526', 'client_id': 0}
[2024-06-19 19:35:52,737][root][INFO] - Added data to batch for client 0: {'round': 2, 'step_no': 59, 'loss': 0.6163394451141357, 'accuracy': 0.7326388955116272, 'l2_norm': 2.357058525085449, 'computation_time': 0.06654715538024902, 'batch_time': 0.07552263199613662, 'rtc_check_time': 0.00692459999845596, 'experiment_id': 'exp_20240619_193526', 'client_id': 0}
[2024-06-19 19:35:52,737][root][INFO] - Added data to batch for client 0: {'round': 2, 'step_no': 60, 'loss': 0.6974502801895142, 'accuracy': 0.7339527010917664, 'l2_norm': 2.444814443588257, 'computation_time': 0.05821108818054199, 'batch_time': 0.06995893466228154, 'rtc_check_time': 0.010597000000416301, 'experiment_id': 'exp_20240619_193526', 'client_id': 0}
[2024-06-19 19:35:52,738][root][INFO] - Added data to batch for client 0: {'round': 2, 'step_no': 61, 'loss': 0.7112910747528076, 'accuracy': 0.7368420958518982, 'l2_norm': 2.534973382949829, 'computation_time': 0.04999494552612305, 'batch_time': 0.062497601735231, 'rtc_check_time': 0.011021599995729048, 'experiment_id': 'exp_20240619_193526', 'client_id': 0}
[2024-06-19 19:35:52,739][root][INFO] - Added data to batch for client 0: {'round': 2, 'step_no': 62, 'loss': 0.701439619064331, 'accuracy': 0.7371794581413269, 'l2_norm': 2.618833541870117, 'computation_time': 0.04994988441467285, 'batch_time': 0.062334361849934794, 'rtc_check_time': 0.011021199999959208, 'experiment_id': 'exp_20240619_193526', 'client_id': 0}
[2024-06-19 19:35:52,740][root][INFO] - Added data to batch for client 0: {'round': 2, 'step_no': 63, 'loss': 0.34362906217575073, 'accuracy': 0.7421875, 'l2_norm': 2.670151710510254, 'computation_time': 0.05125284194946289, 'batch_time': 0.05975171941827284, 'rtc_check_time': 0.006580799999937881, 'experiment_id': 'exp_20240619_193526', 'client_id': 0}
[2024-06-19 19:35:52,741][root][INFO] - Added data to batch for client 0: {'round': 2, 'step_no': 64, 'loss': 0.6564689874649048, 'accuracy': 0.7439024448394775, 'l2_norm': 2.7495906352996826, 'computation_time': 0.05987286567687988, 'batch_time': 0.06683934587636031, 'rtc_check_time': 0.004759200994158164, 'experiment_id': 'exp_20240619_193526', 'client_id': 0}
[2024-06-19 19:35:52,741][root][INFO] - Added data to batch for client 0: {'round': 2, 'step_no': 65, 'loss': 0.6290774941444397, 'accuracy': 0.7447916865348816, 'l2_norm': 2.81360125541687, 'computation_time': 0.05921792984008789, 'batch_time': 0.06193470578000415, 'rtc_check_time': 0.0014677010040031746, 'experiment_id': 'exp_20240619_193526', 'client_id': 0}
[2024-06-19 19:35:52,742][root][INFO] - Added data to batch for client 0: {'round': 2, 'step_no': 66, 'loss': 0.5245169401168823, 'accuracy': 0.7463662624359131, 'l2_norm': 2.9086720943450928, 'computation_time': 0.047302961349487305, 'batch_time': 0.05473170474579092, 'rtc_check_time': 0.006340601001284085, 'experiment_id': 'exp_20240619_193526', 'client_id': 0}
[2024-06-19 19:35:52,743][root][INFO] - Added data to batch for client 0: {'round': 2, 'step_no': 67, 'loss': 0.661800742149353, 'accuracy': 0.7478693127632141, 'l2_norm': 2.9738986492156982, 'computation_time': 0.052564144134521484, 'batch_time': 0.05501767024543369, 'rtc_check_time': 0.0013177000000723638, 'experiment_id': 'exp_20240619_193526', 'client_id': 0}
[2024-06-19 19:35:52,744][root][INFO] - Added data to batch for client 0: {'round': 2, 'step_no': 68, 'loss': 0.8206915259361267, 'accuracy': 0.7479166388511658, 'l2_norm': 3.05892276763916, 'computation_time': 0.044615983963012695, 'batch_time': 0.049815794729511254, 'rtc_check_time': 0.004106899999896996, 'experiment_id': 'exp_20240619_193526', 'client_id': 0}
[2024-06-19 19:35:52,744][root][INFO] - Added data to batch for client 0: {'round': 2, 'step_no': 69, 'loss': 0.5868076086044312, 'accuracy': 0.75, 'l2_norm': 3.105206251144409, 'computation_time': 0.04563307762145996, 'batch_time': 0.06003864285594318, 'rtc_check_time': 0.013347701999009587, 'experiment_id': 'exp_20240619_193526', 'client_id': 0}
[2024-06-19 19:35:52,745][root][INFO] - Added data to batch for client 0: {'round': 2, 'step_no': 70, 'loss': 0.35803550481796265, 'accuracy': 0.7539893388748169, 'l2_norm': 3.177419424057007, 'computation_time': 0.04672598838806152, 'batch_time': 0.05082629698154051, 'rtc_check_time': 0.0029044010007055476, 'experiment_id': 'exp_20240619_193526', 'client_id': 0}
[2024-06-19 19:35:52,747][root][INFO] - Added data to batch for client 0: {'round': 2, 'step_no': 71, 'loss': 0.49387356638908386, 'accuracy': 0.755859375, 'l2_norm': 3.2770884037017822, 'computation_time': 0.048703908920288086, 'batch_time': 0.052249918720917776, 'rtc_check_time': 0.002314101002411917, 'experiment_id': 'exp_20240619_193526', 'client_id': 0}
[2024-06-19 19:35:52,748][root][INFO] - Added data to batch for client 0: {'round': 2, 'step_no': 72, 'loss': 0.44405096769332886, 'accuracy': 0.7589285969734192, 'l2_norm': 3.296126127243042, 'computation_time': 0.054071903228759766, 'batch_time': 0.05910410359501839, 'rtc_check_time': 0.0032412000000476837, 'experiment_id': 'exp_20240619_193526', 'client_id': 0}
[2024-06-19 19:35:52,750][root][INFO] - Added data to batch for client 0: {'round': 2, 'step_no': 73, 'loss': 0.5302101373672485, 'accuracy': 0.7612500190734863, 'l2_norm': 3.3984577655792236, 'computation_time': 0.0663139820098877, 'batch_time': 0.0696517437172588, 'rtc_check_time': 0.0019298999977763742, 'experiment_id': 'exp_20240619_193526', 'client_id': 0}
[2024-06-19 19:35:52,751][root][INFO] - Added data to batch for client 0: {'round': 2, 'step_no': 74, 'loss': 0.3297681510448456, 'accuracy': 0.7640931606292725, 'l2_norm': 3.4605355262756348, 'computation_time': 0.06840205192565918, 'batch_time': 0.07156063817819813, 'rtc_check_time': 0.001838700998632703, 'experiment_id': 'exp_20240619_193526', 'client_id': 0}
[2024-06-19 19:35:52,752][root][INFO] - Added data to batch for client 0: {'round': 2, 'step_no': 75, 'loss': 0.922370195388794, 'accuracy': 0.762620210647583, 'l2_norm': 3.5849788188934326, 'computation_time': 0.05463409423828125, 'batch_time': 0.05894571640965296, 'rtc_check_time': 0.0031057009982760064, 'experiment_id': 'exp_20240619_193526', 'client_id': 0}
[2024-06-19 19:35:52,753][root][INFO] - Added data to batch for client 0: {'round': 2, 'step_no': 76, 'loss': 0.6436955332756042, 'accuracy': 0.7635613083839417, 'l2_norm': 3.578237771987915, 'computation_time': 0.050260066986083984, 'batch_time': 0.05552149177674437, 'rtc_check_time': 0.003947500001231674, 'experiment_id': 'exp_20240619_193526', 'client_id': 0}
[2024-06-19 19:35:52,753][root][INFO] - Added data to batch for client 0: {'round': 2, 'step_no': 77, 'loss': 0.43430542945861816, 'accuracy': 0.7662037014961243, 'l2_norm': 3.667318344116211, 'computation_time': 0.04645395278930664, 'batch_time': 0.054333118110662326, 'rtc_check_time': 0.006571200996404514, 'experiment_id': 'exp_20240619_193526', 'client_id': 0}
[2024-06-19 19:35:52,754][root][INFO] - Added data to batch for client 0: {'round': 2, 'step_no': 78, 'loss': 0.6756832599639893, 'accuracy': 0.7670454382896423, 'l2_norm': 3.6920745372772217, 'computation_time': 0.042986154556274414, 'batch_time': 0.046916673229134176, 'rtc_check_time': 0.002838799999153707, 'experiment_id': 'exp_20240619_193526', 'client_id': 0}
[2024-06-19 19:35:52,755][root][INFO] - Added data to batch for client 0: {'round': 2, 'step_no': 79, 'loss': 0.6602356433868408, 'accuracy': 0.7667410969734192, 'l2_norm': 3.807704210281372, 'computation_time': 0.04259014129638672, 'batch_time': 0.046413332493102644, 'rtc_check_time': 0.0025734010050655343, 'experiment_id': 'exp_20240619_193526', 'client_id': 0}
[2024-06-19 19:35:52,756][root][INFO] - Added data to batch for client 0: {'round': 2, 'step_no': 80, 'loss': 0.41073286533355713, 'accuracy': 0.7675438523292542, 'l2_norm': 3.8335506916046143, 'computation_time': 0.042157888412475586, 'batch_time': 0.04915042492939392, 'rtc_check_time': 0.005951601000560913, 'experiment_id': 'exp_20240619_193526', 'client_id': 0}
[2024-06-19 19:35:52,757][root][INFO] - Added data to batch for client 0: {'round': 2, 'step_no': 81, 'loss': 0.3270409107208252, 'accuracy': 0.7710129022598267, 'l2_norm': 3.9056026935577393, 'computation_time': 0.04607892036437988, 'batch_time': 0.050299822047236376, 'rtc_check_time': 0.0026079999952344224, 'experiment_id': 'exp_20240619_193526', 'client_id': 0}
[2024-06-19 19:35:52,757][root][INFO] - Added data to batch for client 0: {'round': 2, 'step_no': 82, 'loss': 0.5031927824020386, 'accuracy': 0.773834764957428, 'l2_norm': 3.9815797805786133, 'computation_time': 0.04445695877075195, 'batch_time': 0.0467912763269851, 'rtc_check_time': 0.00123639999947045, 'experiment_id': 'exp_20240619_193526', 'client_id': 0}
[2024-06-19 19:35:52,758][root][INFO] - Added data to batch for client 0: {'round': 2, 'step_no': 83, 'loss': 0.5874706506729126, 'accuracy': 0.7755208611488342, 'l2_norm': 4.064114093780518, 'computation_time': 0.04469609260559082, 'batch_time': 0.04849279802147066, 'rtc_check_time': 0.002289899995957967, 'experiment_id': 'exp_20240619_193526', 'client_id': 0}
[2024-06-19 19:35:52,759][root][INFO] - Added data to batch for client 0: {'round': 2, 'step_no': 84, 'loss': 0.32844892144203186, 'accuracy': 0.7776639461517334, 'l2_norm': 4.126765727996826, 'computation_time': 0.04556989669799805, 'batch_time': 0.05068677207600558, 'rtc_check_time': 0.003656799999589566, 'experiment_id': 'exp_20240619_193526', 'client_id': 0}
[2024-06-19 19:35:52,761][root][INFO] - Added data to batch for client 0: {'round': 2, 'step_no': 85, 'loss': 0.27963680028915405, 'accuracy': 0.7802419066429138, 'l2_norm': 4.242738246917725, 'computation_time': 0.06507110595703125, 'batch_time': 0.06782640796154737, 'rtc_check_time': 0.001528399996459484, 'experiment_id': 'exp_20240619_193526', 'client_id': 0}
[2024-06-19 19:35:52,762][root][INFO] - Added data to batch for client 0: {'round': 2, 'step_no': 86, 'loss': 0.36325448751449585, 'accuracy': 0.7822420597076416, 'l2_norm': 4.3250250816345215, 'computation_time': 0.0516970157623291, 'batch_time': 0.06277684279484674, 'rtc_check_time': 0.009383002005051821, 'experiment_id': 'exp_20240619_193526', 'client_id': 0}
[2024-06-19 19:35:52,763][root][INFO] - Added data to batch for client 0: {'round': 2, 'step_no': 87, 'loss': 0.38222843408584595, 'accuracy': 0.783203125, 'l2_norm': 4.422031402587891, 'computation_time': 0.046875, 'batch_time': 0.06355295198591193, 'rtc_check_time': 0.015205002004222479, 'experiment_id': 'exp_20240619_193526', 'client_id': 0}
[2024-06-19 19:35:52,764][root][INFO] - Added data to batch for client 0: {'round': 2, 'step_no': 88, 'loss': 0.4026868939399719, 'accuracy': 0.7850961685180664, 'l2_norm': 4.478799343109131, 'computation_time': 0.050408124923706055, 'batch_time': 0.05371240106615005, 'rtc_check_time': 0.002019200001086574, 'experiment_id': 'exp_20240619_193526', 'client_id': 0}
[2024-06-19 19:35:52,765][root][INFO] - Added data to batch for client 0: {'round': 2, 'step_no': 89, 'loss': 0.45398271083831787, 'accuracy': 0.7864583134651184, 'l2_norm': 4.540432453155518, 'computation_time': 0.05498385429382324, 'batch_time': 0.057734327820071485, 'rtc_check_time': 0.0015734010012238286, 'experiment_id': 'exp_20240619_193526', 'client_id': 0}
[2024-06-19 19:35:52,766][root][INFO] - Added data to batch for client 0: {'round': 2, 'step_no': 90, 'loss': 0.2903830111026764, 'accuracy': 0.7882462739944458, 'l2_norm': 4.628216743469238, 'computation_time': 0.05233001708984375, 'batch_time': 0.05584838523645885, 'rtc_check_time': 0.0022743000008631498, 'experiment_id': 'exp_20240619_193526', 'client_id': 0}
[2024-06-19 19:35:52,766][root][INFO] - Added data to batch for client 0: {'round': 2, 'step_no': 91, 'loss': 0.7492421865463257, 'accuracy': 0.7881433963775635, 'l2_norm': 4.781689167022705, 'computation_time': 0.049195051193237305, 'batch_time': 0.053124999765714165, 'rtc_check_time': 0.002529001001676079, 'experiment_id': 'exp_20240619_193526', 'client_id': 0}
[2024-06-19 19:35:52,767][root][INFO] - Added data to batch for client 0: {'round': 2, 'step_no': 92, 'loss': 0.6829862594604492, 'accuracy': 0.7875905632972717, 'l2_norm': 4.836167812347412, 'computation_time': 0.05530118942260742, 'batch_time': 0.06012985410052352, 'rtc_check_time': 0.003559800999937579, 'experiment_id': 'exp_20240619_193526', 'client_id': 0}
[2024-06-19 19:35:52,768][root][INFO] - Added data to batch for client 0: {'round': 2, 'step_no': 93, 'loss': 0.3166056275367737, 'accuracy': 0.7892857193946838, 'l2_norm': 4.940448760986328, 'computation_time': 0.06662893295288086, 'batch_time': 0.07138469837082084, 'rtc_check_time': 0.0031977000035112724, 'experiment_id': 'exp_20240619_193526', 'client_id': 0}
[2024-06-19 19:35:52,769][root][INFO] - Added data to batch for client 0: {'round': 2, 'step_no': 94, 'loss': 0.524583101272583, 'accuracy': 0.7904929518699646, 'l2_norm': 4.960373401641846, 'computation_time': 0.05620098114013672, 'batch_time': 0.06104410813713912, 'rtc_check_time': 0.0034932010021293536, 'experiment_id': 'exp_20240619_193526', 'client_id': 0}
[2024-06-19 19:35:52,769][root][INFO] - Added data to batch for client 0: {'round': 2, 'step_no': 95, 'loss': 0.46105727553367615, 'accuracy': 0.7912326455116272, 'l2_norm': 5.034747123718262, 'computation_time': 0.058654069900512695, 'batch_time': 0.06994909243076108, 'rtc_check_time': 0.009317101998021826, 'experiment_id': 'exp_20240619_193526', 'client_id': 0}
[2024-06-19 19:35:52,770][root][INFO] - Added data to batch for client 0: {'round': 2, 'step_no': 96, 'loss': 0.2786158323287964, 'accuracy': 0.7932363152503967, 'l2_norm': 5.074724197387695, 'computation_time': 0.046897172927856445, 'batch_time': 0.05206606774299871, 'rtc_check_time': 0.00279210000007879, 'experiment_id': 'exp_20240619_193526', 'client_id': 0}
[2024-06-19 19:35:52,771][root][INFO] - Added data to batch for client 0: {'round': 2, 'step_no': 97, 'loss': 0.48902106285095215, 'accuracy': 0.7934966087341309, 'l2_norm': 5.148890018463135, 'computation_time': 0.042886972427368164, 'batch_time': 0.050901290225738194, 'rtc_check_time': 0.006741401004546788, 'experiment_id': 'exp_20240619_193526', 'client_id': 0}
[2024-06-19 19:35:52,771][root][INFO] - Added batch data list for client 0. New Data Added: 74
[2024-06-19 19:35:52,772][root][INFO] - Batch data saved to /home/psklavos/fl/geom_aio/csv_logs/exp_20240619_193526/clients/client_0/batch.csv
[2024-06-19 19:35:52,773][root][INFO] - Added data to epoch for client 2: {'round': 2, 'epoch_steps': 74, 'total_steps': 97, 'l2_norm': 5.176497936248779, 'total_computation_time': 3.797452688217163, 'total_rtc_check_time': 0.31370201901881956, 'total_duration': 4.391374111175537, 'val_loss': 0.42939966917037964, 'val_accuracy': 0.8740000128746033, 'experiment_id': 'exp_20240619_193526', 'client_id': '2'}
[2024-06-19 19:35:52,773][root][INFO] - Added epoch data for client 2: {'round': 2, 'epoch_steps': 74, 'total_steps': 97, 'l2_norm': 5.176497936248779, 'total_computation_time': 3.797452688217163, 'total_rtc_check_time': 0.31370201901881956, 'total_duration': 4.391374111175537, 'val_loss': 0.42939966917037964, 'val_accuracy': 0.8740000128746033, 'experiment_id': 'exp_20240619_193526', 'client_id': '2'}
[2024-06-19 19:35:52,774][root][INFO] - Epoch data saved to /home/psklavos/fl/geom_aio/csv_logs/exp_20240619_193526/clients/client_2/epoch.csv
[2024-06-19 19:35:52,775][root][INFO] - Added data to batch for client 2: {'round': 2, 'step_no': 24, 'loss': 1.061225414276123, 'accuracy': 0.78125, 'l2_norm': 0.05352606624364853, 'computation_time': 0.04511594772338867, 'batch_time': 0.04973320907447487, 'rtc_check_time': 0.003378199995495379, 'experiment_id': 'exp_20240619_193526', 'client_id': 2}
[2024-06-19 19:35:52,776][root][INFO] - Added data to batch for client 2: {'round': 2, 'step_no': 25, 'loss': 1.1716973781585693, 'accuracy': 0.703125, 'l2_norm': 0.13782981038093567, 'computation_time': 0.0510101318359375, 'batch_time': 0.06677504054823657, 'rtc_check_time': 0.014575200002582278, 'experiment_id': 'exp_20240619_193526', 'client_id': 2}
[2024-06-19 19:35:52,777][root][INFO] - Added data to batch for client 2: {'round': 2, 'step_no': 26, 'loss': 1.568811058998108, 'accuracy': 0.59375, 'l2_norm': 0.1929440051317215, 'computation_time': 0.05643296241760254, 'batch_time': 0.07018965402676258, 'rtc_check_time': 0.011831700001494028, 'experiment_id': 'exp_20240619_193526', 'client_id': 2}
[2024-06-19 19:35:52,778][root][INFO] - Added data to batch for client 2: {'round': 2, 'step_no': 27, 'loss': 1.2789055109024048, 'accuracy': 0.59375, 'l2_norm': 0.23747164011001587, 'computation_time': 0.07093405723571777, 'batch_time': 0.07354051170841558, 'rtc_check_time': 0.0014145999957690947, 'experiment_id': 'exp_20240619_193526', 'client_id': 2}
[2024-06-19 19:35:52,779][root][INFO] - Added data to batch for client 2: {'round': 2, 'step_no': 28, 'loss': 1.3449528217315674, 'accuracy': 0.5874999761581421, 'l2_norm': 0.3168153166770935, 'computation_time': 0.04347395896911621, 'batch_time': 0.046894968501874246, 'rtc_check_time': 0.0021077999990666285, 'experiment_id': 'exp_20240619_193526', 'client_id': 2}
[2024-06-19 19:35:52,780][root][INFO] - Added data to batch for client 2: {'round': 2, 'step_no': 29, 'loss': 1.2441065311431885, 'accuracy': 0.5989583134651184, 'l2_norm': 0.3499337434768677, 'computation_time': 0.04109501838684082, 'batch_time': 0.04348943474178668, 'rtc_check_time': 0.0013325000036275014, 'experiment_id': 'exp_20240619_193526', 'client_id': 2}
[2024-06-19 19:35:52,781][root][INFO] - Added data to batch for client 2: {'round': 2, 'step_no': 30, 'loss': 1.0475518703460693, 'accuracy': 0.5982142686843872, 'l2_norm': 0.3760697543621063, 'computation_time': 0.04197287559509277, 'batch_time': 0.045477591920644045, 'rtc_check_time': 0.0021865000016987324, 'experiment_id': 'exp_20240619_193526', 'client_id': 2}
[2024-06-19 19:35:52,782][root][INFO] - Added data to batch for client 2: {'round': 2, 'step_no': 31, 'loss': 1.17560875415802, 'accuracy': 0.59375, 'l2_norm': 0.42587023973464966, 'computation_time': 0.04340100288391113, 'batch_time': 0.04609348834492266, 'rtc_check_time': 0.0015445000026375055, 'experiment_id': 'exp_20240619_193526', 'client_id': 2}
[2024-06-19 19:35:52,782][root][INFO] - Added data to batch for client 2: {'round': 2, 'step_no': 32, 'loss': 1.1361838579177856, 'accuracy': 0.5972222089767456, 'l2_norm': 0.4952172338962555, 'computation_time': 0.059271812438964844, 'batch_time': 0.06323597874143161, 'rtc_check_time': 0.0019841000030282885, 'experiment_id': 'exp_20240619_193526', 'client_id': 2}
[2024-06-19 19:35:52,783][root][INFO] - Added data to batch for client 2: {'round': 2, 'step_no': 33, 'loss': 0.9369711875915527, 'accuracy': 0.612500011920929, 'l2_norm': 0.5440520644187927, 'computation_time': 0.0937049388885498, 'batch_time': 0.1158702067550621, 'rtc_check_time': 0.01916930000152206, 'experiment_id': 'exp_20240619_193526', 'client_id': 2}
[2024-06-19 19:35:52,784][root][INFO] - Added data to batch for client 2: {'round': 2, 'step_no': 34, 'loss': 0.8599289655685425, 'accuracy': 0.6221590638160706, 'l2_norm': 0.6070204377174377, 'computation_time': 0.0656280517578125, 'batch_time': 0.07410869615705451, 'rtc_check_time': 0.006165599996165838, 'experiment_id': 'exp_20240619_193526', 'client_id': 2}
[2024-06-19 19:35:52,785][root][INFO] - Added data to batch for client 2: {'round': 2, 'step_no': 35, 'loss': 0.8214341402053833, 'accuracy': 0.6276041865348816, 'l2_norm': 0.6830158829689026, 'computation_time': 0.05219411849975586, 'batch_time': 0.055898220954986755, 'rtc_check_time': 0.002266200004669372, 'experiment_id': 'exp_20240619_193526', 'client_id': 2}
[2024-06-19 19:35:52,785][root][INFO] - Added data to batch for client 2: {'round': 2, 'step_no': 36, 'loss': 0.8716943264007568, 'accuracy': 0.6370192170143127, 'l2_norm': 0.7502120733261108, 'computation_time': 0.042704105377197266, 'batch_time': 0.04586681255750591, 'rtc_check_time': 0.001622999996470753, 'experiment_id': 'exp_20240619_193526', 'client_id': 2}
[2024-06-19 19:35:52,787][root][INFO] - Added data to batch for client 2: {'round': 2, 'step_no': 37, 'loss': 1.1747081279754639, 'accuracy': 0.6361607313156128, 'l2_norm': 0.7885237336158752, 'computation_time': 0.04385495185852051, 'batch_time': 0.046718420009710826, 'rtc_check_time': 0.001619400005438365, 'experiment_id': 'exp_20240619_193526', 'client_id': 2}
[2024-06-19 19:35:52,788][root][INFO] - Added data to batch for client 2: {'round': 2, 'step_no': 38, 'loss': 0.7907974720001221, 'accuracy': 0.6499999761581421, 'l2_norm': 0.8712682723999023, 'computation_time': 0.038072824478149414, 'batch_time': 0.04131686072651064, 'rtc_check_time': 0.0021217999965301715, 'experiment_id': 'exp_20240619_193526', 'client_id': 2}
[2024-06-19 19:35:52,789][root][INFO] - Added data to batch for client 2: {'round': 2, 'step_no': 39, 'loss': 0.6766301393508911, 'accuracy': 0.65625, 'l2_norm': 0.953018844127655, 'computation_time': 0.04282999038696289, 'batch_time': 0.04533724997600075, 'rtc_check_time': 0.0013010999973630533, 'experiment_id': 'exp_20240619_193526', 'client_id': 2}
[2024-06-19 19:35:52,789][root][INFO] - Added data to batch for client 2: {'round': 2, 'step_no': 40, 'loss': 0.7686411142349243, 'accuracy': 0.6654411554336548, 'l2_norm': 1.019118070602417, 'computation_time': 0.0381619930267334, 'batch_time': 0.045621672899869736, 'rtc_check_time': 0.006280699999479111, 'experiment_id': 'exp_20240619_193526', 'client_id': 2}
[2024-06-19 19:35:52,790][root][INFO] - Added data to batch for client 2: {'round': 2, 'step_no': 41, 'loss': 1.1180498600006104, 'accuracy': 0.6649305820465088, 'l2_norm': 1.1035619974136353, 'computation_time': 0.04634904861450195, 'batch_time': 0.04938105709152296, 'rtc_check_time': 0.0014140999992378056, 'experiment_id': 'exp_20240619_193526', 'client_id': 2}
[2024-06-19 19:35:52,791][root][INFO] - Added data to batch for client 2: {'round': 2, 'step_no': 42, 'loss': 0.8623553514480591, 'accuracy': 0.6661184430122375, 'l2_norm': 1.1708091497421265, 'computation_time': 0.04388880729675293, 'batch_time': 0.051160154514946043, 'rtc_check_time': 0.006039200001396239, 'experiment_id': 'exp_20240619_193526', 'client_id': 2}
[2024-06-19 19:35:52,792][root][INFO] - Added data to batch for client 2: {'round': 2, 'step_no': 43, 'loss': 0.934977114200592, 'accuracy': 0.667187511920929, 'l2_norm': 1.2181003093719482, 'computation_time': 0.041185855865478516, 'batch_time': 0.04403330525383353, 'rtc_check_time': 0.0017182989977300167, 'experiment_id': 'exp_20240619_193526', 'client_id': 2}
[2024-06-19 19:35:52,792][root][INFO] - Added data to batch for client 2: {'round': 2, 'step_no': 44, 'loss': 0.8443429470062256, 'accuracy': 0.668154776096344, 'l2_norm': 1.3289387226104736, 'computation_time': 0.04387307167053223, 'batch_time': 0.04867977794492617, 'rtc_check_time': 0.0034327000030316412, 'experiment_id': 'exp_20240619_193526', 'client_id': 2}
[2024-06-19 19:35:52,793][root][INFO] - Added data to batch for client 2: {'round': 2, 'step_no': 45, 'loss': 0.958733856678009, 'accuracy': 0.6676136255264282, 'l2_norm': 1.3713384866714478, 'computation_time': 0.04477095603942871, 'batch_time': 0.054459576538647525, 'rtc_check_time': 0.008057598999585025, 'experiment_id': 'exp_20240619_193526', 'client_id': 2}
[2024-06-19 19:35:52,794][root][INFO] - Added data to batch for client 2: {'round': 2, 'step_no': 46, 'loss': 0.8525717258453369, 'accuracy': 0.6711956262588501, 'l2_norm': 1.4472898244857788, 'computation_time': 0.04537606239318848, 'batch_time': 0.060286291562078986, 'rtc_check_time': 0.013663300000189338, 'experiment_id': 'exp_20240619_193526', 'client_id': 2}
[2024-06-19 19:35:52,795][root][INFO] - Added data to batch for client 2: {'round': 2, 'step_no': 47, 'loss': 0.8641065955162048, 'accuracy': 0.6731770634651184, 'l2_norm': 1.5600777864456177, 'computation_time': 0.05565190315246582, 'batch_time': 0.061056207661749795, 'rtc_check_time': 0.004063200001837686, 'experiment_id': 'exp_20240619_193526', 'client_id': 2}
[2024-06-19 19:35:52,796][root][INFO] - Added data to batch for client 2: {'round': 2, 'step_no': 48, 'loss': 0.735821008682251, 'accuracy': 0.6787499785423279, 'l2_norm': 1.6248680353164673, 'computation_time': 0.06013298034667969, 'batch_time': 0.06414138191757957, 'rtc_check_time': 0.0021813999992446043, 'experiment_id': 'exp_20240619_193526', 'client_id': 2}
[2024-06-19 19:35:52,796][root][INFO] - Added data to batch for client 2: {'round': 2, 'step_no': 49, 'loss': 0.7435834407806396, 'accuracy': 0.6838942170143127, 'l2_norm': 1.6725984811782837, 'computation_time': 0.05616497993469238, 'batch_time': 0.05876516857097158, 'rtc_check_time': 0.0015552000040770508, 'experiment_id': 'exp_20240619_193526', 'client_id': 2}
[2024-06-19 19:35:52,797][root][INFO] - Added data to batch for client 2: {'round': 2, 'step_no': 50, 'loss': 0.9417886734008789, 'accuracy': 0.6851851940155029, 'l2_norm': 1.7597274780273438, 'computation_time': 0.04243302345275879, 'batch_time': 0.045113095329725184, 'rtc_check_time': 0.0015420999989146367, 'experiment_id': 'exp_20240619_193526', 'client_id': 2}
[2024-06-19 19:35:52,798][root][INFO] - Added data to batch for client 2: {'round': 2, 'step_no': 51, 'loss': 0.9528518319129944, 'accuracy': 0.6830357313156128, 'l2_norm': 1.827143907546997, 'computation_time': 0.047486066818237305, 'batch_time': 0.05687468911492033, 'rtc_check_time': 0.0073778000005404465, 'experiment_id': 'exp_20240619_193526', 'client_id': 2}
[2024-06-19 19:35:52,799][root][INFO] - Added data to batch for client 2: {'round': 2, 'step_no': 52, 'loss': 0.6842309832572937, 'accuracy': 0.6907327771186829, 'l2_norm': 1.8775439262390137, 'computation_time': 0.051545143127441406, 'batch_time': 0.054672280290105846, 'rtc_check_time': 0.001839199998357799, 'experiment_id': 'exp_20240619_193526', 'client_id': 2}
[2024-06-19 19:35:52,800][root][INFO] - Added data to batch for client 2: {'round': 2, 'step_no': 53, 'loss': 0.5191545486450195, 'accuracy': 0.6979166865348816, 'l2_norm': 1.970078468322754, 'computation_time': 0.04947090148925781, 'batch_time': 0.05331382560689235, 'rtc_check_time': 0.002311800002644304, 'experiment_id': 'exp_20240619_193526', 'client_id': 2}
[2024-06-19 19:35:52,801][root][INFO] - Added data to batch for client 2: {'round': 2, 'step_no': 54, 'loss': 0.8322186470031738, 'accuracy': 0.6995967626571655, 'l2_norm': 2.024259090423584, 'computation_time': 0.044921159744262695, 'batch_time': 0.05018941772141261, 'rtc_check_time': 0.003754299999854993, 'experiment_id': 'exp_20240619_193526', 'client_id': 2}
[2024-06-19 19:35:52,801][root][INFO] - Added data to batch for client 2: {'round': 2, 'step_no': 55, 'loss': 0.4900779724121094, 'accuracy': 0.7060546875, 'l2_norm': 2.0793981552124023, 'computation_time': 0.04752993583679199, 'batch_time': 0.05131045701273251, 'rtc_check_time': 0.002574600002844818, 'experiment_id': 'exp_20240619_193526', 'client_id': 2}
[2024-06-19 19:35:52,802][root][INFO] - Added data to batch for client 2: {'round': 2, 'step_no': 56, 'loss': 0.6148717403411865, 'accuracy': 0.7092803120613098, 'l2_norm': 2.15048885345459, 'computation_time': 0.04862403869628906, 'batch_time': 0.05270150038268184, 'rtc_check_time': 0.002413300004263874, 'experiment_id': 'exp_20240619_193526', 'client_id': 2}
[2024-06-19 19:35:52,803][root][INFO] - Added data to batch for client 2: {'round': 2, 'step_no': 57, 'loss': 0.5684678554534912, 'accuracy': 0.7113970518112183, 'l2_norm': 2.2385146617889404, 'computation_time': 0.05103898048400879, 'batch_time': 0.05688647264469182, 'rtc_check_time': 0.003925599994545337, 'experiment_id': 'exp_20240619_193526', 'client_id': 2}
[2024-06-19 19:35:52,804][root][INFO] - Added data to batch for client 2: {'round': 2, 'step_no': 58, 'loss': 0.5738365054130554, 'accuracy': 0.7151785492897034, 'l2_norm': 2.3089418411254883, 'computation_time': 0.0555570125579834, 'batch_time': 0.06132601042918395, 'rtc_check_time': 0.004092200004379265, 'experiment_id': 'exp_20240619_193526', 'client_id': 2}
[2024-06-19 19:35:52,805][root][INFO] - Added data to batch for client 2: {'round': 2, 'step_no': 59, 'loss': 0.866585910320282, 'accuracy': 0.7135416865348816, 'l2_norm': 2.4032530784606934, 'computation_time': 0.06280899047851562, 'batch_time': 0.07579609911772422, 'rtc_check_time': 0.009406299999682233, 'experiment_id': 'exp_20240619_193526', 'client_id': 2}
[2024-06-19 19:35:52,805][root][INFO] - Added data to batch for client 2: {'round': 2, 'step_no': 60, 'loss': 0.8398733139038086, 'accuracy': 0.7136824131011963, 'l2_norm': 2.496112823486328, 'computation_time': 0.06128406524658203, 'batch_time': 0.06978623419854557, 'rtc_check_time': 0.006067200003599282, 'experiment_id': 'exp_20240619_193526', 'client_id': 2}
[2024-06-19 19:35:52,806][root][INFO] - Added data to batch for client 2: {'round': 2, 'step_no': 61, 'loss': 1.0285543203353882, 'accuracy': 0.7113487124443054, 'l2_norm': 2.6152942180633545, 'computation_time': 0.05609703063964844, 'batch_time': 0.06259197129838867, 'rtc_check_time': 0.004884899994067382, 'experiment_id': 'exp_20240619_193526', 'client_id': 2}
[2024-06-19 19:35:52,807][root][INFO] - Added data to batch for client 2: {'round': 2, 'step_no': 62, 'loss': 0.97736656665802, 'accuracy': 0.7099359035491943, 'l2_norm': 2.6749696731567383, 'computation_time': 0.05367112159729004, 'batch_time': 0.06247269820596557, 'rtc_check_time': 0.007561799997347407, 'experiment_id': 'exp_20240619_193526', 'client_id': 2}
[2024-06-19 19:35:52,807][root][INFO] - Added data to batch for client 2: {'round': 2, 'step_no': 63, 'loss': 0.576515793800354, 'accuracy': 0.711718738079071, 'l2_norm': 2.728750705718994, 'computation_time': 0.05063199996948242, 'batch_time': 0.05952972938393941, 'rtc_check_time': 0.006456800001615193, 'experiment_id': 'exp_20240619_193526', 'client_id': 2}
[2024-06-19 19:35:52,808][root][INFO] - Added data to batch for client 2: {'round': 2, 'step_no': 64, 'loss': 0.5512519478797913, 'accuracy': 0.7157012224197388, 'l2_norm': 2.834362745285034, 'computation_time': 0.06438207626342773, 'batch_time': 0.06704768385679927, 'rtc_check_time': 0.0014697000005980954, 'experiment_id': 'exp_20240619_193526', 'client_id': 2}
[2024-06-19 19:35:52,809][root][INFO] - Added data to batch for client 2: {'round': 2, 'step_no': 65, 'loss': 0.6259008049964905, 'accuracy': 0.7180059552192688, 'l2_norm': 2.928497552871704, 'computation_time': 0.057801008224487305, 'batch_time': 0.06285942304384662, 'rtc_check_time': 0.003854400994896423, 'experiment_id': 'exp_20240619_193526', 'client_id': 2}
[2024-06-19 19:35:52,810][root][INFO] - Added data to batch for client 2: {'round': 2, 'step_no': 66, 'loss': 0.5647408366203308, 'accuracy': 0.7202034592628479, 'l2_norm': 3.0273470878601074, 'computation_time': 0.051199913024902344, 'batch_time': 0.054737648664740846, 'rtc_check_time': 0.00210770100238733, 'experiment_id': 'exp_20240619_193526', 'client_id': 2}
[2024-06-19 19:35:52,810][root][INFO] - Added data to batch for client 2: {'round': 2, 'step_no': 67, 'loss': 0.5823885798454285, 'accuracy': 0.7215909361839294, 'l2_norm': 3.096791982650757, 'computation_time': 0.05223894119262695, 'batch_time': 0.05620792914851336, 'rtc_check_time': 0.002706799998122733, 'experiment_id': 'exp_20240619_193526', 'client_id': 2}
[2024-06-19 19:35:52,811][root][INFO] - Added data to batch for client 2: {'round': 2, 'step_no': 68, 'loss': 0.4674174189567566, 'accuracy': 0.7229166626930237, 'l2_norm': 3.1570374965667725, 'computation_time': 0.04591202735900879, 'batch_time': 0.049535688100149855, 'rtc_check_time': 0.001868899998953566, 'experiment_id': 'exp_20240619_193526', 'client_id': 2}
[2024-06-19 19:35:52,812][root][INFO] - Added data to batch for client 2: {'round': 2, 'step_no': 69, 'loss': 0.7539627552032471, 'accuracy': 0.7241848111152649, 'l2_norm': 3.2460641860961914, 'computation_time': 0.057077884674072266, 'batch_time': 0.06084150047536241, 'rtc_check_time': 0.001887500002339948, 'experiment_id': 'exp_20240619_193526', 'client_id': 2}
[2024-06-19 19:35:52,812][root][INFO] - Added data to batch for client 2: {'round': 2, 'step_no': 70, 'loss': 0.4326954483985901, 'accuracy': 0.7267287373542786, 'l2_norm': 3.319082021713257, 'computation_time': 0.04816913604736328, 'batch_time': 0.050956199163920246, 'rtc_check_time': 0.0015150999970501289, 'experiment_id': 'exp_20240619_193526', 'client_id': 2}
[2024-06-19 19:35:52,813][root][INFO] - Added data to batch for client 2: {'round': 2, 'step_no': 71, 'loss': 0.751522421836853, 'accuracy': 0.7272135615348816, 'l2_norm': 3.3500678539276123, 'computation_time': 0.04914093017578125, 'batch_time': 0.052369998673384544, 'rtc_check_time': 0.0020241009988239966, 'experiment_id': 'exp_20240619_193526', 'client_id': 2}
[2024-06-19 19:35:52,814][root][INFO] - Added data to batch for client 2: {'round': 2, 'step_no': 72, 'loss': 0.5389175415039062, 'accuracy': 0.7295918464660645, 'l2_norm': 3.435328960418701, 'computation_time': 0.052232980728149414, 'batch_time': 0.05933615460526198, 'rtc_check_time': 0.005757300998084247, 'experiment_id': 'exp_20240619_193526', 'client_id': 2}
[2024-06-19 19:35:52,814][root][INFO] - Added data to batch for client 2: {'round': 2, 'step_no': 73, 'loss': 0.6967084407806396, 'accuracy': 0.731249988079071, 'l2_norm': 3.5057642459869385, 'computation_time': 0.058860063552856445, 'batch_time': 0.06967807938053738, 'rtc_check_time': 0.009614002003218047, 'experiment_id': 'exp_20240619_193526', 'client_id': 2}
[2024-06-19 19:35:52,815][root][INFO] - Added data to batch for client 2: {'round': 2, 'step_no': 74, 'loss': 0.6665337681770325, 'accuracy': 0.7334558963775635, 'l2_norm': 3.608633518218994, 'computation_time': 0.057260990142822266, 'batch_time': 0.07153260785707971, 'rtc_check_time': 0.01162660199770471, 'experiment_id': 'exp_20240619_193526', 'client_id': 2}
[2024-06-19 19:35:52,816][root][INFO] - Added data to batch for client 2: {'round': 2, 'step_no': 75, 'loss': 0.3654811382293701, 'accuracy': 0.7367788553237915, 'l2_norm': 3.6469249725341797, 'computation_time': 0.055214881896972656, 'batch_time': 0.059278331078530755, 'rtc_check_time': 0.0029702999963774346, 'experiment_id': 'exp_20240619_193526', 'client_id': 2}
[2024-06-19 19:35:52,816][root][INFO] - Added data to batch for client 2: {'round': 2, 'step_no': 76, 'loss': 0.3691452741622925, 'accuracy': 0.739386796951294, 'l2_norm': 3.7133052349090576, 'computation_time': 0.0520319938659668, 'batch_time': 0.055409631473594345, 'rtc_check_time': 0.0018787000008160248, 'experiment_id': 'exp_20240619_193526', 'client_id': 2}
[2024-06-19 19:35:52,817][root][INFO] - Added data to batch for client 2: {'round': 2, 'step_no': 77, 'loss': 0.3991009294986725, 'accuracy': 0.7413194179534912, 'l2_norm': 3.8277058601379395, 'computation_time': 0.05052804946899414, 'batch_time': 0.05441283396066865, 'rtc_check_time': 0.002389900000707712, 'experiment_id': 'exp_20240619_193526', 'client_id': 2}
[2024-06-19 19:35:52,818][root][INFO] - Added data to batch for client 2: {'round': 2, 'step_no': 78, 'loss': 1.0016634464263916, 'accuracy': 0.738068163394928, 'l2_norm': 3.917630672454834, 'computation_time': 0.04463505744934082, 'batch_time': 0.04703149863780709, 'rtc_check_time': 0.0013442999988910742, 'experiment_id': 'exp_20240619_193526', 'client_id': 2}
[2024-06-19 19:35:52,819][root][INFO] - Added data to batch for client 2: {'round': 2, 'step_no': 79, 'loss': 0.7134311199188232, 'accuracy': 0.73828125, 'l2_norm': 3.9521584510803223, 'computation_time': 0.04314994812011719, 'batch_time': 0.04651990368438419, 'rtc_check_time': 0.0021359009988373145, 'experiment_id': 'exp_20240619_193526', 'client_id': 2}
[2024-06-19 19:35:52,819][root][INFO] - Added data to batch for client 2: {'round': 2, 'step_no': 80, 'loss': 0.5593767762184143, 'accuracy': 0.7390350699424744, 'l2_norm': 4.040453910827637, 'computation_time': 0.045768022537231445, 'batch_time': 0.04876471160969231, 'rtc_check_time': 0.0019486009987303987, 'experiment_id': 'exp_20240619_193526', 'client_id': 2}
[2024-06-19 19:35:52,820][root][INFO] - Added data to batch for client 2: {'round': 2, 'step_no': 81, 'loss': 0.437213659286499, 'accuracy': 0.7413793206214905, 'l2_norm': 4.1363911628723145, 'computation_time': 0.04583120346069336, 'batch_time': 0.05019257087406004, 'rtc_check_time': 0.002387499996984843, 'experiment_id': 'exp_20240619_193526', 'client_id': 2}
[2024-06-19 19:35:52,821][root][INFO] - Added data to batch for client 2: {'round': 2, 'step_no': 82, 'loss': 0.5883657932281494, 'accuracy': 0.742584764957428, 'l2_norm': 4.186644077301025, 'computation_time': 0.04262423515319824, 'batch_time': 0.04706723912386224, 'rtc_check_time': 0.003355099994223565, 'experiment_id': 'exp_20240619_193526', 'client_id': 2}
[2024-06-19 19:35:52,821][root][INFO] - Added data to batch for client 2: {'round': 2, 'step_no': 83, 'loss': 0.28901028633117676, 'accuracy': 0.745312511920929, 'l2_norm': 4.256478786468506, 'computation_time': 0.04432106018066406, 'batch_time': 0.048169910165597685, 'rtc_check_time': 0.002375900003244169, 'experiment_id': 'exp_20240619_193526', 'client_id': 2}
[2024-06-19 19:35:52,822][root][INFO] - Added data to batch for client 2: {'round': 2, 'step_no': 84, 'loss': 0.39802560210227966, 'accuracy': 0.7474385499954224, 'l2_norm': 4.3273725509643555, 'computation_time': 0.04627680778503418, 'batch_time': 0.05088263451762032, 'rtc_check_time': 0.0031746000022394583, 'experiment_id': 'exp_20240619_193526', 'client_id': 2}
[2024-06-19 19:35:52,823][root][INFO] - Added data to batch for client 2: {'round': 2, 'step_no': 85, 'loss': 0.6949414610862732, 'accuracy': 0.7484878897666931, 'l2_norm': 4.393330097198486, 'computation_time': 0.06079697608947754, 'batch_time': 0.06800195094547234, 'rtc_check_time': 0.005394901003455743, 'experiment_id': 'exp_20240619_193526', 'client_id': 2}
[2024-06-19 19:35:52,823][root][INFO] - Added data to batch for client 2: {'round': 2, 'step_no': 86, 'loss': 0.4429871737957001, 'accuracy': 0.7495039701461792, 'l2_norm': 4.474352836608887, 'computation_time': 0.05886197090148926, 'batch_time': 0.062417551896942314, 'rtc_check_time': 0.0017796009997255169, 'experiment_id': 'exp_20240619_193526', 'client_id': 2}
[2024-06-19 19:35:52,824][root][INFO] - Added data to batch for client 2: {'round': 2, 'step_no': 87, 'loss': 0.3432074189186096, 'accuracy': 0.7509765625, 'l2_norm': 4.550541877746582, 'computation_time': 0.06002306938171387, 'batch_time': 0.0634905309707392, 'rtc_check_time': 0.0018454999953974038, 'experiment_id': 'exp_20240619_193526', 'client_id': 2}
[2024-06-19 19:35:52,825][root][INFO] - Added data to batch for client 2: {'round': 2, 'step_no': 88, 'loss': 0.47242283821105957, 'accuracy': 0.7514423131942749, 'l2_norm': 4.6477580070495605, 'computation_time': 0.04648184776306152, 'batch_time': 0.053311696072341874, 'rtc_check_time': 0.005555501003982499, 'experiment_id': 'exp_20240619_193526', 'client_id': 2}
[2024-06-19 19:35:52,825][root][INFO] - Added data to batch for client 2: {'round': 2, 'step_no': 89, 'loss': 0.5421661138534546, 'accuracy': 0.7514204382896423, 'l2_norm': 4.664652347564697, 'computation_time': 0.05063199996948242, 'batch_time': 0.05781266176927602, 'rtc_check_time': 0.005938501002674457, 'experiment_id': 'exp_20240619_193526', 'client_id': 2}
[2024-06-19 19:35:52,826][root][INFO] - Added data to batch for client 2: {'round': 2, 'step_no': 90, 'loss': 0.7343507409095764, 'accuracy': 0.7513992786407471, 'l2_norm': 4.782684803009033, 'computation_time': 0.04813385009765625, 'batch_time': 0.055900376828503795, 'rtc_check_time': 0.006543201001477428, 'experiment_id': 'exp_20240619_193526', 'client_id': 2}
[2024-06-19 19:35:52,827][root][INFO] - Added data to batch for client 2: {'round': 2, 'step_no': 91, 'loss': 0.8289967775344849, 'accuracy': 0.7513786554336548, 'l2_norm': 4.834136009216309, 'computation_time': 0.04834794998168945, 'batch_time': 0.05324541539448546, 'rtc_check_time': 0.003547300999343861, 'experiment_id': 'exp_20240619_193526', 'client_id': 2}
[2024-06-19 19:35:52,828][root][INFO] - Added data to batch for client 2: {'round': 2, 'step_no': 92, 'loss': 0.8868064284324646, 'accuracy': 0.7522644996643066, 'l2_norm': 4.803622722625732, 'computation_time': 0.046582937240600586, 'batch_time': 0.059892053715884686, 'rtc_check_time': 0.012066002003848553, 'experiment_id': 'exp_20240619_193526', 'client_id': 2}
[2024-06-19 19:35:52,828][root][INFO] - Added data to batch for client 2: {'round': 2, 'step_no': 93, 'loss': 0.4962320923805237, 'accuracy': 0.7535714507102966, 'l2_norm': 4.874471187591553, 'computation_time': 0.0659339427947998, 'batch_time': 0.0716072349314345, 'rtc_check_time': 0.004306200004066341, 'experiment_id': 'exp_20240619_193526', 'client_id': 2}
[2024-06-19 19:35:52,829][root][INFO] - Added data to batch for client 2: {'round': 2, 'step_no': 94, 'loss': 0.3503504991531372, 'accuracy': 0.7557218074798584, 'l2_norm': 4.9451727867126465, 'computation_time': 0.05875205993652344, 'batch_time': 0.06142968220228795, 'rtc_check_time': 0.0014295010041678324, 'experiment_id': 'exp_20240619_193526', 'client_id': 2}
[2024-06-19 19:35:52,830][root][INFO] - Added data to batch for client 2: {'round': 2, 'step_no': 95, 'loss': 0.42589032649993896, 'accuracy': 0.7578125, 'l2_norm': 4.974578380584717, 'computation_time': 0.06596899032592773, 'batch_time': 0.06876831611589296, 'rtc_check_time': 0.0014854010005365126, 'experiment_id': 'exp_20240619_193526', 'client_id': 2}
[2024-06-19 19:35:52,830][root][INFO] - Added data to batch for client 2: {'round': 2, 'step_no': 96, 'loss': 0.5159956216812134, 'accuracy': 0.7594178318977356, 'l2_norm': 5.05372953414917, 'computation_time': 0.04854416847229004, 'batch_time': 0.05209626108262455, 'rtc_check_time': 0.0014192000016919337, 'experiment_id': 'exp_20240619_193526', 'client_id': 2}
[2024-06-19 19:35:52,831][root][INFO] - Added data to batch for client 2: {'round': 2, 'step_no': 97, 'loss': 0.33556169271469116, 'accuracy': 0.7614020109176636, 'l2_norm': 5.176497936248779, 'computation_time': 0.04338383674621582, 'batch_time': 0.05137918496620841, 'rtc_check_time': 0.006763201003195718, 'experiment_id': 'exp_20240619_193526', 'client_id': 2}
[2024-06-19 19:35:52,831][root][INFO] - Added batch data list for client 2. New Data Added: 74
[2024-06-19 19:35:52,832][root][INFO] - Batch data saved to /home/psklavos/fl/geom_aio/csv_logs/exp_20240619_193526/clients/client_2/batch.csv
[2024-06-19 19:35:52,832][root][INFO] - Appended data to last row of column distributed_loss in server data for client None
[2024-06-19 19:35:52,832][root][INFO] - Appended data to last row of column distributed_acc in server data for client None
[2024-06-19 19:35:52,832][root][INFO] - Appended {'distributed_loss': 0.4480602443218231, 'distributed_acc': 0.8628333409627279} to the last row of server data
[2024-06-19 19:35:52,833][root][INFO] - Server data saved to /home/psklavos/fl/geom_aio/csv_logs/exp_20240619_193526/server/server.csv
